α,β,θ,ρ
0.7299911629545408,1.6359155294550665,1.019908095690652,0.23373699861060745
0.7299911629545408,1.6359155294550665,0.9284844495528409,0.23373699861060745
0.7299911629545408,1.436337431418611,1.1029862416508414,0.23373699861060745
0.7299911629545408,1.436337431418611,1.151180295707929,0.23373699861060745
0.7299911629545408,1.436337431418611,1.0738861497299026,0.23373699861060745
0.7299911629545408,1.436337431418611,1.1236267456927946,0.23373699861060745
0.7299911629545408,1.436337431418611,1.3085038663454458,0.23373699861060745
0.7299911629545408,1.436337431418611,1.1795300831206053,0.23373699861060745
0.8588851167780829,1.436337431418611,1.0808749592486402,0.23373699861060745
0.8588851167780829,1.436337431418611,0.8005599719696811,0.23373699861060745
0.8588851167780829,1.436337431418611,1.21207496892186,0.23373699861060745
0.8588851167780829,1.436337431418611,0.9027891626467148,0.23373699861060745
0.8588851167780829,1.436337431418611,1.0764618850189511,0.23373699861060745
0.8588851167780829,1.436337431418611,1.009247204332716,0.23373699861060745
0.8588851167780829,1.436337431418611,1.0443254453553301,0.23373699861060745
0.8588851167780829,1.4879287840880062,0.9822929756632238,0.16215134355609426
0.8588851167780829,1.4879287840880062,0.8218736038144315,0.16215134355609426
0.8588851167780829,1.4879287840880062,0.9377255773613714,0.16215134355609426
0.8588851167780829,1.4879287840880062,0.8849951467809508,0.16215134355609426
0.8588851167780829,1.4879287840880062,0.896447086073108,0.16215134355609426
0.8588851167780829,1.4879287840880062,0.8262426235908993,0.16215134355609426
0.8588851167780829,1.4879287840880062,1.0138363919239823,0.16215134355609426
0.8588851167780829,1.4879287840880062,0.8139966367494148,0.16215134355609426
0.8588851167780829,1.4879287840880062,0.7811494791144553,0.16215134355609426
0.8588851167780829,1.4879287840880062,0.8979944892328016,0.16215134355609426
0.8588851167780829,1.4879287840880062,0.9160596217691814,0.16215134355609426
0.8588851167780829,1.4879287840880062,0.9909586993033247,0.16215134355609426
0.8588851167780829,1.4879287840880062,0.9411131186098824,0.16215134355609426
0.8588851167780829,1.4879287840880062,0.7504234060805636,0.16215134355609426
0.8588851167780829,1.4879287840880062,0.7898740174234714,0.16215134355609426
0.8588851167780829,1.4879287840880062,0.836472261321041,0.16215134355609426
0.8588851167780829,1.4879287840880062,0.8932413763999266,0.16215134355609426
0.8588851167780829,1.4879287840880062,0.8405996811485433,0.16215134355609426
0.8588851167780829,1.4879287840880062,0.8335378824318422,0.16215134355609426
0.8588851167780829,1.4879287840880062,0.9682871094853361,0.16215134355609426
0.8322299044436874,1.4879287840880062,0.8517896983919013,0.16215134355609426
0.7866247155446733,1.4879287840880062,0.8821294062370442,0.16215134355609426
0.7866247155446733,1.4879287840880062,0.8840847907115383,0.16215134355609426
0.7866247155446733,1.4879287840880062,1.0918225806616775,0.2777280525257269
0.7489484710084215,1.4879287840880062,1.1356100391250654,0.26245964417949924
0.7489484710084215,1.4879287840880062,1.0953933713436208,0.26245964417949924
0.7489484710084215,1.4879287840880062,1.0911969221914348,0.26245964417949924
0.7489484710084215,1.4879287840880062,0.9245271188350717,0.26245964417949924
0.7489484710084215,1.4879287840880062,1.0147186980858502,0.26245964417949924
0.7489484710084215,1.3666314833224902,1.2085818208000174,0.26245964417949924
0.7489484710084215,1.3666314833224902,1.4900891138019337,0.26245964417949924
0.7489484710084215,1.3666314833224902,1.5292966319859995,0.26245964417949924
0.7489484710084215,1.3666314833224902,1.1433475636265,0.26245964417949924
0.7489484710084215,1.3850415813736097,1.2696867868659156,0.26245964417949924
0.7489484710084215,1.3850415813736097,1.1485888451138675,0.26245964417949924
0.7489484710084215,1.3850415813736097,1.2191088572966273,0.26245964417949924
0.7489484710084215,1.3850415813736097,1.4015708980058006,0.26245964417949924
0.7489484710084215,1.3850415813736097,1.298019197521852,0.26245964417949924
0.7489484710084215,1.3850415813736097,1.2568773325352742,0.26245964417949924
0.7489484710084215,1.3850415813736097,1.1535121096393819,0.23448908713957015
0.7489484710084215,1.3850415813736097,1.2396759432002533,0.23448908713957015
0.7489484710084215,1.3850415813736097,1.4905103778678188,0.23448908713957015
0.7489484710084215,1.3850415813736097,1.2187008303285125,0.23448908713957015
0.7489484710084215,1.3850415813736097,1.3551906780656944,0.23448908713957015
0.7489484710084215,1.3850415813736097,1.6280600135271632,0.23448908713957015
0.7489484710084215,1.3850415813736097,1.0625420271735093,0.23448908713957015
0.7489484710084215,1.3850415813736097,1.168933231249094,0.23448908713957015
0.7489484710084215,1.3850415813736097,1.1660164024542725,0.23448908713957015
0.7489484710084215,1.3850415813736097,1.3034135128661257,0.23448908713957015
0.7489484710084215,1.3850415813736097,1.0452283738521773,0.23448908713957015
0.7489484710084215,1.3850415813736097,1.3660202445973795,0.233742034170439
0.7489484710084215,1.3850415813736097,1.1344375319709812,0.233742034170439
0.7489484710084215,1.3850415813736097,1.2302081708025092,0.18852601758132592
0.7489484710084215,1.3850415813736097,1.2070158911144968,0.18852601758132592
0.7489484710084215,1.460550007122737,1.1252343234856343,0.18852601758132592
0.7489484710084215,1.460550007122737,0.9828605581214244,0.18852601758132592
0.7489484710084215,1.460550007122737,1.0807386222941422,0.18852601758132592
0.7489484710084215,1.460550007122737,0.9011404806506698,0.18852601758132592
0.5998136982817471,1.460550007122737,1.1567603478559905,0.18852601758132592
0.5998136982817471,1.460550007122737,1.3980087747980572,0.18852601758132592
0.5998136982817471,1.460550007122737,1.283838788946265,0.18852601758132592
0.5998136982817471,1.460550007122737,1.33150560433951,0.18852601758132592
0.5998136982817471,1.4994893045867204,1.4700054855669211,0.18852601758132592
0.5998136982817471,1.4994893045867204,1.2203414212480863,0.18852601758132592
0.5936272692434723,1.4994893045867204,1.2403443737245212,0.18852601758132592
0.5936272692434723,1.4994893045867204,1.0993198350137194,0.18852601758132592
0.5936272692434723,1.4994893045867204,1.147053717685146,0.18852601758132592
0.5802781850458201,1.4994893045867204,1.1506336227093206,0.18852601758132592
0.5802781850458201,1.4994893045867204,1.2734559845222597,0.18852601758132592
0.5802781850458201,1.4994893045867204,1.2854295635101665,0.18852601758132592
0.5802781850458201,1.4994893045867204,1.301915075853575,0.18852601758132592
0.5802781850458201,1.4994893045867204,1.329493905955624,0.18852601758132592
0.5802781850458201,1.4994893045867204,1.3671060634964345,0.18852601758132592
0.5802781850458201,1.4994893045867204,1.132398593024905,0.18852601758132592
0.5802781850458201,1.4994893045867204,1.1639098356213755,0.18852601758132592
0.5802781850458201,1.4994893045867204,1.1529264623167028,0.18852601758132592
0.5802781850458201,1.4994893045867204,1.2453511373982418,0.18852601758132592
0.4026128605015028,1.4994893045867204,1.8130991453329268,0.18852601758132592
0.4026128605015028,1.4994893045867204,1.1517364129055339,0.18852601758132592
0.4026128605015028,1.4994893045867204,1.9966862126758262,0.18852601758132592
0.4026128605015028,1.4994893045867204,1.590046379680387,0.18852601758132592
0.4026128605015028,1.4994893045867204,1.769303106593322,0.18852601758132592
0.4026128605015028,1.4994893045867204,1.857239962318786,0.18852601758132592
0.4026128605015028,1.4994893045867204,2.04869745960524,0.18852601758132592
0.4026128605015028,1.4994893045867204,1.449396600075292,0.18852601758132592
0.4026128605015028,1.4994893045867204,2.097198480597149,0.18852601758132592
0.4026128605015028,1.4994893045867204,1.6211560489904755,0.18852601758132592
0.4026128605015028,1.4994893045867204,1.7992897632746647,0.18852601758132592
0.4026128605015028,1.4994893045867204,1.8943045029899994,0.18852601758132592
0.5456267550359477,1.4994893045867204,1.7062876208152116,0.18852601758132592
0.5456267550359477,1.4994893045867204,1.3011333520815034,0.18852601758132592
0.5456267550359477,1.4994893045867204,1.8110816859058088,0.18852601758132592
0.5456267550359477,1.4994893045867204,1.4142042273634978,0.18852601758132592
0.5456267550359477,1.4994893045867204,1.1317755848564055,0.18852601758132592
0.6563226336761936,1.4994893045867204,1.2404427437606405,0.18852601758132592
0.6563226336761936,1.6588325481918758,0.9587568096417404,0.18852601758132592
0.6563226336761936,1.6588325481918758,0.7748307448823561,0.18852601758132592
0.6563226336761936,1.6588325481918758,0.7904245680397056,0.18852601758132592
0.6481288856455804,1.6588325481918758,0.8216358746656051,0.18852601758132592
0.6481288856455804,1.6588325481918758,1.0513696975941313,0.18852601758132592
0.6481288856455804,1.6588325481918758,0.8773197473203987,0.18852601758132592
0.6481288856455804,1.6548731288461964,0.9563484434584445,0.18852601758132592
0.6481288856455804,1.6548731288461964,1.0498172716654506,0.18852601758132592
0.6481288856455804,1.6548731288461964,0.8461668203463483,0.18852601758132592
0.6481288856455804,1.6548731288461964,0.9778094058739125,0.18164642596057876
0.6481288856455804,1.6548731288461964,0.9420637155184748,0.18164642596057876
0.6481288856455804,1.6548731288461964,0.8955580879420133,0.18164642596057876
0.6481288856455804,1.6899134966832408,0.8107332033669017,0.18164642596057876
0.6481288856455804,1.6899134966832408,0.7628730043435895,0.18164642596057876
0.6481288856455804,1.6899134966832408,0.7491958793489019,0.18164642596057876
0.6481288856455804,1.6899134966832408,0.8287934175167757,0.18164642596057876
0.6481288856455804,1.6899134966832408,0.749062982570969,0.18164642596057876
0.6481288856455804,1.6899134966832408,0.7602345465184168,0.2059005308605547
0.6481288856455804,1.6899134966832408,0.9359493841432363,0.25848728831700657
0.6481288856455804,1.6899134966832408,0.7697467658902388,0.25848728831700657
0.6481288856455804,1.6899134966832408,0.7853746642605995,0.25848728831700657
0.6552261246588322,1.6899134966832408,0.8218558751594027,0.25848728831700657
0.6552261246588322,1.6899134966832408,0.9930347983350288,0.25848728831700657
0.6552261246588322,1.6899134966832408,0.8089917921429202,0.25848728831700657
0.6552261246588322,1.6899134966832408,0.8378865762338065,0.25848728831700657
0.6552261246588322,1.6899134966832408,0.8179149074955234,0.25848728831700657
0.6552261246588322,1.6899134966832408,0.8582250245590455,0.25848728831700657
0.6552261246588322,1.6899134966832408,0.7797882673173216,0.25848728831700657
0.6552261246588322,1.6899134966832408,0.8798945741579451,0.25848728831700657
0.6552261246588322,1.6899134966832408,0.8057345301055173,0.25848728831700657
0.6552261246588322,1.6899134966832408,0.7921466420237763,0.25848728831700657
0.6552261246588322,1.6899134966832408,0.8305247329705098,0.25848728831700657
0.7410262972386596,1.6899134966832408,0.830962105099704,0.25848728831700657
0.7410262972386596,1.6899134966832408,0.8314171131375729,0.25848728831700657
0.7410262972386596,1.6899134966832408,0.7170482472344112,0.25848728831700657
0.7410262972386596,1.6899134966832408,0.764999300362023,0.25848728831700657
0.7410262972386596,1.6899134966832408,0.6422230235397839,0.25848728831700657
0.7410262972386596,1.6899134966832408,0.7583151492940018,0.25848728831700657
0.7410262972386596,1.6899134966832408,0.8059759581516774,0.25848728831700657
0.7410262972386596,1.6899134966832408,0.7442437317629097,0.25848728831700657
0.7410262972386596,1.6899134966832408,0.8311109094733186,0.25848728831700657
0.7410262972386596,1.6899134966832408,0.8019397676146016,0.25848728831700657
0.7410262972386596,1.6899134966832408,0.6876696206391008,0.25848728831700657
0.9014469746369927,1.6899134966832408,0.633948539934656,0.25848728831700657
0.9014469746369927,1.6899134966832408,0.6067835827493054,0.25848728831700657
0.9014469746369927,1.6899134966832408,0.6145988519339095,0.25848728831700657
0.9014469746369927,1.6899134966832408,0.6016409374514109,0.28723299479495157
0.9014469746369927,1.6899134966832408,0.6445145716099538,0.265793852630483
0.9014469746369927,1.6899134966832408,0.6687595535641453,0.265793852630483
0.9014469746369927,1.6899134966832408,0.6502482967094659,0.265793852630483
0.9014469746369927,1.6899134966832408,0.6774983368818268,0.3640417086362695
0.9014469746369927,1.6899134966832408,0.8202581482954878,0.3640417086362695
0.9014469746369927,1.6899134966832408,0.7678036279114326,0.3640417086362695
0.9014469746369927,1.6899134966832408,0.707986815356602,0.3640417086362695
0.9014469746369927,1.6899134966832408,0.7981487869099088,0.3640417086362695
0.9014469746369927,1.6899134966832408,0.6844708462142131,0.3640417086362695
0.9014469746369927,1.6899134966832408,0.726910209357054,0.3640417086362695
0.9014469746369927,1.6899134966832408,0.618406385354441,0.3640417086362695
0.9014469746369927,1.6899134966832408,0.6889067662587991,0.3640417086362695
0.9014469746369927,1.6899134966832408,0.6912356176728411,0.3640417086362695
0.9014469746369927,1.6899134966832408,0.7361273637704384,0.3640417086362695
0.8504744293608654,1.6899134966832408,0.6938987429638866,0.3640417086362695
0.8206000250326626,1.6643686932788258,0.7972618092728623,0.3624347981481824
0.8206000250326626,1.6643686932788258,0.8764877931131334,0.3624347981481824
0.8206000250326626,1.6643686932788258,0.7661063064990856,0.3624347981481824
0.8206000250326626,1.551553522928991,1.0112054829018386,0.3624347981481824
0.8206000250326626,1.551553522928991,0.8876979092798262,0.3624347981481824
0.8206000250326626,1.551553522928991,1.0271625621179443,0.3624347981481824
0.8206000250326626,1.551553522928991,1.0934586827998685,0.3624347981481824
0.8206000250326626,1.551553522928991,0.9569963223634642,0.3624347981481824
0.8206000250326626,1.5888607767909388,0.869652217043821,0.3624347981481824
0.8662136118433444,1.5888607767909388,0.9327161803453516,0.3624347981481824
0.8662136118433444,1.5888607767909388,0.8021681934637902,0.3624347981481824
0.8662136118433444,1.6304687417550168,0.7716674509817205,0.3624347981481824
0.8662136118433444,1.6304687417550168,0.8103961121460093,0.3624347981481824
0.8662136118433444,1.6304687417550168,0.8878031704765245,0.30782260010324664
0.9232484918893162,1.6304687417550168,0.7277444663103114,0.30782260010324664
0.9232484918893162,1.6304687417550168,0.759183620441274,0.30782260010324664
0.9232484918893162,1.6304687417550168,0.6109960770272733,0.30782260010324664
0.9232484918893162,1.6304687417550168,0.6995839815686035,0.24721800758115017
0.9232484918893162,1.6304687417550168,0.7421074513979983,0.24721800758115017
0.9232484918893162,1.6304687417550168,0.7139741478787093,0.24721800758115017
0.9232484918893162,1.6304687417550168,0.7484167157460484,0.24721800758115017
0.7834529971534845,1.6304687417550168,0.7340176668476989,0.24721800758115017
0.7834529971534845,1.6304687417550168,0.7469385234968451,0.24721800758115017
0.714946730527717,1.6304687417550168,0.7860004595076443,0.24721800758115017
0.714946730527717,1.6304687417550168,0.8888417332131818,0.24721800758115017
0.714946730527717,1.6304687417550168,0.9438004323177166,0.24721800758115017
0.714946730527717,1.6951403304813233,0.7976253714794771,0.24721800758115017
0.714946730527717,1.6951403304813233,0.838913979086542,0.24721800758115017
0.714946730527717,1.6951403304813233,0.8073076858800599,0.24721800758115017
0.714946730527717,1.6951403304813233,0.7351349888681584,0.24721800758115017
0.6085843836223361,1.6951403304813233,0.8798450423684839,0.24721800758115017
0.6085843836223361,1.6951403304813233,0.8538295909389363,0.24721800758115017
0.6085843836223361,1.6951403304813233,0.8195196166078629,0.24721800758115017
0.6085843836223361,1.6951403304813233,1.0626598581320392,0.24721800758115017
0.6085843836223361,1.6951403304813233,0.9190132120301747,0.24721800758115017
0.6085843836223361,1.6951403304813233,0.8577314443668356,0.24721800758115017
0.6085843836223361,1.6951403304813233,0.8270551709309409,0.24721800758115017
0.6085843836223361,1.6951403304813233,0.9219277359897843,0.2753377508654049
0.6751811347227414,1.6951403304813233,1.055377492118527,0.2753377508654049
0.6751811347227414,1.6951403304813233,0.8972347237069028,0.2753377508654049
0.6751811347227414,1.6951403304813233,0.8712101501177415,0.2753377508654049
0.6751811347227414,1.6951403304813233,0.8101402403604231,0.2753377508654049
0.6751811347227414,1.6951403304813233,0.8727290866534713,0.2753377508654049
0.6751811347227414,1.6951403304813233,0.8382606540767767,0.2753377508654049
0.6751811347227414,1.6951403304813233,1.042802968912114,0.2753377508654049
0.6751811347227414,1.6951403304813233,0.9078338379344119,0.2753377508654049
0.6751811347227414,1.6951403304813233,0.8186936144325001,0.2753377508654049
0.6751811347227414,1.6951403304813233,0.7779399044977627,0.2753377508654049
0.6751811347227414,1.6951403304813233,0.7724116877580404,0.2753377508654049
0.6297938734405241,1.6951403304813233,0.8418147752731004,0.2753377508654049
0.6297938734405241,1.6951403304813233,0.8501890530307565,0.2753377508654049
0.6297938734405241,1.6951403304813233,1.009460576254154,0.2753377508654049
0.6297938734405241,1.6951403304813233,1.0624068361854773,0.36572915318280835
0.6297938734405241,1.6951403304813233,0.9325261310872381,0.36572915318280835
0.6297938734405241,1.66166781075581,1.0288261612903553,0.36572915318280835
0.6297938734405241,1.66166781075581,1.0023624177329693,0.36572915318280835
0.6297938734405241,1.66166781075581,1.0857462942900944,0.3458083418994722
0.6297938734405241,1.66166781075581,0.968321686510304,0.2705544341909532
0.6297938734405241,1.66166781075581,1.158997584183157,0.2705544341909532
0.6297938734405241,1.66166781075581,0.975361082200613,0.2705544341909532
0.7053336766454589,1.66166781075581,0.9013150757393287,0.2705544341909532
0.7053336766454589,1.66166781075581,0.8267052742887332,0.2705544341909532
0.7053336766454589,1.66166781075581,0.9598340226170043,0.2705544341909532
0.7053336766454589,1.66166781075581,0.733890796874664,0.2705544341909532
0.7053336766454589,1.66166781075581,0.894279453505433,0.2705544341909532
0.7053336766454589,1.66166781075581,0.7247363268368233,0.2705544341909532
0.7053336766454589,1.66166781075581,0.8167312616053403,0.2705544341909532
0.7053336766454589,1.66166781075581,0.8646396538162647,0.2705544341909532
0.7053336766454589,1.66166781075581,0.9614874411776428,0.2705544341909532
0.7053336766454589,1.66166781075581,0.8289129917130713,0.2705544341909532
0.7053336766454589,1.66166781075581,0.7625019380589895,0.2705544341909532
0.7053336766454589,1.66166781075581,0.894066900439537,0.2705544341909532
0.7053336766454589,1.66166781075581,0.9977157158567538,0.2705544341909532
0.7053336766454589,1.66166781075581,0.7995596980961814,0.2705544341909532
0.7053336766454589,1.66166781075581,0.7871862150948571,0.22079935045886948
0.7053336766454589,1.66166781075581,0.7940083453276938,0.22079935045886948
0.7053336766454589,1.66166781075581,0.794081297560308,0.22079935045886948
0.7053336766454589,1.66166781075581,0.794986449279514,0.22079935045886948
0.7053336766454589,1.66166781075581,0.8529681387951096,0.22079935045886948
0.7053336766454589,1.4608057368213996,0.977514333155069,0.22079935045886948
0.7053336766454589,1.4608057368213996,1.1227069455184933,0.16670289700373514
0.7053336766454589,1.4608057368213996,0.9546114264210172,0.16670289700373514
0.7053336766454589,1.4608057368213996,1.0238379667988344,0.16670289700373514
0.7053336766454589,1.4608057368213996,1.2945163193670182,0.16670289700373514
0.7053336766454589,1.4608057368213996,0.9905873547629248,0.16670289700373514
0.7053336766454589,1.4608057368213996,0.9623880941138181,0.16670289700373514
0.7462491896932704,1.3616533640446418,1.169495656937533,0.16670289700373514
0.7462491896932704,1.3616533640446418,1.1058771840935946,0.16670289700373514
0.7462491896932704,1.3616533640446418,1.2656230354609455,0.16670289700373514
0.7462491896932704,1.3166527843590683,1.2607487751805855,0.16670289700373514
0.7462491896932704,1.3166527843590683,1.2774825395042402,0.16670289700373514
1.0217550123422043,1.3166527843590683,1.0987461597929142,0.16670289700373514
0.9409699295750021,1.3166527843590683,1.0678627471803486,0.16670289700373514
0.9409699295750021,1.3166527843590683,0.9754483224798028,0.16670289700373514
0.833341620897941,1.3166527843590683,0.9608998277226927,0.16670289700373514
0.833341620897941,1.3166527843590683,1.3645170375751163,0.16670289700373514
0.833341620897941,1.3166527843590683,1.1084895138092752,0.16670289700373514
0.833341620897941,1.3166527843590683,1.132624673447051,0.16670289700373514
0.833341620897941,1.3166527843590683,0.9929704280415329,0.1621135391468859
0.833341620897941,1.3166527843590683,1.071998744532204,0.1621135391468859
0.833341620897941,1.345558266918928,1.0088181864344046,0.1621135391468859
0.833341620897941,1.345558266918928,1.0852540124932921,0.1468151227359656
0.833341620897941,1.345558266918928,1.1458108390439445,0.1468151227359656
0.833341620897941,1.345558266918928,1.0771709979787514,0.1468151227359656
0.833341620897941,1.345558266918928,1.085110155534772,0.1468151227359656
0.833341620897941,1.345558266918928,1.0750969564332429,0.1468151227359656
0.833341620897941,1.345558266918928,1.1165229160147931,0.1468151227359656
0.833341620897941,1.2676737464092371,1.2300386083328492,0.1468151227359656
0.833341620897941,1.2676737464092371,1.3311090191641244,0.1468151227359656
0.833341620897941,1.2676737464092371,0.9905056717596074,0.1468151227359656
0.833341620897941,1.2676737464092371,1.263476122064895,0.1713540025928038
0.833341620897941,1.2676737464092371,1.303672599946236,0.1713540025928038
0.833341620897941,1.2676737464092371,1.3258972622771468,0.1713540025928038
0.833341620897941,1.2676737464092371,1.4793088686752385,0.1713540025928038
0.833341620897941,1.2676737464092371,1.2251274467848416,0.1713540025928038
0.833341620897941,1.2676737464092371,1.3659829938845043,0.1713540025928038
0.7349706219429708,1.2676737464092371,1.2841542386658704,0.1713540025928038
0.7349706219429708,1.1802313467678847,1.5072568284698677,0.1713540025928038
0.7349706219429708,1.1758509501111614,1.6551699254065355,0.1713540025928038
0.7349706219429708,1.2534299708650922,1.5535371166235434,0.1713540025928038
0.7349706219429708,1.395766197906156,1.4170260599896902,0.1713540025928038
0.7349706219429708,1.395766197906156,1.419402391562815,0.1713540025928038
0.7349706219429708,1.395766197906156,1.4891867876278682,0.1713540025928038
0.7349706219429708,1.395766197906156,1.0927807582605689,0.1713540025928038
0.7349706219429708,1.5038455945931926,1.1153124037808346,0.1713540025928038
0.7349706219429708,1.3792367397013932,1.143997317846138,0.1713540025928038
0.7349706219429708,1.3792367397013932,1.2799297745583145,0.1713540025928038
0.7349706219429708,1.3792367397013932,1.1660583884207243,0.1713540025928038
0.7349706219429708,1.3792367397013932,1.0631718624391782,0.1713540025928038
0.7349706219429708,1.3792367397013932,1.3074251081278998,0.1713540025928038
0.7349706219429708,1.3792367397013932,1.2373480078882373,0.1740801894941348
0.7349706219429708,1.3792367397013932,1.1522370356350307,0.1740801894941348
0.7349706219429708,1.4762214964532379,0.9976966030607692,0.1740801894941348
0.7349706219429708,1.4762214964532379,0.8882166692461081,0.1740801894941348
0.7349706219429708,1.4420211794724893,0.9096341532045721,0.1740801894941348
0.7349706219429708,1.4420211794724893,1.039321190885869,0.1740801894941348
0.7349706219429708,1.4420211794724893,1.32825120921836,0.1740801894941348
0.7349706219429708,1.4420211794724893,1.1021667106314088,0.1959893401131368
0.7349706219429708,1.4420211794724893,1.214370302696086,0.1959893401131368
0.7349706219429708,1.4420211794724893,1.260453846797261,0.1959893401131368
0.7349706219429708,1.4420211794724893,1.1277350671533808,0.1959893401131368
0.7349706219429708,1.4420211794724893,1.0341097257664496,0.1959893401131368
0.7349706219429708,1.4420211794724893,1.0105427186653198,0.1959893401131368
0.661369000441888,1.4420211794724893,1.0755982734583915,0.1959893401131368
0.661369000441888,1.4420211794724893,1.1796688937280637,0.1959893401131368
0.661369000441888,1.4420211794724893,1.2817899906845254,0.1959893401131368
0.661369000441888,1.4420211794724893,1.3866466954525947,0.1959893401131368
0.8907136852012488,1.4420211794724893,1.036663826106003,0.1959893401131368
0.8907136852012488,1.4420211794724893,1.0028686057549938,0.1959893401131368
0.8907136852012488,1.401403159488871,0.9674979553612064,0.1959893401131368
0.8907136852012488,1.401403159488871,1.0662752991364075,0.1959893401131368
0.8207743619602791,1.401403159488871,0.8263204960211213,0.1959893401131368
0.8207743619602791,1.401403159488871,1.0779535833493918,0.1435917793673606
0.8207743619602791,1.401403159488871,0.8787933275544201,0.1435917793673606
0.8207743619602791,1.3525810275835524,0.9945420517074223,0.1435917793673606
0.8207743619602791,1.3525810275835524,1.2437659906172598,0.1435917793673606
0.8207743619602791,1.3525810275835524,1.1720087733493831,0.1435917793673606
0.8207743619602791,1.22080235373433,0.9325675917109758,0.1435917793673606
0.8207743619602791,1.3308946154403174,1.3127156753666982,0.1435917793673606
0.8207743619602791,1.3308946154403174,1.048696872242988,0.1435917793673606
0.8207743619602791,1.3308946154403174,1.2090850932350365,0.18557758878611597
0.8207743619602791,1.3308946154403174,1.1263851096474318,0.18557758878611597
0.8207743619602791,1.3308946154403174,1.2874554832955554,0.19519410565507533
0.8207743619602791,1.3308946154403174,1.182196689707143,0.19519410565507533
0.8207743619602791,1.3308946154403174,0.9569671029988993,0.19519410565507533
0.8207743619602791,1.3308946154403174,1.2310615459160597,0.19519410565507533
0.8207743619602791,1.3308946154403174,1.2931688128690038,0.19519410565507533
0.8207743619602791,1.3308946154403174,1.2641884307174536,0.19519410565507533
0.8207743619602791,1.3308946154403174,1.3941186400639696,0.19519410565507533
0.8207743619602791,1.3308946154403174,1.0915908159446102,0.19519410565507533
0.7651590397997686,1.3308946154403174,1.0856649927990552,0.19519410565507533
0.7651590397997686,1.3308946154403174,1.2862917455289424,0.19519410565507533
0.7651590397997686,1.3308946154403174,1.3224896141568152,0.19519410565507533
0.675710016014341,1.3308946154403174,1.5259876298713015,0.19519410565507533
0.675710016014341,1.3308946154403174,1.420865998304472,0.19519410565507533
0.675710016014341,1.3308946154403174,1.422551863773943,0.19519410565507533
0.675710016014341,1.3308946154403174,1.5440097992620536,0.14780191817540844
0.675710016014341,1.3308946154403174,1.1988174646330059,0.14780191817540844
0.675710016014341,1.3308946154403174,1.7019949391236753,0.14780191817540844
0.675710016014341,1.3308946154403174,1.6776529804400289,0.14780191817540844
0.675710016014341,1.3308946154403174,1.1330680651091325,0.14780191817540844
0.75981406445025,1.3308946154403174,1.2681095545061074,0.14780191817540844
0.75981406445025,1.3308946154403174,1.4004063940152047,0.14780191817540844
0.7672358990430374,1.3308946154403174,1.107152011207668,0.14849974222474288
0.7672358990430374,1.3861510164782773,0.9885659647064838,0.14849974222474288
0.7672358990430374,1.455370982330324,0.9951635294559356,0.14849974222474288
0.7672358990430374,1.455370982330324,1.0963261346217423,0.14849974222474288
0.7672358990430374,1.455370982330324,1.197433038864279,0.14849974222474288
0.7672358990430374,1.455370982330324,1.2006964289640956,0.14849974222474288
0.7672358990430374,1.2076896103656116,1.2240960409490826,0.14849974222474288
0.7672358990430374,1.2076896103656116,1.5935034979516025,0.14849974222474288
0.6906556272992839,1.2076896103656116,1.627003478315251,0.14849974222474288
0.6906556272992839,1.2076896103656116,2.070318030005284,0.14849974222474288
0.6906556272992839,1.2076896103656116,1.6363246679276686,0.14849974222474288
0.6906556272992839,1.2076896103656116,1.542922650782823,0.14849974222474288
0.6906556272992839,1.2076896103656116,1.9622574512698012,0.14849974222474288
0.6906556272992839,1.2076896103656116,1.8845557783492661,0.14849974222474288
0.6906556272992839,1.2076896103656116,1.7447087945820587,0.14849974222474288
0.6906556272992839,1.2076896103656116,1.3539868689627115,0.14849974222474288
0.6906556272992839,1.2076896103656116,1.7732585876668987,0.14849974222474288
0.8217478734022895,1.2076896103656116,1.6406869249525953,0.14849974222474288
0.8217478734022895,1.2076896103656116,1.375869473625186,0.14849974222474288
0.8217478734022895,1.2076896103656116,1.554471744996973,0.14849974222474288
0.8217478734022895,1.2076896103656116,1.5328569788805646,0.14849974222474288
0.8217478734022895,1.2076896103656116,1.5104578887060585,0.14849974222474288
0.8217478734022895,1.2076896103656116,1.5239773287073395,0.14849974222474288
0.8217478734022895,1.2076896103656116,1.260206472707449,0.14849974222474288
0.8217478734022895,1.2076896103656116,1.3724260152123586,0.14849974222474288
0.869920662146993,1.2076896103656116,1.2231512357305456,0.14849974222474288
0.869920662146993,1.2076896103656116,1.0156351757420632,0.14849974222474288
0.869920662146993,1.2076896103656116,1.1856556956521027,0.14849974222474288
0.869920662146993,1.2076896103656116,1.2380429298212527,0.14849974222474288
0.869920662146993,1.2076896103656116,1.239409364478064,0.14849974222474288
0.9452469593997483,1.2076896103656116,1.4280394616356131,0.14849974222474288
0.9452469593997483,1.2076896103656116,1.2574904361893398,0.14849974222474288
0.9452469593997483,1.0493471043462443,1.2824880527830964,0.14849974222474288
0.9452469593997483,1.0493471043462443,1.6330370854710252,0.14849974222474288
0.9374625181858462,1.0493471043462443,2.2016113525876846,0.14849974222474288
0.9374625181858462,1.0270874119261313,1.7821487111528365,0.14849974222474288
0.9374625181858462,1.0270874119261313,1.2770586855678043,0.14849974222474288
0.9374625181858462,1.0270874119261313,1.3795193406525688,0.14849974222474288
0.9374625181858462,1.0270874119261313,2.21990788153559,0.14849974222474288
0.9374625181858462,1.020466480168668,1.4492454377158954,0.14849974222474288
0.9374625181858462,1.020466480168668,1.5482242324454196,0.14849974222474288
0.9374625181858462,1.020466480168668,1.6435251665476296,0.14849974222474288
0.9374625181858462,1.020466480168668,1.706938340410993,0.14849974222474288
0.9374625181858462,1.020466480168668,1.7591113783639225,0.14849974222474288
0.9374625181858462,1.020466480168668,1.7785948014911592,0.14849974222474288
0.9374625181858462,1.020466480168668,1.4202017449090312,0.14849974222474288
0.9374625181858462,1.020466480168668,1.8105758967892358,0.14849974222474288
1.0532375728512549,1.020466480168668,1.635735535371992,0.14849974222474288
1.0532375728512549,1.020466480168668,1.326652249140593,0.14849974222474288
1.0532375728512549,1.020466480168668,1.2341107809342486,0.14849974222474288
1.0532375728512549,1.020466480168668,1.5514019734922246,0.14849974222474288
1.0532375728512549,1.020466480168668,1.2235342878714985,0.14849974222474288
1.4493452280137256,1.020466480168668,1.197825163197283,0.14849974222474288
1.4493452280137256,1.020466480168668,1.1486039665384078,0.14849974222474288
1.7541877307273115,1.020466480168668,0.7765347532062138,0.14849974222474288
1.7541877307273115,1.020466480168668,0.9563452972009818,0.14849974222474288
1.7541877307273115,1.020466480168668,1.0595761138008357,0.14849974222474288
1.83007205582487,1.020466480168668,0.8287565723031008,0.14849974222474288
1.83007205582487,1.020466480168668,0.970435352775345,0.14849974222474288
1.83007205582487,1.020466480168668,0.993612875095871,0.14849974222474288
1.83007205582487,1.020466480168668,0.8895577168855928,0.14849974222474288
1.0451714994308614,1.020466480168668,0.8616439780848337,0.14849974222474288
1.0451714994308614,1.020466480168668,1.3164966187514757,0.14849974222474288
1.0451714994308614,1.020466480168668,1.5724351060215827,0.14849974222474288
1.0451714994308614,1.020466480168668,1.2547038925636078,0.14849974222474288
1.0451714994308614,1.1521237474246921,1.2411933490646785,0.14849974222474288
1.0451714994308614,1.1521237474246921,1.1390101218634583,0.14849974222474288
1.0451714994308614,1.1521237474246921,1.3269248240710683,0.14849974222474288
1.0451714994308614,1.1521237474246921,1.1979740626540574,0.14849974222474288
1.0451714994308614,1.1521237474246921,1.001765121798084,0.14849974222474288
1.0451714994308614,1.1521237474246921,1.1999876952705035,0.14849974222474288
1.0451714994308614,1.3227413368401486,1.0951732803330534,0.14849974222474288
1.0451714994308614,1.3227413368401486,0.9464298813734262,0.14849974222474288
1.0451714994308614,1.3227413368401486,0.8902186240235744,0.14849974222474288
1.0451714994308614,1.3227413368401486,0.9179443621305116,0.14849974222474288
1.0451714994308614,1.3227413368401486,0.8875890786857946,0.14849974222474288
1.0451714994308614,1.3227413368401486,0.8384364851246127,0.14849974222474288
1.0451714994308614,1.3227413368401486,0.8656723647146524,0.14849974222474288
1.0451714994308614,1.3227413368401486,0.8524506150523561,0.14849974222474288
1.0451714994308614,1.3227413368401486,0.9029879382022422,0.14849974222474288
1.0451714994308614,1.3227413368401486,0.7851184023670699,0.14849974222474288
1.0451714994308614,1.3227413368401486,0.9223066858539095,0.14849974222474288
1.0451714994308614,1.3227413368401486,0.885864308077769,0.14849974222474288
1.0451714994308614,1.3227413368401486,0.8166494094590158,0.18349424048581264
1.0451714994308614,1.3227413368401486,1.1544542133554696,0.18349424048581264
1.0451714994308614,1.3227413368401486,1.091140278103321,0.18349424048581264
1.0451714994308614,1.3227413368401486,0.8829893723451467,0.18349424048581264
1.0451714994308614,1.3227413368401486,0.9316305110029975,0.18349424048581264
1.0451714994308614,1.3294481196811674,1.0402133724761973,0.18349424048581264
1.0451714994308614,1.3294481196811674,0.9794188862801838,0.18349424048581264
1.0451714994308614,1.3294481196811674,1.116281041760735,0.18349424048581264
1.0451714994308614,1.3294481196811674,0.9669142402787707,0.18349424048581264
1.0451714994308614,1.3294481196811674,1.0181972939736594,0.18349424048581264
1.0451714994308614,1.3294481196811674,0.9798410053541992,0.16194649335914454
1.0451714994308614,1.3294481196811674,1.1690506477803198,0.20615438588480706
1.0451714994308614,1.3294481196811674,1.0171260303263832,0.20615438588480706
1.0451714994308614,1.3294481196811674,0.9451825224364657,0.21792378801669504
1.0451714994308614,1.3294481196811674,0.8377934091746764,0.21792378801669504
1.0451714994308614,1.3294481196811674,0.8095523172677233,0.21792378801669504
1.1036855182344545,1.3294481196811674,0.948619938933,0.21792378801669504
1.015859773812706,1.3294481196811674,1.1069969050381874,0.21792378801669504
1.015859773812706,1.3294481196811674,0.975765601133372,0.16192206164483186
1.1723591957310138,1.3294481196811674,0.813431814736668,0.16192206164483186
1.1723591957310138,1.3294481196811674,0.8326596411389036,0.16192206164483186
1.1414669280784295,1.3294481196811674,0.7782143655087487,0.16192206164483186
1.1414669280784295,1.3294481196811674,0.868148953897539,0.16192206164483186
1.1414669280784295,1.3294481196811674,0.743558373262233,0.16192206164483186
1.1414669280784295,1.2457437286237363,0.8824236515051428,0.16192206164483186
1.1414669280784295,1.2457437286237363,0.9226034845543577,0.16192206164483186
0.8857577447891287,1.2457437286237363,1.2752736156227336,0.16192206164483186
0.8857577447891287,1.2457437286237363,1.1719782594041868,0.16192206164483186
0.8700680178728117,1.2457437286237363,1.2115413432307531,0.16192206164483186
0.8700680178728117,1.2457437286237363,1.5815629876217479,0.16192206164483186
0.8700680178728117,1.2457437286237363,1.3528194891736467,0.16192206164483186
0.8613345134732971,1.2457437286237363,1.219670499713074,0.16192206164483186
0.5813397492612823,1.2457437286237363,1.6446957856888715,0.16192206164483186
0.5813397492612823,1.4049996208884636,1.9183586631199436,0.16192206164483186
0.5813397492612823,1.4049996208884636,1.603203808773578,0.16192206164483186
0.5813397492612823,1.4049996208884636,1.5304391712783076,0.16192206164483186
0.5813397492612823,1.4049996208884636,1.7632818192608248,0.16192206164483186
0.5813397492612823,1.4049996208884636,1.3025560900069877,0.16192206164483186
0.5813397492612823,1.4049996208884636,1.0776190381776007,0.16192206164483186
0.5813397492612823,1.4049996208884636,1.3742996322390857,0.16192206164483186
0.5813397492612823,1.4049996208884636,1.589578931368388,0.16192206164483186
0.6564227948225141,1.4049996208884636,1.3854420822116462,0.16192206164483186
0.5848530720337076,1.4049996208884636,1.3820157219545306,0.16192206164483186
0.5848530720337076,1.4049996208884636,1.1416025876523126,0.16192206164483186
0.5848530720337076,1.4049996208884636,1.1181993702140036,0.16192206164483186
0.5848530720337076,1.4049996208884636,1.4387903709000212,0.16192206164483186
0.5848530720337076,1.4049996208884636,1.5605582080723186,0.16192206164483186
0.5848530720337076,1.4049996208884636,1.2726788591323368,0.16192206164483186
0.5848530720337076,1.4049996208884636,1.4705898697188202,0.16192206164483186
0.5848530720337076,1.386845005723403,1.5523539280782344,0.16192206164483186
0.5848530720337076,1.386845005723403,1.7048981377876826,0.16192206164483186
0.6286758632922455,1.386845005723403,1.0899120106036413,0.16192206164483186
0.6286758632922455,1.386845005723403,1.393803561144874,0.16192206164483186
0.6286758632922455,1.4621028642555893,1.1559584485762837,0.16192206164483186
0.6286758632922455,1.4621028642555893,1.218472822937134,0.16192206164483186
0.6286758632922455,1.4621028642555893,1.1357945180095892,0.16192206164483186
0.6286758632922455,1.4621028642555893,1.0357407366826659,0.16192206164483186
0.6286758632922455,1.4304950902645828,1.0791921698407996,0.16192206164483186
0.6286758632922455,1.4304950902645828,1.3739835735488553,0.16192206164483186
0.6286758632922455,1.4304950902645828,1.6518421919087631,0.16192206164483186
0.6286758632922455,1.4304950902645828,1.1976451559919528,0.16192206164483186
0.6286758632922455,1.3187743961357556,1.4549121517709853,0.16192206164483186
0.6286758632922455,1.4304301227482015,1.4950789333528802,0.16192206164483186
0.6286758632922455,1.4304301227482015,1.0197991714073766,0.16192206164483186
0.6286758632922455,1.4304301227482015,1.3486017322299817,0.16192206164483186
0.6286758632922455,1.4304301227482015,1.3898486172266755,0.16192206164483186
0.6286758632922455,1.4304301227482015,1.2735919740857375,0.19722363813529012
0.6286758632922455,1.4304301227482015,1.446097897604174,0.19722363813529012
0.6286758632922455,1.4304301227482015,1.4208917402632268,0.19722363813529012
0.5097914068852034,1.5567174647234043,1.2735717505537139,0.19722363813529012
0.5097914068852034,1.5567174647234043,1.124689909496744,0.19722363813529012
0.5097914068852034,1.5567174647234043,1.132118718981287,0.19722363813529012
0.5097914068852034,1.5567174647234043,1.213299061779232,0.19722363813529012
0.5097914068852034,1.5567174647234043,1.4142636788690863,0.19722363813529012
0.5097914068852034,1.5567174647234043,1.3057875031248152,0.19722363813529012
0.5097914068852034,1.5567174647234043,1.1932492645892852,0.19722363813529012
0.5097914068852034,1.5567174647234043,1.5745730174094705,0.19722363813529012
0.5097914068852034,1.5567174647234043,1.3626272402954172,0.19722363813529012
0.5097914068852034,1.5567174647234043,1.646590300772755,0.19722363813529012
0.5097914068852034,1.5567174647234043,1.5982370544599074,0.19722363813529012
0.5097914068852034,1.5539868890568165,1.62550369168074,0.19722363813529012
0.5097914068852034,1.5539868890568165,1.2277110571458292,0.19722363813529012
0.5097914068852034,1.5539868890568165,1.1223503572572848,0.19722363813529012
0.5097914068852034,1.5539868890568165,1.4427628651693025,0.19722363813529012
0.5097914068852034,1.5539868890568165,1.3300473693902346,0.19722363813529012
0.5097914068852034,1.5539868890568165,1.324654586378534,0.19722363813529012
0.5097914068852034,1.5175516075068791,1.2490096260252463,0.19722363813529012
0.5097914068852034,1.5175516075068791,1.2161907994626269,0.19722363813529012
0.5097914068852034,1.5175516075068791,1.3127330796499255,0.19722363813529012
0.5097914068852034,1.5175516075068791,1.4460225466817613,0.19722363813529012
0.5097914068852034,1.5175516075068791,1.293846669767303,0.19722363813529012
0.5097914068852034,1.5175516075068791,1.2938578017242268,0.19722363813529012
0.44896081258523596,1.5175516075068791,1.4140737839227495,0.19722363813529012
0.44896081258523596,1.5853950869887286,1.527918477180046,0.19722363813529012
0.44896081258523596,1.5853950869887286,1.8621154757488547,0.19722363813529012
0.44896081258523596,1.5853950869887286,1.120507138428605,0.19722363813529012
0.44896081258523596,1.5853950869887286,1.6328188413491054,0.19722363813529012
0.44896081258523596,1.5536090247265755,1.8929889948352423,0.19722363813529012
0.44896081258523596,1.5536090247265755,1.1398119778539153,0.19722363813529012
0.44896081258523596,1.5536090247265755,1.4601232411588456,0.19722363813529012
0.44896081258523596,1.5536090247265755,1.7068649713618602,0.19722363813529012
0.44896081258523596,1.5536090247265755,1.6375681968394715,0.19722363813529012
0.5640908127063392,1.5616719076559815,1.6710797001266677,0.19722363813529012
0.5640908127063392,1.5616719076559815,1.2762600693255755,0.19722363813529012
0.5640908127063392,1.5616719076559815,0.966349833402873,0.19722363813529012
0.5271202056103448,1.5616719076559815,1.3800895418500152,0.19722363813529012
0.5271202056103448,1.5616719076559815,1.407992268737542,0.19722363813529012
0.5271202056103448,1.5616719076559815,0.9898272951480503,0.1882639786148658
0.5271202056103448,1.5616719076559815,1.2313248619854198,0.1882639786148658
0.5271202056103448,1.5616719076559815,1.0986715262775673,0.1882639786148658
0.6338715460077932,1.5616719076559815,1.1661987022109983,0.1882639786148658
0.6338715460077932,1.5616719076559815,0.9599400588447388,0.1882639786148658
0.6338715460077932,1.5616719076559815,0.9323821037805726,0.1882639786148658
0.6338715460077932,1.5616719076559815,1.1104227766337789,0.1882639786148658
0.6338715460077932,1.5489084180964978,1.310949348871947,0.1882639786148658
0.6338715460077932,1.5489084180964978,1.0476093919099096,0.1882639786148658
0.6338715460077932,1.5489084180964978,1.125674614953348,0.1882639786148658
0.6338715460077932,1.5489084180964978,1.1010627169873726,0.1882639786148658
0.6338715460077932,1.5489084180964978,1.139340835130093,0.1882639786148658
0.6338715460077932,1.5489084180964978,1.085013379902303,0.1882639786148658
0.6338715460077932,1.5489084180964978,1.0259069756496584,0.1882639786148658
0.6338715460077932,1.5489084180964978,0.9702184382971866,0.1882639786148658
0.6338715460077932,1.5489084180964978,0.9979201302866723,0.1882639786148658
0.6338715460077932,1.5489084180964978,1.2002079481624202,0.1882639786148658
0.6338715460077932,1.5489084180964978,1.1492019641168874,0.1882639786148658
0.6338715460077932,1.4458214847099502,1.150497925633348,0.1882639786148658
0.6338715460077932,1.4458214847099502,1.2525557013280415,0.1882639786148658
0.6338715460077932,1.4458214847099502,1.1568130470727318,0.1882639786148658
0.6338715460077932,1.4458214847099502,1.2780668819954384,0.15860461288767783
0.6338715460077932,1.4458214847099502,1.2938338052395404,0.15860461288767783
0.6338715460077932,1.4458214847099502,0.924229624476596,0.15860461288767783
0.6338715460077932,1.4458214847099502,1.1385845431543609,0.15860461288767783
0.6338715460077932,1.4458214847099502,1.251817860040272,0.15860461288767783
0.6509266327943656,1.4458214847099502,1.1139013304226086,0.15860461288767783
0.8420387067057571,1.4458214847099502,1.0040807311484925,0.21589510927049252
0.8420387067057571,1.4458214847099502,0.9648222292878642,0.21589510927049252
0.8420387067057571,1.4763185821776132,0.9152769877322466,0.21589510927049252
0.8420387067057571,1.4763185821776132,0.9612966971463657,0.21589510927049252
0.8420387067057571,1.4763185821776132,1.1111055130909775,0.21589510927049252
0.8420387067057571,1.4763185821776132,0.7724120137251006,0.21589510927049252
0.8420387067057571,1.4763185821776132,0.9141084644702444,0.17196478271924948
0.8420387067057571,1.4763185821776132,0.9471419483344401,0.17196478271924948
1.0657943495667836,1.4763185821776132,0.7328257284013671,0.17196478271924948
1.0886430613304516,1.4763185821776132,0.6309527510319891,0.17196478271924948
1.0273727618913633,1.4763185821776132,0.7354831883146319,0.17196478271924948
1.0273727618913633,1.4763185821776132,0.8007522232990015,0.25592319206914327
1.0273727618913633,1.4763185821776132,0.7693505375673796,0.25592319206914327
0.8481242607856485,1.4763185821776132,0.8220887715262014,0.25592319206914327
0.8481242607856485,1.4763185821776132,0.9141186409504762,0.25592319206914327
0.8481242607856485,1.4763185821776132,0.9414304261917622,0.25592319206914327
0.8481242607856485,1.4763185821776132,1.0426823636415696,0.25592319206914327
0.8481242607856485,1.4763185821776132,0.9244776930089098,0.25592319206914327
0.8481242607856485,1.4763185821776132,0.9049413468388571,0.25592319206914327
0.8481242607856485,1.3967850493829244,1.1251386058274193,0.25592319206914327
0.8481242607856485,1.3967850493829244,1.2889840344516883,0.17326388410784987
0.6810449618293801,1.3967850493829244,1.1844210654713143,0.17326388410784987
0.6810449618293801,1.3839818195992697,1.154024402437862,0.17326388410784987
0.6810449618293801,1.361395750650807,1.553714267124485,0.17326388410784987
0.6810449618293801,1.361395750650807,1.238775467946163,0.17326388410784987
0.6810449618293801,1.354738476603211,1.3892714706273128,0.17326388410784987
0.6810449618293801,1.354738476603211,1.4101135966185319,0.17326388410784987
0.6810449618293801,1.4799542493642928,1.33509821721783,0.17326388410784987
0.6810449618293801,1.4799542493642928,1.125716732138748,0.17326388410784987
0.8446304220980713,1.4799542493642928,0.9065649063597785,0.17326388410784987
0.8446304220980713,1.4799542493642928,0.9704888322467509,0.17326388410784987
0.8446304220980713,1.4799542493642928,0.9092695949278186,0.17326388410784987
0.8446304220980713,1.4799542493642928,1.0080928473635318,0.17326388410784987
0.8446304220980713,1.4799542493642928,0.9414784635084378,0.16973606428575738
0.8446304220980713,1.3816488569850136,0.9369817194353016,0.16973606428575738
0.8446304220980713,1.3816488569850136,1.0851289426946493,0.16973606428575738
0.8446304220980713,1.3816488569850136,0.8546454855921318,0.16973606428575738
0.8446304220980713,1.423279926906576,0.9947524868714587,0.16973606428575738
0.8446304220980713,1.423279926906576,0.952798064891198,0.16973606428575738
0.8446304220980713,1.423279926906576,1.071114745154226,0.16973606428575738
0.8446304220980713,1.423279926906576,1.0662168622571837,0.16973606428575738
0.8446304220980713,1.423279926906576,1.0505626974686841,0.16973606428575738
0.8446304220980713,1.423279926906576,0.9525356330090252,0.16973606428575738
0.8446304220980713,1.423279926906576,1.1473165196924515,0.16973606428575738
0.8446304220980713,1.423279926906576,0.8613372772282433,0.16973606428575738
0.8446304220980713,1.423279926906576,0.7805181757676918,0.16973606428575738
0.8446304220980713,1.423279926906576,0.9928730989221004,0.16973606428575738
0.8446304220980713,1.423279926906576,0.8492845356937404,0.16973606428575738
0.8446304220980713,1.4825558465173625,1.0210225921824543,0.16973606428575738
0.8446304220980713,1.4825558465173625,0.7325983483575215,0.16973606428575738
0.8446304220980713,1.4825558465173625,0.9542438746733953,0.16973606428575738
0.8446304220980713,1.4825558465173625,0.8995882219869884,0.16973606428575738
0.8446304220980713,1.4825558465173625,0.8755699014764952,0.16973606428575738
0.8443113404804439,1.4825558465173625,0.9618482858030329,0.1562138692654873
0.8443113404804439,1.4309287279661296,0.9352396917281237,0.1562138692654873
0.8443113404804439,1.4309287279661296,0.8722237622874935,0.1562138692654873
0.8443113404804439,1.4309287279661296,0.7465502586957754,0.1562138692654873
0.8443113404804439,1.4309287279661296,0.9338741134908412,0.1562138692654873
0.8443113404804439,1.4309287279661296,0.9374869628921465,0.1562138692654873
0.8443113404804439,1.4309287279661296,1.0164440505789396,0.1562138692654873
0.8443113404804439,1.4309287279661296,0.869577375337308,0.1562138692654873
0.8443113404804439,1.4309287279661296,0.9440610796306537,0.21356509282661612
0.8443113404804439,1.4309287279661296,0.9532589766867113,0.21356509282661612
0.8443113404804439,1.4309287279661296,0.9866941639900744,0.21356509282661612
0.8443113404804439,1.6100321749515343,0.9121513397189471,0.21356509282661612
0.8443113404804439,1.6100321749515343,0.6575522829218202,0.21356509282661612
0.8443113404804439,1.6100321749515343,0.7237487449938076,0.247616664073075
0.8443113404804439,1.6100321749515343,0.7575822577539085,0.21834892445451548
0.8443113404804439,1.6100321749515343,0.8174151914937097,0.21834892445451548
0.8443113404804439,1.6100321749515343,0.7508579129437528,0.21834892445451548
0.8443113404804439,1.6100321749515343,0.7614106396159269,0.21834892445451548
0.8443113404804439,1.6100321749515343,0.6926411778728714,0.21834892445451548
0.8443113404804439,1.6100321749515343,0.6971674598914099,0.21834892445451548
0.8443113404804439,1.6100321749515343,0.7897441089861165,0.21834892445451548
0.7834550860899541,1.6100321749515343,0.6299548547306024,0.21834892445451548
0.7834550860899541,1.6100321749515343,0.8633538482289793,0.21834892445451548
0.7834550860899541,1.6100321749515343,0.9184658087126577,0.21834892445451548
0.7834550860899541,1.6100321749515343,0.8338884311412428,0.21834892445451548
0.7834550860899541,1.6100321749515343,0.9143477792037537,0.21834892445451548
0.7834550860899541,1.6100321749515343,0.7672489110356249,0.21834892445451548
0.7834550860899541,1.6100321749515343,0.9310154393536184,0.21834892445451548
0.7834550860899541,1.6100321749515343,0.766734568299043,0.21321478555453047
0.7834550860899541,1.6100321749515343,0.7306771511712139,0.21321478555453047
0.7834550860899541,1.6100321749515343,0.7191672310164803,0.21321478555453047
0.7834550860899541,1.6100321749515343,0.7807118176564798,0.21321478555453047
0.7834550860899541,1.6100321749515343,0.8391403890471202,0.21321478555453047
0.7834550860899541,1.6100321749515343,0.8234312717302573,0.21321478555453047
0.7834550860899541,1.6100321749515343,0.9665424081811504,0.3454241155048394
0.7834550860899541,1.6100321749515343,0.8495689103448593,0.3454241155048394
0.7834550860899541,1.7680474390072924,0.756479229159747,0.44297268953283714
0.7834550860899541,1.7680474390072924,0.8469298370505046,0.43476174555521097
0.7834550860899541,1.7680474390072924,0.6976544345320901,0.43476174555521097
0.7169832433927674,1.8510061719265993,0.686861322946174,0.43476174555521097
0.7169832433927674,1.8510061719265993,0.5967627552280027,0.4360127144237212
0.7169832433927674,1.8510061719265993,0.7974229282877136,0.4360127144237212
0.7169832433927674,1.8510061719265993,0.6289806560473824,0.3105023934439513
0.7169832433927674,1.8510061719265993,0.7008064560220426,0.46996896288646317
0.7156654743160042,1.8510061719265993,0.645403629785142,0.34062354999317623
0.7156654743160042,1.8510061719265993,0.6794608577702216,0.34062354999317623
0.7156654743160042,1.8510061719265993,0.6140310634685001,0.34062354999317623
0.7156654743160042,1.8510061719265993,0.5603500404462274,0.34062354999317623
0.7015912808197199,1.8510061719265993,0.7384362110696229,0.34062354999317623
0.7015912808197199,1.8075009702764735,0.627165167482236,0.34062354999317623
0.7015912808197199,1.8075009702764735,0.6610654464144852,0.34062354999317623
0.7015912808197199,1.7792852439613032,0.744005891190146,0.34062354999317623
0.7015912808197199,1.7792852439613032,0.7396532505033239,0.34062354999317623
0.7015912808197199,1.7792852439613032,0.8378355537880471,0.34062354999317623
0.7015912808197199,1.7792852439613032,0.7394164173486634,0.34062354999317623
0.7015912808197199,1.7792852439613032,0.7724948583482039,0.5002485262452391
0.7015912808197199,1.7792852439613032,0.877744119275125,0.5002485262452391
0.7015912808197199,1.7792852439613032,0.8865093867412625,0.5002485262452391
0.7015912808197199,1.7792852439613032,0.9071166707763467,0.45788876190587974
0.7015912808197199,1.8187985932390165,0.6988231841998749,0.45788876190587974
0.7015912808197199,1.8187985932390165,0.8993947088208504,0.45788876190587974
0.7015912808197199,1.8187985932390165,0.7370387052473045,0.45788876190587974
0.7015912808197199,1.8187985932390165,0.820143079363234,0.45788876190587974
0.7015912808197199,1.8187985932390165,0.8647538851077444,0.40065845860332794
0.7015912808197199,1.8187985932390165,0.7282966873635306,0.40065845860332794
0.7015912808197199,1.8187985932390165,0.7189548382514929,0.40065845860332794
0.7015912808197199,1.8187985932390165,0.8221853121109137,0.40065845860332794
0.7015912808197199,1.8187985932390165,0.7588158206377974,0.40065845860332794
0.5972094296956767,1.8187985932390165,0.7122146502403062,0.40065845860332794
0.5972094296956767,1.7807253446506814,0.9362512984986741,0.40065845860332794
0.5972094296956767,1.7807253446506814,0.9263082659653531,0.40065845860332794
0.5972094296956767,1.7807253446506814,0.9087246175876309,0.40065845860332794
0.5972094296956767,1.7807253446506814,1.0501853114182234,0.40065845860332794
0.5972094296956767,1.7807253446506814,0.8984184676350558,0.40065845860332794
0.5972094296956767,1.7403543267171853,0.9594529762787184,0.40065845860332794
0.5972094296956767,1.7403543267171853,1.0375366149967304,0.40065845860332794
0.5972094296956767,1.7403543267171853,0.8528794648196678,0.24952860784584935
0.5972094296956767,1.7403543267171853,0.9262913578345217,0.24952860784584935
0.5972094296956767,1.7403543267171853,0.8858739220343186,0.24952860784584935
0.5972094296956767,1.7377891126363914,0.7950970683227299,0.24952860784584935
0.5972094296956767,1.7377891126363914,0.8577615653289704,0.24952860784584935
0.5972094296956767,1.7224673948237228,0.8957477130538718,0.24952860784584935
0.5972094296956767,1.7224673948237228,0.9323430090368546,0.24952860784584935
0.5972094296956767,1.78635223610958,0.9550023402456423,0.24952860784584935
0.6144864362682676,1.78635223610958,0.8747572272982548,0.24952860784584935
0.6144864362682676,1.78635223610958,1.011387676503704,0.48361392019913124
0.6144864362682676,1.78635223610958,0.8907012659173887,0.48361392019913124
0.6144864362682676,1.78635223610958,1.031903574238796,0.48361392019913124
0.6144864362682676,1.78635223610958,0.9116786176619298,0.48361392019913124
0.6144864362682676,1.78635223610958,0.8751134800000256,0.48361392019913124
0.6751292850887437,1.78635223610958,0.9731796206303973,0.48361392019913124
0.6751292850887437,1.78635223610958,0.7721804811524335,0.48361392019913124
0.6751292850887437,1.78635223610958,0.9173354808635485,0.48361392019913124
0.6751292850887437,1.78635223610958,0.8099680309043829,0.48361392019913124
0.6751292850887437,1.78635223610958,0.8387009990016044,0.48361392019913124
0.6751292850887437,1.78635223610958,0.8456083253603495,0.48361392019913124
0.6751292850887437,1.78635223610958,0.9169475425122013,0.48361392019913124
0.6751292850887437,1.78635223610958,0.8956409098198314,0.3418142199679535
0.6751292850887437,1.78635223610958,0.6892720485955499,0.3418142199679535
0.6751292850887437,1.78635223610958,0.7932045739380884,0.3418142199679535
0.6751292850887437,1.78635223610958,0.7360575730519089,0.3418142199679535
0.6751292850887437,1.8470139240947667,0.6790232657802595,0.31882501433309585
0.7682012700364047,1.8470139240947667,0.6544583106735784,0.31882501433309585
0.7682012700364047,1.8470139240947667,0.6312121152531678,0.31882501433309585
0.7682012700364047,1.8470139240947667,0.5697662398385429,0.31882501433309585
0.7682012700364047,1.8470139240947667,0.6271270037391246,0.31882501433309585
0.7682012700364047,1.8523655335242788,0.5830361873222953,0.31882501433309585
0.7682012700364047,1.8684075806445481,0.5587526989403355,0.31882501433309585
0.7682012700364047,1.8684075806445481,0.6116867665010854,0.31882501433309585
0.7682012700364047,1.8684075806445481,0.5921886111646203,0.47687734972891477
0.7682012700364047,1.8684075806445481,0.7092410444587156,0.47687734972891477
0.7682012700364047,1.8684075806445481,0.6773311158474865,0.47687734972891477
0.7682012700364047,1.8684075806445481,0.6331028946790561,0.47687734972891477
0.8887689346639137,1.8684075806445481,0.6575850965407483,0.47687734972891477
0.8887689346639137,1.8684075806445481,0.5614223286671729,0.47687734972891477
0.8887689346639137,1.8684075806445481,0.6846689257931631,0.47687734972891477
0.8887689346639137,1.8684075806445481,0.505245926433519,0.47687734972891477
0.8887689346639137,1.8684075806445481,0.5438711307072164,0.46869632496510205
0.8887689346639137,1.8684075806445481,0.512351531140487,0.46869632496510205
0.8887689346639137,1.8684075806445481,0.5595276676815971,0.46869632496510205
0.8033758485417586,1.8950038883361067,0.5286769178102699,0.46869632496510205
0.7498829934660853,1.8950038883361067,0.587005728773046,0.46869632496510205
0.7498829934660853,1.8950038883361067,0.6298400993995406,0.46869632496510205
0.7498829934660853,1.8950038883361067,0.6639780779893152,0.46869632496510205
0.7498829934660853,1.8950038883361067,0.676674669519983,0.4049041346575534
0.7498829934660853,1.8950038883361067,0.6949300015833818,0.4049041346575534
0.7498829934660853,1.8950038883361067,0.6128705955419271,0.4049041346575534
0.7498829934660853,1.8950038883361067,0.5078792225275749,0.3143673183940851
0.7498829934660853,1.8950038883361067,0.5722149240878676,0.3003051343629631
0.7498829934660853,1.8950038883361067,0.5112314915861137,0.3003051343629631
0.7498829934660853,1.8950038883361067,0.4774500671604559,0.3003051343629631
0.7498829934660853,1.8950038883361067,0.5306095322607177,0.3003051343629631
0.7498829934660853,1.8950038883361067,0.48527332498371517,0.3003051343629631
0.7498829934660853,1.8950038883361067,0.5052031075623593,0.3003051343629631
0.7498829934660853,1.8950038883361067,0.4953794815253142,0.3003051343629631
0.6232586395957826,1.8950038883361067,0.5786168996424171,0.3003051343629631
0.6232586395957826,1.8950038883361067,0.5693753737366282,0.3003051343629631
0.6232586395957826,1.8950038883361067,0.6002130436552944,0.3003051343629631
0.6106856533775322,1.8950038883361067,0.703809647330764,0.3003051343629631
0.6106856533775322,1.8950038883361067,0.6751626378362905,0.3003051343629631
0.6106856533775322,1.8950038883361067,0.7253662950441299,0.3003051343629631
0.6106856533775322,1.8950038883361067,0.7016854625952141,0.3003051343629631
0.6106856533775322,1.8950038883361067,0.704124091418382,0.3003051343629631
0.6106856533775322,1.8950038883361067,0.6996890301426149,0.3003051343629631
0.6106856533775322,1.8950038883361067,0.623213542509695,0.3003051343629631
0.6106856533775322,1.8950038883361067,0.7452015224436171,0.3003051343629631
0.6106856533775322,1.8950038883361067,0.7463872470901388,0.3003051343629631
0.6106856533775322,1.8950038883361067,0.6820981815442786,0.3003051343629631
0.6106856533775322,1.8950038883361067,0.6374846675406757,0.29336926799264096
0.6106856533775322,1.8950038883361067,0.635716467146426,0.29336926799264096
0.6106856533775322,1.8950038883361067,0.8270076080238703,0.29336926799264096
0.6106856533775322,1.8950038883361067,0.6589085808902407,0.29336926799264096
0.6106856533775322,1.8950038883361067,0.6975287989394141,0.29336926799264096
0.6106856533775322,1.8950038883361067,0.7808123075510243,0.29336926799264096
0.6106856533775322,1.8950038883361067,0.7256193889823597,0.29336926799264096
0.6106856533775322,1.8950038883361067,0.6367190212102648,0.29336926799264096
0.6106856533775322,1.8950038883361067,0.708047233722799,0.29336926799264096
0.4716571666345211,1.8950038883361067,0.7781279920040017,0.29336926799264096
0.4716571666345211,1.8950038883361067,0.7777929176981803,0.29336926799264096
0.4716571666345211,1.8950038883361067,0.8205137023642759,0.29336926799264096
0.4716571666345211,1.8950038883361067,0.9844840288135538,0.29336926799264096
0.4716571666345211,1.8950038883361067,1.0388472563585116,0.3450513985679092
0.4716571666345211,1.8950038883361067,0.9674249139621751,0.3450513985679092
0.4716571666345211,1.8950038883361067,0.9769543093479751,0.3450513985679092
0.4716571666345211,1.8425479822620647,1.070401608161822,0.3450513985679092
0.4716571666345211,1.8425479822620647,0.9561917273532646,0.3450513985679092
0.4716571666345211,1.8425479822620647,0.9419169216978376,0.2593897496149548
0.4716571666345211,1.8425479822620647,0.9505707596895243,0.2590009181079455
0.4716571666345211,1.8425479822620647,0.8012962691712083,0.2590009181079455
0.4716571666345211,1.8425479822620647,0.8505159221685696,0.2590009181079455
0.4716571666345211,1.8425479822620647,0.8005334063671913,0.2590009181079455
0.4716571666345211,1.6928064779625345,1.0398285802129477,0.2590009181079455
0.4716571666345211,1.6928064779625345,1.2198455063430251,0.2590009181079455
0.4716571666345211,1.6928064779625345,1.1191515256685813,0.2590009181079455
0.4716571666345211,1.6928064779625345,1.2099697312049622,0.2590009181079455
0.4716571666345211,1.6928064779625345,1.14748127431529,0.2590009181079455
0.4716571666345211,1.6928064779625345,0.919519640405282,0.1511888950159243
0.4716571666345211,1.6928064779625345,0.9963674391550496,0.1511888950159243
0.4716571666345211,1.6928064779625345,1.035839160573336,0.1511888950159243
0.4716571666345211,1.6928064779625345,1.0634503042104477,0.1511888950159243
0.4716571666345211,1.6928064779625345,1.033182688751137,0.1511888950159243
0.4716571666345211,1.6928064779625345,1.079746221908377,0.1511888950159243
0.4716571666345211,1.6928064779625345,1.2441137756998106,0.1511888950159243
0.4716571666345211,1.6928064779625345,1.3251668474482219,0.15594916464590267
0.4716571666345211,1.6928064779625345,1.1663435288146888,0.22772176559465712
0.4716571666345211,1.6928064779625345,1.2257269275772364,0.22772176559465712
0.4716571666345211,1.6928064779625345,1.1568171200606518,0.22772176559465712
0.4716571666345211,1.6928064779625345,1.077030454381197,0.22772176559465712
0.4716571666345211,1.6928064779625345,1.0076155167765855,0.22772176559465712
0.4716571666345211,1.6928064779625345,1.112458998231622,0.2829878387036847
0.4716571666345211,1.6928064779625345,1.1097604422010736,0.2829878387036847
0.4716571666345211,1.6928064779625345,1.207456724854249,0.2829878387036847
0.4716571666345211,1.6928064779625345,1.1208359998538986,0.2779024433657001
0.4716571666345211,1.6928064779625345,1.1454636482842226,0.2779024433657001
0.4716571666345211,1.6928064779625345,1.283176732818616,0.28685313070366264
0.4716571666345211,1.6928064779625345,1.2416792305342685,0.28685313070366264
0.4716571666345211,1.6449768383307244,1.1347141742647133,0.28685313070366264
0.4716571666345211,1.5161513676032654,1.5387952322946707,0.28685313070366264
0.4716571666345211,1.5161513676032654,1.7553105048200606,0.28685313070366264
0.4716571666345211,1.5161513676032654,1.869945891053209,0.28685313070366264
0.4716571666345211,1.5161513676032654,1.6611171080829985,0.28685313070366264
0.4716571666345211,1.5161513676032654,1.4850099228244673,0.28685313070366264
0.5621155960491521,1.5161513676032654,1.2806853851516533,0.28685313070366264
0.5621155960491521,1.5161513676032654,1.1921908907616454,0.14562148844406891
0.5621155960491521,1.5161513676032654,1.223723284327761,0.14562148844406891
0.5621155960491521,1.5161513676032654,1.0096090777007523,0.14562148844406891
0.5621155960491521,1.5161513676032654,1.3469267333642252,0.14562148844406891
0.5941445131465266,1.5161513676032654,1.0963197355124787,0.14562148844406891
0.5941445131465266,1.5161513676032654,1.3776087710458833,0.14562148844406891
0.5941445131465266,1.5161513676032654,1.0930825781717122,0.14562148844406891
0.5941445131465266,1.5161513676032654,1.089319095838037,0.14562148844406891
0.5941445131465266,1.5161513676032654,1.1934085116703235,0.14562148844406891
0.5941445131465266,1.5161513676032654,1.502063322439812,0.14562148844406891
0.5941445131465266,1.5161513676032654,1.3681205232775167,0.14562148844406891
0.5941445131465266,1.5161513676032654,1.190393587230115,0.22197866787289575
0.5941445131465266,1.5161513676032654,1.305127436116939,0.22197866787289575
0.5941445131465266,1.5161513676032654,1.231394141345199,0.22197866787289575
0.5941445131465266,1.5161513676032654,1.4562591576779447,0.22197866787289575
0.5941445131465266,1.5161513676032654,1.199881948675604,0.22197866787289575
0.5941445131465266,1.4572621854514407,1.2874317362624066,0.22197866787289575
0.5941445131465266,1.5202110152335888,1.372716516864334,0.22197866787289575
0.5941445131465266,1.5202110152335888,1.2608058095559804,0.22197866787289575
0.5941445131465266,1.5202110152335888,1.1835655177004343,0.22197866787289575
0.5941445131465266,1.5202110152335888,1.0270462824953337,0.22197866787289575
0.5941445131465266,1.569341325062742,1.2548453413019165,0.22197866787289575
0.5941445131465266,1.569341325062742,1.0418088249103314,0.22197866787289575
0.5941445131465266,1.5880752658166906,1.1504402607847737,0.22568924406734642
0.5941445131465266,1.5880752658166906,1.4273018765910666,0.20367472554584093
0.5941445131465266,1.5880752658166906,1.138326477773289,0.20367472554584093
0.5941445131465266,1.5880752658166906,1.0211196202422643,0.20367472554584093
0.5941445131465266,1.5880752658166906,1.0836873769123312,0.20367472554584093
0.5941445131465266,1.5880752658166906,1.0508971265440916,0.20367472554584093
0.5941445131465266,1.5880752658166906,1.073207895424232,0.2154283749455811
0.5941445131465266,1.638725839943905,1.1080755194168395,0.2154283749455811
0.614410361502175,1.638725839943905,0.9325521101773875,0.2154283749455811
0.614410361502175,1.638725839943905,1.0670153082942482,0.2154283749455811
0.614410361502175,1.638725839943905,0.9779318688705337,0.2154283749455811
0.614410361502175,1.6498079925671978,1.025310228482796,0.2154283749455811
0.5812970895174423,1.6498079925671978,1.0466005445909865,0.2154283749455811
0.5812970895174423,1.6498079925671978,1.2110785126918684,0.2154283749455811
0.5812970895174423,1.6498079925671978,0.8978134144533622,0.2154283749455811
0.5812970895174423,1.6498079925671978,1.0136676703083536,0.2154283749455811
0.5812970895174423,1.6498079925671978,0.8092153803194508,0.2154283749455811
0.5812970895174423,1.5806974659750477,1.020693786975412,0.2154283749455811
0.5812970895174423,1.5806974659750477,1.16667441794221,0.16461092599836624
0.5812970895174423,1.5806974659750477,0.9668100869991746,0.16461092599836624
0.5812970895174423,1.5806974659750477,1.0152384324711865,0.16461092599836624
0.5812970895174423,1.5806974659750477,0.988517462216858,0.16461092599836624
0.5812970895174423,1.5806974659750477,0.9352852830744327,0.16461092599836624
0.5812970895174423,1.3750859632412085,1.3132037677757162,0.16461092599836624
0.5812970895174423,1.3750859632412085,1.6794459598497786,0.16461092599836624
0.5812970895174423,1.3750859632412085,2.118301960071044,0.16461092599836624
0.5812970895174423,1.3750859632412085,1.4453670256759437,0.16461092599836624
0.5812970895174423,1.3750859632412085,1.7990309446483363,0.16461092599836624
0.5812970895174423,1.3750859632412085,1.4503561313569362,0.16461092599836624
0.5812970895174423,1.3750859632412085,1.637540313563683,0.16461092599836624
0.5812970895174423,1.3750859632412085,1.40551739951056,0.16461092599836624
0.5812970895174423,1.3750859632412085,1.604343328060994,0.16461092599836624
0.5812970895174423,1.3750859632412085,1.5475059058368463,0.16461092599836624
0.5812970895174423,1.3750859632412085,1.441722042433506,0.16461092599836624
0.5812970895174423,1.3750859632412085,1.5671954309717482,0.16461092599836624
0.5812970895174423,1.3750859632412085,1.4401533254448053,0.16461092599836624
0.5812970895174423,1.3750859632412085,1.7956540424738523,0.16461092599836624
0.5812970895174423,1.3750859632412085,1.7547201145515434,0.16461092599836624
0.5812970895174423,1.3750859632412085,1.7329578427224834,0.16461092599836624
0.5812970895174423,1.3750859632412085,1.5418426516946424,0.16461092599836624
0.5812970895174423,1.3750859632412085,1.8490175041200663,0.16461092599836624
0.5812970895174423,1.3750859632412085,1.9548773551675722,0.16461092599836624
0.5812970895174423,1.3750859632412085,1.16184520159519,0.16461092599836624
0.5812970895174423,1.3750859632412085,1.405230850563526,0.16461092599836624
0.5812970895174423,1.3750859632412085,1.278191253886772,0.16461092599836624
0.5812970895174423,1.3750859632412085,1.724738313733438,0.16461092599836624
0.5812970895174423,1.3750859632412085,1.9880199376114258,0.16461092599836624
0.5812970895174423,1.3750859632412085,1.6618814284879737,0.16461092599836624
0.5812970895174423,1.3750859632412085,1.672466407807212,0.16461092599836624
0.5812970895174423,1.3750859632412085,1.4429679467699759,0.16461092599836624
0.5812970895174423,1.3750859632412085,1.6241724963847028,0.16085034049931868
0.5812970895174423,1.3750859632412085,1.382865883328271,0.16085034049931868
0.5812970895174423,1.3750859632412085,1.6359635458951653,0.16085034049931868
0.5812970895174423,1.3750859632412085,1.3792789347342687,0.16085034049931868
0.5812970895174423,1.3023238091495954,1.2879502010827504,0.16085034049931868
0.5812970895174423,1.3023238091495954,1.9596496287410012,0.16085034049931868
0.5812970895174423,1.3023238091495954,1.2854792814868976,0.16085034049931868
0.4982708192500519,1.3023238091495954,1.847692889367556,0.16085034049931868
0.4982708192500519,1.3023238091495954,2.2042529950594583,0.16085034049931868
0.4982708192500519,1.3023238091495954,1.2566318914090135,0.16085034049931868
0.4982708192500519,1.3023238091495954,1.901960501141894,0.16085034049931868
0.4982708192500519,1.3933716644293512,1.7808480628501488,0.16085034049931868
0.4982708192500519,1.3933716644293512,1.463692117618854,0.16085034049931868
0.4982708192500519,1.3933716644293512,1.5380115930285732,0.16085034049931868
0.4982708192500519,1.3933716644293512,1.7469534682830432,0.16085034049931868
0.4982708192500519,1.3933716644293512,1.76578308317968,0.16085034049931868
0.4982708192500519,1.3933716644293512,1.4473883855076772,0.16085034049931868
0.4982708192500519,1.3933716644293512,1.4786522057022407,0.16085034049931868
0.48674580200175177,1.3933716644293512,1.4580919166379078,0.16085034049931868
0.48674580200175177,1.3933716644293512,1.6381026994752237,0.16085034049931868
0.48674580200175177,1.3933716644293512,1.19087566167923,0.16085034049931868
0.48674580200175177,1.3933716644293512,1.8081860709691333,0.16085034049931868
0.5507838849674221,1.3933716644293512,1.6644359979421415,0.16085034049931868
0.5507838849674221,1.3933716644293512,1.2487216125675142,0.16085034049931868
0.5507838849674221,1.3933716644293512,1.8128730662478543,0.16085034049931868
0.5507838849674221,1.3933716644293512,1.1821548647948008,0.16085034049931868
0.5507838849674221,1.3933716644293512,1.6052017218513381,0.16085034049931868
0.5507838849674221,1.3933716644293512,1.4058645123239335,0.16085034049931868
0.5507838849674221,1.3933716644293512,1.3964407724024674,0.16085034049931868
0.5507838849674221,1.3933716644293512,1.4185738148085032,0.16085034049931868
0.5507838849674221,1.3933716644293512,1.3921412542555258,0.16085034049931868
0.5507838849674221,1.3933716644293512,1.2682843516741995,0.16085034049931868
0.5507838849674221,1.3933716644293512,1.4537015688556305,0.16085034049931868
0.5507838849674221,1.3933716644293512,1.6530855159809945,0.16085034049931868
0.5507838849674221,1.3933716644293512,1.644296977383684,0.16085034049931868
0.843416152153295,1.3933716644293512,1.2418472735032882,0.16085034049931868
0.843416152153295,1.3933716644293512,0.9739438435463776,0.16085034049931868
0.843416152153295,1.3933716644293512,1.2514117433397727,0.16085034049931868
0.843416152153295,1.3933716644293512,1.099476837946308,0.16085034049931868
0.843416152153295,1.3933716644293512,0.9261302815535588,0.16085034049931868
0.843416152153295,1.3933716644293512,1.1755976191101594,0.16085034049931868
0.843416152153295,1.3933716644293512,1.0823011857031632,0.16085034049931868
0.843416152153295,1.3933716644293512,0.9174294757772842,0.16085034049931868
0.843416152153295,1.3933716644293512,1.1971436337777448,0.16085034049931868
0.843416152153295,1.3933716644293512,0.9471652289629472,0.16085034049931868
0.843416152153295,1.3933716644293512,1.326565468961796,0.16085034049931868
0.843416152153295,1.3933716644293512,0.9268366841292696,0.16085034049931868
0.843416152153295,1.3933716644293512,0.9300819436793004,0.16085034049931868
0.843416152153295,1.3933716644293512,1.054415645720918,0.16085034049931868
0.843416152153295,1.3933716644293512,0.8766534439785949,0.16085034049931868
0.843416152153295,1.3933716644293512,0.8585670810875617,0.16085034049931868
0.843416152153295,1.3933716644293512,1.004919699883645,0.16085034049931868
0.843416152153295,1.3933716644293512,0.9835068337218977,0.16085034049931868
0.843416152153295,1.3933716644293512,1.087105314102118,0.16085034049931868
0.843416152153295,1.3933716644293512,0.9918147424741831,0.16085034049931868
0.843416152153295,1.3933716644293512,1.0939848325499055,0.16085034049931868
0.843416152153295,1.4088791796293003,0.956195416436639,0.16085034049931868
0.843416152153295,1.4088791796293003,1.15427308378183,0.22999291060275392
0.843416152153295,1.4088791796293003,1.0554912515819772,0.22999291060275392
0.843416152153295,1.4088791796293003,1.0154814332307478,0.22999291060275392
0.843416152153295,1.4088791796293003,0.9031854708268954,0.22999291060275392
0.843416152153295,1.4088791796293003,1.3067135851060094,0.22999291060275392
0.843416152153295,1.4088791796293003,1.2272022340545692,0.22999291060275392
0.843416152153295,1.2780859777559734,1.4581199138254837,0.22999291060275392
0.843416152153295,1.2780859777559734,1.3407270530700757,0.22999291060275392
0.843416152153295,1.2780859777559734,1.1756915628758058,0.22999291060275392
0.843416152153295,1.2780859777559734,1.0733680188544643,0.22999291060275392
0.843416152153295,1.2780859777559734,1.2811237177340982,0.22999291060275392
0.843416152153295,1.3570151775311814,1.3146847886672548,0.22999291060275392
0.843416152153295,1.3570151775311814,1.1184731223469184,0.22999291060275392
0.843416152153295,1.3570151775311814,1.1206850663951324,0.1689825360629861
0.843416152153295,1.3570151775311814,1.0324902984187225,0.1689825360629861
0.843416152153295,1.3570151775311814,1.1941779614649823,0.1689825360629861
0.843416152153295,1.3263604151050064,1.1252807885509215,0.1689825360629861
0.843416152153295,1.3263604151050064,1.0499224830894227,0.1689825360629861
0.843416152153295,1.3263604151050064,1.0805697152559635,0.1689825360629861
0.843416152153295,1.3263604151050064,1.2772701968431597,0.1689825360629861
0.843416152153295,1.3263604151050064,1.3702516952976775,0.1689825360629861
0.8457414909126864,1.3984455503061188,1.147306470028632,0.1689825360629861
0.8457414909126864,1.358361898922136,0.9929375794657518,0.1689825360629861
0.8457414909126864,1.358361898922136,1.215995645281333,0.1689825360629861
0.8457414909126864,1.358361898922136,1.0827991348542823,0.1689825360629861
0.8457414909126864,1.3279857167898441,1.044745417016273,0.1689825360629861
0.8457414909126864,1.1430499600009745,1.3471887679889019,0.1689825360629861
0.8457414909126864,1.1430499600009745,1.4498870389955423,0.1689825360629861
0.8457414909126864,1.1430499600009745,1.86801631787672,0.17521987505479603
0.8457414909126864,1.1430499600009745,1.49314026888094,0.17521987505479603
0.8457414909126864,1.1430499600009745,1.5818893836018741,0.17521987505479603
0.8457414909126864,1.2200253769350164,1.2356196035332585,0.17521987505479603
0.8457414909126864,1.195546588241463,1.0605108850451788,0.17521987505479603
0.8457414909126864,1.195546588241463,1.4690269016600517,0.17521987505479603
0.8457414909126864,1.3690815820772864,1.4397331115758774,0.17521987505479603
0.8457414909126864,1.3690815820772864,1.2192892622216995,0.17521987505479603
0.8457414909126864,1.3690815820772864,1.1529835159431003,0.17521987505479603
0.8457414909126864,1.3690815820772864,1.1519669227698441,0.17521987505479603
0.8457414909126864,1.3690815820772864,1.0402987015851968,0.17521987505479603
0.8457414909126864,1.3690815820772864,1.2873690518474852,0.17521987505479603
0.8457414909126864,1.3690815820772864,1.0154922240545277,0.17521987505479603
0.8457414909126864,1.3690815820772864,1.1013930701679433,0.17521987505479603
0.8457414909126864,1.3690815820772864,1.0614001357183835,0.24026366665300136
0.8457414909126864,1.3690815820772864,1.2157772877950521,0.24026366665300136
0.8457414909126864,1.4073082293234314,1.107588079219367,0.24026366665300136
0.8457414909126864,1.4073082293234314,1.2449395370880683,0.24026366665300136
1.008595107831428,1.4073082293234314,0.9273697397345685,0.24026366665300136
1.008595107831428,1.4073082293234314,0.8345691167959932,0.24026366665300136
1.008595107831428,1.4073082293234314,0.720553673365933,0.24026366665300136
1.008595107831428,1.4073082293234314,1.0743417408182216,0.2937001109398011
0.7359504517522819,1.6547619019614317,0.7717850838769035,0.2937001109398011
0.7359504517522819,1.6547619019614317,0.8472583124094981,0.2937001109398011
0.7359504517522819,1.6547619019614317,0.8452597579619273,0.26941218288866553
0.7359504517522819,1.6547619019614317,0.7965461293882831,0.30499954559525183
0.7359504517522819,1.6547619019614317,0.9675798062842432,0.30499954559525183
0.7359504517522819,1.6547619019614317,0.785316371759026,0.30499954559525183
0.7359504517522819,1.6547619019614317,0.8681184492777264,0.30499954559525183
0.7359504517522819,1.6547619019614317,0.7877169305895657,0.2869939449452739
0.7359504517522819,1.6547619019614317,0.8346991568071077,0.2869939449452739
0.7359504517522819,1.6105595987858266,0.846666464547775,0.2869939449452739
0.7359504517522819,1.6105595987858266,0.8590537196634433,0.2869939449452739
0.7359504517522819,1.6105595987858266,0.9205374243127317,0.2869939449452739
0.7359504517522819,1.6105595987858266,0.9729089578882545,0.2869939449452739
0.7359504517522819,1.6105595987858266,1.0252017430747895,0.2869939449452739
0.7359504517522819,1.6105595987858266,1.014899260109716,0.2869939449452739
0.7359504517522819,1.6105595987858266,0.7996838163280517,0.2869939449452739
0.7359504517522819,1.6105595987858266,0.887664221521164,0.2869939449452739
0.7359504517522819,1.6105595987858266,0.9192624256361074,0.2869939449452739
0.7359504517522819,1.6105595987858266,0.8520261413270145,0.2869939449452739
0.7359504517522819,1.6105595987858266,1.0911694738947513,0.3231121000713787
0.7359504517522819,1.6105595987858266,1.0939858873993642,0.3231121000713787
0.7359504517522819,1.6105595987858266,1.0265928251181735,0.3231121000713787
0.7359504517522819,1.6105595987858266,0.9041517710809752,0.3231121000713787
0.7359504517522819,1.6105595987858266,1.0938878573533237,0.3231121000713787
0.7359504517522819,1.638088475382546,1.0794303521585875,0.22935752964908188
0.7359504517522819,1.638088475382546,0.787903386648434,0.22935752964908188
0.7359504517522819,1.638088475382546,0.9396452740016641,0.22935752964908188
0.7359504517522819,1.638088475382546,0.8319843551867785,0.22935752964908188
0.7126083471169166,1.638088475382546,0.8343684206544055,0.22935752964908188
0.7126083471169166,1.638088475382546,0.8150619924259411,0.22935752964908188
0.8388950487877235,1.623644607342936,0.7318994263387816,0.22935752964908188
0.8388950487877235,1.623644607342936,0.8191562582219359,0.22935752964908188
0.8388950487877235,1.623644607342936,0.7300688208544848,0.22935752964908188
0.8388950487877235,1.623644607342936,0.838777586719165,0.22935752964908188
0.8388950487877235,1.623644607342936,0.7981216896289816,0.22935752964908188
0.8388950487877235,1.623644607342936,0.7441171855683613,0.22935752964908188
0.8388950487877235,1.623644607342936,0.715160293764557,0.22935752964908188
0.8388950487877235,1.623644607342936,0.6944560453880427,0.22935752964908188
0.8388950487877235,1.623644607342936,0.6778367507516699,0.22935752964908188
0.8388950487877235,1.623644607342936,0.8225942483915538,0.22935752964908188
0.8388950487877235,1.623644607342936,0.8079307236298435,0.22935752964908188
0.8388950487877235,1.623644607342936,0.741257210474468,0.22935752964908188
0.8388950487877235,1.623644607342936,0.640543363676508,0.22935752964908188
0.8388950487877235,1.623644607342936,0.6960338849307176,0.2638866795991045
0.8388950487877235,1.623644607342936,0.7776111221602552,0.2638866795991045
0.8388950487877235,1.623644607342936,0.6634505331127702,0.2638866795991045
0.8388950487877235,1.623644607342936,0.8035335929860773,0.2652774809635419
0.8388950487877235,1.623644607342936,0.6590174976090001,0.2652774809635419
0.8388950487877235,1.623644607342936,0.8642412896074291,0.2652774809635419
0.8388950487877235,1.623644607342936,0.7203873970257647,0.2652774809635419
0.8209228513141575,1.623644607342936,0.7588355215010433,0.2652774809635419
0.8209228513141575,1.623644607342936,0.872257509470398,0.2652774809635419
0.8209228513141575,1.623644607342936,0.8049971952913443,0.2652774809635419
0.7301971504488775,1.623644607342936,0.7480030879944611,0.2652774809635419
0.7301971504488775,1.623644607342936,0.9644051689040727,0.2652774809635419
0.7301971504488775,1.623644607342936,0.9465819817696758,0.2652774809635419
0.7301971504488775,1.5612528852024485,0.9750602212925875,0.2652774809635419
0.7301971504488775,1.5612528852024485,1.00450627420174,0.2652774809635419
0.7301971504488775,1.6600974141272946,0.8021198044725815,0.2652774809635419
0.7301971504488775,1.6600974141272946,0.7734833776048523,0.2652774809635419
0.7301971504488775,1.6600974141272946,0.8332195628241679,0.2652774809635419
0.7301971504488775,1.6600974141272946,0.8678875488513091,0.2652774809635419
0.846845740456497,1.6600974141272946,0.8038644999588951,0.32176569990323306
0.846845740456497,1.6600974141272946,0.6981223246056135,0.32176569990323306
0.846845740456497,1.6600974141272946,0.7262676575696528,0.32176569990323306
0.846845740456497,1.6600974141272946,0.7719673444688414,0.32176569990323306
0.846845740456497,1.6600974141272946,0.7891637525740386,0.32176569990323306
0.846845740456497,1.6600974141272946,0.6798065134609227,0.32176569990323306
0.846845740456497,1.6600974141272946,0.7793984784120389,0.32176569990323306
0.846845740456497,1.6600974141272946,0.7123515549326029,0.32176569990323306
0.846845740456497,1.6600974141272946,0.6888154499172391,0.32176569990323306
0.846845740456497,1.6600974141272946,0.6667398089950939,0.32176569990323306
0.846845740456497,1.6600974141272946,0.7876807276330977,0.32176569990323306
0.846845740456497,1.6600974141272946,0.6801787963938681,0.32176569990323306
0.846845740456497,1.6600974141272946,0.8953548327263817,0.32176569990323306
0.846845740456497,1.6600974141272946,0.7912924744451595,0.32176569990323306
0.846845740456497,1.6930339445547034,0.656458285650894,0.32176569990323306
0.846845740456497,1.6930339445547034,0.7427905415224424,0.32176569990323306
0.846845740456497,1.6930339445547034,0.6657822692655796,0.30244258724012735
0.846845740456497,1.6930339445547034,0.6838930628575393,0.26562407838791335
0.846845740456497,1.6930339445547034,0.6559512480554112,0.26562407838791335
0.846845740456497,1.6930339445547034,0.6318836496886621,0.26562407838791335
0.846845740456497,1.6930339445547034,0.5804167569826327,0.2544046557499662
0.846845740456497,1.6930339445547034,0.7509902793588669,0.2544046557499662
0.846845740456497,1.6930339445547034,0.7490360388891524,0.2544046557499662
0.846845740456497,1.6930339445547034,0.6983606923758018,0.3738563876981795
0.846845740456497,1.6930339445547034,0.7369014255160524,0.3738563876981795
0.846845740456497,1.6930339445547034,0.7987559283989284,0.3738563876981795
0.846845740456497,1.6930339445547034,0.740952747051749,0.41747076805996364
0.846845740456497,1.6930339445547034,0.9079148746533507,0.41747076805996364
0.846845740456497,1.6930339445547034,0.8112055021710077,0.35061442348203736
0.846845740456497,1.6930339445547034,0.678612397692534,0.35061442348203736
0.846845740456497,1.6930339445547034,0.8015146203652102,0.35061442348203736
0.846845740456497,1.6930339445547034,0.7445727392203813,0.35061442348203736
0.846845740456497,1.6930339445547034,0.7614334547718418,0.35061442348203736
0.846845740456497,1.6930339445547034,0.7063418183065225,0.35061442348203736
0.846845740456497,1.6930339445547034,0.716123225672048,0.35061442348203736
0.846845740456497,1.6930339445547034,0.709009450493634,0.35061442348203736
0.846845740456497,1.6930339445547034,0.7605071655404246,0.35061442348203736
0.846845740456497,1.6930339445547034,0.6943284572349852,0.35061442348203736
0.846845740456497,1.6930339445547034,0.7928725641747588,0.35061442348203736
0.7203327088009306,1.6930339445547034,0.7710640583354498,0.35061442348203736
0.7203327088009306,1.6930339445547034,0.8770969200145408,0.35061442348203736
0.7203327088009306,1.6930339445547034,0.9106133946204163,0.33364180557375495
0.7203327088009306,1.6930339445547034,0.9054440411781686,0.33364180557375495
0.7576070304833001,1.6930339445547034,0.7400005222430044,0.33364180557375495
0.7576070304833001,1.6672656471587854,0.8198861077910118,0.33364180557375495
0.7576070304833001,1.6672656471587854,0.8218105780811873,0.21936198622185804
0.7576070304833001,1.6672656471587854,0.7831110995651381,0.21936198622185804
0.7576070304833001,1.6672656471587854,0.6721555914631647,0.21936198622185804
0.7576070304833001,1.6672656471587854,0.7447873531950993,0.21936198622185804
0.5796799347366859,1.6672656471587854,0.7943355506932213,0.21936198622185804
0.5796799347366859,1.6672656471587854,1.0588214081006126,0.21936198622185804
0.5796799347366859,1.6823272928945903,0.9558212335023603,0.21936198622185804
0.5796799347366859,1.6823272928945903,0.9955589191724608,0.21936198622185804
0.5796799347366859,1.6823272928945903,1.0139903579892349,0.21936198622185804
0.5796799347366859,1.6823272928945903,0.9671949706944284,0.21936198622185804
0.5796799347366859,1.6823272928945903,0.9497027818722635,0.21936198622185804
0.5796799347366859,1.6823272928945903,1.0113483697765346,0.21936198622185804
0.5796799347366859,1.6823272928945903,0.9813851656005219,0.28040648372158705
0.5796799347366859,1.6823272928945903,1.0554129733026947,0.28040648372158705
0.5215364837977906,1.6853366681890074,0.9505032817986171,0.24156481662931636
0.5215364837977906,1.771494871194132,0.9545955556001144,0.24156481662931636
0.5215364837977906,1.771494871194132,0.8884783211698029,0.24156481662931636
0.5215364837977906,1.771494871194132,0.8522378722553343,0.24156481662931636
0.5215364837977906,1.771494871194132,0.948481986819274,0.24156481662931636
0.5215364837977906,1.771494871194132,1.0751999383066473,0.24156481662931636
0.5215364837977906,1.771494871194132,0.9526218735052506,0.24156481662931636
0.5215364837977906,1.771494871194132,0.8381046988617442,0.24156481662931636
0.5215364837977906,1.771494871194132,0.8988193398671395,0.24156481662931636
0.5215364837977906,1.771494871194132,0.8999387554872801,0.24156481662931636
0.5215364837977906,1.771494871194132,0.9644662188154793,0.24156481662931636
0.5215364837977906,1.771494871194132,0.8002345257518656,0.24156481662931636
0.5215364837977906,1.771494871194132,1.0983422730981232,0.24156481662931636
0.5215364837977906,1.771494871194132,0.8362854659562842,0.24156481662931636
0.5215364837977906,1.771494871194132,0.8270175236614596,0.24156481662931636
0.5215364837977906,1.771494871194132,0.9220594012205079,0.24156481662931636
0.5215364837977906,1.771494871194132,0.8180106235145337,0.24156481662931636
0.5215364837977906,1.771494871194132,0.9069863157517063,0.24156481662931636
0.5215364837977906,1.6773069862088945,1.0192420796449817,0.24156481662931636
0.5215364837977906,1.6773069862088945,0.9153697141650297,0.24156481662931636
0.5215364837977906,1.6773069862088945,0.9835686316578746,0.24156481662931636
0.5215364837977906,1.6773069862088945,1.1508222252712172,0.24156481662931636
0.5215364837977906,1.6773069862088945,1.0161334735833878,0.24156481662931636
0.5215364837977906,1.6773069862088945,0.9713944094566477,0.24156481662931636
0.5215364837977906,1.6773069862088945,1.0213273254142181,0.24156481662931636
0.5215364837977906,1.6773069862088945,1.0872744857018848,0.24156481662931636
0.5215364837977906,1.7022415978156515,1.2611477732765357,0.24156481662931636
0.5215364837977906,1.7022415978156515,1.1055937007137675,0.24156481662931636
0.5215364837977906,1.7022415978156515,0.8853190346612618,0.24156481662931636
0.5215364837977906,1.7022415978156515,0.9635787229672457,0.24156481662931636
0.5215364837977906,1.6673096505545069,0.9962967580866819,0.24156481662931636
0.5215364837977906,1.6673096505545069,1.1801144748415313,0.24156481662931636
0.5215364837977906,1.6673096505545069,1.1530989471258608,0.24156481662931636
0.6196008525639524,1.6673096505545069,1.0830388442020777,0.24156481662931636
0.6196008525639524,1.6673096505545069,0.8885981780044506,0.24156481662931636
0.6196008525639524,1.6673096505545069,1.0869929391594328,0.24156481662931636
0.6196008525639524,1.5867123757833586,0.9727717749128378,0.24156481662931636
0.6196008525639524,1.5867123757833586,1.103213864725377,0.24156481662931636
0.6196008525639524,1.6477469243688534,1.0321553780904715,0.31581520268628654
0.6196008525639524,1.6477469243688534,1.255456176767717,0.31581520268628654
0.6196008525639524,1.6477469243688534,1.0471981374311734,0.17367019556503957
0.6196008525639524,1.6477469243688534,0.8381789214360031,0.17367019556503957
0.6196008525639524,1.6477469243688534,1.0156986823094665,0.17367019556503957
0.6196008525639524,1.6477469243688534,0.8055302773755562,0.1975645880759406
0.6196008525639524,1.6477469243688534,1.0315177351282312,0.1975645880759406
0.6196008525639524,1.517036711179136,0.9185077336745829,0.1975645880759406
0.6196008525639524,1.517036711179136,1.3309943086549467,0.1975645880759406
0.6196008525639524,1.517036711179136,1.0251716266339932,0.1975645880759406
0.6196008525639524,1.517036711179136,1.1155677713272707,0.1975645880759406
0.6196008525639524,1.517036711179136,1.1229163085836726,0.1975645880759406
0.6196008525639524,1.517036711179136,1.1230928947955876,0.1975645880759406
0.6196008525639524,1.517036711179136,1.1985618235488618,0.19584275989742286
0.6196008525639524,1.517036711179136,1.1424269408391143,0.19584275989742286
0.6196008525639524,1.6450292375147,1.0105753418060393,0.2675936517184121
0.6196008525639524,1.6450292375147,0.9274711550735304,0.2642967607076441
0.6196008525639524,1.6450292375147,0.9376665023098804,0.2642967607076441
0.6196008525639524,1.6450292375147,1.1072666522082453,0.2814296396674861
0.6196008525639524,1.6450292375147,0.9444152010951753,0.25326147634693197
0.6196008525639524,1.6450292375147,1.0119658788065804,0.25326147634693197
0.6196008525639524,1.6450292375147,0.7523895290195353,0.25326147634693197
0.6196008525639524,1.6450292375147,1.0760370419256102,0.25326147634693197
0.6196008525639524,1.6515134259508928,1.0424018627382035,0.25326147634693197
0.6196008525639524,1.6515134259508928,0.9721266950769418,0.25223365154929445
0.6196008525639524,1.6515134259508928,0.9565938351319261,0.25223365154929445
0.6196008525639524,1.6515134259508928,1.1734416896620001,0.25223365154929445
0.6196008525639524,1.6515134259508928,1.219834992544027,0.36960464911417784
0.6196008525639524,1.6515134259508928,1.0665807185742582,0.36960464911417784
0.6196008525639524,1.6515134259508928,0.9840712877646385,0.22868159172565847
0.6196008525639524,1.6515134259508928,0.9952751532040165,0.22868159172565847
0.6196008525639524,1.6515134259508928,0.9421258242363116,0.22868159172565847
0.6196008525639524,1.6515134259508928,0.9860155043564942,0.22868159172565847
0.6196008525639524,1.6515134259508928,0.880252362895482,0.22868159172565847
0.6196008525639524,1.6515134259508928,0.8546950121176753,0.22868159172565847
0.6196008525639524,1.6515134259508928,1.0918497312113247,0.22868159172565847
0.6196008525639524,1.6515134259508928,1.3287229681922796,0.18368133309861498
0.6196008525639524,1.4967395025298953,1.0209664615301675,0.18368133309861498
0.6196008525639524,1.4967395025298953,1.0652864283635612,0.18368133309861498
0.6196008525639524,1.4967395025298953,1.1542319796199538,0.18368133309861498
0.6196008525639524,1.4967395025298953,0.9242866145580462,0.18368133309861498
0.6196008525639524,1.4967395025298953,1.1494655609650783,0.18368133309861498
0.5199822422937616,1.4967395025298953,1.2194934343572417,0.18368133309861498
0.5199822422937616,1.4967395025298953,1.3808164711531696,0.18368133309861498
0.5199822422937616,1.4967395025298953,1.3968592851296278,0.18368133309861498
0.5199822422937616,1.4967395025298953,1.2687276273094885,0.18368133309861498
0.5199822422937616,1.4967395025298953,1.3837152488835802,0.18368133309861498
0.5199822422937616,1.4967395025298953,1.5611428448763613,0.17580577652260387
0.5199822422937616,1.4967395025298953,1.5370171201626348,0.17580577652260387
0.5199822422937616,1.4967395025298953,1.2764327542644505,0.1448915702758008
0.5199822422937616,1.4967395025298953,1.5516666514907618,0.1448915702758008
0.5199822422937616,1.4967395025298953,1.1788565342846178,0.1448915702758008
0.5199822422937616,1.4967395025298953,1.2516650322534102,0.1448915702758008
0.5199822422937616,1.4967395025298953,1.5758908178020026,0.1448915702758008
0.5199822422937616,1.4967395025298953,1.2008366230960092,0.1448915702758008
0.5199822422937616,1.4967395025298953,1.3794858510895693,0.1448915702758008
0.4778817733691514,1.4967395025298953,1.5577448542536898,0.1448915702758008
0.4778817733691514,1.4967395025298953,1.8010485591986944,0.1448915702758008
0.4778817733691514,1.4967395025298953,1.2519816389399259,0.1448915702758008
0.5674669096645005,1.4967395025298953,1.441026502581343,0.1448915702758008
0.5674669096645005,1.4967395025298953,1.5762975496284217,0.1448915702758008
0.5674669096645005,1.4967395025298953,1.3537460923078426,0.1448915702758008
0.5674669096645005,1.508181162440476,1.2881745979266965,0.1448915702758008
0.5674669096645005,1.508181162440476,1.2640392045271314,0.1448915702758008
0.5674669096645005,1.508181162440476,1.3469789435748445,0.1448915702758008
0.5674669096645005,1.508181162440476,1.4295898852353652,0.1448915702758008
0.6521742303886627,1.508181162440476,1.0501320628246973,0.1448915702758008
0.6521742303886627,1.508181162440476,1.0013430260037985,0.1448915702758008
0.6521742303886627,1.508181162440476,0.8648424213792716,0.1448915702758008
0.6521742303886627,1.508181162440476,1.035526059786682,0.1448915702758008
0.5709763653446567,1.508181162440476,1.1782418979655505,0.1448915702758008
0.5709763653446567,1.508181162440476,1.6339137412810714,0.1448915702758008
0.5709763653446567,1.508181162440476,1.0112561040342614,0.1448915702758008
0.5709763653446567,1.508181162440476,1.1472601943819918,0.1448915702758008
0.6448532916674492,1.508181162440476,1.078101612517206,0.1448915702758008
0.6448532916674492,1.508181162440476,1.0111910612648025,0.1448915702758008
0.6448532916674492,1.508181162440476,1.1188011218427918,0.1448915702758008
0.6448532916674492,1.508181162440476,1.1155738849677002,0.1448915702758008
0.6448532916674492,1.508181162440476,1.123399928497877,0.1448915702758008
0.6448532916674492,1.508181162440476,0.8473742534486398,0.1448915702758008
0.6448532916674492,1.508181162440476,1.2533968305315697,0.1448915702758008
0.6448532916674492,1.508181162440476,1.1004817623952476,0.1448915702758008
0.6448532916674492,1.508181162440476,1.0401773508737415,0.1448915702758008
0.6448532916674492,1.508181162440476,0.8926631258934472,0.1448915702758008
0.6448532916674492,1.508181162440476,0.9189324866898121,0.1448915702758008
0.6448532916674492,1.508181162440476,1.0741159298036809,0.1448915702758008
0.6448532916674492,1.508181162440476,1.148604055005345,0.1448915702758008
0.6448532916674492,1.508181162440476,1.3231438532892723,0.1448915702758008
0.6448532916674492,1.508181162440476,1.0343364822675623,0.1448915702758008
0.6448532916674492,1.508181162440476,0.9973100180795437,0.1448915702758008
0.6448532916674492,1.508181162440476,1.0766359431036334,0.1448915702758008
0.6448532916674492,1.508181162440476,1.088296311082118,0.1448915702758008
0.6448532916674492,1.508181162440476,1.0275531998318508,0.1448915702758008
0.6448532916674492,1.508181162440476,1.0960691733909524,0.1448915702758008
0.6448532916674492,1.508181162440476,1.0208330373185825,0.1448915702758008
0.6448532916674492,1.508181162440476,0.9976026413219513,0.1448915702758008
0.6448532916674492,1.508181162440476,0.956479156442599,0.1448915702758008
0.6448532916674492,1.508181162440476,1.2307941310350283,0.1448915702758008
0.6448532916674492,1.521462299169402,0.9196568769624309,0.1448915702758008
0.6448532916674492,1.521462299169402,1.0597509277873518,0.1448915702758008
0.6448532916674492,1.521462299169402,1.0581370569667488,0.1448915702758008
0.6502673790464314,1.521462299169402,1.0744713272017368,0.1448915702758008
0.6505140778903936,1.521462299169402,1.0964624195703514,0.1448915702758008
0.6505140778903936,1.521462299169402,1.0925624250723938,0.1448915702758008
0.6505140778903936,1.521462299169402,1.1213913193474117,0.1448915702758008
0.6505140778903936,1.521462299169402,0.8872637003122038,0.1448915702758008
0.6505140778903936,1.3660202679893996,1.1519005027040718,0.1448915702758008
0.6505140778903936,1.3660202679893996,1.791288874587622,0.1448915702758008
0.6505140778903936,1.3660202679893996,1.4227486970822605,0.1448915702758008
0.6505140778903936,1.3660202679893996,1.327063689442027,0.1448915702758008
0.6505140778903936,1.2916896913147742,1.510779487408515,0.1448915702758008
0.6505140778903936,1.3055149426150503,1.6583478828752078,0.1448915702758008
0.6505140778903936,1.3055149426150503,1.6623852994697177,0.1448915702758008
0.6505140778903936,1.3055149426150503,1.6079806267667378,0.1448915702758008
0.6505140778903936,1.3055149426150503,1.5452726237808752,0.1448915702758008
0.6505140778903936,1.3055149426150503,2.2305017149319513,0.1448915702758008
0.6505140778903936,1.3154099441030294,1.5496314826897262,0.1448915702758008
0.6505140778903936,1.3154099441030294,1.3633623633476193,0.1448915702758008
0.6505140778903936,1.3154099441030294,1.906891056126272,0.1448915702758008
0.6505140778903936,1.3154099441030294,1.3350742923859658,0.1448915702758008
0.6505140778903936,1.3154099441030294,1.9010524932725614,0.1436985848182971
0.6505140778903936,1.3154099441030294,1.3798756922691673,0.1436985848182971
0.6807946169358107,1.3154099441030294,1.5739878673898529,0.1436985848182971
0.6807946169358107,1.3154099441030294,1.412462090153031,0.1436985848182971
0.6388695210247278,1.3154099441030294,1.208245698649775,0.1436985848182971
0.6388695210247278,1.3154099441030294,1.555618166541976,0.1436985848182971
0.6388695210247278,1.3154099441030294,1.430568420468661,0.1436985848182971
0.6388695210247278,1.3154099441030294,1.6477448118945515,0.1436985848182971
0.6388695210247278,1.3154099441030294,1.534754526531004,0.1436985848182971
0.6388695210247278,1.3154099441030294,1.8450068029972801,0.1436985848182971
0.6388695210247278,1.3154099441030294,1.771178404973479,0.1436985848182971
0.6388695210247278,1.3154099441030294,1.4230144669062137,0.1436985848182971
0.6388695210247278,1.3154099441030294,1.2730811903332204,0.1436985848182971
0.6388695210247278,1.3154099441030294,1.6556057141118583,0.1436985848182971
0.6388695210247278,1.36014039437032,1.4335946331141678,0.1436985848182971
0.6388695210247278,1.36014039437032,1.3200010521850853,0.1436985848182971
0.6388695210247278,1.36014039437032,1.2807588917673072,0.1436985848182971
0.6388695210247278,1.36014039437032,1.525250246243892,0.1436985848182971
0.6388695210247278,1.36014039437032,1.576882828975542,0.1436985848182971
0.6388695210247278,1.36014039437032,1.3167749224176144,0.1436985848182971
0.6388695210247278,1.36014039437032,1.095641719172619,0.1436985848182971
0.6388695210247278,1.36014039437032,1.4511306872515437,0.1436985848182971
0.6388695210247278,1.36014039437032,1.3771090355034847,0.1436985848182971
0.6388695210247278,1.367937403670429,1.1660615553487315,0.1436985848182971
0.6388695210247278,1.367937403670429,1.6753179965722058,0.1436985848182971
0.6126705113864135,1.367937403670429,1.3842398380262029,0.1436985848182971
0.6126705113864135,1.367937403670429,1.3530598979031898,0.1436985848182971
0.6126705113864135,1.367937403670429,1.044751814417518,0.1436985848182971
0.6126705113864135,1.367937403670429,1.1448895343823662,0.1436985848182971
0.6126705113864135,1.4314091058516738,1.299041439849109,0.1436985848182971
0.6126705113864135,1.4171213055398595,1.2405875088184952,0.1436985848182971
0.6126705113864135,1.4171213055398595,1.4201377197518994,0.1436985848182971
0.6126705113864135,1.4171213055398595,1.686043555116504,0.1436985848182971
0.6126705113864135,1.4171213055398595,1.5516191040173946,0.1436985848182971
0.6126705113864135,1.4171213055398595,1.132004571993043,0.1436985848182971
0.6126705113864135,1.4171213055398595,1.5915928928057483,0.1436985848182971
0.6126705113864135,1.4171213055398595,1.374803322212835,0.1436985848182971
0.6126705113864135,1.4171213055398595,1.34805398400755,0.1436985848182971
0.6126705113864135,1.4171213055398595,0.9905557172943082,0.1436985848182971
0.6126705113864135,1.4171213055398595,1.5578618337219687,0.1436985848182971
0.5918580335971109,1.4171213055398595,1.512544799055006,0.1436985848182971
0.5918580335971109,1.3115603399312048,1.3097732591404998,0.1436985848182971
0.4999991603959446,1.3115603399312048,1.5122021510568544,0.1436985848182971
0.4412496248988883,1.3115603399312048,1.7139701947459167,0.1436985848182971
0.4412496248988883,1.3115603399312048,2.116582585914976,0.1436985848182971
0.4412496248988883,1.3115603399312048,2.6475747298858,0.1436985848182971
0.4412496248988883,1.4233354336477273,2.458440505105094,0.1436985848182971
0.4412496248988883,1.4233354336477273,1.7648102886538053,0.1436985848182971
0.4412496248988883,1.4233354336477273,1.5436642751441911,0.1436985848182971
0.4412496248988883,1.4233354336477273,1.7641834356941328,0.1436985848182971
0.4412496248988883,1.4233354336477273,1.4584060407742727,0.1436985848182971
0.4412496248988883,1.4233354336477273,1.651387338530746,0.1436985848182971
0.4412496248988883,1.4233354336477273,1.358296139045498,0.1436985848182971
0.4412496248988883,1.4233354336477273,1.4134522684917536,0.1436985848182971
0.4412496248988883,1.4233354336477273,1.8088123719403528,0.1436985848182971
0.4412496248988883,1.4233354336477273,1.635205174305404,0.1436985848182971
0.4412496248988883,1.4233354336477273,2.027747885164163,0.1436985848182971
0.4412496248988883,1.4233354336477273,1.873242532867767,0.1436985848182971
0.4412496248988883,1.4233354336477273,1.9046427286896273,0.1436985848182971
0.4412496248988883,1.4233354336477273,1.7706223005925146,0.1436985848182971
0.4412496248988883,1.4233354336477273,1.8113570861791404,0.1436985848182971
0.4412496248988883,1.4233354336477273,2.3539163531759653,0.1436985848182971
0.4412496248988883,1.4233354336477273,1.7611389464290272,0.1436985848182971
0.4412496248988883,1.4233354336477273,2.183730970563317,0.1436985848182971
0.4412496248988883,1.4233354336477273,2.0832270032732803,0.1436985848182971
0.4412496248988883,1.4233354336477273,1.618432105889159,0.1436985848182971
0.4412496248988883,1.4233354336477273,1.711871747160118,0.1436985848182971
0.4412496248988883,1.4233354336477273,1.6624663442702887,0.1436985848182971
0.4412496248988883,1.4233354336477273,1.4320854583402156,0.1436985848182971
0.4412496248988883,1.4233354336477273,1.899079546916846,0.1436985848182971
0.4412496248988883,1.4233354336477273,1.4843449632709722,0.1436985848182971
0.4412496248988883,1.4233354336477273,1.3872198280818813,0.1436985848182971
0.4412496248988883,1.4233354336477273,1.9920340114469228,0.1436985848182971
0.4412496248988883,1.4233354336477273,1.7643084507903484,0.1436985848182971
0.4412496248988883,1.4233354336477273,1.7790260811229113,0.1436985848182971
0.499772641803501,1.4233354336477273,1.5604641894483027,0.1436985848182971
0.499772641803501,1.4233354336477273,1.4575213020367044,0.1436985848182971
0.499772641803501,1.4233354336477273,1.8628384996115497,0.1436985848182971
0.499772641803501,1.4233354336477273,1.6234017952370376,0.1436985848182971
0.499772641803501,1.4233354336477273,1.4501192311233975,0.1436985848182971
0.499772641803501,1.4233354336477273,1.8390158584122749,0.1436985848182971
0.499772641803501,1.4233354336477273,1.9122340299537344,0.1436985848182971
0.499772641803501,1.4233354336477273,1.4904694261275928,0.1436985848182971
0.499772641803501,1.4233354336477273,1.4560616948401652,0.1436985848182971
0.499772641803501,1.4233354336477273,1.6212457902127388,0.1436985848182971
0.499772641803501,1.4233354336477273,1.5107004404599205,0.1436985848182971
0.499772641803501,1.4233354336477273,1.4708097381159793,0.1436985848182971
0.499772641803501,1.4233354336477273,1.368334903133096,0.1436985848182971
0.499772641803501,1.4233354336477273,1.335851942891167,0.1436985848182971
0.499772641803501,1.4233354336477273,1.7161485416265037,0.1436985848182971
0.499772641803501,1.4233354336477273,1.5865313532283096,0.1436985848182971
0.499772641803501,1.4233354336477273,1.4456106724566746,0.1436985848182971
0.499772641803501,1.4233354336477273,1.7455188639468624,0.1436985848182971
0.499772641803501,1.4233354336477273,1.2638401613517474,0.1436985848182971
0.499772641803501,1.4233354336477273,1.6872064395988136,0.1436985848182971
0.499772641803501,1.4233354336477273,1.4781807301160277,0.1436985848182971
0.499772641803501,1.4233354336477273,1.6357299164218404,0.1436985848182971
0.499772641803501,1.4233354336477273,1.5510598287275463,0.1436985848182971
0.499772641803501,1.4233354336477273,1.743422389974853,0.1436985848182971
0.499772641803501,1.4233354336477273,1.3867659009521547,0.1436985848182971
0.499772641803501,1.4233354336477273,1.2344225352387383,0.1436985848182971
0.499772641803501,1.4233354336477273,1.3770530720763656,0.1436985848182971
0.499772641803501,1.4233354336477273,2.1122085128708625,0.1436985848182971
0.499772641803501,1.4233354336477273,1.902043087599265,0.1436985848182971
0.499772641803501,1.4233354336477273,1.6322098057588745,0.1436985848182971
0.499772641803501,1.4233354336477273,1.42422782504666,0.1436985848182971
0.499772641803501,1.4233354336477273,1.6485656194050222,0.1436985848182971
0.499772641803501,1.4233354336477273,1.5229943250318854,0.1436985848182971
0.499772641803501,1.4233354336477273,1.2785229499549184,0.1436985848182971
0.499772641803501,1.4233354336477273,2.0048870048259455,0.1436985848182971
0.499772641803501,1.4233354336477273,1.7697786778556308,0.1436985848182971
0.499772641803501,1.4233354336477273,1.3343049963838582,0.1436985848182971
0.499772641803501,1.4233354336477273,1.6071760250379012,0.1436985848182971
0.499772641803501,1.4233354336477273,1.6013187703598513,0.1436985848182971
0.499772641803501,1.4233354336477273,1.853190533873104,0.1436985848182971
0.499772641803501,1.4233354336477273,1.5618053799865783,0.1436985848182971
0.499772641803501,1.4233354336477273,1.3196118830443953,0.1436985848182971
0.499772641803501,1.424205703409239,1.3637481144030836,0.1436985848182971
0.499772641803501,1.424205703409239,1.5950550768201146,0.1436985848182971
0.499772641803501,1.424205703409239,2.1255187860651232,0.1436985848182971
0.499772641803501,1.424205703409239,1.6779757372900115,0.1436985848182971
0.499772641803501,1.424205703409239,1.647551452181881,0.1436985848182971
0.499772641803501,1.424205703409239,1.490433456085684,0.1436985848182971
0.499772641803501,1.424205703409239,1.4177443180424116,0.1436985848182971
0.499772641803501,1.424205703409239,1.6332059686076075,0.1436985848182971
0.499772641803501,1.424205703409239,1.603506519294688,0.1436985848182971
0.499772641803501,1.5130878830246899,1.3496523237278404,0.1436985848182971
0.499772641803501,1.5130878830246899,1.3360421575273895,0.1436985848182971
0.499772641803501,1.5130878830246899,1.3374826555174437,0.1436985848182971
0.499772641803501,1.5130878830246899,1.265310340907013,0.1436985848182971
0.499772641803501,1.5130878830246899,1.2436378470886442,0.1436985848182971
0.499772641803501,1.5130878830246899,1.4529836128327078,0.1436985848182971
0.499772641803501,1.5130878830246899,1.0788573400570196,0.1436985848182971
0.499772641803501,1.5130878830246899,1.5461295249878764,0.1436985848182971
0.499772641803501,1.5130878830246899,1.510533247934591,0.1436985848182971
0.499772641803501,1.5130878830246899,1.1995544044327116,0.1436985848182971
0.499772641803501,1.5130878830246899,1.0585026119808056,0.1436985848182971
0.499772641803501,1.5130878830246899,1.5220073594334451,0.1436985848182971
0.499772641803501,1.5130878830246899,1.610581521193715,0.1436985848182971
0.6978249036442995,1.5130878830246899,1.0829528622612128,0.1436985848182971
0.6978249036442995,1.5130878830246899,1.0461377813098545,0.1436985848182971
0.6978249036442995,1.5144902737265291,1.0131653010046813,0.1436985848182971
0.6978249036442995,1.5144902737265291,0.972787120375806,0.1436985848182971
0.6978249036442995,1.5144902737265291,1.031195633110026,0.1436985848182971
0.6978249036442995,1.5144902737265291,0.8771818236009484,0.1436985848182971
0.6978249036442995,1.5144902737265291,0.9106282795423762,0.1436985848182971
0.6978249036442995,1.5144902737265291,0.8793258407099186,0.15358421965296185
0.6978249036442995,1.5144902737265291,1.0215739061848468,0.15358421965296185
0.679279227055703,1.5144902737265291,0.9441426640933875,0.15358421965296185
0.679279227055703,1.5144902737265291,0.8509543252199748,0.15358421965296185
0.679279227055703,1.5144902737265291,1.006610661442953,0.15358421965296185
0.679279227055703,1.5144902737265291,1.0546013362230822,0.15358421965296185
0.679279227055703,1.5144902737265291,0.9842849480585127,0.15358421965296185
0.679279227055703,1.5144902737265291,1.0131912162780525,0.15358421965296185
0.679279227055703,1.5144902737265291,1.1020535680471792,0.15358421965296185
0.679279227055703,1.5144902737265291,1.0503582279304837,0.15358421965296185
0.679279227055703,1.5144902737265291,1.1671277606918518,0.15358421965296185
0.679279227055703,1.5144902737265291,1.0028427747484039,0.2134557899765051
0.679279227055703,1.5144902737265291,1.2886572499523121,0.2134557899765051
0.679279227055703,1.5144902737265291,1.151738103955032,0.2134557899765051
0.679279227055703,1.5144902737265291,1.2709195974372567,0.2134557899765051
0.679279227055703,1.5144902737265291,0.9871945433536852,0.2134557899765051
0.679279227055703,1.5144902737265291,1.0594689430631772,0.2313087025709955
0.679279227055703,1.5144902737265291,0.9084582966167477,0.2313087025709955
0.679279227055703,1.5144902737265291,1.1727447390016075,0.2313087025709955
0.679279227055703,1.5144902737265291,1.3383780965974177,0.2313087025709955
0.679279227055703,1.5144902737265291,1.0294651151559444,0.2313087025709955
0.679279227055703,1.6914681729435672,0.8891543345979657,0.2313087025709955
0.679279227055703,1.6914681729435672,0.7545471749319065,0.2313087025709955
0.679279227055703,1.6914681729435672,0.8186698477271059,0.2313087025709955
0.679279227055703,1.6914681729435672,0.8677069167842949,0.2313087025709955
0.679279227055703,1.6914681729435672,0.8452938429694872,0.2313087025709955
0.679279227055703,1.6914681729435672,0.7919588254009953,0.2313087025709955
0.679279227055703,1.6914681729435672,0.7993823389856937,0.2313087025709955
0.679279227055703,1.6914681729435672,0.8240167058517566,0.2313087025709955
0.6459302148298443,1.6914681729435672,0.8823015761750725,0.2313087025709955
0.6459302148298443,1.6914681729435672,0.8953024143148022,0.2313087025709955
0.6459302148298443,1.6914681729435672,0.7505671671661612,0.2313087025709955
0.6459302148298443,1.6914681729435672,0.8780391271003363,0.2313087025709955
0.6459302148298443,1.6914681729435672,0.9578344833848481,0.2313087025709955
0.6459302148298443,1.6914681729435672,0.8546264848014063,0.2313087025709955
0.6459302148298443,1.6914681729435672,0.9530186068154475,0.2313087025709955
0.6459302148298443,1.6914681729435672,0.6822134571826739,0.2313087025709955
0.6459302148298443,1.6914681729435672,0.7692821836685213,0.2313087025709955
0.6459302148298443,1.6165725112039242,0.9995572278469722,0.2313087025709955
0.6459302148298443,1.7093823331146096,0.9180357902623418,0.2313087025709955
0.6459302148298443,1.7093823331146096,0.7496825235303627,0.2313087025709955
0.6459302148298443,1.7093823331146096,0.7938047286745928,0.2313087025709955
0.6459302148298443,1.7093823331146096,0.9578675144613457,0.2313087025709955
0.6459302148298443,1.7093823331146096,0.8107681774079444,0.2313087025709955
0.6459302148298443,1.7093823331146096,0.7846670604451769,0.2313087025709955
0.6459302148298443,1.7093823331146096,0.8078325134706996,0.2313087025709955
0.6459302148298443,1.7093823331146096,0.7494500911929295,0.2313087025709955
0.6707130220687331,1.7093823331146096,0.8873330220067389,0.3266613557859742
0.6707130220687331,1.7093823331146096,1.0156069362814595,0.3266613557859742
0.6707130220687331,1.7093823331146096,0.8925125616582613,0.24329949102368065
0.6707130220687331,1.7093823331146096,0.8091401704585759,0.24329949102368065
0.6707130220687331,1.7093823331146096,0.9163068579428463,0.24329949102368065
0.6707130220687331,1.7093823331146096,0.8488745101254717,0.24329949102368065
0.6707130220687331,1.7093823331146096,1.0501423751589842,0.24329949102368065
0.6707130220687331,1.7093823331146096,0.872848007233621,0.24329949102368065
0.6707130220687331,1.7093823331146096,0.7628296567405797,0.24329949102368065
0.6707130220687331,1.7093823331146096,0.9588270937538249,0.24329949102368065
0.6707130220687331,1.7093823331146096,0.7691112804356768,0.24329949102368065
0.6707130220687331,1.7093823331146096,0.7995379421861615,0.24329949102368065
0.6707130220687331,1.7093823331146096,0.7815527735941029,0.24329949102368065
0.6707130220687331,1.7093823331146096,0.8153706316312861,0.24329949102368065
0.6707130220687331,1.7093823331146096,0.8493703752228854,0.24329949102368065
0.6707130220687331,1.7093823331146096,0.7765968036902233,0.30535881255540126
0.6707130220687331,1.7093823331146096,0.9522823848198998,0.35244311205400874
0.6825313055162904,1.7093823331146096,0.8966813983081467,0.32350033783798593
0.6825313055162904,1.7093823331146096,0.8132256649927636,0.32350033783798593
0.6825313055162904,1.7093823331146096,0.8504567850840482,0.32350033783798593
0.6825313055162904,1.7093823331146096,0.782717093357957,0.32350033783798593
0.6825313055162904,1.7093823331146096,0.929422302536584,0.32350033783798593
0.6825313055162904,1.7093823331146096,0.7877834983588076,0.2721292263124746
0.6825313055162904,1.7093823331146096,0.8259016568674397,0.2721292263124746
0.6825313055162904,1.7093823331146096,0.771475309851738,0.2721292263124746
0.6825313055162904,1.7093823331146096,0.953697598276403,0.2721292263124746
0.6825313055162904,1.7093823331146096,0.7305857519206853,0.2721292263124746
0.5664022245474463,1.7093823331146096,0.8745657188683382,0.2721292263124746
0.5664022245474463,1.7093823331146096,0.9626750792219635,0.24021361379704217
0.5664022245474463,1.7005205251917839,1.0919761194006528,0.24021361379704217
0.5664022245474463,1.7005205251917839,0.8193465706268225,0.2861176202402716
0.5664022245474463,1.7005205251917839,1.1465951073499159,0.2861176202402716
0.5664022245474463,1.7005205251917839,0.9532379973865326,0.2861176202402716
0.49680034527695954,1.7005205251917839,1.144452552627662,0.2861176202402716
0.49680034527695954,1.7005205251917839,1.1065539960076944,0.2861176202402716
0.49680034527695954,1.7005205251917839,1.0632142517241225,0.2861176202402716
0.49680034527695954,1.7005205251917839,1.178508752710753,0.2861176202402716
0.49680034527695954,1.7005205251917839,1.2373167575286974,0.2861176202402716
0.49680034527695954,1.7005205251917839,1.1788565634813688,0.2861176202402716
0.49680034527695954,1.7005205251917839,1.166207652762486,0.2861176202402716
0.49680034527695954,1.7005205251917839,0.937068857069819,0.2861176202402716
0.49680034527695954,1.7005205251917839,1.0777606905507542,0.29478879528957663
0.49680034527695954,1.7005205251917839,1.2565482153079768,0.29478879528957663
0.49680034527695954,1.7005205251917839,1.0469838532041815,0.29478879528957663
0.49680034527695954,1.7005205251917839,1.0936388547455758,0.29478879528957663
0.49680034527695954,1.7005205251917839,1.1763051772406685,0.29478879528957663
0.49680034527695954,1.7005205251917839,1.1416329727958405,0.14605471169230044
0.49680034527695954,1.7005205251917839,0.93562283665864,0.14605471169230044
0.49680034527695954,1.7005205251917839,0.9555571617161671,0.2164926991906284
0.5238425692787598,1.7005205251917839,1.0176763849827721,0.18440051085952883
0.5238425692787598,1.7005205251917839,0.9151303838093587,0.18440051085952883
0.5238425692787598,1.7005205251917839,1.2213789816407505,0.1874403053132809
0.5238425692787598,1.7005205251917839,0.9788370429337315,0.1874403053132809
0.538745246810527,1.7005205251917839,1.180671570494668,0.1874403053132809
0.538745246810527,1.7005205251917839,1.0940544302936681,0.1874403053132809
0.538745246810527,1.7005205251917839,0.9684926254678353,0.1874403053132809
0.538745246810527,1.7005205251917839,0.911263556195012,0.1874403053132809
0.538745246810527,1.7005205251917839,1.054180862215334,0.1874403053132809
0.5818834427468633,1.7005205251917839,0.8839301555669361,0.1874403053132809
0.5818834427468633,1.7005205251917839,0.8960300419277524,0.1874403053132809
0.5818834427468633,1.629162147016304,1.0362340544711568,0.1874403053132809
0.5818834427468633,1.629162147016304,0.8668584100824303,0.1874403053132809
0.6090059815082198,1.629162147016304,0.9801420904392276,0.24694595444839165
0.6090059815082198,1.629162147016304,0.9938808326238059,0.24694595444839165
0.6090059815082198,1.6298160009305236,1.0462115619558225,0.24694595444839165
0.6090059815082198,1.6298160009305236,0.9816072106658792,0.24694595444839165
0.6090059815082198,1.648642189750055,1.0953544706389848,0.24694595444839165
0.6090059815082198,1.648642189750055,0.8501061486608098,0.24694595444839165
0.6090059815082198,1.648642189750055,0.9670610554811672,0.24694595444839165
0.6090059815082198,1.648642189750055,1.1573094965646427,0.24694595444839165
0.6090059815082198,1.648642189750055,1.0731962775173887,0.24694595444839165
0.6090059815082198,1.5668761148755204,1.1282604719944247,0.24694595444839165
0.6090059815082198,1.5668761148755204,1.1917608673842466,0.24694595444839165
0.6090059815082198,1.5668761148755204,1.0848935898101115,0.24694595444839165
0.6090059815082198,1.5668761148755204,1.231220893763706,0.24694595444839165
0.6090059815082198,1.5668761148755204,1.023431079698497,0.24694595444839165
0.6090059815082198,1.5668761148755204,1.0681063484065187,0.24694595444839165
0.6090059815082198,1.5668761148755204,1.0544592921938667,0.24694595444839165
0.6090059815082198,1.5668761148755204,1.1077887173293808,0.24694595444839165
0.7805978606908646,1.5668761148755204,1.0153617371547943,0.24694595444839165
0.7805978606908646,1.5668761148755204,0.8297660653777268,0.24694595444839165
0.7805978606908646,1.5668761148755204,0.7960716037062125,0.24694595444839165
0.7805978606908646,1.5668761148755204,0.9708928075085612,0.19286053842518244
0.7805978606908646,1.5668761148755204,0.9499647342021997,0.19286053842518244
0.7805978606908646,1.5668761148755204,0.9218286925238753,0.19286053842518244
0.7805978606908646,1.5668761148755204,0.761399096294222,0.1954593127884167
0.7805978606908646,1.5668761148755204,0.7927538101663889,0.1954593127884167
0.7805978606908646,1.5668761148755204,0.935715770065781,0.1954593127884167
0.7805978606908646,1.5668761148755204,0.8223831378792684,0.1954593127884167
0.7805978606908646,1.5668761148755204,0.904399081658929,0.1954593127884167
0.7805978606908646,1.5668761148755204,0.8731567709827447,0.1954593127884167
0.7805978606908646,1.5668761148755204,0.9300694757157226,0.1954593127884167
0.7805978606908646,1.5668761148755204,0.86141974298918,0.1954593127884167
0.7805978606908646,1.5668761148755204,0.9041110280086705,0.1954593127884167
0.8235671733217015,1.5668761148755204,0.8304389514727422,0.1954593127884167
0.8235671733217015,1.5668761148755204,0.7175328948164896,0.1954593127884167
0.8235671733217015,1.5668761148755204,0.8874385050489129,0.1954593127884167
0.8235671733217015,1.5668761148755204,0.6654516065251475,0.1954593127884167
0.7600746586431045,1.5668761148755204,0.7612640526360656,0.1954593127884167
0.8443317204478864,1.5668761148755204,0.8048618197941407,0.1954593127884167
0.8443317204478864,1.5668761148755204,0.7775065355991716,0.1954593127884167
0.8443317204478864,1.5668761148755204,0.7761746759606919,0.1954593127884167
0.8443317204478864,1.5668761148755204,0.7381599781376905,0.1954593127884167
0.8443317204478864,1.5668761148755204,0.7292688001496966,0.1954593127884167
0.8443317204478864,1.5668761148755204,0.7592826611824836,0.1954593127884167
0.8443317204478864,1.5668761148755204,0.8187706706364788,0.1954593127884167
0.8443317204478864,1.5668761148755204,0.7322269552711613,0.1954593127884167
0.8443317204478864,1.5668761148755204,0.7744462911942908,0.1954593127884167
0.8381152279320853,1.5668761148755204,0.7790203088134382,0.1954593127884167
0.7068359886588177,1.5668761148755204,0.7745715627343891,0.1954593127884167
0.7068359886588177,1.5668761148755204,0.9313528173961416,0.1954593127884167
0.7068359886588177,1.5668761148755204,0.9660902204393746,0.1954593127884167
0.7068359886588177,1.5668761148755204,0.979061053914134,0.2740993231301064
0.7068359886588177,1.5668761148755204,1.0380232045845386,0.2740993231301064
0.7068359886588177,1.5668761148755204,0.8638478982006732,0.2740993231301064
0.7068359886588177,1.5668761148755204,1.084506278556273,0.2740993231301064
0.7068359886588177,1.5668761148755204,0.9822970334188457,0.2740993231301064
0.7068359886588177,1.5668761148755204,0.9552304650624079,0.2740993231301064
0.7068359886588177,1.5668761148755204,1.0979868708573313,0.2740993231301064
0.7068359886588177,1.5668761148755204,0.9667270542480502,0.2740993231301064
0.7068359886588177,1.5668761148755204,0.9064951776343856,0.2740993231301064
0.7068359886588177,1.5668761148755204,1.0838651208698233,0.2740993231301064
0.7068359886588177,1.5668761148755204,0.9600056130672147,0.2740993231301064
0.7068359886588177,1.5668761148755204,1.1615755441499966,0.2740993231301064
0.7068359886588177,1.5668761148755204,1.204948757999984,0.2740993231301064
0.7068359886588177,1.4057276966199634,1.320338776452858,0.2740993231301064
0.7068359886588177,1.4655397227139593,1.1079384980098166,0.2740993231301064
0.8497465642470449,1.4655397227139593,1.0188812653342956,0.20312802044254788
0.8497465642470449,1.3915666088076244,1.1944738786332048,0.20312802044254788
0.8497465642470449,1.3915666088076244,0.9683675248956295,0.20312802044254788
0.8497465642470449,1.3915666088076244,0.9893187156235282,0.20312802044254788
0.8497465642470449,1.3915666088076244,1.1209807462659849,0.20312802044254788
0.8497465642470449,1.3915666088076244,1.1105983762169478,0.20312802044254788
0.8497465642470449,1.3915666088076244,1.120364548229356,0.20312802044254788
0.8497465642470449,1.3915666088076244,1.1526093203403958,0.20312802044254788
0.8497465642470449,1.3915666088076244,1.010996477319153,0.20312802044254788
0.8497465642470449,1.3915666088076244,1.1669385824351923,0.20312802044254788
0.8497465642470449,1.3915666088076244,1.0342041821736074,0.20312802044254788
0.8497465642470449,1.3915666088076244,1.1522577572863009,0.20312802044254788
0.8497465642470449,1.3915666088076244,0.8108914248992427,0.20312802044254788
0.8497465642470449,1.3915666088076244,1.1774138575360011,0.20312802044254788
1.0294830758863494,1.3915666088076244,1.0065335841207772,0.20312802044254788
1.0294830758863494,1.3915666088076244,0.8809008216978736,0.20312802044254788
1.1154304637957506,1.3915666088076244,0.8554426783194143,0.20312802044254788
1.1154304637957506,1.3915666088076244,0.8270631484010322,0.20312802044254788
1.1154304637957506,1.3915666088076244,0.85908532423771,0.20312802044254788
1.1154304637957506,1.3915666088076244,0.8237783214266382,0.20312802044254788
1.1862140156663281,1.3915666088076244,0.7779652884006769,0.20312802044254788
1.1862140156663281,1.3915666088076244,0.7155451265556663,0.20312802044254788
1.1862140156663281,1.3915666088076244,0.7401714985061105,0.20312802044254788
1.1862140156663281,1.3915666088076244,0.8712799618925602,0.20312802044254788
1.1862140156663281,1.3915666088076244,0.8951445587362155,0.20312802044254788
1.1862140156663281,1.3915666088076244,0.8277375565713241,0.20312802044254788
1.1862140156663281,1.3845730007604584,0.7839433464676768,0.20312802044254788
1.1862140156663281,1.3845730007604584,0.8358759463699432,0.20312802044254788
0.989946308500614,1.3845730007604584,0.7900078385849272,0.20312802044254788
0.989946308500614,1.3845730007604584,1.1293180475026865,0.20312802044254788
0.989946308500614,1.3845730007604584,1.005030425278053,0.20312802044254788
0.989946308500614,1.3845730007604584,0.9525749535834706,0.20312802044254788
0.989946308500614,1.3845730007604584,0.8689232128280168,0.20312802044254788
0.989946308500614,1.4541250023904613,0.9361142948556833,0.20312802044254788
0.989946308500614,1.4541250023904613,0.8609933545535301,0.20312802044254788
0.989946308500614,1.4541250023904613,0.7017661352415049,0.20312802044254788
0.989946308500614,1.4541250023904613,0.7555591255713033,0.20312802044254788
0.7830442116076235,1.4541250023904613,0.8475699731337654,0.20312802044254788
0.7830442116076235,1.4541250023904613,0.95670608839077,0.20312802044254788
0.7830442116076235,1.4541250023904613,0.9866419619783479,0.20312802044254788
0.7830442116076235,1.4541250023904613,1.0917696328658786,0.20312802044254788
0.7830442116076235,1.4541250023904613,1.1602580766138335,0.20312802044254788
0.8574903512352177,1.4541250023904613,1.0765010401967796,0.20312802044254788
0.8574903512352177,1.4541250023904613,0.8682208038347798,0.20312802044254788
0.8574903512352177,1.4541250023904613,0.917109723036262,0.20312802044254788
0.8574903512352177,1.4541250023904613,0.8707774548741739,0.20312802044254788
0.8574903512352177,1.4541250023904613,0.869990696654485,0.20312802044254788
0.8574903512352177,1.4541250023904613,0.85347777815955,0.20312802044254788
0.8574903512352177,1.4541250023904613,1.1254312854785664,0.20312802044254788
0.8574903512352177,1.4541250023904613,0.9981872617561379,0.20312802044254788
0.8574903512352177,1.4541250023904613,0.947731877399336,0.20312802044254788
0.8574903512352177,1.4758026194144191,0.916512741186143,0.20312802044254788
0.8574903512352177,1.4758026194144191,0.9018863923414763,0.20312802044254788
0.8574903512352177,1.4758026194144191,1.1041267427119905,0.20312802044254788
0.8574903512352177,1.4758026194144191,0.8043883606139567,0.20312802044254788
0.8574903512352177,1.4758026194144191,1.1323611995087726,0.20312802044254788
0.8574903512352177,1.4758026194144191,0.9034984695922024,0.20312802044254788
0.8574903512352177,1.4758026194144191,0.9605664921315105,0.20312802044254788
0.8574903512352177,1.4758026194144191,0.9062559557809341,0.20312802044254788
0.8574903512352177,1.4758026194144191,0.8081776822578984,0.20312802044254788
0.8574903512352177,1.4758026194144191,0.9420508821454673,0.20312802044254788
0.8574903512352177,1.3750646327442773,0.9181844486998508,0.16135178148355905
0.8574903512352177,1.3750646327442773,0.9695404423111612,0.16135178148355905
0.8574903512352177,1.3750646327442773,1.0119514817866022,0.20727804625433707
0.8574903512352177,1.3750646327442773,1.045602501407294,0.20727804625433707
0.8574903512352177,1.1818472589796745,1.154525019984378,0.20727804625433707
0.8574903512352177,1.1818472589796745,1.3600898701415318,0.20727804625433707
0.8574903512352177,1.2322051207940792,1.5823786007509664,0.20727804625433707
0.8574903512352177,1.2322051207940792,1.4889786203889,0.20727804625433707
0.8574903512352177,1.2322051207940792,1.2212403500615703,0.20727804625433707
0.8574903512352177,1.2322051207940792,1.4710340274500484,0.20727804625433707
0.5472800481682314,1.4521458714799638,1.2405822556276374,0.20727804625433707
0.5472800481682314,1.4521458714799638,1.2491304793427378,0.20727804625433707
0.5472800481682314,1.4345222298064153,1.2125227244985524,0.20727804625433707
0.5472800481682314,1.4345222298064153,1.376878538946241,0.20727804625433707
0.5472800481682314,1.4345222298064153,1.28843014194879,0.21945712311953308
0.5472800481682314,1.4459692580109906,1.2134915854514836,0.21945712311953308
0.5472800481682314,1.4459692580109906,1.4061347972848506,0.21945712311953308
0.5472800481682314,1.4459692580109906,1.1844679830114102,0.21945712311953308
0.5472800481682314,1.4459692580109906,1.6664657690808433,0.2577169367760816
0.5472800481682314,1.4459692580109906,1.7939846816057727,0.2577169367760816
0.5472800481682314,1.4459692580109906,1.5238060131095819,0.2577169367760816
0.731051692791775,1.4459692580109906,1.3338566463999562,0.2577169367760816
0.731051692791775,1.4459692580109906,1.3310276441721107,0.2577169367760816
0.731051692791775,1.4459692580109906,1.175231215496798,0.2577169367760816
0.7035043999390495,1.4459692580109906,1.2510153293459245,0.2577169367760816
0.7074320971118482,1.4459692580109906,1.0738261586879818,0.2577169367760816
0.7074320971118482,1.4459692580109906,1.2894918853287445,0.2577169367760816
0.7074320971118482,1.4459692580109906,1.2019274657293582,0.2577169367760816
0.7074320971118482,1.4459692580109906,1.3126925276996875,0.2254968558429868
0.7074320971118482,1.4459692580109906,1.2232876442279128,0.2254968558429868
0.7074320971118482,1.4459692580109906,0.9812790507834982,0.2254968558429868
0.7074320971118482,1.4459692580109906,1.0243745017534986,0.2254968558429868
0.7074320971118482,1.4459692580109906,1.339321819541795,0.2254968558429868
0.7074320971118482,1.4459692580109906,1.2850146612441766,0.2254968558429868
0.7074320971118482,1.4459692580109906,1.2249899029399944,0.21851904186915302
0.7074320971118482,1.4459692580109906,1.215722636561974,0.21851904186915302
0.7074320971118482,1.4459692580109906,1.2046525882020989,0.21851904186915302
0.7074320971118482,1.4459692580109906,1.2463708343109647,0.21851904186915302
0.7074320971118482,1.4459692580109906,1.2838793695085622,0.21851904186915302
0.7074320971118482,1.4459692580109906,1.3492857783858352,0.21851904186915302
0.8195753704781363,1.4459692580109906,0.8711943174387639,0.21851904186915302
0.8300301873086036,1.4459692580109906,0.9624339920386098,0.19866839394590485
0.8300301873086036,1.4459692580109906,0.9242226504328639,0.19866839394590485
0.8300301873086036,1.4459692580109906,0.8233806004046953,0.19866839394590485
0.8300301873086036,1.4459692580109906,1.1818286575888277,0.19866839394590485
0.8300301873086036,1.3185415230030815,0.9798584625358112,0.19866839394590485
0.8300301873086036,1.3185415230030815,1.3876137859526043,0.19866839394590485
0.8300301873086036,1.3185415230030815,1.1361106149665743,0.19866839394590485
0.8300301873086036,1.3185415230030815,0.9671819024104401,0.19866839394590485
0.8300301873086036,1.3185415230030815,1.159610473205953,0.2117667129032049
0.8300301873086036,1.3185415230030815,1.452600883899024,0.2117667129032049
0.8300301873086036,1.3185415230030815,1.3621917382414483,0.2117667129032049
0.9848786429298633,1.3185415230030815,1.1267461080265946,0.2117667129032049
0.9848786429298633,1.3185415230030815,1.2044945865279417,0.2117667129032049
0.9848786429298633,1.3185415230030815,0.9242803888352108,0.2117667129032049
0.9848786429298633,1.3185415230030815,1.032350588025807,0.2117667129032049
0.9848786429298633,1.3185415230030815,1.092033502251262,0.2117667129032049
0.9848786429298633,1.3185415230030815,1.1279726879194478,0.2117667129032049
0.9848786429298633,1.3185415230030815,1.0312448615860785,0.1470906905483924
0.9848786429298633,1.3185415230030815,0.8281989112896075,0.1470906905483924
0.9848786429298633,1.3185415230030815,1.0099711572336496,0.1470906905483924
0.9848786429298633,1.3185415230030815,0.9022572633912931,0.1470906905483924
0.9848786429298633,1.3185415230030815,1.0043681566931695,0.1470906905483924
0.9848786429298633,1.3185415230030815,0.9494837681738411,0.1470906905483924
0.9848786429298633,1.3185415230030815,0.8789859424103131,0.1470906905483924
0.9848786429298633,1.3185415230030815,0.9799884703724103,0.1470906905483924
0.9848786429298633,1.2600397527440288,1.0346405369919998,0.1470906905483924
0.9848786429298633,1.2600397527440288,1.1474493699255461,0.1470906905483924
0.9848786429298633,1.2600397527440288,0.9765777824820515,0.1470906905483924
0.9848786429298633,1.2600397527440288,0.9545174430860058,0.1470906905483924
0.9848786429298633,1.2600397527440288,0.828737679323139,0.1470906905483924
0.9848786429298633,1.2600397527440288,1.2331062092628007,0.1470906905483924
0.9848786429298633,1.2600397527440288,1.381832625880736,0.1470906905483924
0.9848786429298633,1.2600397527440288,1.0866485097662366,0.1470906905483924
0.9848786429298633,1.2600397527440288,0.899004171755035,0.1470906905483924
1.1643166428980722,1.2244833301623756,1.170413737327984,0.1470906905483924
1.1643166428980722,1.2244833301623756,1.0020043501555849,0.1470906905483924
1.1643166428980722,1.2244833301623756,1.0129960384103576,0.1470906905483924
1.1643166428980722,1.2244833301623756,0.8112750553651128,0.1470906905483924
1.1643166428980722,1.2244833301623756,1.0086895574761814,0.1470906905483924
1.1643166428980722,1.2244833301623756,1.0897852124545513,0.1470906905483924
0.9784885889525997,1.1804245299788574,1.080902343154265,0.1470906905483924
0.9784885889525997,1.1804245299788574,1.1331732658444067,0.1470906905483924
0.9784885889525997,1.1804245299788574,1.2098735354041168,0.1470906905483924
0.9784885889525997,1.1804245299788574,1.2515072225646953,0.1470906905483924
0.8208714820909664,1.1804245299788574,1.5105966643368125,0.1470906905483924
0.8208714820909664,1.1804245299788574,1.3014113341592277,0.1470906905483924
0.8208714820909664,1.1804245299788574,1.6278823950488766,0.1470906905483924
0.8208714820909664,1.1804245299788574,1.6525907844937593,0.1470906905483924
0.8208714820909664,1.1804245299788574,1.4710311121339994,0.1470906905483924
0.8208714820909664,1.176998639925367,1.5067175110864626,0.1470906905483924
0.8208714820909664,1.1772498357303145,1.735017149083829,0.1470906905483924
0.8208714820909664,1.1772498357303145,1.7467417062190616,0.1470906905483924
0.8208714820909664,1.1772498357303145,1.2925368215264175,0.1470906905483924
0.8208714820909664,1.1772498357303145,1.6459770564048566,0.1470906905483924
0.8208714820909664,1.1772498357303145,1.327797338433733,0.1470906905483924
0.8208714820909664,1.1772498357303145,1.3447747992286458,0.1470906905483924
0.8208714820909664,1.1772498357303145,1.7779885431614326,0.1470906905483924
0.7214557573351575,1.1772498357303145,1.725681396441272,0.1470906905483924
0.7214557573351575,1.1772498357303145,1.8625668849201844,0.1470906905483924
0.7214557573351575,1.1772498357303145,1.8622389300415727,0.1470906905483924
0.7214557573351575,1.337209712929558,1.3265052636242054,0.1470906905483924
0.7214557573351575,1.3951615294909736,1.1653835061018463,0.1470906905483924
0.7214557573351575,1.3951615294909736,1.1092980356057462,0.1470906905483924
0.7214557573351575,1.3951615294909736,1.4616343888885734,0.1470906905483924
0.7214557573351575,1.3951615294909736,1.352657999642759,0.16561760084828098
0.7214557573351575,1.3951615294909736,1.0209377472356695,0.16561760084828098
0.7214557573351575,1.3951615294909736,1.050500100202669,0.16561760084828098
0.7214557573351575,1.3951615294909736,1.28986471004505,0.16561760084828098
0.7214557573351575,1.3951615294909736,1.4473007767934287,0.16561760084828098
0.7214557573351575,1.3951615294909736,1.5425186210827033,0.16561760084828098
0.7214557573351575,1.5412788336582186,1.1260854524928157,0.16561760084828098
0.7214557573351575,1.5412788336582186,0.7896342316499715,0.16561760084828098
0.7214557573351575,1.5412788336582186,1.0658149759157232,0.16561760084828098
0.7214557573351575,1.5412788336582186,0.8433377165819069,0.16561760084828098
0.7214557573351575,1.5412788336582186,0.8822765742350254,0.16561760084828098
0.7214557573351575,1.5412788336582186,1.2413058697870556,0.16561760084828098
0.7214557573351575,1.5412788336582186,0.8392801452618216,0.16561760084828098
0.7742543366671811,1.5412788336582186,0.8358746095169035,0.16561760084828098
0.7742543366671811,1.5412788336582186,0.8528176108901423,0.16561760084828098
0.7742543366671811,1.5412788336582186,0.8869001706490861,0.16561760084828098
0.7742543366671811,1.5412788336582186,0.9068275072314108,0.16561760084828098
0.7742543366671811,1.5412788336582186,1.0313143569659444,0.16561760084828098
0.7742543366671811,1.5412788336582186,0.9903225636003671,0.32277372635523605
0.7742543366671811,1.5412788336582186,1.1304372978932007,0.2607224354914876
0.7742543366671811,1.5412788336582186,0.9601456993037079,0.2607224354914876
0.7742543366671811,1.5412788336582186,0.9269418652088028,0.2607224354914876
0.7742543366671811,1.5412788336582186,1.0479663474566596,0.2607224354914876
0.7742543366671811,1.5412788336582186,0.9538519693535711,0.2607224354914876
0.6447162667706254,1.5412788336582186,0.9156342963359733,0.2607224354914876
0.6447162667706254,1.5412788336582186,1.182737203388584,0.2573076399496726
0.6447162667706254,1.5244688104451707,0.9575706419335114,0.20719233508653445
0.6447162667706254,1.5244688104451707,1.14145298400317,0.20719233508653445
0.6447162667706254,1.5244688104451707,0.9308693789072923,0.20719233508653445
0.8247084463412437,1.5244688104451707,0.9876137198025239,0.20719233508653445
0.8247084463412437,1.5244688104451707,0.7835420315592554,0.20719233508653445
0.8247084463412437,1.5244688104451707,0.8458123443840848,0.20719233508653445
0.8247084463412437,1.5244688104451707,0.8836800397703602,0.20719233508653445
0.8247084463412437,1.5244688104451707,0.8822662313424645,0.20719233508653445
0.8247084463412437,1.5244688104451707,0.8317562583076609,0.20719233508653445
0.8247084463412437,1.5244688104451707,0.7653681353844298,0.20719233508653445
0.8247084463412437,1.5244688104451707,0.906490199342139,0.20719233508653445
0.8247084463412437,1.5244688104451707,0.8385759368098765,0.20719233508653445
0.8247084463412437,1.5244688104451707,0.9279469073293594,0.29354404675069345
0.8247084463412437,1.5244688104451707,1.0272121490077177,0.29354404675069345
0.8247084463412437,1.5244688104451707,0.8206340126631867,0.29354404675069345
0.8247084463412437,1.5244688104451707,0.9864712743530327,0.29354404675069345
0.8247084463412437,1.5244688104451707,0.9782974936418981,0.3076151315164078
0.8247084463412437,1.5244688104451707,1.0122649687934324,0.3076151315164078
0.8247084463412437,1.5244688104451707,0.9500911475759415,0.3076151315164078
0.8247084463412437,1.5244688104451707,1.0443652275909348,0.31247278976785403
0.8247084463412437,1.5244688104451707,0.9761451205156577,0.31247278976785403
0.8247084463412437,1.5244688104451707,0.7047367746190918,0.31247278976785403
0.8247084463412437,1.5244688104451707,0.8916964626293233,0.31247278976785403
0.8247084463412437,1.5244688104451707,1.144029963163978,0.31247278976785403
0.8247084463412437,1.5244688104451707,1.0801086042776498,0.31247278976785403
0.8247084463412437,1.5244688104451707,0.9681251421882041,0.31247278976785403
0.8247084463412437,1.590233299683232,0.9111948330099346,0.31247278976785403
0.8247084463412437,1.674635163004599,0.8100028352869237,0.31247278976785403
0.6469360661664747,1.674635163004599,0.8347590805828506,0.31247278976785403
0.6469360661664747,1.6918210746641535,0.7783320028252775,0.31247278976785403
0.6469360661664747,1.6918210746641535,0.9507214552651717,0.31247278976785403
0.6469360661664747,1.6918210746641535,0.9667014941962548,0.31247278976785403
0.6469360661664747,1.6918210746641535,0.953795845966558,0.31247278976785403
0.6469360661664747,1.6918210746641535,0.886790665131639,0.31247278976785403
0.6469360661664747,1.6918210746641535,1.1231288018110361,0.31247278976785403
0.6469360661664747,1.6918210746641535,1.0113376935779272,0.31247278976785403
0.6469360661664747,1.6918210746641535,0.921021307967504,0.31247278976785403
0.6469360661664747,1.6918210746641535,1.0258117600054568,0.31247278976785403
0.6469360661664747,1.6918210746641535,0.8002861447329728,0.4005809446533526
0.6469360661664747,1.6918210746641535,1.031431296847828,0.4005809446533526
0.6469360661664747,1.6918210746641535,1.0205746050540876,0.4005809446533526
0.6469360661664747,1.6918210746641535,1.2341703985873205,0.4005809446533526
0.6469360661664747,1.6918210746641535,0.9492964347269022,0.4005809446533526
0.6469360661664747,1.7253094823563848,1.0766999976465397,0.4005809446533526
0.6469360661664747,1.7253094823563848,0.9304319597788298,0.4005809446533526
0.6469360661664747,1.7253094823563848,0.903171870485423,0.4005809446533526
0.6469360661664747,1.7253094823563848,0.7932869054876349,0.4005809446533526
0.6469360661664747,1.7253094823563848,1.0508799662712325,0.4005809446533526
0.6469360661664747,1.7253094823563848,0.9050167419124346,0.4005809446533526
0.6469360661664747,1.7253094823563848,1.0327284217833148,0.4005809446533526
0.6469360661664747,1.7253094823563848,1.0427239424346713,0.26102635787997397
0.6469360661664747,1.7253094823563848,0.7834333844342439,0.26102635787997397
0.6469360661664747,1.7253094823563848,0.730493923343173,0.26102635787997397
0.6469360661664747,1.7253094823563848,0.7972308131974433,0.26102635787997397
0.6469360661664747,1.7253094823563848,0.9046985175646379,0.25043505651398634
0.6469360661664747,1.7253094823563848,0.8543558349571598,0.25043505651398634
0.6469360661664747,1.7253094823563848,0.9001503162809634,0.25043505651398634
0.6469360661664747,1.7253094823563848,0.7814675409247829,0.25043505651398634
0.6469360661664747,1.7253094823563848,0.8090482869477131,0.25043505651398634
0.6469360661664747,1.7253094823563848,0.848521779672504,0.25043505651398634
0.6469360661664747,1.7253094823563848,0.8094432254419904,0.2935031777979636
0.6469360661664747,1.7253094823563848,0.7291610653359509,0.2935031777979636
0.6469360661664747,1.7253094823563848,0.8368597052688038,0.32573742864851596
0.6469360661664747,1.7253094823563848,0.9508941852237799,0.32573742864851596
0.6469360661664747,1.7253094823563848,0.9970248053890919,0.32573742864851596
0.6469360661664747,1.7253094823563848,0.7669615901585348,0.32573742864851596
0.6469360661664747,1.7253094823563848,0.9750565168683304,0.32573742864851596
0.6469360661664747,1.7253094823563848,0.7882697547728096,0.3375753928697967
0.6472725293134957,1.7253094823563848,0.8660376151084122,0.2075993100792646
0.6472725293134957,1.7253094823563848,0.5985469827535776,0.2075993100792646
0.6472725293134957,1.741894413942859,0.6898518590273109,0.2583960252180179
0.6472725293134957,1.741894413942859,0.7365485114356858,0.2583960252180179
0.6472725293134957,1.741894413942859,0.7963231978004862,0.2583960252180179
0.6472725293134957,1.741894413942859,0.8222906501573527,0.2583960252180179
0.6472725293134957,1.741894413942859,0.674982490432576,0.2583960252180179
0.6472725293134957,1.741894413942859,0.8304564602808493,0.2583960252180179
0.6472725293134957,1.741894413942859,0.8227338248446386,0.23127005813366283
0.6472725293134957,1.741894413942859,0.7729546214998089,0.23127005813366283
0.6472725293134957,1.741894413942859,0.8868634264529741,0.23651392055797948
0.6472725293134957,1.741894413942859,0.7177861238469367,0.23651392055797948
0.6472725293134957,1.741894413942859,0.7530196394118288,0.23651392055797948
0.6472725293134957,1.741894413942859,0.7376779509731135,0.3299431040090292
0.6472725293134957,1.741894413942859,0.8514245373583222,0.3299431040090292
0.6805026174555272,1.741894413942859,0.8153605387662801,0.3299431040090292
0.6805026174555272,1.741894413942859,0.8543069925325868,0.3299431040090292
0.6991743080114486,1.741894413942859,0.8379604740245117,0.3299431040090292
0.6991743080114486,1.741894413942859,0.7814788517416572,0.3299431040090292
0.6991743080114486,1.741894413942859,0.871388767158604,0.2945338415761487
0.6991743080114486,1.741894413942859,0.9302384240018624,0.2945338415761487
0.6991743080114486,1.741894413942859,0.725102656670056,0.40700794776552207
0.6991743080114486,1.741894413942859,0.8393048124072451,0.3032991807851689
0.6991743080114486,1.741894413942859,0.8423507043298163,0.28863730638797885
0.6991743080114486,1.741894413942859,0.6864592395047671,0.28863730638797885
0.6991743080114486,1.741894413942859,0.7951884284115436,0.28863730638797885
0.6991743080114486,1.741894413942859,0.8212706641400312,0.28863730638797885
0.6991743080114486,1.741894413942859,0.8658798372230335,0.37494301438981587
0.6991743080114486,1.741894413942859,0.8290986677200554,0.37494301438981587
0.6991743080114486,1.741894413942859,0.7985478599947343,0.27934740359678156
0.6991743080114486,1.741894413942859,0.7891191851155384,0.27934740359678156
0.6991743080114486,1.741894413942859,0.7856561400570522,0.27934740359678156
0.6991743080114486,1.741894413942859,0.6834322422297319,0.27934740359678156
0.6991743080114486,1.741894413942859,0.755955413534805,0.27934740359678156
0.6991743080114486,1.741894413942859,0.7832655108576972,0.27934740359678156
0.6991743080114486,1.741894413942859,0.8451317216012119,0.22648357309539344
0.6991743080114486,1.741894413942859,0.7459955381390888,0.22648357309539344
0.7852053207541669,1.741894413942859,0.6768216000239012,0.22648357309539344
0.7852053207541669,1.741894413942859,0.6029038033568651,0.2738780695020963
0.7852053207541669,1.741894413942859,0.6119704681245846,0.2738780695020963
0.7852053207541669,1.741894413942859,0.5933272398354231,0.2738780695020963
0.7852053207541669,1.741894413942859,0.6516578606456125,0.2738780695020963
0.7292208911838354,1.741894413942859,0.7594774700564347,0.2738780695020963
0.7292208911838354,1.741894413942859,0.6479108393109477,0.2738780695020963
0.6265514684044872,1.741894413942859,0.8026783292599168,0.2738780695020963
0.6265514684044872,1.741894413942859,0.8895536784688994,0.2738780695020963
0.6265514684044872,1.6473755386875706,1.0097122568268229,0.2738780695020963
0.6265514684044872,1.6473755386875706,1.0294690929025176,0.2738780695020963
0.6265514684044872,1.6473755386875706,0.9734049498512811,0.2738780695020963
0.6265514684044872,1.6473755386875706,0.9300717795673068,0.2738780695020963
0.6265514684044872,1.6473755386875706,1.0290048532274356,0.2738780695020963
0.6265514684044872,1.6473755386875706,0.9395526660871437,0.2738780695020963
0.6265514684044872,1.5215052847322752,1.2473415888177823,0.2738780695020963
0.6265514684044872,1.5215052847322752,1.0408111655938261,0.2790700653699278
0.6265514684044872,1.5215052847322752,1.1574937094012796,0.2790700653699278
0.6265514684044872,1.5215052847322752,1.4134292812646512,0.2790700653699278
0.6265514684044872,1.5215052847322752,1.4206942223597814,0.2790700653699278
0.6265514684044872,1.5215052847322752,1.1350854848211163,0.2790700653699278
0.6265514684044872,1.5215052847322752,1.3867695315179303,0.2790700653699278
0.6265514684044872,1.5215052847322752,1.2029830284641756,0.2790700653699278
0.6265514684044872,1.5215052847322752,1.3630155080168103,0.2602404174594356
0.6265514684044872,1.5215052847322752,1.2285218638389919,0.2602404174594356
0.6265514684044872,1.5215052847322752,1.2336787855114224,0.2602404174594356
0.6265514684044872,1.5215052847322752,1.275328284380232,0.2602404174594356
0.6265514684044872,1.5215052847322752,1.044973598995669,0.17394711638539356
0.6265514684044872,1.5215052847322752,1.0610013953221717,0.17394711638539356
0.6265514684044872,1.5215052847322752,1.1209504843675475,0.17394711638539356
0.6265514684044872,1.5215052847322752,1.2048300261421543,0.17394711638539356
0.6908592145839981,1.5215052847322752,0.9254526792598056,0.17394711638539356
0.6908592145839981,1.5215052847322752,0.8692810690615456,0.17394711638539356
0.6908592145839981,1.5215052847322752,0.9921750426098114,0.17394711638539356
0.6908592145839981,1.5215052847322752,1.0158995495363499,0.17394711638539356
0.6908592145839981,1.5215052847322752,1.0612492834982536,0.17394711638539356
0.6908592145839981,1.5215052847322752,0.9768175741023463,0.17394711638539356
0.6908592145839981,1.5215052847322752,0.9920558149985103,0.17394711638539356
0.6908592145839981,1.480561189232082,1.310174592507325,0.17394711638539356
0.6908592145839981,1.480561189232082,1.0522265189046176,0.17394711638539356
0.6908592145839981,1.480561189232082,0.9643882037962139,0.17394711638539356
0.6908592145839981,1.480561189232082,1.026718360980173,0.17394711638539356
0.6908592145839981,1.480561189232082,1.1258083174315436,0.17394711638539356
0.6908592145839981,1.480561189232082,1.0776319068780198,0.17394711638539356
0.6908592145839981,1.480561189232082,1.0599702557378052,0.17394711638539356
0.6908592145839981,1.480561189232082,1.1480382237557185,0.17394711638539356
0.6908592145839981,1.480561189232082,1.1285648261706533,0.17394711638539356
0.6908592145839981,1.480561189232082,1.0919005931501324,0.17394711638539356
0.6908592145839981,1.480561189232082,1.1790108868800706,0.17394711638539356
0.6908592145839981,1.480561189232082,1.0396367327610532,0.17394711638539356
0.6908592145839981,1.480561189232082,1.0031465114447566,0.17394711638539356
0.6908592145839981,1.480561189232082,1.2510269675069718,0.17394711638539356
0.6908592145839981,1.480561189232082,0.927862397203971,0.17394711638539356
0.6908592145839981,1.480561189232082,0.8647690654416084,0.17394711638539356
0.6908592145839981,1.480561189232082,1.0954345585664855,0.20902195663078577
0.6908592145839981,1.480561189232082,1.0794518679403784,0.20902195663078577
0.6908592145839981,1.480561189232082,1.1216875882499853,0.20902195663078577
0.6908592145839981,1.480561189232082,1.3771314808061728,0.20902195663078577
0.6908592145839981,1.480561189232082,1.0705421121151157,0.20902195663078577
0.6908592145839981,1.480561189232082,1.4680397363614839,0.20902195663078577
0.6908592145839981,1.389142036713831,1.254130067321036,0.20902195663078577
0.6908592145839981,1.389142036713831,1.1991635144202768,0.20902195663078577
0.5712109988279446,1.4464231309052296,1.4267879498645584,0.20902195663078577
0.5712109988279446,1.4464231309052296,1.5442416700193342,0.20902195663078577
0.5712109988279446,1.432569287818633,1.4091136190461089,0.20902195663078577
0.5712109988279446,1.432569287818633,1.499122369451706,0.20902195663078577
0.5712109988279446,1.369677759892161,1.869080201527006,0.20902195663078577
0.5712109988279446,1.369677759892161,1.398079357685923,0.20902195663078577
0.5712109988279446,1.369677759892161,1.9199096459589178,0.20902195663078577
0.5712109988279446,1.369677759892161,1.57025466971056,0.20902195663078577
0.5712109988279446,1.369677759892161,1.4196062571336951,0.20902195663078577
0.5712109988279446,1.369677759892161,1.5286569344662857,0.20902195663078577
0.5712109988279446,1.369677759892161,1.4287196164084899,0.20902195663078577
0.5712109988279446,1.369677759892161,1.9366620004052186,0.20902195663078577
0.5521418881144934,1.5104280877479708,1.5466410488353146,0.20902195663078577
0.5521418881144934,1.5104280877479708,1.309797726935833,0.20902195663078577
0.5521418881144934,1.5052173870980952,1.2013706965567426,0.20902195663078577
0.5521418881144934,1.5052173870980952,1.5961164326733863,0.20902195663078577
0.5521418881144934,1.5052173870980952,1.46287629755632,0.20902195663078577
0.5521418881144934,1.5052173870980952,1.4366093046193318,0.20902195663078577
0.5521418881144934,1.5052173870980952,1.4599398237563437,0.20902195663078577
0.5521418881144934,1.5052173870980952,1.0968982051547713,0.20902195663078577
0.6653092829203279,1.5052173870980952,1.055653368984401,0.20902195663078577
0.6653092829203279,1.5052173870980952,1.1345951543033297,0.20902195663078577
0.6653092829203279,1.5052173870980952,1.1981476293431066,0.20902195663078577
0.6653092829203279,1.561415842384256,1.0203490386927179,0.20902195663078577
0.6653092829203279,1.561415842384256,0.935522836764012,0.20902195663078577
0.6653092829203279,1.561415842384256,0.8767866247878784,0.20902195663078577
0.6653092829203279,1.561415842384256,1.3137375888129588,0.20902195663078577
0.6653092829203279,1.561415842384256,0.9554376698376499,0.20902195663078577
0.6653092829203279,1.561415842384256,1.0161273871264402,0.22865502111023128
0.6653092829203279,1.561415842384256,1.0540970958727536,0.22865502111023128
0.6653092829203279,1.561415842384256,0.9234339202490449,0.22865502111023128
0.6653092829203279,1.561415842384256,0.980696997578569,0.22865502111023128
0.6653092829203279,1.6428901806011411,1.20827018962158,0.3569719897406757
0.6653092829203279,1.6428901806011411,1.0073907631920225,0.3569719897406757
0.8663599125520974,1.6428901806011411,0.9037634115064398,0.3569719897406757
0.8663599125520974,1.6428901806011411,0.76858653822892,0.3569719897406757
0.8663599125520974,1.6428901806011411,0.7088010237853468,0.3283810451584002
0.8663599125520974,1.6428901806011411,0.7862408126766789,0.3283810451584002
0.8663599125520974,1.6428901806011411,0.8091737996201018,0.3283810451584002
0.8663599125520974,1.6428901806011411,0.8992749655646565,0.3283810451584002
0.8663599125520974,1.6428901806011411,0.7212728687903062,0.2305917705646716
0.7795334388717369,1.6428901806011411,0.6242539778837054,0.2305917705646716
0.7795334388717369,1.6428901806011411,0.8050848763712702,0.2526657058568574
0.7795334388717369,1.6428901806011411,0.8045083642770303,0.2526657058568574
0.7795334388717369,1.7211800287145729,0.7346576762322095,0.2526657058568574
0.7795334388717369,1.616578632743815,0.7472915822975703,0.2526657058568574
0.7795334388717369,1.616578632743815,0.8489221773936545,0.2526657058568574
0.7795334388717369,1.616578632743815,0.7450992966953773,0.2526657058568574
0.7795334388717369,1.616578632743815,0.8072852210165986,0.2526657058568574
0.7795334388717369,1.616578632743815,0.8846865326120571,0.2526657058568574
0.7795334388717369,1.43197930833581,1.0029436479782305,0.2526657058568574
0.7795334388717369,1.43197930833581,1.2756195176787481,0.2526657058568574
0.7795334388717369,1.43197930833581,1.209790777973322,0.2526657058568574
0.8689036142818025,1.43197930833581,1.025330198814715,0.2526657058568574
0.8689036142818025,1.43197930833581,0.9746161095788601,0.2526657058568574
0.8689036142818025,1.43197930833581,1.152629102572058,0.2526657058568574
0.8689036142818025,1.43197930833581,0.9432335023076853,0.2526657058568574
0.8689036142818025,1.43197930833581,0.9598145669361364,0.2526657058568574
0.8689036142818025,1.43197930833581,1.1531468256477144,0.2526657058568574
0.8689036142818025,1.43197930833581,0.969556100043625,0.2526657058568574
0.8689036142818025,1.43197930833581,0.9412122543066502,0.14337785026820812
0.8689036142818025,1.3389683800951606,0.7758950016426718,0.14337785026820812
0.8689036142818025,1.3389683800951606,0.8857286839736443,0.14337785026820812
0.8689036142818025,1.3389683800951606,1.0907259899870736,0.14337785026820812
0.8689036142818025,1.3389683800951606,0.9564271413452815,0.14337785026820812
0.8721246449047989,1.3389683800951606,1.0563576723965473,0.14337785026820812
0.8721246449047989,1.3389683800951606,1.0932323580943661,0.14337785026820812
0.8721246449047989,1.3389683800951606,0.9786192473094033,0.14337785026820812
0.8721246449047989,1.3389683800951606,1.0974019483817978,0.14337785026820812
0.8721246449047989,1.3389683800951606,1.139424047893715,0.18580379819302265
0.8721246449047989,1.5152793233746733,0.946943816050708,0.18580379819302265
0.8721246449047989,1.4825126185709296,0.9729070344006434,0.3299294265350828
0.8721246449047989,1.4825126185709296,0.978549662943301,0.3299294265350828
0.8721246449047989,1.4825126185709296,1.0028702882171159,0.3299294265350828
0.8721246449047989,1.4825126185709296,0.8787031456349419,0.3299294265350828
0.8721246449047989,1.4825126185709296,1.0447053105567286,0.3299294265350828
0.9340571575463681,1.4825126185709296,0.9589883344921744,0.3299294265350828
0.9340571575463681,1.4825126185709296,1.0876451177927722,0.3299294265350828
0.9340571575463681,1.4825126185709296,0.9771103567913964,0.3299294265350828
0.9340571575463681,1.4825126185709296,0.9372588968894153,0.3299294265350828
0.9340571575463681,1.4825126185709296,1.023267702507311,0.3299294265350828
0.9340571575463681,1.4825126185709296,0.797325030336115,0.3299294265350828
0.9340571575463681,1.4825126185709296,1.0873969364585454,0.3299294265350828
0.9340571575463681,1.4825126185709296,0.9136867103618841,0.3299294265350828
0.9340571575463681,1.4825126185709296,0.9123284185323917,0.3299294265350828
0.9340571575463681,1.583859712772446,0.897430387596514,0.3299294265350828
0.9340571575463681,1.583859712772446,0.7413701594778769,0.3299294265350828
0.9340571575463681,1.583859712772446,0.6881232422670107,0.3299294265350828
0.9340571575463681,1.583859712772446,0.8219356501700037,0.3349258453932234
0.8241739006216015,1.77424734689029,0.6660122569655164,0.3349258453932234
0.8241739006216015,1.77424734689029,0.7059366086503664,0.3349258453932234
0.8241739006216015,1.77424734689029,0.6196056161581784,0.3349258453932234
0.8241739006216015,1.77424734689029,0.6640661172673369,0.3349258453932234
0.8241739006216015,1.77424734689029,0.5906308622276083,0.3349258453932234
0.8241739006216015,1.77424734689029,0.57834376384398,0.3349258453932234
0.8241739006216015,1.640791370256701,0.7293899727387908,0.3349258453932234
0.8241739006216015,1.640791370256701,0.818499519693242,0.3349258453932234
0.8241739006216015,1.640791370256701,0.8466887161165756,0.3349258453932234
0.8241739006216015,1.640791370256701,0.8476143114816295,0.3349258453932234
0.8241739006216015,1.640791370256701,0.8800916463797847,0.3349258453932234
0.8241739006216015,1.640791370256701,0.7665857281007403,0.3349258453932234
0.8241739006216015,1.640791370256701,0.8615941594671634,0.37965288524392166
0.8241739006216015,1.640791370256701,1.0732111153218724,0.34440686384032354
0.632788172123254,1.640791370256701,0.8676628898839819,0.19660601445165715
0.632788172123254,1.640791370256701,0.888489619312306,0.29680067475138133
0.632788172123254,1.5848355173785422,1.1528243737742847,0.29680067475138133
0.632788172123254,1.5848355173785422,0.9879788019061441,0.29680067475138133
0.632788172123254,1.5848355173785422,1.1057829154283512,0.29680067475138133
0.5214113574573299,1.6583151297789842,1.1534800963342897,0.29680067475138133
0.5214113574573299,1.6583151297789842,1.0908271768649693,0.29680067475138133
0.5214113574573299,1.6583151297789842,1.1247964353093567,0.29680067475138133
0.5214113574573299,1.8287401275415658,0.9505271904239795,0.23507423321502482
0.5214113574573299,1.8287401275415658,0.8836051961009425,0.23507423321502482
0.5214113574573299,1.8287401275415658,0.9090392380485172,0.23507423321502482
0.5214113574573299,1.8287401275415658,0.9679291791994744,0.23507423321502482
0.5214113574573299,1.8160894163231496,0.8793165505373727,0.23507423321502482
0.5214113574573299,1.7170830505346995,0.9238085171034404,0.23507423321502482
0.5214113574573299,1.7170830505346995,1.1369262729177216,0.23507423321502482
0.5214113574573299,1.7170830505346995,1.148724352831819,0.23507423321502482
0.5214113574573299,1.7170830505346995,0.9688727141012328,0.2317299544632959
0.5214113574573299,1.7170830505346995,1.0104880406027519,0.2317299544632959
0.5214113574573299,1.736681816162043,0.9502537744324725,0.1680144988975153
0.5214113574573299,1.736681816162043,0.8197289385491908,0.1680144988975153
0.5214113574573299,1.736681816162043,0.8475232789910321,0.1680144988975153
0.5214113574573299,1.736681816162043,0.9490841858823059,0.1680144988975153
0.5214113574573299,1.736681816162043,0.9079797969031124,0.2549025848914854
0.5214113574573299,1.736681816162043,0.982400389858323,0.2549025848914854
0.5214113574573299,1.736681816162043,0.9327193916093942,0.2549025848914854
0.5214113574573299,1.688733821638174,0.9891527703610903,0.2549025848914854
0.5214113574573299,1.688733821638174,1.254380099263529,0.2549025848914854
0.5214113574573299,1.688733821638174,1.0746855353556453,0.2549025848914854
0.5214113574573299,1.688733821638174,1.0484876089851927,0.2549025848914854
0.5214113574573299,1.688733821638174,1.1350446185889513,0.2549025848914854
0.5214113574573299,1.688733821638174,1.0845043606015934,0.2549025848914854
0.5214113574573299,1.7071341180983148,1.14530542750719,0.2549025848914854
0.5214113574573299,1.7071341180983148,0.9446052539436346,0.2549025848914854
0.5214113574573299,1.7071341180983148,1.0075569890092484,0.2549025848914854
0.5214113574573299,1.6775466702426496,1.053923005671846,0.2549025848914854
0.5214113574573299,1.6775466702426496,1.194655162124876,0.2549025848914854
0.5214113574573299,1.8900922795322777,0.9186673924117705,0.2549025848914854
0.5214113574573299,1.8900922795322777,0.6974636932811656,0.2549025848914854
0.5214113574573299,1.8900922795322777,0.8741004107838852,0.2549025848914854
0.5214113574573299,1.7973630638216112,0.9666269327766452,0.2549025848914854
0.5214113574573299,1.7973630638216112,0.9712738526629865,0.2549025848914854
0.5214113574573299,1.7973630638216112,0.8819955271903153,0.2549025848914854
0.5214113574573299,1.7973630638216112,0.9930583115993595,0.2549025848914854
0.5214113574573299,1.7973630638216112,0.9198306095767328,0.2549025848914854
0.5214113574573299,1.7973630638216112,0.8428572966512635,0.2549025848914854
0.5214113574573299,1.7973630638216112,0.9126564111743023,0.2549025848914854
0.5214113574573299,1.7973630638216112,0.7840335199456524,0.3536160924287703
0.5214113574573299,1.7973630638216112,1.0508306903990587,0.3536160924287703
0.5214113574573299,1.7973630638216112,1.1853912769531505,0.3536160924287703
0.5214113574573299,1.7973630638216112,0.8228506922837793,0.20424247021670416
0.5214113574573299,1.7973630638216112,0.9345474852937309,0.20424247021670416
0.5214113574573299,1.7973630638216112,0.8749369854827986,0.20424247021670416
0.5214113574573299,1.7973630638216112,0.8976286382789784,0.20424247021670416
0.5214113574573299,1.7973630638216112,0.9233014086214448,0.20424247021670416
0.5214113574573299,1.7973630638216112,0.9133625002359783,0.20424247021670416
0.5214113574573299,1.7973630638216112,0.864382904786288,0.20424247021670416
0.5214113574573299,1.7973630638216112,0.8831508704582207,0.20424247021670416
0.5214113574573299,1.7973630638216112,0.9574515245387661,0.20424247021670416
0.5214113574573299,1.7973630638216112,0.8850159262526707,0.20424247021670416
0.5214113574573299,1.7973630638216112,0.8573200852401542,0.32595459860697357
0.5214113574573299,1.7973630638216112,1.050181381894571,0.32595459860697357
0.5214113574573299,1.7973630638216112,1.0424499872528,0.32595459860697357
0.5214113574573299,1.7973630638216112,0.9956886004170961,0.32595459860697357
0.5214113574573299,1.7973630638216112,1.0399811109329262,0.32595459860697357
0.5214113574573299,1.7973630638216112,0.8957232627883386,0.32595459860697357
0.5214113574573299,1.7973630638216112,1.1515894294120006,0.32595459860697357
0.5214113574573299,1.7973630638216112,0.912691998297721,0.32595459860697357
0.5214113574573299,1.7973630638216112,1.0238518073736158,0.32595459860697357
0.5214113574573299,1.7973630638216112,0.9335157498533712,0.32595459860697357
0.5154770415937611,1.7973630638216112,0.9534277449092419,0.32595459860697357
0.5154770415937611,1.7973630638216112,0.9087732284672876,0.32595459860697357
0.5154770415937611,1.7973630638216112,1.1047055628508966,0.32595459860697357
0.5154770415937611,1.7973630638216112,0.9271772374842501,0.32595459860697357
0.5154770415937611,1.7973630638216112,1.02647714086048,0.32595459860697357
0.5154770415937611,1.7973630638216112,0.8745282535621741,0.32595459860697357
0.5154770415937611,1.7973630638216112,1.0510045768128065,0.32595459860697357
0.5154770415937611,1.8159750676217792,0.9648722359047747,0.2467536500920336
0.5154770415937611,1.8159750676217792,0.9281080098960716,0.2467536500920336
0.5154770415937611,1.8159750676217792,0.8658150610790869,0.2467536500920336
0.5154770415937611,1.8501581640493137,0.888852032638262,0.2467536500920336
0.5154770415937611,1.828356846967489,0.8049542394024158,0.2467536500920336
0.5154770415937611,1.828356846967489,0.888278965977393,0.2467536500920336
0.5154770415937611,1.828356846967489,0.7352893930060144,0.2467536500920336
0.5154770415937611,1.828356846967489,0.9170106081699284,0.2467536500920336
0.5154770415937611,1.828356846967489,0.8742860116356359,0.2467536500920336
0.5154770415937611,1.828356846967489,0.762937094703781,0.2467536500920336
0.5154770415937611,1.828356846967489,1.0368232491131104,0.2467536500920336
0.4382114146190209,1.828356846967489,0.8995453637289967,0.2467536500920336
0.4382114146190209,1.8682881226077592,0.9975274107360521,0.2467536500920336
0.4382114146190209,1.9492800034596338,0.8527070087068754,0.2467536500920336
0.4382114146190209,1.9492800034596338,0.8548294892593663,0.31047746825035505
0.4382114146190209,1.9492800034596338,1.0942953374368363,0.31047746825035505
0.4382114146190209,1.9492800034596338,0.9416278682253748,0.31047746825035505
0.4382114146190209,1.9492800034596338,0.8430069681147678,0.31047746825035505
0.4382114146190209,1.9492800034596338,0.9175953594458884,0.31047746825035505
0.4382114146190209,1.9492800034596338,0.8158797502156059,0.3551770049970173
0.4382114146190209,1.9492800034596338,0.9646533280392371,0.3551770049970173
0.4382114146190209,1.9492800034596338,0.9434406730410139,0.3551770049970173
0.4382114146190209,1.9492800034596338,0.8650231294177866,0.3551770049970173
0.4382114146190209,1.9492800034596338,1.0669604727434812,0.3551770049970173
0.4382114146190209,1.9492800034596338,0.9772475708250057,0.3551770049970173
0.4382114146190209,1.9492800034596338,0.8936844817722907,0.3551770049970173
0.4382114146190209,1.9492800034596338,0.8006793509368912,0.3551770049970173
0.4382114146190209,1.9492800034596338,1.048686476067238,0.3551770049970173
0.4382114146190209,1.9287715365445046,1.0528848771248083,0.47472325719590436
0.4382114146190209,1.9287715365445046,1.1286553507474228,0.47472325719590436
0.4382114146190209,1.9287715365445046,1.0429874317687557,0.5312272534364827
0.4382114146190209,1.9287715365445046,1.1020305621930109,0.49148906849860285
0.450199432615444,1.9287715365445046,0.9475107762692274,0.49148906849860285
0.450199432615444,1.9287715365445046,1.0408433342390973,0.2535840271111185
0.450199432615444,1.9287715365445046,0.899603874243662,0.2535840271111185
0.450199432615444,1.9287715365445046,0.8424614877465857,0.2535840271111185
0.450199432615444,1.9287715365445046,0.8513280971159146,0.2535840271111185
0.450199432615444,1.9287715365445046,0.9057226111047935,0.2535840271111185
0.450199432615444,1.9287715365445046,0.851108036123231,0.2535840271111185
0.450199432615444,1.9287715365445046,0.8304592643335121,0.3483224208346433
0.450199432615444,1.9287715365445046,0.8452333302397158,0.3483224208346433
0.5215341593958589,1.9287715365445046,0.9273654600443967,0.3483224208346433
0.5215341593958589,1.9287715365445046,0.7714487404127233,0.3483224208346433
0.5215341593958589,1.9287715365445046,0.7634159786162443,0.3483224208346433
0.5215341593958589,1.9287715365445046,0.7546505787951449,0.3483224208346433
0.5215341593958589,1.8677750572933303,0.8124956742791388,0.3483224208346433
0.5215341593958589,1.8677750572933303,0.9412220154130378,0.3483224208346433
0.5215341593958589,1.8677750572933303,0.8347779159831278,0.3483224208346433
0.5215341593958589,1.9546803010061038,0.7407329225279461,0.3483224208346433
0.5215341593958589,1.972965192180385,0.6795058020210325,0.3483224208346433
0.5215341593958589,2.050527054036384,0.6295378130029662,0.3483224208346433
0.5456634379101798,2.050527054036384,0.6279524455566843,0.3483224208346433
0.5456634379101798,2.050527054036384,0.639246280667796,0.3483224208346433
0.5456634379101798,2.050527054036384,0.5980794037719542,0.4327702125668233
0.5456634379101798,2.050527054036384,0.6223298275313556,0.4327702125668233
0.5456634379101798,2.050527054036384,0.6309340681419973,0.562940735902333
0.5456634379101798,2.050527054036384,0.7835089881879624,0.562940735902333
0.5456634379101798,2.0459424654451257,0.74137420594116,0.562940735902333
0.5456634379101798,2.0459424654451257,0.7170086639109822,0.562940735902333
0.5456634379101798,2.0459424654451257,0.7271242754883983,0.5273224846359994
0.5456634379101798,2.0459424654451257,0.651709558113722,0.5273224846359994
0.5456634379101798,2.0459424654451257,0.7522710328752643,0.5273224846359994
0.5198363168427441,2.0459424654451257,0.7139660303633975,0.5560900114958093
0.5198363168427441,2.0459424654451257,0.750556060445087,0.5560900114958093
0.5198363168427441,2.0459424654451257,0.7201303378403391,0.5920920372302555
0.5198363168427441,2.0459424654451257,0.7709359887867258,0.524091308967493
0.5198363168427441,2.0459424654451257,0.7437986397883167,0.3327651957149222
0.5198363168427441,2.0459424654451257,0.6826289070401782,0.3327651957149222
0.5861850326860194,2.0459424654451257,0.5825286576420835,0.3981021070091999
0.5861850326860194,2.0459424654451257,0.5821994483422515,0.3981021070091999
0.5861850326860194,2.0459424654451257,0.5853180820641624,0.3981021070091999
0.5861850326860194,2.0459424654451257,0.6265776007270312,0.3981021070091999
0.5861850326860194,2.0459424654451257,0.5713046017671967,0.3981021070091999
0.5861850326860194,2.0459424654451257,0.5586458185716827,0.3981021070091999
0.5861850326860194,2.0459424654451257,0.5744060692139102,0.3981021070091999
0.5861850326860194,2.0459424654451257,0.5721285718181937,0.3981021070091999
0.5861850326860194,2.0459424654451257,0.553135117867745,0.3981021070091999
0.5861850326860194,1.9895172436763993,0.6196066787657958,0.3981021070091999
0.5861850326860194,1.9895172436763993,0.6947448253300783,0.3981021070091999
0.5861850326860194,1.9895172436763993,0.6176876172695916,0.3981021070091999
0.5861850326860194,1.9895172436763993,0.7015865725836996,0.3981021070091999
0.5861850326860194,1.9895172436763993,0.6579366342487306,0.3981021070091999
0.5861850326860194,1.9895172436763993,0.6428792109762156,0.3981021070091999
0.5861850326860194,1.9895172436763993,0.6634277814593953,0.3981021070091999
0.5861850326860194,1.9895172436763993,0.741328002213455,0.3981021070091999
0.5861850326860194,1.9895172436763993,0.6229501584100142,0.3981021070091999
0.5861850326860194,1.9895172436763993,0.6264490455350014,0.3981021070091999
0.5861850326860194,1.9895172436763993,0.7907219106883653,0.3981021070091999
0.5861850326860194,1.9895172436763993,0.6082604667417805,0.3252438521051154
0.5861850326860194,1.9895172436763993,0.6258989891460592,0.3252438521051154
0.5861850326860194,1.9895172436763993,0.6475465322902832,0.3252438521051154
0.5861850326860194,1.9895172436763993,0.534385205675001,0.3252438521051154
0.5861850326860194,1.9895172436763993,0.5120031372513526,0.3252438521051154
0.5861850326860194,1.9895172436763993,0.6333895737245169,0.3252438521051154
0.5861850326860194,1.9895172436763993,0.6071009045978095,0.3252438521051154
0.5861850326860194,1.9895172436763993,0.6117037786856437,0.3252438521051154
0.5861850326860194,1.9895172436763993,0.6436707979208183,0.3252438521051154
0.5861850326860194,1.9895172436763993,0.5997725906529348,0.3252438521051154
0.5861850326860194,1.9895172436763993,0.6698811687178197,0.29134906563971563
0.5861850326860194,1.9895172436763993,0.6328213796091319,0.29134906563971563
0.5861850326860194,1.9895172436763993,0.5692941343885755,0.29134906563971563
0.5861850326860194,1.9895172436763993,0.5551493718486983,0.29134906563971563
0.5861850326860194,1.9895172436763993,0.618920715211768,0.4488404823663318
0.5861850326860194,1.9895172436763993,0.700472164283355,0.4488404823663318
0.6390630991577259,1.9895172436763993,0.7052789653414543,0.4488404823663318
0.6390630991577259,1.9895172436763993,0.5994226181350791,0.4488404823663318
0.6390630991577259,2.0512338817877716,0.5429061358213962,0.44175637830079273
0.6390630991577259,2.0512338817877716,0.5637336876537481,0.44175637830079273
0.6390630991577259,2.0512338817877716,0.6139383023360357,0.44175637830079273
0.6390630991577259,2.0512338817877716,0.5510014962067653,0.44175637830079273
0.6390630991577259,2.0512338817877716,0.5747819111798624,0.44175637830079273
0.6390630991577259,2.0512338817877716,0.5078494474394816,0.49105310767844235
0.6390630991577259,2.0512338817877716,0.5506369274880872,0.49105310767844235
0.6390630991577259,2.0512338817877716,0.5398655818181827,0.49105310767844235
0.6390630991577259,2.0512338817877716,0.5881621409662074,0.42348030130693987
0.6390630991577259,2.0512338817877716,0.5012284745469163,0.42348030130693987
0.6390630991577259,2.0512338817877716,0.5155869524203799,0.42348030130693987
0.6390630991577259,2.0512338817877716,0.4949900696627479,0.33880033541527327
0.6390630991577259,2.0512338817877716,0.5276164860733241,0.5107579474000463
0.6390630991577259,2.0512338817877716,0.5479531218611301,0.4094368750900155
0.6390630991577259,2.0512338817877716,0.551315588806085,0.4094368750900155
0.6390630991577259,2.0512338817877716,0.6269678430540152,0.4094368750900155
0.6390630991577259,2.0512338817877716,0.5524561586240728,0.4094368750900155
0.6390630991577259,2.0512338817877716,0.5587528319648013,0.4094368750900155
0.6390630991577259,2.0512338817877716,0.512310246307545,0.4094368750900155
0.6390630991577259,2.0512338817877716,0.6302156607290083,0.4094368750900155
0.6390630991577259,2.0512338817877716,0.5544631691832715,0.4094368750900155
0.6390630991577259,2.0512338817877716,0.5266025606661078,0.4094368750900155
0.6390630991577259,2.0512338817877716,0.5000371877015135,0.4094368750900155
0.6390630991577259,2.0512338817877716,0.58220432679073,0.4094368750900155
0.6390630991577259,2.0512338817877716,0.5916300513891951,0.4094368750900155
0.6390630991577259,2.0512338817877716,0.5218593294433249,0.4094368750900155
0.6390630991577259,2.0512338817877716,0.5613022453338466,0.4094368750900155
0.6390630991577259,2.0512338817877716,0.5296728290918924,0.4094368750900155
0.6390630991577259,2.0512338817877716,0.5892544025587513,0.4094368750900155
0.6390630991577259,2.0512338817877716,0.5641048386271029,0.4094368750900155
0.6390630991577259,2.0512338817877716,0.5540749840546219,0.4094368750900155
0.6390630991577259,2.0512338817877716,0.5898221173224655,0.4094368750900155
0.6390630991577259,2.0512338817877716,0.5399788203253352,0.4094368750900155
0.6390630991577259,2.0512338817877716,0.5613511356530231,0.4094368750900155
0.6390630991577259,2.0512338817877716,0.562427365771402,0.4753673494662593
0.6390630991577259,2.0512338817877716,0.6303058385320887,0.4753673494662593
0.6390630991577259,2.0512338817877716,0.5652927610391485,0.4451646995560576
0.6390630991577259,2.0512338817877716,0.5027068395428166,0.4451646995560576
0.5153397347585118,2.0512338817877716,0.5900088589429257,0.4451646995560576
0.5153397347585118,2.0512338817877716,0.6364087962360566,0.4451646995560576
0.5153397347585118,2.0512338817877716,0.7791638683579598,0.4451646995560576
0.5153397347585118,2.0512338817877716,0.655183504380855,0.3857147087685541
0.5153397347585118,2.0512338817877716,0.7246114589797509,0.3857147087685541
0.5153397347585118,2.0512338817877716,0.6536019854340603,0.3857147087685541
0.5153397347585118,2.0512338817877716,0.6731564350301317,0.3857147087685541
0.5153397347585118,1.918531901076269,0.6761620522756845,0.24875840751238665
0.5041013113421131,1.918531901076269,0.6371159161233871,0.24875840751238665
0.5041013113421131,1.918531901076269,0.7826363880699713,0.24875840751238665
0.5041013113421131,1.918531901076269,0.757429502607192,0.24875840751238665
0.5041013113421131,1.918531901076269,0.6877536374079568,0.24875840751238665
0.5041013113421131,1.918531901076269,0.7940862181721182,0.24875840751238665
0.5041013113421131,1.918531901076269,0.6683395513957255,0.24875840751238665
0.5041013113421131,1.918531901076269,0.7930849338155521,0.24875840751238665
0.5041013113421131,1.918531901076269,0.6946901527789991,0.24875840751238665
0.5041013113421131,1.918531901076269,0.8607710286063404,0.24875840751238665
0.5041013113421131,1.918531901076269,0.7514723597049925,0.349323919947779
0.5041013113421131,1.918531901076269,0.9340658061478685,0.349323919947779
0.5041013113421131,1.918531901076269,0.8065652714206399,0.349323919947779
0.5041013113421131,1.918531901076269,0.9233568352468932,0.349323919947779
0.5041013113421131,1.918531901076269,0.8560473950794081,0.349323919947779
0.5041013113421131,1.918531901076269,0.8601193804427789,0.349323919947779
0.5041013113421131,1.918531901076269,0.8294267979821076,0.349323919947779
0.5041013113421131,1.918531901076269,0.8223719940167357,0.349323919947779
0.5041013113421131,1.918531901076269,0.7681732538933587,0.349323919947779
0.5041013113421131,1.918531901076269,0.7973400186676444,0.349323919947779
0.5041013113421131,1.918531901076269,0.7438209422863569,0.349323919947779
0.5041013113421131,1.918531901076269,0.8457514763104172,0.349323919947779
0.5041013113421131,1.918531901076269,0.7512130164429667,0.349323919947779
0.5041013113421131,1.918531901076269,0.9648467155745984,0.4051356774151544
0.5041013113421131,1.918531901076269,0.8363341568319924,0.4051356774151544
0.5041013113421131,1.918531901076269,0.7951112454762587,0.406527673359817
0.5041013113421131,1.918531901076269,0.9502450052435063,0.406527673359817
0.5041013113421131,1.918531901076269,0.86726437292223,0.406527673359817
0.5041013113421131,1.918531901076269,0.8284356483409583,0.406527673359817
0.6440301574102234,1.918531901076269,0.7310922611593792,0.3373932655676019
0.6440301574102234,1.918531901076269,0.642015761112088,0.3373932655676019
0.6440301574102234,1.918531901076269,0.6697309606360118,0.282983724792387
0.6440301574102234,1.918531901076269,0.675015533451999,0.282983724792387
0.6440301574102234,1.8230735613466464,0.6700011728591264,0.282983724792387
0.6440301574102234,1.8230735613466464,0.7102486285200266,0.282983724792387
0.6440301574102234,1.8230735613466464,0.7789075106019747,0.282983724792387
0.6440301574102234,1.8230735613466464,0.7394169014921955,0.2902539707453916
0.6440301574102234,1.8230735613466464,0.6988069615632845,0.2902539707453916
0.6440301574102234,1.8230735613466464,0.5940026098973455,0.2902539707453916
0.6440301574102234,1.8230735613466464,0.748597485525248,0.2902539707453916
0.6440301574102234,1.8230735613466464,0.6328371258623817,0.2902539707453916
0.6440301574102234,1.7624115556522486,0.6828063792165919,0.2902539707453916
0.6440301574102234,1.7624115556522486,0.7604812369591205,0.2902539707453916
0.6440301574102234,1.7624115556522486,0.818167661410312,0.2902539707453916
0.6440301574102234,1.7624115556522486,0.8246767874445579,0.2902539707453916
0.6440301574102234,1.7624115556522486,0.8701497109510177,0.2902539707453916
0.6440301574102234,1.7624115556522486,0.7236950246034078,0.2902539707453916
0.6440301574102234,1.7624115556522486,0.6584837006342409,0.2902539707453916
0.6440301574102234,1.7624115556522486,0.8149173072888951,0.2902539707453916
0.6440301574102234,1.7624115556522486,0.75892563742488,0.2902539707453916
0.6440301574102234,1.7624115556522486,0.8580582845583978,0.2902539707453916
0.6440301574102234,1.7624115556522486,0.7001895205109094,0.2902539707453916
0.6440301574102234,1.7624115556522486,0.834155736754232,0.2902539707453916
0.6440301574102234,1.7624115556522486,0.8646169778761521,0.2902539707453916
0.6440301574102234,1.7624115556522486,0.7342688085002552,0.2902539707453916
0.6440301574102234,1.7624115556522486,0.8067932468784732,0.2902539707453916
0.6440301574102234,1.7624115556522486,0.7251659262736657,0.2902539707453916
0.6440301574102234,1.750451362998975,0.758285829579223,0.2902539707453916
0.6440301574102234,1.750451362998975,0.9870660697172147,0.2902539707453916
0.6440301574102234,1.750451362998975,0.8219639242269393,0.2902539707453916
0.6440301574102234,1.750451362998975,0.7414002555248909,0.2902539707453916
0.6440301574102234,1.750451362998975,0.8741346015131187,0.2902539707453916
0.6440301574102234,1.7716042125060485,0.8264275419356478,0.2902539707453916
0.6440301574102234,1.7716042125060485,0.9418297443277515,0.2902539707453916
0.6440301574102234,1.7716042125060485,0.7286021060779737,0.2902539707453916
0.6440301574102234,1.7716042125060485,0.7718493579947517,0.2902539707453916
0.6440301574102234,1.8542275973018985,0.7392580763947647,0.2902539707453916
0.6440301574102234,1.8542275973018985,0.6840240867854819,0.2902539707453916
0.6440301574102234,1.8542275973018985,0.6624152565860467,0.2902539707453916
0.6440301574102234,1.8542275973018985,0.6978672817992576,0.2787652590430812
0.6440301574102234,1.8542275973018985,0.5628258151745001,0.2787652590430812
0.6440301574102234,1.8542275973018985,0.6472857521005425,0.2787652590430812
0.6440301574102234,1.8542275973018985,0.7167939687582348,0.2787652590430812
0.6440301574102234,1.8500159235994957,0.6945641867742774,0.2787652590430812
0.6440301574102234,1.8500159235994957,0.8535912059494513,0.26549069016739874
0.6440301574102234,1.8500159235994957,0.662344007568914,0.2295474832967997
0.6440301574102234,1.8500159235994957,0.7127158949977872,0.2295474832967997
0.6440301574102234,1.7404378199564086,0.7246519079637385,0.2295474832967997
0.6440301574102234,1.7404378199564086,0.7427943707950777,0.2295474832967997
0.6440301574102234,1.7404378199564086,0.7071911767738748,0.2295474832967997
0.6440301574102234,1.7404378199564086,0.7367761169797072,0.2295474832967997
0.6440301574102234,1.6149064647171034,0.9100021377827423,0.2295474832967997
0.6440301574102234,1.6149064647171034,0.7724104101109333,0.2295474832967997
0.6440301574102234,1.6149064647171034,1.0149848872378993,0.2295474832967997
0.6440301574102234,1.6149064647171034,0.8735520202825612,0.2295474832967997
0.6440301574102234,1.6149064647171034,1.0105118837227849,0.2295474832967997
0.6440301574102234,1.6149064647171034,0.8634465315228954,0.2295474832967997
0.6440301574102234,1.6149064647171034,0.9937895144630647,0.2295474832967997
0.6440301574102234,1.6149064647171034,1.0624161040960345,0.2295474832967997
0.6440301574102234,1.6149064647171034,0.9414944210506717,0.2295474832967997
0.6440301574102234,1.6149064647171034,1.0568714128137646,0.2295474832967997
0.6440301574102234,1.6149064647171034,0.9431922956431591,0.18374886557009054
0.6861171180354755,1.6149064647171034,0.9285081422401108,0.18374886557009054
0.6861171180354755,1.6149064647171034,0.9746315796702102,0.18374886557009054
0.6861171180354755,1.6149064647171034,0.9225353575129464,0.18374886557009054
0.6861171180354755,1.6149064647171034,0.903189724219432,0.18374886557009054
0.6867365034437346,1.6149064647171034,1.0109136705044297,0.18374886557009054
0.6867365034437346,1.6149064647171034,0.994335512333836,0.18374886557009054
0.6867365034437346,1.6149064647171034,0.8906651721881604,0.23112520109414228
0.6867365034437346,1.6149064647171034,1.038194201296889,0.23112520109414228
0.6867365034437346,1.6149064647171034,0.9217697176981352,0.23112520109414228
0.6895601491678942,1.6149064647171034,1.0072126042046297,0.23112520109414228
0.6895601491678942,1.6149064647171034,0.9880153749600931,0.23112520109414228
0.6895601491678942,1.6149064647171034,0.819393261209459,0.23112520109414228
0.6895601491678942,1.6149064647171034,1.066272378915155,0.23112520109414228
0.6895601491678942,1.6149064647171034,0.8409539361307627,0.23112520109414228
0.6895601491678942,1.6149064647171034,0.9425135381149398,0.23112520109414228
0.6895601491678942,1.6149064647171034,0.9831974583801484,0.23112520109414228
0.6895601491678942,1.6149064647171034,0.9493419177267605,0.23112520109414228
0.6895601491678942,1.6149064647171034,1.0389263063574303,0.23112520109414228
0.6895601491678942,1.6149064647171034,0.9451419561867059,0.23112520109414228
0.6895601491678942,1.6149064647171034,0.8865662271137308,0.23112520109414228
0.6895601491678942,1.6149064647171034,0.9301200053618259,0.23112520109414228
0.6895601491678942,1.6149064647171034,0.7876053192807903,0.20777839809296406
0.6895601491678942,1.6149064647171034,0.9271542404196731,0.20777839809296406
0.6895601491678942,1.6149064647171034,0.9723610026725473,0.21087967509311953
0.6895601491678942,1.6149064647171034,0.9161025841663138,0.21087967509311953
0.6895601491678942,1.6149064647171034,0.8331893530984236,0.21087967509311953
0.6895601491678942,1.6149064647171034,0.9946821887731244,0.21087967509311953
0.6895601491678942,1.6149064647171034,0.8290574829726107,0.21087967509311953
0.6895601491678942,1.6149064647171034,0.8618768736286861,0.21087967509311953
0.6895601491678942,1.6149064647171034,0.9697541045284614,0.21087967509311953
0.6895601491678942,1.6149064647171034,0.8499800685400588,0.21087967509311953
0.6895601491678942,1.6149064647171034,0.9297618505151344,0.21087967509311953
0.66626799654489,1.6149064647171034,0.9657095022438422,0.21087967509311953
0.66626799654489,1.6149064647171034,0.8915402871122335,0.21087967509311953
0.66626799654489,1.6149064647171034,0.9912312958681063,0.3484981558899685
0.66626799654489,1.6149064647171034,1.195336459310877,0.3484981558899685
0.66626799654489,1.6149064647171034,1.0328730854387376,0.3484981558899685
0.66626799654489,1.6149064647171034,1.101626680397091,0.3484981558899685
0.66626799654489,1.6149064647171034,1.0107481937746614,0.3484981558899685
0.66626799654489,1.6149064647171034,0.9184576753439385,0.3484981558899685
0.66626799654489,1.6149064647171034,1.1467525290690705,0.3484981558899685
0.66626799654489,1.6149064647171034,1.0920107614898844,0.3484981558899685
0.66626799654489,1.6149064647171034,0.9645940876389184,0.3484981558899685
0.66626799654489,1.6149064647171034,1.2054212025422275,0.3634368305380599
0.66626799654489,1.6149064647171034,0.9809525999291834,0.3634368305380599
0.8376491303417144,1.6149064647171034,0.975382677558919,0.3634368305380599
0.8376491303417144,1.6149064647171034,0.7579791918762289,0.3634368305380599
0.8376491303417144,1.6149064647171034,0.839750210750571,0.3634368305380599
0.8376491303417144,1.6149064647171034,0.8399512020026743,0.3634368305380599
0.8376491303417144,1.6149064647171034,0.8881326907264129,0.3634368305380599
0.8376491303417144,1.6149064647171034,0.8627463636782251,0.3634368305380599
0.8376491303417144,1.6149064647171034,0.8439283013033438,0.3634368305380599
0.9547839295206961,1.6149064647171034,0.8541557465225504,0.3634368305380599
0.9547839295206961,1.6149064647171034,0.7387546236918009,0.2875320692127945
0.9547839295206961,1.6149064647171034,0.6985420027120303,0.2875320692127945
0.9547839295206961,1.6149064647171034,0.7930090797666499,0.34406950425692334
0.9547839295206961,1.6149064647171034,0.7024241919570492,0.29346795812733933
0.9547839295206961,1.6149064647171034,0.7494544227655154,0.29346795812733933
0.9547839295206961,1.6149064647171034,0.8377775863757314,0.29346795812733933
0.9547839295206961,1.6149064647171034,0.7342206283748283,0.29346795812733933
0.9547839295206961,1.6149064647171034,0.7382975387908699,0.29346795812733933
0.9547839295206961,1.6149064647171034,0.6291218833009059,0.26253928160340845
0.9547839295206961,1.6149064647171034,0.7037128005491485,0.26253928160340845
0.8773752417453794,1.6149064647171034,0.6683218167289872,0.36592522330208394
0.8773752417453794,1.6149064647171034,0.8664227160703701,0.36592522330208394
0.8773752417453794,1.6149064647171034,0.7904951119930032,0.36592522330208394
0.8773752417453794,1.6149064647171034,0.8865886504172822,0.35091014208363086
0.8773752417453794,1.6149064647171034,0.7260063668908074,0.35091014208363086
0.8773752417453794,1.6149064647171034,0.8106557984838242,0.35091014208363086
0.8773752417453794,1.6149064647171034,0.708796107138161,0.35091014208363086
0.8773752417453794,1.6149064647171034,0.73161936392612,0.23599511781964305
0.8773752417453794,1.6149064647171034,0.7226798633422095,0.23599511781964305
0.8773752417453794,1.6149064647171034,0.6599708682890701,0.2894077333684346
0.8773752417453794,1.6149064647171034,0.8209546995061167,0.2894077333684346
0.8773752417453794,1.6149064647171034,0.7724533216910987,0.2894077333684346
0.8773752417453794,1.6149064647171034,0.7269985799352152,0.2894077333684346
0.8773752417453794,1.6149064647171034,0.679285309597716,0.23205455182231127
0.8773752417453794,1.6837331630748502,0.5988030916267102,0.23205455182231127
0.8773752417453794,1.6837331630748502,0.7072681296032668,0.23205455182231127
0.8773752417453794,1.6837331630748502,0.6580383602776227,0.23205455182231127
0.8773752417453794,1.6837331630748502,0.6834952020661996,0.23205455182231127
0.8773752417453794,1.6837331630748502,0.662085267626849,0.23205455182231127
0.8773752417453794,1.6837331630748502,0.5204031522132286,0.23205455182231127
0.8773752417453794,1.6837331630748502,0.7872043437875,0.3947876016891878
0.8773752417453794,1.6837331630748502,0.6815097689626683,0.3947876016891878
0.9740463342990933,1.6837331630748502,0.7342549354349527,0.3947876016891878
0.9740463342990933,1.6837331630748502,0.733789183046725,0.3947876016891878
0.9740463342990933,1.6837331630748502,0.7315166768557185,0.3947876016891878
0.9740463342990933,1.707107290019146,0.7255440105840136,0.3947876016891878
0.9581584230782406,1.707107290019146,0.6280058782831951,0.3947876016891878
0.9581584230782406,1.707107290019146,0.658475105982328,0.3947876016891878
0.9581584230782406,1.707107290019146,0.6334476885264362,0.3947876016891878
0.9581584230782406,1.707107290019146,0.5758399804547494,0.3947876016891878
0.9581584230782406,1.707107290019146,0.5968813411902927,0.3947876016891878
0.9581584230782406,1.707107290019146,0.6109775771851105,0.3947876016891878
0.9581584230782406,1.6025234904142223,0.8343650786400594,0.3947876016891878
1.0300652978262608,1.6025234904142223,0.8241591247814609,0.3947876016891878
1.0300652978262608,1.6025234904142223,0.6716059021389466,0.3947876016891878
1.0251507061330418,1.6025234904142223,0.7391396175943616,0.3947876016891878
1.0251507061330418,1.661194204877519,0.7134421639322515,0.3947876016891878
1.0251507061330418,1.661194204877519,0.6232813453895714,0.3947876016891878
1.0251507061330418,1.661194204877519,0.6183562347327869,0.42726591154605487
1.0251507061330418,1.661194204877519,0.637704296878788,0.42726591154605487
1.0251507061330418,1.661194204877519,0.7052457350987242,0.4230793940466028
1.0251507061330418,1.661194204877519,0.7337550433471702,0.4230793940466028
1.0251507061330418,1.661194204877519,0.6327399738770458,0.4230793940466028
1.0251507061330418,1.6148243398628743,0.7356211953574177,0.4230793940466028
1.0251507061330418,1.6148243398628743,0.8061791896858985,0.4230793940466028
1.023983333858899,1.6148243398628743,0.8198161598067092,0.4230793940466028
1.023983333858899,1.6148243398628743,0.7493402697115565,0.4230793940466028
1.023983333858899,1.6148243398628743,0.8180145037855419,0.4230793940466028
1.023983333858899,1.6148243398628743,0.7016721475985356,0.41760309271754115
1.023983333858899,1.6148243398628743,0.7387760643357878,0.41760309271754115
1.023983333858899,1.6148243398628743,0.8530092939142035,0.41760309271754115
1.023983333858899,1.6148243398628743,0.6779328480708022,0.41760309271754115
1.023983333858899,1.6148243398628743,0.9073019830997675,0.41760309271754115
1.023983333858899,1.6148243398628743,0.6070558998526575,0.42909492245889597
1.023983333858899,1.6148243398628743,0.747275158420533,0.39603586385688705
0.842986243121669,1.6148243398628743,0.7318542633442132,0.39603586385688705
0.842986243121669,1.6148243398628743,0.867712079069753,0.39603586385688705
0.842986243121669,1.6148243398628743,0.923698016286416,0.39603586385688705
0.842986243121669,1.6148243398628743,0.9388377878731657,0.39603586385688705
0.842986243121669,1.6148243398628743,0.8775270012228412,0.39603586385688705
0.8872918210771663,1.6148243398628743,0.8217981486530562,0.39603586385688705
0.8872918210771663,1.6148243398628743,0.8358300409606942,0.39603586385688705
0.8872918210771663,1.6051609253160404,0.7891770383867245,0.39603586385688705
0.8872918210771663,1.6051609253160404,0.7986020045309625,0.29476273566537026
0.8872918210771663,1.6051609253160404,0.880075607553506,0.29476273566537026
0.8872918210771663,1.6051609253160404,0.7126955582890362,0.23149361377562414
0.8872918210771663,1.6051609253160404,0.8018275853145075,0.23149361377562414
0.8872918210771663,1.568323923686228,0.745938563531547,0.23149361377562414
0.8872918210771663,1.568323923686228,0.754593430644071,0.23149361377562414
0.8872918210771663,1.568323923686228,0.7858725566302426,0.23149361377562414
0.8872918210771663,1.568323923686228,0.769437362162029,0.23149361377562414
0.8872918210771663,1.568323923686228,0.8490204157269602,0.23149361377562414
0.9859045069968775,1.453974992444237,0.808489468749382,0.23149361377562414
0.9859045069968775,1.453974992444237,0.7034666481345564,0.23149361377562414
0.9859045069968775,1.453974992444237,0.878242419899162,0.23149361377562414
0.9859045069968775,1.453974992444237,0.9308440247304453,0.23149361377562414
0.9859045069968775,1.5204539273129711,0.7274233894884118,0.23149361377562414
0.9859045069968775,1.5204539273129711,0.7321345432552433,0.23149361377562414
0.9859045069968775,1.5204539273129711,0.7255722915680304,0.23149361377562414
0.9859045069968775,1.5204539273129711,0.8928279947965847,0.23149361377562414
0.9859045069968775,1.5204539273129711,0.7708047839676129,0.23149361377562414
0.9859045069968775,1.5204539273129711,0.706942233764704,0.23149361377562414
0.9859045069968775,1.5204539273129711,0.7973981411321367,0.23149361377562414
0.9859045069968775,1.5204539273129711,0.6679759104556595,0.23149361377562414
0.9859045069968775,1.5204539273129711,0.892086825969503,0.23149361377562414
0.9859045069968775,1.5204539273129711,0.7327481674881676,0.23149361377562414
0.9859045069968775,1.5204539273129711,0.7648168664978956,0.23149361377562414
0.9859045069968775,1.5204539273129711,0.7435113134850453,0.23149361377562414
0.9859045069968775,1.5204539273129711,0.6708964524173869,0.23149361377562414
0.9859045069968775,1.5204539273129711,0.7167566828460136,0.23149361377562414
0.9859045069968775,1.5204539273129711,0.849830878471074,0.3163346018877491
0.9859045069968775,1.5204539273129711,0.7838499855558659,0.3163346018877491
0.9859045069968775,1.5204539273129711,0.9256664086078586,0.3563428055219346
0.9726859254659513,1.5204539273129711,0.8309425879873019,0.3563428055219346
0.9726859254659513,1.5204539273129711,0.9248379393967311,0.25715810193799626
0.9726859254659513,1.5204539273129711,0.8285737654755226,0.25715810193799626
0.9726859254659513,1.5204539273129711,0.6306061323761593,0.25715810193799626
1.0080543033825722,1.5204539273129711,0.6657411748625994,0.25715810193799626
1.0080543033825722,1.5204539273129711,0.9494166871366801,0.25715810193799626
1.0080543033825722,1.5204539273129711,0.6686446581792775,0.25715810193799626
1.0080543033825722,1.5204539273129711,0.7494294717808122,0.25715810193799626
1.1113829704572062,1.5204539273129711,0.6500937697126594,0.2813149883852023
1.1113829704572062,1.5204539273129711,0.693458384861431,0.2813149883852023
0.8571590706278485,1.5204539273129711,0.7308247572341573,0.2813149883852023
0.8571590706278485,1.5204539273129711,0.7797984305421278,0.2813149883852023
0.8571590706278485,1.5204539273129711,0.9381765640644526,0.2813149883852023
0.8571590706278485,1.493283039373386,1.0175799120579927,0.2813149883852023
0.7039260047312231,1.493283039373386,1.0245929668092548,0.2813149883852023
0.7039260047312231,1.5474905063198041,0.9981496495674087,0.27598205321976865
0.7039260047312231,1.5474905063198041,0.8920469079205985,0.25294968995058925
0.7483701268463804,1.5474905063198041,1.1639570851328294,0.25294968995058925
0.7483701268463804,1.5474905063198041,1.0206271577504853,0.25294968995058925
0.8573004218418675,1.5474905063198041,0.8533956944981286,0.25294968995058925
0.8573004218418675,1.5474905063198041,0.8279795888143913,0.25294968995058925
0.8573004218418675,1.5474905063198041,0.732118888656066,0.25294968995058925
0.8573004218418675,1.5474905063198041,0.8629080174042058,0.25294968995058925
0.8573004218418675,1.5474905063198041,0.9920720485802773,0.25294968995058925
0.8573004218418675,1.5474905063198041,0.9873955468858813,0.25294968995058925
0.8573004218418675,1.5474905063198041,0.9440220228908941,0.25294968995058925
0.8573004218418675,1.5474905063198041,0.8496485433073134,0.25294968995058925
0.8573004218418675,1.5474905063198041,0.9986518226178168,0.25294968995058925
0.8547971936685496,1.5474905063198041,0.9435444730760821,0.25294968995058925
0.8547971936685496,1.5503526126095308,0.8126662412790524,0.25294968995058925
0.8547971936685496,1.5503526126095308,0.8773134892504701,0.25294968995058925
0.8547971936685496,1.5503526126095308,0.8182201967813783,0.25723237760669143
0.8547971936685496,1.5503526126095308,0.869658757905735,0.23644356695444235
1.0264243821708317,1.5503526126095308,0.8425699633254268,0.23644356695444235
1.0264243821708317,1.5503526126095308,0.6707368680628778,0.23644356695444235
1.0264243821708317,1.5503526126095308,0.5881472249127876,0.23644356695444235
1.0264243821708317,1.5503526126095308,0.8216735628034025,0.23644356695444235
1.0264243821708317,1.5503526126095308,0.763193263555172,0.23644356695444235
1.0264243821708317,1.5503526126095308,0.7207018506668882,0.23644356695444235
1.0264243821708317,1.5503526126095308,0.7995600346147616,0.364807329711284
1.0264243821708317,1.5503526126095308,0.7728910436604827,0.364807329711284
1.0264243821708317,1.5503526126095308,0.7232227208158263,0.364807329711284
1.0264243821708317,1.5503526126095308,0.7850094066935074,0.364807329711284
1.0264243821708317,1.5503526126095308,0.7709811221819186,0.28223725784688786
1.0264243821708317,1.5503526126095308,0.7425118532400098,0.28223725784688786
1.0264243821708317,1.5503526126095308,0.6767950422807922,0.28223725784688786
1.0264243821708317,1.5503526126095308,0.7633276507037962,0.28223725784688786
1.0264243821708317,1.5503526126095308,0.6209272332397793,0.28223725784688786
1.0264243821708317,1.5503526126095308,0.6324164697263713,0.28223725784688786
1.0264243821708317,1.5503526126095308,0.6523421245714028,0.28223725784688786
1.0264243821708317,1.5503526126095308,0.76910819140456,0.28223725784688786
1.0264243821708317,1.5503526126095308,0.6044106758933003,0.28223725784688786
1.0264243821708317,1.5503526126095308,0.7714542248209563,0.23537210657022217
1.0264243821708317,1.5503526126095308,0.7165648456069039,0.23537210657022217
1.0264243821708317,1.5503526126095308,0.7712554312805802,0.23537210657022217
1.0005973574756852,1.5503526126095308,0.6581836805799207,0.23537210657022217
1.0005973574756852,1.5503526126095308,0.6246701782084251,0.23537210657022217
1.0005973574756852,1.5503526126095308,0.7075412652003293,0.23537210657022217
1.0005973574756852,1.5503526126095308,0.7720104326950646,0.23537210657022217
1.0005973574756852,1.5503526126095308,0.7082563842478016,0.23537210657022217
1.0094572355445879,1.5503526126095308,0.6911860783027145,0.23537210657022217
1.0094572355445879,1.5503526126095308,0.6617481081327704,0.23537210657022217
1.0094572355445879,1.5503526126095308,0.7164341733735912,0.23537210657022217
1.0094572355445879,1.5503526126095308,0.758394486467427,0.23537210657022217
1.0094572355445879,1.5503526126095308,0.6536122927090159,0.2256696884110662
1.0094572355445879,1.5503526126095308,0.6403715634373083,0.2256696884110662
1.0094572355445879,1.5503526126095308,0.6219443610262915,0.2256696884110662
1.0164836263488664,1.5503526126095308,0.6883897131218669,0.2414220581976913
1.0164836263488664,1.5503526126095308,0.7542584511201997,0.2414220581976913
1.0164836263488664,1.5503526126095308,0.823169222086895,0.2414220581976913
1.0164836263488664,1.5503526126095308,0.7109762037997686,0.2414220581976913
1.0164836263488664,1.5503526126095308,0.8592052650309807,0.2414220581976913
1.0164836263488664,1.5503526126095308,0.7965728326548096,0.2414220581976913
1.0164836263488664,1.5503526126095308,0.6221757808529984,0.28533993641961425
1.0164836263488664,1.5503526126095308,0.7312135952136702,0.28533993641961425
1.0164836263488664,1.5503526126095308,0.749723464229131,0.28533993641961425
1.0164836263488664,1.5503526126095308,0.6963699698005752,0.28533993641961425
1.0164836263488664,1.5503526126095308,0.7071223412689678,0.28533993641961425
0.9534333303868346,1.5503526126095308,0.8080249298483114,0.2289954531328063
0.9534333303868346,1.498698035047252,0.7449442110235144,0.2289954531328063
0.9534333303868346,1.3375488539267142,0.8750386822084414,0.15688724661251102
0.9534333303868346,1.3375488539267142,0.8336833296140701,0.15688724661251102
0.9534333303868346,1.3375488539267142,1.0694563542513442,0.15688724661251102
0.9534333303868346,1.3375488539267142,1.0871236362563974,0.15688724661251102
0.9534333303868346,1.3375488539267142,0.9994346849098796,0.15688724661251102
0.9534333303868346,1.3375488539267142,0.8200758415393514,0.15688724661251102
0.9534333303868346,1.3375488539267142,1.005231876113249,0.15688724661251102
0.8138665214874482,1.3375488539267142,0.9568497506132181,0.15688724661251102
0.8138665214874482,1.3375488539267142,1.393052732951278,0.15688724661251102
0.8138665214874482,1.3375488539267142,1.091203907890538,0.15688724661251102
0.8138665214874482,1.3375488539267142,1.2624292808471713,0.15688724661251102
0.8138665214874482,1.3375488539267142,1.3366644911789671,0.15688724661251102
0.8138665214874482,1.3375488539267142,1.3083816437354776,0.15688724661251102
0.8512030710582457,1.3375488539267142,1.0673111545890297,0.15688724661251102
0.8512030710582457,1.3375488539267142,1.2676815084656945,0.15688724661251102
0.8512030710582457,1.3375488539267142,0.9621429286949024,0.15688724661251102
0.8512030710582457,1.3375488539267142,0.9842692783412111,0.15688724661251102
0.8512030710582457,1.3375488539267142,1.0130342993615105,0.15688724661251102
0.8512030710582457,1.3375488539267142,1.1155269795597649,0.15688724661251102
0.8512030710582457,1.3375488539267142,1.1972258342121926,0.15688724661251102
0.8512030710582457,1.3375488539267142,1.1329765953751654,0.15688724661251102
0.8512030710582457,1.3375488539267142,0.929065916536158,0.15688724661251102
0.8512030710582457,1.3375488539267142,1.0941172337908924,0.15688724661251102
0.8512030710582457,1.3375488539267142,1.1274047982920863,0.15688724661251102
0.8512030710582457,1.3171178703149118,1.1300921990332546,0.15688724661251102
0.8512030710582457,1.2286557969497522,1.2292957053733673,0.15688724661251102
0.8512030710582457,1.2286557969497522,1.2743941695771122,0.15688724661251102
0.8512030710582457,1.2286557969497522,1.475823721146263,0.15688724661251102
0.8512030710582457,1.2286557969497522,1.199004922758596,0.15688724661251102
0.7952998610521093,1.2484152431614755,1.170776717847345,0.15688724661251102
1.1113402038252889,1.2484152431614755,1.1373510026142852,0.15688724661251102
1.1113402038252889,1.2484152431614755,0.9705567982579298,0.15688724661251102
0.9245406034169087,1.2484152431614755,1.1349258117777585,0.15688724661251102
0.9245406034169087,1.2484152431614755,1.268663028459203,0.15688724661251102
0.9245406034169087,1.2484152431614755,1.1856686590050096,0.15688724661251102
0.9245406034169087,1.2484152431614755,1.1360321574329382,0.15688724661251102
0.9245406034169087,1.2484152431614755,1.190141085744963,0.15688724661251102
0.848924939618468,1.2484152431614755,1.455487554835983,0.15688724661251102
0.848924939618468,1.2484152431614755,1.3621107724492882,0.15688724661251102
0.848924939618468,1.2484152431614755,1.213511025560483,0.15688724661251102
0.848924939618468,1.2484152431614755,1.181772234992465,0.15688724661251102
0.848924939618468,1.2484152431614755,1.4539814378765215,0.15688724661251102
0.848924939618468,1.2484152431614755,1.358769611081349,0.15688724661251102
0.8399791380102192,1.2484152431614755,1.8770664519903435,0.15688724661251102
0.8399791380102192,1.2484152431614755,1.4421903899066613,0.15688724661251102
0.8399791380102192,1.487152838629164,1.091580267492868,0.15688724661251102
0.8399791380102192,1.487152838629164,0.9851983102599439,0.15688724661251102
0.6681676701303004,1.487152838629164,0.8224600491579204,0.15688724661251102
0.6681676701303004,1.545241688775478,1.0195320951223532,0.15688724661251102
0.6681676701303004,1.545241688775478,1.0895678423950124,0.15688724661251102
0.6681676701303004,1.545241688775478,0.9829607239505639,0.15688724661251102
0.6681676701303004,1.545241688775478,0.9254895389354062,0.15688724661251102
0.6681676701303004,1.545241688775478,0.8165798370940063,0.15688724661251102
0.7603898758855098,1.4495814572464565,1.047501956656897,0.15688724661251102
0.7603898758855098,1.4495814572464565,0.9866659436385348,0.15688724661251102
0.7603898758855098,1.4495814572464565,1.1560040818778792,0.15688724661251102
0.7603898758855098,1.4495814572464565,0.9047825089731932,0.15688724661251102
0.7603898758855098,1.500032547069274,0.9135045239234988,0.15688724661251102
0.7603898758855098,1.500032547069274,0.9483107704299832,0.15688724661251102
0.7603898758855098,1.500032547069274,0.9665331054360105,0.15688724661251102
0.7603898758855098,1.500032547069274,0.9778095966120717,0.15688724661251102
0.7603898758855098,1.3948806870979158,1.0490943782594215,0.15688724661251102
0.7603898758855098,1.3948806870979158,1.0353024936162138,0.15688724661251102
0.7603898758855098,1.3948806870979158,0.9816178393627183,0.15688724661251102
0.749197128250091,1.3948806870979158,1.1127746004476946,0.15688724661251102
0.749197128250091,1.3948806870979158,1.0938738149851956,0.15688724661251102
0.749197128250091,1.3948806870979158,1.0989170631987752,0.15688724661251102
0.749197128250091,1.3948806870979158,1.2398525019842024,0.15688724661251102
0.749197128250091,1.3750438351857877,1.2641588224259979,0.15688724661251102
0.749197128250091,1.3750438351857877,1.1194153409709635,0.15688724661251102
0.7293495727235277,1.3750438351857877,1.3500328095588077,0.15688724661251102
0.7293495727235277,1.3750438351857877,1.1874490542464304,0.15688724661251102
0.7293495727235277,1.3527421219014197,1.446862170622407,0.15688724661251102
0.7293495727235277,1.3527421219014197,1.153413963977054,0.15688724661251102
0.7293495727235277,1.3527421219014197,0.8816303065189501,0.15688724661251102
0.7293495727235277,1.3527421219014197,1.3969918249918598,0.15688724661251102
0.7293495727235277,1.3103252476427985,1.1247185779812732,0.15688724661251102
0.7293495727235277,1.3103252476427985,1.358013513410063,0.15688724661251102
0.7293495727235277,1.3103252476427985,1.478962497949429,0.15688724661251102
0.7293495727235277,1.3103252476427985,1.3712011609866628,0.15688724661251102
0.7293495727235277,1.3103252476427985,1.1049072502729576,0.15688724661251102
0.7293495727235277,1.3103252476427985,1.366865378511244,0.15688724661251102
0.7293495727235277,1.3103252476427985,1.0738518914342698,0.15688724661251102
0.7293495727235277,1.3103252476427985,1.5654234651472738,0.15688724661251102
0.7293495727235277,1.3103252476427985,1.1632488703078423,0.15688724661251102
0.7293495727235277,1.3103252476427985,1.7172241823722483,0.15688724661251102
0.7293495727235277,1.3103252476427985,1.288868167994111,0.15688724661251102
0.7293495727235277,1.3103252476427985,1.1097045348175196,0.15688724661251102
0.7293495727235277,1.3103252476427985,1.1572083418710284,0.15688724661251102
0.7293495727235277,1.3103252476427985,1.4110071925071306,0.15688724661251102
0.7293495727235277,1.3103252476427985,1.3771422908367008,0.15688724661251102
0.7293495727235277,1.3103252476427985,1.5716942260170423,0.15688724661251102
0.7293495727235277,1.3103252476427985,1.3549197685106817,0.15688724661251102
0.7293495727235277,1.3103252476427985,1.091028011630048,0.15688724661251102
0.7293495727235277,1.3103252476427985,1.3536020994446958,0.15688724661251102
0.7293495727235277,1.3103252476427985,1.130836938016464,0.15688724661251102
0.7293495727235277,1.3103252476427985,1.1990721851174548,0.15688724661251102
0.7293495727235277,1.3103252476427985,1.145545015150786,0.15688724661251102
0.7293495727235277,1.3103252476427985,1.4369436105187825,0.15220865896022076
0.7293495727235277,1.3103252476427985,1.5483252545999457,0.15220865896022076
0.7534640690492392,1.3103252476427985,1.4203579266073942,0.15220865896022076
0.8060892814342004,1.3103252476427985,1.5244088590845124,0.15220865896022076
0.8060892814342004,1.3103252476427985,1.0809917966216493,0.15220865896022076
0.8060892814342004,1.3103252476427985,1.1852572615208663,0.15220865896022076
0.8060892814342004,1.3103252476427985,1.3364789196794116,0.15220865896022076
0.8060892814342004,1.3103252476427985,1.2828578227899707,0.15220865896022076
0.8060892814342004,1.3103252476427985,1.2972701182917161,0.15220865896022076
0.8060892814342004,1.3103252476427985,1.0363326687335712,0.15220865896022076
0.8060892814342004,1.3103252476427985,1.0774457095807868,0.15220865896022076
0.8060892814342004,1.2229999831817413,1.5103327262442219,0.15220865896022076
0.8060892814342004,1.2229999831817413,1.5262209354516976,0.15220865896022076
0.8060892814342004,1.2229999831817413,1.2261766171583686,0.15220865896022076
0.8060892814342004,1.2229999831817413,1.386397749472158,0.15220865896022076
0.8060892814342004,1.2229999831817413,1.636153882930969,0.16544617124679542
0.8060892814342004,1.2229999831817413,1.601108171754683,0.16544617124679542
0.8060892814342004,1.3575212328518018,1.4201009071787378,0.16544617124679542
0.8060892814342004,1.3575212328518018,1.0792754159003344,0.16544617124679542
0.8060892814342004,1.3575212328518018,1.225641391338174,0.16544617124679542
0.8060892814342004,1.3575212328518018,1.1879182947530242,0.16544617124679542
0.8060892814342004,1.3575212328518018,1.1387897015091077,0.16544617124679542
0.8060892814342004,1.3575212328518018,1.2219130446108715,0.16544617124679542
0.8060892814342004,1.3575212328518018,0.9434193958541187,0.16544617124679542
0.8060892814342004,1.3575212328518018,1.1660533637619914,0.16544617124679542
0.8060892814342004,1.3575212328518018,1.2050098203087083,0.16544617124679542
0.8060892814342004,1.3575212328518018,1.1542030444287825,0.16544617124679542
0.8060892814342004,1.3575212328518018,1.3223547410418752,0.16544617124679542
0.8060892814342004,1.293000076190662,1.3158834137838433,0.16544617124679542
0.8060892814342004,1.293000076190662,1.5220285216644949,0.16544617124679542
0.8060892814342004,1.293000076190662,1.2817096283657756,0.16544617124679542
0.8060892814342004,1.293000076190662,1.0336486453610234,0.16544617124679542
0.8271217641742957,1.3270766970220254,1.4428433276306107,0.16544617124679542
0.8271217641742957,1.3270766970220254,1.1413521496724686,0.16544617124679542
0.8271217641742957,1.3270766970220254,1.0140505941062021,0.16544617124679542
0.8271217641742957,1.3270766970220254,1.3182174009864576,0.16544617124679542
0.8271217641742957,1.3270766970220254,1.0286819590352378,0.16544617124679542
0.8271217641742957,1.3270766970220254,1.3716354319822215,0.16544617124679542
0.8271217641742957,1.3270766970220254,1.3037023333436417,0.16544617124679542
0.8271217641742957,1.3270766970220254,1.213889096709208,0.16544617124679542
0.8271217641742957,1.3270766970220254,1.0861408903871792,0.16544617124679542
0.8271217641742957,1.3270766970220254,1.0272536844869138,0.16544617124679542
0.8271217641742957,1.3270766970220254,1.3524735602653368,0.16544617124679542
0.8271217641742957,1.3270766970220254,1.2766330400209704,0.16544617124679542
0.8271217641742957,1.3270766970220254,1.1064416898255776,0.16544617124679542
0.8271217641742957,1.3270766970220254,1.0563370187273762,0.16544617124679542
0.8271217641742957,1.3279010626790453,1.1848482512165148,0.16544617124679542
0.8271217641742957,1.3279010626790453,1.0763219967704762,0.16544617124679542
0.8271217641742957,1.3279010626790453,0.9961237272790774,0.16544617124679542
0.8093692686450287,1.3279010626790453,1.1114891348116611,0.16544617124679542
0.8093692686450287,1.3279010626790453,1.3157033491611596,0.16544617124679542
0.8093692686450287,1.3279010626790453,1.3403343450549157,0.16544617124679542
0.8093692686450287,1.3279010626790453,1.023535112156235,0.16544617124679542
0.8093692686450287,1.3279010626790453,1.2312077950162417,0.16270044612023507
0.8093692686450287,1.3279010626790453,1.4321326844197455,0.16270044612023507
0.8093692686450287,1.3279010626790453,1.1596222307196191,0.16270044612023507
0.6633734871579628,1.3279010626790453,1.239621482923259,0.16270044612023507
0.6633734871579628,1.3279010626790453,0.9721737482506947,0.16270044612023507
0.6633734871579628,1.4057526621912042,1.3614881007339463,0.16270044612023507
0.5339660197464794,1.4057526621912042,1.2836397320706618,0.16270044612023507
0.5741985730624622,1.3898768821028238,1.3336367163157214,0.16270044612023507
0.5741985730624622,1.3898768821028238,1.5071391133126497,0.16270044612023507
0.5741985730624622,1.3898768821028238,1.504752286684974,0.16270044612023507
0.5741985730624622,1.3898768821028238,1.7765929477066058,0.16270044612023507
0.5741985730624622,1.5130194191365405,1.59075756638695,0.16270044612023507
0.5857197698823007,1.5130194191365405,1.2007740591024758,0.16270044612023507
0.5857197698823007,1.5130194191365405,0.9799187486668984,0.16270044612023507
0.5857197698823007,1.5130194191365405,1.1863639845743752,0.16270044612023507
0.5857197698823007,1.5130194191365405,1.1246787267813827,0.16270044612023507
0.5857197698823007,1.5130194191365405,1.1806424066350427,0.16270044612023507
0.5857197698823007,1.4401496453340719,1.1748515221923985,0.16270044612023507
0.5857197698823007,1.4401496453340719,1.2722362035410548,0.16270044612023507
0.5857197698823007,1.4401496453340719,1.2293373856085241,0.16270044612023507
0.5857197698823007,1.4401496453340719,1.6029358663481263,0.16270044612023507
0.5857197698823007,1.4401496453340719,1.3136770725131537,0.16270044612023507
0.5857197698823007,1.4401496453340719,1.224521302254178,0.16270044612023507
0.5857197698823007,1.4401496453340719,1.4504229590314337,0.16270044612023507
0.5857197698823007,1.4401496453340719,1.4279314426124616,0.16270044612023507
0.5857197698823007,1.4401496453340719,1.4158623878067202,0.16270044612023507
0.5857197698823007,1.4401496453340719,1.0391161842525225,0.16270044612023507
0.5857197698823007,1.4401496453340719,1.497745704063413,0.16270044612023507
0.5857197698823007,1.4401496453340719,1.8809234447741492,0.16270044612023507
0.5857197698823007,1.4401496453340719,1.3132831734227859,0.16270044612023507
0.5857197698823007,1.5673013786593641,1.0761469032112234,0.16270044612023507
0.5857197698823007,1.5673013786593641,1.158341162939918,0.16270044612023507
0.5857197698823007,1.5673013786593641,1.211929968941184,0.16270044612023507
0.5857197698823007,1.5673013786593641,1.0836213981194762,0.16270044612023507
0.5857197698823007,1.5673013786593641,1.0710688137235316,0.16270044612023507
0.5857197698823007,1.5673013786593641,1.142767751765762,0.16270044612023507
0.5857197698823007,1.5673013786593641,1.0592416379479983,0.16270044612023507
0.5857197698823007,1.5673013786593641,1.1801831105619534,0.16270044612023507
0.5857197698823007,1.5673013786593641,1.2477861958109244,0.16270044612023507
0.5857197698823007,1.5673013786593641,1.1722966514613473,0.16270044612023507
0.5857197698823007,1.5673013786593641,0.942873668363617,0.16270044612023507
0.5857197698823007,1.5673013786593641,1.0265428366655356,0.16270044612023507
0.5857197698823007,1.5779099609243377,1.175704816258434,0.2856234159381287
0.5857197698823007,1.5779099609243377,1.5516878500765778,0.22094782512495637
0.5857197698823007,1.5779099609243377,1.1230443210736167,0.22094782512495637
0.5857197698823007,1.5779099609243377,1.0942283280077945,0.22094782512495637
0.5857197698823007,1.5779099609243377,1.0844390623366305,0.22094782512495637
0.5857197698823007,1.5779099609243377,0.875607963868063,0.22094782512495637
0.5857197698823007,1.5779099609243377,1.01553740356081,0.22094782512495637
0.5857197698823007,1.5779099609243377,1.1961131470171098,0.22094782512495637
0.8295884758168754,1.5779099609243377,0.9885415472287518,0.22094782512495637
0.8295884758168754,1.5779099609243377,0.8178758015466682,0.22094782512495637
0.8295884758168754,1.5779099609243377,0.7169853056041593,0.22094782512495637
0.8295884758168754,1.5779099609243377,0.7627074046412069,0.22094782512495637
0.7806859252007484,1.5779099609243377,0.8671289356179009,0.22094782512495637
0.7806859252007484,1.5779099609243377,0.7460963584615963,0.22094782512495637
0.7806859252007484,1.5779099609243377,0.9170200945403078,0.22094782512495637
0.7806859252007484,1.5779099609243377,0.8962967221671464,0.22094782512495637
0.7806859252007484,1.5779099609243377,0.9339192918996901,0.22094782512495637
0.7806859252007484,1.5779099609243377,0.9052406620330844,0.22094782512495637
0.6518514723804401,1.5779099609243377,0.9916931742549223,0.22094782512495637
0.6518514723804401,1.5779099609243377,1.000314515239938,0.22094782512495637
0.6518514723804401,1.5779099609243377,1.0180002390399632,0.22094782512495637
0.6518514723804401,1.5779099609243377,1.0123008831734583,0.22094782512495637
0.6518514723804401,1.5779099609243377,1.0269582493761955,0.16468373647866288
0.6518514723804401,1.5779099609243377,0.908555219152716,0.16468373647866288
0.6518514723804401,1.5779099609243377,1.1951615923184153,0.16468373647866288
0.6518514723804401,1.5779099609243377,0.8398527926800431,0.16468373647866288
0.6518514723804401,1.5779099609243377,1.0161539907171893,0.14903793049748218
0.6518514723804401,1.5779099609243377,0.9018290579800246,0.14903793049748218
0.6518514723804401,1.5779099609243377,1.03453524460519,0.14903793049748218
0.6518514723804401,1.5779099609243377,1.0011074638646498,0.14903793049748218
0.6518514723804401,1.5779099609243377,0.8860823290965899,0.19762394503455416
0.6518514723804401,1.5779099609243377,1.0729574047350632,0.19762394503455416
0.6379210744354599,1.5779099609243377,1.0047128723167553,0.19762394503455416
0.6379210744354599,1.5779099609243377,1.2315832100566462,0.19762394503455416
0.6379210744354599,1.5779099609243377,1.1233189209364984,0.19762394503455416
0.6379210744354599,1.5779099609243377,1.0596017179602597,0.19762394503455416
0.6379210744354599,1.5779099609243377,1.0141425723480997,0.19762394503455416
0.6379210744354599,1.7248369826395638,0.8524724095705116,0.19762394503455416
0.6379210744354599,1.7248369826395638,0.7576061569959498,0.19762394503455416
0.6379210744354599,1.7248369826395638,0.7331445370831913,0.19762394503455416
0.6161484665025933,1.7248369826395638,0.7941189314130195,0.19762394503455416
0.6161484665025933,1.7248369826395638,0.88913415834671,0.19762394503455416
0.6161484665025933,1.7248369826395638,0.8924083258305398,0.19762394503455416
0.6161484665025933,1.7248369826395638,0.8712431547263068,0.19762394503455416
0.6161484665025933,1.7248369826395638,0.7787960714383132,0.19963042209541748
0.6161484665025933,1.7248369826395638,0.9247286139362679,0.19963042209541748
0.6161484665025933,1.7248369826395638,0.9581829354075151,0.19963042209541748
0.6161484665025933,1.7248369826395638,0.7549096572348252,0.19963042209541748
0.6161484665025933,1.7248369826395638,0.7167969054523136,0.19963042209541748
0.6570884177882372,1.7248369826395638,0.764795083603446,0.19963042209541748
0.6570884177882372,1.7248369826395638,0.72506947851902,0.19963042209541748
0.6570884177882372,1.7248369826395638,0.8311309547939005,0.275563238848169
0.6570884177882372,1.7248369826395638,0.8534485253927186,0.21383430200625245
0.6570884177882372,1.7248369826395638,0.7844771488927306,0.318563539554678
0.6570884177882372,1.7248369826395638,0.8205721497541397,0.318563539554678
0.6570884177882372,1.7248369826395638,0.8925991633309075,0.318563539554678
0.7692616992722052,1.7248369826395638,0.8324804640069421,0.318563539554678
0.7692616992722052,1.7248369826395638,0.7391624297653738,0.318563539554678
0.7692616992722052,1.7248369826395638,0.8084936454056957,0.318563539554678
0.7692616992722052,1.7248369826395638,0.759435886433815,0.318563539554678
0.7692616992722052,1.7248369826395638,0.7851352456250744,0.318563539554678
0.7692616992722052,1.7248369826395638,0.7638050776975033,0.318563539554678
0.7692616992722052,1.7248369826395638,0.7803916020664601,0.318563539554678
0.7692616992722052,1.7248369826395638,0.8019646739712498,0.318563539554678
0.7692616992722052,1.7248369826395638,0.7393602600688489,0.318563539554678
0.7692616992722052,1.7248369826395638,0.7458077285767497,0.318563539554678
0.7692616992722052,1.7248369826395638,0.783304575042823,0.318563539554678
0.7692616992722052,1.7248369826395638,0.724801371620531,0.318563539554678
0.7692616992722052,1.7248369826395638,0.7944109150862365,0.38880271286297224
0.7692616992722052,1.7248369826395638,0.7341732767704631,0.38880271286297224
0.7692616992722052,1.7248369826395638,0.7641319054852048,0.3121790875149421
0.7545878782260889,1.7248369826395638,0.7062110396236306,0.3121790875149421
0.7545878782260889,1.7248369826395638,0.663398132318517,0.3121790875149421
0.7545878782260889,1.7248369826395638,0.834542617324241,0.31352838058605104
0.7545878782260889,1.7248369826395638,0.7247685035323715,0.31352838058605104
0.7545878782260889,1.7248369826395638,0.7958358449893397,0.31352838058605104
0.7545878782260889,1.7248369826395638,0.7434480321741096,0.31352838058605104
0.7125719831902863,1.7248369826395638,0.6964623106995788,0.31352838058605104
0.7125719831902863,1.7248369826395638,0.7223239237848456,0.31352838058605104
0.7125719831902863,1.7248369826395638,0.7547203916081063,0.3281164695606968
0.7125719831902863,1.7248369826395638,0.7370189418147427,0.3281164695606968
0.7125719831902863,1.7248369826395638,0.7777389785432933,0.3281164695606968
0.7125719831902863,1.7248369826395638,0.9066104185348084,0.3281164695606968
0.7125719831902863,1.7248369826395638,0.740514353522219,0.3281164695606968
0.7125719831902863,1.7248369826395638,0.9125013368870085,0.3281164695606968
0.7125719831902863,1.7248369826395638,0.7514472133793572,0.3281164695606968
0.7125719831902863,1.7248369826395638,0.8410554625497378,0.3281164695606968
0.7125719831902863,1.7248369826395638,0.7606574991924078,0.3281164695606968
0.7125719831902863,1.7248369826395638,0.8376747317170381,0.3281164695606968
0.7125719831902863,1.7248369826395638,0.7181783656016328,0.3281164695606968
0.7125719831902863,1.7248369826395638,0.8004431725667139,0.3281164695606968
0.7125719831902863,1.7248369826395638,0.8111565708172579,0.3281164695606968
0.7125719831902863,1.7248369826395638,0.778448229897121,0.3281164695606968
0.7125719831902863,1.7248369826395638,0.8651777828186042,0.3374353417774738
0.7125719831902863,1.7248369826395638,0.7676052889253879,0.3374353417774738
0.7125719831902863,1.7248369826395638,0.8732762912038466,0.3374353417774738
0.7125719831902863,1.7248369826395638,0.7514476187118224,0.3374353417774738
0.7125719831902863,1.7248369826395638,0.8935656956109496,0.3374353417774738
0.7125719831902863,1.7248369826395638,0.825255733463864,0.3374353417774738
0.7125719831902863,1.7248369826395638,0.9083196878491502,0.3722448406179902
0.7125719831902863,1.7248369826395638,0.8715369970786678,0.3722448406179902
0.7125719831902863,1.7248369826395638,0.7728334124981248,0.23626756529477236
0.7125719831902863,1.7248369826395638,0.6510722431092398,0.23626756529477236
0.7125719831902863,1.7248369826395638,0.6631095926503134,0.23626756529477236
0.7125719831902863,1.7248369826395638,0.7134447096501801,0.23626756529477236
0.7125719831902863,1.7248369826395638,0.8592288500395528,0.23626756529477236
0.7125719831902863,1.7248369826395638,0.821349849002628,0.23626756529477236
0.6557262684647109,1.7248369826395638,0.701643847478473,0.23626756529477236
0.6557262684647109,1.7248369826395638,0.7635141770172199,0.23626756529477236
0.6557262684647109,1.7248369826395638,0.5959716996900184,0.23626756529477236
0.6557262684647109,1.7248369826395638,1.0270895878608106,0.2681364989778157
0.6557262684647109,1.7248369826395638,0.8606364107268336,0.2681364989778157
0.6557262684647109,1.7953499406545603,0.7488591539594756,0.2681364989778157
0.6557262684647109,1.7953499406545603,0.6774433924964098,0.33501699840641846
0.6557262684647109,1.7953499406545603,0.7577346682479814,0.33501699840641846
0.6557262684647109,1.7953499406545603,0.8826934707797092,0.33501699840641846
0.6557262684647109,1.7953499406545603,0.8504924540483606,0.33501699840641846
0.6557262684647109,1.7953499406545603,0.7677325164210168,0.33501699840641846
0.6557262684647109,1.7953499406545603,0.7007078729483635,0.33501699840641846
0.6557262684647109,1.7953499406545603,0.7113753821546998,0.33501699840641846
0.6557262684647109,1.7953499406545603,0.7651307412295939,0.33501699840641846
0.52601071529104,1.7953499406545603,0.9335954865489778,0.2695295434135934
0.52601071529104,1.7953499406545603,1.0652137020568972,0.2695295434135934
0.52601071529104,1.7953499406545603,1.053272898617957,0.2695295434135934
0.52601071529104,1.7953499406545603,0.9428531661529052,0.2695295434135934
0.52601071529104,1.7953499406545603,0.8684998045778676,0.2695295434135934
0.52601071529104,1.7953499406545603,0.8834619973461775,0.2695295434135934
0.52601071529104,1.7953499406545603,0.96955281124102,0.2695295434135934
0.52601071529104,1.7953499406545603,0.9435285481184913,0.2695295434135934
0.52601071529104,1.7953499406545603,0.9468496850024719,0.2695295434135934
0.52601071529104,1.7953499406545603,0.8749348894202758,0.2695295434135934
0.52601071529104,1.7953499406545603,0.9473734767611657,0.2695295434135934
0.52601071529104,1.7953499406545603,0.8621731587480942,0.2695295434135934
0.52601071529104,1.7953499406545603,0.8329014634210588,0.2695295434135934
0.52601071529104,1.7953499406545603,0.8576680689611298,0.2695295434135934
0.52601071529104,1.7953499406545603,1.007853351486242,0.2695295434135934
0.52601071529104,1.7953499406545603,0.9715425588729548,0.2695295434135934
0.52601071529104,1.7215100792584017,1.0204347956204123,0.21813401626570297
0.52601071529104,1.7215100792584017,1.1220350277604505,0.21813401626570297
0.52601071529104,1.7215100792584017,1.085534483882637,0.21813401626570297
0.52601071529104,1.7215100792584017,0.8829305486556036,0.21813401626570297
0.52601071529104,1.7215100792584017,0.9839321886926784,0.21813401626570297
0.52601071529104,1.7215100792584017,0.9433132285627024,0.21813401626570297
0.52601071529104,1.7215100792584017,1.0618885050726654,0.21813401626570297
0.52601071529104,1.7215100792584017,1.003428761832488,0.2145848724693913
0.52601071529104,1.7215100792584017,0.9700079963437412,0.25233799307808275
0.52601071529104,1.7215100792584017,1.0943041092594856,0.23105898515170709
0.52601071529104,1.7215100792584017,0.8447114800850047,0.23105898515170709
0.52601071529104,1.7215100792584017,0.8508032309625888,0.23105898515170709
0.52601071529104,1.6944721263485603,0.9947543113144165,0.2478227446407709
0.52601071529104,1.6944721263485603,1.0880002861184555,0.2478227446407709
0.52601071529104,1.7506626004282644,1.0796662006756,0.2478227446407709
0.52601071529104,1.7506626004282644,1.0203625225973014,0.2478227446407709
0.52601071529104,1.7506626004282644,0.9022956295554018,0.2629406893402742
0.52601071529104,1.7506626004282644,1.0214055451231445,0.2629406893402742
0.52601071529104,1.7506626004282644,1.2116559438602457,0.2629406893402742
0.5216329701610132,1.7506626004282644,1.120987736996519,0.2629406893402742
0.5216329701610132,1.7506626004282644,1.0638526820710354,0.2629406893402742
0.5216329701610132,1.7506626004282644,1.055731024775992,0.2629406893402742
0.5216329701610132,1.7506626004282644,1.1775876207486584,0.2629406893402742
0.5216329701610132,1.7506626004282644,1.101076019895017,0.2629406893402742
0.5216329701610132,1.7506626004282644,0.8913067615979694,0.2629406893402742
0.5216329701610132,1.7506626004282644,1.084179398920576,0.35047160903216423
0.5216329701610132,1.7506626004282644,1.0123153339120978,0.35047160903216423
0.5216329701610132,1.7506626004282644,1.084488241315166,0.35047160903216423
0.5216329701610132,1.7506626004282644,0.9963895652195233,0.35047160903216423
0.5216329701610132,1.7506626004282644,0.9298270910659051,0.35047160903216423
0.5216329701610132,1.7506626004282644,1.0179844996257499,0.35047160903216423
0.5216329701610132,1.7506626004282644,1.1941459360148852,0.35047160903216423
0.5216329701610132,1.7506626004282644,0.8614562265453077,0.35047160903216423
0.5216329701610132,1.7506626004282644,1.066078672613643,0.2703355278957666
0.5216329701610132,1.7506626004282644,0.8643720631386949,0.2703355278957666
0.5216329701610132,1.7506626004282644,1.0045915241149046,0.2703355278957666
0.5216329701610132,1.884410026162578,0.847361477234029,0.2703355278957666
0.5216329701610132,1.884410026162578,0.7738590383029915,0.2703355278957666
0.5216329701610132,1.884410026162578,0.8646544560374565,0.2703355278957666
0.5216329701610132,1.884410026162578,0.9083149323726659,0.2703355278957666
0.5216329701610132,1.884410026162578,0.8195425782847062,0.2703355278957666
0.5216329701610132,1.884410026162578,0.7870273633402491,0.2703355278957666
0.5216329701610132,1.9283170496540094,0.7038537495177919,0.2703355278957666
0.5216329701610132,1.9283170496540094,0.8020642515903278,0.4439310022610632
0.43522049615645403,1.9283170496540094,1.0504559350873317,0.4439310022610632
0.43522049615645403,1.9283170496540094,0.9776185466810152,0.4439310022610632
0.4483287357954365,1.9283170496540094,0.996267153512907,0.4439310022610632
0.4483287357954365,1.9283170496540094,1.056493330712403,0.4439310022610632
0.4483287357954365,1.9283170496540094,1.0073722171077713,0.4439310022610632
0.4483287357954365,1.9283170496540094,0.9910981159851702,0.4439310022610632
0.4483287357954365,1.9283170496540094,0.9479245314578107,0.3643857698098823
0.4483287357954365,1.9283170496540094,0.9714454080091945,0.3643857698098823
0.4483287357954365,1.9283170496540094,0.8901061130513982,0.3643857698098823
0.4483287357954365,1.8932884207526894,1.0417725093117125,0.3643857698098823
0.4483287357954365,1.8932884207526894,0.9752865957084622,0.3426297749993438
0.4483287357954365,1.8932884207526894,0.7381505297033717,0.3426297749993438
0.4483287357954365,1.8932884207526894,0.988977526099271,0.3426297749993438
0.4483287357954365,1.8932884207526894,0.9105170237561059,0.3426297749993438
0.4483287357954365,1.8932884207526894,1.17495975540025,0.3426297749993438
0.4483287357954365,1.8932884207526894,1.04369033599709,0.3426297749993438
0.4483287357954365,1.8932884207526894,1.0100173627119353,0.3426297749993438
0.4483287357954365,1.8932884207526894,0.9134633951830176,0.16855849125127909
0.4483287357954365,1.8932884207526894,0.835921009878934,0.16855849125127909
0.4483287357954365,1.7681470626126263,0.819937325534071,0.16855849125127909
0.4483287357954365,1.7681470626126263,0.8663062904026253,0.16855849125127909
0.4483287357954365,1.7681470626126263,0.9076660355949167,0.16855849125127909
0.4483287357954365,1.7681470626126263,1.0343151268030888,0.16855849125127909
0.4483287357954365,1.7681470626126263,0.9970205518056813,0.16855849125127909
0.4483287357954365,1.7681470626126263,1.0050269432458492,0.31997964415857033
0.4483287357954365,1.7681470626126263,1.0398817324379512,0.31997964415857033
0.4483287357954365,1.7681470626126263,1.266652055441803,0.31997964415857033
0.4483287357954365,1.7681470626126263,1.1739948067361627,0.31997964415857033
0.4483287357954365,1.7681470626126263,1.1882512208484393,0.31997964415857033
0.4483287357954365,1.7681470626126263,0.9030801343830268,0.31997964415857033
0.4483287357954365,1.7681470626126263,0.9714743823221113,0.31997964415857033
0.4483287357954365,1.7681470626126263,1.069660907447148,0.31997964415857033
0.4483287357954365,1.7681470626126263,1.1493260691523897,0.31997964415857033
0.4483287357954365,1.7681470626126263,1.0827753432568759,0.31997964415857033
0.4483287357954365,1.7681470626126263,0.9824986946994633,0.31997964415857033
0.4483287357954365,1.7681470626126263,1.2350264403084088,0.31997964415857033
0.4483287357954365,1.7681470626126263,1.314315833634971,0.31997964415857033
0.4483287357954365,1.7681470626126263,1.1425757651929043,0.31997964415857033
0.4483287357954365,1.7681470626126263,1.162201519080097,0.25110738188472365
0.4483287357954365,1.7681470626126263,1.2184587472325508,0.25110738188472365
0.4483287357954365,1.7681470626126263,1.0148148305316957,0.25110738188472365
0.4483287357954365,1.7681470626126263,1.0689535371718957,0.25110738188472365
0.4483287357954365,1.7681470626126263,1.1761607974062172,0.25110738188472365
0.4483287357954365,1.7681470626126263,1.3007817186491195,0.25110738188472365
0.4483287357954365,1.7681470626126263,1.0460428909028456,0.25110738188472365
0.4483287357954365,1.7681470626126263,0.9251476338824602,0.25110738188472365
0.4483287357954365,1.7681470626126263,1.0418882861298664,0.25110738188472365
0.4483287357954365,1.7681470626126263,0.9523437297096412,0.25110738188472365
0.4483287357954365,1.7681470626126263,1.1732792538174226,0.25110738188472365
0.4483287357954365,1.7681470626126263,1.0581304155649853,0.25110738188472365
0.4483287357954365,1.7681470626126263,1.178639993827527,0.25110738188472365
0.4483287357954365,1.7681470626126263,0.863784115220225,0.25110738188472365
0.4483287357954365,1.7681470626126263,1.2565685689864272,0.25110738188472365
0.4483287357954365,1.7681470626126263,1.0983267319310996,0.25110738188472365
0.4483287357954365,1.7681470626126263,1.0537850558998472,0.25110738188472365
0.4483287357954365,1.7681470626126263,1.0784114664993074,0.25110738188472365
0.4483287357954365,1.7681470626126263,1.0101471164591465,0.25110738188472365
0.4483287357954365,1.7681470626126263,0.974992385006567,0.25110738188472365
0.4483287357954365,1.7681470626126263,0.9687603214759195,0.25110738188472365
0.4483287357954365,1.7681470626126263,1.0506798717741501,0.25110738188472365
0.4483287357954365,1.7681470626126263,1.0997655212511317,0.25110738188472365
0.4483287357954365,1.7681470626126263,0.9995193782069712,0.25110738188472365
0.4483287357954365,1.7681470626126263,0.9721319141683018,0.3577397468243858
0.4483287357954365,1.7681470626126263,1.2539468446029,0.3577397468243858
0.4483287357954365,1.7681470626126263,1.1368303321613125,0.21565019963310067
0.4483287357954365,1.7681470626126263,1.0907541038162867,0.21565019963310067
0.4483287357954365,1.7681470626126263,1.1276525240777295,0.21565019963310067
0.4483287357954365,1.7681470626126263,1.0088623739972935,0.21565019963310067
0.4483287357954365,1.7681470626126263,0.947849970103778,0.21565019963310067
0.4483287357954365,1.7681470626126263,0.9869441810896546,0.21565019963310067
0.4483287357954365,1.7681470626126263,1.0517060874068975,0.21565019963310067
0.4483287357954365,1.7681470626126263,1.1533476670586296,0.21565019963310067
0.4483287357954365,1.7681470626126263,1.0945662303788644,0.21565019963310067
0.4483287357954365,1.7681470626126263,1.0745920543923526,0.1950726808198242
0.4483287357954365,1.7681470626126263,0.9737733128989601,0.1950726808198242
0.4483287357954365,1.7681470626126263,0.9838070333801607,0.1950726808198242
0.4509809102976633,1.7681470626126263,0.9492291263320856,0.1950726808198242
0.4509809102976633,1.7681470626126263,1.0310249183514075,0.1950726808198242
0.4509809102976633,1.7681470626126263,0.9515124274884742,0.1950726808198242
0.4509809102976633,1.7681470626126263,1.0610588158581944,0.1950726808198242
0.4901532201739433,1.7813855867168353,1.0447147477365164,0.1950726808198242
0.4901532201739433,1.7938299545667868,0.9773114597016495,0.1950726808198242
0.4901532201739433,1.7258719658242427,0.9181498982847397,0.1950726808198242
0.4901532201739433,1.7258719658242427,0.8791401865038313,0.23742713486710024
0.4901532201739433,1.7258719658242427,1.1470010048526926,0.23742713486710024
0.4901532201739433,1.7258719658242427,1.0213605952181664,0.23742713486710024
0.4901532201739433,1.7258719658242427,0.971262871786819,0.23742713486710024
0.4901532201739433,1.7258719658242427,1.003946696030335,0.23742713486710024
0.4901532201739433,1.76430215378608,1.1450891607382223,0.23742713486710024
0.4901532201739433,1.76430215378608,1.107716339380426,0.19033283802403994
0.4901532201739433,1.76430215378608,0.9263277917947167,0.1647249300091579
0.4901532201739433,1.76430215378608,0.9432852836882492,0.1647249300091579
0.4901532201739433,1.76430215378608,0.9489697020630743,0.1647249300091579
0.4901532201739433,1.76430215378608,0.8097780799290224,0.1647249300091579
0.4901532201739433,1.76430215378608,0.8818342933426964,0.21884039269570194
0.4901532201739433,1.76430215378608,0.9550596793319144,0.21884039269570194
0.4901532201739433,1.76430215378608,1.033859109597271,0.21884039269570194
0.4901532201739433,1.76430215378608,1.2076573330330167,0.21884039269570194
0.4901532201739433,1.799492951481303,1.0360511605179803,0.21884039269570194
0.4901532201739433,1.799492951481303,1.0676849182362285,0.21884039269570194
0.4901532201739433,1.799492951481303,0.9861431074372996,0.21884039269570194
0.4901532201739433,1.799492951481303,0.9547239429616908,0.21884039269570194
0.4901532201739433,1.799492951481303,1.0888805944305324,0.21884039269570194
0.4901532201739433,1.799492951481303,0.8414032826032548,0.21884039269570194
0.4901532201739433,1.799492951481303,0.999190963339926,0.21884039269570194
0.4901532201739433,1.799492951481303,0.8290674005277698,0.21884039269570194
0.4901532201739433,1.799492951481303,0.9201728799111667,0.21884039269570194
0.4901532201739433,1.799492951481303,0.7500862025448316,0.21884039269570194
0.4901532201739433,1.799492951481303,0.9491321063358542,0.21884039269570194
0.4901532201739433,1.799492951481303,0.9505057195296428,0.21884039269570194
0.4901532201739433,1.799492951481303,0.9563607034042289,0.21884039269570194
0.4901532201739433,1.7716012052769727,1.0591963631017196,0.2682496049084245
0.4901532201739433,1.7716012052769727,0.846720302620645,0.2682496049084245
0.4901532201739433,1.7716012052769727,1.1685696181084897,0.2682496049084245
0.4901532201739433,1.7716012052769727,1.0367615114253284,0.2682496049084245
0.4901532201739433,1.7716012052769727,1.0060238961398564,0.2682496049084245
0.4901532201739433,1.7716012052769727,1.0130592324972743,0.2100706829740224
0.4901532201739433,1.7716012052769727,0.809377418551623,0.2100706829740224
0.4901532201739433,1.7716012052769727,0.9871395668870411,0.2997799403414445
0.4901532201739433,1.7716012052769727,1.2198353579511447,0.2997799403414445
0.4901532201739433,1.7716012052769727,1.172430615391169,0.2997799403414445
0.4733954431450252,1.7716012052769727,1.1775903553403286,0.2997799403414445
0.4733954431450252,1.7716012052769727,1.1322054774822696,0.26431795745841125
0.4733954431450252,1.7716012052769727,0.9711963978921476,0.26431795745841125
0.4733954431450252,1.7716012052769727,1.027987330050529,0.26431795745841125
0.4733954431450252,1.7716012052769727,1.0493615762631812,0.26431795745841125
0.4733954431450252,1.7716012052769727,1.1921673926191083,0.26431795745841125
0.4733954431450252,1.7716012052769727,0.9995665881952635,0.26431795745841125
0.4733954431450252,1.7716012052769727,0.8844789269312588,0.26431795745841125
0.4733954431450252,1.7716012052769727,0.9086736910941655,0.15452350943524873
0.4733954431450252,1.7716012052769727,0.7557497712434006,0.15452350943524873
0.4733954431450252,1.7716012052769727,0.7130460176140233,0.15452350943524873
0.4733954431450252,1.7716012052769727,0.9442253769664498,0.15452350943524873
0.4733954431450252,1.7716012052769727,1.0535866769221018,0.15452350943524873
0.37967412329292816,1.7716012052769727,0.9987626219114886,0.15452350943524873
0.37967412329292816,1.7716012052769727,1.2632178043926254,0.14560875931569509
0.37967412329292816,1.6827441382819066,1.4266706217481753,0.14560875931569509
0.37967412329292816,1.6827441382819066,1.2644576974460346,0.14560875931569509
0.37967412329292816,1.6827441382819066,1.3118940847962535,0.14560875931569509
0.37967412329292816,1.6827441382819066,1.1918186308679326,0.14560875931569509
0.37967412329292816,1.6827441382819066,1.1741671750238438,0.14560875931569509
0.37967412329292816,1.6827441382819066,1.4217295275808677,0.14560875931569509
0.37967412329292816,1.6827441382819066,1.4435661265339566,0.14560875931569509
0.3711895659537377,1.6827441382819066,1.2156274065653632,0.14560875931569509
0.3711895659537377,1.6827441382819066,1.4164858631639077,0.14560875931569509
0.3711895659537377,1.6827441382819066,1.4346330306256196,0.14560875931569509
0.3711895659537377,1.6827441382819066,1.405372739236939,0.14560875931569509
0.3711895659537377,1.635180615121991,1.3987544533434149,0.14560875931569509
0.3711895659537377,1.635180615121991,1.7200275522294444,0.14560875931569509
0.3711895659537377,1.635180615121991,1.5287263574389236,0.14560875931569509
0.3711895659537377,1.635180615121991,1.6151350616618187,0.14560875931569509
0.3711895659537377,1.635180615121991,1.3387069931003035,0.1445219478432766
0.3711895659537377,1.635180615121991,1.7028932564718475,0.1445219478432766
0.3711895659537377,1.635180615121991,1.2605718082082809,0.1445219478432766
0.3711895659537377,1.635180615121991,1.4342282325420825,0.1445219478432766
0.3711895659537377,1.635180615121991,1.3382368387392596,0.1445219478432766
0.3711895659537377,1.635180615121991,1.3964301470476697,0.1445219478432766
0.3711895659537377,1.635180615121991,1.083595704034815,0.1445219478432766
0.3711895659537377,1.635180615121991,1.837418708028277,0.1445219478432766
0.3711895659537377,1.635180615121991,1.3210352883788579,0.1445219478432766
0.3711895659537377,1.635180615121991,1.6072230330946473,0.1445219478432766
0.3711895659537377,1.635180615121991,1.3608667769865765,0.1445219478432766
0.3711895659537377,1.635180615121991,1.5647974412782357,0.1445219478432766
0.3711895659537377,1.635180615121991,1.2968474033701622,0.1445219478432766
0.3711895659537377,1.635180615121991,1.7366552139591958,0.1445219478432766
0.3711895659537377,1.635180615121991,1.6153268699539522,0.1445219478432766
0.3711895659537377,1.635180615121991,1.661574094350799,0.1445219478432766
0.3711895659537377,1.635180615121991,1.8874103215852054,0.1445219478432766
0.4591880074814354,1.635180615121991,1.6898297650911747,0.1445219478432766
0.4591880074814354,1.635180615121991,1.2595291856092745,0.1445219478432766
0.4591880074814354,1.635180615121991,1.398759411185904,0.1445219478432766
0.4591880074814354,1.635180615121991,1.365812681936835,0.1445219478432766
0.4591880074814354,1.635180615121991,1.4252779732173286,0.1445219478432766
0.34192527259839406,1.635180615121991,1.5670573214279915,0.1445219478432766
0.34192527259839406,1.635180615121991,1.6589938153082522,0.1445219478432766
0.39825443639534214,1.635180615121991,1.6484251080519132,0.1445219478432766
0.39825443639534214,1.635180615121991,1.5554043793001715,0.1445219478432766
0.39825443639534214,1.635180615121991,1.2840726068103019,0.1445219478432766
0.39825443639534214,1.635180615121991,1.1718631753030992,0.1445219478432766
0.39825443639534214,1.635180615121991,1.4364586098385375,0.1445219478432766
0.39825443639534214,1.635180615121991,1.2562271470990545,0.1445219478432766
0.39825443639534214,1.635180615121991,1.2897297583619685,0.1445219478432766
0.39825443639534214,1.635180615121991,1.5737772662660794,0.1445219478432766
0.39825443639534214,1.635180615121991,1.5743022685398393,0.1445219478432766
0.39825443639534214,1.635180615121991,1.494215927423662,0.1445219478432766
0.39825443639534214,1.6783260819084316,1.3905197721031783,0.1445219478432766
0.39825443639534214,1.6783260819084316,1.4484369611799064,0.1445219478432766
0.39825443639534214,1.6783260819084316,1.3087194998927423,0.1445219478432766
0.39825443639534214,1.6783260819084316,1.2332654795834195,0.1445219478432766
0.39825443639534214,1.6783260819084316,1.6086086096797285,0.1445219478432766
0.39825443639534214,1.6783260819084316,1.3141733007154217,0.1445219478432766
0.39825443639534214,1.6783260819084316,1.3121857286933432,0.1445219478432766
0.39825443639534214,1.6783260819084316,1.376928971875324,0.1445219478432766
0.37204541622405696,1.6783260819084316,1.036647225756575,0.1445219478432766
0.37204541622405696,1.6783260819084316,1.3641825254969957,0.1445219478432766
0.37204541622405696,1.509347012994614,1.6746269295864076,0.1445219478432766
0.37204541622405696,1.509347012994614,1.3855140690703391,0.1445219478432766
0.37204541622405696,1.509347012994614,1.5026414237989136,0.1445219478432766
0.37204541622405696,1.509347012994614,1.7499285986536068,0.1445219478432766
0.37204541622405696,1.509347012994614,1.5067169159258855,0.1445219478432766
0.37204541622405696,1.509347012994614,1.9215490412140643,0.1445219478432766
0.37204541622405696,1.509347012994614,1.4307601774632184,0.1445219478432766
0.37204541622405696,1.509347012994614,1.4178664011408668,0.1445219478432766
0.37204541622405696,1.509347012994614,1.6546878762774053,0.1445219478432766
0.37204541622405696,1.509347012994614,1.7112799059790467,0.1445219478432766
0.37204541622405696,1.509347012994614,1.863920410633204,0.1445219478432766
0.37204541622405696,1.509347012994614,1.7462183937166527,0.1445219478432766
0.37204541622405696,1.509347012994614,1.8183750085533987,0.1445219478432766
0.37204541622405696,1.509347012994614,1.7411932927084837,0.1445219478432766
0.37204541622405696,1.566146518001564,1.7152905582949958,0.1445219478432766
0.37204541622405696,1.566146518001564,1.3923364354212033,0.1445219478432766
0.37204541622405696,1.566146518001564,1.3294641430471508,0.1445219478432766
0.37204541622405696,1.566146518001564,1.8019976964994822,0.1445219478432766
0.37204541622405696,1.566146518001564,1.4761497932338656,0.1445219478432766
0.37204541622405696,1.566146518001564,1.6738746215922107,0.1445219478432766
0.37204541622405696,1.566146518001564,1.5866303861483153,0.1445219478432766
0.37204541622405696,1.566146518001564,1.8217670892346618,0.1445219478432766
0.37204541622405696,1.5093775370970242,2.104795576926165,0.1445219478432766
0.37204541622405696,1.5093775370970242,1.4239053443695286,0.1445219478432766
0.37204541622405696,1.5093775370970242,1.783096271037854,0.1445219478432766
0.37204541622405696,1.4871605806329866,1.5891493723944257,0.1445219478432766
0.37204541622405696,1.4871605806329866,2.1759509686910183,0.1445219478432766
0.37204541622405696,1.4871605806329866,2.017152592292656,0.1445219478432766
0.37204541622405696,1.4871605806329866,1.8233774399112046,0.1445219478432766
0.37204541622405696,1.4871605806329866,1.7531720197052167,0.1445219478432766
0.37204541622405696,1.4871605806329866,2.1677372853649466,0.1445219478432766
0.37204541622405696,1.4871605806329866,1.654794440986089,0.1445219478432766
0.37204541622405696,1.4871605806329866,1.8344944752642947,0.1445219478432766
0.45362916397278363,1.4871605806329866,1.744048818764989,0.1445219478432766
0.45362916397278363,1.4871605806329866,1.5148934729280021,0.1445219478432766
0.45362916397278363,1.4871605806329866,1.6376476344297857,0.1445219478432766
0.5317886834841088,1.4871605806329866,1.576629515056212,0.1445219478432766
0.5317886834841088,1.4871605806329866,1.6161961116664951,0.1445219478432766
0.7069593348515144,1.4871605806329866,0.9991324776004903,0.1445219478432766
0.7069593348515144,1.4871605806329866,0.875768496450065,0.1445219478432766
0.7069593348515144,1.4871605806329866,1.0696560424612027,0.1445219478432766
0.7069593348515144,1.4408100669071968,0.8878262473772001,0.1445219478432766
0.7069593348515144,1.2374681047823508,1.1930129329345183,0.1445219478432766
0.7069593348515144,1.2374681047823508,1.3295084481159052,0.1445219478432766
0.4703455645343438,1.2374681047823508,1.7693921475114816,0.1445219478432766
0.4703455645343438,1.2374681047823508,2.4505440122193405,0.1445219478432766
0.4703455645343438,1.322109481202705,2.1854980371374944,0.1445219478432766
0.4703455645343438,1.322109481202705,2.587756697133222,0.1445219478432766
0.4703455645343438,1.322109481202705,1.719956615130655,0.1445219478432766
0.4703455645343438,1.322109481202705,1.9304641670064135,0.1445219478432766
0.4703455645343438,1.4915828811276644,1.9445762861152764,0.1445219478432766
0.4703455645343438,1.4915828811276644,1.7454181519862373,0.1445219478432766
0.4703455645343438,1.4915828811276644,1.3997761829273845,0.1445219478432766
0.4703455645343438,1.4915828811276644,1.2618392987130418,0.1445219478432766
0.4703455645343438,1.4915828811276644,1.277052870884771,0.1445219478432766
0.4703455645343438,1.4915828811276644,1.6419945025059308,0.1445219478432766
0.4703455645343438,1.4915828811276644,1.5721983108308977,0.1445219478432766
0.4703455645343438,1.4915828811276644,1.4811804436016858,0.1445219478432766
0.4703455645343438,1.4915828811276644,1.3818544187980812,0.1445219478432766
0.4703455645343438,1.4915828811276644,1.4158492566206065,0.1445219478432766
0.48429652751389196,1.4915828811276644,1.3952530026779115,0.1445219478432766
0.48429652751389196,1.4915828811276644,1.3515899755174274,0.1445219478432766
0.48429652751389196,1.4915828811276644,1.289321838530479,0.1445219478432766
0.48429652751389196,1.6984025642072431,1.2231118653480344,0.1445219478432766
0.48429652751389196,1.6984025642072431,1.0220656081525261,0.1445219478432766
0.48429652751389196,1.6984025642072431,0.9737093695980742,0.1445219478432766
0.48429652751389196,1.6984025642072431,1.0318363257330798,0.1445219478432766
0.48429652751389196,1.6984025642072431,1.269522953078424,0.1445219478432766
0.48429652751389196,1.6984025642072431,1.0019373323188354,0.1445219478432766
0.48429652751389196,1.6984025642072431,1.022243658106542,0.14590066593484108
0.48429652751389196,1.6984025642072431,0.9315075687757001,0.14590066593484108
0.48429652751389196,1.6984025642072431,1.004000197074138,0.14590066593484108
0.48429652751389196,1.6984025642072431,1.0346291585811371,0.21826020209877556
0.48429652751389196,1.6984025642072431,1.2900044662162182,0.21826020209877556
0.48429652751389196,1.6984025642072431,1.1085980416216634,0.21826020209877556
0.48429652751389196,1.6984025642072431,1.1111076854135644,0.21826020209877556
0.48429652751389196,1.6984025642072431,0.9469650525815673,0.21826020209877556
0.48429652751389196,1.6984025642072431,1.151433912270684,0.21826020209877556
0.48429652751389196,1.6984025642072431,0.9746825268910562,0.21826020209877556
0.48429652751389196,1.6984025642072431,1.1290851492090543,0.21826020209877556
0.48429652751389196,1.6984025642072431,1.0960706256305464,0.21826020209877556
0.46907017515739363,1.6984025642072431,0.915114603261624,0.21826020209877556
0.46907017515739363,1.6984025642072431,1.0684690788848141,0.21826020209877556
0.46907017515739363,1.6984025642072431,0.9612061542255687,0.21826020209877556
0.46907017515739363,1.6984025642072431,1.2828647441511716,0.21826020209877556
0.46907017515739363,1.6984025642072431,1.2371898579388032,0.21826020209877556
0.46907017515739363,1.6984025642072431,1.287674369179806,0.21826020209877556
0.46907017515739363,1.6984025642072431,1.24900805967717,0.21826020209877556
0.46907017515739363,1.6984025642072431,1.0938157362003504,0.1558645213010741
0.46907017515739363,1.6984025642072431,1.1881804434722414,0.1558645213010741
0.46907017515739363,1.6984025642072431,1.2113590639823744,0.1558645213010741
0.46907017515739363,1.6984025642072431,0.9462520337712069,0.1558645213010741
0.46907017515739363,1.6984025642072431,1.1253407016982762,0.1558645213010741
0.46907017515739363,1.6984025642072431,1.1023641079454451,0.1558645213010741
0.46907017515739363,1.6984025642072431,0.9898958109129089,0.1558645213010741
0.46907017515739363,1.6984025642072431,1.050958461973295,0.1558645213010741
0.46907017515739363,1.6984025642072431,1.010272797989547,0.1558645213010741
0.46907017515739363,1.6984025642072431,1.1590761655016122,0.1558645213010741
0.46907017515739363,1.6984025642072431,1.0368302712255355,0.1558645213010741
0.46907017515739363,1.6984025642072431,1.0751848095149215,0.1558645213010741
0.46907017515739363,1.6984025642072431,1.1374193031442164,0.1558645213010741
0.46907017515739363,1.6984025642072431,1.00464883605422,0.1558645213010741
0.46907017515739363,1.6984025642072431,0.9042509225559537,0.16825251451746798
0.46907017515739363,1.6984025642072431,1.1440010056960412,0.16825251451746798
0.46907017515739363,1.6984025642072431,1.091135607363041,0.16825251451746798
0.46907017515739363,1.6243055724560624,1.1235359733287624,0.16825251451746798
0.46907017515739363,1.6243055724560624,1.2595142045848047,0.16825251451746798
0.46907017515739363,1.503866590334769,1.5494668397815374,0.16825251451746798
0.46907017515739363,1.503866590334769,1.283646045012887,0.16825251451746798
0.46907017515739363,1.503866590334769,1.3879136229893767,0.16825251451746798
0.46907017515739363,1.503866590334769,2.0515826577336256,0.16825251451746798
0.46907017515739363,1.503866590334769,1.3797026860772106,0.16825251451746798
0.46907017515739363,1.503866590334769,1.609502066314776,0.16825251451746798
0.46907017515739363,1.503866590334769,1.3261275808364203,0.16825251451746798
0.46907017515739363,1.503866590334769,1.707496423891129,0.16825251451746798
0.46907017515739363,1.503866590334769,1.4157470763527873,0.16825251451746798
0.46907017515739363,1.503866590334769,1.505817784335099,0.16825251451746798
0.46907017515739363,1.503866590334769,1.4173750203826225,0.16825251451746798
0.46907017515739363,1.503866590334769,1.6385020100432781,0.16825251451746798
0.46907017515739363,1.503866590334769,1.3294202428222563,0.16825251451746798
0.46907017515739363,1.503866590334769,1.3465180769475422,0.16825251451746798
0.46907017515739363,1.503866590334769,1.5472817817087723,0.16825251451746798
0.46907017515739363,1.503866590334769,1.258669674815975,0.16825251451746798
0.46907017515739363,1.6463105907213091,1.461007871514281,0.16825251451746798
0.46907017515739363,1.6463105907213091,1.3127252008999513,0.16825251451746798
0.46907017515739363,1.5538592292094384,1.3560322593896903,0.16825251451746798
0.46907017515739363,1.5538592292094384,1.5349915083690617,0.16825251451746798
0.46907017515739363,1.5538592292094384,1.3637663838105971,0.16825251451746798
0.46907017515739363,1.5538592292094384,1.3221153017212508,0.16825251451746798
0.46907017515739363,1.6245278354098873,1.210962184938377,0.16825251451746798
0.5397349289098909,1.6245278354098873,1.372759668723871,0.16825251451746798
0.5397349289098909,1.6245278354098873,0.9452841394709972,0.16825251451746798
0.5397349289098909,1.6245278354098873,1.1171896937627543,0.15964793917322023
0.5397349289098909,1.6245278354098873,0.9646707191557289,0.15964793917322023
0.5210614255304232,1.6245278354098873,0.9680855796126254,0.15964793917322023
0.5210614255304232,1.6245278354098873,1.0847017723669365,0.15964793917322023
0.5210614255304232,1.6245278354098873,1.0736718440212651,0.15964793917322023
0.5386868936482149,1.6245278354098873,1.1756309163400704,0.16267994654775975
0.5386868936482149,1.6245278354098873,0.9571089093998401,0.16267994654775975
0.5386868936482149,1.6245278354098873,1.1425108104299002,0.16267994654775975
0.5386868936482149,1.4870678517966585,1.203129518573239,0.16267994654775975
0.5386868936482149,1.4870678517966585,1.439095373274059,0.14913039909807954
0.5386868936482149,1.5083233960531952,1.5586629798014044,0.14913039909807954
0.5554656118551099,1.5083233960531952,1.3535104914915432,0.14913039909807954
0.5554656118551099,1.5083233960531952,1.2123621443822645,0.14913039909807954
0.5554656118551099,1.5083233960531952,0.8450472621800296,0.14913039909807954
0.5554656118551099,1.4355048688012786,1.6732055033063356,0.14913039909807954
0.5554656118551099,1.4355048688012786,1.2776642727533853,0.14913039909807954
0.5554656118551099,1.4355048688012786,1.5438960699985336,0.14913039909807954
0.5554656118551099,1.4355048688012786,1.0728113385219138,0.14913039909807954
0.5554656118551099,1.4355048688012786,1.612304184703137,0.14913039909807954
0.5554656118551099,1.3901307285420479,1.2709588720445961,0.14913039909807954
0.7065934027241382,1.3901307285420479,1.630615160360517,0.14913039909807954
0.7067633111045575,1.3901307285420479,1.1419770420957112,0.14913039909807954
0.7067633111045575,1.3901307285420479,1.203222766400775,0.14913039909807954
0.7067633111045575,1.3901307285420479,1.5172189149274948,0.14913039909807954
0.7067633111045575,1.3901307285420479,1.2991002824526314,0.14913039909807954
0.7067633111045575,1.3901307285420479,1.0760157160838189,0.14913039909807954
0.7067633111045575,1.3901307285420479,1.3423851869579997,0.14913039909807954
0.7067633111045575,1.3901307285420479,1.172237905705106,0.14913039909807954
0.7067633111045575,1.3901307285420479,1.2310957323493927,0.14913039909807954
0.7067633111045575,1.3901307285420479,1.177716790352195,0.14913039909807954
0.7067633111045575,1.3901307285420479,1.22830114112664,0.14913039909807954
0.7067633111045575,1.3901307285420479,1.0645594751332992,0.14913039909807954
0.7067633111045575,1.3901307285420479,1.2137261720049155,0.14913039909807954
0.7067633111045575,1.3901307285420479,1.20808821852393,0.14913039909807954
0.7067633111045575,1.3901307285420479,1.2672546010388068,0.14913039909807954
0.7067633111045575,1.3901307285420479,1.0983559054341192,0.14913039909807954
0.7067633111045575,1.3738896400038203,1.541083104933025,0.14913039909807954
0.7067633111045575,1.3738896400038203,1.3371134031010623,0.14913039909807954
0.8531786100925739,1.3738896400038203,1.0281631670943319,0.14913039909807954
0.7687777700137827,1.3738896400038203,1.241579417008054,0.14913039909807954
0.7687777700137827,1.3738896400038203,1.081238648881202,0.14913039909807954
0.7687777700137827,1.3738896400038203,1.0155429750357927,0.14913039909807954
0.7687777700137827,1.3738896400038203,1.0957995604276314,0.14913039909807954
0.7687777700137827,1.3738896400038203,1.0907153706838635,0.14913039909807954
0.7687777700137827,1.3738896400038203,1.1041162632144887,0.14913039909807954
0.7687777700137827,1.3738896400038203,1.1053702623765376,0.14913039909807954
0.7687777700137827,1.3738896400038203,1.080229248416113,0.14913039909807954
0.7687777700137827,1.3738896400038203,1.1816920053573403,0.14913039909807954
0.7687777700137827,1.3738896400038203,1.3754232739445573,0.14913039909807954
0.7687777700137827,1.3738896400038203,1.17116769518523,0.14913039909807954
0.7687777700137827,1.3738896400038203,1.1449969186598814,0.14913039909807954
0.7687777700137827,1.3738896400038203,1.059784090270869,0.14913039909807954
0.7687777700137827,1.3386846943648518,1.1188980739666754,0.14913039909807954
0.7687777700137827,1.1897808147280402,1.2343123944389085,0.14913039909807954
0.6596352552663424,1.1897808147280402,1.937746220348133,0.14913039909807954
0.6596352552663424,1.1897808147280402,1.4813624261363314,0.14913039909807954
0.6596352552663424,1.1897808147280402,2.038076658711066,0.1478383749546126
0.6596352552663424,1.1897808147280402,1.8476837743738854,0.1478383749546126
0.6596352552663424,1.1897808147280402,2.1137201005741897,0.1478383749546126
0.6596352552663424,1.1897808147280402,1.5783719818014352,0.1478383749546126
0.7281510262087958,1.1897808147280402,1.9056108693169898,0.1478383749546126
0.7281510262087958,1.1897808147280402,2.035858755160315,0.1478383749546126
0.7281510262087958,1.1897808147280402,1.4404906779784983,0.1478383749546126
0.7332943018294036,1.1897808147280402,1.7817504108081286,0.1478383749546126
0.7332943018294036,1.1897808147280402,1.441395252389475,0.1478383749546126
0.7332943018294036,1.1897808147280402,1.5775766171908605,0.1478383749546126
0.7332943018294036,1.1897808147280402,1.5781336611648233,0.1478383749546126
0.7332943018294036,1.1897808147280402,1.7773368061042376,0.1478383749546126
0.7332943018294036,1.1897808147280402,1.6391531156442678,0.1478383749546126
0.7332943018294036,1.1897808147280402,1.341623986007655,0.1478383749546126
0.7332943018294036,1.1897808147280402,1.413023848275326,0.1478383749546126
0.7332943018294036,1.1524392603439269,1.8366040782218964,0.1478383749546126
0.7332943018294036,1.1524392603439269,1.3642330382358112,0.1478383749546126
0.7332943018294036,1.1524392603439269,1.6914477343008987,0.1478383749546126
0.7332943018294036,1.1524392603439269,1.8621432489094083,0.1478383749546126
0.7332943018294036,1.1569377158312044,1.7571759126524111,0.1478383749546126
0.7332943018294036,1.1569377158312044,1.6618098047414795,0.1478383749546126
0.7332943018294036,1.1569377158312044,1.7268912791650368,0.1478383749546126
0.7332943018294036,1.1569377158312044,1.6721891939554352,0.1478383749546126
0.7332943018294036,1.1569377158312044,1.5003065364880712,0.1478383749546126
0.7332943018294036,1.1569377158312044,1.9294118802383453,0.1478383749546126
0.7332943018294036,1.3647484721019065,1.5837516267480314,0.1478383749546126
0.7332943018294036,1.3647484721019065,1.2644362746702598,0.1478383749546126
0.7332943018294036,1.3647484721019065,1.0571937563905882,0.1478383749546126
0.7332943018294036,1.3647484721019065,1.455652659316862,0.1478383749546126
0.7332943018294036,1.3647484721019065,1.3615160094346823,0.1478383749546126
0.7332943018294036,1.3647484721019065,1.0235498939835943,0.1478383749546126
0.7332943018294036,1.3647484721019065,1.1360217910371824,0.1478383749546126
0.7332943018294036,1.3647484721019065,1.2253802410223888,0.1478383749546126
1.074084337404705,1.3647484721019065,0.8048982846834304,0.1478383749546126
1.074084337404705,1.3647484721019065,0.8411463515236703,0.1478383749546126
1.074084337404705,1.3647484721019065,0.8520698170748957,0.1478383749546126
1.074084337404705,1.3647484721019065,0.8916890036500912,0.19566780403242195
1.074084337404705,1.3647484721019065,0.7671824577638339,0.19566780403242195
1.074084337404705,1.3647484721019065,0.8388572055951249,0.19566780403242195
1.074084337404705,1.3647484721019065,0.7942222257122825,0.19566780403242195
1.074084337404705,1.3647484721019065,0.7464187535218951,0.16807936941222967
1.074084337404705,1.3647484721019065,0.9070763992458093,0.1721740921808257
1.074084337404705,1.3054138026381856,0.7936340117973427,0.1721740921808257
1.074084337404705,1.3054138026381856,0.9823381236449339,0.1811477552444154
1.074084337404705,1.3054138026381856,0.8673167211458456,0.1811477552444154
1.074084337404705,1.3054138026381856,1.025341594936358,0.1811477552444154
0.9789909515612519,1.3054138026381856,1.202663857062452,0.1811477552444154
0.9789909515612519,1.3054138026381856,1.1206293612760372,0.1811477552444154
0.9789909515612519,1.3054138026381856,1.1714685731452226,0.1811477552444154
0.9789909515612519,1.3054138026381856,1.030027331136137,0.1811477552444154
0.9789909515612519,1.3054138026381856,1.213598415182424,0.1811477552444154
0.9789909515612519,1.3054138026381856,1.1223522666746206,0.1811477552444154
0.9789909515612519,1.3054138026381856,0.9419166895135702,0.1811477552444154
0.9789909515612519,1.2917763297465483,0.9820975791791661,0.1811477552444154
0.9789909515612519,1.2917763297465483,1.086455756655428,0.1811477552444154
0.9789909515612519,1.2917763297465483,1.1505218728374869,0.1811477552444154
0.9789909515612519,1.3300530244635187,1.041219836218061,0.1811477552444154
0.9789909515612519,1.3300530244635187,1.0541514706025905,0.1811477552444154
0.9789909515612519,1.3300530244635187,0.9876198116112449,0.1811477552444154
0.9527382660066659,1.3300530244635187,0.9988962003275796,0.1811477552444154
0.9527382660066659,1.3300530244635187,1.002302438246041,0.1811477552444154
0.9527382660066659,1.3300530244635187,0.9577115122466631,0.1811477552444154
0.9527382660066659,1.3300530244635187,1.0292511875514119,0.1811477552444154
0.7706261499235282,1.3300530244635187,0.9943515393665302,0.1811477552444154
0.7706261499235282,1.3300530244635187,1.2234111987471192,0.1811477552444154
0.7675179165152521,1.3300530244635187,1.2266335796477559,0.1811477552444154
0.7675179165152521,1.3300530244635187,1.1962481641969558,0.1811477552444154
0.7675179165152521,1.3300530244635187,1.1498020988746955,0.24464882511413702
0.7675179165152521,1.3300530244635187,1.3414021304934882,0.24464882511413702
0.9480598573583351,1.3300530244635187,1.3499620938947818,0.24464882511413702
0.9480598573583351,1.3300530244635187,1.0579137034027537,0.24464882511413702
0.9480598573583351,1.3300530244635187,0.970240021206395,0.24464882511413702
0.9480598573583351,1.28064049709314,1.1271061928760975,0.24464882511413702
0.9480598573583351,1.28064049709314,1.1083218357874691,0.24464882511413702
0.9480598573583351,1.28064049709314,1.1580668955358098,0.24464882511413702
0.9480598573583351,1.28064049709314,1.1249009211918786,0.24464882511413702
0.9480598573583351,1.28064049709314,1.2424402374881849,0.24464882511413702
0.9480598573583351,1.28064049709314,1.147205230228872,0.24464882511413702
0.9480598573583351,1.2184147906131488,1.4022630905812536,0.24464882511413702
0.9480598573583351,1.2184147906131488,0.9839056771874191,0.24464882511413702
0.9480598573583351,1.2184147906131488,1.5574648668972653,0.24464882511413702
0.9480598573583351,1.3124327808114638,1.446559793308058,0.24464882511413702
0.9480598573583351,1.3124327808114638,1.0975917107870328,0.2656605227273164
0.9480598573583351,1.3124327808114638,1.0157852311872473,0.2656605227273164
0.9480598573583351,1.3124327808114638,0.9603530955997946,0.19039011640737677
0.9480598573583351,1.3124327808114638,1.0837366264675496,0.19039011640737677
0.9480598573583351,1.3124327808114638,1.1023556321978258,0.19039011640737677
0.9480598573583351,1.3489055748716392,1.0994110676481095,0.19039011640737677
0.9480598573583351,1.3489055748716392,1.0486428770467349,0.19039011640737677
0.9480598573583351,1.3489055748716392,1.0162931553736196,0.19039011640737677
0.9480598573583351,1.3862531076499274,0.8663348344597436,0.19039011640737677
0.9480598573583351,1.3862531076499274,1.040509188558891,0.19039011640737677
0.9480598573583351,1.3862531076499274,0.8415249090024686,0.19039011640737677
0.8052693017302142,1.408122931664373,1.0330789324534253,0.19039011640737677
0.8052693017302142,1.408122931664373,1.2967252823335567,0.19039011640737677
0.8052693017302142,1.408122931664373,0.9528136468580539,0.19039011640737677
0.8052693017302142,1.408122931664373,0.8778251958014844,0.19039011640737677
0.8052693017302142,1.408122931664373,1.1031194539322422,0.19039011640737677
0.8052693017302142,1.408122931664373,0.9569163995851522,0.19039011640737677
0.8479230083378726,1.408122931664373,0.9957168703214813,0.19039011640737677
0.8479230083378726,1.408122931664373,1.1062233110318491,0.19039011640737677
0.8479230083378726,1.408122931664373,1.043053595674177,0.19039011640737677
0.8479230083378726,1.408122931664373,1.0218515579968697,0.19039011640737677
0.8479230083378726,1.408122931664373,1.0703112572253248,0.16516845242848147
0.8479230083378726,1.408122931664373,0.8832638985882748,0.16516845242848147
1.0632172414283738,1.2014848766775452,1.2072251398889333,0.16516845242848147
1.0632172414283738,1.2014848766775452,1.159936540774709,0.16516845242848147
1.0632172414283738,1.2014848766775452,1.0398505930117072,0.16516845242848147
1.1504265328734433,1.2014848766775452,0.9022033365940467,0.16516845242848147
1.1504265328734433,1.2014848766775452,1.0135167520085469,0.16516845242848147
1.169064101306207,1.2014848766775452,0.9567762565077902,0.16516845242848147
1.169064101306207,1.2014848766775452,1.0911669940538433,0.16516845242848147
0.7654952979324722,1.2014848766775452,1.1397214650512586,0.16516845242848147
0.7840484094276544,1.2014848766775452,1.611494584836707,0.16516845242848147
0.7840484094276544,1.2014848766775452,1.4458791605794532,0.16516845242848147
0.7840484094276544,1.2014848766775452,1.5805321363324343,0.16516845242848147
0.7840484094276544,1.2014848766775452,1.2865020943131953,0.16516845242848147
0.7840484094276544,1.2014848766775452,1.3129978503245445,0.16516845242848147
0.7840484094276544,1.2014848766775452,1.3899933223766636,0.16516845242848147
0.7840484094276544,1.2014848766775452,1.3763588938299842,0.16516845242848147
0.7840484094276544,1.2014848766775452,1.2676635805049628,0.16516845242848147
0.7840484094276544,1.2014848766775452,1.0229084579565175,0.16516845242848147
0.7840484094276544,1.2014848766775452,1.4740952863385623,0.1686684263435275
0.7127703178015815,1.321698576634628,1.3310928321201634,0.1686684263435275
0.7127703178015815,1.321698576634628,1.3118890366229727,0.1686684263435275
0.7127703178015815,1.321698576634628,1.3046848462499367,0.1686684263435275
0.76815306559651,1.321698576634628,1.31896354789328,0.15219334884834324
0.76815306559651,1.321698576634628,1.0901651910901757,0.15219334884834324
0.76815306559651,1.321698576634628,1.1849340645748443,0.15219334884834324
0.76815306559651,1.321698576634628,1.2646758425516724,0.15219334884834324
0.76815306559651,1.321698576634628,1.2114591036848965,0.15219334884834324
0.76815306559651,1.321698576634628,1.2805137503925497,0.15219334884834324
0.76815306559651,1.4475126864991261,1.2761085982073652,0.15219334884834324
0.76815306559651,1.4475126864991261,0.9666656426877124,0.15219334884834324
0.76815306559651,1.4475126864991261,1.1942795326927922,0.15219334884834324
0.76815306559651,1.4475126864991261,0.8110257302743364,0.15219334884834324
0.6998480970943245,1.4475126864991261,0.9887659242400743,0.15219334884834324
0.6998480970943245,1.4475126864991261,1.0851414791411356,0.15219334884834324
0.6998480970943245,1.4475126864991261,0.8733168482696654,0.15219334884834324
0.6998480970943245,1.4475126864991261,1.0249322981101703,0.15219334884834324
0.6998480970943245,1.4475126864991261,1.0136071236951947,0.15219334884834324
0.6998480970943245,1.4475126864991261,0.9622445869659259,0.15219334884834324
0.6998480970943245,1.4475126864991261,1.236234287162232,0.15219334884834324
0.6998480970943245,1.5322842042906752,0.7973506125470666,0.15219334884834324
0.6998480970943245,1.4643274896982847,0.9602349096767909,0.15219334884834324
0.6998480970943245,1.4643274896982847,0.9043484589370582,0.15219334884834324
0.6998480970943245,1.4643274896982847,0.8963276167718199,0.15219334884834324
0.6998480970943245,1.4643274896982847,1.1052902273222183,0.15219334884834324
0.6998480970943245,1.5248382396145006,0.9634693860187062,0.15219334884834324
0.6998480970943245,1.5248382396145006,0.8741486425095663,0.15219334884834324
0.6998480970943245,1.5248382396145006,1.0735098654769812,0.15219334884834324
0.6998480970943245,1.5248382396145006,0.8765465152351715,0.15219334884834324
0.6998480970943245,1.5248382396145006,0.8795675515781025,0.15219334884834324
0.6998480970943245,1.5248382396145006,1.0648747476683356,0.15219334884834324
0.6924547810351391,1.5248382396145006,1.025229788273198,0.15219334884834324
0.6924547810351391,1.5248382396145006,0.923749055844632,0.15219334884834324
0.6924547810351391,1.5248382396145006,0.8118381306071398,0.15219334884834324
0.5996245497498045,1.5248382396145006,1.0044472323819258,0.15219334884834324
0.5996245497498045,1.5248382396145006,1.1058391471809492,0.15219334884834324
0.5996245497498045,1.5248382396145006,0.9225269569149028,0.15219334884834324
0.5996245497498045,1.5248382396145006,1.0005389590118847,0.15219334884834324
0.5996245497498045,1.5248382396145006,0.9358256282513744,0.15219334884834324
0.5996245497498045,1.5248382396145006,1.305328545237139,0.15219334884834324
0.5515511110610751,1.5248382396145006,1.0523614082359949,0.15219334884834324
0.5949909085213961,1.5052382785277825,1.354987604645667,0.15219334884834324
0.5949909085213961,1.5052382785277825,0.9293451940916551,0.15219334884834324
0.5949909085213961,1.5052382785277825,1.1752662902175763,0.15219334884834324
0.5949909085213961,1.5052382785277825,1.0972841045148334,0.15219334884834324
0.5949909085213961,1.5052382785277825,1.1573626505264767,0.15219334884834324
0.5949909085213961,1.5052382785277825,1.0733240600923466,0.15219334884834324
0.5949909085213961,1.5052382785277825,1.4084925884629373,0.15219334884834324
0.5949909085213961,1.5052382785277825,1.3692723236300506,0.15219334884834324
0.5949909085213961,1.6781897624876418,0.868706162652741,0.15219334884834324
0.5949909085213961,1.6781897624876418,0.8058677186771569,0.15219334884834324
0.5949909085213961,1.6781897624876418,0.9088288011652031,0.15219334884834324
0.526722675506326,1.6781897624876418,0.8269612189928541,0.15219334884834324
0.526722675506326,1.6781897624876418,0.8282673398536184,0.15219334884834324
0.526722675506326,1.6781897624876418,0.8962134915943982,0.15219334884834324
0.526722675506326,1.6781897624876418,0.8465874752251429,0.15219334884834324
0.526722675506326,1.6781897624876418,0.9961117751419991,0.15219334884834324
0.526722675506326,1.6781897624876418,0.8573131690163472,0.15219334884834324
0.526722675506326,1.6195456996223911,0.9227305551248215,0.15219334884834324
0.526722675506326,1.6195456996223911,1.0288892704303125,0.15219334884834324
0.692494697826993,1.6195456996223911,0.9144799212308448,0.15219334884834324
0.692494697826993,1.6195456996223911,0.8591371404991693,0.15219334884834324
0.692494697826993,1.6195456996223911,0.8631948138751906,0.15219334884834324
0.692494697826993,1.6195456996223911,0.9218068899281718,0.15219334884834324
0.692494697826993,1.6195456996223911,0.7896720924975983,0.15219334884834324
0.692494697826993,1.6195456996223911,0.8974513406820056,0.15219334884834324
0.692494697826993,1.6195456996223911,0.8418819876071124,0.15219334884834324
0.692494697826993,1.6195456996223911,0.7365120971138376,0.15219334884834324
0.692494697826993,1.6195456996223911,0.7789776622463465,0.15219334884834324
0.692494697826993,1.6195456996223911,0.8537125001399317,0.15219334884834324
0.692494697826993,1.6195456996223911,0.768283123792434,0.15219334884834324
0.692494697826993,1.6195456996223911,0.8027020959054639,0.15219334884834324
0.692494697826993,1.6195456996223911,0.7810455252902014,0.15219334884834324
0.692494697826993,1.6195456996223911,0.941633266939352,0.15219334884834324
0.546804388029173,1.6195456996223911,0.9983553434069234,0.15219334884834324
0.546804388029173,1.6195456996223911,1.2722339255019093,0.15219334884834324
0.546804388029173,1.6195456996223911,0.8517180002498409,0.15219334884834324
0.546804388029173,1.6195456996223911,0.9750351120549443,0.15219334884834324
0.546804388029173,1.6195456996223911,1.0917664336396138,0.15219334884834324
0.546804388029173,1.5326410421041043,0.9947446544442724,0.15219334884834324
0.546804388029173,1.5326410421041043,1.0899620426390766,0.15219334884834324
0.546804388029173,1.5326410421041043,1.10620849382673,0.15219334884834324
0.546804388029173,1.5326410421041043,1.22218815036258,0.15219334884834324
0.546804388029173,1.5326410421041043,1.1800793473330544,0.15219334884834324
0.546804388029173,1.5326410421041043,1.2230426381847086,0.15219334884834324
0.546804388029173,1.5326410421041043,1.0253798587689118,0.15219334884834324
0.546804388029173,1.5326410421041043,1.6024388373233136,0.15219334884834324
0.546804388029173,1.5326410421041043,1.1347886230031299,0.15219334884834324
0.546804388029173,1.5326410421041043,1.1765844114758937,0.15219334884834324
0.546804388029173,1.5326410421041043,1.3291009970482284,0.15219334884834324
0.546804388029173,1.5326410421041043,1.0610733879099237,0.15219334884834324
0.546804388029173,1.5326410421041043,1.1891015517669703,0.15219334884834324
0.546804388029173,1.5326410421041043,1.3633711314533825,0.15219334884834324
0.546804388029173,1.5326410421041043,1.3306214378301264,0.15219334884834324
0.546804388029173,1.5326410421041043,1.2207777472375043,0.15219334884834324
0.546804388029173,1.5326410421041043,1.2471034137749122,0.15219334884834324
0.546804388029173,1.5326410421041043,1.3111957202872535,0.15219334884834324
0.546804388029173,1.5326410421041043,1.1355375657476443,0.15219334884834324
0.5427673450792166,1.5326410421041043,1.111006362030706,0.15219334884834324
0.5427673450792166,1.5326410421041043,1.3301849612919847,0.15219334884834324
0.5427673450792166,1.5326410421041043,1.0613778839327181,0.15219334884834324
0.5427673450792166,1.5326410421041043,1.2621679284723297,0.15219334884834324
0.5427673450792166,1.5326410421041043,1.1109973680156446,0.15219334884834324
0.5427673450792166,1.5326410421041043,1.3875303553984246,0.15219334884834324
0.5427673450792166,1.5326410421041043,1.2338252540763843,0.15219334884834324
0.5427673450792166,1.5404334947803346,1.3313929091028234,0.15219334884834324
0.5427673450792166,1.5404334947803346,1.2067453138710937,0.15219334884834324
0.5427673450792166,1.5404334947803346,1.4443538017329653,0.17510408176266753
0.5427673450792166,1.5404334947803346,1.3129597560913555,0.17510408176266753
0.5427673450792166,1.5404334947803346,1.017255694977689,0.17510408176266753
0.5427673450792166,1.5404334947803346,1.3426716107419265,0.17510408176266753
0.5427673450792166,1.5404334947803346,1.1371348374802919,0.17510408176266753
0.5427673450792166,1.5404334947803346,1.3228814165368459,0.17510408176266753
0.5427673450792166,1.5404334947803346,1.0574996275638564,0.17510408176266753
0.5427673450792166,1.5404334947803346,1.209308467295433,0.17510408176266753
0.5427673450792166,1.5404334947803346,1.150174125197635,0.17510408176266753
0.5427673450792166,1.5404334947803346,1.3519973498699347,0.17510408176266753
0.5427673450792166,1.5404334947803346,1.2432919735137675,0.17510408176266753
0.5427673450792166,1.5404334947803346,1.2727797836328847,0.17510408176266753
0.5427673450792166,1.5404334947803346,1.3837317523105166,0.17510408176266753
0.5427673450792166,1.5404334947803346,1.1249347900070437,0.17510408176266753
0.605203484793233,1.5404334947803346,1.2433629325504367,0.1963628032232691
0.605203484793233,1.5404334947803346,1.2662419006276464,0.1963628032232691
0.605203484793233,1.5404334947803346,1.1534883461271792,0.1963628032232691
0.605203484793233,1.5404334947803346,1.1942042880618493,0.1963628032232691
0.605203484793233,1.5404334947803346,1.1715859712084604,0.1963628032232691
0.605203484793233,1.5404334947803346,1.210899484842067,0.1963628032232691
0.605203484793233,1.5404334947803346,1.0384119129843996,0.1963628032232691
0.605203484793233,1.5404334947803346,0.9857316744568947,0.1963628032232691
0.605203484793233,1.5404334947803346,1.048187768727169,0.1963628032232691
0.605203484793233,1.5404334947803346,1.1901675363386697,0.1963628032232691
0.605203484793233,1.5404334947803346,1.4217402683782185,0.1963628032232691
0.605203484793233,1.5404334947803346,0.9867265885072616,0.1963628032232691
0.605203484793233,1.5404334947803346,1.2998934505648871,0.25109538587405045
0.605203484793233,1.5404334947803346,1.0562985043859285,0.25109538587405045
0.605203484793233,1.5404334947803346,1.1445383581180963,0.25109538587405045
0.605203484793233,1.5404334947803346,1.182695988377704,0.25109538587405045
0.605203484793233,1.5404334947803346,1.4136993818051624,0.25109538587405045
0.605203484793233,1.5404334947803346,1.2316586853746527,0.25109538587405045
0.605203484793233,1.5404334947803346,1.1149693373787195,0.25109538587405045
0.605203484793233,1.5404334947803346,1.205778564007324,0.25109538587405045
0.605203484793233,1.5404334947803346,1.273758695844703,0.25109538587405045
0.605203484793233,1.6215045909337837,1.178196334972348,0.25109538587405045
0.605203484793233,1.6215045909337837,1.240424097038828,0.25109538587405045
0.605203484793233,1.6524700889791164,0.9313290690179525,0.25109538587405045
0.605203484793233,1.6477857884628173,1.2329081480275716,0.35821050132542653
0.605203484793233,1.6477857884628173,1.2052908049866755,0.3788123271153254
0.605203484793233,1.6477857884628173,1.0262311497789023,0.3788123271153254
0.605203484793233,1.6477857884628173,1.0886477311939102,0.3788123271153254
0.605203484793233,1.6477857884628173,1.286654756438982,0.3788123271153254
0.6353127649511593,1.6477857884628173,0.972036704508276,0.3788123271153254
0.6353127649511593,1.6477857884628173,1.118061984522933,0.2863288950362516
0.6353127649511593,1.6477857884628173,0.9742746852513751,0.2863288950362516
0.6353127649511593,1.6477857884628173,1.0433652609943662,0.2863288950362516
0.6353127649511593,1.6477857884628173,1.0487404638103033,0.2863288950362516
0.6353127649511593,1.6477857884628173,1.0384834414324084,0.2863288950362516
0.6353127649511593,1.6477857884628173,1.098141288612893,0.3423131393350197
0.6472144024908497,1.6141413022659352,1.0355438211314096,0.3423131393350197
0.6472144024908497,1.6141413022659352,1.028653144106232,0.3237590194491587
0.6472144024908497,1.8071380887527755,0.9257667255427887,0.3237590194491587
0.6472144024908497,1.8071380887527755,0.8207782438494399,0.34483175331243726
0.6472144024908497,1.8071380887527755,0.6528946860201768,0.34483175331243726
0.6472144024908497,1.8071380887527755,0.8968483287365363,0.34483175331243726
0.6472144024908497,1.8340689969320172,0.8066642537553914,0.34483175331243726
0.6472144024908497,1.8340689969320172,0.7442364350079311,0.34483175331243726
0.6472144024908497,1.8340689969320172,0.7674156022096075,0.34483175331243726
0.6472144024908497,1.8340689969320172,0.7232813481623068,0.34483175331243726
0.6472144024908497,1.8340689969320172,0.8180792559716354,0.34483175331243726
0.6472144024908497,1.8340689969320172,0.7167750705704864,0.3558807678493995
0.6472144024908497,1.8340689969320172,0.6789763713455208,0.3558807678493995
0.6472144024908497,1.8340689969320172,0.7464217533404269,0.35881280063584375
0.6472144024908497,1.8340689969320172,0.7106050054125601,0.35881280063584375
0.6472144024908497,1.7646421201030167,0.77403588645352,0.35881280063584375
0.6472144024908497,1.7646421201030167,1.039775823891314,0.35881280063584375
0.6472144024908497,1.7646421201030167,0.8886093433038481,0.35881280063584375
0.6472144024908497,1.7646421201030167,0.9359741956328119,0.35881280063584375
0.6472144024908497,1.7646421201030167,0.9331909126567449,0.4086574142350115
0.6472144024908497,1.7640300080216886,1.1080980344778915,0.4086574142350115
0.7277565463189716,1.7640300080216886,0.8740063209259382,0.4086574142350115
0.7277565463189716,1.7640300080216886,0.8346620926513081,0.4086574142350115
0.7277565463189716,1.7640300080216886,0.8245941987205669,0.4086574142350115
0.7277565463189716,1.7640300080216886,0.7738301600472172,0.4086574142350115
0.7277565463189716,1.7640300080216886,0.8125388931949914,0.4086574142350115
0.7277565463189716,1.7640300080216886,0.743408712468451,0.40972897783464296
0.7277565463189716,1.7640300080216886,0.726681299075412,0.40972897783464296
0.7277565463189716,1.7640300080216886,0.7370525882740567,0.40972897783464296
0.7277565463189716,1.7640300080216886,0.728192761696427,0.40972897783464296
0.7277565463189716,1.7640300080216886,0.797823205145546,0.5019798296254129
0.7277565463189716,1.7640300080216886,0.8184678198364659,0.3712617869772917
0.7277565463189716,1.7450851109743941,0.7766729991185652,0.3712617869772917
0.7277565463189716,1.7450851109743941,0.8055352997695343,0.3712617869772917
0.7277565463189716,1.7450851109743941,0.7894739643788526,0.3712617869772917
0.7277565463189716,1.7450851109743941,0.7588557033820598,0.3712617869772917
0.7277565463189716,1.7450851109743941,0.7853358543343776,0.3603725661677655
0.7277565463189716,1.7450851109743941,0.740866015955873,0.3603725661677655
0.7277565463189716,1.7450851109743941,0.7136693451952424,0.3603725661677655
0.7277565463189716,1.7450851109743941,0.7646534126592184,0.3603725661677655
0.7277565463189716,1.7450851109743941,0.7630425388007755,0.3603725661677655
0.7277565463189716,1.7450851109743941,0.8429957935265309,0.3603725661677655
0.7277565463189716,1.7450851109743941,0.9153960295877289,0.3603725661677655
0.7277565463189716,1.7450851109743941,0.6901634102238002,0.3603725661677655
0.7277565463189716,1.7450851109743941,0.8289425705842357,0.3603725661677655
0.7277565463189716,1.7450851109743941,0.892720935084584,0.3603725661677655
0.7277565463189716,1.7450851109743941,0.7318887725469023,0.3603725661677655
0.7277565463189716,1.7450851109743941,0.7676438424631242,0.3603725661677655
0.7277565463189716,1.8438747005590794,0.6462023389588586,0.3603725661677655
0.7277565463189716,1.8438747005590794,0.647884125828805,0.3603725661677655
0.7277565463189716,1.8438747005590794,0.68865786686871,0.3603725661677655
0.7277565463189716,1.8438747005590794,0.7341423155879385,0.3603725661677655
0.7277565463189716,1.8438747005590794,0.6831292309699197,0.3603725661677655
0.7277565463189716,1.8438747005590794,0.6314667482802105,0.3603725661677655
0.7277565463189716,1.8438747005590794,0.6296961818098055,0.3603725661677655
0.7277565463189716,1.8438747005590794,0.6664866007450321,0.3603725661677655
0.5205136794117659,1.8438747005590794,0.8355604386838293,0.3603725661677655
0.5205136794117659,1.8438747005590794,0.9580630591656418,0.3603725661677655
0.5205136794117659,1.8438747005590794,0.8558468368617456,0.3603725661677655
0.5205136794117659,1.8438747005590794,0.8650831833925872,0.3603725661677655
0.5205136794117659,1.8438747005590794,0.907902794406209,0.3603725661677655
0.4781319435964588,1.8438747005590794,0.9099908620351619,0.3603725661677655
0.4781319435964588,1.8438747005590794,0.95998074323358,0.3603725661677655
0.4781319435964588,1.8438747005590794,1.093180235598723,0.3998952109042167
0.4781319435964588,1.8438747005590794,1.1137408545956091,0.3998952109042167
0.4781319435964588,1.8438747005590794,1.156206120250245,0.3998952109042167
0.4781319435964588,1.8438747005590794,1.0533241556033233,0.3998952109042167
0.4781319435964588,1.8438747005590794,1.020679419803237,0.3998952109042167
0.4781319435964588,1.8438747005590794,1.0212692134353676,0.3382029103408654
0.4781319435964588,1.8438747005590794,0.8548223212712875,0.3382029103408654
0.4781319435964588,1.8438747005590794,1.0841865609826733,0.3382029103408654
0.4781319435964588,1.8438747005590794,0.9511031879617349,0.3382029103408654
0.4781319435964588,1.8438747005590794,1.007983233859499,0.3382029103408654
0.4781319435964588,1.8438747005590794,0.8726692152436414,0.3382029103408654
0.4781319435964588,1.8438747005590794,0.9361286797420331,0.3382029103408654
0.4781319435964588,1.8438747005590794,0.9548321314352751,0.3382029103408654
0.4781319435964588,1.8438747005590794,1.0147392835957987,0.3382029103408654
0.4781319435964588,1.8438747005590794,0.9040274781975557,0.3382029103408654
0.4781319435964588,1.8438747005590794,1.0203931706751492,0.3382029103408654
0.4781319435964588,1.8438747005590794,1.0365007053260453,0.3382029103408654
0.4781319435964588,1.8438747005590794,0.9058422403491324,0.3382029103408654
0.4781319435964588,1.8438747005590794,0.7972337937238158,0.3382029103408654
0.4781319435964588,1.8438747005590794,0.9105651166092844,0.3382029103408654
0.4781319435964588,1.8438747005590794,0.9196687090393475,0.3382029103408654
0.4781319435964588,1.8438747005590794,0.8697694806802995,0.3382029103408654
0.4781319435964588,1.8438747005590794,0.9135037233282224,0.22420712392900358
0.4781319435964588,1.8438747005590794,0.8962733879495965,0.22420712392900358
0.4781319435964588,1.8438747005590794,0.7267715961169864,0.22420712392900358
0.4781319435964588,1.8438747005590794,0.7441064066976304,0.22420712392900358
0.4781319435964588,1.8438747005590794,0.934949224095373,0.22420712392900358
0.4781319435964588,1.8438747005590794,0.9106554011007661,0.260452201615268
0.4781319435964588,1.8438747005590794,1.0424709769169733,0.260452201615268
0.4781319435964588,1.8438747005590794,0.9084933938398212,0.260452201615268
0.4781319435964588,1.8438747005590794,1.0136516479109163,0.260452201615268
0.4781319435964588,1.8438747005590794,1.1003007101996145,0.24461771127712947
0.4781319435964588,1.8438747005590794,0.8926573141026681,0.24461771127712947
0.5171503555232828,1.8438747005590794,0.9421995374746098,0.2569085860667582
0.5171503555232828,1.8438747005590794,0.8432045715945868,0.2569085860667582
0.5171503555232828,1.8438747005590794,0.9052982237262672,0.2569085860667582
0.5171503555232828,1.8438747005590794,0.8480097169367877,0.2569085860667582
0.5171503555232828,1.8438747005590794,0.9636997983286067,0.2569085860667582
0.5171503555232828,1.8438747005590794,0.8747526371573254,0.2569085860667582
0.5171503555232828,1.8438747005590794,0.8138895838046717,0.2569085860667582
0.5171503555232828,1.8438747005590794,1.0333659273100242,0.2569085860667582
0.5171503555232828,1.8438747005590794,0.895371062800213,0.2569085860667582
0.5171503555232828,1.8438747005590794,0.8171335384076672,0.2569085860667582
0.5171503555232828,1.8438747005590794,0.8416826650247589,0.2569085860667582
0.5171503555232828,1.8438747005590794,0.9502228717599371,0.2569085860667582
0.5171503555232828,1.8438747005590794,0.9738328553008784,0.2225846273632478
0.5171503555232828,1.8438747005590794,0.8355017759246496,0.2225846273632478
0.5171503555232828,1.8438747005590794,0.8494017978437232,0.2225846273632478
0.5171503555232828,1.8438747005590794,0.8737584201638032,0.2225846273632478
0.5171503555232828,1.8438747005590794,0.7378261677733066,0.2225846273632478
0.5171503555232828,1.8438747005590794,0.937659483825825,0.2225846273632478
0.5171503555232828,1.8438747005590794,0.8333431875493325,0.2225846273632478
0.5171503555232828,1.8438747005590794,0.8784844390050838,0.2225846273632478
0.5171503555232828,1.8438747005590794,0.8586497191478398,0.2225846273632478
0.49739481192635243,1.8438747005590794,0.7308136134900602,0.2225846273632478
0.49739481192635243,1.8438747005590794,0.699168108579206,0.2225846273632478
0.49739481192635243,1.8438747005590794,0.9730699563063114,0.2225846273632478
0.49739481192635243,1.8438747005590794,0.8034996472921715,0.2225846273632478
0.49739481192635243,1.8438747005590794,0.991771499087186,0.2225846273632478
0.49739481192635243,1.8438747005590794,0.8303155998709056,0.2225846273632478
0.49739481192635243,1.8438747005590794,0.9657410198531513,0.2225846273632478
0.49739481192635243,1.8438747005590794,0.8971424528409351,0.2225846273632478
0.49739481192635243,1.8438747005590794,0.7397269520347447,0.2225846273632478
0.49739481192635243,1.8438747005590794,0.8907034878297687,0.2225846273632478
0.49739481192635243,1.8438747005590794,0.9285744974938559,0.2225846273632478
0.49739481192635243,1.7528888031098868,0.8915688990511869,0.2225846273632478
0.49739481192635243,1.7528888031098868,0.9188371022760496,0.2225846273632478
0.49739481192635243,1.7528888031098868,1.020136434344439,0.17477226974982563
0.49739481192635243,1.7528888031098868,0.9736935384539951,0.17477226974982563
0.49739481192635243,1.7528888031098868,0.8754721309095087,0.17477226974982563
0.49739481192635243,1.7528888031098868,0.9264002069993202,0.17163937777438293
0.49739481192635243,1.7528888031098868,0.8739786371516285,0.17163937777438293
0.49739481192635243,1.7528888031098868,0.880579197555881,0.2833530718758535
0.49739481192635243,1.7528888031098868,0.9087754398149415,0.2054606376994492
0.49739481192635243,1.7528888031098868,1.0062124453751637,0.2054606376994492
0.49739481192635243,1.7528888031098868,0.8847066813289891,0.2054606376994492
0.5455838630266157,1.7528888031098868,0.9773939032573973,0.2054606376994492
0.5455838630266157,1.7528888031098868,0.8835700566058978,0.2054606376994492
0.5455838630266157,1.7528888031098868,0.7545341032767571,0.2054606376994492
0.5455838630266157,1.7528888031098868,0.8869017309097428,0.2054606376994492
0.5455838630266157,1.7528888031098868,0.7251833155719263,0.2054606376994492
0.5455838630266157,1.7528888031098868,0.9874411261917732,0.2054606376994492
0.5455838630266157,1.654457439282436,1.1517571732890743,0.3153808713986226
0.5455838630266157,1.654457439282436,1.298723728294265,0.3153808713986226
0.5455838630266157,1.654457439282436,0.9594918612199166,0.3153808713986226
0.5455838630266157,1.654457439282436,1.1133197899338747,0.3153808713986226
0.5455838630266157,1.654457439282436,1.1489069742768587,0.1717645959325501
0.5455838630266157,1.654457439282436,1.078923490845866,0.23680089883547856
0.5455838630266157,1.7382709885898227,1.0208681856867061,0.26922570693490383
0.5455838630266157,1.7382709885898227,0.9937366988887611,0.26922570693490383
0.5455838630266157,1.7382709885898227,0.928671394948432,0.26922570693490383
0.5455838630266157,1.7382709885898227,0.89683670921499,0.26922570693490383
0.5455838630266157,1.7046900291735418,0.984844299472726,0.26922570693490383
0.5455838630266157,1.7046900291735418,0.9016199166662443,0.26922570693490383
0.5455838630266157,1.7046900291735418,1.0456906726663635,0.26922570693490383
0.5455838630266157,1.7668971896020818,0.9008156932709724,0.26922570693490383
0.5455838630266157,1.7668971896020818,0.9441776089947708,0.26922570693490383
0.5455838630266157,1.7668971896020818,0.8368368772227298,0.26922570693490383
0.5455838630266157,1.7668971896020818,1.0133651175932117,0.29477927881985194
0.6019405948785173,1.7668971896020818,0.9351526192411035,0.29477927881985194
0.6019405948785173,1.7668971896020818,0.7726889919388964,0.29477927881985194
0.6379216922599095,1.7668971896020818,0.8519101447089633,0.29477927881985194
0.6379216922599095,1.7668971896020818,0.7728732715084469,0.29477927881985194
0.6379216922599095,1.7668971896020818,0.7498555473044822,0.29477927881985194
0.6379216922599095,1.7668971896020818,0.8483381023720487,0.29477927881985194
0.6379216922599095,1.7668971896020818,0.7910668169808073,0.29477927881985194
0.6379216922599095,1.7662189862935882,0.7329316567158961,0.29477927881985194
0.6379216922599095,1.6919218005453878,0.7464623449504215,0.29477927881985194
0.6379216922599095,1.6919218005453878,1.0115968123393175,0.29477927881985194
0.6379216922599095,1.7273709755117663,0.9435397655411898,0.29477927881985194
0.6379216922599095,1.7273709755117663,0.8983143026754759,0.29477927881985194
0.6379216922599095,1.7273709755117663,0.8086721573618397,0.29477927881985194
0.6379216922599095,1.7273709755117663,0.7478552512226926,0.29477927881985194
0.6379216922599095,1.7273709755117663,0.9704778674312533,0.24344789643388623
0.6379216922599095,1.7273709755117663,0.847907358099748,0.24344789643388623
0.6379216922599095,1.6717223350341552,0.9146746409272802,0.24344789643388623
0.681151298766338,1.7403163484473418,0.8202925329332226,0.24344789643388623
0.681151298766338,1.7403163484473418,0.8161552835853858,0.24344789643388623
0.681151298766338,1.7403163484473418,0.6954913487899735,0.24344789643388623
0.681151298766338,1.7403163484473418,0.8885172894616988,0.24344789643388623
0.681151298766338,1.7403163484473418,0.7318312915186915,0.24344789643388623
0.681151298766338,1.7403163484473418,0.7364699041199202,0.24344789643388623
0.681151298766338,1.7403163484473418,0.7994613864132986,0.2636765977361598
0.681151298766338,1.6022745765642903,0.8541271358088723,0.2636765977361598
0.681151298766338,1.6022745765642903,0.975071452888099,0.29376340963077835
0.681151298766338,1.6022745765642903,0.960445082241384,0.29376340963077835
0.681151298766338,1.6022745765642903,1.002510013280209,0.29376340963077835
0.681151298766338,1.6022745765642903,0.928410821574883,0.29376340963077835
0.681151298766338,1.6022745765642903,0.9148557485062514,0.29376340963077835
0.681151298766338,1.6022745765642903,0.9413154453739584,0.29376340963077835
0.681151298766338,1.6022745765642903,1.1362423281453993,0.29376340963077835
0.7386901844748809,1.6022745765642903,1.1532043276874426,0.29376340963077835
0.8563375589425893,1.6022745765642903,0.8692548479444939,0.29376340963077835
0.8563375589425893,1.6723232566772885,0.8004130887946845,0.29376340963077835
0.8563375589425893,1.6723232566772885,0.7205884230668964,0.29376340963077835
0.7579646369203339,1.6723232566772885,0.7682625119027175,0.29376340963077835
0.7579646369203339,1.6723232566772885,0.8438282949416265,0.29376340963077835
0.7579646369203339,1.6723232566772885,0.8612393539724096,0.29376340963077835
0.7579646369203339,1.6723232566772885,0.6495349771785904,0.22179449498007606
0.7579646369203339,1.6723232566772885,0.7732212926211928,0.22179449498007606
0.7579646369203339,1.6723232566772885,0.7852504402992767,0.22179449498007606
0.7579646369203339,1.6723232566772885,0.7930824561523868,0.22179449498007606
0.7579646369203339,1.6723232566772885,0.6520048443104863,0.22179449498007606
0.7579646369203339,1.6723232566772885,0.7619575764950044,0.22179449498007606
0.7579646369203339,1.6723232566772885,0.6692671813224309,0.22179449498007606
0.7579646369203339,1.6723232566772885,0.7999423718415537,0.25545480311911684
0.7579646369203339,1.6723232566772885,0.8220692614326108,0.25545480311911684
0.7579646369203339,1.6723232566772885,0.8640645035945169,0.25545480311911684
0.7970578134171152,1.6723232566772885,0.7774498477070579,0.25545480311911684
0.7970578134171152,1.6723232566772885,0.7887941024440346,0.25545480311911684
0.7970578134171152,1.6723232566772885,0.7926406119016477,0.25545480311911684
0.7970578134171152,1.6723232566772885,0.7407741298200546,0.25545480311911684
0.7970578134171152,1.6723232566772885,0.6901338533495804,0.25545480311911684
0.7970578134171152,1.6723232566772885,0.7500549508673164,0.25545480311911684
0.7970578134171152,1.6723232566772885,0.7124193750420978,0.25545480311911684
0.7970578134171152,1.6723232566772885,0.7525181885398121,0.25545480311911684
0.7970578134171152,1.6723232566772885,0.7003245829708884,0.25545480311911684
0.7970578134171152,1.6884744242062923,0.6634683042427955,0.25545480311911684
0.7970578134171152,1.6884744242062923,0.6901038634231645,0.19709068169616184
0.6057589217306827,1.5560204442348147,0.7917448433505585,0.19709068169616184
0.6057589217306827,1.5560204442348147,1.1971866636492108,0.19709068169616184
0.6057589217306827,1.5560204442348147,1.012836347785206,0.19709068169616184
0.6057589217306827,1.5560204442348147,1.090782464521063,0.19709068169616184
0.600354616407606,1.5560204442348147,1.0621336124328322,0.19709068169616184
0.600354616407606,1.5560204442348147,0.9254320881159691,0.19709068169616184
0.600354616407606,1.6188353245722176,0.9801429158433794,0.19709068169616184
0.45519164772462795,1.6188353245722176,1.1389141626494828,0.19709068169616184
0.45519164772462795,1.6188353245722176,1.1794892046690948,0.1785493040877647
0.44755588507349314,1.6188353245722176,1.2316777304664819,0.1785493040877647
0.44755588507349314,1.6188353245722176,1.1429338577181658,0.1785493040877647
0.44755588507349314,1.6188353245722176,1.2929510851139037,0.1785493040877647
0.6609755190004022,1.6188353245722176,1.1644691473184494,0.1785493040877647
0.6609755190004022,1.6188353245722176,0.8664531299597624,0.1785493040877647
0.6609755190004022,1.6188353245722176,0.9400583648970412,0.1785493040877647
0.6609755190004022,1.6188353245722176,0.911925582278649,0.1785493040877647
0.6609755190004022,1.6188353245722176,0.9290303054407661,0.1785493040877647
0.6609755190004022,1.6188353245722176,0.7584574026176402,0.1785493040877647
0.6609755190004022,1.6188353245722176,0.8591004827325648,0.1785493040877647
0.6609755190004022,1.5782606581092675,0.9693873326319689,0.1785493040877647
0.6609755190004022,1.5782606581092675,0.8966772345538861,0.1785493040877647
0.6609755190004022,1.5782606581092675,1.1414944467972925,0.1785493040877647
0.6609755190004022,1.5782606581092675,1.2033789704523605,0.1785493040877647
0.6609755190004022,1.5782606581092675,1.0993180884672062,0.23820400315846402
0.6609755190004022,1.5782606581092675,1.0275363029578988,0.20326828560162033
0.6609755190004022,1.5782606581092675,1.1913210047241412,0.20326828560162033
0.6609755190004022,1.5782606581092675,0.8886875803214696,0.20326828560162033
0.6609755190004022,1.5782606581092675,1.0890039319585632,0.20326828560162033
0.6609755190004022,1.5782606581092675,1.0445211374718804,0.20326828560162033
0.6609755190004022,1.5782606581092675,0.7820400138825893,0.20326828560162033
0.6609755190004022,1.5782606581092675,0.8085865215632554,0.19264255096838767
0.6609755190004022,1.5782606581092675,0.8688978032660968,0.20752146891886014
0.6609755190004022,1.5782606581092675,0.9655788878318904,0.20752146891886014
0.6609755190004022,1.5782606581092675,1.1681892685393571,0.2781985941549
0.6609755190004022,1.5782606581092675,0.9727250495900653,0.2781985941549
0.6609755190004022,1.5782606581092675,1.0381204155799784,0.2781985941549
0.6609755190004022,1.5782606581092675,0.9253866462702146,0.2781985941549
0.6609755190004022,1.5782606581092675,1.0340262110075342,0.2781985941549
0.6609755190004022,1.5782606581092675,1.0992134450141606,0.2781985941549
0.6609755190004022,1.5782606581092675,1.161858837976093,0.2781985941549
0.6609755190004022,1.5782606581092675,1.1087866348240478,0.2781985941549
0.6609755190004022,1.5782606581092675,1.3799655195826082,0.36519470580369673
0.6609755190004022,1.5782606581092675,1.0935008444893626,0.36519470580369673
0.6609755190004022,1.5782606581092675,1.1584795736845357,0.36519470580369673
0.6609755190004022,1.5782606581092675,1.0970571663440136,0.36519470580369673
0.6609755190004022,1.5782606581092675,1.1397283327301393,0.19955810902519128
0.6609755190004022,1.506135534925977,1.0708179454400706,0.19955810902519128
0.6609755190004022,1.506135534925977,1.050777781233539,0.19955810902519128
0.6609755190004022,1.506135534925977,0.9778925980764156,0.19955810902519128
0.6609755190004022,1.506135534925977,1.1239670930253447,0.19955810902519128
0.6609755190004022,1.506135534925977,0.9885846618467905,0.19955810902519128
0.6609755190004022,1.506135534925977,1.17463162969954,0.19955810902519128
0.6609755190004022,1.506135534925977,1.0347566276116116,0.19955810902519128
0.5712371838793846,1.506135534925977,1.294371332753631,0.19955810902519128
0.5712371838793846,1.506135534925977,1.5793476768193877,0.19955810902519128
0.5712371838793846,1.506135534925977,1.1931301252552662,0.19955810902519128
0.5712371838793846,1.506135534925977,1.305020250979051,0.19955810902519128
0.5712371838793846,1.648021047585125,1.1129426980984092,0.19955810902519128
0.5712371838793846,1.648021047585125,1.315907615415998,0.19955810902519128
0.5712371838793846,1.648021047585125,0.8948465545598959,0.19955810902519128
0.5674728224004322,1.648021047585125,0.8151237139436923,0.22045325390027673
0.5674728224004322,1.648021047585125,0.8794749213878438,0.22045325390027673
0.5674728224004322,1.648021047585125,1.2135961847626453,0.22045325390027673
0.5674728224004322,1.648021047585125,1.0075625822566487,0.22045325390027673
0.5674728224004322,1.578927643316802,1.0087629946444459,0.22045325390027673
0.5674728224004322,1.578927643316802,0.996319193372344,0.22045325390027673
0.5674728224004322,1.578927643316802,1.1345153123689042,0.22045325390027673
0.5674728224004322,1.578927643316802,1.3718584279942971,0.22045325390027673
0.5674728224004322,1.578927643316802,1.2083091244340318,0.22045325390027673
0.5674728224004322,1.578927643316802,1.2392598326211597,0.22045325390027673
0.5815531946830864,1.578927643316802,1.0096389387243632,0.22045325390027673
0.5815531946830864,1.578927643316802,0.93397948672824,0.22045325390027673
0.5815531946830864,1.578927643316802,1.048707197703835,0.22045325390027673
0.5815531946830864,1.578927643316802,1.2705599493876472,0.22045325390027673
0.5815531946830864,1.578927643316802,1.1731158936230963,0.22045325390027673
0.5815531946830864,1.578927643316802,1.2093369655653872,0.22045325390027673
0.5815531946830864,1.722745468684405,1.1537458022144427,0.22045325390027673
0.5815531946830864,1.722745468684405,0.8799354333638878,0.22045325390027673
0.5815531946830864,1.722745468684405,0.7948473140944885,0.22045325390027673
0.5815531946830864,1.722745468684405,0.7872075476508554,0.22045325390027673
0.5815531946830864,1.722745468684405,0.8393896190463483,0.22045325390027673
0.5815531946830864,1.722745468684405,0.831691859153169,0.23190978531358042
0.5815531946830864,1.722745468684405,0.92476605437393,0.23190978531358042
0.5815531946830864,1.722745468684405,1.0675273692080298,0.23190978531358042
0.5815531946830864,1.722745468684405,0.8705063655151194,0.23190978531358042
0.5815531946830864,1.722745468684405,0.8412641224558147,0.23190978531358042
0.5815531946830864,1.722745468684405,0.9151958117381818,0.2065645049837586
0.5815531946830864,1.722745468684405,0.8508270812181277,0.2065645049837586
0.5815531946830864,1.722745468684405,0.8608556037173916,0.2065645049837586
0.5815531946830864,1.722745468684405,0.9859307883281155,0.2065645049837586
0.5815531946830864,1.722745468684405,0.8711506584784474,0.22676251281207135
0.5815531946830864,1.722745468684405,0.9183299999195307,0.22676251281207135
0.5815531946830864,1.722745468684405,0.9484998533704554,0.22676251281207135
0.5815531946830864,1.722745468684405,0.9672764208471216,0.22676251281207135
0.5815531946830864,1.722745468684405,1.0887867236266895,0.22676251281207135
0.5815531946830864,1.722745468684405,0.7730330430798479,0.22676251281207135
0.5815531946830864,1.722745468684405,0.9087437489375562,0.2929368819232706
0.5815531946830864,1.722745468684405,0.94640744061534,0.45565237110110995
0.5815531946830864,1.7523442671712979,0.8729831863304759,0.45565237110110995
0.5815531946830864,1.7523442671712979,1.1773079027162907,0.34517541486971004
0.5815531946830864,1.7523442671712979,0.9156491018022278,0.34517541486971004
0.5815531946830864,1.7523442671712979,0.9731261333301527,0.34517541486971004
0.5815531946830864,1.7523442671712979,1.0397061481238232,0.34517541486971004
0.5815531946830864,1.7523442671712979,0.9713523541874187,0.34517541486971004
0.5815531946830864,1.7523442671712979,1.1036235252275448,0.34517541486971004
0.5815531946830864,1.7523442671712979,0.8572502702272087,0.34517541486971004
0.5815531946830864,1.7523442671712979,0.934972534157196,0.34517541486971004
0.5815531946830864,1.7523442671712979,1.0491745817392155,0.34517541486971004
0.5815531946830864,1.7523442671712979,0.9984608656501694,0.34517541486971004
0.5815531946830864,1.7523442671712979,0.9942839154387954,0.34517541486971004
0.5815531946830864,1.7523442671712979,0.8845823870270733,0.34517541486971004
0.5815531946830864,1.7523442671712979,0.8302640385637676,0.34517541486971004
0.5815531946830864,1.7523442671712979,1.026388220118714,0.34517541486971004
0.5815531946830864,1.7523442671712979,0.9525483445147823,0.34517541486971004
0.5815531946830864,1.7523442671712979,1.0605942873191672,0.34517541486971004
0.5815531946830864,1.7523442671712979,0.9654030537546838,0.34517541486971004
0.7380346238664239,1.7523442671712979,0.9043972902270817,0.34517541486971004
0.7380346238664239,1.7523442671712979,0.7227977305311609,0.34517541486971004
0.7106060859900304,1.7523442671712979,0.8428370384986662,0.34517541486971004
0.7106060859900304,1.7523442671712979,0.7211018355778982,0.34517541486971004
0.7106060859900304,1.7523442671712979,0.8534250400705162,0.34517541486971004
0.7106060859900304,1.7523442671712979,0.8387806500053012,0.34517541486971004
0.7106060859900304,1.7523442671712979,0.7038243944947505,0.3001481941851367
0.7106060859900304,1.7523442671712979,0.6846534858170068,0.3001481941851367
0.7106060859900304,1.7523442671712979,0.631437732570066,0.3001481941851367
0.7106060859900304,1.6429583093185205,0.8143130561055165,0.3001481941851367
0.7106060859900304,1.6594473349472738,0.7419415860226306,0.3001481941851367
0.7106060859900304,1.6594473349472738,0.8900324570051923,0.3001481941851367
0.7106060859900304,1.6594473349472738,0.8674932948355207,0.3001481941851367
0.6666679180002961,1.6594473349472738,0.9402033082759698,0.3001481941851367
0.6666679180002961,1.6594473349472738,0.9450290775125737,0.3001481941851367
0.6666679180002961,1.6594473349472738,0.9716020246717426,0.3001481941851367
0.6666679180002961,1.6594473349472738,0.9802374039067085,0.3001481941851367
0.6666679180002961,1.6594473349472738,0.9038899651066408,0.3001481941851367
0.6666679180002961,1.6594473349472738,0.9356817003967182,0.3001481941851367
0.6666679180002961,1.6594473349472738,0.9681763995519233,0.3001481941851367
0.6666679180002961,1.6594473349472738,1.0053951544999595,0.3001481941851367
0.6666679180002961,1.6594473349472738,0.8648054057480153,0.28910727405754433
0.6666679180002961,1.6594473349472738,1.021900077069934,0.28910727405754433
0.6666679180002961,1.6594473349472738,1.0210033787551172,0.28910727405754433
0.6666679180002961,1.6594473349472738,0.8844513795328847,0.28910727405754433
0.6666679180002961,1.676304053425352,0.9946394963059032,0.28910727405754433
0.6666679180002961,1.676304053425352,0.7069207024214996,0.28910727405754433
0.6666679180002961,1.676304053425352,0.8855740616562013,0.28910727405754433
0.6666679180002961,1.676304053425352,1.0076688605081994,0.28910727405754433
0.6666679180002961,1.676304053425352,0.9470749090429751,0.28910727405754433
0.6666679180002961,1.676304053425352,0.7297216368646672,0.28910727405754433
0.6666679180002961,1.676304053425352,1.000254373610183,0.28910727405754433
0.6666679180002961,1.676304053425352,1.0554824635879823,0.28910727405754433
0.6666679180002961,1.676304053425352,0.9081680566824377,0.28910727405754433
0.6666679180002961,1.676304053425352,0.9348102269166225,0.28910727405754433
0.6666679180002961,1.6967113698593714,0.9945828713931114,0.28910727405754433
0.6666679180002961,1.6967113698593714,0.9123927179017917,0.28910727405754433
0.6666679180002961,1.6967113698593714,0.9427977486147657,0.34327858429613595
0.6666679180002961,1.6967113698593714,1.1455006613856744,0.34327858429613595
0.6666679180002961,1.6967113698593714,0.8320373048430573,0.34327858429613595
0.6666679180002961,1.6967113698593714,0.8601836073132296,0.34327858429613595
0.6666679180002961,1.6967113698593714,0.8892307181877306,0.3727065758170932
0.6666679180002961,1.6967113698593714,0.8214469946986516,0.3727065758170932
0.6666679180002961,1.6967113698593714,0.8356442847603011,0.3727065758170932
0.6666679180002961,1.6967113698593714,1.110185269369281,0.3727065758170932
0.6666679180002961,1.6967113698593714,0.9142850155603097,0.3727065758170932
0.6666679180002961,1.6967113698593714,1.0101280631675298,0.3727065758170932
0.6666679180002961,1.6967113698593714,0.8450737070016701,0.3727065758170932
0.6666679180002961,1.6967113698593714,0.8761285895542111,0.3727065758170932
0.6666679180002961,1.6967113698593714,1.0099366059619967,0.3727065758170932
0.6666679180002961,1.6967113698593714,1.0246429186926114,0.3727065758170932
0.6666679180002961,1.6967113698593714,0.9935235430586664,0.3727065758170932
0.6666679180002961,1.6967113698593714,0.9467458598047244,0.3727065758170932
0.6666679180002961,1.6967113698593714,1.0393627088275694,0.3727065758170932
0.6666679180002961,1.6967113698593714,0.9558304737758668,0.3727065758170932
0.6666679180002961,1.6967113698593714,0.982995817736354,0.3727065758170932
0.6761471988064505,1.6967113698593714,0.83749922914456,0.3727065758170932
0.6761471988064505,1.6967113698593714,0.7801373028676051,0.3086454953471014
0.6761471988064505,1.6967113698593714,0.8367150434154323,0.3086454953471014
0.6761471988064505,1.6967113698593714,0.8118283622781365,0.34758483232837206
0.6761471988064505,1.6967113698593714,0.9119196268846709,0.34758483232837206
0.6761471988064505,1.6967113698593714,0.7846563458013548,0.34758483232837206
0.6761471988064505,1.6472029188132717,0.9917239438794548,0.34758483232837206
0.6761471988064505,1.6472029188132717,1.213810569130327,0.34758483232837206
0.6761471988064505,1.6472029188132717,1.0324311150286174,0.34758483232837206
0.6761471988064505,1.6472029188132717,0.9441674417285737,0.24902156002913894
0.6761471988064505,1.7965652360456734,0.8296693870909702,0.24902156002913894
0.6761471988064505,1.7965652360456734,0.7434876665459904,0.24902156002913894
0.6967199391927943,1.7965652360456734,0.7068267074948091,0.24902156002913894
0.6967199391927943,1.7965652360456734,0.7439000569855942,0.24902156002913894
0.6967199391927943,1.7965652360456734,0.766506362157089,0.29602113765115007
0.6967199391927943,1.7965652360456734,0.650258489549676,0.29602113765115007
0.6967199391927943,1.7965652360456734,0.7150542236035542,0.29602113765115007
0.6967199391927943,1.7965652360456734,0.6863525325847738,0.29602113765115007
0.6967199391927943,1.7965652360456734,0.6288872688082917,0.29602113765115007
0.6967199391927943,1.7965652360456734,0.6819135458020527,0.29602113765115007
0.6967199391927943,1.8515309303718286,0.6364138438744122,0.29602113765115007
0.6967199391927943,1.8515309303718286,0.5618619034648996,0.29602113765115007
0.6967199391927943,1.8515309303718286,0.5981680859073926,0.29602113765115007
0.6967199391927943,1.8515309303718286,0.5818811503152167,0.29602113765115007
0.6967199391927943,1.8515309303718286,0.707474458859312,0.29602113765115007
0.6967199391927943,1.8515309303718286,0.6063903862691812,0.29602113765115007
0.6967199391927943,1.8515309303718286,0.6343420496593482,0.29602113765115007
0.6967199391927943,1.8515309303718286,0.631889053360713,0.2898435941873937
0.6967199391927943,1.8515309303718286,0.6906700660925488,0.3807092556921226
0.6967199391927943,1.8515309303718286,0.6433288275713747,0.38659855611586413
0.7454393334775226,1.8239352052625364,0.7292735315272775,0.38659855611586413
0.7454393334775226,1.8239352052625364,0.7103680562192408,0.38659855611586413
0.7454393334775226,1.8239352052625364,0.7546423921748939,0.38659855611586413
0.7454393334775226,1.8239352052625364,0.6128165984618166,0.38659855611586413
0.7454393334775226,1.8239352052625364,0.740459410007924,0.41576842921852086
0.7454393334775226,1.8239352052625364,0.7074028542944992,0.41576842921852086
0.7454393334775226,1.8239352052625364,0.7268411819112839,0.3497754389557326
0.7454393334775226,1.8239352052625364,0.6679349434422004,0.3497754389557326
0.7454393334775226,1.796901389477135,0.6295735568884939,0.3497754389557326
0.7454393334775226,1.796901389477135,0.6203713274505496,0.3497754389557326
0.7454393334775226,1.796901389477135,0.7391976032035643,0.3497754389557326
0.7454393334775226,1.796901389477135,0.576960805230319,0.3497754389557326
0.7454393334775226,1.796901389477135,0.739923550787717,0.3497754389557326
0.7454393334775226,1.796901389477135,0.6502887242564316,0.3497754389557326
0.7454393334775226,1.796901389477135,0.6527204318127259,0.3497754389557326
0.7454393334775226,1.796901389477135,0.6557455918244696,0.3497754389557326
0.7454393334775226,1.796901389477135,0.6665068241267196,0.3273334907776589
0.7454393334775226,1.796901389477135,0.6450060593727703,0.3273334907776589
0.7454393334775226,1.796901389477135,0.6217587024232357,0.3273334907776589
0.7454393334775226,1.796901389477135,0.8138881638228846,0.3273334907776589
0.7454393334775226,1.796901389477135,0.6172860753726869,0.3273334907776589
0.7454393334775226,1.796901389477135,0.6703004696987968,0.3273334907776589
0.7454393334775226,1.796901389477135,0.7948608582057295,0.3273334907776589
0.7454393334775226,1.796901389477135,0.668939115392701,0.3273334907776589
0.7454393334775226,1.796901389477135,0.6378222443302842,0.3273334907776589
0.7454393334775226,1.796901389477135,0.6733686525999627,0.3273334907776589
0.7454393334775226,1.796901389477135,0.6564729232897587,0.3273334907776589
0.7454393334775226,1.796901389477135,0.7208746365284252,0.3273334907776589
0.5999622119380905,1.796901389477135,0.7292184255655506,0.3273334907776589
0.5999622119380905,1.796901389477135,0.9084061931201318,0.3273334907776589
0.5999622119380905,1.796901389477135,0.7857854560539408,0.3273334907776589
0.5999622119380905,1.796901389477135,0.8668134768367224,0.3273334907776589
0.5999622119380905,1.796901389477135,0.803533153107684,0.3273334907776589
0.5999622119380905,1.796901389477135,0.7650001542232373,0.2673976631460948
0.45533041921725437,1.796901389477135,0.9151213460678123,0.2673976631460948
0.45533041921725437,1.796901389477135,1.071285841369765,0.2673976631460948
0.45533041921725437,1.796901389477135,1.1330827449424707,0.24111995573160364
0.5503633522087925,1.796901389477135,0.8984041208618937,0.24111995573160364
0.5503633522087925,1.796901389477135,0.942764664099295,0.24111995573160364
0.5503633522087925,1.796901389477135,0.7871085323704877,0.24111995573160364
0.5503633522087925,1.796901389477135,0.747712198186867,0.24111995573160364
0.5503633522087925,1.796901389477135,0.7838029058000618,0.24111995573160364
0.5503633522087925,1.796901389477135,0.7860422020413466,0.24111995573160364
0.5503633522087925,1.796901389477135,0.7312454340247672,0.24111995573160364
0.5503633522087925,1.796901389477135,0.8396857017785401,0.24111995573160364
0.5503633522087925,1.796901389477135,0.7752788402467692,0.24111995573160364
0.5503633522087925,1.796901389477135,0.8827561908793072,0.24111995573160364
0.5503633522087925,1.796901389477135,0.7552027297409787,0.29047276513353554
0.5503633522087925,1.796901389477135,0.8592314726030518,0.29047276513353554
0.5503633522087925,1.796901389477135,0.8320512554872034,0.29047276513353554
0.5503633522087925,1.796901389477135,0.9269003198231758,0.29047276513353554
0.5503633522087925,1.796901389477135,0.9381954440572947,0.29047276513353554
0.5247042481053945,1.796901389477135,0.9528727447572601,0.29047276513353554
0.5247042481053945,1.796901389477135,0.815883104561609,0.29047276513353554
0.5247042481053945,1.796901389477135,1.173065292426424,0.3230889198836576
0.5247042481053945,1.796901389477135,0.9427686296386432,0.3230889198836576
0.5247042481053945,1.796901389477135,1.1479351980416495,0.3432296319154086
0.5247042481053945,1.796901389477135,0.9011237792414548,0.3432296319154086
0.5247042481053945,1.796901389477135,1.0829305588013862,0.3432296319154086
0.5247042481053945,1.796901389477135,0.9112325083668201,0.25616355366705884
0.5247042481053945,1.796901389477135,0.9458142036718417,0.25616355366705884
0.5247042481053945,1.796901389477135,0.9698927690180251,0.25616355366705884
0.5247042481053945,1.796901389477135,0.7148193106202798,0.25616355366705884
0.5247042481053945,1.7589885773284688,0.91397508726399,0.25616355366705884
0.5247042481053945,1.7589885773284688,0.9319397817046274,0.25616355366705884
0.5247042481053945,1.7589885773284688,1.0327784139138738,0.25616355366705884
0.5247042481053945,1.7589885773284688,0.7782018993377456,0.25616355366705884
0.5247042481053945,1.7589885773284688,1.0153507643362796,0.25616355366705884
0.5247042481053945,1.7589885773284688,0.8757780882867857,0.25288204352459204
0.5247042481053945,1.7589885773284688,0.9423234991810149,0.25288204352459204
0.5247042481053945,1.7589885773284688,0.9256010605198874,0.25288204352459204
0.5247042481053945,1.7589885773284688,0.8831858016096825,0.25288204352459204
0.5247042481053945,1.7589885773284688,0.7850998560480396,0.25288204352459204
0.5247042481053945,1.7589885773284688,0.9061177417571997,0.24678782688252582
0.5247042481053945,1.7589885773284688,1.0971560514655727,0.24678782688252582
0.5247042481053945,1.7589885773284688,0.8809603072751426,0.24678782688252582
0.5824099354008563,1.7078891394268996,0.9138375532780455,0.24678782688252582
0.5824099354008563,1.7078891394268996,0.9413264161403815,0.2109888664605206
0.5824099354008563,1.7078891394268996,0.8919692975822049,0.2109888664605206
0.5824099354008563,1.7078891394268996,1.2062204235253644,0.2109888664605206
0.5824099354008563,1.7078891394268996,0.8600538646742285,0.21160599402997218
0.5824099354008563,1.6540918935123572,1.0430160670391235,0.21160599402997218
0.5824099354008563,1.6540918935123572,0.8842382719006776,0.21160599402997218
0.5824099354008563,1.6540918935123572,0.9851753996261363,0.21160599402997218
0.5824099354008563,1.6540918935123572,1.0368980146526574,0.21160599402997218
0.5824099354008563,1.6540918935123572,0.9324431507413821,0.21160599402997218
0.5824099354008563,1.6540918935123572,1.062463460963522,0.21160599402997218
0.5824099354008563,1.6540918935123572,1.028057078661292,0.21160599402997218
0.5824099354008563,1.6540918935123572,0.9127375430260376,0.21160599402997218
0.5824099354008563,1.6540918935123572,0.9348447902294349,0.21160599402997218
0.5824099354008563,1.6540918935123572,0.9769824121075302,0.1745870924604778
0.5824099354008563,1.6540918935123572,0.8832447531074146,0.1745870924604778
0.5824099354008563,1.6540918935123572,0.8903189497225763,0.1745870924604778
0.5824099354008563,1.6540918935123572,0.870817190870887,0.1745870924604778
0.5824099354008563,1.6540918935123572,0.9281350760385852,0.1745870924604778
0.5824099354008563,1.6540918935123572,1.0002224240437747,0.1745870924604778
0.5824099354008563,1.6540918935123572,1.2033699437262755,0.1745870924604778
0.47202493128764855,1.6540918935123572,1.1897212534461872,0.1745870924604778
0.47202493128764855,1.6540918935123572,1.0125288550521556,0.16254618936946724
0.47202493128764855,1.6721082386867192,1.0445860212144218,0.16254618936946724
0.47202493128764855,1.6721082386867192,1.1933778596330313,0.16254618936946724
0.47202493128764855,1.6721082386867192,1.0795420975214876,0.16254618936946724
0.47202493128764855,1.6721082386867192,1.0008787839552342,0.16254618936946724
0.47202493128764855,1.6721082386867192,0.9518393014187073,0.16254618936946724
0.47202493128764855,1.6721082386867192,1.1227479882940552,0.16254618936946724
0.47202493128764855,1.6721082386867192,1.1988807693662877,0.16254618936946724
0.47202493128764855,1.6721082386867192,1.0265516726254382,0.16254618936946724
0.47202493128764855,1.6721082386867192,0.962553551323855,0.16254618936946724
0.47202493128764855,1.6721082386867192,0.9166377139986848,0.16254618936946724
0.41357592250113134,1.6721082386867192,1.2073971853430712,0.16254618936946724
0.41357592250113134,1.6721082386867192,1.0222581104309145,0.16254618936946724
0.41357592250113134,1.6721082386867192,1.2126093835812597,0.16254618936946724
0.41357592250113134,1.6721082386867192,1.1068924323830722,0.16254618936946724
0.41357592250113134,1.765136612231426,1.168829663371997,0.16254618936946724
0.41357592250113134,1.765136612231426,0.9772429522945908,0.16254618936946724
0.41357592250113134,1.765136612231426,0.9342318839708833,0.16254618936946724
0.41357592250113134,1.8092637100739368,0.996908481838468,0.23324837890110128
0.41357592250113134,1.8092637100739368,1.2078985256249501,0.23324837890110128
0.41357592250113134,1.8092637100739368,1.0275773118367644,0.23324837890110128
0.41357592250113134,1.8092637100739368,1.0129864099231052,0.23324837890110128
0.41357592250113134,1.8092637100739368,1.4541961417544875,0.2383592408932889
0.41357592250113134,1.8092637100739368,1.1080030114741304,0.2383592408932889
0.41357592250113134,1.8092637100739368,1.2208644777820148,0.2383592408932889
0.41357592250113134,1.8092637100739368,1.0786368824258423,0.2383592408932889
0.41357592250113134,1.8092637100739368,0.9435661491656764,0.2383592408932889
0.41357592250113134,1.8092637100739368,0.9902260825857457,0.2383592408932889
0.41357592250113134,1.8092637100739368,1.0238236879381517,0.2383592408932889
0.41357592250113134,1.8092637100739368,1.160206772396574,0.20055706432546383
0.41357592250113134,1.8092637100739368,1.1191849872434074,0.20055706432546383
0.41357592250113134,1.8092637100739368,1.2244409444228177,0.20055706432546383
0.41357592250113134,1.8092637100739368,0.9307944055767082,0.20055706432546383
0.41357592250113134,1.8092637100739368,1.1476377073834005,0.20055706432546383
0.33057762806717406,1.8092637100739368,1.1236643437028153,0.20055706432546383
0.33057762806717406,1.8092637100739368,1.2895748444683992,0.20055706432546383
0.33057762806717406,1.8092637100739368,1.1739803410723166,0.20055706432546383
0.33057762806717406,1.8092637100739368,1.9592418256166997,0.20055706432546383
0.33057762806717406,1.8092637100739368,1.260236193839745,0.20055706432546383
0.33057762806717406,1.8092637100739368,1.5573952455370925,0.20055706432546383
0.33057762806717406,1.8092637100739368,1.4822137809037412,0.20055706432546383
0.33057762806717406,1.8092637100739368,1.5208302208239717,0.20055706432546383
0.33057762806717406,1.8092637100739368,1.295414005620682,0.20055706432546383
0.33057762806717406,1.8092637100739368,1.6518857022613092,0.20055706432546383
0.33057762806717406,1.8092637100739368,1.3804824659334434,0.20055706432546383
0.33057762806717406,1.8092637100739368,1.4813538689453416,0.20055706432546383
0.33057762806717406,1.8092637100739368,1.4499119176750963,0.20055706432546383
0.33057762806717406,1.8092637100739368,1.3253019551136955,0.20055706432546383
0.33057762806717406,1.8092637100739368,1.3419216125990774,0.20055706432546383
0.33057762806717406,1.8092637100739368,1.4231242576487155,0.20055706432546383
0.33057762806717406,1.8092637100739368,1.2806942351834056,0.20055706432546383
0.33057762806717406,1.8092637100739368,1.2383784524316988,0.20055706432546383
0.33057762806717406,1.8092637100739368,1.4225821158182894,0.20055706432546383
0.33057762806717406,1.8092637100739368,1.0720866494719152,0.20055706432546383
0.33057762806717406,1.8092637100739368,1.1897101425202774,0.20055706432546383
0.33057762806717406,1.8092637100739368,1.3563051408270843,0.20055706432546383
0.33057762806717406,1.8092637100739368,1.5476043446504466,0.20055706432546383
0.33057762806717406,1.8092637100739368,1.7918623564459697,0.20055706432546383
0.33057762806717406,1.8092637100739368,1.133698949515975,0.20055706432546383
0.33057762806717406,1.8092637100739368,1.6930850718115584,0.20055706432546383
0.33057762806717406,1.8092637100739368,1.5456813449720466,0.20055706432546383
0.33057762806717406,1.8092637100739368,1.6408161741291885,0.20055706432546383
0.33057762806717406,1.8092637100739368,1.0866778167177715,0.20055706432546383
0.33057762806717406,1.8092637100739368,1.554816414527516,0.20055706432546383
0.33057762806717406,1.8092637100739368,1.1445960992898288,0.20055706432546383
0.33057762806717406,1.8092637100739368,1.3071248720796602,0.20055706432546383
0.33057762806717406,1.8092637100739368,1.4014115971896297,0.20055706432546383
0.33057762806717406,1.8092637100739368,1.2974098808763166,0.20055706432546383
0.33057762806717406,1.8092637100739368,1.3296350747701653,0.20055706432546383
0.33057762806717406,1.8092637100739368,1.725099448717837,0.2802264196394181
0.33057762806717406,1.8092637100739368,1.270923498089411,0.2802264196394181
0.41081448335791143,1.8092637100739368,1.4057825682056821,0.2802264196394181
0.4353856725459188,1.8341436861696212,1.0123922376928434,0.2802264196394181
0.4353856725459188,1.8341436861696212,0.9770297242392336,0.30409621838791817
0.4353856725459188,1.8341436861696212,1.077185529827504,0.30409621838791817
0.4353856725459188,1.8341436861696212,1.157602027596807,0.3155429562207081
0.4353856725459188,1.8341436861696212,1.0834824505135061,0.3155429562207081
0.4353856725459188,1.8341436861696212,1.0384269232673153,0.3155429562207081
0.4353856725459188,1.8341436861696212,1.2175623873060197,0.3155429562207081
0.4353856725459188,1.8341436861696212,0.962260476089279,0.3155429562207081
0.4353856725459188,1.8341436861696212,1.1989576153053922,0.30881872882216815
0.4353856725459188,1.8341436861696212,1.3955601384716703,0.30881872882216815
0.4353856725459188,1.8341436861696212,1.1714646560728763,0.30881872882216815
0.4353856725459188,1.8341436861696212,1.2318366627220325,0.3674773889340876
0.4353856725459188,1.8341436861696212,1.191838825688687,0.3674773889340876
0.4353856725459188,1.8341436861696212,1.1159627739188365,0.3674773889340876
0.4353856725459188,1.8341436861696212,1.0583496827787156,0.268671491314023
0.4353856725459188,1.8341436861696212,0.8956355047379383,0.268671491314023
0.4353856725459188,1.8341436861696212,1.0286056308903972,0.268671491314023
0.4353856725459188,1.8341436861696212,1.034253667097719,0.268671491314023
0.4353856725459188,1.8341436861696212,1.0042115954739235,0.268671491314023
0.4353856725459188,1.8341436861696212,1.16648841652803,0.268671491314023
0.4353856725459188,1.8341436861696212,1.2083545556201885,0.268671491314023
0.4353856725459188,1.7948283372986567,1.1420260811495686,0.268671491314023
0.4353856725459188,1.7948283372986567,0.998816144272762,0.268671491314023
0.4353856725459188,1.9179549183131512,0.8825894014173026,0.268671491314023
0.4353856725459188,1.9179549183131512,0.8288947137229378,0.268671491314023
0.4353856725459188,1.9179549183131512,0.8799647429949968,0.268671491314023
0.4353856725459188,1.9179549183131512,0.9763366560751073,0.268671491314023
0.4353856725459188,1.9179549183131512,0.7658434899329675,0.268671491314023
0.47028839184224525,1.9179549183131512,0.9450642953963804,0.268671491314023
0.47028839184224525,1.9179549183131512,0.6837450435775174,0.268671491314023
0.47028839184224525,1.9179549183131512,0.7523121709938764,0.28108023321139725
0.47028839184224525,1.9179549183131512,1.0264554454180348,0.28108023321139725
0.47028839184224525,1.9179549183131512,0.9290619020967884,0.28108023321139725
0.47028839184224525,1.9179549183131512,0.8196067096657779,0.28108023321139725
0.47028839184224525,1.9179549183131512,0.942525883026972,0.28108023321139725
0.47028839184224525,1.9179549183131512,0.8610225781221724,0.28108023321139725
0.47028839184224525,1.9179549183131512,0.7518126487641829,0.3480266407266185
0.47028839184224525,1.9179549183131512,0.7802374183875874,0.22718218236506554
0.47028839184224525,1.9179549183131512,0.6995147893578241,0.24024609974140831
0.47028839184224525,1.9179549183131512,0.8420568310596158,0.28430253388820076
0.47028839184224525,1.910291704409202,0.9195210063158782,0.28430253388820076
0.47028839184224525,1.910291704409202,0.8135411493550669,0.28430253388820076
0.47028839184224525,1.910291704409202,0.7970950803065909,0.28430253388820076
0.47028839184224525,1.910291704409202,0.9790246579674304,0.28430253388820076
0.47028839184224525,1.910291704409202,0.8285735158072213,0.3093791740894674
0.47028839184224525,1.910291704409202,0.911504525220625,0.3093791740894674
0.47028839184224525,1.910291704409202,0.7867400736987338,0.3093791740894674
0.41250843205851845,1.910291704409202,0.9434227758660153,0.3093791740894674
0.41250843205851845,1.910291704409202,0.878008819635534,0.16692817385541298
0.41250843205851845,1.910291704409202,0.8027046166289061,0.16206424194471372
0.41250843205851845,1.910291704409202,0.9962112197285162,0.16206424194471372
0.32600681879594573,1.910291704409202,0.9338669815015711,0.16206424194471372
0.32600681879594573,1.910291704409202,1.2768636903059898,0.16206424194471372
0.32600681879594573,1.8687642722768985,1.2815021752750073,0.16206424194471372
0.32600681879594573,1.8687642722768985,1.1465006592591236,0.16206424194471372
0.32600681879594573,1.8687642722768985,1.1938242142313849,0.16206424194471372
0.32600681879594573,1.8687642722768985,1.3409505140558635,0.16206424194471372
0.32600681879594573,1.8687642722768985,1.1390664966465935,0.16206424194471372
0.32600681879594573,1.8687642722768985,0.9159803972629486,0.16206424194471372
0.32600681879594573,1.8687642722768985,1.1773300168027647,0.16206424194471372
0.32600681879594573,1.8687642722768985,1.2137413462281474,0.16206424194471372
0.32600681879594573,1.8687642722768985,1.1593113087003744,0.16206424194471372
0.32600681879594573,1.7826585323146722,1.2553952045011743,0.16206424194471372
0.32600681879594573,1.7826585323146722,1.349479847004415,0.16206424194471372
0.32600681879594573,1.7826585323146722,1.260543354555487,0.16206424194471372
0.32600681879594573,1.7826585323146722,1.2817704915253423,0.16206424194471372
0.32600681879594573,1.7826585323146722,1.501719223014843,0.16206424194471372
0.32600681879594573,1.7826585323146722,1.5703281089829624,0.16206424194471372
0.32600681879594573,1.7826585323146722,1.10065759216609,0.16206424194471372
0.32600681879594573,1.7826585323146722,1.6940621046190312,0.16206424194471372
0.32600681879594573,1.7826585323146722,1.407097197881278,0.16206424194471372
0.40716580132896213,1.7089163619410364,1.4478638649485027,0.16206424194471372
0.40716580132896213,1.7089163619410364,1.201433915523083,0.16206424194471372
0.40716580132896213,1.7089163619410364,1.3775205386100429,0.16206424194471372
0.40716580132896213,1.7089163619410364,1.1413742258519113,0.16206424194471372
0.40716580132896213,1.7089163619410364,1.196135475408659,0.15953256717528635
0.40716580132896213,1.7089163619410364,1.0741540132648477,0.15953256717528635
0.40716580132896213,1.7089163619410364,1.0699609053872516,0.15953256717528635
0.40716580132896213,1.7089163619410364,1.3119318830661995,0.15953256717528635
0.40716580132896213,1.7089163619410364,1.2090618450567368,0.15953256717528635
0.40716580132896213,1.7376425934279727,1.2592217640493855,0.15953256717528635
0.40716580132896213,1.7376425934279727,1.3658945349135525,0.29264759527582046
0.40716580132896213,1.7376425934279727,0.994410168190551,0.29264759527582046
0.40716580132896213,1.64261059731225,1.4799716587202372,0.29264759527582046
0.40716580132896213,1.64261059731225,1.5707168860253309,0.29264759527582046
0.40716580132896213,1.64261059731225,1.3482176423501138,0.29264759527582046
0.40716580132896213,1.8317645183925069,1.3487929726351853,0.2951121978568612
0.40716580132896213,1.8317645183925069,1.1821706640402259,0.2951121978568612
0.40716580132896213,1.8317645183925069,1.2121886490804872,0.2951121978568612
0.40716580132896213,1.8317645183925069,1.0706102128954376,0.2951121978568612
0.40716580132896213,1.8317645183925069,1.2704543808106037,0.27049682580398643
0.40716580132896213,1.8317645183925069,1.1628873360758025,0.27049682580398643
0.40716580132896213,1.8317645183925069,1.120929147037386,0.27049682580398643
0.40716580132896213,1.8317645183925069,1.1669804147407326,0.27049682580398643
0.40716580132896213,1.8317645183925069,1.170864436828777,0.27049682580398643
0.40716580132896213,1.8317645183925069,1.2072094032277592,0.27049682580398643
0.40716580132896213,1.8317645183925069,1.201658627322723,0.27049682580398643
0.40716580132896213,1.8317645183925069,1.2695044079518796,0.27049682580398643
0.40716580132896213,1.8317645183925069,1.080509266557821,0.3329791879537126
0.40716580132896213,1.8317645183925069,1.226172071991298,0.3329791879537126
0.40716580132896213,1.8317645183925069,1.2943153154404412,0.3329791879537126
0.40716580132896213,1.8787284191146745,1.262644471941572,0.3329791879537126
0.40716580132896213,1.8787284191146745,1.103624031743559,0.3329791879537126
0.40716580132896213,1.8787284191146745,0.9100493801363474,0.3329791879537126
0.40716580132896213,1.8787284191146745,1.088716498958228,0.3329791879537126
0.40716580132896213,1.8787284191146745,1.4205515233629968,0.3329791879537126
0.40716580132896213,1.8787284191146745,0.9966401982497682,0.3329791879537126
0.40716580132896213,1.8787284191146745,0.9535345281887384,0.3329791879537126
0.40716580132896213,1.8787284191146745,1.0498872993705557,0.3329791879537126
0.40716580132896213,1.875378693592547,1.1896563014071349,0.3329791879537126
0.40716580132896213,1.875378693592547,1.2713513794969502,0.3329791879537126
0.40716580132896213,1.875378693592547,1.155870442603376,0.3329791879537126
0.40716580132896213,1.875378693592547,0.9472458370754254,0.3329791879537126
0.40716580132896213,1.875378693592547,1.1811703657393016,0.3329791879537126
0.40716580132896213,1.875378693592547,1.126584195775375,0.3329791879537126
0.40716580132896213,1.875378693592547,1.0862228427160718,0.3329791879537126
0.40716580132896213,1.875378693592547,0.9416767154977519,0.1779912797102259
0.40716580132896213,1.875378693592547,0.8971316361635355,0.40393349378920695
0.40716580132896213,1.875378693592547,1.1968708693478831,0.40393349378920695
0.40716580132896213,1.875378693592547,1.0869614272599624,0.40393349378920695
0.40716580132896213,1.875378693592547,1.0255283078904702,0.40393349378920695
0.40716580132896213,1.875378693592547,1.1834214681598711,0.40393349378920695
0.40716580132896213,1.875378693592547,1.0393401031044198,0.172073185213548
0.40716580132896213,1.875378693592547,0.8046960771107894,0.172073185213548
0.40716580132896213,1.875378693592547,0.8741777109905591,0.172073185213548
0.40716580132896213,1.8087821241017417,0.9435578458505128,0.172073185213548
0.40716580132896213,1.8087821241017417,1.0744178100370405,0.172073185213548
0.40716580132896213,1.8087821241017417,1.005434281478814,0.18347273668345937
0.40716580132896213,1.7970642785388613,1.0062464121730605,0.18347273668345937
0.40716580132896213,1.7970642785388613,1.108072578205934,0.18347273668345937
0.40716580132896213,1.7970642785388613,1.023555182543901,0.18347273668345937
0.40716580132896213,1.7970642785388613,1.0144734599311374,0.18347273668345937
0.40716580132896213,1.7970642785388613,1.075133991583665,0.18347273668345937
0.4401415571960242,1.7970642785388613,0.8820683295656202,0.2533865470887858
0.4401415571960242,1.7970642785388613,0.9612167548146338,0.2533865470887858
0.4401415571960242,1.7970642785388613,1.0588544267333568,0.2533865470887858
0.4401415571960242,1.7970642785388613,0.9972575886066516,0.2533865470887858
0.4401415571960242,1.7970642785388613,1.1320825020428722,0.23653565210489258
0.4401415571960242,1.7970642785388613,1.084038606205639,0.23653565210489258
0.4401415571960242,1.7856210867058,1.111679316833335,0.23653565210489258
0.4401415571960242,1.7856210867058,1.2092529463039767,0.1722351941428423
0.4401415571960242,1.7856210867058,1.1927358185176336,0.1722351941428423
0.4401415571960242,1.7856210867058,0.9235710381122543,0.222728175797987
0.4401415571960242,1.7856210867058,1.0161188423089405,0.222728175797987
0.4401415571960242,1.7856210867058,0.9158974519154223,0.222728175797987
0.4401415571960242,1.7856210867058,0.8620600000862046,0.222728175797987
0.4401415571960242,1.7636877759388765,1.0569810545163494,0.222728175797987
0.4401415571960242,1.7636877759388765,1.043127463391425,0.222728175797987
0.4401415571960242,1.7636877759388765,1.1303765599400735,0.222728175797987
0.4401415571960242,1.7636877759388765,0.9340265872919383,0.222728175797987
0.4401415571960242,1.7636877759388765,1.0790993519048295,0.32573640374016855
0.4401415571960242,1.7636877759388765,1.0186480840872454,0.32573640374016855
0.4401415571960242,1.7636877759388765,1.1304740183092588,0.32573640374016855
0.4401415571960242,1.7636877759388765,1.2586786249035662,0.32573640374016855
0.4401415571960242,1.7636877759388765,1.2336657212135427,0.32573640374016855
0.4401415571960242,1.7636877759388765,1.09840751839664,0.32573640374016855
0.4401415571960242,1.7636877759388765,1.1093763649300414,0.32573640374016855
0.4401415571960242,1.7636877759388765,1.487280414651091,0.32573640374016855
0.4401415571960242,1.7636877759388765,1.1058203731749663,0.32573640374016855
0.4401415571960242,1.7636877759388765,1.2410070094973247,0.32573640374016855
0.4401415571960242,1.7636877759388765,1.2174869027921575,0.32573640374016855
0.4401415571960242,1.7636877759388765,1.2443605693792836,0.32573640374016855
0.4401415571960242,1.7636877759388765,1.2860717694653796,0.32573640374016855
0.4401415571960242,1.7636877759388765,1.153983660648773,0.32573640374016855
0.4401415571960242,1.7636877759388765,1.1850711366566151,0.32573640374016855
0.4401415571960242,1.7636877759388765,1.4692366210873529,0.32573640374016855
0.4401415571960242,1.7636877759388765,1.1153741633275465,0.32573640374016855
0.4401415571960242,1.824909132655239,1.2686372448994392,0.16676024091787506
0.4401415571960242,1.824909132655239,0.8370109147527951,0.16676024091787506
0.4401415571960242,1.824909132655239,0.8645963166705184,0.16676024091787506
0.4401415571960242,1.824909132655239,0.9433108825643528,0.16676024091787506
0.4401415571960242,1.824909132655239,0.942938473614305,0.16676024091787506
0.4401415571960242,1.824909132655239,0.9007870715448832,0.16676024091787506
0.4401415571960242,1.824909132655239,0.7874565069896721,0.17155873915776504
0.4401415571960242,1.824909132655239,0.8182855465588049,0.17155873915776504
0.4401415571960242,1.824909132655239,1.0147281710080673,0.17155873915776504
0.4401415571960242,1.824909132655239,0.878553040824565,0.17155873915776504
0.4401415571960242,1.824909132655239,0.8075948630004807,0.17155873915776504
0.4401415571960242,1.7182694010636803,0.935813481913911,0.17155873915776504
0.4401415571960242,1.7182694010636803,1.0350579497753423,0.17155873915776504
0.4401415571960242,1.7182694010636803,1.0625567381299605,0.16476585900292873
0.4401415571960242,1.7182694010636803,1.003012665001672,0.16476585900292873
0.4401415571960242,1.7182694010636803,1.1148210951902653,0.16476585900292873
0.4401415571960242,1.7182694010636803,1.0633306106726241,0.16476585900292873
0.4401415571960242,1.7182694010636803,1.1218013755712803,0.16476585900292873
0.4401415571960242,1.7182694010636803,0.9452468217976044,0.16476585900292873
0.4401415571960242,1.7182694010636803,1.1888128503293716,0.16476585900292873
0.4401415571960242,1.7182694010636803,1.1004078763054423,0.16476585900292873
0.4401415571960242,1.7182694010636803,1.1445333509547937,0.16476585900292873
0.4401415571960242,1.7182694010636803,1.1239953822549267,0.16476585900292873
0.4401415571960242,1.7182694010636803,0.9300341645517223,0.16476585900292873
0.4401415571960242,1.7182694010636803,1.0714379314231892,0.16476585900292873
0.4401415571960242,1.4684876225423777,1.3286365220363652,0.16476585900292873
0.4401415571960242,1.4684876225423777,1.7557428847627696,0.16476585900292873
0.4401415571960242,1.4684876225423777,2.07876673276112,0.16476585900292873
0.4401415571960242,1.5524756171988805,1.5548639790118008,0.16476585900292873
0.4401415571960242,1.5209522951402001,1.6462510857105273,0.16476585900292873
0.4401415571960242,1.5209522951402001,1.885120376945931,0.16476585900292873
0.4401415571960242,1.5209522951402001,1.851008087752111,0.16476585900292873
0.4401415571960242,1.5209522951402001,1.6149692583061743,0.16476585900292873
0.4401415571960242,1.5209522951402001,1.913533390566776,0.16476585900292873
0.4401415571960242,1.5209522951402001,1.3547351912430854,0.16476585900292873
0.4401415571960242,1.6278616052478632,1.3938529626194713,0.16476585900292873
0.4401415571960242,1.6278616052478632,1.38481045862781,0.16476585900292873
0.4401415571960242,1.6278616052478632,1.1334221519145535,0.16476585900292873
0.4401415571960242,1.6278616052478632,1.2673016216532793,0.16476585900292873
0.4401415571960242,1.6278616052478632,1.2992082215690528,0.16476585900292873
0.4401415571960242,1.5024774896751276,1.5718276852139823,0.16476585900292873
0.4401415571960242,1.5024774896751276,1.3046923002052482,0.1509958522174697
0.4401415571960242,1.5024774896751276,1.8369494371765485,0.1509958522174697
0.4401415571960242,1.5024774896751276,1.5603259460370116,0.1509958522174697
0.4401415571960242,1.5024774896751276,1.6550695718940212,0.1509958522174697
0.4401415571960242,1.5024774896751276,2.0594946554393485,0.1509958522174697
0.4401415571960242,1.5024774896751276,1.5793620187906245,0.1509958522174697
0.4401415571960242,1.5024774896751276,1.3633285131890904,0.1509958522174697
0.4401415571960242,1.5024774896751276,1.584969846034137,0.1509958522174697
0.4401415571960242,1.5024774896751276,1.7245614628859423,0.1509958522174697
0.43961244997882526,1.5024774896751276,1.4213271719187908,0.1509958522174697
0.43961244997882526,1.5024774896751276,1.204806013013954,0.1509958522174697
0.43961244997882526,1.5024774896751276,1.6915941144140672,0.1509958522174697
0.43961244997882526,1.5024774896751276,1.4369207102649155,0.1509958522174697
0.43961244997882526,1.517563232816991,1.797179740403633,0.1509958522174697
0.43961244997882526,1.517563232816991,1.5675406367919908,0.1509958522174697
0.43961244997882526,1.517563232816991,1.4324110601848223,0.1509958522174697
0.44958527797237213,1.517563232816991,1.640959320192502,0.1509958522174697
0.44958527797237213,1.517563232816991,1.5058319021521753,0.1509958522174697
0.44958527797237213,1.517563232816991,1.542576583902033,0.1509958522174697
0.44958527797237213,1.517563232816991,1.389339148668034,0.1517573230944598
0.44958527797237213,1.517563232816991,1.5850612652917482,0.1517573230944598
0.44958527797237213,1.517563232816991,2.0791539386843683,0.1517573230944598
0.44958527797237213,1.517563232816991,1.424476539373472,0.1517573230944598
0.44958527797237213,1.517563232816991,1.9816450638261351,0.1517573230944598
0.44958527797237213,1.517563232816991,1.6721534048945947,0.1517573230944598
0.44958527797237213,1.517563232816991,1.507439155587803,0.1517573230944598
0.44958527797237213,1.517563232816991,1.4480538599799597,0.1517573230944598
0.44958527797237213,1.517563232816991,1.537013893441772,0.1517573230944598
0.44958527797237213,1.7435880186428945,1.1178632912794575,0.1517573230944598
0.44958527797237213,1.7435880186428945,1.0109587725322056,0.1517573230944598
0.7802696650662195,1.3979897390233709,1.346332715214761,0.1517573230944598
0.7802696650662195,1.3979897390233709,1.058416340273513,0.1517573230944598
0.7802696650662195,1.4423465011291474,1.165242881978308,0.1517573230944598
0.7802696650662195,1.4459637016700921,0.833553770664962,0.1517573230944598
0.7802696650662195,1.4459637016700921,1.0659633577660357,0.1517573230944598
0.7802696650662195,1.4459637016700921,0.9910758841288765,0.1517573230944598
0.7802696650662195,1.4459637016700921,0.8799303632980391,0.1517573230944598
0.7802696650662195,1.4459637016700921,1.1066363580075287,0.1517573230944598
0.7802696650662195,1.4459637016700921,1.0760688812828914,0.1517573230944598
0.7802696650662195,1.4459637016700921,0.9841819413111987,0.1517573230944598
0.7802696650662195,1.4459637016700921,0.9414014556312236,0.1517573230944598
0.7802696650662195,1.4459637016700921,0.9659383538341215,0.1517573230944598
0.7802696650662195,1.4459637016700921,0.8611541761860863,0.1517573230944598
0.7802696650662195,1.4459637016700921,0.9701017842711144,0.1517573230944598
0.7802696650662195,1.4459637016700921,0.8905024385415996,0.1517573230944598
0.7802696650662195,1.4459637016700921,0.927395206771294,0.1517573230944598
0.7802696650662195,1.4459637016700921,1.1224556263710557,0.1517573230944598
0.7292784136354578,1.4459637016700921,1.1515905181702792,0.1517573230944598
0.7292784136354578,1.4459637016700921,0.9308390495899614,0.1517573230944598
0.7292784136354578,1.4459637016700921,1.0663880334494158,0.1517573230944598
0.7292784136354578,1.4459637016700921,0.9992922907805076,0.1517573230944598
0.7292784136354578,1.4459637016700921,0.9710940012550002,0.1517573230944598
0.7292784136354578,1.4459637016700921,1.0243454387176845,0.1517573230944598
0.7292784136354578,1.4459637016700921,1.044866818619433,0.1517573230944598
0.7292784136354578,1.4459637016700921,1.1778553152742657,0.1517573230944598
0.7292784136354578,1.4459637016700921,0.9136141126366665,0.1517573230944598
0.7292784136354578,1.4459637016700921,1.130975175350772,0.1517573230944598
0.7292784136354578,1.4459637016700921,1.0753882410939195,0.1517573230944598
0.7231616367344894,1.4459637016700921,0.9334897499839706,0.2338601126043263
0.7231616367344894,1.4459637016700921,1.0927434946661136,0.2338601126043263
0.7231616367344894,1.4459637016700921,1.2191701589203363,0.2338601126043263
0.7231616367344894,1.4459637016700921,1.5467567365052775,0.2338601126043263
0.7231616367344894,1.4459637016700921,1.2160825275461562,0.2338601126043263
0.7231616367344894,1.4459637016700921,1.2338479362312902,0.2338601126043263
0.7231616367344894,1.4459637016700921,1.06170155737582,0.2338601126043263
0.7231616367344894,1.4459637016700921,1.3406108900574667,0.2338601126043263
0.7231616367344894,1.4459637016700921,1.191857959026908,0.2338601126043263
0.7231616367344894,1.4459637016700921,1.1316193884770793,0.2338601126043263
0.7231616367344894,1.4593564250150093,0.9238988031492685,0.2338601126043263
0.7231616367344894,1.464508479227983,1.229880319392243,0.2338601126043263
0.7231616367344894,1.464508479227983,1.3379017105068096,0.2338601126043263
0.7231616367344894,1.464508479227983,0.9836051954201365,0.2338601126043263
0.7231616367344894,1.464508479227983,1.0560975305598663,0.2338601126043263
0.7231616367344894,1.464508479227983,0.9603477722907928,0.2338601126043263
0.7231616367344894,1.464508479227983,1.0702614181264056,0.17549186524807073
0.7231616367344894,1.464508479227983,1.1883279868797476,0.17549186524807073
0.7834595255837963,1.464508479227983,1.175464810365179,0.18016444950169902
0.7834595255837963,1.464508479227983,0.9023924836803087,0.18016444950169902
0.7834595255837963,1.464508479227983,1.148595909570958,0.18016444950169902
0.7834595255837963,1.464508479227983,0.9510486295329675,0.18016444950169902
0.7834595255837963,1.464508479227983,1.0626121820268641,0.18016444950169902
0.7834595255837963,1.464508479227983,0.9825283399902833,0.18016444950169902
0.7834595255837963,1.464508479227983,1.0719411729706223,0.18016444950169902
0.8207891903328357,1.464508479227983,1.2453633751345112,0.18016444950169902
0.659532313244827,1.464508479227983,1.0215812420104826,0.18016444950169902
0.659532313244827,1.464508479227983,1.3828073512818708,0.18016444950169902
0.659532313244827,1.464508479227983,1.4044438236715837,0.18016444950169902
0.659532313244827,1.464508479227983,1.300074442857619,0.18016444950169902
0.7589215722859228,1.464508479227983,1.1144370708436313,0.18016444950169902
0.7589215722859228,1.464508479227983,0.9637175246423253,0.18016444950169902
0.7589215722859228,1.464508479227983,1.0078571314523666,0.18016444950169902
0.7589215722859228,1.464508479227983,0.8885729200924861,0.18016444950169902
0.7589215722859228,1.464508479227983,1.0865649231010794,0.18016444950169902
0.7589215722859228,1.464508479227983,0.9348839653950306,0.18016444950169902
0.7589215722859228,1.464508479227983,0.9383609910741076,0.18016444950169902
0.7589215722859228,1.464508479227983,1.3448160507017604,0.18016444950169902
0.7589215722859228,1.464508479227983,1.2786388616306568,0.18016444950169902
0.7589215722859228,1.464508479227983,0.8048985988286358,0.18016444950169902
0.7589215722859228,1.5625854945428386,0.9103198536622344,0.18016444950169902
0.7589215722859228,1.5625854945428386,0.7330989358471044,0.18016444950169902
0.7589215722859228,1.5625854945428386,0.8232752161540254,0.18016444950169902
0.7589215722859228,1.5625854945428386,0.813866646455985,0.18016444950169902
0.7589215722859228,1.5625854945428386,0.9879612481240992,0.18016444950169902
0.7589215722859228,1.5625854945428386,0.7531766681988626,0.18016444950169902
0.7589215722859228,1.5762672520138246,0.9390926054387156,0.18016444950169902
0.7589215722859228,1.5762672520138246,0.7365264229484599,0.18016444950169902
0.7589215722859228,1.5762672520138246,0.8433904175579726,0.18016444950169902
0.7589215722859228,1.5762672520138246,0.8854289988602557,0.2919230204767473
0.7589215722859228,1.5762672520138246,0.9702582328175822,0.21222804665869927
0.7589215722859228,1.5762672520138246,0.9341990199195117,0.21222804665869927
0.7589215722859228,1.5762672520138246,0.7343885897955806,0.21222804665869927
0.7589215722859228,1.5762672520138246,0.8850466017277449,0.21222804665869927
0.7589215722859228,1.5762672520138246,0.8843791186339035,0.21222804665869927
0.7589215722859228,1.5762672520138246,0.8831669900542002,0.21222804665869927
0.7589215722859228,1.5762672520138246,0.951267317694648,0.21222804665869927
0.7589215722859228,1.5762672520138246,0.9017441204329383,0.21222804665869927
0.7589215722859228,1.5762672520138246,0.7871300775181856,0.21222804665869927
0.7589215722859228,1.5762672520138246,0.8500320223569794,0.21222804665869927
0.7589215722859228,1.5762672520138246,0.7563381509078095,0.21222804665869927
0.7589215722859228,1.5762672520138246,0.8069955375325047,0.21222804665869927
0.7589215722859228,1.5762672520138246,0.9117539314872,0.21222804665869927
0.7589215722859228,1.5762672520138246,0.8049847372223367,0.21222804665869927
0.7589215722859228,1.5762672520138246,0.8221773401368587,0.2554222415763951
0.7589215722859228,1.5762672520138246,0.8669587156014851,0.2554222415763951
0.7589215722859228,1.5762672520138246,0.8634316542767801,0.2554222415763951
0.7589215722859228,1.5929964661406522,0.9388772626973507,0.2554222415763951
0.7589215722859228,1.5411589275096498,1.0183481004706953,0.2554222415763951
0.7197556916287753,1.5411589275096498,1.0704088151009086,0.2554222415763951
0.7197556916287753,1.5411589275096498,1.1617034283253185,0.2554222415763951
0.7197556916287753,1.7393764800848672,0.7950091347815931,0.26940870142507434
0.7197556916287753,1.7393764800848672,0.7870161393625533,0.26940870142507434
0.7197556916287753,1.7393764800848672,0.748093172205956,0.26940870142507434
0.7197556916287753,1.7393764800848672,0.7590999380802945,0.26940870142507434
0.7197556916287753,1.7393764800848672,0.7871070372214981,0.26940870142507434
0.7197556916287753,1.7393764800848672,0.7033589325120181,0.3095883457352278
0.7197556916287753,1.7393764800848672,0.8812866597463377,0.3095883457352278
0.7197556916287753,1.7393764800848672,0.6989550495683029,0.3095883457352278
0.7197556916287753,1.7393764800848672,0.7674541701776919,0.20558922389977088
0.7197556916287753,1.7393764800848672,0.5981352856634974,0.20558922389977088
0.7197556916287753,1.7393764800848672,0.7099935831964594,0.20558922389977088
0.7197556916287753,1.7393764800848672,0.7507776195272867,0.20558922389977088
0.5647187180076336,1.7393764800848672,0.7291545206028377,0.20558922389977088
0.7638252871413765,1.7393764800848672,0.6921284164187651,0.2347389343622957
0.7638252871413765,1.7393764800848672,0.5778750989688929,0.2347389343622957
0.7638252871413765,1.7393764800848672,0.7692860960102013,0.2347389343622957
0.7638252871413765,1.7393764800848672,0.6836696048592417,0.2347389343622957
0.7638252871413765,1.7393764800848672,0.7832289693605662,0.2347389343622957
0.7638252871413765,1.5959661357454111,0.8008497781610868,0.2347389343622957
0.7638252871413765,1.5959661357454111,1.0032807563737207,0.2347389343622957
0.7638252871413765,1.6599402524097306,0.7930668951623049,0.2347389343622957
0.7638252871413765,1.6599402524097306,0.5995562808177627,0.2347389343622957
0.7638252871413765,1.6599402524097306,0.7518936598313791,0.2347389343622957
0.7638252871413765,1.6599402524097306,0.8379476377232157,0.2347389343622957
0.7638252871413765,1.6599402524097306,0.8056475718111085,0.2347389343622957
0.7638252871413765,1.6599402524097306,0.7956950725126015,0.2347389343622957
0.7638252871413765,1.6599402524097306,0.9218833870299786,0.2347389343622957
0.7638252871413765,1.6599402524097306,0.7741504889031335,0.2347389343622957
0.7638252871413765,1.6599402524097306,0.848828509993078,0.2347389343622957
0.8100861630800409,1.6599402524097306,0.6187935186171551,0.27176987832453425
0.8100861630800409,1.6599402524097306,0.7358307392548888,0.27176987832453425
0.8100861630800409,1.6599402524097306,0.7398202873007367,0.27176987832453425
0.8100861630800409,1.6599402524097306,0.7263256117374529,0.27176987832453425
0.8100861630800409,1.6599402524097306,0.7080791585911722,0.27176987832453425
0.8100861630800409,1.6599402524097306,0.8247623915343026,0.27176987832453425
0.8100861630800409,1.6599402524097306,0.7412890470526728,0.27176987832453425
0.6940653691951761,1.6599402524097306,0.7501744343635328,0.27176987832453425
0.7499569256413027,1.6599402524097306,0.801906121450357,0.27176987832453425
0.7499569256413027,1.6599402524097306,0.8502157870347764,0.27176987832453425
0.7499569256413027,1.6599402524097306,0.8309525051265227,0.27176987832453425
0.7499569256413027,1.6599402524097306,0.8724574361730848,0.27176987832453425
0.7499569256413027,1.6599402524097306,0.8002032034089979,0.27176987832453425
0.7499569256413027,1.6495628123474015,0.8371728041243597,0.27176987832453425
0.7499569256413027,1.6495628123474015,0.7134709362526471,0.27176987832453425
0.7499569256413027,1.6495628123474015,0.7031032843749337,0.27176987832453425
0.7499569256413027,1.6495628123474015,0.8905759989739093,0.27176987832453425
0.7499569256413027,1.6495628123474015,0.8659891593768049,0.27176987832453425
0.7499569256413027,1.6495628123474015,0.7148297206086949,0.27176987832453425
0.7499569256413027,1.6495628123474015,0.942113921529324,0.27176987832453425
0.7499569256413027,1.6495628123474015,0.8011210058114118,0.27176987832453425
0.7499569256413027,1.6495628123474015,0.8182390009338262,0.27176987832453425
0.7499569256413027,1.6495628123474015,0.7895322965790063,0.27176987832453425
0.7499569256413027,1.6495628123474015,0.7878768806953673,0.27176987832453425
0.7499569256413027,1.6495628123474015,0.8285242329979885,0.27176987832453425
0.7499569256413027,1.6495628123474015,0.9289674824898423,0.23545913762816667
0.7499569256413027,1.6495628123474015,0.8004027525040852,0.23545913762816667
0.7499569256413027,1.6495628123474015,0.711377158046484,0.23545913762816667
0.7499569256413027,1.6495628123474015,0.8247643746905445,0.23545913762816667
0.7499569256413027,1.6495628123474015,0.8562415443130145,0.23545913762816667
0.7499569256413027,1.6495628123474015,0.7554340360822962,0.23545913762816667
0.7499569256413027,1.6495628123474015,0.6580529634433478,0.23545913762816667
0.7499569256413027,1.6495628123474015,0.8132257460633935,0.23545913762816667
0.7499569256413027,1.6495628123474015,0.7802288674389872,0.23545913762816667
0.7579523562280873,1.6165658741069442,0.9025311978320759,0.23545913762816667
0.7579523562280873,1.6165658741069442,0.9141735538417226,0.23545913762816667
0.7579523562280873,1.6165658741069442,0.7566584138066016,0.23545913762816667
0.7579523562280873,1.6165658741069442,0.8352027702968933,0.23545913762816667
0.7579523562280873,1.6165658741069442,0.8101440179531174,0.23545913762816667
0.6862622067126445,1.6165658741069442,0.7837336296182503,0.23545913762816667
0.6862622067126445,1.6165658741069442,1.0212933134756021,0.23545913762816667
0.6862622067126445,1.6165658741069442,0.8641496912768375,0.23545913762816667
0.6862622067126445,1.6165658741069442,0.9307617671100162,0.23545913762816667
0.6862622067126445,1.6165658741069442,0.942997498974959,0.23545913762816667
0.6862622067126445,1.6165658741069442,0.9764753647923524,0.23545913762816667
0.6862622067126445,1.6165658741069442,0.7930743279401277,0.23545913762816667
0.6862622067126445,1.5829539434313287,1.0101321557335088,0.23545913762816667
0.6862622067126445,1.5829539434313287,0.963415735612396,0.23545913762816667
0.6862622067126445,1.5829539434313287,0.9267045983227036,0.23545913762816667
0.6862622067126445,1.5829539434313287,0.9045307434894037,0.23545913762816667
0.6862622067126445,1.5829539434313287,0.9658014431802234,0.23545913762816667
0.6862622067126445,1.5829539434313287,1.0788274654571706,0.23773500290216543
0.861502971293317,1.5829539434313287,0.974396403595536,0.23773500290216543
0.861502971293317,1.552057407281223,0.8340482790291521,0.23773500290216543
0.861502971293317,1.552057407281223,0.9071279245043301,0.30711593488351785
0.861502971293317,1.552057407281223,0.790795533232046,0.30711593488351785
0.861502971293317,1.552057407281223,0.9266773555987943,0.27929550090159394
0.861502971293317,1.552057407281223,0.9640033293451574,0.27929550090159394
0.861502971293317,1.552057407281223,0.8579781086937942,0.27929550090159394
0.861502971293317,1.552057407281223,0.8069693121770884,0.27929550090159394
0.861502971293317,1.5987038668337352,0.8592977008704276,0.27929550090159394
0.861502971293317,1.5987038668337352,0.7139701845070721,0.27929550090159394
0.861502971293317,1.5987038668337352,0.9815376226708007,0.27929550090159394
0.861502971293317,1.5987038668337352,0.8408452666701728,0.27929550090159394
0.861502971293317,1.5987038668337352,0.878018168459745,0.27929550090159394
0.861502971293317,1.5987038668337352,0.8154368861825809,0.27929550090159394
0.861502971293317,1.5987038668337352,0.9543760226939298,0.27929550090159394
0.861502971293317,1.5987038668337352,0.8650016947185399,0.27929550090159394
0.861502971293317,1.5987038668337352,0.7195741462680489,0.27929550090159394
0.861502971293317,1.5987038668337352,0.7383892666084799,0.27929550090159394
0.861502971293317,1.5987038668337352,0.7889817805812901,0.27929550090159394
0.861502971293317,1.5987038668337352,0.6851629164052957,0.27929550090159394
0.861502971293317,1.5987038668337352,0.7403179282158775,0.27316267448645426
0.861502971293317,1.4004398567175953,0.9732010514826198,0.27316267448645426
1.024593216134007,1.3861158860828304,1.0113015885484753,0.27316267448645426
1.024593216134007,1.3861158860828304,1.009694931667547,0.27316267448645426
1.024593216134007,1.3861158860828304,1.0239043464154658,0.27316267448645426
1.024593216134007,1.3861158860828304,1.028208398228258,0.27316267448645426
1.024593216134007,1.3861158860828304,0.9765167698580464,0.27316267448645426
1.024593216134007,1.3861158860828304,0.9837694834459421,0.27316267448645426
1.024593216134007,1.3861158860828304,0.8887084759889893,0.27316267448645426
1.024593216134007,1.3861158860828304,1.0672483858333757,0.27316267448645426
1.024593216134007,1.3861158860828304,1.143013884611441,0.27316267448645426
1.024593216134007,1.3861158860828304,1.0003352696805334,0.27316267448645426
1.024593216134007,1.3861158860828304,0.9619664674515807,0.27316267448645426
1.024593216134007,1.3861158860828304,0.8229876516233946,0.27316267448645426
1.024593216134007,1.3861158860828304,1.0151963580611914,0.27316267448645426
1.024593216134007,1.3861158860828304,1.0195732573933252,0.27316267448645426
1.024593216134007,1.3861158860828304,0.81268980400835,0.27316267448645426
1.024593216134007,1.3861158860828304,0.860945746494397,0.27316267448645426
1.024593216134007,1.3861158860828304,0.8906144216787479,0.27316267448645426
1.024593216134007,1.3861158860828304,1.0429098574502924,0.27316267448645426
1.024593216134007,1.3861158860828304,0.9090922320536526,0.27316267448645426
1.024593216134007,1.3861158860828304,0.8218810066071571,0.27316267448645426
0.8997724617073006,1.4352166734288283,0.9888625828354421,0.27316267448645426
0.8997724617073006,1.4352166734288283,0.9688024729617002,0.27316267448645426
0.8997724617073006,1.4352166734288283,0.9524023185365688,0.27316267448645426
0.8997724617073006,1.4352166734288283,1.074518177294117,0.27316267448645426
0.8997724617073006,1.4352166734288283,0.8774992572249107,0.27316267448645426
0.8997724617073006,1.4352166734288283,1.0607369741083277,0.3019106221457078
1.0235958452307699,1.4352166734288283,1.1235397337054174,0.3019106221457078
1.0235958452307699,1.4352166734288283,0.8305664845254699,0.3019106221457078
0.9742707217536378,1.4352166734288283,0.8777231565103736,0.3019106221457078
0.6613331459019972,1.4352166734288283,1.180447138119569,0.3019106221457078
0.6613331459019972,1.4352166734288283,1.3183765331451334,0.3019106221457078
0.6613331459019972,1.4352166734288283,1.6257112858150653,0.3019106221457078
0.6613331459019972,1.4352166734288283,1.3400691727285141,0.27031931881411314
0.6613331459019972,1.4352166734288283,1.3191739447392263,0.27031931881411314
0.6613331459019972,1.4352166734288283,1.1949483076968104,0.27031931881411314
0.6613331459019972,1.4352166734288283,1.1166836604562587,0.27031931881411314
0.6613331459019972,1.4352166734288283,1.5777733873017683,0.27031931881411314
0.6613331459019972,1.4352166734288283,1.3130109117937876,0.27031931881411314
0.6613331459019972,1.4879232979078958,1.281130661803931,0.27031931881411314
0.6613331459019972,1.4879232979078958,1.3834631127679866,0.27031931881411314
0.6613331459019972,1.4879232979078958,1.1566483053216294,0.27031931881411314
0.6613331459019972,1.4879232979078958,1.2016173470300038,0.27031931881411314
0.6613331459019972,1.4879232979078958,1.3071453304725096,0.27031931881411314
0.6613331459019972,1.4879232979078958,1.0981981871071884,0.27031931881411314
0.6613331459019972,1.4879232979078958,1.0816125713000384,0.27031931881411314
0.6613331459019972,1.6430435498108513,1.046172575149775,0.27031931881411314
0.6613331459019972,1.6430435498108513,0.8848616008758395,0.27031931881411314
0.6613331459019972,1.6430435498108513,0.8650937478107089,0.27031931881411314
0.6613331459019972,1.6430435498108513,1.0781885968869016,0.27031931881411314
0.6613331459019972,1.6430435498108513,0.9567773055982355,0.27031931881411314
0.6613331459019972,1.6430435498108513,1.0627036028912353,0.27031931881411314
0.6613331459019972,1.6430435498108513,0.9408850973377406,0.27031931881411314
0.6613331459019972,1.6613727156780127,0.9817097854004544,0.27031931881411314
0.6613331459019972,1.6613727156780127,0.915226898309441,0.27031931881411314
0.6613331459019972,1.6613727156780127,0.941143781907235,0.27031931881411314
0.6613331459019972,1.6903394551252109,0.9144912125706942,0.3188361001592828
0.6613331459019972,1.6903394551252109,1.0139372250298537,0.3188361001592828
0.6613331459019972,1.6903394551252109,0.8335660305650813,0.3188361001592828
0.6613331459019972,1.6903394551252109,1.0295718168869177,0.3188361001592828
0.6613331459019972,1.6903394551252109,0.8455354986364563,0.3188361001592828
0.6613331459019972,1.6903394551252109,0.8910612881891851,0.3188361001592828
0.6613331459019972,1.6903394551252109,0.9284769494498992,0.3188361001592828
0.6613331459019972,1.6903394551252109,0.9695565126290444,0.24283036593710047
0.6613331459019972,1.6903394551252109,0.7840387412379279,0.22110393449610996
0.6613331459019972,1.6903394551252109,0.8342999246528626,0.22110393449610996
0.6613331459019972,1.6903394551252109,1.0397051259812773,0.22110393449610996
0.6613331459019972,1.6903394551252109,0.9768007667777306,0.22110393449610996
0.6613331459019972,1.6903394551252109,0.8746516068871998,0.22110393449610996
0.7240675868651766,1.6903394551252109,0.785001016310749,0.22110393449610996
0.7240675868651766,1.6903394551252109,0.7251728419908147,0.22110393449610996
0.7240675868651766,1.6337754623910548,0.7486754571342534,0.22110393449610996
0.7240675868651766,1.6337754623910548,0.6987796010662257,0.22110393449610996
0.7240675868651766,1.6337754623910548,0.9739999012751729,0.22110393449610996
0.7240675868651766,1.6337754623910548,0.7676217169219515,0.22110393449610996
0.7240675868651766,1.6337754623910548,0.7782129546234515,0.22110393449610996
0.7240675868651766,1.6337754623910548,0.7754131851633848,0.22110393449610996
0.7814364351295864,1.6337754623910548,0.8684657039775,0.22110393449610996
0.7814364351295864,1.6337754623910548,0.7403793403203911,0.22110393449610996
0.7814364351295864,1.6337754623910548,0.7538042260369382,0.22110393449610996
0.7814364351295864,1.6337754623910548,0.8005641910368158,0.22110393449610996
0.7814364351295864,1.6337754623910548,0.7690431487026694,0.22110393449610996
0.7814364351295864,1.6337754623910548,0.6785952466940477,0.22110393449610996
0.7814364351295864,1.6337754623910548,0.7548225323060019,0.22110393449610996
0.7814364351295864,1.6337754623910548,0.8062641521835698,0.2884028566253818
0.6103746496643364,1.6337754623910548,0.9287139676027012,0.2884028566253818
0.6103746496643364,1.6337754623910548,1.0439205805920835,0.2884028566253818
0.6103746496643364,1.6337754623910548,0.9284164503345241,0.332836863120387
0.6103746496643364,1.6337754623910548,1.0611004500297012,0.332836863120387
0.6103746496643364,1.6337754623910548,1.0718506460744612,0.332836863120387
0.6103746496643364,1.6337754623910548,1.0669108883040102,0.332836863120387
0.6103746496643364,1.6337754623910548,1.0763778282146126,0.332836863120387
0.6103746496643364,1.6560856914136715,1.1055493693139713,0.332836863120387
0.6103746496643364,1.6560856914136715,1.006740573171298,0.332836863120387
0.6103746496643364,1.6300162198293113,1.2692583158308224,0.1698333824920662
0.6103746496643364,1.6300162198293113,1.1224727864467834,0.21623778962356996
0.6103746496643364,1.6300162198293113,1.002662378703127,0.21623778962356996
0.6103746496643364,1.6300162198293113,0.9950310128491948,0.21623778962356996
0.6103746496643364,1.6300162198293113,1.017886614252444,0.21623778962356996
0.6103746496643364,1.6300162198293113,0.9004836366322566,0.21623778962356996
0.6103746496643364,1.6300162198293113,0.8906914840557199,0.21623778962356996
0.6345257025578459,1.6300162198293113,0.8773234427814088,0.21623778962356996
0.6345257025578459,1.6300162198293113,1.0747626144105202,0.21623778962356996
0.6345257025578459,1.6300162198293113,1.0625144657359264,0.21623778962356996
0.6345257025578459,1.6757047373453742,0.8493964295961827,0.21623778962356996
0.6345257025578459,1.6757047373453742,0.8167899635734873,0.21623778962356996
0.6345257025578459,1.6757047373453742,0.8966052684778415,0.21623778962356996
0.6345257025578459,1.6757047373453742,0.9094212824876864,0.21623778962356996
0.6345257025578459,1.6757047373453742,0.9038939732928106,0.21623778962356996
0.6345257025578459,1.6757047373453742,0.9699756451158892,0.21623778962356996
0.6345257025578459,1.6757047373453742,0.8296643792566969,0.21623778962356996
0.6345257025578459,1.6757047373453742,0.7482229387514777,0.21623778962356996
0.6345257025578459,1.6757047373453742,0.8918948122290696,0.21623778962356996
0.6345257025578459,1.6757047373453742,0.9863216956150382,0.21623778962356996
0.6345257025578459,1.6757047373453742,0.7817704404830834,0.21623778962356996
0.6345257025578459,1.6757047373453742,1.0518169386267318,0.21623778962356996
0.6345257025578459,1.6757047373453742,0.9750376250170387,0.21623778962356996
0.6345257025578459,1.6757047373453742,0.7888062851064281,0.21623778962356996
0.6345257025578459,1.6757047373453742,0.8168720354539751,0.21623778962356996
0.6345257025578459,1.6757047373453742,0.8478973963785691,0.21623778962356996
0.6345257025578459,1.6757047373453742,0.7632863723587513,0.21623778962356996
0.6345257025578459,1.6757047373453742,0.8263424342136358,0.21623778962356996
0.7082571556306896,1.6757047373453742,0.8460786659385149,0.2894246959172301
0.7082571556306896,1.6757047373453742,0.9464426185151006,0.2894246959172301
0.7082571556306896,1.6843182454245043,0.8978981733041843,0.2894246959172301
0.6221401741639326,1.6843182454245043,0.8811106739517027,0.2894246959172301
0.6221401741639326,1.6843182454245043,1.0607249384102222,0.2894246959172301
0.6221401741639326,1.6843182454245043,1.0391785101413216,0.2894246959172301
0.6221401741639326,1.6843182454245043,0.883502803683703,0.2894246959172301
0.6221401741639326,1.6843182454245043,0.8034708438868797,0.2894246959172301
0.6221401741639326,1.6843182454245043,1.1306551674244412,0.2894246959172301
0.6221401741639326,1.6843182454245043,0.8961124162687244,0.2894246959172301
0.6221401741639326,1.6843182454245043,0.9469528695377547,0.2894246959172301
0.6221401741639326,1.6843182454245043,1.0302312660183157,0.2894246959172301
0.6221401741639326,1.6843182454245043,0.936197892911306,0.2894246959172301
0.6221401741639326,1.6843182454245043,0.9024317638381141,0.2894246959172301
0.6221401741639326,1.6843182454245043,0.9152765343736146,0.2761199153388642
0.6221401741639326,1.6843182454245043,0.9798440908494239,0.2761199153388642
0.6221401741639326,1.6843182454245043,0.9267867527671899,0.2761199153388642
0.6221401741639326,1.6843182454245043,0.919154929703901,0.2761199153388642
0.6221401741639326,1.6843182454245043,1.0040495234044908,0.2761199153388642
0.6221401741639326,1.6797009067668167,1.011785251981171,0.2761199153388642
0.6221401741639326,1.6797009067668167,1.0584548432361596,0.2761199153388642
0.6221401741639326,1.6797009067668167,0.9262403249265744,0.2761199153388642
0.6221401741639326,1.764764135186179,0.8796595251491895,0.2761199153388642
0.6221401741639326,1.764764135186179,0.7505232375936608,0.2761199153388642
0.6221401741639326,1.764764135186179,0.8658913504624041,0.2761199153388642
0.6221401741639326,1.764764135186179,0.70554155184781,0.2761199153388642
0.6221401741639326,1.7387802441748794,0.8774558916872797,0.2761199153388642
0.6221401741639326,1.7387802441748794,0.823227468784058,0.2761199153388642
0.6221401741639326,1.7387802441748794,0.8001371499408558,0.3073988675787298
0.6221401741639326,1.7387802441748794,1.0353944931514931,0.3073988675787298
0.6221401741639326,1.7387802441748794,0.9642256307336031,0.3073988675787298
0.6221401741639326,1.7387802441748794,0.9285486598471904,0.3073988675787298
0.6221401741639326,1.7387802441748794,0.8317109306409814,0.23581179994105803
0.6221401741639326,1.7387802441748794,1.0126166710483762,0.3082479573368257
0.6221401741639326,1.7387802441748794,0.9680227096475165,0.3082479573368257
0.6221401741639326,1.7387802441748794,0.9411806553264885,0.3082479573368257
0.6221401741639326,1.7387802441748794,0.8353341161231795,0.3082479573368257
0.6221401741639326,1.7387802441748794,0.8778809227139752,0.3082479573368257
0.6221401741639326,1.7387802441748794,0.8531112653579204,0.3082479573368257
0.6221401741639326,1.7387802441748794,1.0314474959576447,0.3082479573368257
0.6221401741639326,1.7281229662112871,0.9759380745218704,0.3082479573368257
0.6221401741639326,1.7281229662112871,0.8771349578989995,0.3082479573368257
0.6221401741639326,1.7281229662112871,0.9710469734263661,0.3082479573368257
0.7142811029081427,1.7281229662112871,0.8781789218818391,0.3082479573368257
0.7142811029081427,1.7281229662112871,0.8461712930784753,0.2990859367683196
0.7142811029081427,1.7281229662112871,0.7149771974642544,0.22570894096508604
0.7142811029081427,1.7281229662112871,0.8699819124050967,0.22570894096508604
0.7142811029081427,1.7281229662112871,0.7456721237979552,0.28730304735127515
0.7142811029081427,1.7281229662112871,0.7996063688645929,0.28730304735127515
0.7142811029081427,1.7281229662112871,0.6358935884920034,0.28730304735127515
0.7142811029081427,1.7281229662112871,0.7899679663687471,0.28730304735127515
0.7142811029081427,1.7281229662112871,0.8209440967749217,0.28730304735127515
0.7142811029081427,1.7281229662112871,0.8208524170156758,0.28730304735127515
0.7142811029081427,1.7281229662112871,0.8406909164196014,0.28730304735127515
0.7142811029081427,1.7281229662112871,0.861371478314017,0.28730304735127515
0.7142811029081427,1.7281229662112871,0.7171021100422986,0.28730304735127515
0.7142811029081427,1.7281229662112871,0.7159889200988343,0.28730304735127515
0.7328274107411371,1.7281229662112871,0.8522442130904397,0.28730304735127515
0.7328274107411371,1.7281229662112871,0.856576818235862,0.28730304735127515
0.7328274107411371,1.7281229662112871,0.7590463765456275,0.28730304735127515
0.7328274107411371,1.7281229662112871,0.7654546256777629,0.28730304735127515
0.706962952861823,1.7281229662112871,0.7406683836081662,0.28730304735127515
0.706962952861823,1.7281229662112871,0.7577281406639604,0.28730304735127515
0.706962952861823,1.7281229662112871,0.8374472552556235,0.28730304735127515
0.706962952861823,1.7281229662112871,0.6581294623707032,0.28730304735127515
0.706962952861823,1.7281229662112871,0.690079837134688,0.28730304735127515
0.706962952861823,1.7281229662112871,0.7135607893360946,0.28730304735127515
0.706962952861823,1.7281229662112871,0.842904417877804,0.28730304735127515
0.706962952861823,1.7281229662112871,0.7446581679871251,0.28730304735127515
0.706962952861823,1.7281229662112871,0.6993586827769708,0.28730304735127515
0.706962952861823,1.7281229662112871,0.8267560212377052,0.28730304735127515
0.706962952861823,1.7281229662112871,0.8347337306395667,0.28730304735127515
0.706962952861823,1.7281229662112871,0.8219430013896574,0.28730304735127515
0.706962952861823,1.7281229662112871,0.7628052385449265,0.28730304735127515
0.706962952861823,1.7281229662112871,0.8026236515806466,0.28730304735127515
0.706962952861823,1.7281229662112871,0.8518752612968221,0.28730304735127515
0.706962952861823,1.7281229662112871,0.7739263222758327,0.28730304735127515
0.706962952861823,1.7281229662112871,0.7310190804706772,0.28730304735127515
0.706962952861823,1.7552103205458736,0.7649711535854387,0.28730304735127515
0.706962952861823,1.7552103205458736,0.6946026584009243,0.28730304735127515
0.7029800290983743,1.7552103205458736,0.7175233429202245,0.28730304735127515
0.7029800290983743,1.783347095437718,0.6988512013362603,0.28730304735127515
0.7029800290983743,1.783347095437718,0.7431906233034967,0.28730304735127515
0.7029800290983743,1.783347095437718,0.64195524266211,0.28730304735127515
0.7029800290983743,1.783347095437718,0.7570387187512116,0.28730304735127515
0.7029800290983743,1.783347095437718,0.7143045010562875,0.28730304735127515
0.9387498722770269,1.783347095437718,0.5876714377677534,0.28730304735127515
0.9387498722770269,1.783347095437718,0.5476858555102792,0.28730304735127515
0.9387498722770269,1.783347095437718,0.509747557747613,0.28730304735127515
0.9387498722770269,1.783347095437718,0.5242571499097518,0.28730304735127515
0.9387498722770269,1.783347095437718,0.5894715036026782,0.36535087188953924
0.9387498722770269,1.783347095437718,0.502141398871763,0.36535087188953924
0.6704138112572605,1.783347095437718,0.6782367994258274,0.36535087188953924
0.6704138112572605,1.783347095437718,0.80950190003727,0.36535087188953924
0.6704138112572605,1.783347095437718,0.8172400328933769,0.36535087188953924
0.6704138112572605,1.783347095437718,0.7653928952448066,0.36535087188953924
0.6704138112572605,1.783347095437718,0.7118554797781615,0.36535087188953924
0.6704138112572605,1.783347095437718,0.7558364895412961,0.36535087188953924
0.6704138112572605,1.783347095437718,0.8213513411252026,0.36535087188953924
0.5959907368086128,1.783347095437718,0.8792868721947006,0.36535087188953924
0.5694242448528201,1.783347095437718,0.7585803129151429,0.36535087188953924
0.6128419406858487,1.783347095437718,0.8416979572299522,0.23290620020142178
0.6128419406858487,1.783347095437718,0.6875969804627658,0.23290620020142178
0.6128419406858487,1.783347095437718,0.7235847906415662,0.21408674555769594
0.6128419406858487,1.783347095437718,0.7280308363141372,0.3399265196391419
0.4362540723690027,1.783347095437718,1.0950250866575844,0.3399265196391419
0.4362540723690027,1.783347095437718,1.2172570242282665,0.3399265196391419
0.6009779868061371,1.783347095437718,1.0789277635952224,0.3399265196391419
0.6009779868061371,1.783347095437718,0.8943341350524825,0.3399265196391419
0.6009779868061371,1.783347095437718,0.8487529007882457,0.3399265196391419
0.8256598199067942,1.783347095437718,0.7839933326464725,0.30588066459290647
0.8256598199067942,1.783347095437718,0.5488788824975432,0.30588066459290647
0.8256598199067942,1.783347095437718,0.535361865939561,0.30588066459290647
0.8256598199067942,1.783347095437718,0.6289267507121171,0.30588066459290647
0.8256598199067942,1.7698777584601848,0.5880743483981526,0.30588066459290647
0.8256598199067942,1.7698777584601848,0.7008758364276074,0.30588066459290647
0.8256598199067942,1.7698777584601848,0.6536701602487475,0.30588066459290647
0.8256598199067942,1.7698777584601848,0.6890489533059777,0.30588066459290647
0.8256598199067942,1.7698777584601848,0.661631629725731,0.2841683516306092
0.8256598199067942,1.7698777584601848,0.5440066209101283,0.2841683516306092
0.8256598199067942,1.7698777584601848,0.5487882910862243,0.2841683516306092
0.8256598199067942,1.726506596865073,0.5682654605746691,0.2841683516306092
0.8256598199067942,1.726506596865073,0.7783769408801148,0.2841683516306092
0.8256598199067942,1.726506596865073,0.7076076983698983,0.2841683516306092
0.8256598199067942,1.726506596865073,0.7206746502576457,0.3189480349765818
0.8256598199067942,1.726506596865073,0.718271855668628,0.3189480349765818
0.8256598199067942,1.8639812116057926,0.5930899198543576,0.4264494738029248
0.7236464355831984,1.8639812116057926,0.6101730704940903,0.4264494738029248
0.709862800439146,1.8639812116057926,0.7010179879418659,0.4264494738029248
0.709862800439146,1.8639812116057926,0.7437161382850012,0.4264494738029248
0.709862800439146,1.8639812116057926,0.7236060951408634,0.4264494738029248
0.709862800439146,1.8639812116057926,0.6668594021839407,0.4264494738029248
0.709862800439146,1.7906013942371084,0.6995697089955292,0.3282843216400824
0.709862800439146,1.7906013942371084,0.7526620894830118,0.3282843216400824
0.709862800439146,1.7906013942371084,0.7209720281291153,0.3282843216400824
0.709862800439146,1.7906013942371084,0.8751764342807802,0.3282843216400824
0.6863994436258554,1.7906013942371084,0.7425113046495253,0.3282843216400824
0.6863994436258554,1.7906013942371084,0.687935873276641,0.3282843216400824
0.6863994436258554,1.7906013942371084,0.7508006045692556,0.3282843216400824
0.6863994436258554,1.7906013942371084,0.6349362466316938,0.3282843216400824
0.6863994436258554,1.8410214560023959,0.7480999427836149,0.3282843216400824
0.6863994436258554,1.8410214560023959,0.6771901451472276,0.3282843216400824
0.6863994436258554,1.8410214560023959,0.7770162010818916,0.3282843216400824
0.6863994436258554,1.8410214560023959,0.590195406588019,0.3282843216400824
0.7022685462277524,1.8410214560023959,0.6986671566860853,0.3282843216400824
0.7022685462277524,1.8410214560023959,0.6425135889213688,0.3282843216400824
0.7022685462277524,1.8410214560023959,0.7065735942199273,0.3282843216400824
0.7022685462277524,1.8410214560023959,0.7011504959408875,0.3282843216400824
0.7022685462277524,1.8410214560023959,0.600172178923532,0.3282843216400824
0.7022685462277524,1.8410214560023959,0.5867578553891476,0.3282843216400824
0.7022685462277524,1.8410214560023959,0.69759225891963,0.3282843216400824
0.7022685462277524,1.8410214560023959,0.620678796255225,0.3282843216400824
0.7022685462277524,1.8410214560023959,0.6043886042366103,0.3282843216400824
0.7022685462277524,1.8410214560023959,0.6331043908180076,0.3282843216400824
0.7022685462277524,1.8410214560023959,0.6176855401423649,0.3282843216400824
0.7022685462277524,1.8410214560023959,0.6424876898177039,0.3282843216400824
0.7022685462277524,1.8410214560023959,0.6888249419085468,0.3282843216400824
0.7022685462277524,1.8410214560023959,0.6853685413039217,0.3282843216400824
0.7022685462277524,1.8410214560023959,0.7144232400596747,0.3282843216400824
0.7022685462277524,1.8410214560023959,0.612837064208702,0.3282843216400824
0.7022685462277524,1.8410214560023959,0.6961585328799661,0.3282843216400824
0.7022685462277524,1.8410214560023959,0.6152592512410624,0.3282843216400824
0.7022685462277524,1.8410214560023959,0.7632097008277774,0.3282843216400824
0.7022685462277524,1.8410214560023959,0.865120144625531,0.3282843216400824
0.7022685462277524,1.8410214560023959,0.6761834948899034,0.3282843216400824
0.5654556828482129,1.8410214560023959,0.7501202630535594,0.3282843216400824
0.5654556828482129,1.8638215795845146,0.8581469773025299,0.3282843216400824
0.5654556828482129,1.8638215795845146,0.8618597796020735,0.3282843216400824
0.5654556828482129,1.8454572533909537,0.8645206661880452,0.3282843216400824
0.5654556828482129,1.8454572533909537,0.7899588804683579,0.3282843216400824
0.5882908028967677,1.8454572533909537,0.8686156831378199,0.3282843216400824
0.5882908028967677,1.8454572533909537,1.0168629849393764,0.5527413216225446
0.5882908028967677,1.8454572533909537,0.9784150101089559,0.5527413216225446
0.5882908028967677,1.8454572533909537,0.9308556946280732,0.5093475821616371
0.5882908028967677,1.8454572533909537,0.9279894994935692,0.5093475821616371
0.5882908028967677,1.8454572533909537,0.9758338322837911,0.5093475821616371
0.5882908028967677,1.8454572533909537,0.9520495434883519,0.5093475821616371
0.5882908028967677,1.8454572533909537,0.9481595401059332,0.5093475821616371
0.5882908028967677,1.8454572533909537,1.1122575705693556,0.5093475821616371
0.5882908028967677,1.8454572533909537,1.0016724861398387,0.5093475821616371
0.5721208293059821,1.8454572533909537,1.0410812653576593,0.5093475821616371
0.5721208293059821,1.8454572533909537,0.930188685896247,0.5093475821616371
0.5721208293059821,1.8454572533909537,0.9363286057086767,0.5093475821616371
0.5721208293059821,1.8454572533909537,0.8892915751794523,0.5014407149632478
0.5721208293059821,1.8454572533909537,0.8384062404793636,0.5014407149632478
0.5721208293059821,1.8454572533909537,1.0051562395582112,0.5014407149632478
0.5721208293059821,1.8454572533909537,0.9846557085903443,0.37045784524274383
0.5721208293059821,1.8454572533909537,0.7893750356224439,0.37045784524274383
0.5721208293059821,1.8454572533909537,0.7826390595995919,0.22637518167555784
0.5721208293059821,1.8454572533909537,0.7791820555710639,0.22637518167555784
0.5721208293059821,1.8454572533909537,0.7651767122042912,0.2537339050531355
0.5721208293059821,1.7724806933337256,0.7587490532916084,0.2537339050531355
0.5721208293059821,1.7724806933337256,1.065041024735687,0.42985921470087557
0.5721208293059821,1.7724806933337256,1.011197582500218,0.42985921470087557
0.5721208293059821,1.7724806933337256,0.7746606341553324,0.38486428738976336
0.5721208293059821,1.7724806933337256,0.9878179840890665,0.38486428738976336
0.5721208293059821,1.7724806933337256,0.9720008178747277,0.38486428738976336
0.5721208293059821,1.7724806933337256,0.9725216894704485,0.38486428738976336
0.5721208293059821,1.7724806933337256,1.1102623536560452,0.38486428738976336
0.5721208293059821,1.7724806933337256,0.8873612522779405,0.23649790686599884
0.5721208293059821,1.7724806933337256,0.7748996259381209,0.27858423846772545
0.5721208293059821,1.7724806933337256,0.85885851349838,0.27858423846772545
0.5721208293059821,1.7724806933337256,0.8742807992182628,0.24660641672712127
0.5721208293059821,1.7724806933337256,0.9260360059040494,0.24660641672712127
0.5721208293059821,1.7724806933337256,1.0778332697035238,0.24660641672712127
0.5721208293059821,1.7724806933337256,0.7364069802718967,0.24660641672712127
0.5721208293059821,1.7724806933337256,0.9647863750814221,0.24660641672712127
0.5721208293059821,1.7724806933337256,0.85790136068856,0.24660641672712127
0.5721208293059821,1.7724806933337256,0.9005991143261557,0.24660641672712127
0.5721208293059821,1.7724806933337256,0.8645769737330019,0.24660641672712127
0.5721208293059821,1.7724806933337256,0.9034802028807563,0.24660641672712127
0.5721208293059821,1.7724806933337256,1.1034009027244331,0.24660641672712127
0.5721208293059821,1.7724806933337256,0.8165593256873002,0.2676494082836581
0.5721208293059821,1.7724806933337256,0.9367114217279198,0.2676494082836581
0.5721208293059821,1.7724806933337256,0.9291981865594373,0.3669471958268956
0.5721208293059821,1.7724806933337256,1.0338525449658584,0.3669471958268956
0.5721208293059821,1.7724806933337256,0.9701362111197233,0.3669471958268956
0.5721208293059821,1.7724806933337256,0.9139887320317652,0.37933803813746997
0.5721208293059821,1.7724806933337256,0.9722611287111652,0.37933803813746997
0.5721208293059821,1.787631334444487,0.9865175113813326,0.37933803813746997
0.5721208293059821,1.787631334444487,1.0042697263324414,0.37933803813746997
0.5721208293059821,1.787631334444487,0.9447278489904117,0.37933803813746997
0.5721208293059821,1.787631334444487,0.9945915326106065,0.35047155484323034
0.5721208293059821,1.787631334444487,0.8091752076485496,0.35047155484323034
0.5721208293059821,1.787631334444487,1.016306094887738,0.35047155484323034
0.5721208293059821,1.787631334444487,0.9479511223191422,0.35047155484323034
0.5721208293059821,1.787631334444487,0.8459145165403777,0.35047155484323034
0.5721208293059821,1.7795296199631976,0.9979398056163927,0.35047155484323034
0.5721208293059821,1.7795296199631976,0.9346538360845207,0.35047155484323034
0.5721208293059821,1.8685281977489887,0.8253131757673807,0.35047155484323034
0.5721208293059821,1.8685281977489887,0.8047571546139929,0.35047155484323034
0.5721208293059821,1.8685281977489887,0.8198860324298235,0.35047155484323034
0.5721208293059821,1.8685281977489887,0.7584709934059477,0.35047155484323034
0.5721208293059821,1.8685281977489887,0.7508120718658332,0.35047155484323034
0.5721208293059821,1.8473942741555267,0.8238950016345813,0.35047155484323034
0.5721208293059821,1.8473942741555267,1.035576351173459,0.4502054484239214
0.5721208293059821,1.8473942741555267,0.8798985018943205,0.4502054484239214
0.5721208293059821,1.8535202058569062,1.0691877656362607,0.4502054484239214
0.7406831169895121,1.8535202058569062,0.7663219624045952,0.4502054484239214
0.7406831169895121,1.8535202058569062,0.7274559844051517,0.4502054484239214
0.7406831169895121,1.8535202058569062,0.7274942299909857,0.36889311980496675
0.7406831169895121,1.8535202058569062,0.6419098197489522,0.3476630319855685
0.7406831169895121,1.8535202058569062,0.6860586585490204,0.3476630319855685
0.7406831169895121,1.8535202058569062,0.6776304852199281,0.3476630319855685
0.7406831169895121,1.8535202058569062,0.6172005105419321,0.3476630319855685
0.6281911865424356,1.8535202058569062,0.666214388065412,0.3476630319855685
0.6281911865424356,1.8535202058569062,0.734072367936842,0.3476630319855685
0.6281911865424356,1.8535202058569062,0.8119935910004951,0.3476630319855685
0.6281911865424356,1.8535202058569062,0.6834702791158669,0.3476630319855685
0.6281911865424356,1.8535202058569062,0.786841560914331,0.3476630319855685
0.6281911865424356,1.8535202058569062,0.7867747442648314,0.3476630319855685
0.6281911865424356,1.8535202058569062,0.760156063741303,0.3476630319855685
0.544154875699546,1.8535202058569062,0.7763483835234634,0.3476630319855685
0.544154875699546,1.8535202058569062,0.8723069739507997,0.3476630319855685
0.544154875699546,1.8535202058569062,0.8737720675084925,0.3476630319855685
0.544154875699546,1.8535202058569062,0.8262135592060023,0.3476630319855685
0.544154875699546,1.8535202058569062,0.8441577608978015,0.3476630319855685
0.544154875699546,1.8535202058569062,0.6924158361140047,0.2960676490429348
0.544154875699546,1.8535202058569062,0.8958497581812969,0.2960676490429348
0.544154875699546,1.8535202058569062,0.8846814504797419,0.2960676490429348
0.544154875699546,1.8535202058569062,0.7419112590959519,0.37860466447705077
0.544154875699546,1.8535202058569062,0.9482742921625273,0.37860466447705077
0.544154875699546,1.8535202058569062,0.7937974413534081,0.37860466447705077
0.544154875699546,1.8535202058569062,0.802374736230844,0.37860466447705077
0.544154875699546,1.8132883485202378,0.9455045879978349,0.37860466447705077
0.544154875699546,1.8132883485202378,0.9978936647315649,0.37860466447705077
0.544154875699546,1.8860477407636453,0.9007224002160953,0.37860466447705077
0.544154875699546,1.8860477407636453,0.9060830925472859,0.37860466447705077
0.544154875699546,1.8860477407636453,0.8519933969772936,0.37860466447705077
0.544154875699546,1.9347094950605461,0.7865865497372574,0.37860466447705077
0.544154875699546,1.9347094950605461,0.7513233582670907,0.37860466447705077
0.544154875699546,1.9347094950605461,0.9357139154143731,0.37860466447705077
0.544154875699546,1.9347094950605461,0.7760540288911841,0.33248096187677956
0.544154875699546,1.9347094950605461,0.8820751326044887,0.33248096187677956
0.544154875699546,1.9347094950605461,0.7217033094983473,0.33248096187677956
0.544154875699546,1.9347094950605461,0.7717621639032608,0.33248096187677956
0.544154875699546,1.9347094950605461,0.751369707981383,0.33248096187677956
0.544154875699546,1.9347094950605461,0.7035691559442095,0.33248096187677956
0.544154875699546,1.9347094950605461,0.756581321141496,0.33248096187677956
0.544154875699546,1.9347094950605461,0.727640746094325,0.33248096187677956
0.544154875699546,1.9347094950605461,0.79457639873135,0.33248096187677956
0.544154875699546,1.9347094950605461,0.7719193890458649,0.33248096187677956
0.544154875699546,1.9347094950605461,0.6709677961426064,0.33248096187677956
0.544154875699546,1.9347094950605461,0.7295048070135696,0.2902770551566057
0.544154875699546,1.9347094950605461,0.7433818842117864,0.2902770551566057
0.544154875699546,1.9347094950605461,0.5586596116732758,0.2902770551566057
0.544154875699546,1.9347094950605461,0.6739735527137454,0.2902770551566057
0.544154875699546,1.9347094950605461,0.7878106952694152,0.42407718771772435
0.544154875699546,1.9347094950605461,0.7300456601201079,0.42407718771772435
0.544154875699546,1.9347094950605461,0.8648764896473622,0.42407718771772435
0.544154875699546,1.8579004793713516,0.8386886596151392,0.42407718771772435
0.544154875699546,1.8579004793713516,1.017424630701893,0.44349691883731274
0.544154875699546,1.8579004793713516,0.9203875864406412,0.44349691883731274
0.544154875699546,1.8579004793713516,0.9068143028113389,0.44349691883731274
0.544154875699546,1.8579004793713516,1.0518678597672435,0.562469467071255
0.544154875699546,1.8579004793713516,1.2396800259226861,0.562469467071255
0.544154875699546,1.8579004793713516,0.8994632617374019,0.562469467071255
0.544154875699546,1.8579004793713516,1.0869188433430115,0.562469467071255
0.544154875699546,1.8579004793713516,0.957048771474226,0.562469467071255
0.544154875699546,1.8579004793713516,1.0480737498041168,0.5830780350825823
0.544154875699546,1.8579004793713516,1.1778026979633942,0.5830780350825823
0.544154875699546,1.8579004793713516,0.8636031548085984,0.2050987998407138
0.544154875699546,1.8579004793713516,0.7428994561249419,0.2050987998407138
0.544154875699546,1.8579004793713516,0.8189412069461199,0.2050987998407138
0.544154875699546,1.8579004793713516,0.8164900806615107,0.20520559159254662
0.544154875699546,1.8579004793713516,0.9178128114055769,0.20520559159254662
0.544154875699546,1.8579004793713516,0.7234225856379456,0.20520559159254662
0.544154875699546,1.834329135939906,0.683062148353056,0.20520559159254662
0.544154875699546,1.834329135939906,0.8717300961306466,0.20520559159254662
0.544154875699546,1.834329135939906,0.8493610961985775,0.20520559159254662
0.544154875699546,1.834329135939906,0.843116079926065,0.20520559159254662
0.544154875699546,1.834329135939906,0.7041997115361129,0.20520559159254662
0.544154875699546,1.834329135939906,0.7680536987283297,0.20520559159254662
0.544154875699546,1.834329135939906,0.7467295034574196,0.20520559159254662
0.544154875699546,1.834329135939906,0.8043910133185046,0.20520559159254662
0.544154875699546,1.834329135939906,0.7673102852275944,0.20520559159254662
0.544154875699546,1.834329135939906,0.7102140848415994,0.20520559159254662
0.544154875699546,1.834329135939906,0.7127348909261763,0.20520559159254662
0.544154875699546,1.834329135939906,0.706588211887126,0.20520559159254662
0.544154875699546,1.834329135939906,0.7047350110543878,0.20520559159254662
0.49789878092267714,1.834329135939906,0.7146985262028053,0.20520559159254662
0.49789878092267714,1.834329135939906,0.8349113445249735,0.20520559159254662
0.49789878092267714,1.834329135939906,0.8353201492670059,0.20520559159254662
0.49789878092267714,1.834329135939906,0.9136794632890528,0.20520559159254662
0.49789878092267714,1.834329135939906,0.7786565701979273,0.20532965427216748
0.49789878092267714,1.834329135939906,0.8817991743625473,0.20532965427216748
0.49789878092267714,1.834329135939906,0.9720393664002637,0.20532965427216748
0.49789878092267714,1.662525445031004,0.9445912051564208,0.20532965427216748
0.49789878092267714,1.662525445031004,1.0237164130997414,0.20532965427216748
0.49789878092267714,1.662525445031004,1.1445009846412155,0.20532965427216748
0.49789878092267714,1.662525445031004,1.1073000324445406,0.20532965427216748
0.49789878092267714,1.662525445031004,1.0667693922025618,0.20532965427216748
0.49789878092267714,1.759046669983828,1.1496472404676636,0.20532965427216748
0.49789878092267714,1.759046669983828,1.0335706203383481,0.20532965427216748
0.49789878092267714,1.759046669983828,0.9390554166581349,0.20532965427216748
0.49789878092267714,1.759046669983828,0.8784634287445084,0.20532965427216748
0.49789878092267714,1.759046669983828,0.9150871480581302,0.20532965427216748
0.49789878092267714,1.759046669983828,0.9104370961482937,0.20532965427216748
0.49789878092267714,1.759046669983828,0.9125050674687953,0.20532965427216748
0.49789878092267714,1.759046669983828,0.7041235822857609,0.23406512194348392
0.49789878092267714,1.759046669983828,1.0373348561233269,0.30101455419111955
0.49789878092267714,1.759046669983828,1.1267886452255498,0.30101455419111955
0.49789878092267714,1.759046669983828,0.9710306143667904,0.30101455419111955
0.49789878092267714,1.759046669983828,1.026371176561146,0.3614026627766544
0.49789878092267714,1.759046669983828,1.1022516586001996,0.3614026627766544
0.49789878092267714,1.759046669983828,1.1666444027631477,0.3614026627766544
0.49789878092267714,1.759046669983828,1.1984360636609745,0.3614026627766544
0.49789878092267714,1.759046669983828,0.9861891448068346,0.3614026627766544
0.49789878092267714,1.759046669983828,1.1978182979540781,0.34636549809101946
0.49789878092267714,1.759046669983828,0.938516649587267,0.34636549809101946
0.49789878092267714,1.759046669983828,1.1212729929672913,0.34636549809101946
0.49789878092267714,1.759046669983828,1.1451446512975887,0.34636549809101946
0.49789878092267714,1.759046669983828,0.8928430958979903,0.34636549809101946
0.49789878092267714,1.759046669983828,1.2971408136378342,0.34636549809101946
0.49789878092267714,1.759046669983828,1.0977327108633645,0.34636549809101946
0.49789878092267714,1.7514002822389696,1.1620947014158785,0.34636549809101946
0.49789878092267714,1.7514002822389696,0.9161602674528667,0.34636549809101946
0.49789878092267714,1.7514002822389696,1.0387582157907636,0.34636549809101946
0.49789878092267714,1.7514002822389696,1.1745726229045754,0.34636549809101946
0.49789878092267714,1.7514002822389696,1.1351773630182538,0.34636549809101946
0.49789878092267714,1.7514002822389696,1.2618153745543255,0.34636549809101946
0.49789878092267714,1.7514002822389696,1.11835401528536,0.22371072162993957
0.49789878092267714,1.6882607807200096,1.1543115016036585,0.21700254790425844
0.49789878092267714,1.6882607807200096,1.0211314080375942,0.21700254790425844
0.49789878092267714,1.6882607807200096,1.1668977010353507,0.21700254790425844
0.49789878092267714,1.6882607807200096,1.1791757062363584,0.21700254790425844
0.49789878092267714,1.6882607807200096,1.0592215839817676,0.21700254790425844
0.49789878092267714,1.6882607807200096,1.0552256683229064,0.21700254790425844
0.49789878092267714,1.6882607807200096,1.1370881718366685,0.21700254790425844
0.49789878092267714,1.6882607807200096,1.2149272322422575,0.21700254790425844
0.49789878092267714,1.6882607807200096,1.078287115842845,0.18673926249442066
0.49789878092267714,1.6882607807200096,0.8572489412103433,0.2001692194299371
0.49789878092267714,1.6882607807200096,1.1476025536245242,0.2001692194299371
0.49789878092267714,1.6882607807200096,1.1457901393722636,0.2001692194299371
0.49789878092267714,1.6882607807200096,1.366162823425592,0.2001692194299371
0.49789878092267714,1.6882607807200096,1.077682524861759,0.2001692194299371
0.49789878092267714,1.6882607807200096,1.1118854008108865,0.2001692194299371
0.49789878092267714,1.6882607807200096,1.2394620960837164,0.2001692194299371
0.49789878092267714,1.697387847818285,1.2653021683282908,0.2001692194299371
0.49789878092267714,1.697387847818285,1.000669398586046,0.2001692194299371
0.49789878092267714,1.7037002211015813,0.93173979908345,0.2001692194299371
0.49789878092267714,1.7037002211015813,0.9692714254393258,0.2001692194299371
0.49789878092267714,1.7037002211015813,0.8597128314627005,0.2001692194299371
0.49789878092267714,1.7037002211015813,1.0590212145298026,0.2001692194299371
0.49789878092267714,1.7037002211015813,1.0177196957135033,0.2001692194299371
0.49789878092267714,1.7037002211015813,1.1425980093209742,0.2001692194299371
0.49789878092267714,1.7037002211015813,1.1578583538627267,0.2001692194299371
0.49789878092267714,1.7037002211015813,1.361939033383388,0.2154316059729807
0.49789878092267714,1.7037002211015813,1.0788095292070725,0.2154316059729807
0.49789878092267714,1.7037002211015813,1.0951123021886964,0.2154316059729807
0.49789878092267714,1.7037002211015813,1.0374739669753315,0.2154316059729807
0.49789878092267714,1.7037002211015813,1.0942532329448336,0.19947829897228558
0.49789878092267714,1.7037002211015813,0.9599765481318054,0.19947829897228558
0.49789878092267714,1.7037002211015813,1.1113519775191385,0.19947829897228558
0.49789878092267714,1.7037002211015813,1.089170115653279,0.19947829897228558
0.49789878092267714,1.7037002211015813,1.1166795827433402,0.19947829897228558
0.49789878092267714,1.7037002211015813,0.9272315887967799,0.19947829897228558
0.49789878092267714,1.7037002211015813,1.192522055130785,0.2876769630491553
0.49789878092267714,1.7037002211015813,1.0218881381616636,0.2876769630491553
0.49789878092267714,1.7037002211015813,1.0187261983780014,0.2876769630491553
0.49789878092267714,1.6885860879517993,1.3286275271385628,0.2660218076776365
0.49789878092267714,1.6885860879517993,1.1615864349735205,0.2660218076776365
0.49789878092267714,1.6885860879517993,1.109812110909885,0.2660218076776365
0.49789878092267714,1.7723061102293338,1.0105198247193792,0.2660218076776365
0.437508911401179,1.7723061102293338,0.9937798379554854,0.2660218076776365
0.437508911401179,1.7723061102293338,1.2915411150947624,0.2660218076776365
0.437508911401179,1.7723061102293338,0.8803967476083981,0.2660218076776365
0.437508911401179,1.7723061102293338,1.1302256377218534,0.2660218076776365
0.437508911401179,1.7723061102293338,1.1301238317159634,0.2660218076776365
0.437508911401179,1.7723061102293338,0.8793922903745377,0.2660218076776365
0.437508911401179,1.8412244980353518,1.065713791714313,0.2660218076776365
0.437508911401179,1.8412244980353518,0.9372690341142741,0.2660218076776365
0.437508911401179,1.7513831052138824,1.11866960236809,0.2660218076776365
0.437508911401179,1.7513831052138824,1.372217260071768,0.30046933866226005
0.437508911401179,1.7513831052138824,1.2191425142712238,0.23653642424221413
0.437508911401179,1.7513831052138824,1.042054607949188,0.23653642424221413
0.437508911401179,1.7513831052138824,1.1292376402300102,0.23653642424221413
0.437508911401179,1.7513831052138824,1.0440462686984546,0.23653642424221413
0.437508911401179,1.7513831052138824,1.244231389823615,0.23653642424221413
0.437508911401179,1.7513831052138824,1.0850327686937375,0.23653642424221413
0.437508911401179,1.7513831052138824,1.2684695847154812,0.23653642424221413
0.437508911401179,1.7513831052138824,1.0858005869519474,0.18664131932671643
0.437508911401179,1.7513831052138824,1.1080473607692032,0.18664131932671643
0.437508911401179,1.7513831052138824,1.1140864604476683,0.18664131932671643
0.437508911401179,1.7513831052138824,1.021516237514215,0.18664131932671643
0.44759044980603335,1.7365784587084145,1.2184277012159543,0.18664131932671643
0.44759044980603335,1.7365784587084145,0.9506382847331992,0.18664131932671643
0.44759044980603335,1.7365784587084145,0.8950837332306162,0.18664131932671643
0.44759044980603335,1.7365784587084145,1.1509945790801286,0.23951234590660084
0.44759044980603335,1.7365784587084145,1.125207934509683,0.23951234590660084
0.45163357594213555,1.7365784587084145,1.2570815102212693,0.23951234590660084
0.45163357594213555,1.7365784587084145,1.1061956438289624,0.23951234590660084
0.45163357594213555,1.7365784587084145,1.2702018238072443,0.23951234590660084
0.45163357594213555,1.7365784587084145,1.2038688703162994,0.23951234590660084
0.45163357594213555,1.7365784587084145,1.1300696605983078,0.23951234590660084
0.45163357594213555,1.7365784587084145,1.1138316946142577,0.23951234590660084
0.45163357594213555,1.7365784587084145,1.0626049802799442,0.23951234590660084
0.45163357594213555,1.7365784587084145,0.9564318571091069,0.23951234590660084
0.45163357594213555,1.7365784587084145,1.1723839426162943,0.23951234590660084
0.45163357594213555,1.7365784587084145,0.896563951254057,0.19715465994080647
0.45163357594213555,1.7365784587084145,1.2068094304635848,0.19715465994080647
0.45163357594213555,1.7365784587084145,1.2878934170070861,0.19715465994080647
0.45163357594213555,1.7365784587084145,1.0523077846495135,0.19715465994080647
0.45163357594213555,1.7365784587084145,1.0552351269243196,0.19715465994080647
0.45163357594213555,1.7365784587084145,1.1236860564827542,0.19715465994080647
0.45163357594213555,1.7365784587084145,0.9338566306207277,0.19715465994080647
0.45163357594213555,1.7365784587084145,1.3260598743432221,0.24254905850037706
0.45163357594213555,1.7262095467924095,1.033033451960338,0.24254905850037706
0.45163357594213555,1.7262095467924095,1.2067679184945233,0.26455413092497954
0.45163357594213555,1.7262095467924095,1.2684537181706987,0.26455413092497954
0.45163357594213555,1.7262095467924095,1.141400613655585,0.26455413092497954
0.45163357594213555,1.7262095467924095,1.3308323010284098,0.26455413092497954
0.45163357594213555,1.823682526464199,1.2090217424501015,0.32328115433739596
0.45163357594213555,1.823682526464199,1.055232967379156,0.32328115433739596
0.45163357594213555,1.823682526464199,0.9912396173690894,0.32328115433739596
0.45163357594213555,1.823682526464199,1.1882701209958957,0.32328115433739596
0.45163357594213555,1.823682526464199,1.011519822015733,0.1737042612217788
0.45163357594213555,1.823682526464199,0.9133384225050308,0.1737042612217788
0.45163357594213555,1.823682526464199,1.0356224171864068,0.1737042612217788
0.45163357594213555,1.823682526464199,0.8588048245192988,0.1737042612217788
0.45163357594213555,1.8476729572203185,0.8222290257256581,0.1737042612217788
0.45163357594213555,1.8476729572203185,0.896224194155768,0.1737042612217788
0.45163357594213555,1.8476729572203185,0.7706558604773254,0.1737042612217788
0.45163357594213555,1.8476729572203185,0.756559255571167,0.1737042612217788
0.45163357594213555,1.713244461485351,1.024575422396501,0.1737042612217788
0.45163357594213555,1.6594050673882959,1.3723364960834747,0.1737042612217788
0.45163357594213555,1.6594050673882959,1.1414212645386252,0.1737042612217788
0.45163357594213555,1.6594050673882959,1.1901909104309212,0.1737042612217788
0.45163357594213555,1.6594050673882959,1.0457565036117165,0.1737042612217788
0.45163357594213555,1.6594050673882959,1.2704888602931395,0.23174689929272543
0.45163357594213555,1.6594050673882959,1.2189209883057215,0.23174689929272543
0.45163357594213555,1.6594050673882959,1.3546505293194342,0.23174689929272543
0.45163357594213555,1.6594050673882959,1.2983720347367955,0.23174689929272543
0.45163357594213555,1.6594050673882959,1.448717247885277,0.23174689929272543
0.45163357594213555,1.6594050673882959,1.4109432483501965,0.23174689929272543
0.45163357594213555,1.6298181398918201,1.155948638039304,0.23174689929272543
0.45163357594213555,1.6298181398918201,1.542838609063761,0.23174689929272543
0.45163357594213555,1.6298181398918201,1.238832052881626,0.23174689929272543
0.45163357594213555,1.6298181398918201,1.1954948168056931,0.23174689929272543
0.47567180009320553,1.6298181398918201,1.319432756683648,0.23174689929272543
0.47567180009320553,1.6298181398918201,1.3305047169417556,0.23174689929272543
0.47567180009320553,1.6298181398918201,1.3779488053800628,0.23174689929272543
0.47567180009320553,1.6298181398918201,1.149465083384647,0.23174689929272543
0.47567180009320553,1.6298181398918201,1.1679658488899185,0.23174689929272543
0.47567180009320553,1.6298181398918201,1.2248161615131388,0.16325785764181758
0.47567180009320553,1.6298181398918201,1.1617198852259323,0.16325785764181758
0.47567180009320553,1.6298181398918201,1.0535717995851095,0.16325785764181758
0.47567180009320553,1.6298181398918201,1.2182700678868668,0.16325785764181758
0.47567180009320553,1.6298181398918201,1.164210993850168,0.16325785764181758
0.47567180009320553,1.6298181398918201,1.1976718601991134,0.16325785764181758
0.47567180009320553,1.6298181398918201,1.3336721119952262,0.16325785764181758
0.47567180009320553,1.6298181398918201,1.3126611881697516,0.16325785764181758
0.47567180009320553,1.6298181398918201,1.389073754457418,0.16325785764181758
0.47567180009320553,1.6298181398918201,0.9517619411771432,0.16325785764181758
0.47567180009320553,1.6298181398918201,1.1982025147418653,0.16325785764181758
0.47567180009320553,1.6298181398918201,1.1048992984082546,0.16325785764181758
0.47567180009320553,1.6298181398918201,1.2468888272790526,0.16325785764181758
0.47567180009320553,1.6298181398918201,0.9576931051741069,0.16325785764181758
0.6306041700311027,1.6298181398918201,0.9992058418571889,0.16325785764181758
0.6306041700311027,1.6298181398918201,0.7727500625188947,0.16325785764181758
0.6306041700311027,1.6053180214354887,1.1991635509080067,0.16325785764181758
0.5346370849695685,1.5587187585484616,1.0292277341602938,0.16325785764181758
0.5346370849695685,1.5587187585484616,1.018328716176583,0.16325785764181758
0.5346370849695685,1.5587187585484616,1.0256902018368794,0.16325785764181758
0.5346370849695685,1.6478420284162187,1.1651828297065565,0.16325785764181758
0.5346370849695685,1.6478420284162187,0.89585520129992,0.16325785764181758
0.5346370849695685,1.5933332760703058,0.9825527530818717,0.16325785764181758
0.5094855094116695,1.5933332760703058,1.163383859433445,0.16325785764181758
0.5094855094116695,1.5933332760703058,1.256825380098752,0.16325785764181758
0.5094855094116695,1.5933332760703058,1.190236610299634,0.16325785764181758
0.5094855094116695,1.8194052286378313,0.8950695263698875,0.353520257918081
0.5094855094116695,1.8194052286378313,1.0749797038351374,0.353520257918081
0.5094855094116695,1.8194052286378313,0.9929499438911532,0.353520257918081
0.5094855094116695,1.8194052286378313,1.0606173761629234,0.353520257918081
0.5094855094116695,1.8194052286378313,1.0546979984753002,0.353520257918081
0.5094855094116695,1.8194052286378313,1.1048701437153117,0.353520257918081
0.5094855094116695,1.8194052286378313,1.0876438742826018,0.44414671460774274
0.5347358395604357,1.8194052286378313,0.9864870253877932,0.4412448628733852
0.5347358395604357,1.8194052286378313,1.019838142551749,0.4412448628733852
0.5226434934389771,1.8194052286378313,1.0493339750910133,0.375985213061694
0.5226434934389771,1.8194052286378313,0.8163179475665223,0.375985213061694
0.5226434934389771,1.7489508750176606,0.9319494888469205,0.25810028548768194
0.5226434934389771,1.7489508750176606,0.796601840609146,0.25810028548768194
0.5226434934389771,1.6740881857149061,1.1111329792693023,0.25810028548768194
0.5226434934389771,1.6740881857149061,1.2247828411635235,0.25810028548768194
0.5226434934389771,1.6740881857149061,1.0670478866885909,0.25810028548768194
0.5226434934389771,1.6740881857149061,1.3358736307157466,0.25810028548768194
0.5226434934389771,1.6740881857149061,1.270480657397208,0.20982633476706003
0.5226434934389771,1.6740881857149061,1.0782384198723918,0.20982633476706003
0.5226434934389771,1.6740881857149061,0.9308627832535987,0.20982633476706003
0.5226434934389771,1.6740881857149061,1.1383906925078942,0.20982633476706003
0.5226434934389771,1.6740881857149061,1.2225515614673683,0.20982633476706003
0.5226434934389771,1.6740881857149061,1.0487388047246107,0.20982633476706003
0.5226434934389771,1.6740881857149061,0.9891889286755722,0.20982633476706003
0.5226434934389771,1.6740881857149061,1.0382146384924757,0.20120428867543447
0.5226434934389771,1.6740881857149061,0.9838824225209868,0.20120428867543447
0.5226434934389771,1.6740881857149061,1.033623936623557,0.20120428867543447
0.5226434934389771,1.6740881857149061,0.9605690604901507,0.20120428867543447
0.6633362021436565,1.6740881857149061,0.9069699265185442,0.20120428867543447
0.6633362021436565,1.6740881857149061,0.7963203391043207,0.20120428867543447
0.6633362021436565,1.6740881857149061,0.6359575363278929,0.20120428867543447
0.6633362021436565,1.6740881857149061,0.7798723326331363,0.20120428867543447
0.6633362021436565,1.6740881857149061,0.8874333722774982,0.20120428867543447
0.6633362021436565,1.6740881857149061,0.8545470504402718,0.20120428867543447
0.6633362021436565,1.6740881857149061,0.7343968328293085,0.20120428867543447
0.6633362021436565,1.6740881857149061,0.8275178333352733,0.20120428867543447
0.6633362021436565,1.6649502927560045,0.7767547506474718,0.22081191564596883
0.6633362021436565,1.6649502927560045,0.86161849026928,0.22081191564596883
0.6633362021436565,1.6649502927560045,0.881967476742874,0.22081191564596883
0.6633362021436565,1.6649502927560045,0.9345736625226868,0.22081191564596883
0.6633362021436565,1.6649502927560045,0.9258077030396595,0.22081191564596883
0.6633362021436565,1.6880088183767035,0.8543814057549548,0.22081191564596883
0.6633362021436565,1.6880088183767035,0.8141041508383803,0.22081191564596883
0.6633362021436565,1.6880088183767035,0.8224429480997081,0.22081191564596883
0.6633362021436565,1.6880088183767035,0.8666728955059859,0.22081191564596883
0.6633362021436565,1.6880088183767035,0.7927392236686966,0.22081191564596883
0.6633362021436565,1.6880088183767035,0.8730237094157693,0.24242154213477252
0.6633362021436565,1.6880088183767035,1.025329349844923,0.24242154213477252
0.6633362021436565,1.6880088183767035,0.9759019320236464,0.24242154213477252
0.6633362021436565,1.6880088183767035,0.8024264647807109,0.24557258559052345
0.6633362021436565,1.7001686283365525,0.8548019193794656,0.2961950050352806
0.6633362021436565,1.7575767861255522,0.774262001660215,0.2961950050352806
0.6633362021436565,1.7575767861255522,0.8451495403959878,0.3597280795398515
0.6633362021436565,1.7575767861255522,0.8329666878757651,0.3597280795398515
0.6633362021436565,1.7575767861255522,0.8317013038356214,0.3597280795398515
0.6633362021436565,1.7575767861255522,0.8779587706092787,0.3597280795398515
0.6633362021436565,1.7575767861255522,0.8523059513150207,0.3597280795398515
0.8354005442019136,1.7575767861255522,0.8177559396452353,0.36807783359682894
0.8354005442019136,1.7575767861255522,0.6925378167872415,0.36807783359682894
0.8783387867527674,1.7575767861255522,0.6337480392017604,0.36807783359682894
0.8668869892221068,1.7575767861255522,0.6495655554807263,0.36807783359682894
0.8668869892221068,1.7575767861255522,0.6577610527021426,0.36807783359682894
0.8668869892221068,1.7575767861255522,0.5666318834376322,0.36807783359682894
0.8668869892221068,1.7575767861255522,0.6996729500429465,0.36807783359682894
0.8668869892221068,1.7575767861255522,0.6182090828631985,0.36807783359682894
0.8668869892221068,1.7575767861255522,0.7565220137563554,0.36807783359682894
0.8493482815882308,1.7575767861255522,0.6410840821037981,0.36807783359682894
0.8493482815882308,1.7575767861255522,0.7429796663260287,0.36807783359682894
0.8493482815882308,1.7575767861255522,0.6487304118512689,0.36807783359682894
0.8493482815882308,1.7575767861255522,0.6169017894146351,0.36807783359682894
0.8493482815882308,1.7575767861255522,0.6151456570003241,0.36807783359682894
0.8493482815882308,1.7575767861255522,0.6741977041237539,0.36807783359682894
0.8493482815882308,1.7575767861255522,0.651090214273958,0.36807783359682894
0.8493482815882308,1.7575767861255522,0.61293535463139,0.36807783359682894
0.8493482815882308,1.7575767861255522,0.7166982948344545,0.36807783359682894
0.8493482815882308,1.7575767861255522,0.683859936310282,0.36807783359682894
0.8493482815882308,1.7575767861255522,0.7161089521868468,0.36807783359682894
0.8493482815882308,1.7575767861255522,0.6478111231301246,0.36807783359682894
0.8493482815882308,1.7575767861255522,0.672783000488715,0.36807783359682894
0.8493482815882308,1.7575767861255522,0.6496214146766296,0.36807783359682894
0.8493482815882308,1.7575767861255522,0.6932397797620419,0.36807783359682894
0.8493482815882308,1.7575767861255522,0.6147458861000964,0.36807783359682894
0.8493482815882308,1.7575767861255522,0.6987922327767513,0.36807783359682894
0.8493482815882308,1.7575767861255522,0.6746782827370997,0.36807783359682894
0.9150456728934644,1.7575767861255522,0.6236309363220398,0.36807783359682894
0.9150456728934644,1.7575767861255522,0.6519405785586846,0.36807783359682894
0.9150456728934644,1.7575767861255522,0.6615046067407869,0.36807783359682894
0.9150456728934644,1.7575767861255522,0.6016310260914844,0.36807783359682894
0.9150456728934644,1.7575767861255522,0.6143634377860154,0.36807783359682894
0.9150456728934644,1.7760632056763541,0.594480050943533,0.3796326351449484
0.9150456728934644,1.7760632056763541,0.602061294529594,0.3796326351449484
0.9150456728934644,1.7760632056763541,0.5708986638773234,0.3796326351449484
0.9150456728934644,1.7760632056763541,0.5648731571220922,0.3796326351449484
0.9150456728934644,1.7760632056763541,0.6421606990700248,0.3796326351449484
0.9150456728934644,1.7760632056763541,0.6580583715231775,0.3796326351449484
0.9150456728934644,1.7760632056763541,0.6049420848516118,0.3796326351449484
0.9150456728934644,1.7760632056763541,0.5732209202559009,0.3796326351449484
0.9150456728934644,1.7760632056763541,0.6553879910661214,0.3796326351449484
0.9150456728934644,1.7760632056763541,0.5974857994857683,0.3796326351449484
0.9150456728934644,1.7760632056763541,0.588260100367122,0.3796326351449484
0.8417849718246985,1.7760632056763541,0.624089555340881,0.3796326351449484
0.8417849718246985,1.7760632056763541,0.6383096338014019,0.3796326351449484
0.8417849718246985,1.7760632056763541,0.6096602289775535,0.3796326351449484
0.8417849718246985,1.7760632056763541,0.6515169906330837,0.3796326351449484
0.8417849718246985,1.7760632056763541,0.599148187640655,0.3796326351449484
0.8417849718246985,1.7760632056763541,0.6842883998133049,0.3796326351449484
0.8417849718246985,1.7760632056763541,0.6047561971657709,0.3796326351449484
0.8417849718246985,1.7760632056763541,0.6441213434816958,0.3796326351449484
0.8417849718246985,1.7760632056763541,0.6359925450428592,0.3796326351449484
0.8417849718246985,1.7760632056763541,0.7126988591420994,0.3796326351449484
0.7568276888926876,1.7760632056763541,0.6612577492519618,0.3370847020769342
0.7568276888926876,1.7760632056763541,0.7604996558088305,0.3370847020769342
0.7568276888926876,1.7760632056763541,0.6567072154136168,0.3370847020769342
0.7568276888926876,1.7760632056763541,0.7056642337063677,0.3370847020769342
0.7568276888926876,1.7760632056763541,0.6765717697427683,0.3370847020769342
0.7568276888926876,1.7760632056763541,0.7898583386420427,0.3370847020769342
0.7568276888926876,1.7580483073571205,0.7187693061966071,0.2195285910030606
0.7568276888926876,1.7580483073571205,0.6034477726755402,0.2195285910030606
0.7041634214519579,1.7580483073571205,0.6437032515196753,0.2195285910030606
0.7041634214519579,1.7580483073571205,0.7379687985035472,0.2195285910030606
0.7041634214519579,1.7580483073571205,0.7117672876384743,0.2195285910030606
0.7041634214519579,1.7580483073571205,0.7505873825196856,0.3236312590854962
0.7041634214519579,1.7580483073571205,0.7480088174197925,0.3236312590854962
0.7041634214519579,1.7580483073571205,0.8347504131967743,0.3236312590854962
0.7041634214519579,1.7580483073571205,0.7942152570887048,0.3236312590854962
0.7041634214519579,1.7580483073571205,0.7261415300954838,0.3236312590854962
0.7041634214519579,1.7580483073571205,0.799422425333425,0.3236312590854962
0.7041634214519579,1.7580483073571205,0.6491967106302925,0.3236312590854962
0.7041634214519579,1.7580483073571205,0.5787247441955073,0.3236312590854962
0.7041634214519579,1.7580483073571205,0.8920546423938756,0.3236312590854962
0.7041634214519579,1.7580483073571205,0.8276440209783121,0.3236312590854962
0.7041634214519579,1.7580483073571205,0.7672231741735498,0.3236312590854962
0.7041634214519579,1.7580483073571205,0.680375720587104,0.3236312590854962
0.7041634214519579,1.7580483073571205,0.7200111147276491,0.255896055576898
0.7041634214519579,1.6703968588411755,0.7811695612491459,0.255896055576898
0.7041634214519579,1.6703968588411755,0.8162462809395773,0.255896055576898
0.7041634214519579,1.6703968588411755,0.8407313141847083,0.255896055576898
0.7041634214519579,1.6703968588411755,1.0142589317021842,0.255896055576898
0.7041634214519579,1.6703968588411755,0.8447157357216997,0.255896055576898
0.7041634214519579,1.6703968588411755,0.8680742381399742,0.255896055576898
0.7041634214519579,1.6703968588411755,0.7959411276933214,0.255896055576898
0.7041634214519579,1.6828383067486832,0.898416770589432,0.255896055576898
0.7041634214519579,1.6752398561495545,0.9156156911761038,0.255896055576898
0.7041634214519579,1.6752398561495545,0.6907517780419165,0.255896055576898
0.7041634214519579,1.6752398561495545,0.9296083708217083,0.255896055576898
0.7041634214519579,1.6752398561495545,0.8803806292469486,0.255896055576898
0.7041634214519579,1.6752398561495545,0.861516771700313,0.26818579010260124
0.7041634214519579,1.6752398561495545,0.928921465533625,0.26818579010260124
0.7041634214519579,1.6752398561495545,0.9124232604462696,0.2779116208649664
0.7041634214519579,1.6752398561495545,0.9284661305759558,0.2779116208649664
0.7041634214519579,1.6752398561495545,0.8270840363215759,0.2779116208649664
0.7041634214519579,1.6752398561495545,0.813639023707493,0.2779116208649664
0.7041634214519579,1.6752398561495545,0.8505904063842801,0.2779116208649664
0.7041634214519579,1.6752398561495545,0.8921652002065983,0.4277665384956586
0.7041634214519579,1.6752398561495545,0.9004717457480642,0.4277665384956586
0.7041634214519579,1.6752398561495545,1.0757270902437714,0.4277665384956586
0.7041634214519579,1.6752398561495545,0.9010713982525999,0.4277665384956586
0.7041634214519579,1.6752398561495545,1.033574638237168,0.4277665384956586
0.7041634214519579,1.6752398561495545,1.0260867792180817,0.4277665384956586
0.7041634214519579,1.6752398561495545,1.0388528226842069,0.4277665384956586
0.7041634214519579,1.6752398561495545,0.9219542067594371,0.4277665384956586
0.7041634214519579,1.6752398561495545,0.8904346328089494,0.4277665384956586
0.7041634214519579,1.6752398561495545,0.9693392107348313,0.4277665384956586
0.7041634214519579,1.6752398561495545,0.958846944504927,0.4277665384956586
0.7041634214519579,1.6752398561495545,0.8109273226765186,0.2707563664451578
0.7041634214519579,1.6752398561495545,0.7650292660774833,0.2707563664451578
0.7041634214519579,1.6752398561495545,0.7897835042449781,0.2707563664451578
0.7041634214519579,1.6752398561495545,1.0119515091129911,0.2707563664451578
0.7041634214519579,1.6752398561495545,0.8066660513765186,0.2707563664451578
0.7041634214519579,1.6752398561495545,0.8917479909821372,0.4004600838607013
0.7041634214519579,1.6752398561495545,0.9008532625938688,0.4004600838607013
0.7041634214519579,1.6752398561495545,0.8855366443581183,0.4004600838607013
0.7041634214519579,1.6752398561495545,0.9901624045342562,0.4004600838607013
0.7041634214519579,1.6752398561495545,1.0401022111888245,0.4004600838607013
0.7041634214519579,1.6752398561495545,0.9885742467185363,0.4004600838607013
0.7041634214519579,1.8204669991228613,0.8257702288268229,0.4004600838607013
0.7041634214519579,1.8204669991228613,0.6790405439808603,0.4004600838607013
0.7041634214519579,1.8204669991228613,0.7786077470305649,0.4004600838607013
0.7041634214519579,1.8204669991228613,0.7683762822282874,0.4004600838607013
0.7041634214519579,1.8204669991228613,0.776462680756186,0.4004600838607013
0.7041634214519579,1.8204669991228613,0.7240203314838853,0.3611105022458837
0.7041634214519579,1.8204669991228613,0.7143438656408798,0.3611105022458837
0.7041634214519579,1.8204669991228613,0.7270938126313954,0.3611105022458837
0.7041634214519579,1.8204669991228613,0.6668151595559776,0.3611105022458837
0.7041634214519579,1.8204669991228613,0.6557214061826062,0.26576292663763434
0.7041634214519579,1.8204669991228613,0.7151670595331475,0.26576292663763434
0.6607685660815885,1.8204669991228613,0.7060042221832608,0.26576292663763434
0.6607685660815885,1.8204669991228613,0.6709227394059336,0.26576292663763434
0.6607685660815885,1.800262228692175,0.7212565094362053,0.26576292663763434
0.6607685660815885,1.800262228692175,0.6711489346617303,0.26576292663763434
0.6607685660815885,1.800262228692175,0.6024294664630192,0.25832233435562907
0.6607685660815885,1.800262228692175,0.6466213070028548,0.25832233435562907
0.6607685660815885,1.800262228692175,0.6258577302776628,0.25832233435562907
0.6607685660815885,1.800262228692175,0.6406315428852369,0.25832233435562907
0.6607685660815885,1.800262228692175,0.7832162072768775,0.25832233435562907
0.6607685660815885,1.800262228692175,0.7048426629704455,0.25832233435562907
0.6607685660815885,1.800262228692175,0.6261131081798428,0.25832233435562907
0.6607685660815885,1.800262228692175,0.7753167747913073,0.25832233435562907
0.6607685660815885,1.800262228692175,0.8832787423134302,0.25832233435562907
0.6607685660815885,1.800262228692175,0.790474553356204,0.25832233435562907
0.6607685660815885,1.800262228692175,0.6844437442987445,0.25832233435562907
0.6607685660815885,1.800262228692175,0.7603654931633619,0.27480125838087016
0.6607685660815885,1.800262228692175,0.6683866919448131,0.27480125838087016
0.6607685660815885,1.800262228692175,0.7416842011711353,0.27480125838087016
0.6607685660815885,1.800262228692175,0.7585996998005744,0.27480125838087016
0.6607685660815885,1.800262228692175,0.7798867406621744,0.27480125838087016
0.6607685660815885,1.800262228692175,0.8397211686845046,0.27480125838087016
0.6607685660815885,1.800262228692175,0.7148982600054558,0.27480125838087016
0.6607685660815885,1.800262228692175,0.6689483102417512,0.27480125838087016
0.6607685660815885,1.800262228692175,0.6625977018733649,0.27480125838087016
0.6607685660815885,1.800262228692175,0.6674686368338622,0.27480125838087016
0.6607685660815885,1.800262228692175,0.7646466443545612,0.27480125838087016
0.6607685660815885,1.800262228692175,0.6494584443180745,0.27480125838087016
0.6864698391006899,1.800262228692175,0.7319135407692259,0.27480125838087016
0.6864698391006899,1.800262228692175,0.6379047984138344,0.2804522318118521
0.6864698391006899,1.800262228692175,0.7660130681171756,0.2804522318118521
0.6864698391006899,1.800262228692175,0.6544885909071338,0.2804522318118521
0.6864698391006899,1.800262228692175,0.7703919097500613,0.2804522318118521
0.6864698391006899,1.800262228692175,0.6555268054127344,0.2804522318118521
0.6864698391006899,1.800262228692175,0.6839542867423875,0.2804522318118521
0.6864698391006899,1.800262228692175,0.7239676405836022,0.2804522318118521
0.6864698391006899,1.800262228692175,0.7886191047805975,0.2804522318118521
0.6864698391006899,1.800262228692175,0.6481601282626144,0.2804522318118521
0.6864698391006899,1.800262228692175,0.7544984446694554,0.2804522318118521
0.534957131303389,1.800262228692175,0.7781238079334365,0.2804522318118521
0.534957131303389,1.800262228692175,0.9434698066031839,0.2804522318118521
0.534957131303389,1.800262228692175,0.9288149411775488,0.2804522318118521
0.534957131303389,1.800262228692175,0.8799427414709032,0.2804522318118521
0.534957131303389,1.800262228692175,0.8220459972087529,0.2804522318118521
0.534957131303389,1.800262228692175,0.9229509494727807,0.2804522318118521
0.534957131303389,1.76842800258516,0.8553088622532288,0.2804522318118521
0.534957131303389,1.76842800258516,0.9006599026555899,0.2804522318118521
0.534957131303389,1.76842800258516,0.8949302041829615,0.2804522318118521
0.534957131303389,1.76842800258516,1.0344813034867832,0.2804522318118521
0.534957131303389,1.76842800258516,0.8488863593835073,0.2804522318118521
0.534957131303389,1.76842800258516,0.9290592484609184,0.32713020515168234
0.534957131303389,1.76842800258516,1.090549226783699,0.32713020515168234
0.534957131303389,1.76842800258516,0.9390459588877978,0.32713020515168234
0.534957131303389,1.76842800258516,0.9561054624729007,0.32713020515168234
0.534957131303389,1.76842800258516,0.8786031476676418,0.32713020515168234
0.534957131303389,1.76842800258516,1.059328617360298,0.32713020515168234
0.534957131303389,1.76842800258516,1.0615011234567195,0.32713020515168234
0.534957131303389,1.8094106274289596,0.8984282235871557,0.32713020515168234
0.617269157688394,1.8094106274289596,0.8230359592181778,0.32713020515168234
0.617269157688394,1.8094106274289596,0.9287101546208318,0.32713020515168234
0.617269157688394,1.8094106274289596,0.7501991803620628,0.28062544843274223
0.617269157688394,1.8094106274289596,0.7476177101938439,0.28062544843274223
0.584769913647192,1.8094106274289596,0.705872782000703,0.28062544843274223
0.584769913647192,1.8094106274289596,0.8350427809276559,0.3360619600905982
0.584769913647192,1.8094106274289596,0.8168318863020446,0.3360619600905982
0.584769913647192,1.8094106274289596,0.9077964334403058,0.3877733772377374
0.584769913647192,1.8094106274289596,0.9521306513288132,0.3877733772377374
0.584769913647192,1.8094106274289596,0.9553483001347289,0.3877733772377374
0.584769913647192,1.8094106274289596,0.8776648320154757,0.3877733772377374
0.584769913647192,1.8094106274289596,0.8973543282402199,0.3877733772377374
0.584769913647192,1.8094106274289596,0.7727455681241233,0.3877733772377374
0.584769913647192,1.8094106274289596,0.9642082975029593,0.3877733772377374
0.584769913647192,1.8094106274289596,0.9127201824292862,0.3877733772377374
0.5222566444055632,1.8094106274289596,0.9655575526564317,0.3877733772377374
0.5222566444055632,1.8094106274289596,0.9402152570828265,0.3877733772377374
0.5222566444055632,1.8094106274289596,0.9520062810317305,0.3877733772377374
0.5222566444055632,1.8094106274289596,0.9353964825240754,0.3833272790367435
0.5222566444055632,1.8094106274289596,1.027883346809674,0.3833272790367435
0.5222566444055632,1.8094106274289596,0.9272340616676981,0.3833272790367435
0.5222566444055632,1.8094106274289596,1.0768568619867664,0.3833272790367435
0.5222566444055632,1.8094106274289596,0.9160036488839688,0.3833272790367435
0.5222566444055632,1.8094106274289596,1.1155083856875552,0.3833272790367435
0.5222566444055632,1.8094106274289596,0.9728648368217684,0.3833272790367435
0.5222566444055632,1.8094106274289596,1.0992067764150633,0.3833272790367435
0.5222566444055632,1.8094106274289596,1.0098777029126134,0.3833272790367435
0.5222566444055632,1.9054598019732913,0.9034424142801069,0.3833272790367435
0.5335077037431603,1.8274865579262893,0.7638503193699643,0.3833272790367435
0.5335077037431603,1.8274865579262893,1.0093782576844708,0.3965748890254655
0.5335077037431603,1.8274865579262893,0.9886079091956251,0.3965748890254655
0.5335077037431603,1.8274865579262893,1.098668717080066,0.3965748890254655
0.5335077037431603,1.8274865579262893,0.9417611646495907,0.3965748890254655
0.5335077037431603,1.8274865579262893,0.7727262371942685,0.17758937335097974
0.5335077037431603,1.8274865579262893,0.7135927172542623,0.23652351906324337
0.5335077037431603,1.8274865579262893,0.8126976924977009,0.23652351906324337
0.5335077037431603,1.8274865579262893,0.731346762288965,0.23652351906324337
0.5335077037431603,1.8274865579262893,0.7554279580070504,0.23652351906324337
0.5335077037431603,1.8274865579262893,0.8391742582109523,0.23652351906324337
0.5335077037431603,1.8274865579262893,0.962350436395609,0.47467646031409516
0.5335077037431603,1.8274865579262893,1.0243315406298035,0.47467646031409516
0.5335077037431603,1.8274865579262893,1.0653287426060964,0.5010450558048114
0.5335077037431603,1.8274865579262893,1.0252208290736908,0.5010450558048114
0.5335077037431603,1.8274865579262893,1.2346383240884684,0.4073898540057797
0.5335077037431603,1.8274865579262893,1.0163749317955493,0.4073898540057797
0.5335077037431603,1.8274865579262893,0.9703826602853217,0.4073898540057797
0.5335077037431603,1.8274865579262893,1.2179111246889405,0.4073898540057797
0.5335077037431603,1.8274865579262893,0.8569018612834324,0.4073898540057797
0.5335077037431603,1.8181237256418943,0.9685509562119503,0.4073898540057797
0.5335077037431603,1.8181237256418943,1.0485434778652973,0.4073898540057797
0.5335077037431603,1.8181237256418943,1.1013235343762822,0.4073898540057797
0.5335077037431603,1.8181237256418943,1.1404414634393163,0.4073898540057797
0.5335077037431603,1.8181237256418943,1.0367367168628503,0.4073898540057797
0.5335077037431603,1.8181237256418943,0.8715213964959464,0.4073898540057797
0.5335077037431603,1.8181237256418943,1.0686649331567784,0.4073898540057797
0.5335077037431603,1.9298992474308148,1.0276408571879698,0.47479710239364004
0.5335077037431603,1.9298992474308148,0.8839574915428462,0.47479710239364004
0.5335077037431603,1.9298992474308148,0.7544311122787801,0.5109405990296699
0.5335077037431603,1.9298992474308148,0.8628766728318586,0.5109405990296699
0.5335077037431603,1.9298992474308148,0.6705478221770805,0.46109804603355165
0.5335077037431603,1.9298992474308148,0.988727005603754,0.46109804603355165
0.5335077037431603,1.9298992474308148,0.8844696761136404,0.46109804603355165
0.5335077037431603,1.9298992474308148,0.9362452512528474,0.46109804603355165
0.5335077037431603,1.9298992474308148,0.7938271549961381,0.46109804603355165
0.5335077037431603,1.9298992474308148,0.9326607769414054,0.3649113650522747
0.5912790794198395,1.9298992474308148,0.7481336600441553,0.3649113650522747
0.5912790794198395,1.9298992474308148,0.6853174113270224,0.3649113650522747
0.5912790794198395,1.9298992474308148,0.6316434699107515,0.3649113650522747
0.5912790794198395,1.9298992474308148,0.8976865547295495,0.3649113650522747
0.5912790794198395,1.9298992474308148,0.6931309670868165,0.3649113650522747
0.5912790794198395,1.9298992474308148,0.7913362203488937,0.5171057676267418
0.5912790794198395,1.9298992474308148,0.8199971914448677,0.5171057676267418
0.5912790794198395,1.9298992474308148,0.854129045326303,0.5171057676267418
0.5912790794198395,1.9298992474308148,0.7955327798029806,0.5171057676267418
0.5912790794198395,1.9298992474308148,0.8568602452676847,0.5171057676267418
0.5912790794198395,1.9298992474308148,0.8771863103803431,0.5171057676267418
0.5912790794198395,1.9298992474308148,0.8486142320273226,0.5171057676267418
0.5912790794198395,1.9298992474308148,0.7034776529694637,0.5171057676267418
0.5912790794198395,1.9298992474308148,0.7107339955692596,0.5171057676267418
0.5912790794198395,1.9298992474308148,0.792258808996893,0.5127974603629416
0.5912790794198395,1.9298992474308148,0.8371932282773056,0.5127974603629416
0.5912790794198395,1.9298992474308148,0.9263570283267739,0.5127974603629416
0.5693974424033248,1.9298992474308148,0.7109990808530066,0.5127974603629416
0.5693974424033248,1.9298992474308148,0.868158994232714,0.5127974603629416
0.5693974424033248,1.9298992474308148,0.8298963195670205,0.5127974603629416
0.5693974424033248,1.9298992474308148,0.8321102004728359,0.5230149019490664
0.5693974424033248,1.9298992474308148,0.8517841291070422,0.5230149019490664
0.5693974424033248,1.9298992474308148,0.89702844297905,0.5230149019490664
0.5693974424033248,1.9298992474308148,0.889898030701508,0.40880373015147353
0.5693974424033248,1.9298992474308148,0.7029355463743693,0.40880373015147353
0.5693974424033248,1.9298992474308148,0.7249959914460209,0.40880373015147353
0.5693974424033248,1.9298992474308148,0.8440983266041214,0.40880373015147353
0.5693974424033248,1.9298992474308148,0.8230956564844628,0.4327262108023092
0.5693974424033248,1.9298992474308148,0.7283020608192152,0.4327262108023092
0.5693974424033248,1.9298992474308148,0.7206412375269602,0.4327262108023092
0.5693974424033248,1.9298992474308148,0.7309831058252889,0.3520736964576487
0.5693974424033248,1.9298992474308148,0.7113661873091305,0.3520736964576487
0.5693974424033248,1.9298992474308148,0.818103167321681,0.3520736964576487
0.5693974424033248,1.9298992474308148,0.7289642417449512,0.3520736964576487
0.5693974424033248,1.9298992474308148,0.7610554722254321,0.3520736964576487
0.5693974424033248,1.9298992474308148,0.6872915316941984,0.3520736964576487
0.5693974424033248,1.9298992474308148,0.5879059823964219,0.2929489485304974
0.5693974424033248,1.9298992474308148,0.7154325661257451,0.32985509893431547
0.5693974424033248,1.9298992474308148,0.6284618707047416,0.32985509893431547
0.5693974424033248,1.9298992474308148,0.5895839105323929,0.2690771770657731
0.5693974424033248,1.9298992474308148,0.6813679425418931,0.2690771770657731
0.5693974424033248,1.9298992474308148,0.621035485819393,0.2690771770657731
0.5693974424033248,1.9298992474308148,0.5775327383731615,0.2690771770657731
0.5693974424033248,1.9298992474308148,0.7119446337970112,0.2690771770657731
0.5693974424033248,1.9298992474308148,0.6577963428339657,0.2690771770657731
0.5693974424033248,1.9298992474308148,0.5895187671964431,0.2690771770657731
0.5693974424033248,1.9298992474308148,0.6325332904013589,0.2690771770657731
0.5693974424033248,1.9298992474308148,0.5285460140488983,0.2690771770657731
0.5700640007667047,1.9298992474308148,0.785127349597595,0.42784396334309377
0.5779446151126773,1.9298992474308148,0.7390665950231675,0.42784396334309377
0.5779446151126773,1.9298992474308148,0.8336154511986661,0.42784396334309377
0.5779446151126773,1.9298992474308148,0.7636371907405339,0.42784396334309377
0.5779446151126773,1.9298992474308148,0.7203335756813931,0.25519206219684337
0.5779446151126773,1.9298992474308148,0.6334650970016039,0.25519206219684337
0.5779446151126773,1.9298992474308148,0.6350030860441652,0.2686980276415437
0.5779446151126773,1.9298992474308148,0.6552822955438887,0.2686980276415437
0.5779446151126773,1.9298992474308148,0.6608467427622964,0.3054887330008103
0.5779446151126773,1.9298992474308148,0.6881212778666588,0.3054887330008103
0.5779446151126773,1.9298992474308148,0.6106103817707526,0.3054887330008103
0.5779446151126773,1.9298992474308148,0.6209411368418191,0.3054887330008103
0.5779446151126773,1.9298992474308148,0.6556684522214408,0.3054887330008103
0.5779446151126773,1.9298992474308148,0.7292631766178757,0.3054887330008103
0.5779446151126773,1.9408407888391737,0.7888381034623734,0.3054887330008103
0.5779446151126773,1.9408407888391737,0.7497223464905569,0.29368882797274604
0.5779446151126773,1.9408407888391737,0.6946358078434286,0.29368882797274604
0.5779446151126773,2.022586413603634,0.5301642916330425,0.29368882797274604
0.5779446151126773,1.9444080833196296,0.5550704093969685,0.29368882797274604
0.5779446151126773,1.9444080833196296,0.6481272248675435,0.29368882797274604
0.5779446151126773,1.9444080833196296,0.6761806838644441,0.29368882797274604
0.5779446151126773,1.9444080833196296,0.6401411848580719,0.29368882797274604
0.5779446151126773,1.9444080833196296,0.6559458098581746,0.29368882797274604
0.5779446151126773,1.9444080833196296,0.6524974800490213,0.29368882797274604
0.5779446151126773,1.9444080833196296,0.6973138128115315,0.3329328186150314
0.5779446151126773,1.9444080833196296,0.7051644868220082,0.31716773066506326
0.5779446151126773,1.906198403505668,0.6668279619362796,0.3579947921485989
0.5779446151126773,1.906198403505668,0.6753459688185441,0.3579947921485989
0.5779446151126773,1.906198403505668,0.6998830111282609,0.3579947921485989
0.5779446151126773,1.906198403505668,0.7087469762721907,0.3579947921485989
0.5779446151126773,1.906198403505668,0.7825189838336237,0.3579947921485989
0.5779446151126773,1.906198403505668,0.6579095192056263,0.3579947921485989
0.5779446151126773,1.906198403505668,0.716465338960579,0.3579947921485989
0.5779446151126773,1.906198403505668,0.7295742001719079,0.3104309195247277
0.5779446151126773,1.8764476207006553,0.6474086275498177,0.3104309195247277
0.5034255234881448,1.8764476207006553,0.8067326973896437,0.3211650263044669
0.5034255234881448,1.8764476207006553,0.8092546759327289,0.3227585157700114
0.5034255234881448,1.8764476207006553,0.89322787806587,0.3227585157700114
0.5034255234881448,1.8764476207006553,0.8402256042636659,0.3227585157700114
0.5034255234881448,1.8764476207006553,1.01951514051269,0.36715036902780457
0.5034255234881448,1.8764476207006553,1.0041780188030123,0.5034657071719767
0.5034255234881448,1.8764476207006553,0.995892017037993,0.4491439158158396
0.5034255234881448,1.8764476207006553,0.9150454640473693,0.4491439158158396
0.5034255234881448,1.8764476207006553,0.8846494812662987,0.4491439158158396
0.5034255234881448,1.8764476207006553,1.0095294032921318,0.4491439158158396
0.5034255234881448,1.8764476207006553,1.0091868856758812,0.4491439158158396
0.5034255234881448,1.8764476207006553,0.9686710924132327,0.4566066702762583
0.5034255234881448,1.8764476207006553,1.105247075668821,0.4566066702762583
0.5034255234881448,1.8764476207006553,0.9224574623913308,0.38334017596941966
0.5034255234881448,1.8764476207006553,0.8739606648424,0.38334017596941966
0.5034255234881448,1.8764476207006553,0.8216504389196696,0.38334017596941966
0.5034255234881448,1.8764476207006553,1.045256676149462,0.4148095829252983
0.5034255234881448,1.8764476207006553,0.9636633900072731,0.4148095829252983
0.5034255234881448,1.8764476207006553,0.953578097119796,0.4148095829252983
0.5034255234881448,1.8764476207006553,1.0065633469810493,0.4148095829252983
0.5034255234881448,1.8764476207006553,0.871010287279504,0.4148095829252983
0.5034255234881448,1.8764476207006553,0.8195419500890219,0.4148095829252983
0.5034255234881448,1.8764476207006553,1.0676111950126101,0.3840354090752135
0.5034255234881448,1.8764476207006553,0.9798966092862922,0.3840354090752135
0.5034255234881448,1.8764476207006553,0.9612409403125823,0.23774788996804178
0.5034255234881448,1.7884359359786952,0.8986937153469512,0.23774788996804178
0.5034255234881448,1.7884359359786952,0.8930032168591512,0.23774788996804178
0.40862890796242146,1.7884359359786952,0.9797684851725682,0.23774788996804178
0.40862890796242146,1.7884359359786952,1.2581171545715992,0.23774788996804178
0.40862890796242146,1.7884359359786952,1.1292431620126009,0.25897462951448674
0.40862890796242146,1.7884359359786952,1.1963515498849489,0.25897462951448674
0.40862890796242146,1.7884359359786952,1.3008517102627708,0.25897462951448674
0.40862890796242146,1.7884359359786952,1.3449104997910766,0.25897462951448674
0.40862890796242146,1.7884359359786952,0.9777374915622667,0.25897462951448674
0.40862890796242146,1.7884359359786952,1.0770056747303476,0.25897462951448674
0.40862890796242146,1.7884359359786952,1.2284548535040376,0.3851976128140928
0.40862890796242146,1.7884359359786952,1.352131857268779,0.3851976128140928
0.40862890796242146,1.7612626317281879,1.4738125110698903,0.34062967924366394
0.40862890796242146,1.7612626317281879,1.5212991008570245,0.2684942631427727
0.40862890796242146,1.7612626317281879,1.2291842590982267,0.2684942631427727
0.40862890796242146,1.9312681870759631,1.132273928960527,0.2684942631427727
0.40862890796242146,1.9312681870759631,0.9083479330294204,0.2684942631427727
0.40862890796242146,1.9312681870759631,0.8808367534946481,0.2684942631427727
0.40862890796242146,1.9312681870759631,0.8611685514528696,0.2684942631427727
0.40862890796242146,1.9312681870759631,1.1018250859612166,0.2684942631427727
0.40862890796242146,1.9312681870759631,1.0103874990962367,0.2684942631427727
0.40862890796242146,1.9312681870759631,1.0708434878987596,0.2684942631427727
0.40862890796242146,1.9312681870759631,0.9727856870887583,0.2684942631427727
0.40862890796242146,1.9312681870759631,0.9277682528509983,0.2684942631427727
0.40862890796242146,1.9312681870759631,0.8730256632989198,0.31132314148632184
0.40862890796242146,1.9312681870759631,0.8203533604621908,0.31132314148632184
0.40862890796242146,1.9312681870759631,1.0984679604328913,0.31132314148632184
0.40862890796242146,1.9312681870759631,0.8340160762491492,0.31132314148632184
0.40862890796242146,1.9312681870759631,0.8892929734613312,0.31132314148632184
0.40862890796242146,1.8895294409890981,1.0124798191036257,0.31132314148632184
0.40862890796242146,1.8895294409890981,1.0663798884808717,0.31132314148632184
0.40862890796242146,1.8895294409890981,1.2037763484045771,0.31132314148632184
0.40862890796242146,1.8895294409890981,0.9666127419877145,0.31132314148632184
0.40862890796242146,1.8895294409890981,1.076408942579061,0.31132314148632184
0.40555483883277915,1.8895294409890981,0.9199508784056957,0.31132314148632184
0.40555483883277915,1.8895294409890981,1.18151671594813,0.31132314148632184
0.40555483883277915,1.8895294409890981,1.1133833500807593,0.31132314148632184
0.40555483883277915,1.8895294409890981,1.0827176698487302,0.32541041023236594
0.40555483883277915,1.8895294409890981,1.1227215452297692,0.32541041023236594
0.40555483883277915,1.8895294409890981,0.9638920566595076,0.32541041023236594
0.40555483883277915,1.8895294409890981,1.0433331452714312,0.32541041023236594
0.40555483883277915,1.8895294409890981,1.0393339480707595,0.22490255771376325
0.40555483883277915,1.8895294409890981,0.8466737624191073,0.22490255771376325
0.4322134933548703,1.8895294409890981,0.9402932399410833,0.4286686616045104
0.4322134933548703,1.8895294409890981,0.8996271441598077,0.2646947022946474
0.4322134933548703,1.9045796601820577,0.926978092266764,0.2646947022946474
0.4322134933548703,1.9045796601820577,0.7569276388484387,0.2646947022946474
0.4322134933548703,1.9077475651072517,0.9058482828213714,0.2646947022946474
0.4322134933548703,1.9077475651072517,1.0230237010185794,0.2646947022946474
0.4322134933548703,1.9077475651072517,0.7891417913557905,0.2646947022946474
0.4322134933548703,1.9077475651072517,0.9013768175467597,0.2646947022946474
0.4322134933548703,1.9077475651072517,0.8744975730914216,0.2646947022946474
0.4322134933548703,1.9920829521900028,0.7499511347249204,0.2646947022946474
0.4322134933548703,1.9920829521900028,0.7216023041611724,0.2646947022946474
0.4322134933548703,1.9920829521900028,0.8376377615446323,0.39710344665488284
0.4322134933548703,1.9920829521900028,0.8996531064777199,0.39710344665488284
0.4322134933548703,1.9920829521900028,0.9399307959396838,0.39710344665488284
0.4322134933548703,1.9920829521900028,1.0486520280658613,0.39710344665488284
0.4322134933548703,1.9920829521900028,0.8942219147982046,0.35179664447888787
0.4322134933548703,1.9920829521900028,0.7649757837301413,0.35179664447888787
0.4322134933548703,1.9920829521900028,0.9771183033458644,0.35179664447888787
0.522448441446941,1.9920829521900028,0.8707643110615546,0.35179664447888787
0.522448441446941,1.9920829521900028,0.6764926375683491,0.35179664447888787
0.522448441446941,1.9920829521900028,0.6515435412901062,0.28372280886674417
0.522448441446941,1.9920829521900028,0.5323790275733182,0.28372280886674417
0.522448441446941,1.9920829521900028,0.6757917184100883,0.28372280886674417
0.522448441446941,1.86361274316091,0.7009536300923903,0.28372280886674417
0.5752248547945602,1.86361274316091,0.8102044853327528,0.28372280886674417
0.5752248547945602,1.86361274316091,0.6398438210703418,0.28372280886674417
0.5752248547945602,1.86361274316091,0.8134122165067027,0.28372280886674417
0.5752248547945602,1.86361274316091,0.7478184362563386,0.28372280886674417
0.5752248547945602,1.86361274316091,0.6805974554010077,0.28372280886674417
0.5752248547945602,1.86361274316091,0.8421775599168635,0.28372280886674417
0.5752248547945602,1.86361274316091,0.7356093152824993,0.28372280886674417
0.5752248547945602,1.86361274316091,0.8080813869186939,0.28372280886674417
0.5752248547945602,1.86361274316091,0.8012350441488825,0.28372280886674417
0.5752248547945602,1.86361274316091,0.758601156302245,0.28372280886674417
0.5752248547945602,1.86361274316091,0.5887077245411081,0.30119315273144387
0.5752248547945602,1.86361274316091,0.8559524472842373,0.30119315273144387
0.5752248547945602,1.86361274316091,0.869535478688492,0.30119315273144387
0.5752248547945602,1.86361274316091,0.7452721675198225,0.30119315273144387
0.5752248547945602,1.86361274316091,0.7407303207042387,0.30119315273144387
0.5752248547945602,1.9082071583810807,0.7063988553570532,0.30119315273144387
0.5752248547945602,1.9082071583810807,0.7115978214188452,0.30119315273144387
0.5752248547945602,1.9082071583810807,0.8142592981065044,0.30119315273144387
0.5752248547945602,1.9082071583810807,0.75470588370958,0.30119315273144387
0.5752248547945602,1.874738204737337,0.749503690462253,0.30119315273144387
0.5752248547945602,1.874738204737337,0.8673153376740944,0.4493878422517565
0.5752248547945602,1.874738204737337,0.7812946653768068,0.29602621249672567
0.5752248547945602,1.874738204737337,0.8318504053653798,0.461299804853326
0.5752248547945602,1.874738204737337,0.7863922760708463,0.461299804853326
0.5752248547945602,1.874738204737337,0.9165990627193463,0.461299804853326
0.5752248547945602,1.874738204737337,0.8435635322116908,0.461299804853326
0.5752248547945602,1.874738204737337,0.8366956328761793,0.461299804853326
0.5752248547945602,1.874738204737337,0.6994277422655151,0.4180472110126924
0.5752248547945602,1.874738204737337,0.8969097620386799,0.4180472110126924
0.5752248547945602,1.874738204737337,0.8234671381510077,0.4180472110126924
0.5752248547945602,1.874738204737337,0.852161763306637,0.4180472110126924
0.6198340622714937,1.874738204737337,0.8297334496290525,0.4180472110126924
0.6198340622714937,1.874738204737337,0.8254960043599107,0.43285421201788843
0.6198340622714937,1.874738204737337,0.6797167787919621,0.3129366242971756
0.6198340622714937,1.874738204737337,0.7420639338261275,0.3129366242971756
0.6198340622714937,1.874738204737337,0.7416461629808311,0.3129366242971756
0.6198340622714937,1.874738204737337,0.8315908910447586,0.39262968447543817
0.6198340622714937,1.874738204737337,0.7182284395177694,0.39262968447543817
0.6198340622714937,1.874738204737337,0.6979276100189209,0.29714581431725673
0.6198340622714937,1.874738204737337,0.7078682990993295,0.29714581431725673
0.6198340622714937,1.874738204737337,0.6118228316204055,0.29714581431725673
0.6198340622714937,1.874738204737337,0.713960891643071,0.29714581431725673
0.6198340622714937,1.874738204737337,0.6567671075282819,0.29714581431725673
0.6198340622714937,1.874738204737337,0.695342178782038,0.29714581431725673
0.6198340622714937,1.874738204737337,0.7136106093078929,0.3777748308657666
0.6198340622714937,1.874738204737337,0.7573333915613376,0.3777748308657666
0.6198340622714937,1.874738204737337,0.7181662323017967,0.3777748308657666
0.6198340622714937,1.874738204737337,0.692857188125858,0.22323577220238322
0.6198340622714937,1.874738204737337,0.7168654074937972,0.22323577220238322
0.6198340622714937,1.874738204737337,0.6613380596452207,0.22323577220238322
0.6198340622714937,1.874738204737337,0.6026466165682557,0.25440694089437266
0.6198340622714937,1.8786964278933587,0.6004683676490158,0.25440694089437266
0.6198340622714937,1.8786964278933587,0.6751441451705877,0.25440694089437266
0.6198340622714937,1.8786964278933587,0.6862500403155491,0.3173758669146566
0.6198340622714937,1.8786964278933587,0.7578573334070712,0.3173758669146566
0.6198340622714937,1.849157338666782,0.7154779611318178,0.3173758669146566
0.6198340622714937,1.849157338666782,0.7420958741359702,0.39705952333426103
0.6198340622714937,1.849157338666782,0.7420301381145867,0.39705952333426103
0.6198340622714937,1.849157338666782,0.9163563591095553,0.39705952333426103
0.6198340622714937,1.849157338666782,0.7645255014309442,0.39705952333426103
0.6198340622714937,1.849157338666782,0.7065624185357023,0.36363060524476426
0.6198340622714937,1.849157338666782,0.8925551841241611,0.36363060524476426
0.6198340622714937,1.849157338666782,0.6825269305249013,0.36363060524476426
0.6198340622714937,1.849157338666782,0.7620288885267447,0.36363060524476426
0.6198340622714937,1.849157338666782,0.6691231181209343,0.30813931596630706
0.6198340622714937,1.849157338666782,0.780603144882993,0.30813931596630706
0.6198340622714937,1.849157338666782,0.7462159961501302,0.30813931596630706
0.6198340622714937,1.849157338666782,0.6929869043065193,0.30813931596630706
0.6198340622714937,1.849157338666782,0.8216129296608005,0.30813931596630706
0.6198340622714937,1.849157338666782,0.7443306434074688,0.30813931596630706
0.6198340622714937,1.6804530771231747,0.8263675765639754,0.30813931596630706
0.6198340622714937,1.6804530771231747,1.0513183756576208,0.30813931596630706
0.6198340622714937,1.7595268334960712,0.8875638849783372,0.30813931596630706
0.6198340622714937,1.7595268334960712,0.7818452135943424,0.30813931596630706
0.6198340622714937,1.7595268334960712,0.8738622520237093,0.30813931596630706
0.6198340622714937,1.7595268334960712,0.8775412582739291,0.30813931596630706
0.6198340622714937,1.7595268334960712,0.8176485832892944,0.30813931596630706
0.6198340622714937,1.7595268334960712,0.7700455615580255,0.30813931596630706
0.6198340622714937,1.7595268334960712,0.7038299913680721,0.30813931596630706
0.6198340622714937,1.7595268334960712,0.8595184169831913,0.30813931596630706
0.6485646532257433,1.7595268334960712,0.8103647226469542,0.321864359175942
0.6485646532257433,1.7595268334960712,0.9594379591457751,0.321864359175942
0.6485646532257433,1.7595268334960712,0.8241885543151896,0.321864359175942
0.6485646532257433,1.7595268334960712,0.8218106779362551,0.321864359175942
0.6485646532257433,1.7595268334960712,0.8721286644689543,0.321864359175942
0.6485646532257433,1.7595268334960712,0.8466368761278714,0.321864359175942
0.6485646532257433,1.7595268334960712,0.817585349027372,0.321864359175942
0.6485646532257433,1.7595268334960712,0.8151190778677415,0.2306526223857364
0.6485646532257433,1.7595268334960712,0.7771736879091045,0.2306526223857364
0.6485646532257433,1.7595268334960712,0.8297063211509991,0.2306526223857364
0.6485646532257433,1.7595268334960712,0.728170986296886,0.2306526223857364
0.6485646532257433,1.7595268334960712,0.8202681499622885,0.2306526223857364
0.6485646532257433,1.7595268334960712,0.7605907246231814,0.2306526223857364
0.6485646532257433,1.7595268334960712,0.7662177488451787,0.2306526223857364
0.6485646532257433,1.7283079408458686,0.7512214000276652,0.2306526223857364
0.6485646532257433,1.7283079408458686,0.8557654722841421,0.2306526223857364
0.6485646532257433,1.7283079408458686,0.7942199134901685,0.32638904972416655
0.6485646532257433,1.7283079408458686,0.9499849243517063,0.32638904972416655
0.6485646532257433,1.7283079408458686,0.8017417992650672,0.32638904972416655
0.6485646532257433,1.7283079408458686,0.8276859612090375,0.32638904972416655
0.6485646532257433,1.7283079408458686,0.8575730738175465,0.32638904972416655
0.6485646532257433,1.7283079408458686,0.9609568150966382,0.32638904972416655
0.6485646532257433,1.7283079408458686,0.7604985877970774,0.32638904972416655
0.6485646532257433,1.7283079408458686,0.7810605351063128,0.32638904972416655
0.6485646532257433,1.7283079408458686,0.9797866563792738,0.32638904972416655
0.6485646532257433,1.7283079408458686,0.9185642787078363,0.32638904972416655
0.667356707261542,1.7283079408458686,0.8569933429072909,0.32638904972416655
0.667356707261542,1.7283079408458686,1.0107566164960111,0.32638904972416655
0.667356707261542,1.7283079408458686,0.7731738240408568,0.32638904972416655
0.667356707261542,1.7283079408458686,0.9908113661127884,0.32638904972416655
0.667356707261542,1.7283079408458686,0.7805457800352035,0.3531896320898489
0.667356707261542,1.7283079408458686,0.9515018937146117,0.3531896320898489
0.667356707261542,1.7283079408458686,1.0325179251411691,0.3531896320898489
0.667356707261542,1.7283079408458686,0.7962097699999131,0.3531896320898489
0.667356707261542,1.7283079408458686,0.8745010097699868,0.3531896320898489
0.667356707261542,1.7283079408458686,0.760966774044356,0.3531896320898489
0.667356707261542,1.7283079408458686,0.9161657015744875,0.3531896320898489
0.667356707261542,1.721614081377044,0.7946565507230785,0.3531896320898489
0.667356707261542,1.721614081377044,0.8590976917515497,0.3531896320898489
0.667356707261542,1.721614081377044,0.9325869771974137,0.3531896320898489
0.667356707261542,1.721614081377044,0.7973548917828618,0.2669760824929251
0.667356707261542,1.721614081377044,0.8580406765159004,0.2669760824929251
0.667356707261542,1.721614081377044,0.9349621227546574,0.2669760824929251
0.667356707261542,1.721614081377044,0.8364751966441855,0.2669760824929251
0.667356707261542,1.721614081377044,0.8648653714559097,0.2669760824929251
0.667356707261542,1.721614081377044,0.7996162161344166,0.2669760824929251
0.667356707261542,1.721614081377044,0.7149495176862055,0.2669760824929251
0.667356707261542,1.721614081377044,0.7643059006958322,0.2669760824929251
0.667356707261542,1.721614081377044,0.7726845065013871,0.2669760824929251
0.667356707261542,1.721614081377044,0.8593956627063442,0.24177395383168376
0.667356707261542,1.721614081377044,0.7497124347608308,0.2928441706198236
0.667356707261542,1.721614081377044,0.8480310494266403,0.2928441706198236
0.667356707261542,1.721614081377044,1.036496618590007,0.2928441706198236
0.667356707261542,1.721614081377044,0.9976711873463453,0.2928441706198236
0.5068541839505953,1.721614081377044,0.9806493305930741,0.2928441706198236
0.5068541839505953,1.721614081377044,0.9911989780053054,0.2928441706198236
0.5068541839505953,1.721614081377044,1.137286360425155,0.2928441706198236
0.5068541839505953,1.721614081377044,1.1934765542296368,0.2928441706198236
0.5068541839505953,1.721614081377044,1.3637362599608387,0.2928441706198236
0.5487865815472567,1.721614081377044,1.1013807253103391,0.2928441706198236
0.5487865815472567,1.721614081377044,1.0688164051981932,0.2928441706198236
0.5487865815472567,1.721614081377044,1.026751901122355,0.2962048751225693
0.5487865815472567,1.721614081377044,1.0046600254619218,0.2962048751225693
0.5487865815472567,1.721614081377044,1.0385019911902877,0.24205793082894844
0.5487865815472567,1.721614081377044,1.0189637573919228,0.24205793082894844
0.5487865815472567,1.721614081377044,0.9153324774113506,0.23510901183359095
0.5487865815472567,1.5987674680219666,1.085641038160073,0.23510901183359095
0.5487865815472567,1.5987674680219666,1.344230185694895,0.19714224894631366
0.5487865815472567,1.5987674680219666,1.260656076103169,0.19714224894631366
0.5487865815472567,1.5987674680219666,0.9077665239173518,0.19714224894631366
0.7360894505522375,1.5987674680219666,0.9029917778264835,0.19714224894631366
0.7360894505522375,1.5807208701065532,0.917640544155176,0.19714224894631366
0.7360894505522375,1.5807208701065532,0.986459849762104,0.19714224894631366
0.7360894505522375,1.5807208701065532,0.7740245729654329,0.19714224894631366
0.7360894505522375,1.5807208701065532,0.9111692084033571,0.1729689876897321
0.7360894505522375,1.5807208701065532,0.8622442087467995,0.1729689876897321
0.7360894505522375,1.5807208701065532,0.897573305117546,0.1729689876897321
0.7360894505522375,1.5807208701065532,0.8931783246099472,0.1729689876897321
0.7360894505522375,1.5807208701065532,0.8787454029958008,0.1729689876897321
0.7360894505522375,1.5807208701065532,0.8569230165008757,0.1729689876897321
0.7360894505522375,1.5807208701065532,0.9422306007981075,0.1729689876897321
0.7360894505522375,1.5807208701065532,0.7723815756488713,0.1729689876897321
0.7360894505522375,1.5807208701065532,0.9093466261189714,0.1729689876897321
0.7360894505522375,1.5807208701065532,0.8688712205057041,0.1729689876897321
0.7360894505522375,1.5807208701065532,0.8473633021075048,0.1729689876897321
0.7360894505522375,1.5807208701065532,0.8017253781395235,0.1729689876897321
0.7360894505522375,1.5807208701065532,0.836222550570506,0.1729689876897321
0.7360894505522375,1.5807208701065532,0.9263191753873029,0.1729689876897321
0.7360894505522375,1.5807208701065532,0.7812209482328454,0.1729689876897321
0.7360894505522375,1.5807208701065532,0.9833351316356457,0.31972692650843715
0.7360894505522375,1.5807208701065532,0.9776453172906576,0.31972692650843715
0.7360894505522375,1.5807208701065532,0.9739626828934506,0.31972692650843715
0.7360894505522375,1.5807208701065532,1.0122501054672515,0.31972692650843715
0.7360894505522375,1.5807208701065532,0.9432910162196421,0.31972692650843715
0.7360894505522375,1.5807208701065532,0.8883136439730261,0.31972692650843715
0.7360894505522375,1.5807208701065532,0.962685588862892,0.16605335259206355
0.7360894505522375,1.5807208701065532,0.9655268406496293,0.16605335259206355
0.7360894505522375,1.5807208701065532,0.6846000906468233,0.16605335259206355
0.7360894505522375,1.5807208701065532,0.763592406662778,0.16605335259206355
0.7360894505522375,1.5807208701065532,0.747494645903043,0.16605335259206355
0.7046722204332434,1.5807208701065532,0.8781908815788884,0.16605335259206355
0.828951351089009,1.5807208701065532,0.7209339103045111,0.16605335259206355
0.828951351089009,1.5807208701065532,0.7594877039991498,0.16605335259206355
0.828951351089009,1.5807208701065532,0.7743004734516584,0.16605335259206355
0.828951351089009,1.5807208701065532,0.7548620506387536,0.16605335259206355
0.828951351089009,1.5534151150545996,0.7419184414666786,0.16605335259206355
0.828951351089009,1.5534151150545996,0.7221524780100734,0.16605335259206355
0.828951351089009,1.5534151150545996,0.8497300686029312,0.16605335259206355
0.828951351089009,1.5534151150545996,0.7465961294665423,0.16605335259206355
0.828951351089009,1.5534151150545996,0.7641526634672267,0.16605335259206355
0.828951351089009,1.5534151150545996,0.8395838226478402,0.16605335259206355
0.828951351089009,1.5534151150545996,0.9145682892326709,0.16605335259206355
0.828951351089009,1.5534151150545996,0.8303084211197524,0.16605335259206355
0.828951351089009,1.447057404224497,0.903240374153867,0.17393166406232277
0.828951351089009,1.447057404224497,0.8013572118706128,0.183915355783037
0.828951351089009,1.447057404224497,0.9431487618122728,0.183915355783037
0.828951351089009,1.447057404224497,0.9291179969353678,0.183915355783037
0.828951351089009,1.447057404224497,0.9486195333342228,0.183915355783037
0.8571453042752223,1.447057404224497,1.198702769215424,0.183915355783037
0.8571453042752223,1.447057404224497,0.9163095423272718,0.183915355783037
0.8571453042752223,1.447057404224497,0.9422338778821097,0.183915355783037
0.8571453042752223,1.447057404224497,0.8585091406114396,0.183915355783037
0.8571453042752223,1.447057404224497,1.1209306896372924,0.183915355783037
0.8571453042752223,1.447057404224497,1.0036805803273268,0.183915355783037
0.8571453042752223,1.447057404224497,0.9265617889150258,0.183915355783037
0.8571453042752223,1.3283637898686371,1.002950961614707,0.183915355783037
0.8571453042752223,1.3042522128379772,1.2972382374377287,0.183915355783037
0.8571453042752223,1.3451158830773622,1.243019636308353,0.183915355783037
0.8571453042752223,1.3451158830773622,1.2388575494158482,0.183915355783037
0.8571453042752223,1.3451158830773622,1.055604877958203,0.183915355783037
0.6668893353960943,1.3451158830773622,1.2642465569913925,0.183915355783037
0.6668893353960943,1.3451158830773622,1.4623044071955302,0.1654821088752182
0.6668893353960943,1.3451158830773622,1.2293088746018372,0.1654821088752182
0.6668893353960943,1.3451158830773622,1.506784260228708,0.1654821088752182
0.6668893353960943,1.3451158830773622,1.4435017273220085,0.1654821088752182
0.6668893353960943,1.3451158830773622,1.445821552821234,0.1654821088752182
0.7765223471995784,1.3451158830773622,1.4760372539586872,0.1654821088752182
0.7765223471995784,1.3451158830773622,1.810342695225199,0.1654821088752182
0.7765223471995784,1.3451158830773622,1.21706862055385,0.1654821088752182
0.7765223471995784,1.3451158830773622,1.2014111346826817,0.1654821088752182
0.7765223471995784,1.3451158830773622,1.17725037115542,0.1654821088752182
0.7765223471995784,1.3451158830773622,1.022312249345282,0.1654821088752182
0.7765223471995784,1.318829126332985,1.2310162393607669,0.1654821088752182
0.7765223471995784,1.318829126332985,1.1846368000542513,0.1654821088752182
0.7765223471995784,1.318829126332985,1.3767555023340934,0.1654821088752182
0.7765223471995784,1.410455689180461,1.124402843159021,0.1654821088752182
0.7765223471995784,1.410455689180461,1.2304056817940787,0.1654821088752182
0.7765223471995784,1.410455689180461,1.1166388766074309,0.1654821088752182
0.7765223471995784,1.410455689180461,0.9106498060745181,0.1654821088752182
0.7765223471995784,1.410455689180461,0.9473319703056455,0.1654821088752182
0.7765223471995784,1.410455689180461,1.0673231934556855,0.1654821088752182
0.7765223471995784,1.410455689180461,1.081165336216255,0.1654821088752182
0.7765223471995784,1.410455689180461,0.9997706209754927,0.1654821088752182
0.7765223471995784,1.410455689180461,0.8922370710772499,0.1654821088752182
0.7765223471995784,1.410455689180461,1.0532700650828934,0.1654821088752182
0.7765223471995784,1.410455689180461,1.3690377780502745,0.2115119868448164
0.7765223471995784,1.410455689180461,1.2573962975989588,0.2115119868448164
0.7765223471995784,1.410455689180461,1.0825971949112927,0.2115119868448164
0.7765223471995784,1.410455689180461,0.8636013011081535,0.2115119868448164
0.7765223471995784,1.410455689180461,1.3086830673924679,0.2115119868448164
0.7765223471995784,1.410455689180461,1.4279947425635144,0.2115119868448164
0.7765223471995784,1.410455689180461,1.2038637693457324,0.2115119868448164
0.7765223471995784,1.410455689180461,1.2743766907640395,0.2115119868448164
0.7765223471995784,1.410455689180461,1.3872946146465701,0.2115119868448164
0.7765223471995784,1.410455689180461,1.2091731756841015,0.2115119868448164
0.7765223471995784,1.4540753392926893,1.1086435344286298,0.2115119868448164
0.7765223471995784,1.4540753392926893,0.8702009326556057,0.2115119868448164
0.7765223471995784,1.4540753392926893,1.0040474573558162,0.2115119868448164
0.7765223471995784,1.5001247237008508,0.8078395008871109,0.2115119868448164
0.7765223471995784,1.5001247237008508,1.0531491114789002,0.2115119868448164
0.7765223471995784,1.5001247237008508,0.8619925425930715,0.2115119868448164
0.7765223471995784,1.5001247237008508,0.9101043702947249,0.18384291829795585
0.897838741038721,1.5001247237008508,0.7841600717984847,0.18384291829795585
0.897838741038721,1.5001247237008508,0.8656407888376582,0.18384291829795585
0.897838741038721,1.5001247237008508,0.7607725444872628,0.18384291829795585
0.897838741038721,1.5001247237008508,0.784516560384828,0.18384291829795585
0.897838741038721,1.5001247237008508,0.7189213628430893,0.18384291829795585
0.897838741038721,1.4826019561263557,0.9297599488343066,0.18384291829795585
0.824440050149639,1.5356904633199986,0.8481291098539966,0.18384291829795585
0.824440050149639,1.5356904633199986,0.7934449167306928,0.18384291829795585
0.824440050149639,1.5356904633199986,0.8207477732521515,0.18384291829795585
0.824440050149639,1.5356904633199986,0.800859059403312,0.18384291829795585
0.824440050149639,1.5356904633199986,0.7720450085021279,0.18384291829795585
0.824440050149639,1.5356904633199986,0.7781105871910672,0.18384291829795585
0.824440050149639,1.5356904633199986,0.7328786729259892,0.18384291829795585
0.824440050149639,1.5356904633199986,0.8366094288995977,0.18384291829795585
0.824440050149639,1.5356904633199986,0.7860387003685729,0.18384291829795585
0.824440050149639,1.5356904633199986,0.8431928347037536,0.18384291829795585
0.824440050149639,1.5356904633199986,0.7352178474862416,0.18384291829795585
0.824440050149639,1.5356904633199986,0.785197677987721,0.18384291829795585
0.824440050149639,1.5356904633199986,0.8487849605542044,0.18384291829795585
0.824440050149639,1.5356904633199986,0.9255146143683037,0.18384291829795585
0.7593673507431131,1.5356904633199986,0.8289008902312047,0.18384291829795585
0.7593673507431131,1.5356904633199986,0.9421608340950884,0.17477177171342692
0.7593673507431131,1.5356904633199986,0.9112677542317736,0.17477177171342692
0.7593673507431131,1.5356904633199986,0.9822332987847919,0.17477177171342692
0.7519745861961703,1.5356904633199986,0.9516097534804577,0.17477177171342692
0.7519745861961703,1.5356904633199986,0.9574895311410483,0.17477177171342692
0.7519745861961703,1.5356904633199986,0.8297222227431533,0.17477177171342692
0.7519745861961703,1.5356904633199986,0.8468767759329484,0.17477177171342692
0.7519745861961703,1.5356904633199986,0.7244269925958683,0.17477177171342692
0.7519745861961703,1.5356904633199986,0.8441061247699045,0.17477177171342692
0.7519745861961703,1.5356904633199986,1.0014696443688655,0.17477177171342692
0.7519745861961703,1.5356904633199986,0.7273444665389073,0.17477177171342692
0.7519745861961703,1.5356904633199986,0.8824542310213669,0.17477177171342692
0.7519745861961703,1.5356904633199986,0.9937553609249603,0.2614618518771388
0.7519745861961703,1.5356904633199986,0.9648947196800526,0.2614618518771388
0.7519745861961703,1.5356904633199986,0.9706565861572277,0.2614618518771388
0.7519745861961703,1.5356904633199986,0.8606868760101913,0.2614618518771388
0.7519745861961703,1.5356904633199986,1.0453851179508902,0.2539234979956428
0.7519745861961703,1.5356904633199986,0.9429321243985223,0.2539234979956428
0.7519745861961703,1.5356904633199986,0.9275292796337126,0.2539234979956428
0.7519745861961703,1.5356904633199986,1.0460497374234832,0.2539234979956428
0.7519745861961703,1.5356904633199986,0.9815603058735617,0.2539234979956428
0.7519745861961703,1.5356904633199986,0.9385520269002905,0.2539234979956428
0.7519745861961703,1.5356904633199986,1.0807168156093663,0.2539234979956428
0.7519745861961703,1.5356904633199986,1.0317359742062213,0.2539234979956428
0.7519745861961703,1.5356904633199986,1.1694069505799354,0.2539234979956428
0.7519745861961703,1.5356904633199986,1.1417679675362908,0.2539234979956428
0.7519745861961703,1.5356904633199986,0.73297121701218,0.2539234979956428
0.7519745861961703,1.5356904633199986,0.9575018741120491,0.2539234979956428
0.7519745861961703,1.5356904633199986,0.9494272691658537,0.2539234979956428
0.7519745861961703,1.5215121153415734,1.0490969326306911,0.20088243037399828
0.7519745861961703,1.5215121153415734,1.0298781650212054,0.20088243037399828
0.7519745861961703,1.5215121153415734,0.8905298126856213,0.20088243037399828
0.7519745861961703,1.5215121153415734,1.0944562945563439,0.20088243037399828
0.7519745861961703,1.5215121153415734,1.0500111834260994,0.20088243037399828
0.7519745861961703,1.5215121153415734,1.031229185133075,0.20088243037399828
0.7519745861961703,1.5215121153415734,1.2326559707369755,0.25350562133671334
0.7519745861961703,1.5215121153415734,1.0364987840025808,0.25350562133671334
0.7519745861961703,1.5215121153415734,1.1158705728680638,0.25350562133671334
0.7519745861961703,1.5215121153415734,0.9824565031088759,0.25350562133671334
0.7519745861961703,1.5215121153415734,1.3350649992996446,0.25350562133671334
0.7519745861961703,1.5215121153415734,1.0123088889170069,0.25350562133671334
0.7519745861961703,1.5215121153415734,0.8787949664254602,0.25350562133671334
0.7519745861961703,1.5215121153415734,1.185669420351576,0.20155569278550325
0.7519745861961703,1.5215121153415734,1.06403133594206,0.20155569278550325
0.7519745861961703,1.5215121153415734,0.8646917215841905,0.20155569278550325
0.7519745861961703,1.5215121153415734,0.8920655597630169,0.20155569278550325
0.7519745861961703,1.5215121153415734,0.9537897591836018,0.20155569278550325
0.7519745861961703,1.6218539999154302,1.0569731618575497,0.20155569278550325
0.7519745861961703,1.6218539999154302,0.7861151376332527,0.20155569278550325
0.7519745861961703,1.6218539999154302,0.8436236360382197,0.20155569278550325
0.7519745861961703,1.6218539999154302,0.7028423020156539,0.20155569278550325
0.7519745861961703,1.6218539999154302,0.8382457481237738,0.20155569278550325
0.7519745861961703,1.6218539999154302,0.8019981776840988,0.20155569278550325
0.7519745861961703,1.6218539999154302,0.7750442324547299,0.20155569278550325
0.7519745861961703,1.6218539999154302,0.7309049949494193,0.20155569278550325
0.7519745861961703,1.6218539999154302,0.8077024348601834,0.20155569278550325
0.7519745861961703,1.6218539999154302,0.7726306991956521,0.29560307502236943
0.7519745861961703,1.6218539999154302,0.8777522747437383,0.29560307502236943
0.7519745861961703,1.6218539999154302,0.918567172713708,0.29560307502236943
0.7519745861961703,1.6069056534830781,0.9040113196652209,0.2675652383418764
0.7519745861961703,1.6069056534830781,1.0643089091825284,0.2675652383418764
0.7519745861961703,1.6069056534830781,0.917085918800364,0.2675652383418764
0.7519745861961703,1.6069056534830781,0.8919351374850741,0.2675652383418764
0.7519745861961703,1.6069056534830781,1.0331339217408648,0.2675652383418764
0.7519745861961703,1.6069056534830781,0.89396515208485,0.2675652383418764
0.7519745861961703,1.6069056534830781,0.937274693354315,0.2675652383418764
0.7519745861961703,1.6069056534830781,0.971250766522529,0.2675652383418764
0.7519745861961703,1.6069056534830781,0.810447211172025,0.2675652383418764
0.7519745861961703,1.6069056534830781,0.8962508450919365,0.2675652383418764
0.7519745861961703,1.6069056534830781,0.7469353519223056,0.2675652383418764
0.7519745861961703,1.6069056534830781,0.9557367261014179,0.2675652383418764
0.7519745861961703,1.6069056534830781,0.8348153233583318,0.2675652383418764
0.7519745861961703,1.6069056534830781,0.7805281057587693,0.2675652383418764
0.7519745861961703,1.6069056534830781,0.8884317850213912,0.2675652383418764
0.7519745861961703,1.6069056534830781,0.8752162499138975,0.2675652383418764
0.7519745861961703,1.6087784014503987,0.781588459063335,0.2675652383418764
1.033478737513729,1.4409651744285494,1.0869936551560895,0.2675652383418764
1.033478737513729,1.4409651744285494,0.8350529457936462,0.2675652383418764
1.033478737513729,1.4409651744285494,0.8566171360491106,0.2675652383418764
1.033478737513729,1.4409651744285494,0.7468804027072383,0.2675652383418764
1.033478737513729,1.4409651744285494,0.8249878354683948,0.2675652383418764
1.033478737513729,1.4409651744285494,0.7743696100193393,0.1689723635462587
1.033478737513729,1.4409651744285494,0.771364171017404,0.1689723635462587
1.1422225627137745,1.4409651744285494,0.7123723495152302,0.1689723635462587
0.9035228986769723,1.4409651744285494,0.7656467920041313,0.1689723635462587
0.9035228986769723,1.4409651744285494,0.8374817030159422,0.1689723635462587
0.9035228986769723,1.4409651744285494,0.8981407195601986,0.1689723635462587
0.9035228986769723,1.4409651744285494,0.7287696170674183,0.1689723635462587
0.9035228986769723,1.4409651744285494,0.9200946483714955,0.2073378397441567
0.9035228986769723,1.4409651744285494,0.9451602656110443,0.2073378397441567
0.9035228986769723,1.4409651744285494,1.0295549903728474,0.2073378397441567
0.9035228986769723,1.4409651744285494,1.0394447526847128,0.2073378397441567
0.9035228986769723,1.4409651744285494,0.7254434103158274,0.2073378397441567
0.9035228986769723,1.4820084073006632,0.8563563037522561,0.2073378397441567
0.9035228986769723,1.4820084073006632,0.8491381818593835,0.2073378397441567
0.9035228986769723,1.4820084073006632,1.0077196039962768,0.2073378397441567
0.9035228986769723,1.4820084073006632,0.805285065803328,0.1616896275542865
0.9035228986769723,1.4820084073006632,0.8010250321147389,0.1616896275542865
0.573461957095313,1.4820084073006632,0.992617515810601,0.1616896275542865
0.573461957095313,1.4820084073006632,1.3733444246518904,0.1616896275542865
0.573461957095313,1.4820084073006632,1.266367806277352,0.1616896275542865
0.573461957095313,1.4820084073006632,1.4955792495416353,0.24497595193945376
0.573461957095313,1.4820084073006632,1.3649483899994987,0.24497595193945376
0.573461957095313,1.5548862121538056,1.4174779130792454,0.24497595193945376
0.573461957095313,1.5548862121538056,1.2074919996326865,0.24497595193945376
0.573461957095313,1.5548862121538056,1.4771661377878627,0.24497595193945376
0.573461957095313,1.5548862121538056,1.2267163076424996,0.24497595193945376
0.573461957095313,1.5548862121538056,1.260989717789987,0.24497595193945376
0.573461957095313,1.5548862121538056,1.160455794787039,0.24497595193945376
0.573461957095313,1.5548862121538056,1.387617731573389,0.24497595193945376
0.573461957095313,1.5548862121538056,1.1336571091667156,0.24497595193945376
0.573461957095313,1.5548862121538056,0.9184106506566172,0.24497595193945376
0.573461957095313,1.5548862121538056,1.339939126794963,0.2006661458300059
0.573461957095313,1.5548862121538056,1.004123923181829,0.2006661458300059
0.573461957095313,1.4465794331920343,1.4853695268477842,0.2006661458300059
0.573461957095313,1.4465794331920343,1.1544570079800935,0.2006661458300059
0.573461957095313,1.4465794331920343,1.3066079429222228,0.2006661458300059
0.573461957095313,1.4465794331920343,1.2619264324665764,0.2006661458300059
0.573461957095313,1.4465794331920343,1.5437365678151629,0.2006661458300059
0.573461957095313,1.4465794331920343,1.5135623624189098,0.2006661458300059
0.573461957095313,1.4465794331920343,1.5242426965150282,0.2006661458300059
0.573461957095313,1.4465794331920343,1.4553908722688231,0.2006661458300059
0.573461957095313,1.4465794331920343,1.2539102160408429,0.2006661458300059
0.573461957095313,1.4465794331920343,1.5360084447556646,0.2006661458300059
0.5281229826458652,1.4465794331920343,1.7997382915821831,0.2006661458300059
0.5281229826458652,1.4465794331920343,1.3340837857132852,0.2006661458300059
0.5281229826458652,1.4465794331920343,1.4919030061333771,0.2006661458300059
0.5281229826458652,1.4465794331920343,1.3755577951790612,0.2006661458300059
0.5281229826458652,1.4465794331920343,1.50069318051131,0.2006661458300059
0.5281229826458652,1.4465794331920343,1.564690158559392,0.2006661458300059
0.5281229826458652,1.4465794331920343,1.5461524144942387,0.2006661458300059
0.5281229826458652,1.4465794331920343,1.8132829514641233,0.2006661458300059
0.5281229826458652,1.4465794331920343,1.4199474743447502,0.21196205771570734
0.5281229826458652,1.4465794331920343,1.489769943529638,0.21196205771570734
0.5281229826458652,1.5506196915772608,1.324937312229915,0.21196205771570734
0.5601268945273868,1.6347996705821704,1.201577142506865,0.21196205771570734
0.5601268945273868,1.6347996705821704,1.0966507997706327,0.21196205771570734
0.5601268945273868,1.6347996705821704,0.9925535017527948,0.21196205771570734
0.5601268945273868,1.6347996705821704,1.0593868503650063,0.21196205771570734
0.5601268945273868,1.6347996705821704,1.3884377761597153,0.22212964593211207
0.5601268945273868,1.6347996705821704,1.1257656600996175,0.22212964593211207
0.5601268945273868,1.6347996705821704,1.1711052438058873,0.22212964593211207
0.5601268945273868,1.6347996705821704,1.145925265970629,0.22212964593211207
0.5601268945273868,1.6347996705821704,1.0105153780180811,0.22212964593211207
0.5601268945273868,1.6347996705821704,1.1603804306798216,0.22212964593211207
0.5601268945273868,1.6347996705821704,1.0816891417017351,0.22212964593211207
0.6255371158982906,1.6347996705821704,0.8049160882827233,0.22212964593211207
0.6255371158982906,1.6347996705821704,1.2591875902004297,0.23839409363593503
0.6255371158982906,1.5199814337115065,1.1465863302617232,0.23839409363593503
0.6255371158982906,1.5199814337115065,1.370565385076036,0.23839409363593503
0.6255371158982906,1.5199814337115065,1.0790366219612535,0.23839409363593503
0.6255371158982906,1.5199814337115065,1.188736615942358,0.23839409363593503
0.6255371158982906,1.5199814337115065,1.187509951365818,0.23839409363593503
0.6255371158982906,1.5199814337115065,1.149072728142248,0.23839409363593503
0.6255371158982906,1.5199814337115065,1.1358752126344331,0.23839409363593503
0.6255371158982906,1.5199814337115065,1.4309938600033083,0.23839409363593503
0.6255371158982906,1.5199814337115065,0.9356497990303322,0.23839409363593503
0.6255371158982906,1.5199814337115065,1.0802254638140107,0.23839409363593503
0.6255371158982906,1.5199814337115065,1.2095315468516616,0.23839409363593503
0.6255371158982906,1.5199814337115065,1.381230628884969,0.23839409363593503
0.6255371158982906,1.5199814337115065,1.250150028485906,0.23839409363593503
0.6255371158982906,1.5199814337115065,1.4317788820208874,0.17152058829714628
0.6255371158982906,1.5199814337115065,0.9285472127462715,0.17152058829714628
0.6255371158982906,1.5199814337115065,0.9627336287872315,0.17152058829714628
0.6255371158982906,1.5199814337115065,0.9957902759901953,0.17152058829714628
0.6255371158982906,1.5199814337115065,0.9856143798355826,0.17152058829714628
0.6255371158982906,1.5199814337115065,0.9644647028476073,0.17152058829714628
0.6255371158982906,1.5199814337115065,1.1582676981796889,0.17152058829714628
0.6255371158982906,1.5199814337115065,0.933600316417515,0.17152058829714628
0.6255371158982906,1.5199814337115065,1.005333071805442,0.15498184626730852
0.6255371158982906,1.5199814337115065,1.2667099076383264,0.15498184626730852
0.6255371158982906,1.5199814337115065,0.9878981015802114,0.15498184626730852
0.6255371158982906,1.5199814337115065,1.2312023998548765,0.15498184626730852
0.6255371158982906,1.5199814337115065,1.232722230308959,0.15498184626730852
0.6255371158982906,1.5199814337115065,1.412795023393269,0.15498184626730852
0.6255371158982906,1.5199814337115065,1.4019087983816436,0.15498184626730852
0.6255371158982906,1.5199814337115065,1.0740638854909752,0.15498184626730852
0.6255371158982906,1.4063050725521047,1.1944698842844177,0.15498184626730852
0.6255371158982906,1.4063050725521047,1.5448012065174141,0.15498184626730852
0.6255371158982906,1.4063050725521047,1.2966790882542443,0.15498184626730852
0.6255371158982906,1.4063050725521047,1.1466913755347734,0.15498184626730852
0.6255371158982906,1.4063050725521047,1.5317236192599677,0.15498184626730852
0.6255371158982906,1.4063050725521047,1.252281472154125,0.15498184626730852
0.6255371158982906,1.4063050725521047,1.1890558605228037,0.15498184626730852
0.6255371158982906,1.4063050725521047,1.2918755489538898,0.15498184626730852
0.6255371158982906,1.4063050725521047,1.4499923629448914,0.15498184626730852
0.6255371158982906,1.4063050725521047,1.1894934006811904,0.15498184626730852
0.6255371158982906,1.4063050725521047,1.5023926691966873,0.15498184626730852
0.6255371158982906,1.4143294865367628,1.3715091238587507,0.15498184626730852
0.7531164722522901,1.4380703151675132,1.1181041172335056,0.15498184626730852
0.7531164722522901,1.4380703151675132,1.0524222612348395,0.15498184626730852
0.7531164722522901,1.4380703151675132,1.005013120176094,0.15498184626730852
0.7531164722522901,1.4380703151675132,1.0918443609645285,0.15498184626730852
0.7531164722522901,1.4380703151675132,0.9853020854381795,0.15498184626730852
0.7531164722522901,1.4380703151675132,1.1223959006857152,0.15498184626730852
0.7531164722522901,1.4380703151675132,0.9819448528011906,0.15498184626730852
0.7531164722522901,1.4380703151675132,0.9503054645684745,0.15498184626730852
0.7531164722522901,1.4380703151675132,1.1961383684617604,0.15498184626730852
0.7531164722522901,1.4380703151675132,1.008280538512986,0.15498184626730852
0.7531164722522901,1.4380703151675132,1.2203170969089356,0.15498184626730852
0.7531164722522901,1.4380703151675132,1.0939369409768993,0.15498184626730852
0.7531164722522901,1.4380703151675132,1.213957779410845,0.15498184626730852
0.837545275427206,1.4380703151675132,0.9925482006471715,0.15498184626730852
0.837545275427206,1.4639953274533928,0.9397121792441149,0.15498184626730852
0.837545275427206,1.4639953274533928,0.8681668641245567,0.15498184626730852
0.799076338962308,1.3429371190500092,1.0537223790119592,0.15498184626730852
0.799076338962308,1.3429371190500092,1.2192722054230123,0.14998627672422377
0.7046844111514629,1.3429371190500092,1.2873867618513386,0.14998627672422377
0.7046844111514629,1.3429371190500092,1.3775247315235344,0.14998627672422377
0.7046844111514629,1.3429371190500092,0.9815948014744111,0.14998627672422377
0.7046844111514629,1.4728017957474722,1.2811192378020861,0.14998627672422377
0.7046844111514629,1.4728017957474722,1.0170234666473492,0.14998627672422377
0.7046844111514629,1.4728017957474722,0.9100809043418847,0.14998627672422377
0.7046844111514629,1.4728017957474722,1.0502533136686893,0.14998627672422377
0.7046844111514629,1.5051194818487306,0.973072257832743,0.23340030036086779
0.7046844111514629,1.5051194818487306,1.2176573818598986,0.23340030036086779
0.7046844111514629,1.5051194818487306,1.1488562597584138,0.23340030036086779
0.7046844111514629,1.5863361127788012,1.105112634846048,0.23340030036086779
0.7046844111514629,1.5619451094337182,0.9803169983661282,0.3303681268562036
0.7046844111514629,1.5619451094337182,0.9625082298488494,0.3303681268562036
0.7046844111514629,1.5619451094337182,0.953169366557703,0.3303681268562036
0.7046844111514629,1.5619451094337182,0.9814465695013865,0.3303681268562036
0.7046844111514629,1.5619451094337182,0.9522721950557581,0.33792112137664065
0.7046844111514629,1.5619451094337182,1.3322651895918045,0.33792112137664065
0.7046844111514629,1.5619451094337182,1.0745777397702405,0.33792112137664065
0.7046844111514629,1.5619451094337182,1.2993003573175195,0.2914014411232157
0.7046844111514629,1.5619451094337182,1.1899428796135347,0.2914014411232157
0.8032454068015513,1.5619451094337182,0.9460984879596035,0.2914014411232157
0.8032454068015513,1.5594409597139256,0.8196592244930715,0.2914014411232157
0.8032454068015513,1.5594409597139256,0.9234260574882915,0.2914014411232157
0.8032454068015513,1.5594409597139256,1.0039427408920794,0.2914014411232157
0.8032454068015513,1.5594409597139256,0.9458731989721658,0.2914014411232157
0.7833897613657579,1.5594409597139256,0.8960558868903189,0.2914014411232157
0.7833897613657579,1.5594409597139256,0.9366560252126938,0.2914014411232157
0.7833897613657579,1.5594409597139256,0.9262435161189363,0.2914014411232157
0.7833897613657579,1.5594409597139256,0.9886250832968436,0.2914014411232157
0.7833897613657579,1.5594409597139256,0.8590566881678967,0.2824300144217566
0.7833897613657579,1.5594409597139256,1.008660780271534,0.2824300144217566
0.7833897613657579,1.5594409597139256,0.9813006642211404,0.2824300144217566
0.7833897613657579,1.5594409597139256,0.8399125183544802,0.2824300144217566
0.7833897613657579,1.5594409597139256,0.9647674103558705,0.2824300144217566
0.7833897613657579,1.5594409597139256,0.812845461918243,0.2824300144217566
0.7833897613657579,1.5594409597139256,0.9117434387016712,0.2824300144217566
0.7833897613657579,1.5594409597139256,0.9177894701990119,0.2824300144217566
0.7833897613657579,1.5594409597139256,0.8257915294127552,0.2623580557641513
0.7833897613657579,1.5594409597139256,1.1023648501707242,0.2623580557641513
0.7833897613657579,1.5594409597139256,0.7274835449879118,0.2623580557641513
0.815421859581211,1.5594409597139256,0.76312084754689,0.18206781265733094
0.815421859581211,1.5594409597139256,0.741883759218538,0.19119255216216863
0.815421859581211,1.5594409597139256,0.7506921490616543,0.19119255216216863
0.815421859581211,1.5594409597139256,0.6802540875739815,0.19119255216216863
0.815421859581211,1.5594409597139256,0.7486219498604141,0.19119255216216863
0.815421859581211,1.5594409597139256,0.8770312122060938,0.19119255216216863
0.815421859581211,1.5594409597139256,0.839526407190677,0.19119255216216863
0.815421859581211,1.5594409597139256,0.8933265513501812,0.19119255216216863
0.815421859581211,1.5594409597139256,0.856519695470757,0.19119255216216863
0.815421859581211,1.5594409597139256,0.942605437829042,0.19119255216216863
0.815421859581211,1.5594409597139256,0.7437935892552419,0.19119255216216863
0.815421859581211,1.5594409597139256,0.8144131011498367,0.19119255216216863
0.815421859581211,1.5594409597139256,0.6818522800399921,0.19119255216216863
0.815421859581211,1.5594409597139256,0.7527021991042692,0.19119255216216863
0.8950535613792215,1.5594409597139256,0.8853070057899025,0.19119255216216863
0.8950535613792215,1.5594409597139256,0.7304412276323166,0.19119255216216863
0.8950535613792215,1.5594409597139256,0.718480835575926,0.19119255216216863
0.8950535613792215,1.5594409597139256,0.8478927635987233,0.19119255216216863
0.8950535613792215,1.5594409597139256,0.8800639483948292,0.34464310645238305
0.8950535613792215,1.5594409597139256,0.7915755172941465,0.3025792673547637
0.8950535613792215,1.5594409597139256,0.9600218887086105,0.3025792673547637
0.8950535613792215,1.5594409597139256,0.7825447069021055,0.3025792673547637
0.8950535613792215,1.5594409597139256,0.8930857459336146,0.3025792673547637
0.8950535613792215,1.5594409597139256,0.8703824500081383,0.3025792673547637
0.8160399968806489,1.5594409597139256,0.808264100678027,0.3025792673547637
0.8160399968806489,1.5594409597139256,0.9528258857876584,0.3025792673547637
0.8160399968806489,1.5594409597139256,0.8852669567883337,0.3025792673547637
0.8160399968806489,1.5594409597139256,0.8157003416768409,0.3025792673547637
0.8160399968806489,1.5594409597139256,0.7681290792630828,0.3025792673547637
0.8160399968806489,1.5594409597139256,0.7846171536848808,0.3025792673547637
0.8160399968806489,1.5594409597139256,1.0494393903122952,0.3025792673547637
0.8160399968806489,1.5594409597139256,0.8967175246415833,0.3025792673547637
0.8160399968806489,1.5594409597139256,0.9678250999264981,0.3025792673547637
0.8160399968806489,1.6191463230525085,0.8941606915159985,0.3025792673547637
0.8160399968806489,1.6191463230525085,0.8350034577688384,0.3025792673547637
0.8160399968806489,1.6191463230525085,0.8917523690521616,0.1721057227528996
0.8160399968806489,1.6191463230525085,0.7272166172602635,0.1721057227528996
0.8160399968806489,1.474800414643109,0.8278976280118683,0.1721057227528996
0.8160399968806489,1.474800414643109,0.8422111302701578,0.1721057227528996
0.8160399968806489,1.364934588142088,1.1471828557344528,0.1721057227528996
0.8160399968806489,1.364934588142088,1.3169438677884833,0.1721057227528996
0.7969046355285162,1.364934588142088,0.9758943283994395,0.1721057227528996
0.7969046355285162,1.364934588142088,1.2162383855234105,0.1721057227528996
0.7969046355285162,1.364934588142088,1.1400583865462643,0.1721057227528996
0.7969046355285162,1.3186959318506015,1.2066878815316124,0.1721057227528996
0.7969046355285162,1.3186959318506015,1.3764817186352465,0.1721057227528996
0.7969046355285162,1.3186959318506015,1.108589094021364,0.1721057227528996
0.7969046355285162,1.3737075354900792,1.1434211051856493,0.16661218056387975
0.7969046355285162,1.3737075354900792,1.1304624849821765,0.16661218056387975
0.7969046355285162,1.3737075354900792,1.1094137581765202,0.16661218056387975
0.9741621288363284,1.3737075354900792,0.9499029079993089,0.16661218056387975
0.9741621288363284,1.3737075354900792,0.8684488690896516,0.16661218056387975
0.9741621288363284,1.3737075354900792,0.9662361407451374,0.16661218056387975
0.9741621288363284,1.3737075354900792,0.8623709158681555,0.16661218056387975
0.9741621288363284,1.3737075354900792,0.8371966782537332,0.16661218056387975
0.9741621288363284,1.3737075354900792,0.9960629645163249,0.16661218056387975
0.8966514576120027,1.3737075354900792,0.9907201160360077,0.16661218056387975
0.8966514576120027,1.3737075354900792,0.9767366354432054,0.16661218056387975
0.8966514576120027,1.3737075354900792,1.1206614629582576,0.16661218056387975
0.8966514576120027,1.3737075354900792,1.0763216809673166,0.16661218056387975
0.8966514576120027,1.3737075354900792,0.8518357625130804,0.16661218056387975
0.8966514576120027,1.2864547575985181,0.9928984145743016,0.18453172790910527
0.8966514576120027,1.2864547575985181,1.079766784256704,0.18453172790910527
0.8966514576120027,1.419879288909814,1.0106379721550183,0.18453172790910527
0.8966514576120027,1.419879288909814,1.1362980227431996,0.1924152865138022
0.8966514576120027,1.419879288909814,0.9138304688194441,0.1924152865138022
0.8966514576120027,1.419879288909814,0.9451542770979888,0.1924152865138022
0.8966514576120027,1.419879288909814,0.9366279577025763,0.1924152865138022
0.8966514576120027,1.419879288909814,0.8027478423261141,0.1924152865138022
0.8966514576120027,1.419879288909814,0.9989481602095055,0.1924152865138022
0.8966514576120027,1.419879288909814,0.9096061216138185,0.1924152865138022
0.8966514576120027,1.419879288909814,0.7976655181122817,0.1924152865138022
0.8966514576120027,1.419879288909814,0.9551599075158601,0.1924152865138022
0.8966514576120027,1.419879288909814,0.8564389838867488,0.1924152865138022
0.8966514576120027,1.419879288909814,0.8333266169686674,0.1924152865138022
0.8966514576120027,1.419879288909814,1.0110296635178768,0.1924152865138022
0.8966514576120027,1.419879288909814,0.946875403468862,0.1924152865138022
0.8966514576120027,1.419879288909814,0.829842201094069,0.1924152865138022
0.8966514576120027,1.419879288909814,1.1320736643188314,0.1924152865138022
0.8966514576120027,1.419879288909814,0.8983494288458009,0.1924152865138022
0.8966514576120027,1.419879288909814,1.1325859777585505,0.1924152865138022
0.8157772196158221,1.419879288909814,1.1845476979700187,0.1924152865138022
0.8157772196158221,1.419879288909814,1.0879083260367073,0.1924152865138022
0.7186937189674734,1.419879288909814,1.0826479982658463,0.1924152865138022
0.7186937189674734,1.419879288909814,1.2574393993805852,0.1924152865138022
0.7186937189674734,1.419879288909814,1.1072400207910045,0.1924152865138022
0.7186937189674734,1.419879288909814,1.100086074934953,0.1924152865138022
0.7186937189674734,1.440430423884689,1.284959041153012,0.1924152865138022
0.7186937189674734,1.440430423884689,1.3036905377990449,0.1924152865138022
0.7186937189674734,1.440430423884689,1.2396794168027132,0.1924152865138022
0.7186937189674734,1.440430423884689,1.2124010362275561,0.1924152865138022
0.7186937189674734,1.440430423884689,1.0171982654817249,0.1924152865138022
0.5990194987431238,1.440430423884689,1.3345541526161322,0.15651659320422068
0.5690408456280541,1.440430423884689,1.3464763291139081,0.15651659320422068
0.5690408456280541,1.440430423884689,1.3222312902098723,0.15651659320422068
0.5690408456280541,1.440430423884689,1.4283263970320415,0.15651659320422068
0.5690408456280541,1.440430423884689,1.4072401711880622,0.15651659320422068
0.5690408456280541,1.440430423884689,1.345625415065233,0.15651659320422068
0.5690408456280541,1.440430423884689,1.3987012823031064,0.15651659320422068
0.5690408456280541,1.440430423884689,1.5005191339358754,0.15651659320422068
0.5690408456280541,1.4599621632684838,1.4938182796024302,0.15651659320422068
0.5690408456280541,1.4599621632684838,1.1583507073532882,0.15651659320422068
0.5690408456280541,1.4599621632684838,1.4086293029621537,0.15651659320422068
0.5690408456280541,1.4506473007384884,1.353201728155414,0.15651659320422068
0.5690408456280541,1.4506473007384884,1.541678539155343,0.15651659320422068
0.5690408456280541,1.4506473007384884,1.3157248231255214,0.15651659320422068
0.5690408456280541,1.4506473007384884,1.5285806008268306,0.15651659320422068
0.5690408456280541,1.4506473007384884,1.194651480084401,0.15651659320422068
0.5690408456280541,1.4506473007384884,1.6197406687134477,0.15651659320422068
0.587062988785239,1.4244610484006421,1.4687863350165005,0.15651659320422068
0.587062988785239,1.4569061346476233,1.0948377770073008,0.15651659320422068
0.587062988785239,1.4569061346476233,1.6049666549495363,0.15651659320422068
0.587062988785239,1.4569061346476233,1.427033968190448,0.15651659320422068
0.587062988785239,1.4569061346476233,1.1414811105160674,0.15651659320422068
0.587062988785239,1.4569061346476233,1.344901573289295,0.15651659320422068
0.587062988785239,1.4569061346476233,1.070372456988178,0.15651659320422068
0.587062988785239,1.4569061346476233,1.4275988225305352,0.15651659320422068
0.587062988785239,1.4569061346476233,1.621759671474053,0.15651659320422068
0.587062988785239,1.4569061346476233,1.256661534781352,0.15651659320422068
0.587062988785239,1.4569061346476233,1.2827842232125564,0.15651659320422068
0.587062988785239,1.5077540826634335,1.257361034696374,0.15651659320422068
0.587062988785239,1.5077540826634335,1.024892265210126,0.15651659320422068
0.587062988785239,1.5077540826634335,1.333659218904887,0.15651659320422068
0.587062988785239,1.5077540826634335,1.2070455211102995,0.15651659320422068
0.587062988785239,1.5077540826634335,0.9959769449903194,0.15651659320422068
0.6140030849856289,1.5077540826634335,1.2154671067351952,0.15651659320422068
0.6793095704072625,1.5077540826634335,1.0396961928354096,0.15651659320422068
0.5211774211362004,1.5077540826634335,1.0680117408925167,0.15651659320422068
0.5211774211362004,1.4927400913817335,1.0506550080286199,0.15651659320422068
0.5211774211362004,1.4927400913817335,1.3663300730367862,0.15651659320422068
0.5211774211362004,1.4927400913817335,1.5197549852270134,0.15651659320422068
0.5211774211362004,1.4927400913817335,1.3535176161368256,0.15651659320422068
0.5211774211362004,1.4927400913817335,1.2737849424052268,0.15651659320422068
0.5211774211362004,1.501903903416616,1.453186770024659,0.15651659320422068
0.5205591373215239,1.501903903416616,1.527710444006736,0.15651659320422068
0.5205591373215239,1.501903903416616,1.279184270557788,0.15651659320422068
0.5205591373215239,1.501903903416616,1.233603727358146,0.15651659320422068
0.5732324339012221,1.501903903416616,1.3146563784321474,0.15651659320422068
0.5732324339012221,1.501903903416616,1.1984369168563629,0.15651659320422068
0.5732324339012221,1.501903903416616,1.2764556257637054,0.15651659320422068
0.5732324339012221,1.49849786583462,1.0481964947389604,0.15651659320422068
0.5732324339012221,1.49849786583462,1.0685417432188915,0.15651659320422068
0.5732324339012221,1.49849786583462,1.4918070394059733,0.15651659320422068
0.5732324339012221,1.49849786583462,1.204066774537262,0.15651659320422068
0.5732324339012221,1.49849786583462,1.3563524766824093,0.15651659320422068
0.5732324339012221,1.49849786583462,1.3056272760087766,0.15651659320422068
0.5732324339012221,1.49849786583462,1.1889151297009803,0.15651659320422068
0.5732324339012221,1.49849786583462,1.15782938753426,0.15651659320422068
0.5732324339012221,1.49849786583462,1.1451402856277972,0.15651659320422068
0.5732324339012221,1.49849786583462,1.4562577582013172,0.15651659320422068
0.5732324339012221,1.49849786583462,1.0816391293288545,0.15651659320422068
0.5732324339012221,1.49849786583462,1.2567976476649214,0.15651659320422068
0.5732324339012221,1.49849786583462,1.2991849982055825,0.15651659320422068
0.5732324339012221,1.49849786583462,1.1517110715156265,0.15651659320422068
0.5732324339012221,1.49849786583462,1.1603600699535273,0.15651659320422068
0.5732324339012221,1.49849786583462,1.2030757366042517,0.15651659320422068
0.5732324339012221,1.49849786583462,1.3316619226928579,0.15651659320422068
0.5732324339012221,1.49849786583462,1.2244694654818085,0.15651659320422068
0.5732324339012221,1.49849786583462,1.2742244763613522,0.15651659320422068
0.5732324339012221,1.49849786583462,1.3036193547357753,0.15651659320422068
0.5732324339012221,1.49849786583462,1.258529138383337,0.15651659320422068
0.5732324339012221,1.49849786583462,1.2366310418231787,0.15651659320422068
0.5732324339012221,1.49849786583462,1.2822250483604543,0.15651659320422068
0.5732324339012221,1.49849786583462,1.173439352423235,0.15651659320422068
0.5732324339012221,1.49849786583462,1.2855434796048075,0.15651659320422068
0.5732324339012221,1.49849786583462,1.3707537583709573,0.15651659320422068
0.5732324339012221,1.49849786583462,1.7965705278051074,0.15651659320422068
0.5732324339012221,1.4733293555060927,1.1424334316359848,0.15651659320422068
0.5732324339012221,1.4733293555060927,1.6453061036949717,0.15651659320422068
0.5732324339012221,1.393498293302194,1.4505043054754758,0.15651659320422068
0.5732324339012221,1.393498293302194,1.4127115487618267,0.15651659320422068
0.5732324339012221,1.393498293302194,1.4654566163671694,0.15651659320422068
0.5732324339012221,1.393498293302194,1.4264059183164979,0.15651659320422068
0.5732324339012221,1.393498293302194,1.7530429009039408,0.15651659320422068
0.5732324339012221,1.393498293302194,1.5036092757214161,0.15651659320422068
0.5732324339012221,1.393498293302194,1.5179089256663882,0.15651659320422068
0.5732324339012221,1.393498293302194,1.9538316921447503,0.15651659320422068
0.5732324339012221,1.393498293302194,1.4290598147847757,0.15651659320422068
0.5732324339012221,1.393498293302194,1.3935095603773462,0.15651659320422068
0.5732324339012221,1.393498293302194,1.2472100671788393,0.15651659320422068
0.8156066067730497,1.393498293302194,1.095788140700182,0.15651659320422068
0.8156066067730497,1.393498293302194,1.3792912634246135,0.15651659320422068
0.8156066067730497,1.393498293302194,1.0190237810071843,0.15651659320422068
0.8156066067730497,1.393498293302194,1.0425413581209446,0.15651659320422068
0.8156066067730497,1.1648315890179255,1.2308681281410967,0.15651659320422068
0.8156066067730497,1.1648315890179255,1.454834812738469,0.15651659320422068
0.8156066067730497,1.1648315890179255,1.646793603203171,0.15651659320422068
0.8156066067730497,1.1648315890179255,1.7356411905217133,0.15651659320422068
0.8156066067730497,1.1648315890179255,1.4207860453824044,0.15651659320422068
0.8156066067730497,1.3600948602826317,1.433357860693006,0.15651659320422068
0.625521361353495,1.3600948602826317,1.1708059466950513,0.15651659320422068
0.625521361353495,1.3600948602826317,1.4345876354986742,0.15651659320422068
0.625521361353495,1.3163164078109204,1.7691708419259533,0.15651659320422068
0.625521361353495,1.3163164078109204,1.9815946506707383,0.15651659320422068
0.625521361353495,1.3163164078109204,1.6577427947533492,0.15651659320422068
0.625521361353495,1.3163164078109204,1.7111976419394719,0.15651659320422068
0.625521361353495,1.3163164078109204,1.6336164906197204,0.15651659320422068
0.625521361353495,1.3163164078109204,1.3561433792011963,0.15651659320422068
0.625521361353495,1.3163164078109204,1.414854778745433,0.15651659320422068
0.625521361353495,1.3163164078109204,1.4551261390613026,0.15651659320422068
0.625521361353495,1.3163164078109204,1.7819561301908955,0.15651659320422068
0.625521361353495,1.3163164078109204,1.3901495108459647,0.15651659320422068
0.625521361353495,1.3163164078109204,1.4247424660784052,0.15651659320422068
0.625521361353495,1.3163164078109204,1.5701861390864982,0.15651659320422068
0.625521361353495,1.3163164078109204,1.509899364040302,0.15651659320422068
0.625521361353495,1.3163164078109204,1.2712106971704895,0.15651659320422068
0.625521361353495,1.3163164078109204,1.6005211547770068,0.15651659320422068
0.6416933251769363,1.3163164078109204,1.8832411471944115,0.15651659320422068
0.6416933251769363,1.3163164078109204,1.6122209793102993,0.15651659320422068
0.6416933251769363,1.3163164078109204,1.437392138577606,0.15651659320422068
0.6416933251769363,1.3163164078109204,1.6276716386157595,0.16667193851486
0.6416933251769363,1.3163164078109204,1.1096501958012657,0.16667193851486
0.6416933251769363,1.3163164078109204,1.7052769327085597,0.16667193851486
0.6416933251769363,1.3163164078109204,1.4657767604385428,0.16667193851486
0.6416933251769363,1.3163164078109204,1.4826808086165673,0.16667193851486
0.6416933251769363,1.3163164078109204,1.4640351794481072,0.16667193851486
0.6416933251769363,1.3163164078109204,1.3401127198910954,0.16667193851486
0.6416933251769363,1.3163164078109204,1.4020017383223857,0.16667193851486
0.6416933251769363,1.3163164078109204,1.6419831537197864,0.16667193851486
0.6416933251769363,1.3163164078109204,1.3091269672257966,0.16667193851486
0.6416933251769363,1.3163164078109204,1.4768518295554889,0.16667193851486
0.6416933251769363,1.3163164078109204,1.6786421185749278,0.16667193851486
0.6416933251769363,1.3163164078109204,1.7296608849431567,0.16667193851486
0.6416933251769363,1.3163164078109204,1.503824124461474,0.16667193851486
0.6416933251769363,1.3163164078109204,1.5568255655226217,0.16667193851486
0.6416933251769363,1.3163164078109204,1.4860496300737487,0.16667193851486
0.742331005441158,1.2443409481355856,1.8554849325784482,0.16667193851486
0.742331005441158,1.2443409481355856,1.5826262963168516,0.16667193851486
0.742331005441158,1.2443409481355856,1.7571103750077997,0.16667193851486
0.742331005441158,1.2443409481355856,1.5624847090087122,0.16667193851486
0.742331005441158,1.2443409481355856,1.411420143857888,0.16667193851486
0.742331005441158,1.250849011633646,1.4476387827599353,0.16667193851486
0.742331005441158,1.250849011633646,1.6005110164108696,0.16667193851486
0.742331005441158,1.250849011633646,1.5605739207982887,0.16667193851486
0.742331005441158,1.250849011633646,1.7875224335023139,0.16667193851486
0.742331005441158,1.250849011633646,1.2226720679800351,0.16027619839227705
0.742331005441158,1.250849011633646,1.2552372670144634,0.16027619839227705
0.742331005441158,1.250849011633646,1.3017964331340413,0.16027619839227705
0.742331005441158,1.250849011633646,1.3593959587696585,0.16027619839227705
0.7261768600059517,1.3083330869224816,1.3653024864736139,0.16027619839227705
0.7261768600059517,1.4692093773206572,1.3005864830346006,0.16027619839227705
0.7261768600059517,1.4692093773206572,0.9617144559443839,0.16027619839227705
0.7261768600059517,1.4692093773206572,0.9752268736229953,0.16027619839227705
0.7261768600059517,1.4692093773206572,0.9011801961765943,0.16027619839227705
0.7261768600059517,1.4692093773206572,0.9688972923698173,0.16027619839227705
0.7261768600059517,1.4692093773206572,1.1124535817852732,0.16027619839227705
0.7261768600059517,1.4692093773206572,1.0217045183161781,0.16027619839227705
0.7261768600059517,1.4692093773206572,1.0356895299205742,0.16027619839227705
0.7261768600059517,1.4692093773206572,1.0345490366759713,0.16027619839227705
0.7261768600059517,1.4692093773206572,1.0422487556329234,0.16027619839227705
0.7261768600059517,1.4692093773206572,0.9622788581232676,0.16027619839227705
0.7261768600059517,1.4692093773206572,1.0418066897092255,0.16027619839227705
0.7261768600059517,1.4692093773206572,1.1692683277201155,0.16027619839227705
0.7261768600059517,1.4692093773206572,0.8694170134586965,0.16027619839227705
0.7261768600059517,1.4692093773206572,1.2236568946523798,0.16027619839227705
0.7261768600059517,1.426443967455042,1.0549340040961475,0.16027619839227705
0.7261768600059517,1.426443967455042,1.0531581726793364,0.14603633953591363
0.7261768600059517,1.4628115709152814,1.2295412329113116,0.14603633953591363
0.7261768600059517,1.4628115709152814,1.2166440652987225,0.14603633953591363
0.7261768600059517,1.4628115709152814,1.0901734526518763,0.14603633953591363
0.7261768600059517,1.4628115709152814,1.0186377516557084,0.14603633953591363
0.7261768600059517,1.4628115709152814,1.3124036541046247,0.14603633953591363
0.7261768600059517,1.4628115709152814,1.1562456966190866,0.14603633953591363
0.7261768600059517,1.4628115709152814,0.9470483385239447,0.2008473504594785
0.7261768600059517,1.4628115709152814,0.8867409152173865,0.2008473504594785
0.7936036510442906,1.4628115709152814,1.0879170834379046,0.22181613114009566
0.7936036510442906,1.4628115709152814,1.0580650705220807,0.22181613114009566
0.7936036510442906,1.4628115709152814,1.0386850371618166,0.24172910958372307
0.7936036510442906,1.4628115709152814,0.9603065291025223,0.24172910958372307
0.7936036510442906,1.4628115709152814,1.0175522195809643,0.24172910958372307
0.7936036510442906,1.530618419797209,1.056737686579786,0.24172910958372307
0.7936036510442906,1.530618419797209,0.8515296395337503,0.24172910958372307
0.7936036510442906,1.530618419797209,0.9312754070679323,0.24172910958372307
0.7936036510442906,1.530618419797209,1.0961894294461982,0.2104223937293376
0.7936036510442906,1.530618419797209,1.0458972792934984,0.2104223937293376
0.7936036510442906,1.530618419797209,0.8530546718573089,0.18067449275269215
0.7936036510442906,1.530618419797209,0.8315927520821049,0.2455348010134635
0.7936036510442906,1.530618419797209,0.9919636824601122,0.2455348010134635
0.7236720014411856,1.530618419797209,0.9255437760711204,0.2455348010134635
0.7236720014411856,1.530618419797209,0.9118527071067298,0.2455348010134635
0.7236720014411856,1.530618419797209,0.9617338710696499,0.2455348010134635
0.7236720014411856,1.5518739665885866,1.007267581863019,0.2455348010134635
0.7236720014411856,1.5518739665885866,0.7950598557147351,0.2455348010134635
0.7236720014411856,1.5518739665885866,1.1259912934093987,0.2455348010134635
0.7236720014411856,1.5518739665885866,0.95235684927819,0.2455348010134635
0.7236720014411856,1.5518739665885866,1.014460982875517,0.2455348010134635
0.7236720014411856,1.5518739665885866,1.0753154771089795,0.2455348010134635
0.7236720014411856,1.5518739665885866,0.8900601239795711,0.2455348010134635
0.7236720014411856,1.5518739665885866,0.936852230060046,0.2455348010134635
0.7236720014411856,1.5518739665885866,0.9342046589147627,0.2455348010134635
0.7236720014411856,1.5518739665885866,1.028637341567716,0.2455348010134635
0.7236720014411856,1.5518739665885866,0.9191202593561582,0.2455348010134635
0.7236720014411856,1.5518739665885866,0.916311272736352,0.2455348010134635
0.7236720014411856,1.5518739665885866,1.0768617205471935,0.2455348010134635
0.7236720014411856,1.5518739665885866,0.9158614267804722,0.2455348010134635
0.7236720014411856,1.5518739665885866,1.0858603014393238,0.2455348010134635
0.7236720014411856,1.5518739665885866,1.1702090906533802,0.2455348010134635
0.7236720014411856,1.5518739665885866,0.8354868265380674,0.2455348010134635
0.7236720014411856,1.5518739665885866,0.9614322536964495,0.2455348010134635
0.7236720014411856,1.5518739665885866,0.9620611028709354,0.2455348010134635
0.7236720014411856,1.5518739665885866,1.1120505961570115,0.2455348010134635
0.7236720014411856,1.5518739665885866,0.9613365704354716,0.20341616287897768
0.7236720014411856,1.5518739665885866,1.0609644247856769,0.20341616287897768
0.7236720014411856,1.6566059060290603,0.8986403098772149,0.20341616287897768
0.7236720014411856,1.6566059060290603,0.8020890415074899,0.20341616287897768
0.7236720014411856,1.6566059060290603,0.8180475118253031,0.23464098762996108
0.7236720014411856,1.6566059060290603,0.7524894978750655,0.23464098762996108
0.7236720014411856,1.6566059060290603,0.6957139303816722,0.23464098762996108
0.7236720014411856,1.5264214637489335,0.926741518333033,0.23464098762996108
0.7236720014411856,1.5999967467912986,0.8507058190613731,0.23464098762996108
0.7236720014411856,1.5999967467912986,0.9540651029096165,0.23464098762996108
0.7236720014411856,1.5999967467912986,0.8123962625336656,0.23464098762996108
0.7236720014411856,1.6107999125792924,0.8234383413666335,0.2631876679356389
0.7236720014411856,1.6107999125792924,0.9195216984873863,0.1785415204592513
0.7236720014411856,1.6107999125792924,0.7282755124127905,0.1785415204592513
0.7236720014411856,1.6107999125792924,0.9016249281926997,0.1785415204592513
0.7236720014411856,1.6107999125792924,0.6676293132112852,0.1785415204592513
0.7236720014411856,1.6107999125792924,0.880335513941846,0.1785415204592513
0.7236720014411856,1.4441586763255654,0.9689412803716445,0.1785415204592513
0.7236720014411856,1.4441586763255654,0.9441574603376172,0.1785415204592513
0.7236720014411856,1.4441586763255654,1.2597037387172083,0.1785415204592513
0.7236720014411856,1.4441586763255654,1.1375948738423982,0.1785415204592513
0.7236720014411856,1.4802808556089524,1.1899584614991503,0.1785415204592513
0.7236720014411856,1.43995388158188,1.058627309695916,0.1785415204592513
0.7236720014411856,1.43995388158188,1.166125326345332,0.1785415204592513
0.7236720014411856,1.43995388158188,0.9009501938489181,0.16746166613622865
0.7236720014411856,1.43995388158188,1.1143253683703789,0.16746166613622865
0.7236720014411856,1.43995388158188,1.123889682180334,0.16746166613622865
0.7236720014411856,1.43995388158188,0.847135904107882,0.16746166613622865
0.7236720014411856,1.43995388158188,1.1186531997873435,0.16746166613622865
0.7236720014411856,1.43995388158188,1.0922888756421665,0.16746166613622865
0.7236720014411856,1.43995388158188,1.2001740410826893,0.16746166613622865
0.7236720014411856,1.43995388158188,1.1555489115995827,0.16746166613622865
0.7236720014411856,1.43995388158188,1.209401505830359,0.16746166613622865
0.7236720014411856,1.43995388158188,1.0406704086552527,0.16746166613622865
0.7236720014411856,1.43995388158188,1.1289508868204596,0.16746166613622865
0.7236720014411856,1.43995388158188,1.2768779291575887,0.16746166613622865
0.7236720014411856,1.43995388158188,1.0485198493734689,0.16746166613622865
0.5652560532441209,1.43995388158188,1.1701038947930225,0.16746166613622865
0.5652560532441209,1.43995388158188,1.3061656188264217,0.16746166613622865
0.5652560532441209,1.43995388158188,1.4045978712442084,0.1515444743229959
0.5652560532441209,1.43995388158188,1.6622648476460502,0.1515444743229959
0.5652560532441209,1.43995388158188,1.4022021618262388,0.1515444743229959
0.5652560532441209,1.43995388158188,1.5131972351400067,0.1515444743229959
0.5652560532441209,1.43995388158188,1.5388833315262165,0.1515444743229959
0.5652560532441209,1.43995388158188,1.4012853079691319,0.1515444743229959
0.5652560532441209,1.43995388158188,1.649988837645073,0.1515444743229959
0.5652560532441209,1.43995388158188,1.1112728848719393,0.1515444743229959
0.5652560532441209,1.43995388158188,1.2978146900309329,0.1515444743229959
0.5652560532441209,1.43995388158188,1.1497076047736234,0.1515444743229959
0.5652560532441209,1.43995388158188,1.171714235281878,0.1515444743229959
0.5652560532441209,1.43995388158188,1.0336627830771665,0.1515444743229959
0.5652560532441209,1.43995388158188,1.5153918817132677,0.1515444743229959
0.5652560532441209,1.43995388158188,1.359596763154006,0.1515444743229959
0.5652560532441209,1.43995388158188,1.1848323732291048,0.1515444743229959
0.5652560532441209,1.43995388158188,1.41596820829845,0.1515444743229959
0.5652560532441209,1.43995388158188,1.3204966502650237,0.1515444743229959
0.5652560532441209,1.43995388158188,1.1466624759251667,0.1515444743229959
0.5652560532441209,1.43995388158188,1.527996613646139,0.1515444743229959
0.5652560532441209,1.43995388158188,1.4019795245298527,0.1515444743229959
0.5652560532441209,1.5381757764425161,1.4344955852179102,0.1515444743229959
0.5652560532441209,1.5381757764425161,1.084593621061362,0.1515444743229959
0.5652560532441209,1.5381757764425161,1.1387583220030224,0.1515444743229959
0.5652560532441209,1.5381757764425161,1.0142764157810422,0.1515444743229959
0.5652560532441209,1.5381757764425161,1.2462571854468423,0.1515444743229959
0.5652560532441209,1.5381757764425161,0.9445534583341827,0.1515444743229959
0.5652560532441209,1.5381757764425161,1.1679430196482838,0.1515444743229959
0.5652560532441209,1.5381757764425161,1.3990697644732928,0.1515444743229959
0.5652560532441209,1.5381757764425161,1.129521257387356,0.1515444743229959
0.5652560532441209,1.5381757764425161,1.078515465961036,0.1515444743229959
0.5652560532441209,1.5381757764425161,1.2763170070525527,0.1515444743229959
0.5652560532441209,1.5381757764425161,0.9585700675521158,0.1515444743229959
0.5652560532441209,1.5381757764425161,1.1934068053006905,0.1515444743229959
0.5652560532441209,1.5381757764425161,1.1369582813561032,0.1515444743229959
0.5652560532441209,1.5381757764425161,1.1631454635717469,0.1515444743229959
0.5652560532441209,1.5381757764425161,1.0604280828519905,0.1515444743229959
0.5652560532441209,1.5381757764425161,1.0738851611979932,0.1515444743229959
0.5652560532441209,1.5381757764425161,1.1901888952582078,0.1515444743229959
0.5652560532441209,1.5381757764425161,0.8506556118831476,0.1515444743229959
0.5652560532441209,1.5381757764425161,1.1649531071058776,0.1515444743229959
0.5652560532441209,1.5381757764425161,1.1950768262126141,0.1515444743229959
0.5652560532441209,1.5381757764425161,1.378361279644704,0.1515444743229959
0.5652560532441209,1.5381757764425161,1.0990608977131013,0.1515444743229959
0.5652560532441209,1.5381757764425161,1.002052901274104,0.1515444743229959
0.5652560532441209,1.5381757764425161,1.1389113906331187,0.1515444743229959
0.5652560532441209,1.5381757764425161,1.055737332748981,0.1515444743229959
0.5652560532441209,1.5381757764425161,1.0919698731653014,0.1515444743229959
0.5652560532441209,1.545037231630601,1.081111242394891,0.1515444743229959
0.5652560532441209,1.545037231630601,1.1780885459179726,0.1515444743229959
0.5652560532441209,1.4247702651834495,1.1468640826417977,0.1515444743229959
0.5652560532441209,1.5272168542848468,1.396543304981653,0.1515444743229959
0.5652560532441209,1.5272168542848468,0.9912948423798689,0.1515444743229959
0.5652560532441209,1.503864248271338,1.1703604365285654,0.15491298704384593
0.5652560532441209,1.503864248271338,1.4228703426258835,0.15491298704384593
0.5652560532441209,1.503864248271338,1.2719973180357902,0.15491298704384593
0.5652560532441209,1.503864248271338,1.6251621391870927,0.15491298704384593
0.5652560532441209,1.503864248271338,1.3397526867024585,0.15491298704384593
0.5652560532441209,1.503864248271338,1.1955023282526862,0.15491298704384593
0.5652560532441209,1.503864248271338,1.3343777059134905,0.15491298704384593
0.5652560532441209,1.503864248271338,1.3144703146068,0.15491298704384593
0.5652560532441209,1.503864248271338,1.1592668860126116,0.15491298704384593
0.5652560532441209,1.4393775029149847,1.4674608859913638,0.15491298704384593
0.5652560532441209,1.4393775029149847,1.3141716613765952,0.15491298704384593
0.5652560532441209,1.4393775029149847,1.3242994049922931,0.15491298704384593
0.5652560532441209,1.4393775029149847,1.3821558741287288,0.15491298704384593
0.5652560532441209,1.4393775029149847,2.033023287669973,0.15491298704384593
0.5652560532441209,1.4393775029149847,1.4895640474709846,0.15491298704384593
0.5652560532441209,1.4393775029149847,1.35045896558002,0.15491298704384593
0.5652560532441209,1.4928133804588266,1.3611660650024446,0.15491298704384593
0.6186546890451341,1.4928133804588266,1.3281854597219076,0.15491298704384593
0.6186546890451341,1.4928133804588266,0.9430300198083007,0.15491298704384593
0.6186546890451341,1.4928133804588266,1.1594444432101139,0.17855342312583294
0.6186546890451341,1.4928133804588266,1.2132684141648946,0.1509226134066166
0.6186546890451341,1.4928133804588266,1.164796362048529,0.1509226134066166
0.6186546890451341,1.4928133804588266,1.102944102350856,0.1509226134066166
0.6186546890451341,1.4928133804588266,1.252458614449046,0.1509226134066166
0.6186546890451341,1.4928133804588266,0.9809159936776879,0.1509226134066166
0.6186546890451341,1.4928133804588266,1.2826919122036355,0.1509226134066166
0.6186546890451341,1.4928133804588266,1.312577185106964,0.1509226134066166
0.6186546890451341,1.4928133804588266,0.9832368970170868,0.1509226134066166
0.6186546890451341,1.4928133804588266,1.0277091869368051,0.1509226134066166
0.6186546890451341,1.4928133804588266,1.1929161086825792,0.1509226134066166
0.49373547704059,1.4928133804588266,1.3510112577596163,0.1509226134066166
0.49373547704059,1.4928133804588266,1.6367824510246136,0.1509226134066166
0.49373547704059,1.4928133804588266,1.4923277903243688,0.1509226134066166
0.49373547704059,1.4928133804588266,1.5448522329400078,0.1509226134066166
0.49373547704059,1.4928133804588266,1.7318436232908385,0.1509226134066166
0.49373547704059,1.4928133804588266,1.2667712415209067,0.1509226134066166
0.6481832610261721,1.4928133804588266,1.2555740692470971,0.1509226134066166
0.6481832610261721,1.4977310279749274,1.0737026095724502,0.1509226134066166
0.6481832610261721,1.4977310279749274,1.2413398751118214,0.1509226134066166
0.6481832610261721,1.4977310279749274,1.136228178991977,0.1509226134066166
0.6481832610261721,1.4977310279749274,0.9419019681222204,0.1509226134066166
0.6481832610261721,1.4977310279749274,1.2151138339734724,0.1509226134066166
0.6481832610261721,1.4977310279749274,0.8714459009780063,0.1509226134066166
0.6481832610261721,1.4977310279749274,1.122192101097217,0.1454872751911974
0.6481832610261721,1.4977310279749274,1.1112032572822288,0.1454872751911974
0.6481832610261721,1.4529485336317032,1.0147120424742653,0.1454872751911974
0.6481832610261721,1.4529485336317032,1.2201177390818738,0.1454872751911974
0.6069358934076687,1.4529485336317032,1.0252000857915904,0.1454872751911974
0.6069358934076687,1.4529485336317032,1.4268899268870319,0.1454872751911974
0.6069358934076687,1.4529485336317032,1.087103221240997,0.1454872751911974
0.6069358934076687,1.4529485336317032,1.2053719723313272,0.1454872751911974
0.6069358934076687,1.4529485336317032,1.3441699348034621,0.1454872751911974
0.6069358934076687,1.4529485336317032,1.39435161639401,0.1454872751911974
0.6069358934076687,1.4529485336317032,1.4087007650259493,0.1454872751911974
0.6069358934076687,1.4529485336317032,1.255768564137765,0.1454872751911974
0.6069358934076687,1.4529485336317032,1.1409551770885735,0.1454872751911974
0.6069358934076687,1.4529485336317032,1.0631483850938748,0.1454872751911974
0.6069358934076687,1.4529485336317032,1.2899527254621528,0.1454872751911974
0.6069358934076687,1.4529485336317032,1.014897500179144,0.1454872751911974
0.6069358934076687,1.4529485336317032,1.0890139880595098,0.1454872751911974
0.6069358934076687,1.4529485336317032,1.3076043043740369,0.1454872751911974
0.6069358934076687,1.4529485336317032,1.2962319680118017,0.1454872751911974
0.6069358934076687,1.4529485336317032,1.0508453605971206,0.1454872751911974
0.6069358934076687,1.4529485336317032,1.1499716659598056,0.1454872751911974
0.6069358934076687,1.4529485336317032,1.09426434265131,0.1454872751911974
0.6069358934076687,1.4595762833701038,1.355509298504762,0.1454872751911974
0.6069358934076687,1.4595762833701038,1.2373587436166256,0.1454872751911974
0.6069358934076687,1.4595762833701038,1.4073036559542083,0.1454872751911974
0.6069358934076687,1.3507719262159648,1.0772717208342433,0.1454872751911974
0.6069358934076687,1.3507719262159648,1.2677962529433755,0.1454872751911974
0.6069358934076687,1.3507719262159648,1.4201531520280486,0.1454872751911974
0.6069358934076687,1.3507719262159648,1.4344619961448155,0.1454872751911974
0.6069358934076687,1.3507719262159648,1.0266799341451263,0.1454872751911974
0.6069358934076687,1.3507719262159648,1.4343681774398582,0.1454872751911974
0.6069358934076687,1.3507719262159648,1.8251693504933124,0.1454872751911974
0.6069358934076687,1.3507719262159648,1.5128596881754584,0.1454872751911974
0.6069358934076687,1.3507719262159648,1.2418773614756353,0.1454872751911974
0.6069358934076687,1.3507719262159648,1.1831489562515742,0.1454872751911974
0.6069358934076687,1.2987624169556509,1.1846648551198102,0.1454872751911974
0.627877839812192,1.2987624169556509,1.5226991804890169,0.1454872751911974
0.6367959726136571,1.2987624169556509,1.6850519919032743,0.1454872751911974
0.6367959726136571,1.2987624169556509,1.3981334445225155,0.1454872751911974
0.6367959726136571,1.2987624169556509,1.6957499451947404,0.1454872751911974
0.6367959726136571,1.4245493111757852,1.6190970046163193,0.1454872751911974
0.6367959726136571,1.4245493111757852,1.3238382979989491,0.1454872751911974
0.6367959726136571,1.4245493111757852,1.3774830622834071,0.1454872751911974
0.6367959726136571,1.4245493111757852,0.9767664285005636,0.1454872751911974
0.6367959726136571,1.4245493111757852,1.3057171209843592,0.1454872751911974
0.6367959726136571,1.4245493111757852,1.3152641918033556,0.1454872751911974
0.6367959726136571,1.4245493111757852,1.6289605063083092,0.1454872751911974
0.6367959726136571,1.4245493111757852,1.226007611248273,0.1454872751911974
0.6367959726136571,1.4245493111757852,1.174475713669644,0.1454872751911974
0.6367959726136571,1.4245493111757852,1.1864257193752128,0.1454872751911974
0.6985272037996744,1.4245493111757852,1.1560879629871788,0.1454872751911974
0.6985272037996744,1.4245493111757852,1.009437051060614,0.1454872751911974
0.6985272037996744,1.4245493111757852,1.1133363021798148,0.1454872751911974
0.6985272037996744,1.4245493111757852,1.0779652670278608,0.1454872751911974
0.6985272037996744,1.4245493111757852,0.9511372138589752,0.1454872751911974
0.6985272037996744,1.4254580309887828,1.1006141970215393,0.1454872751911974
0.7809909185165745,1.4254580309887828,1.0526488460012584,0.1454872751911974
0.7809909185165745,1.4254580309887828,0.8653453909051643,0.1454872751911974
0.7514131019974168,1.4254580309887828,1.388662243055316,0.1454872751911974
0.7514131019974168,1.4254580309887828,1.1709477720839994,0.1454872751911974
0.7514131019974168,1.4254580309887828,1.0632178851925025,0.1454872751911974
0.7514131019974168,1.4254580309887828,0.9854296134897019,0.1454872751911974
0.7514131019974168,1.4254580309887828,1.052058580968734,0.1454872751911974
0.7514131019974168,1.4254580309887828,0.9524806148243274,0.1454872751911974
0.7514131019974168,1.4254580309887828,1.0695466066330932,0.1454872751911974
0.7514131019974168,1.4254580309887828,1.0157131059585889,0.20997251653333712
0.7514131019974168,1.4254580309887828,1.0022197385711527,0.20997251653333712
0.7514131019974168,1.4254580309887828,1.3950135976682216,0.20997251653333712
0.7514131019974168,1.4254580309887828,1.1488122463886226,0.20997251653333712
0.7514131019974168,1.4254580309887828,1.0953565530536753,0.20997251653333712
0.7514131019974168,1.4254580309887828,1.0067968430917338,0.20997251653333712
0.7514131019974168,1.4254580309887828,0.8856866861589437,0.20997251653333712
0.7514131019974168,1.4254580309887828,1.1175627710068157,0.20997251653333712
0.7769937626971045,1.4254580309887828,1.2730873566108036,0.26349979619664887
0.7769937626971045,1.4254580309887828,1.1449019475235938,0.26349979619664887
0.7769937626971045,1.4254580309887828,0.8830636781209643,0.26349979619664887
0.7934610963157058,1.4254580309887828,1.3751841174016228,0.26349979619664887
0.7934610963157058,1.4254580309887828,0.9772676874300228,0.26349979619664887
0.7934610963157058,1.4254580309887828,1.1546070896346028,0.2430731125504534
0.7934610963157058,1.4254580309887828,1.129329452689717,0.2430731125504534
0.7934610963157058,1.4254580309887828,1.1444123696560418,0.2430731125504534
0.7934610963157058,1.4254580309887828,1.028574786826614,0.2430731125504534
0.7934610963157058,1.4254580309887828,1.1176908257980163,0.2430731125504534
0.7941613368387896,1.5045234523086513,1.0338006036648952,0.2430731125504534
0.7941613368387896,1.5045234523086513,0.9472544178106197,0.2430731125504534
0.7941613368387896,1.5045234523086513,0.8938003577998674,0.23402711771835663
0.7941613368387896,1.5045234523086513,0.816835257228567,0.23402711771835663
0.8344064286380332,1.5045234523086513,0.9665704315901101,0.23402711771835663
0.8344064286380332,1.5045234523086513,0.995954934151088,0.23402711771835663
0.8344064286380332,1.5045234523086513,0.8671699556715278,0.23402711771835663
0.8344064286380332,1.5045234523086513,1.0277611343520827,0.23402711771835663
0.8344064286380332,1.5045234523086513,0.9595339876248347,0.23402711771835663
0.7835182031272744,1.5045234523086513,0.9788471873349538,0.23402711771835663
0.7835182031272744,1.5045234523086513,1.0978441288866452,0.23402711771835663
0.7835182031272744,1.5045234523086513,0.9264837741496782,0.23402711771835663
0.7835182031272744,1.5045234523086513,0.942152300843984,0.23402711771835663
0.7835182031272744,1.5501523429377344,0.8892885178822358,0.21038552363973478
0.7835182031272744,1.5501523429377344,1.0674034769110516,0.2841875276681071
0.8862464697527386,1.5501523429377344,0.9050722548228572,0.30080262991242646
0.8862464697527386,1.5501523429377344,0.9225789638719324,0.30080262991242646
0.8862464697527386,1.5501523429377344,0.8995190390169677,0.30080262991242646
1.0802959418137679,1.5501523429377344,0.7282294511534818,0.25905625004467064
1.0802959418137679,1.5501523429377344,0.7311064335124349,0.25905625004467064
1.0802959418137679,1.5501523429377344,0.8143123677035299,0.25905625004467064
1.0802959418137679,1.5501523429377344,0.7543086949638292,0.25905625004467064
1.0802959418137679,1.5501523429377344,0.7106247063792023,0.25905625004467064
1.0802959418137679,1.5501523429377344,0.6979001241233377,0.28727940628432963
1.0802959418137679,1.5501523429377344,0.6743164232813,0.28727940628432963
1.0802959418137679,1.5501523429377344,0.7176986860526129,0.28727940628432963
1.0802959418137679,1.5501523429377344,0.7236517947212504,0.28727940628432963
1.0802959418137679,1.5501523429377344,0.6367230677287362,0.28727940628432963
1.0802959418137679,1.5501523429377344,0.6768871936164956,0.28727940628432963
1.0802959418137679,1.5501523429377344,0.6382456452228069,0.28727940628432963
1.0802959418137679,1.5497597840282251,0.665941960498619,0.28727940628432963
1.0802959418137679,1.5497597840282251,0.7482984058119249,0.28727940628432963
1.0802959418137679,1.542349488420077,0.6902990364187049,0.28727940628432963
0.9560970355699313,1.4993941180611738,0.7037217759820843,0.28727940628432963
0.9560970355699313,1.4993941180611738,0.8752707472741175,0.28727940628432963
0.9560970355699313,1.4993941180611738,0.9102481524308633,0.28727940628432963
0.9560970355699313,1.4993941180611738,1.0237344290467942,0.36635143115988267
0.9560970355699313,1.4993941180611738,0.8655218946429776,0.3403835555990492
0.9560970355699313,1.4993941180611738,0.8723401280527322,0.3403835555990492
0.9560970355699313,1.4993941180611738,0.811679927215082,0.3403835555990492
0.9560970355699313,1.607055216334006,0.8438402302938669,0.3403835555990492
0.9560970355699313,1.607055216334006,0.7296822914416556,0.3403835555990492
0.9560970355699313,1.607055216334006,0.7465754829496307,0.3403835555990492
0.9560970355699313,1.6563639979767697,0.7171571807272293,0.26118341490507546
0.9560970355699313,1.6563639979767697,0.6574224080306991,0.26118341490507546
0.9560970355699313,1.6563639979767697,0.5847418864551903,0.26118341490507546
0.9560970355699313,1.6563639979767697,0.6836867132405028,0.24523479372306653
0.9560970355699313,1.6563639979767697,0.6016516312848945,0.24523479372306653
0.9560970355699313,1.6563639979767697,0.6788075459015075,0.24523479372306653
0.9560970355699313,1.6563639979767697,0.6699997953785528,0.3477740504226941
0.9560970355699313,1.6563639979767697,0.6087125998875099,0.3477740504226941
0.9560970355699313,1.6563639979767697,0.7981205079334542,0.3477740504226941
0.9560970355699313,1.6563639979767697,0.6924040397119545,0.3477740504226941
0.9560970355699313,1.6563639979767697,0.691791232638703,0.3477740504226941
0.9560970355699313,1.6287300658355714,0.6724416189099189,0.3477740504226941
0.9560970355699313,1.6287300658355714,0.7533956480347557,0.351996407699713
0.9115919781002718,1.6287300658355714,0.7436339592244421,0.351996407699713
0.9115919781002718,1.5791868648816547,0.8296617757020162,0.351996407699713
0.9115919781002718,1.5791868648816547,0.8104595687799975,0.351996407699713
0.9115919781002718,1.5791868648816547,0.8495502538433441,0.351996407699713
0.9115919781002718,1.5791868648816547,0.8525628883368153,0.351996407699713
0.9115919781002718,1.5791868648816547,0.7221135893001657,0.351996407699713
0.9115919781002718,1.5791868648816547,0.7425320608788886,0.31702641571792334
0.9115919781002718,1.5791868648816547,0.9132008526882924,0.2935320523441738
0.9115919781002718,1.5791868648816547,0.8327326562185144,0.2935320523441738
0.8969854513579416,1.5791868648816547,0.6868574337868787,0.2935320523441738
0.9242803221225968,1.5791868648816547,0.718938377058886,0.2935320523441738
0.9242803221225968,1.5791868648816547,0.7244801357724031,0.2935320523441738
0.9242803221225968,1.5791868648816547,0.7077406619816327,0.2935320523441738
0.9242803221225968,1.5791868648816547,0.837404652099429,0.2935320523441738
0.9242803221225968,1.5791868648816547,0.6690079118740182,0.2935320523441738
0.9242803221225968,1.5791868648816547,0.8284625383883397,0.2935320523441738
0.9242803221225968,1.6623070999470049,0.6241032094323156,0.2935320523441738
0.9242803221225968,1.6623070999470049,0.6586830281462055,0.2935320523441738
0.9242803221225968,1.6623070999470049,0.6251099033069485,0.2935320523441738
0.9242803221225968,1.6623070999470049,0.7078302720610452,0.2935320523441738
0.9242803221225968,1.6623070999470049,0.7023927707493596,0.2935320523441738
0.9242803221225968,1.6623070999470049,0.7371096293053817,0.2935320523441738
0.9242803221225968,1.6623070999470049,0.755355340792756,0.2935320523441738
0.9242803221225968,1.6623070999470049,0.6123858603482888,0.2935320523441738
0.9242803221225968,1.6623070999470049,0.7431583761992459,0.2935320523441738
0.9242803221225968,1.6623070999470049,0.6325612746154134,0.2935320523441738
0.9242803221225968,1.6623070999470049,0.6713233386874551,0.2935320523441738
0.9242803221225968,1.6623070999470049,0.6804940797013382,0.2935320523441738
0.9242803221225968,1.6623070999470049,0.6784588911036901,0.2935320523441738
0.9242803221225968,1.6623070999470049,0.7648070038110806,0.2935320523441738
0.9242803221225968,1.6623070999470049,0.672244956868396,0.2935320523441738
0.9242803221225968,1.6623070999470049,0.6368166711091673,0.2935320523441738
0.9242803221225968,1.6623070999470049,0.6032883827738307,0.2935320523441738
0.9242803221225968,1.6623070999470049,0.6584788036407061,0.2935320523441738
0.9242803221225968,1.6623070999470049,0.6366870817179542,0.393910721859093
0.9242803221225968,1.6623070999470049,0.6951974301597411,0.393910721859093
0.9242803221225968,1.6623070999470049,0.8312158827022506,0.393910721859093
0.9242803221225968,1.6623070999470049,0.7717425461631755,0.4154388528839686
0.9242803221225968,1.6623070999470049,0.7552443874675986,0.4154388528839686
0.9242803221225968,1.6623070999470049,0.7206490175546743,0.4154388528839686
0.9242803221225968,1.6623070999470049,0.6996802075223256,0.4154388528839686
0.9242803221225968,1.6623070999470049,0.7780681678648244,0.4154388528839686
0.9242803221225968,1.6623070999470049,0.6115630894784662,0.3287504283303187
0.9242803221225968,1.6623070999470049,0.6852414017465173,0.3287504283303187
0.9242803221225968,1.6623070999470049,0.7002752286970194,0.3287504283303187
0.9242803221225968,1.6623070999470049,0.6707843093354047,0.3287504283303187
0.9134968737507555,1.6623070999470049,0.6863738430462316,0.3287504283303187
0.9134968737507555,1.700092429382344,0.7907980686067045,0.3287504283303187
0.9134968737507555,1.700092429382344,0.6922344914382675,0.3287504283303187
0.9134968737507555,1.700092429382344,0.6119057202616939,0.3287504283303187
0.9134968737507555,1.700092429382344,0.6861758237085395,0.3287504283303187
0.9134968737507555,1.700092429382344,0.7665333536358847,0.3287504283303187
0.877739039799326,1.700092429382344,0.6839164848755334,0.3287504283303187
0.877739039799326,1.700092429382344,0.6192451196606246,0.3287504283303187
0.877739039799326,1.700092429382344,0.654139899860075,0.3287504283303187
0.877739039799326,1.700092429382344,0.7161469925336847,0.30288851398414396
0.877739039799326,1.700092429382344,0.651233383266248,0.30288851398414396
0.877739039799326,1.700092429382344,0.6401727280581487,0.2210765652680268
0.877739039799326,1.6261782264728228,0.5804086729694168,0.2210765652680268
0.877739039799326,1.6261782264728228,0.6219383633806975,0.2210765652680268
0.877739039799326,1.6261782264728228,0.8278437429433607,0.2210765652680268
0.877739039799326,1.6261782264728228,0.7291360760456896,0.2210765652680268
0.877739039799326,1.6261782264728228,0.6268174051537281,0.2210765652680268
0.877739039799326,1.6261782264728228,0.6585457419113845,0.2210765652680268
0.877739039799326,1.4402605677943632,0.7829659250612988,0.2210765652680268
0.877739039799326,1.4402605677943632,0.8497651758170802,0.2210765652680268
0.877739039799326,1.4402605677943632,0.9881275721079258,0.2210765652680268
0.877739039799326,1.4830282834110835,1.0131636379869216,0.3263312005587841
0.877739039799326,1.4830282834110835,1.0513062496872747,0.24398964728942557
0.877739039799326,1.4830282834110835,0.8668516126931776,0.24398964728942557
0.877739039799326,1.4830282834110835,0.8516877320319047,0.2120022897366765
0.877739039799326,1.4830282834110835,0.8594910707868999,0.2120022897366765
0.877739039799326,1.4830282834110835,0.9963360052522392,0.2120022897366765
0.6290758419170299,1.4830282834110835,1.0438170737737593,0.14894072257914706
0.6290758419170299,1.4830282834110835,1.143307590731413,0.14894072257914706
0.6290758419170299,1.4830282834110835,1.1442247473324265,0.14894072257914706
0.6290758419170299,1.4830282834110835,1.1372481573961482,0.14894072257914706
0.6290758419170299,1.4830282834110835,1.0862800205119336,0.14894072257914706
0.6290758419170299,1.4830282834110835,1.070131925294985,0.14894072257914706
0.6290758419170299,1.5463536493868406,1.0898703763149546,0.14894072257914706
0.6290758419170299,1.5463536493868406,1.0427409793608922,0.14894072257914706
0.6290758419170299,1.5463536493868406,1.0413261792832433,0.14894072257914706
0.6290758419170299,1.5463536493868406,1.0472095808286903,0.14894072257914706
0.7182881595638122,1.5463536493868406,0.8605601670014926,0.14894072257914706
0.7182881595638122,1.5463536493868406,0.8942125507996893,0.14894072257914706
0.7182881595638122,1.5463536493868406,0.8228382269097421,0.14894072257914706
0.7182881595638122,1.4800982178268078,1.01078966288468,0.14894072257914706
0.7182881595638122,1.4800982178268078,0.9585676519250477,0.14894072257914706
0.7182881595638122,1.2472737516090469,1.2849000931035457,0.14894072257914706
0.7182881595638122,1.5080837183025937,1.2013390546539102,0.14894072257914706
0.7182881595638122,1.5080837183025937,0.8507749001533988,0.14894072257914706
0.7182881595638122,1.5080837183025937,1.0761613217397186,0.14894072257914706
0.7182881595638122,1.5080837183025937,0.9613351478715779,0.14894072257914706
0.7182881595638122,1.5080837183025937,0.9899765250867204,0.14894072257914706
0.7182881595638122,1.5080837183025937,1.0307792642734313,0.14894072257914706
0.7182881595638122,1.5080837183025937,0.8474330400839941,0.14894072257914706
0.7182881595638122,1.5080837183025937,0.8418419900023602,0.14894072257914706
0.7182881595638122,1.5080837183025937,0.7868655144837918,0.14894072257914706
0.6699695820699741,1.5080837183025937,1.0264422621565428,0.14894072257914706
0.6699695820699741,1.5080837183025937,1.1064302598954596,0.14894072257914706
0.6699695820699741,1.5080837183025937,1.1747588347035531,0.14894072257914706
0.6699695820699741,1.5080837183025937,1.033874699062636,0.14894072257914706
0.6699695820699741,1.5080837183025937,0.8737031134384271,0.14894072257914706
0.6699695820699741,1.5080837183025937,0.8497548827719692,0.14894072257914706
0.6699695820699741,1.5080837183025937,1.05588910509418,0.14894072257914706
0.6699695820699741,1.5080837183025937,1.1038709601697834,0.14894072257914706
0.6699695820699741,1.5080837183025937,1.1098842487283633,0.14894072257914706
0.6699695820699741,1.5080837183025937,1.126001865701754,0.14894072257914706
0.6699695820699741,1.397790214733355,1.062564263273682,0.14894072257914706
0.6699695820699741,1.397790214733355,1.2237842340097504,0.14894072257914706
0.6699695820699741,1.397790214733355,1.2016256576028703,0.14894072257914706
0.6699695820699741,1.397790214733355,1.260270950338667,0.14894072257914706
0.6699695820699741,1.397790214733355,1.304268461033967,0.14894072257914706
0.6699695820699741,1.397790214733355,1.4110655698203467,0.14894072257914706
0.6699695820699741,1.397790214733355,1.1547462251357885,0.14894072257914706
0.6699695820699741,1.397790214733355,1.1162637533820607,0.14894072257914706
0.6699695820699741,1.397790214733355,1.5360539668811881,0.14894072257914706
0.6699695820699741,1.397790214733355,1.045439246002155,0.14894072257914706
0.6699695820699741,1.397790214733355,1.337424046522673,0.14894072257914706
0.6455473026240147,1.397790214733355,1.124165572959159,0.14894072257914706
0.6455473026240147,1.397790214733355,1.2419957086791493,0.14658848694497167
0.6455473026240147,1.397790214733355,1.1979380719823405,0.14658848694497167
0.6455473026240147,1.397790214733355,1.1976553185148762,0.14658848694497167
0.6455473026240147,1.397790214733355,1.1013804169867567,0.14658848694497167
0.6455473026240147,1.397790214733355,1.1958023260475341,0.14658848694497167
0.6455473026240147,1.397790214733355,1.172801379132099,0.14658848694497167
0.6455473026240147,1.397790214733355,1.2850530322080806,0.14658848694497167
0.6455473026240147,1.3544514368040208,1.4033998698531018,0.14658848694497167
0.6455473026240147,1.3544514368040208,1.5988808812218978,0.14653634095149365
0.6455473026240147,1.3544514368040208,1.2578579966075267,0.14653634095149365
0.6455473026240147,1.4518350301103307,1.2711357485180175,0.14653634095149365
0.6455473026240147,1.4518350301103307,1.1503341200861767,0.14653634095149365
0.6455473026240147,1.4464129539337018,1.3201893525668174,0.14653634095149365
0.538001490964457,1.4464129539337018,1.3207060817131104,0.14653634095149365
0.538001490964457,1.4464129539337018,1.5439891352131931,0.14653634095149365
0.538001490964457,1.4464129539337018,1.4801703084469273,0.14653634095149365
0.538001490964457,1.4464129539337018,1.2740795617295504,0.14653634095149365
0.538001490964457,1.4464129539337018,1.3093926801078313,0.14653634095149365
0.538001490964457,1.4464129539337018,1.1448752127145074,0.14653634095149365
0.538001490964457,1.4464129539337018,1.1415921649801732,0.14653634095149365
0.4976133354477332,1.4464129539337018,1.584567519500646,0.14653634095149365
0.4976133354477332,1.4464129539337018,1.431428708528429,0.14653634095149365
0.4976133354477332,1.4464129539337018,1.5356814922356554,0.14653634095149365
0.4976133354477332,1.4464129539337018,1.4479859514385633,0.14653634095149365
0.4976133354477332,1.4464129539337018,1.3953644487116754,0.14653634095149365
0.4976133354477332,1.4464129539337018,1.4809449694643035,0.14653634095149365
0.4976133354477332,1.4464129539337018,1.730960508601379,0.14653634095149365
0.4976133354477332,1.4464129539337018,1.401780985934156,0.14653634095149365
0.4976133354477332,1.5287046888698115,1.433681694604533,0.14653634095149365
0.5398931541984793,1.5287046888698115,1.185793748249745,0.14653634095149365
0.5398931541984793,1.5287046888698115,1.3415468500655545,0.14653634095149365
0.5398931541984793,1.5287046888698115,1.432642246567913,0.14653634095149365
0.5398931541984793,1.5395651970712472,1.2207412179383128,0.14653634095149365
0.5398931541984793,1.5395651970712472,1.389868005227806,0.14653634095149365
0.5398931541984793,1.5395651970712472,1.1421371938417475,0.14653634095149365
0.5834565903614914,1.5395651970712472,1.1699718368279584,0.14653634095149365
0.5834565903614914,1.5395651970712472,1.1769007498678319,0.14653634095149365
0.5834565903614914,1.5395651970712472,1.1270363930741236,0.14653634095149365
0.5834565903614914,1.5395651970712472,0.9480441487572677,0.14653634095149365
0.5834565903614914,1.5395651970712472,0.8713399844694559,0.14653634095149365
0.5834565903614914,1.5395651970712472,0.946699651084798,0.14653634095149365
0.5834565903614914,1.5395651970712472,1.2681771402006692,0.14653634095149365
0.5834565903614914,1.5395651970712472,1.2099762795810949,0.28900930153781224
0.5834565903614914,1.4504854024267504,1.6765908080307974,0.28900930153781224
0.5834565903614914,1.4504854024267504,1.6875262367961392,0.28900930153781224
0.5834565903614914,1.4504854024267504,1.6426521548470003,0.28900930153781224
0.5834565903614914,1.4504854024267504,1.8396613387670218,0.28900930153781224
0.5834565903614914,1.4504854024267504,1.6343997788710334,0.15552732314384365
0.5834565903614914,1.4504854024267504,1.2661332539291035,0.15552732314384365
0.5834565903614914,1.4504854024267504,1.3300166983253423,0.15552732314384365
0.5834565903614914,1.4453603081286654,1.425018907953992,0.15552732314384365
0.5834565903614914,1.4453603081286654,1.5287461909408409,0.15552732314384365
0.5834565903614914,1.4453603081286654,1.6029981532850672,0.15552732314384365
0.5834565903614914,1.4453603081286654,1.1406135161909983,0.15552732314384365
0.5834565903614914,1.4453603081286654,1.2373746046130893,0.15552732314384365
0.5834565903614914,1.4453603081286654,1.2659697929806804,0.15552732314384365
0.5834565903614914,1.4453603081286654,1.4652759994483873,0.15552732314384365
0.5834565903614914,1.5165784178170678,1.2187356705343038,0.15552732314384365
0.6726540952922169,1.5165784178170678,1.1389078049773445,0.23022953318597883
0.656320987709552,1.5165784178170678,0.9921732680102802,0.23022953318597883
0.656320987709552,1.5165784178170678,1.0540508171093363,0.23022953318597883
0.656320987709552,1.5165784178170678,1.26427346837519,0.23022953318597883
0.93352422141183,1.5165784178170678,0.9886052633887826,0.23022953318597883
0.93352422141183,1.5165784178170678,0.8483772369156055,0.23022953318597883
0.93352422141183,1.5165784178170678,0.7988194642507107,0.23022953318597883
0.93352422141183,1.5165784178170678,0.8599572300010269,0.23022953318597883
0.93352422141183,1.5165784178170678,0.8473727994048859,0.23022953318597883
0.9837969470574162,1.5165784178170678,0.9924705112430556,0.23022953318597883
0.9837969470574162,1.5165784178170678,0.7459956235294916,0.23022953318597883
0.9837969470574162,1.5165784178170678,0.7599578477439112,0.23022953318597883
0.9837969470574162,1.5165784178170678,0.8217932318473774,0.23022953318597883
0.9837969470574162,1.5165784178170678,0.8252375126780647,0.23022953318597883
0.9837969470574162,1.5165784178170678,0.6292814537452605,0.23022953318597883
0.9837969470574162,1.5165784178170678,0.7697779610323394,0.23022953318597883
0.9837969470574162,1.5165784178170678,0.7836308505510944,0.23022953318597883
0.9837969470574162,1.5165784178170678,0.7496823686184699,0.23022953318597883
0.9837969470574162,1.5165784178170678,0.7202436418173486,0.23022953318597883
0.9837969470574162,1.5165784178170678,0.7138479070232308,0.23022953318597883
0.9837969470574162,1.5165784178170678,0.7198725992856793,0.26668016845867815
0.9732198762183002,1.5165784178170678,0.8369985667745494,0.26668016845867815
0.9732198762183002,1.5165784178170678,0.7512451292210193,0.26668016845867815
0.9732198762183002,1.5165784178170678,0.6845088701791736,0.26668016845867815
0.9732198762183002,1.5165784178170678,0.6407022914231327,0.21695950684689866
0.9732198762183002,1.5165784178170678,0.7116905183423481,0.21695950684689866
0.9732198762183002,1.5165784178170678,0.7137228369247455,0.20977157207239822
0.9732198762183002,1.5165784178170678,0.7664904486086992,0.20977157207239822
0.9732198762183002,1.5165784178170678,0.7435730983946582,0.20977157207239822
0.9732198762183002,1.5165784178170678,0.6765860407395533,0.20977157207239822
0.9732198762183002,1.5165784178170678,0.7242086646297602,0.20977157207239822
0.9732198762183002,1.5165784178170678,0.7214481926235714,0.20977157207239822
0.9732198762183002,1.5165784178170678,0.730581497661803,0.20977157207239822
0.9732198762183002,1.5165784178170678,0.7144505241220956,0.20977157207239822
0.9732198762183002,1.5165784178170678,0.7674636205427671,0.20977157207239822
0.9732198762183002,1.5165784178170678,0.7611451292737211,0.20977157207239822
0.9732198762183002,1.5165784178170678,0.721946876038561,0.20977157207239822
0.9732198762183002,1.5165784178170678,0.7722030781635356,0.20977157207239822
0.9732198762183002,1.5165784178170678,0.7875170520410866,0.20977157207239822
0.9732198762183002,1.5165784178170678,0.8207916139454048,0.20977157207239822
0.8547593591442304,1.5165784178170678,0.8175153313000231,0.20977157207239822
0.8547593591442304,1.5165784178170678,0.8023827405302312,0.21613880148295667
0.8547593591442304,1.5165784178170678,0.9520313626601952,0.21613880148295667
0.8547593591442304,1.5165784178170678,0.8235845730727184,0.21613880148295667
0.8547593591442304,1.5165784178170678,0.7174596757029021,0.21613880148295667
0.7227610194598107,1.5165784178170678,0.9337321040642151,0.21613880148295667
0.7227610194598107,1.5165784178170678,0.9459207272825806,0.21613880148295667
0.7227610194598107,1.5165784178170678,1.0469054144076706,0.21613880148295667
0.7227610194598107,1.5165784178170678,0.9452177485310311,0.21613880148295667
0.7227610194598107,1.5165784178170678,0.9844855509427948,0.1750624898965364
0.7227610194598107,1.5165784178170678,0.9688816167303217,0.1750624898965364
0.7227610194598107,1.5165784178170678,0.9608041581298817,0.1750624898965364
0.7227610194598107,1.5165784178170678,0.9491062220736709,0.1750624898965364
0.7227610194598107,1.5165784178170678,0.90934129565413,0.1750624898965364
0.7227610194598107,1.5165784178170678,1.0803780659674034,0.1750624898965364
0.7227610194598107,1.5165784178170678,0.8810258081184197,0.1750624898965364
0.7227610194598107,1.5165784178170678,0.9212940481320836,0.1750624898965364
0.7227610194598107,1.5165784178170678,0.9660437230925959,0.1750624898965364
0.7227610194598107,1.5165784178170678,0.8721365174683177,0.1750624898965364
0.7227610194598107,1.5165784178170678,1.0180596832769402,0.1750624898965364
0.7227610194598107,1.5165784178170678,0.992948134180198,0.1750624898965364
0.7227610194598107,1.5165784178170678,0.9685215863904811,0.1750624898965364
0.7227610194598107,1.5165784178170678,1.2377730781635121,0.1750624898965364
0.6707238642733078,1.5165784178170678,1.175516271938306,0.1750624898965364
0.6707238642733078,1.5165784178170678,0.956361652372342,0.1750624898965364
0.6707238642733078,1.5165784178170678,1.0096698856119675,0.1750624898965364
0.6707238642733078,1.5165784178170678,1.1237512531389675,0.1750624898965364
0.6707238642733078,1.5165784178170678,1.0818061644107562,0.1750624898965364
0.6707238642733078,1.5165784178170678,1.0206752001874864,0.1750624898965364
0.6707238642733078,1.3069035288096864,1.2757819421259744,0.1750624898965364
0.6707238642733078,1.1908169854875794,1.8599931542363457,0.1750624898965364
0.6707238642733078,1.2371209357797441,1.50291492456864,0.1750624898965364
0.6707238642733078,1.2114713076044197,1.861660490230317,0.1750624898965364
0.6707238642733078,1.2114713076044197,2.0830115453554217,0.1750624898965364
0.6707238642733078,1.2114713076044197,1.835940186949527,0.1750624898965364
0.6707238642733078,1.2114713076044197,1.4820636094106565,0.1750624898965364
0.8586142512204574,1.2114713076044197,1.546743947206184,0.16319571129370475
0.8586142512204574,1.2266397857384372,1.3909025793873209,0.16319571129370475
0.8586142512204574,1.2266397857384372,1.273075356973533,0.16319571129370475
0.8586142512204574,1.2266397857384372,1.2701248749782992,0.16177817655465465
0.8586142512204574,1.2266397857384372,1.18523990076266,0.16177817655465465
0.8586142512204574,1.2266397857384372,1.64458395584764,0.16177817655465465
0.8586142512204574,1.4060368117670008,1.205534515900589,0.1463572840971159
0.8586142512204574,1.4060368117670008,0.9566968093268696,0.2100613993847088
0.8586142512204574,1.4060368117670008,1.32352437815619,0.2718063598509247
0.8586142512204574,1.4060368117670008,1.0686556639151472,0.2718063598509247
0.8586142512204574,1.4060368117670008,1.1955583123411082,0.25341451190267195
0.8586142512204574,1.4060368117670008,1.2143369858469706,0.25444365613615894
0.9954288594208481,1.4060368117670008,1.0234802791510837,0.25444365613615894
0.9954288594208481,1.4060368117670008,0.9179604129661676,0.25444365613615894
0.9954288594208481,1.4060368117670008,0.8530632905525226,0.25444365613615894
0.9954288594208481,1.4060368117670008,0.9343323663478837,0.25444365613615894
0.9954288594208481,1.4060368117670008,0.9031965761505196,0.25444365613615894
0.9954288594208481,1.4060368117670008,0.9551049890966506,0.25444365613615894
0.9954288594208481,1.4060368117670008,0.9249116454226922,0.25444365613615894
0.9954288594208481,1.4060368117670008,0.7864819488223109,0.25444365613615894
0.9954288594208481,1.4060368117670008,0.9604552834671787,0.2618120143667995
0.9954288594208481,1.4060368117670008,0.9190328214011985,0.2618120143667995
1.0376623183856064,1.4060368117670008,0.8415766600877812,0.2618120143667995
1.0376623183856064,1.4060368117670008,0.8715287558290404,0.2618120143667995
1.0376623183856064,1.475105144329872,0.8558006719207198,0.2618120143667995
1.0376623183856064,1.475105144329872,0.8467251257035878,0.2618120143667995
1.0376623183856064,1.475105144329872,0.7585940165693114,0.2618120143667995
1.0376623183856064,1.475105144329872,0.8286646712015957,0.26742091616100194
1.0376623183856064,1.475105144329872,0.8748232930243678,0.22488765731445326
1.0376623183856064,1.475105144329872,0.7016222625625763,0.22488765731445326
1.0376623183856064,1.475105144329872,0.8253000102012469,0.22488765731445326
1.0376623183856064,1.475105144329872,0.8540389788550748,0.22488765731445326
1.0376623183856064,1.475105144329872,0.7371907468167861,0.22488765731445326
1.0376623183856064,1.475105144329872,0.795436961894813,0.24600359137023747
1.0376623183856064,1.475105144329872,0.7715318828305511,0.24600359137023747
1.0376623183856064,1.475105144329872,0.6266946407417273,0.24600359137023747
1.0376623183856064,1.475105144329872,0.6239378860012554,0.24600359137023747
1.0376623183856064,1.475105144329872,0.8340535217430519,0.24600359137023747
1.0376623183856064,1.475105144329872,0.7826050073719537,0.24600359137023747
1.0376623183856064,1.475105144329872,0.8737103087307083,0.24600359137023747
1.0376623183856064,1.475105144329872,0.6896630103494512,0.24600359137023747
1.0376623183856064,1.5183592827695604,0.8198459210208865,0.24600359137023747
0.8101863178009127,1.5183592827695604,0.8303819664725663,0.24600359137023747
0.8101863178009127,1.5183592827695604,1.0398396670589538,0.24600359137023747
0.8101863178009127,1.5183592827695604,0.9577429004046594,0.24600359137023747
0.8101863178009127,1.5183592827695604,0.8626951355790958,0.24600359137023747
0.8101863178009127,1.5183592827695604,0.8449610015847545,0.24600359137023747
0.8101863178009127,1.5761463380091292,0.820296086621483,0.19321242935852698
0.8101863178009127,1.5761463380091292,0.7939160833372203,0.19321242935852698
0.8101863178009127,1.5761463380091292,0.7604329060291803,0.19321242935852698
0.8101863178009127,1.5761463380091292,0.7806384161404912,0.19321242935852698
0.8101863178009127,1.5761463380091292,0.8981526828634071,0.19321242935852698
0.8101863178009127,1.5761463380091292,0.7846398744517155,0.19321242935852698
0.8101863178009127,1.5761463380091292,0.7200610664101775,0.19321242935852698
0.8101863178009127,1.6270237782052164,0.764951773362549,0.19321242935852698
0.8101863178009127,1.6270237782052164,0.825726344766698,0.19321242935852698
0.8101863178009127,1.6270237782052164,0.6826408896472965,0.19321242935852698
0.8101863178009127,1.6270237782052164,0.6663889035320231,0.19321242935852698
0.8101863178009127,1.633088099210097,0.8569399067064069,0.19321242935852698
0.8101863178009127,1.633088099210097,0.7196856040353402,0.19321242935852698
0.8101863178009127,1.633088099210097,0.7421348691145204,0.19321242935852698
0.8159305542792055,1.633088099210097,0.6635619093083163,0.19321242935852698
0.8532510398581974,1.5670659019327844,0.6566405269899006,0.23933025494347246
0.8532510398581974,1.5670659019327844,0.8595350333928576,0.23933025494347246
0.8532510398581974,1.5670659019327844,0.7042521077838458,0.23933025494347246
0.8532510398581974,1.5670659019327844,0.8872174045221691,0.23933025494347246
0.7982579861875279,1.5670659019327844,0.7907183173620038,0.23933025494347246
0.6458820245543171,1.5670659019327844,1.0186930372070206,0.2605455272583098
0.6458820245543171,1.5670659019327844,1.252437567606099,0.2605455272583098
0.6458820245543171,1.5670659019327844,1.2041993288497073,0.2605455272583098
0.6547850107340338,1.5670659019327844,1.1355297481974285,0.2605455272583098
0.6547850107340338,1.5670659019327844,1.1263512795446857,0.2605455272583098
0.6547850107340338,1.5670659019327844,1.082930382583465,0.2605455272583098
0.6547850107340338,1.5670659019327844,1.0285476691415527,0.25293842225991103
0.6547850107340338,1.5670659019327844,1.0891170383361777,0.25293842225991103
0.6547850107340338,1.5670659019327844,1.1052109492000102,0.25293842225991103
0.6547850107340338,1.5670659019327844,0.922852767862842,0.25293842225991103
0.6547850107340338,1.5670659019327844,1.0200532854149547,0.25293842225991103
0.5107817775805013,1.5604760900606607,1.0752692831416542,0.25293842225991103
0.8495027399547253,1.5426190162722755,1.1882918027875233,0.25293842225991103
0.8495027399547253,1.5426190162722755,0.9620267021369595,0.25293842225991103
0.8495027399547253,1.5426190162722755,0.8300316690408597,0.25293842225991103
0.8495027399547253,1.5426190162722755,0.7536465105223547,0.25293842225991103
0.8495027399547253,1.5426190162722755,0.8420258147962472,0.25293842225991103
0.8495027399547253,1.5426190162722755,0.7225105647514652,0.25293842225991103
0.8495027399547253,1.5426190162722755,0.9235861390412279,0.2697536438407131
0.8495027399547253,1.5426190162722755,0.8720204225574705,0.25098853547849215
0.8495027399547253,1.5426190162722755,0.9810509602866812,0.25098853547849215
0.8495027399547253,1.5426190162722755,0.8157732676756454,0.25098853547849215
0.8495027399547253,1.5426190162722755,1.0029089351268092,0.25098853547849215
0.8495027399547253,1.5426190162722755,1.008499894959332,0.25098853547849215
0.8495027399547253,1.5426190162722755,0.7545524392086833,0.25098853547849215
0.8495027399547253,1.543573128870268,0.7811305636394278,0.25098853547849215
0.8495027399547253,1.543573128870268,0.7740408842691388,0.25098853547849215
0.8495027399547253,1.6145936792067999,0.8272613748117181,0.25098853547849215
0.8176687469536008,1.5607786411613134,0.8815621402998394,0.25098853547849215
0.814298038443615,1.5607786411613134,0.9537832375494849,0.25098853547849215
0.814298038443615,1.5607786411613134,0.877909867521803,0.25098853547849215
0.814298038443615,1.5607786411613134,0.8062137101196971,0.25098853547849215
0.814298038443615,1.5607786411613134,0.8600411974112865,0.25098853547849215
0.814298038443615,1.5607786411613134,0.8904223352573687,0.25098853547849215
0.814298038443615,1.5607786411613134,0.7721979357020832,0.25098853547849215
0.814298038443615,1.5607786411613134,0.7397671896607987,0.18719172792248234
0.814298038443615,1.5607786411613134,0.7436596943351501,0.18719172792248234
0.7697520229457077,1.5607786411613134,1.0084442128699895,0.18719172792248234
0.7697520229457077,1.5607786411613134,0.9642720641903184,0.28588882922231906
0.7697520229457077,1.5607786411613134,1.1221088410051474,0.28588882922231906
0.7697520229457077,1.5607786411613134,1.0127087261060468,0.3447179842083849
0.7697520229457077,1.5607786411613134,0.9805814196415066,0.3447179842083849
0.7697520229457077,1.5607786411613134,0.970870226976721,0.3447179842083849
0.7697520229457077,1.5607786411613134,1.045985814219914,0.3447179842083849
0.7697520229457077,1.5607786411613134,0.9551496765424754,0.3447179842083849
0.7697520229457077,1.5607786411613134,0.9336914178145902,0.4004717772198045
0.7697520229457077,1.5607786411613134,0.992789107400854,0.4004717772198045
0.7697520229457077,1.5607786411613134,1.035007281820077,0.4004717772198045
0.7697520229457077,1.5607786411613134,1.245482647390613,0.4004717772198045
0.7697520229457077,1.5607786411613134,0.9686994376618303,0.4004717772198045
0.7697520229457077,1.5607786411613134,0.9433713794936459,0.4004717772198045
0.7697520229457077,1.5607786411613134,0.9784529958759586,0.4004717772198045
0.7697520229457077,1.5607786411613134,0.9934995305307089,0.4004717772198045
1.0097840139084335,1.5607786411613134,0.9881375474163331,0.4004717772198045
1.0097840139084335,1.5607786411613134,0.7029311041953312,0.4004717772198045
1.0097840139084335,1.5607786411613134,0.7508939855749124,0.2845605332849644
1.0097840139084335,1.5607786411613134,0.8588176003699033,0.2845605332849644
1.0097840139084335,1.5607786411613134,0.6257009765112923,0.2845605332849644
1.0097840139084335,1.5607786411613134,0.6319140388463287,0.2845605332849644
1.0097840139084335,1.5607786411613134,0.6471792503472441,0.2845605332849644
1.0097840139084335,1.5607786411613134,0.6990840975103638,0.2845605332849644
0.915665108602776,1.5607786411613134,0.6837905506401472,0.2845605332849644
0.915665108602776,1.5607786411613134,0.7487463678098738,0.2845605332849644
0.915665108602776,1.5607786411613134,0.801264882828946,0.2845605332849644
0.915665108602776,1.5607786411613134,0.9358261931319558,0.2845605332849644
1.006168484182142,1.5567647905609892,0.7976094795298273,0.2845605332849644
0.9615324040508879,1.5567647905609892,0.702566217779766,0.2845605332849644
0.9615324040508879,1.5567647905609892,0.7914531787861322,0.2845605332849644
0.9615324040508879,1.5567647905609892,0.7321235852228871,0.2845605332849644
0.9615324040508879,1.5567647905609892,0.8343263887166651,0.2845605332849644
0.9615324040508879,1.5567647905609892,0.7944371597360801,0.29653198804000275
0.9615324040508879,1.5567647905609892,0.7486474282380546,0.29653198804000275
0.9615324040508879,1.5567647905609892,0.717224820462522,0.29653198804000275
0.889924903189012,1.5567647905609892,0.7990214289993505,0.29653198804000275
0.889924903189012,1.5567647905609892,0.7853248421051148,0.29653198804000275
0.889924903189012,1.5567647905609892,0.8382524134004119,0.29653198804000275
0.889924903189012,1.5567647905609892,0.8829805743419865,0.29653198804000275
0.9181534174935041,1.5567647905609892,0.8099076906749193,0.29653198804000275
0.9181534174935041,1.5567647905609892,0.8319423893118237,0.29653198804000275
0.9181534174935041,1.5567647905609892,0.737961644772137,0.29653198804000275
0.9181534174935041,1.5567647905609892,0.7896075925952011,0.29653198804000275
0.9181534174935041,1.5567647905609892,0.7900062543617071,0.29653198804000275
0.9181534174935041,1.5567647905609892,0.6912770343094266,0.29653198804000275
0.9181534174935041,1.4691174776568703,0.9470383090663603,0.29653198804000275
0.9181534174935041,1.4691174776568703,0.8848329318884836,0.29653198804000275
0.9181534174935041,1.4691174776568703,0.8288015453304741,0.29653198804000275
0.9181534174935041,1.4691174776568703,0.9006149114518389,0.1753899773592621
0.9181534174935041,1.4691174776568703,0.9620473937450305,0.1753899773592621
0.9181534174935041,1.4691174776568703,0.9882289307366499,0.1753899773592621
0.9181534174935041,1.4691174776568703,0.8593676892101341,0.1753899773592621
0.9181534174935041,1.4691174776568703,0.9396171781956776,0.1753899773592621
0.9181534174935041,1.4414353816245733,0.8615469721764022,0.1753899773592621
0.9181534174935041,1.4414353816245733,0.8540869424740409,0.1753899773592621
0.9181534174935041,1.4414353816245733,0.7751683917038916,0.1753899773592621
0.9181534174935041,1.4414353816245733,0.8764081603713136,0.1753899773592621
0.9181534174935041,1.4414353816245733,0.9140749206343813,0.22462405927202939
0.9181534174935041,1.4414353816245733,1.0100259572019856,0.22462405927202939
0.9181534174935041,1.4414353816245733,1.0317584569919458,0.22462405927202939
0.9181534174935041,1.4414353816245733,1.0923606654911855,0.22462405927202939
0.9181534174935041,1.4431302649584858,1.05633962984232,0.22462405927202939
0.9181534174935041,1.4152418252827939,1.1129729345281953,0.22462405927202939
0.9181534174935041,1.4152418252827939,0.9692791729875032,0.22462405927202939
0.9181534174935041,1.361046267277779,0.9959544829660925,0.22462405927202939
0.9181534174935041,1.361046267277779,0.9593128416028005,0.22462405927202939
0.9181534174935041,1.361046267277779,1.1468391653304948,0.22462405927202939
0.9181534174935041,1.361046267277779,0.9637188244626358,0.22462405927202939
0.9181534174935041,1.361046267277779,1.1357962726402608,0.22462405927202939
0.9181534174935041,1.361046267277779,1.0404688644219995,0.22462405927202939
0.9181534174935041,1.361046267277779,1.2547033611798013,0.22462405927202939
0.9181534174935041,1.361046267277779,1.1533444930797507,0.22462405927202939
0.9181534174935041,1.361046267277779,0.9587483425689823,0.22462405927202939
0.9181534174935041,1.361046267277779,1.0041389828442668,0.2391473786625171
0.9181534174935041,1.361046267277779,0.8937629008189327,0.2391473786625171
0.9181534174935041,1.361046267277779,1.1310286910023701,0.2391473786625171
0.9181534174935041,1.361046267277779,0.9458669418372434,0.2391473786625171
0.9181534174935041,1.361046267277779,1.0852988011062419,0.2391473786625171
0.9181534174935041,1.361046267277779,0.9088534323119709,0.2391473786625171
0.9181534174935041,1.361046267277779,0.962580445135121,0.2391473786625171
0.9181534174935041,1.361046267277779,1.055581346950249,0.2391473786625171
0.9181534174935041,1.361046267277779,0.9356335979837167,0.2391473786625171
0.9181534174935041,1.4154313112620651,1.0693682610351505,0.2391473786625171
0.9181534174935041,1.4154313112620651,0.8627783320573278,0.2391473786625171
0.9181534174935041,1.4154313112620651,1.0618582677710082,0.2391473786625171
0.9181534174935041,1.4154313112620651,0.9975296972860217,0.2391473786625171
0.9181534174935041,1.3779290803389634,0.989739811180805,0.20024913298524138
0.9181534174935041,1.3779290803389634,0.9409994020032321,0.20024913298524138
0.9181534174935041,1.3779290803389634,1.0512967291395716,0.20024913298524138
0.767091792843319,1.3779290803389634,1.153980877656504,0.20024913298524138
0.767091792843319,1.3779290803389634,1.0285575863098784,0.20024913298524138
0.767091792843319,1.3779290803389634,0.9861349961711768,0.20024913298524138
0.767091792843319,1.3779290803389634,1.2101003469194855,0.162459171244685
0.767091792843319,1.3779290803389634,1.3261206058138224,0.162459171244685
0.767091792843319,1.3779290803389634,1.1208384052006846,0.162459171244685
0.767091792843319,1.3779290803389634,1.19689930223981,0.162459171244685
0.767091792843319,1.3779290803389634,1.009091072965882,0.162459171244685
0.767091792843319,1.3779290803389634,1.4851847767942892,0.24345773858454292
0.767091792843319,1.3779290803389634,1.1934704836859888,0.24345773858454292
0.767091792843319,1.5729060911583126,1.205177573224407,0.2889001507900183
0.767091792843319,1.5729060911583126,0.7941490557167593,0.2889001507900183
0.767091792843319,1.5729060911583126,0.864073496981928,0.2889001507900183
0.767091792843319,1.5729060911583126,0.8967447259201216,0.2889001507900183
0.767091792843319,1.5729060911583126,0.979260552657824,0.2889001507900183
0.767091792843319,1.5445866903110825,0.9384350472128921,0.2889001507900183
0.767091792843319,1.5445866903110825,0.9844322446425199,0.3509809261546357
0.767091792843319,1.5445866903110825,1.13300873036573,0.3509809261546357
0.767091792843319,1.5445866903110825,1.2295762106574177,0.3509809261546357
0.767091792843319,1.5445866903110825,1.0416527106876547,0.3509809261546357
0.9269342764040996,1.5445866903110825,0.9482273447332381,0.3509809261546357
0.9269342764040996,1.658176091990701,0.8429833380353928,0.3509809261546357
0.9269342764040996,1.658176091990701,0.741154073801152,0.3509809261546357
0.9269342764040996,1.658176091990701,0.6342877461815645,0.3509809261546357
0.9269342764040996,1.658176091990701,0.821107033324328,0.3509809261546357
0.9269342764040996,1.658176091990701,0.7132567356675075,0.3509809261546357
0.9269342764040996,1.658176091990701,0.6523531685408821,0.3509809261546357
0.9269342764040996,1.6667054209717431,0.6414897361226461,0.3509809261546357
0.9269342764040996,1.6667054209717431,0.636929309160918,0.3509809261546357
0.9269342764040996,1.6667054209717431,0.8057439261817383,0.3509809261546357
0.9269342764040996,1.6667054209717431,0.7807601511500815,0.3509809261546357
0.9269342764040996,1.6667054209717431,0.722883082714177,0.3509809261546357
0.9269342764040996,1.6667054209717431,0.595032796343373,0.3509809261546357
0.9269342764040996,1.6667054209717431,0.6958193049769172,0.3509809261546357
0.9269342764040996,1.6667054209717431,0.6684276129229249,0.3509809261546357
0.9269342764040996,1.6667054209717431,0.6748023772852748,0.3509809261546357
0.9269342764040996,1.6667054209717431,0.6998967035636753,0.3509809261546357
0.9269342764040996,1.6667054209717431,0.6361574799372229,0.3509809261546357
0.9269342764040996,1.6667054209717431,0.6100695731547419,0.3509809261546357
0.9269342764040996,1.6667054209717431,0.5942046771500488,0.3509809261546357
0.9269342764040996,1.5750233242590481,0.7679309327521503,0.3509809261546357
0.9269342764040996,1.5750233242590481,0.8290183313223766,0.3509809261546357
0.9269342764040996,1.5750233242590481,0.9935871734743011,0.2755638878277367
0.9269342764040996,1.5750233242590481,0.7174806530392246,0.2755638878277367
0.9269342764040996,1.5750233242590481,0.7734273079767849,0.2755638878277367
0.9269342764040996,1.5750233242590481,0.7630086644845551,0.2755638878277367
0.9269342764040996,1.5750233242590481,0.8319406847087409,0.2755638878277367
0.9269342764040996,1.5750233242590481,0.8358871750665052,0.2755638878277367
0.8449102032398871,1.5750233242590481,0.9314263539462453,0.2755638878277367
0.8449102032398871,1.5750233242590481,0.7669974695631984,0.2755638878277367
0.8449102032398871,1.5750233242590481,0.859820350920014,0.2755638878277367
0.8449102032398871,1.5750233242590481,0.8170134742660528,0.2755638878277367
0.8449102032398871,1.5750233242590481,1.057685302604951,0.4314958704812735
0.8449102032398871,1.5750233242590481,1.296539692034795,0.4314958704812735
0.8449102032398871,1.5750233242590481,1.0389655381051897,0.4314958704812735
0.8449102032398871,1.5750233242590481,1.0093338880887954,0.4314958704812735
0.8449102032398871,1.5750233242590481,0.8935118102260704,0.4314958704812735
0.8449102032398871,1.5750233242590481,0.8944024624446884,0.32100666718925625
0.8449102032398871,1.5750233242590481,0.8629494937961698,0.32100666718925625
0.8449102032398871,1.5750233242590481,0.9069812135541259,0.347771778571102
0.8449102032398871,1.5750233242590481,0.9961854559995921,0.347771778571102
0.8449102032398871,1.5750233242590481,0.9275629391146537,0.347771778571102
0.8449102032398871,1.5750233242590481,1.0666039123436246,0.347771778571102
0.8449102032398871,1.5750233242590481,0.7949984829712681,0.347771778571102
0.8449102032398871,1.5750233242590481,0.9018242967911008,0.347771778571102
0.8449102032398871,1.5750233242590481,0.8419077593250227,0.347771778571102
0.8449102032398871,1.5750233242590481,0.9397367528548597,0.347771778571102
0.8449102032398871,1.6319571831144646,0.9711341874330743,0.347771778571102
0.8449102032398871,1.6319571831144646,0.8536638281560476,0.347771778571102
0.8449102032398871,1.6319571831144646,0.8365345386661115,0.347771778571102
0.8449102032398871,1.6319571831144646,0.8660246562171031,0.347771778571102
0.8449102032398871,1.6319571831144646,0.7916477936232716,0.347771778571102
0.8449102032398871,1.7542415538703593,0.7223364611369392,0.347771778571102
0.8449102032398871,1.7542415538703593,0.6029389469407023,0.347771778571102
0.8449102032398871,1.7542415538703593,0.6339793015958366,0.347771778571102
0.8449102032398871,1.7542415538703593,0.6536685698817244,0.347771778571102
0.8449102032398871,1.7542415538703593,0.6400075581187439,0.347771778571102
0.8449102032398871,1.7542415538703593,0.6591537547180559,0.347771778571102
0.8449102032398871,1.7542415538703593,0.7126234667288674,0.347771778571102
0.8449102032398871,1.6339885756294872,0.7227104936444856,0.347771778571102
0.8449102032398871,1.6339885756294872,0.9637409542690877,0.347771778571102
0.8449102032398871,1.6339885756294872,0.7952446018259536,0.347771778571102
0.8457542963957507,1.6339885756294872,0.863318444560391,0.35641937474716906
0.8457542963957507,1.6339885756294872,0.780896447466578,0.30355669615017955
0.8457542963957507,1.6339885756294872,0.7390285273528712,0.30355669615017955
0.8457542963957507,1.6339885756294872,0.8201765671940258,0.30355669615017955
0.8457542963957507,1.6339885756294872,0.7827680426342583,0.30355669615017955
0.8457542963957507,1.6339885756294872,0.751599255276644,0.2516914734416672
0.8457542963957507,1.6339885756294872,0.8960414973016171,0.2516914734416672
0.8457542963957507,1.6088323386494052,0.7794733059611753,0.2516914734416672
0.8457542963957507,1.6088323386494052,0.8183421081273033,0.2516914734416672
0.8457542963957507,1.6088323386494052,0.8173710976907637,0.2516914734416672
0.8457542963957507,1.6088323386494052,0.7461746041011416,0.2516914734416672
0.8457542963957507,1.6088323386494052,0.7242208466062267,0.2516914734416672
0.8457542963957507,1.6088323386494052,0.7803179726620391,0.2516914734416672
0.8457542963957507,1.6088323386494052,0.73509367268376,0.2516914734416672
0.8457542963957507,1.6088323386494052,0.8480654058498562,0.2516914734416672
0.8457542963957507,1.6088323386494052,0.8456436130633943,0.2516914734416672
0.8457542963957507,1.6088323386494052,0.6884508739345685,0.2516914734416672
0.8457542963957507,1.6088323386494052,0.6392597812224879,0.2516914734416672
0.8457542963957507,1.6088323386494052,0.8090553036616775,0.2516914734416672
0.8457542963957507,1.6088323386494052,0.6832547972792039,0.2516914734416672
0.8307102907371386,1.6088323386494052,0.8878812982172299,0.2516914734416672
0.8307102907371386,1.6088323386494052,0.7113851554913708,0.2516914734416672
0.8307102907371386,1.6088323386494052,0.839268881095891,0.2516914734416672
0.8307102907371386,1.6088323386494052,0.862229037123933,0.2516914734416672
0.8307102907371386,1.6088323386494052,0.6877521526054473,0.2516914734416672
0.8307102907371386,1.6088323386494052,0.82937099586486,0.2516914734416672
0.8307102907371386,1.6088323386494052,0.8003268136620343,0.2516914734416672
0.8307102907371386,1.6088323386494052,0.8126115554296255,0.2516914734416672
0.8390541096660752,1.6088323386494052,0.7444881647229151,0.2516914734416672
0.8390541096660752,1.5824697124786276,0.8157444592655148,0.2608710126689372
0.8390541096660752,1.5824697124786276,0.9145312075808967,0.2608710126689372
0.9076688240536924,1.5824697124786276,0.7901144334538875,0.2608710126689372
0.9076688240536924,1.5824697124786276,0.8184302657942375,0.2608710126689372
0.9076688240536924,1.5824697124786276,0.6721242089481827,0.2608710126689372
0.9076688240536924,1.5824697124786276,0.7508841514239613,0.22398082325621882
0.9076688240536924,1.5824697124786276,0.7297471174761605,0.22398082325621882
0.9076688240536924,1.5824697124786276,0.7268665924640786,0.22398082325621882
0.9076688240536924,1.5824697124786276,0.6849021596702554,0.22398082325621882
0.8233852897405152,1.5824697124786276,0.7532067988686757,0.22398082325621882
0.8330268190988608,1.5824697124786276,0.7309154872459257,0.22398082325621882
0.8330268190988608,1.7396973245604423,0.6482834264505232,0.3213770938145537
0.8330268190988608,1.7396973245604423,0.6471699803743117,0.3213770938145537
0.8330268190988608,1.7396973245604423,0.6452910412319339,0.3053750182174375
0.8330268190988608,1.7396973245604423,0.6215190944846942,0.3053750182174375
0.8330268190988608,1.7396973245604423,0.6722791845170858,0.3053750182174375
0.722062231685517,1.7396973245604423,0.7260213487584004,0.3053750182174375
0.722062231685517,1.7396973245604423,0.6948424233766828,0.3053750182174375
0.722062231685517,1.7396973245604423,0.7874784832329412,0.3053750182174375
0.722062231685517,1.7396973245604423,0.7880439945739637,0.3053750182174375
0.722062231685517,1.7396973245604423,0.776924118732382,0.34634491220877656
0.722062231685517,1.7396973245604423,0.8371456314866823,0.34634491220877656
0.722062231685517,1.7396973245604423,0.7970539718667681,0.34634491220877656
0.722062231685517,1.7396973245604423,0.8210729737490451,0.34634491220877656
0.722062231685517,1.7396973245604423,0.7744739465605106,0.29207415744594545
0.722062231685517,1.7396973245604423,0.7903767814961711,0.29207415744594545
0.722062231685517,1.7396973245604423,0.7300833752093441,0.2504999976820095
0.722062231685517,1.7396973245604423,0.7877491772395908,0.2504999976820095
0.722062231685517,1.7396973245604423,0.7235073912709648,0.2504999976820095
0.722062231685517,1.7396973245604423,0.762956528042264,0.2504999976820095
0.6842941295704584,1.7396973245604423,0.7358465209385102,0.2504999976820095
0.6842941295704584,1.7396973245604423,0.7491604732091541,0.2504999976820095
0.6842941295704584,1.7396973245604423,0.8172555391953431,0.2504999976820095
0.6842941295704584,1.7396973245604423,0.740309016537001,0.30827689552174303
0.6842941295704584,1.7396973245604423,0.814706678933395,0.25529530858300875
0.6842941295704584,1.7396973245604423,0.695163064597776,0.25529530858300875
0.6842941295704584,1.7396973245604423,0.7501514916044126,0.25529530858300875
0.6842941295704584,1.7396973245604423,0.9293103419051258,0.25529530858300875
0.6842941295704584,1.7396973245604423,0.7010544125703557,0.25529530858300875
0.6842941295704584,1.7396973245604423,0.8112400954855953,0.25529530858300875
0.6842941295704584,1.7396973245604423,0.842919844900927,0.25529530858300875
0.6587137537992266,1.7396973245604423,0.8173536112260831,0.25529530858300875
0.6587137537992266,1.7396973245604423,0.755283608700698,0.25529530858300875
0.6587137537992266,1.7629187672766176,0.8186002563231335,0.25529530858300875
0.6587137537992266,1.7629187672766176,0.8134885162310147,0.25529530858300875
0.6587137537992266,1.7629187672766176,0.7263916712993119,0.25529530858300875
0.6587137537992266,1.7629187672766176,0.7389718034247548,0.25529530858300875
0.6587137537992266,1.7629187672766176,0.7263856543361695,0.25529530858300875
0.6587137537992266,1.7629187672766176,0.760245010937411,0.25529530858300875
0.6587137537992266,1.7629187672766176,0.7223086676170881,0.25529530858300875
0.6587137537992266,1.7629187672766176,0.7952349031103106,0.25529530858300875
0.6587137537992266,1.7629187672766176,0.737272437566547,0.25529530858300875
0.6587137537992266,1.7629187672766176,0.7528543620704901,0.25529530858300875
0.6587137537992266,1.7629187672766176,0.7787978776266103,0.25529530858300875
0.6587137537992266,1.7629187672766176,0.8017143425548472,0.25529530858300875
0.6587137537992266,1.7629187672766176,0.8133952924622676,0.25529530858300875
0.6587137537992266,1.7629187672766176,0.7503942280518288,0.25529530858300875
0.6587137537992266,1.7629187672766176,0.7571219605969016,0.2777552286098106
0.6587137537992266,1.7629187672766176,0.6892251231903989,0.2777552286098106
0.6587137537992266,1.7629187672766176,0.7743080487361734,0.2777552286098106
0.6587137537992266,1.7629187672766176,0.8493155630806855,0.2777552286098106
0.6587137537992266,1.7629187672766176,0.7362525468672627,0.2777552286098106
0.6587137537992266,1.7629187672766176,0.6923745877820661,0.2777552286098106
0.6587137537992266,1.7629187672766176,0.7733398054763542,0.2777552286098106
0.6587137537992266,1.7629187672766176,0.78759885485452,0.2777552286098106
0.6587137537992266,1.7629187672766176,0.6879518454857443,0.2777552286098106
0.6587137537992266,1.7629187672766176,0.6954820363144982,0.2996442017703946
0.6587137537992266,1.7629187672766176,0.8122930899369034,0.2996442017703946
0.6587137537992266,1.7629187672766176,0.8189984967085259,0.2996442017703946
0.6587137537992266,1.7629187672766176,0.8195801935436725,0.2996442017703946
0.6587137537992266,1.7629187672766176,0.6891383605471604,0.2996442017703946
0.6587137537992266,1.7629187672766176,0.8618733031654021,0.2996442017703946
0.6587137537992266,1.7629187672766176,0.6739545785036102,0.2996442017703946
0.6587137537992266,1.7629187672766176,0.7357315710492407,0.2996442017703946
0.6587137537992266,1.7987612872836012,0.8685331712460204,0.2996442017703946
0.6587137537992266,1.7987612872836012,0.7432340454342271,0.2996442017703946
0.6587137537992266,1.7987612872836012,0.8018467417468441,0.2996442017703946
0.6587137537992266,1.7987612872836012,0.8097204421190588,0.2996442017703946
0.6587137537992266,1.7987612872836012,0.6947685345334539,0.2996442017703946
0.6587137537992266,1.7987612872836012,0.7271251186484374,0.2996442017703946
0.6587137537992266,1.7987612872836012,0.924323045739522,0.2996442017703946
0.6587137537992266,1.7987612872836012,0.8239744925859229,0.2996442017703946
0.6587137537992266,1.7987612872836012,0.7627818845726317,0.2996442017703946
0.6587137537992266,1.7987612872836012,0.7434588295718533,0.2996442017703946
0.6587137537992266,1.7987612872836012,0.6954378616259596,0.2996442017703946
0.6587137537992266,1.7987612872836012,0.7432745707794011,0.2996442017703946
0.6587137537992266,1.7987612872836012,0.6672185750610508,0.2996442017703946
0.7700830059104075,1.7987612872836012,0.7430003868483268,0.2996442017703946
0.7700830059104075,1.7987612872836012,0.6544983066061647,0.2996442017703946
0.7700830059104075,1.7987612872836012,0.6070683774864608,0.2996442017703946
0.7700830059104075,1.7987612872836012,0.5862563379753795,0.2996442017703946
0.7700830059104075,1.7987612872836012,0.6721797063091564,0.2996442017703946
0.7700830059104075,1.7987612872836012,0.663475754842,0.4247866149265742
0.7700830059104075,1.7987612872836012,0.7571390095520353,0.4247866149265742
0.7700830059104075,1.7987612872836012,0.7138324078452476,0.4247866149265742
0.7700830059104075,1.7987612872836012,0.7109286766077392,0.34357865034493096
0.7700830059104075,1.7987612872836012,0.5725868640970886,0.43266426712192924
0.7700830059104075,1.779753863323081,0.6871519559940539,0.43266426712192924
0.7700830059104075,1.779753863323081,0.8532907570843319,0.27627179562291215
0.7700830059104075,1.779753863323081,0.6639601991935862,0.27627179562291215
0.7700830059104075,1.779753863323081,0.5823515049021961,0.27627179562291215
0.7700830059104075,1.7424937072350963,0.5994930605949075,0.27627179562291215
0.7700830059104075,1.7424937072350963,0.7426562022860365,0.27627179562291215
0.7700830059104075,1.7424937072350963,0.6703315390865655,0.27627179562291215
0.7700830059104075,1.7424937072350963,0.7116516406832432,0.27627179562291215
0.7700830059104075,1.7424937072350963,0.6754534061080293,0.27627179562291215
0.7700830059104075,1.7424937072350963,0.7849602951854261,0.27627179562291215
0.7700830059104075,1.7424937072350963,0.6938920390192038,0.27627179562291215
0.7700830059104075,1.7424937072350963,0.6174115018883576,0.24781325279400046
0.7700830059104075,1.7424937072350963,0.5600669367347401,0.24781325279400046
0.7700830059104075,1.7424937072350963,0.5929621023303635,0.24781325279400046
0.7700830059104075,1.7424937072350963,0.7079997939863695,0.24781325279400046
0.7700830059104075,1.7424937072350963,0.6149718844578251,0.24676954632721246
0.7700830059104075,1.7424937072350963,0.696558013059821,0.24676954632721246
0.7700830059104075,1.7424937072350963,0.5950822105984156,0.24676954632721246
0.7700830059104075,1.7424937072350963,0.6325132801007866,0.24676954632721246
0.7700830059104075,1.7424937072350963,0.7525613577626613,0.24676954632721246
0.7700830059104075,1.7424937072350963,0.7900243140794336,0.27926308020127416
0.7700830059104075,1.7424937072350963,0.7144187574156741,0.3436876534994085
0.7700830059104075,1.7424937072350963,0.906369345068272,0.3436876534994085
0.7700830059104075,1.7424937072350963,0.6844490492239922,0.3436876534994085
0.7700830059104075,1.7424937072350963,0.7896332297329368,0.3436876534994085
0.7700830059104075,1.7424937072350963,0.6933892313920182,0.3155418128904856
0.7700830059104075,1.7424937072350963,0.7048270323967218,0.3036555194078724
0.7700830059104075,1.7424937072350963,0.6764797160347329,0.3036555194078724
0.7700830059104075,1.7424937072350963,0.6451763213941446,0.3036555194078724
0.7553154777711607,1.7424937072350963,0.7479629999729239,0.3036555194078724
0.7553154777711607,1.7424937072350963,0.780108796385415,0.3036555194078724
0.7553154777711607,1.7424937072350963,0.7139250750063942,0.3036555194078724
0.7553154777711607,1.7424937072350963,0.7779832054817736,0.3036555194078724
0.7553154777711607,1.7380432425572854,0.799247352197253,0.3036555194078724
0.7553154777711607,1.7380432425572854,0.6914321225797496,0.3036555194078724
0.7553154777711607,1.669605078979347,0.8470001434533997,0.3036555194078724
0.7553154777711607,1.669605078979347,0.8131610922493683,0.3036555194078724
0.7553154777711607,1.669605078979347,0.793323875142855,0.30609599235456614
0.7553154777711607,1.669605078979347,0.8522766054025638,0.2500324213396934
0.7553154777711607,1.669605078979347,0.7881154390738642,0.2500324213396934
0.7553154777711607,1.669605078979347,0.6917556784855116,0.2500324213396934
0.7553154777711607,1.669605078979347,0.9331946414458254,0.2500324213396934
0.7553154777711607,1.669605078979347,0.7102253906745767,0.2500324213396934
0.7553154777711607,1.669605078979347,0.7987625149571097,0.29921103578899966
0.7553154777711607,1.669605078979347,0.7348849037421176,0.29921103578899966
0.7553154777711607,1.669605078979347,0.7294818071349634,0.29921103578899966
0.7553154777711607,1.669605078979347,0.7767357925410943,0.29921103578899966
0.7553154777711607,1.7233058649244584,0.7465965173405671,0.29921103578899966
0.7553154777711607,1.7233058649244584,0.8344696932397243,0.29921103578899966
0.7553154777711607,1.7233058649244584,0.7294173033971346,0.34923570375299584
0.7553154777711607,1.7233058649244584,0.7715545389477491,0.34923570375299584
0.7553154777711607,1.7514596715748838,0.6275179977666521,0.34923570375299584
0.7553154777711607,1.7514596715748838,0.6908585754277988,0.34132803107204346
0.7553154777711607,1.7514596715748838,0.6547845947911305,0.34132803107204346
0.7553154777711607,1.7514596715748838,0.6889607043154604,0.34132803107204346
0.7553154777711607,1.7514596715748838,0.6550431175773728,0.34132803107204346
0.7553154777711607,1.7514596715748838,0.7651641776816704,0.34132803107204346
0.7553154777711607,1.7514596715748838,0.7442172798851632,0.34132803107204346
0.7553154777711607,1.7514596715748838,0.7776303013312188,0.34132803107204346
0.7553154777711607,1.7514596715748838,0.7444471820391653,0.34132803107204346
0.7553154777711607,1.7228740197648564,0.697138584372518,0.34132803107204346
0.7553154777711607,1.7228740197648564,0.7040049964858791,0.34132803107204346
0.7553154777711607,1.7228740197648564,0.690794571336898,0.34132803107204346
0.7553154777711607,1.7228740197648564,0.7515088225570042,0.2843745525264418
0.7553154777711607,1.7228740197648564,0.7187956281873755,0.3758799007312843
0.7553154777711607,1.7228740197648564,0.7979998778129804,0.3758799007312843
0.7553154777711607,1.7228740197648564,0.7726032078180552,0.3758799007312843
0.7553154777711607,1.7228740197648564,0.7749159644195402,0.3758799007312843
0.7553154777711607,1.7228740197648564,0.7627409556874462,0.3758799007312843
0.7553154777711607,1.7228740197648564,0.7560662454997406,0.21981637616269759
0.7553154777711607,1.7228740197648564,0.7261386776258267,0.21981637616269759
0.7553154777711607,1.7228740197648564,0.7369769210130869,0.3119926005782226
0.829026507515057,1.7228740197648564,0.7342814952380993,0.3119926005782226
0.829026507515057,1.7228740197648564,0.707912473261758,0.3119926005782226
0.829026507515057,1.7228740197648564,0.772900007183238,0.35956483749125
0.829026507515057,1.7228740197648564,0.6563586970836006,0.35956483749125
0.829026507515057,1.7228740197648564,0.7744873543679358,0.35956483749125
0.829026507515057,1.7228740197648564,0.7840916341575389,0.4069515932221821
0.829026507515057,1.7228740197648564,0.7376295526456237,0.4069515932221821
0.829026507515057,1.7228740197648564,0.6971901441063909,0.4069515932221821
0.829026507515057,1.7228740197648564,0.7971794274182211,0.4069515932221821
0.829026507515057,1.7228740197648564,0.7806529922276007,0.4069515932221821
0.829026507515057,1.7228740197648564,0.6855141308282832,0.2620883379496583
0.829026507515057,1.7228740197648564,0.6270745992852389,0.2620883379496583
0.7063682911304209,1.7228740197648564,0.6709587274866055,0.2620883379496583
0.7063682911304209,1.7079653215508979,0.6707131163959125,0.29567490785991296
0.7063682911304209,1.7079653215508979,0.8188856593221037,0.29567490785991296
0.7063682911304209,1.7699315266051476,0.7891801286082483,0.29567490785991296
0.7063682911304209,1.7699315266051476,0.8308871932259757,0.29567490785991296
0.7063682911304209,1.7699315266051476,0.7612492638967432,0.29567490785991296
0.7063682911304209,1.7699315266051476,0.6937556897251999,0.29567490785991296
0.7063682911304209,1.7466593781924187,0.8116543593558347,0.29162950484271394
0.7063682911304209,1.7466593781924187,0.7896754989302912,0.29162950484271394
0.7063682911304209,1.7466593781924187,0.7400575757436271,0.29162950484271394
0.7063682911304209,1.7466593781924187,0.7567044409302275,0.29162950484271394
0.7063682911304209,1.7146575576199194,0.8547488437753171,0.29162950484271394
0.7063682911304209,1.7146575576199194,0.9154887662386252,0.29162950484271394
0.7063682911304209,1.7889471867829838,0.7723046197828976,0.3577105370480558
0.7063682911304209,1.7889471867829838,0.6718917121159044,0.3577105370480558
0.7063682911304209,1.7889471867829838,0.8760347693943035,0.3577105370480558
0.7063682911304209,1.7889471867829838,0.7645700071293291,0.3577105370480558
0.7063682911304209,1.7889471867829838,0.7572729496876701,0.3577105370480558
0.7063682911304209,1.7889471867829838,0.7073869206033195,0.3577105370480558
0.7063682911304209,1.7889471867829838,0.7036729909876687,0.3577105370480558
0.7063682911304209,1.7889471867829838,0.8269083309321479,0.3577105370480558
0.7063682911304209,1.7889471867829838,0.7540621607002275,0.3577105370480558
0.7063682911304209,1.7889471867829838,0.8066360498353314,0.236897326189073
0.8404879653959925,1.665158249311938,0.6859916034674822,0.236897326189073
0.8404879653959925,1.665158249311938,0.6847106446780584,0.236897326189073
0.6057691753156593,1.665158249311938,0.7938757707976414,0.236897326189073
0.6500044980951617,1.665158249311938,1.044108660225624,0.236897326189073
0.6500044980951617,1.665158249311938,0.9662517867507876,0.236897326189073
0.6500044980951617,1.665158249311938,0.8041424243398522,0.236897326189073
0.6500044980951617,1.665158249311938,0.7119539253008562,0.236897326189073
0.6500044980951617,1.665158249311938,0.8291394398391747,0.236897326189073
0.6500044980951617,1.665158249311938,0.8176666893998069,0.236897326189073
0.6044325349562475,1.665158249311938,0.8258832043910939,0.236897326189073
0.6044325349562475,1.665158249311938,1.0706533084221361,0.236897326189073
0.6044325349562475,1.665158249311938,0.7364977051834631,0.21955477244974297
0.6044325349562475,1.665158249311938,1.116306657136891,0.21955477244974297
0.6044325349562475,1.665158249311938,0.9323978612932922,0.21955477244974297
0.6044325349562475,1.665158249311938,0.9437060825066672,0.21955477244974297
0.6044325349562475,1.665158249311938,0.9540033108893072,0.21955477244974297
0.6044325349562475,1.665158249311938,0.8767961296074098,0.21955477244974297
0.6044325349562475,1.665158249311938,0.864770109736947,0.21955477244974297
0.6044325349562475,1.665158249311938,0.9912821171658219,0.21955477244974297
0.6044325349562475,1.665158249311938,0.8958520018381425,0.21955477244974297
0.6044325349562475,1.665158249311938,0.9011572557577158,0.21955477244974297
0.6044325349562475,1.665158249311938,0.914524397337689,0.21955477244974297
0.6044325349562475,1.665158249311938,0.9297525990367616,0.21955477244974297
0.6044325349562475,1.665158249311938,0.8001100393521199,0.21955477244974297
0.6044325349562475,1.665158249311938,0.8862359984916405,0.17577244705609438
0.6044325349562475,1.665158249311938,0.8256617642828357,0.17577244705609438
0.6494905703400438,1.665158249311938,0.9906281227428417,0.17577244705609438
0.6494905703400438,1.665158249311938,0.808307666942723,0.17577244705609438
0.6494905703400438,1.665158249311938,0.863883422155796,0.17577244705609438
0.6494905703400438,1.665158249311938,0.8439028953932179,0.3690754634278093
0.6494905703400438,1.6683210818587364,1.0587834301444785,0.20494611408479368
0.6494905703400438,1.6683210818587364,0.9663811288128831,0.20494611408479368
0.6494905703400438,1.6683210818587364,0.9976965018493087,0.19617353902432838
0.6494905703400438,1.6683210818587364,0.8796867038203374,0.19617353902432838
0.6494905703400438,1.6683210818587364,0.904361244825879,0.19617353902432838
0.6494905703400438,1.6683210818587364,0.8091639235734543,0.19617353902432838
0.6494905703400438,1.6683210818587364,0.8896235768757808,0.19617353902432838
0.6494905703400438,1.6683210818587364,0.9472637421941883,0.19617353902432838
0.6494905703400438,1.6683210818587364,0.8425981219322562,0.19617353902432838
0.6494905703400438,1.6683210818587364,0.7914111098217252,0.19617353902432838
0.6494905703400438,1.6683210818587364,0.7948794137753828,0.19617353902432838
0.6494905703400438,1.5836892150579356,0.9136238644761048,0.19617353902432838
0.6494905703400438,1.5836892150579356,0.9541936824342148,0.19617353902432838
0.6494905703400438,1.5836892150579356,1.1873508592287343,0.19617353902432838
0.6494905703400438,1.5836892150579356,0.8827844781006222,0.19617353902432838
0.6494905703400438,1.5836892150579356,1.0616543828645382,0.19617353902432838
0.6494905703400438,1.5836892150579356,0.9259166839117065,0.23447278437738756
0.5807429337826626,1.5836892150579356,1.119821442749419,0.23447278437738756
0.5807429337826626,1.684614734048262,1.2395417646028615,0.23447278437738756
0.5807429337826626,1.631275025776105,0.9610135060581535,0.23447278437738756
0.5807429337826626,1.631275025776105,0.9319839320964893,0.23447278437738756
0.5807429337826626,1.631275025776105,1.037912600261487,0.23447278437738756
0.5807429337826626,1.5315067268444436,1.0961986461405366,0.23447278437738756
0.5807429337826626,1.5315067268444436,1.2290638283358064,0.23447278437738756
0.5807429337826626,1.5315067268444436,1.6248991976232041,0.23447278437738756
0.5807429337826626,1.5315067268444436,1.1464777786674876,0.23447278437738756
0.5807429337826626,1.5315067268444436,1.1324483357339858,0.23447278437738756
0.583601316772163,1.4288787541802375,1.1649525732469759,0.23447278437738756
0.583601316772163,1.4288787541802375,1.4835206795536477,0.14791533047126074
0.583601316772163,1.4288787541802375,1.2539376803409557,0.14791533047126074
0.583601316772163,1.4288787541802375,0.9515332775346502,0.14791533047126074
0.583601316772163,1.4288787541802375,1.468291235631249,0.14791533047126074
0.583601316772163,1.4288787541802375,1.4019118890932467,0.14791533047126074
0.583601316772163,1.4288787541802375,1.3044118224143935,0.14791533047126074
0.583601316772163,1.4288787541802375,1.3177398490310437,0.14791533047126074
0.583601316772163,1.4288787541802375,1.509049664749351,0.14791533047126074
0.583601316772163,1.4288787541802375,1.377792750936564,0.14791533047126074
0.583601316772163,1.4288787541802375,1.54809188578484,0.14791533047126074
0.583601316772163,1.4288787541802375,1.283596208012145,0.14791533047126074
0.583601316772163,1.4288787541802375,1.2907566872868808,0.14791533047126074
0.583601316772163,1.4288787541802375,1.5269473531013213,0.14791533047126074
0.583601316772163,1.4288787541802375,1.2151512860253557,0.14791533047126074
0.583601316772163,1.4288787541802375,1.6537346218018962,0.14791533047126074
0.583601316772163,1.4288787541802375,1.7275467107597182,0.14791533047126074
0.583601316772163,1.4288787541802375,1.2513919917859386,0.14791533047126074
0.583601316772163,1.4288787541802375,1.3426543947790277,0.14791533047126074
0.583601316772163,1.4619201830021875,1.3331328706477055,0.14791533047126074
0.583601316772163,1.4619201830021875,1.251096656282254,0.14791533047126074
0.583601316772163,1.4619201830021875,1.1814808342038086,0.14791533047126074
0.583601316772163,1.4619201830021875,1.202507007456147,0.14791533047126074
0.583601316772163,1.4619201830021875,1.5112591982974353,0.14791533047126074
0.583601316772163,1.4619201830021875,1.2767721774592815,0.14791533047126074
0.583601316772163,1.2526669209051335,1.0776410346619272,0.14791533047126074
0.583601316772163,1.2526669209051335,1.7927375995143535,0.14791533047126074
0.583601316772163,1.221480521250362,1.7275919534301634,0.14791533047126074
0.583601316772163,1.221480521250362,1.6096124110573766,0.14791533047126074
0.583601316772163,1.221480521250362,1.8083720180775513,0.14791533047126074
0.583601316772163,1.2480972795257015,1.987695762130347,0.14791533047126074
0.583601316772163,1.2480972795257015,1.7191039605484775,0.14791533047126074
0.6419398715216962,1.2480972795257015,1.6727602246261661,0.14791533047126074
0.6419398715216962,1.2480972795257015,1.6943186651527837,0.14791533047126074
0.6419398715216962,1.2480972795257015,1.8517461042746024,0.14791533047126074
0.6419398715216962,1.2480972795257015,1.8442383243989071,0.14791533047126074
0.6419398715216962,1.2480972795257015,1.933326724990846,0.14791533047126074
0.6419398715216962,1.2480972795257015,1.7636626996566713,0.14791533047126074
0.6419398715216962,1.2480972795257015,1.735840736799917,0.14791533047126074
0.6419398715216962,1.2480972795257015,1.8629785050880316,0.14791533047126074
0.6419398715216962,1.355639352144458,1.5049022179761347,0.14791533047126074
0.6419398715216962,1.355639352144458,1.1436640806671294,0.14791533047126074
0.6419398715216962,1.355639352144458,1.1372651257406319,0.14791533047126074
0.6419398715216962,1.355639352144458,1.792430733487802,0.14791533047126074
0.6419398715216962,1.355639352144458,1.1444669173074566,0.14791533047126074
0.6419398715216962,1.355639352144458,2.225289118182968,0.14791533047126074
0.6419398715216962,1.355639352144458,1.334293841544434,0.14791533047126074
0.6419398715216962,1.355639352144458,1.318585732655198,0.14791533047126074
0.6419398715216962,1.355639352144458,1.2695280727399019,0.14791533047126074
0.6419398715216962,1.355639352144458,1.3054561179881443,0.14791533047126074
0.6419398715216962,1.355639352144458,1.3889129663257171,0.14791533047126074
0.6419398715216962,1.355639352144458,1.334182788756944,0.14791533047126074
0.6419398715216962,1.355639352144458,1.3619937887563967,0.14791533047126074
0.6419398715216962,1.355639352144458,1.1022618526863486,0.14791533047126074
0.6419398715216962,1.354651760252771,1.0676501600877417,0.14791533047126074
0.6419398715216962,1.354651760252771,1.330560023328544,0.14791533047126074
0.6419398715216962,1.354651760252771,1.7203561046970428,0.14791533047126074
0.6419398715216962,1.354651760252771,1.2001068348368626,0.14791533047126074
0.6419398715216962,1.354651760252771,1.6075275432957943,0.14791533047126074
0.6419398715216962,1.4043634428571832,1.5123993127845807,0.14791533047126074
0.6419398715216962,1.4043634428571832,1.4203845782279676,0.14791533047126074
0.8728441939500038,1.4043634428571832,1.0432300855996939,0.14791533047126074
0.8728441939500038,1.4043634428571832,1.0248572251680073,0.14791533047126074
0.8728441939500038,1.4043634428571832,0.9295094015781046,0.14791533047126074
0.8728441939500038,1.4043634428571832,1.1099758976123462,0.14791533047126074
0.8986179995652267,1.4085120692931998,0.8777754394645451,0.14791533047126074
0.8986179995652267,1.4085120692931998,0.9151711833329063,0.14791533047126074
0.8986179995652267,1.4085120692931998,0.9121170159449512,0.14791533047126074
0.8986179995652267,1.4085120692931998,0.9547871766949177,0.14791533047126074
0.8679676104127985,1.4085120692931998,1.0240159602406351,0.14791533047126074
0.8679676104127985,1.4085120692931998,0.9249937170856779,0.14791533047126074
0.8679676104127985,1.4085120692931998,0.9482930073631654,0.17665350663858306
0.8773855737661781,1.3829497507312434,1.0134588142930905,0.17665350663858306
0.7409422277384585,1.3829497507312434,1.0147396295907924,0.17665350663858306
0.7409422277384585,1.3829497507312434,0.9623436040274868,0.17665350663858306
0.9095014050507989,1.3829497507312434,1.0574310642612779,0.17665350663858306
0.9095014050507989,1.3829497507312434,0.9789289629404909,0.17665350663858306
1.0906850326691817,1.3829497507312434,0.934388159119369,0.21827970224680465
1.0906850326691817,1.3829497507312434,0.7440299709450905,0.21827970224680465
1.0906850326691817,1.3829497507312434,0.7775872070530082,0.21827970224680465
1.0906850326691817,1.3829497507312434,0.9438274254873856,0.21827970224680465
1.0906850326691817,1.3657358240225448,0.791180464454141,0.21827970224680465
1.0906850326691817,1.3280419335902485,0.8541211717319647,0.21827970224680465
1.0906850326691817,1.3280419335902485,0.782479638131868,0.15698838662452338
1.1091515559270455,1.3280419335902485,0.741600756468227,0.15698838662452338
1.1091515559270455,1.421770894254691,0.9155757987249986,0.15698838662452338
0.8781599448571427,1.421770894254691,0.73750889984306,0.15698838662452338
0.7182464388103181,1.421770894254691,0.9462707046595116,0.15698838662452338
0.7182464388103181,1.421770894254691,1.0387622441664013,0.15698838662452338
0.7182464388103181,1.421770894254691,1.1307049394758337,0.15698838662452338
0.55255787191553,1.421770894254691,1.4449906954136877,0.15698838662452338
0.55255787191553,1.421770894254691,1.7853179529681351,0.15698838662452338
0.55255787191553,1.421770894254691,1.6843723556503347,0.15698838662452338
0.55255787191553,1.3817116311267363,1.5479016989383736,0.15698838662452338
0.55255787191553,1.3817116311267363,1.8297100686278271,0.15698838662452338
0.55255787191553,1.3636010464645163,1.4396867197798584,0.15698838662452338
0.55255787191553,1.3636010464645163,1.3265894597799035,0.15698838662452338
0.55255787191553,1.3636010464645163,1.3919831272231282,0.15698838662452338
0.55255787191553,1.3636010464645163,1.4762773719014048,0.15698838662452338
0.55255787191553,1.3636010464645163,1.4366576414881422,0.15698838662452338
0.55255787191553,1.3636010464645163,1.4951563502358247,0.15698838662452338
0.55255787191553,1.3636010464645163,1.802623816400694,0.15698838662452338
0.55255787191553,1.5563134877581408,1.4839045307795684,0.15698838662452338
0.55255787191553,1.5563134877581408,1.2065026249713036,0.15698838662452338
0.55255787191553,1.5563134877581408,1.1758920072012067,0.15698838662452338
0.55255787191553,1.5563134877581408,1.3168241315446179,0.15698838662452338
0.55255787191553,1.5563134877581408,1.1152416734562562,0.15698838662452338
0.55255787191553,1.5563134877581408,1.3360788523083094,0.15698838662452338
0.55255787191553,1.5563134877581408,1.148446812577769,0.15698838662452338
0.55255787191553,1.5563134877581408,1.3295555253670392,0.15698838662452338
0.55255787191553,1.5563134877581408,1.106412103243784,0.15698838662452338
0.55255787191553,1.5563134877581408,1.387375163647744,0.15698838662452338
0.55255787191553,1.5563134877581408,1.2114331589467031,0.15698838662452338
0.55255787191553,1.5563134877581408,1.1693182970685179,0.15698838662452338
0.55255787191553,1.5563134877581408,1.134942422152109,0.15698838662452338
0.55255787191553,1.5563134877581408,1.140633915822114,0.15698838662452338
0.55255787191553,1.5972871379254412,1.1372173002350887,0.15698838662452338
0.55255787191553,1.5972871379254412,1.0773623379604658,0.15698838662452338
0.55255787191553,1.5972871379254412,1.125241491926071,0.15698838662452338
0.7166534502212766,1.503070761198505,1.1094415755102152,0.15698838662452338
0.7166534502212766,1.503070761198505,0.9842151520743292,0.15698838662452338
0.7166534502212766,1.503070761198505,1.0911503446066049,0.1613303192100129
0.7166534502212766,1.503070761198505,0.896561562865003,0.1613303192100129
0.7166534502212766,1.503070761198505,0.8959273831925368,0.1613303192100129
0.7166534502212766,1.4756223808708036,0.8965509297668319,0.1613303192100129
0.7166534502212766,1.4756223808708036,1.1249662357981551,0.1613303192100129
0.7166534502212766,1.4208887797380418,1.144935788978388,0.1613303192100129
0.7166534502212766,1.4208887797380418,1.0301868587390528,0.1613303192100129
0.7166534502212766,1.4208887797380418,1.0418485168391447,0.1613303192100129
0.7166534502212766,1.4208887797380418,1.190803242050607,0.1613303192100129
0.7166534502212766,1.4208887797380418,1.097045802675123,0.1613303192100129
0.7166534502212766,1.4208887797380418,1.3581837601217193,0.1613303192100129
0.7166534502212766,1.373347983136206,1.3755231039143334,0.1613303192100129
0.7166534502212766,1.373347983136206,1.1842946375712922,0.1613303192100129
0.7166534502212766,1.373347983136206,1.2313347067031002,0.1613303192100129
0.7166534502212766,1.373347983136206,1.1650537424584317,0.1613303192100129
0.7166534502212766,1.373347983136206,1.1972854066293492,0.1613303192100129
0.7166534502212766,1.373347983136206,1.1863189314214546,0.1613303192100129
0.7166534502212766,1.373347983136206,1.233981788363832,0.1613303192100129
0.7166534502212766,1.373347983136206,1.1810479108293175,0.1613303192100129
0.7166534502212766,1.373347983136206,1.3715433907887025,0.1613303192100129
0.7166534502212766,1.373347983136206,1.0938943915594592,0.1613303192100129
0.7166534502212766,1.373347983136206,1.401123669992567,0.1613303192100129
0.7166534502212766,1.373347983136206,1.5031709414505054,0.1613303192100129
0.7166534502212766,1.2534491700813033,1.5059019728763077,0.1613303192100129
0.7166534502212766,1.2534491700813033,1.4005820442219024,0.1613303192100129
0.7166534502212766,1.2534491700813033,1.4866190144129607,0.1613303192100129
0.7166534502212766,1.2534491700813033,1.6637202907152164,0.16587584717488824
0.7166534502212766,1.2534491700813033,1.2598453032806196,0.16587584717488824
0.7166534502212766,1.3585171487556442,1.6804640981780166,0.14601462704758966
0.7166534502212766,1.3585171487556442,1.0516659809372415,0.14601462704758966
0.7166534502212766,1.3585171487556442,1.3985580562075968,0.14601462704758966
0.7166534502212766,1.3585171487556442,1.1542797723436466,0.14601462704758966
0.7166534502212766,1.3585171487556442,1.323432845128217,0.14601462704758966
0.7166534502212766,1.3585171487556442,1.3069670247227099,0.14601462704758966
0.7166534502212766,1.3585171487556442,1.395482669538736,0.14601462704758966
0.7166534502212766,1.4792430323566708,1.0633156825720926,0.14601462704758966
0.7166534502212766,1.4792430323566708,0.9824201263119385,0.14601462704758966
0.7166534502212766,1.4792430323566708,1.007818010882128,0.14601462704758966
0.7166534502212766,1.4792430323566708,0.9394199874049344,0.14601462704758966
0.7166534502212766,1.4792430323566708,1.0261945990588413,0.14601462704758966
0.7166534502212766,1.4792430323566708,1.0441131485776272,0.14601462704758966
0.7166534502212766,1.4792430323566708,1.0174473544065565,0.14601462704758966
0.7166534502212766,1.4792430323566708,1.084466163751568,0.14601462704758966
0.7166534502212766,1.4792430323566708,1.0355883392258465,0.14601462704758966
0.7166534502212766,1.4792430323566708,1.1038240860003128,0.14601462704758966
0.7166534502212766,1.4792430323566708,1.0864801132853692,0.14601462704758966
0.7166534502212766,1.4626716524520817,1.2463005307496064,0.1932894954528741
0.8278144315495019,1.4626716524520817,1.0482169615421912,0.1932894954528741
0.8278144315495019,1.4626716524520817,0.8882306212624648,0.1932894954528741
0.8278144315495019,1.4626716524520817,0.8743205085291882,0.1932894954528741
0.8278144315495019,1.5781089170232303,1.0275751596463412,0.1932894954528741
0.8278144315495019,1.5781089170232303,0.8842720618554623,0.1932894954528741
0.8278144315495019,1.5781089170232303,0.8485471789791318,0.1932894954528741
0.8278144315495019,1.5781089170232303,0.7885557186914268,0.235093344819285
0.8278144315495019,1.5781089170232303,0.9053214024859969,0.235093344819285
0.8278144315495019,1.5781089170232303,0.8140943669704097,0.235093344819285
0.8278144315495019,1.5781089170232303,0.8198919741303128,0.235093344819285
0.8278144315495019,1.5781089170232303,0.9135599430521265,0.235093344819285
0.8278144315495019,1.6656437668411426,0.7432938721361679,0.235093344819285
0.8278144315495019,1.6656437668411426,0.6660497740635561,0.235093344819285
0.8278144315495019,1.6545459344033506,0.7257105660046331,0.235093344819285
0.8278144315495019,1.6545459344033506,0.6831404637493949,0.26220354417214015
0.8278144315495019,1.6545459344033506,0.6896528985465307,0.26220354417214015
0.8278144315495019,1.6545459344033506,0.657187955906885,0.26220354417214015
0.8278144315495019,1.6545459344033506,0.8496417242940902,0.26220354417214015
0.7156151007889476,1.6545459344033506,0.8493231824563418,0.26220354417214015
0.7156151007889476,1.6545459344033506,0.834469164167265,0.26220354417214015
0.7156151007889476,1.6545459344033506,0.9055436865788855,0.26220354417214015
0.7156151007889476,1.6545459344033506,0.7200771581703114,0.26220354417214015
0.7156151007889476,1.6545459344033506,0.8392288898216245,0.26495537196935065
0.7156151007889476,1.6545459344033506,0.9664305403603195,0.26495537196935065
0.7156151007889476,1.6545459344033506,0.8097572519947717,0.17493469394791364
0.7156151007889476,1.6545459344033506,0.6537285101228785,0.17493469394791364
0.7156151007889476,1.5863146304147284,0.7435786630902425,0.17493469394791364
0.7156151007889476,1.5863146304147284,0.8699958099142963,0.18298769513756183
0.7156151007889476,1.5863146304147284,0.9396707200345097,0.18298769513756183
0.7156151007889476,1.5863146304147284,0.8506187713719385,0.18298769513756183
0.7156151007889476,1.5863146304147284,1.0053558984505204,0.18298769513756183
0.7156151007889476,1.5863146304147284,0.9523278420313797,0.18298769513756183
0.7156151007889476,1.5863146304147284,1.033497959808646,0.18298769513756183
0.7156151007889476,1.5863146304147284,0.8397962947283238,0.18298769513756183
0.7156151007889476,1.5863146304147284,0.8805725909727808,0.18298769513756183
0.7156151007889476,1.5863146304147284,1.009142762736285,0.18298769513756183
0.7156151007889476,1.5863146304147284,0.9705878910469941,0.18298769513756183
0.7156151007889476,1.5863146304147284,0.9480821335787577,0.18298769513756183
0.7156151007889476,1.5863146304147284,0.9438355971587546,0.17054438462928376
0.7156151007889476,1.5863146304147284,0.9378319087447554,0.17054438462928376
0.7156151007889476,1.5863146304147284,0.8563666017188438,0.17054438462928376
0.7156151007889476,1.5863146304147284,0.8252632245923717,0.17054438462928376
0.7156151007889476,1.5863146304147284,0.8452287448726614,0.17054438462928376
0.7156151007889476,1.5863146304147284,0.8710696600411587,0.17054438462928376
0.7156151007889476,1.5863146304147284,0.8220742886563265,0.17054438462928376
0.7156151007889476,1.5863146304147284,0.9857750210244436,0.17054438462928376
0.7156151007889476,1.5863146304147284,0.9591631856832972,0.17054438462928376
0.7156151007889476,1.5863146304147284,0.9214682209109872,0.17054438462928376
0.708104357840158,1.5863146304147284,1.1622189765938022,0.17054438462928376
0.708104357840158,1.5863146304147284,0.712405715562058,0.22936015089888165
0.708104357840158,1.5863146304147284,0.8447680603420348,0.22936015089888165
0.708104357840158,1.5863146304147284,0.9352769006704407,0.22936015089888165
0.708104357840158,1.5863146304147284,0.9371393246150105,0.22936015089888165
0.708104357840158,1.5863146304147284,0.9669173756489907,0.22936015089888165
0.708104357840158,1.5863146304147284,0.799043844066167,0.22936015089888165
0.708104357840158,1.5863146304147284,1.080832996177531,0.22936015089888165
0.708104357840158,1.5863146304147284,0.8306718537132256,0.22936015089888165
0.708104357840158,1.5863146304147284,0.8374441794587117,0.22936015089888165
0.708104357840158,1.5863146304147284,1.0879542976608068,0.22936015089888165
0.708104357840158,1.5863146304147284,0.8648828652399009,0.22936015089888165
0.708104357840158,1.71604919116097,0.8213212000101768,0.38495667201334294
0.708104357840158,1.6624099957916227,0.8855765695098812,0.38495667201334294
0.708104357840158,1.6624099957916227,0.9284971166443737,0.38495667201334294
0.708104357840158,1.6624099957916227,1.0628116807227372,0.38495667201334294
0.708104357840158,1.6624099957916227,0.9297757049204611,0.38495667201334294
0.708104357840158,1.6624099957916227,0.9685084214453097,0.38495667201334294
0.708104357840158,1.6624099957916227,1.0907516350667597,0.38495667201334294
0.708104357840158,1.6624099957916227,0.9023826016001903,0.38495667201334294
0.708104357840158,1.6624099957916227,0.9164881245092967,0.21819720233123224
0.708104357840158,1.6624099957916227,0.8503803642239738,0.21819720233123224
0.708104357840158,1.6624099957916227,0.8826615159683325,0.21819720233123224
0.708104357840158,1.6624099957916227,0.7007786896542535,0.21819720233123224
0.708104357840158,1.6624099957916227,0.8615778603486668,0.21819720233123224
0.708104357840158,1.6624099957916227,0.8982595335551813,0.21819720233123224
0.708104357840158,1.6624099957916227,0.7659261678553312,0.21819720233123224
0.708104357840158,1.6624099957916227,0.9338184287656616,0.21819720233123224
0.708104357840158,1.6434418451745445,0.8198586863856621,0.21819720233123224
0.708104357840158,1.639186444858256,0.8874951812961734,0.25476772841248724
0.708104357840158,1.5916302613644708,1.0167466354168029,0.25476772841248724
0.708104357840158,1.5916302613644708,0.9660808884729333,0.25476772841248724
0.708104357840158,1.5916302613644708,1.0308295644728769,0.25476772841248724
0.708104357840158,1.5916302613644708,0.9747199394085582,0.25476772841248724
0.708104357840158,1.5916302613644708,0.8415547817306277,0.25476772841248724
0.708104357840158,1.5916302613644708,0.9397112512692014,0.20424998719147927
0.708104357840158,1.5916302613644708,0.8495205198023273,0.20424998719147927
0.708104357840158,1.5916302613644708,1.05157968967877,0.20424998719147927
0.708104357840158,1.5916302613644708,1.1765538050029658,0.3660994639151706
0.708104357840158,1.5916302613644708,0.8441266607118685,0.3660994639151706
0.708104357840158,1.5916302613644708,1.009286896117143,0.3660994639151706
0.708104357840158,1.5916302613644708,1.0604464508299778,0.3660994639151706
0.708104357840158,1.5916302613644708,0.9494102233931957,0.3660994639151706
0.708104357840158,1.5916302613644708,1.1015848106350168,0.3660994639151706
0.708104357840158,1.5916302613644708,1.048482145176378,0.3660994639151706
0.708104357840158,1.5916302613644708,0.9963612329483921,0.3660994639151706
0.708104357840158,1.5916302613644708,1.2460908070681822,0.3660994639151706
0.708104357840158,1.5916302613644708,0.973925952720336,0.3660994639151706
0.708104357840158,1.5916302613644708,0.9942867088827362,0.37803457035023275
0.708104357840158,1.5916302613644708,1.034386628598568,0.37803457035023275
0.708104357840158,1.716380216597129,0.9717949590559862,0.37803457035023275
0.6292385999159198,1.7319725141351145,0.836668620483395,0.37803457035023275
0.6292385999159198,1.7319725141351145,0.9510708680780123,0.37803457035023275
0.6292385999159198,1.7319725141351145,0.7986558493167685,0.37803457035023275
0.6292385999159198,1.7319725141351145,0.9012173977157724,0.37803457035023275
0.6292385999159198,1.7319725141351145,0.8348889109947973,0.37803457035023275
0.6292385999159198,1.7319725141351145,0.9302211904789471,0.37803457035023275
0.6292385999159198,1.7319725141351145,0.8382900048715143,0.37803457035023275
0.6292385999159198,1.7319725141351145,1.0475167304992328,0.37803457035023275
0.6292385999159198,1.7319725141351145,0.9554682100818243,0.37803457035023275
0.6292385999159198,1.7319725141351145,0.9332933876056031,0.37803457035023275
0.6292385999159198,1.7319725141351145,0.9849096742921531,0.37803457035023275
0.6292385999159198,1.7319725141351145,1.053419099010973,0.37803457035023275
0.6292385999159198,1.7319725141351145,1.2157876976645956,0.37803457035023275
0.6292385999159198,1.7319725141351145,0.9094927476741367,0.37803457035023275
0.6292385999159198,1.7319725141351145,0.7402474777056227,0.37803457035023275
0.6292385999159198,1.7319725141351145,0.8195094191821396,0.37803457035023275
0.6292385999159198,1.7319725141351145,1.034213108921733,0.37803457035023275
0.6292385999159198,1.7319725141351145,0.9494553143300227,0.37803457035023275
0.6292385999159198,1.7319725141351145,1.008157029374422,0.37803457035023275
0.6292385999159198,1.7319725141351145,0.7747061195885999,0.37803457035023275
0.6292385999159198,1.7319725141351145,0.8363872178465136,0.37803457035023275
0.6292385999159198,1.7652683778086264,0.887675439448341,0.37803457035023275
0.6292385999159198,1.7652683778086264,0.8931940467071525,0.37803457035023275
0.6292385999159198,1.7652683778086264,0.8527136301332836,0.37803457035023275
0.6292385999159198,1.7652683778086264,0.9533758470493309,0.37803457035023275
0.6194545268584947,1.7899163162739051,0.9241912708955853,0.37803457035023275
0.6194545268584947,1.7899163162739051,0.9023077670983417,0.37803457035023275
0.6194545268584947,1.7899163162739051,0.869748445723046,0.37803457035023275
0.6194545268584947,1.7899163162739051,1.0239106193020298,0.37803457035023275
0.6194545268584947,1.7899163162739051,0.9265055298396107,0.37803457035023275
0.6150198023215945,1.7899163162739051,0.7121415380670016,0.37803457035023275
0.6150198023215945,1.821831548863979,0.8534510195432446,0.37803457035023275
0.6150198023215945,1.821831548863979,0.8701234942200765,0.37803457035023275
0.6150198023215945,1.821831548863979,0.8092177522515253,0.37803457035023275
0.6150198023215945,1.821831548863979,0.7730652910249914,0.37803457035023275
0.6150198023215945,1.821831548863979,0.9195579597003222,0.46867900354082087
0.6150198023215945,1.821831548863979,0.7831966578139347,0.46867900354082087
0.6150198023215945,1.821831548863979,0.8109824829816168,0.46867900354082087
0.6150198023215945,1.821831548863979,0.9012708284891928,0.46867900354082087
0.6150198023215945,1.821831548863979,0.7562115418498179,0.46867900354082087
0.6150198023215945,1.821831548863979,0.9567904098274884,0.2996687553932062
0.6150198023215945,1.821831548863979,0.7467225483378682,0.2996687553932062
0.6150198023215945,1.8275626934883265,0.8169117585211609,0.3346323950069012
0.6150198023215945,1.8275626934883265,0.7781707201352792,0.3346323950069012
0.7020245156970221,1.8275626934883265,0.7168527899370888,0.3346323950069012
0.7020245156970221,1.8275626934883265,0.6350559088452987,0.3346323950069012
0.7020245156970221,1.8275626934883265,0.7291603419897422,0.3530045560074535
0.7020245156970221,1.8275626934883265,0.7185762666953028,0.3530045560074535
0.7020245156970221,1.6522548943828992,0.8362554525006587,0.3530045560074535
0.7020245156970221,1.6522548943828992,0.9439426765485078,0.2582358755374008
0.7020245156970221,1.704221134842372,0.708449908814137,0.2582358755374008
0.7020245156970221,1.6254188053716434,0.7529110535482758,0.2582358755374008
0.7020245156970221,1.6254188053716434,0.935411543647587,0.2582358755374008
0.7020245156970221,1.6254188053716434,0.7873383061276464,0.2582358755374008
0.5474812406450126,1.6254188053716434,0.9778682744801831,0.2582358755374008
0.5474812406450126,1.6254188053716434,1.0702630085961111,0.2582358755374008
0.5474812406450126,1.6254188053716434,1.2375466978637792,0.2582358755374008
0.5474812406450126,1.6254188053716434,1.2755213570888213,0.2582358755374008
0.5474812406450126,1.6254188053716434,1.126084970799679,0.2582358755374008
0.6663624225666734,1.6254188053716434,0.9990933136807334,0.2582358755374008
0.6663624225666734,1.6254188053716434,0.8865497111582595,0.2582358755374008
0.6663624225666734,1.6254188053716434,0.9922366830548784,0.2582358755374008
0.6663624225666734,1.6254188053716434,1.0760909170871613,0.2582358755374008
0.6663624225666734,1.6254188053716434,0.8573448931066361,0.2582358755374008
0.6663624225666734,1.6254188053716434,1.0934868661352815,0.2582358755374008
0.6663624225666734,1.6254188053716434,1.0293047702399196,0.2793788952234729
0.6663624225666734,1.6254188053716434,0.952202001260141,0.2793788952234729
0.6663624225666734,1.6254188053716434,1.0757360351046035,0.2793788952234729
0.6663624225666734,1.6254188053716434,0.9643861941022156,0.2793788952234729
0.6663624225666734,1.6254188053716434,0.8245421208360076,0.2793788952234729
0.6663624225666734,1.6254188053716434,0.9977706760838372,0.2793788952234729
0.6663624225666734,1.6254188053716434,0.9763615467094087,0.2793788952234729
0.6663624225666734,1.6254188053716434,0.8974763617372679,0.2793788952234729
0.6663624225666734,1.6254188053716434,0.9258658877459984,0.2793788952234729
0.6663624225666734,1.6254188053716434,1.109920888911264,0.2793788952234729
0.6663624225666734,1.6254188053716434,0.9707904289778722,0.17768160877323758
0.6663624225666734,1.6254188053716434,0.8198118311808008,0.17768160877323758
0.6663624225666734,1.6254188053716434,0.9647289991487619,0.17768160877323758
0.6663624225666734,1.6254188053716434,1.0024232046286214,0.32267125910803923
0.6663624225666734,1.6254188053716434,1.035900239343096,0.32267125910803923
0.6663624225666734,1.6254188053716434,0.8483535776537139,0.32267125910803923
0.6663624225666734,1.6254188053716434,1.0044098880085948,0.387944675584989
0.6663624225666734,1.6254188053716434,1.0357987115505776,0.26826330434776985
0.6663624225666734,1.6254188053716434,0.8986627567815434,0.26826330434776985
0.7444990756381336,1.6254188053716434,0.9195824251959789,0.26826330434776985
0.7444990756381336,1.6254188053716434,0.7139390485557574,0.26826330434776985
0.7444990756381336,1.6254188053716434,0.8814857718745194,0.26826330434776985
0.7444990756381336,1.6254188053716434,0.8372674826501445,0.26826330434776985
0.7444990756381336,1.6254188053716434,0.8827571879928169,0.26826330434776985
0.7444990756381336,1.6254188053716434,0.7938212382190638,0.26826330434776985
0.7444990756381336,1.6254188053716434,0.770074094025656,0.26826330434776985
0.7444990756381336,1.6254188053716434,0.8797618832343442,0.26826330434776985
0.7444990756381336,1.5917204418367383,0.962724399586112,0.26826330434776985
0.7444990756381336,1.5917204418367383,0.8321748964914387,0.26826330434776985
0.7444990756381336,1.5917204418367383,0.8283065085085107,0.1722829177033058
0.7444990756381336,1.5917204418367383,0.6361559189832859,0.1722829177033058
0.7444990756381336,1.63105637043331,0.6571683569318867,0.1722829177033058
0.7444990756381336,1.63105637043331,0.7297716917466582,0.1722829177033058
0.7444990756381336,1.63105637043331,0.7236452385380236,0.1722829177033058
0.7444990756381336,1.63105637043331,0.8288408420733349,0.1722829177033058
0.7444990756381336,1.63105637043331,0.7848170912359335,0.1722829177033058
0.7444990756381336,1.63105637043331,0.8472203664546147,0.3502580077676594
0.7444990756381336,1.63105637043331,1.2620424078689254,0.3502580077676594
0.7444990756381336,1.63105637043331,0.9032920206160271,0.3502580077676594
0.7444990756381336,1.63105637043331,0.9083501421549205,0.3502580077676594
0.7444990756381336,1.63105637043331,0.9100217840490015,0.35581964772135377
0.7444990756381336,1.63105637043331,0.8593348127752296,0.35581964772135377
0.7444990756381336,1.63105637043331,1.0572501981914117,0.35581964772135377
0.7128423911605489,1.63105637043331,0.9979093109596171,0.35581964772135377
0.7128423911605489,1.63105637043331,0.9982994610132427,0.35581964772135377
0.7128423911605489,1.63105637043331,0.9499791965055214,0.2290778004515272
0.7128423911605489,1.63105637043331,0.7659437109373526,0.2290778004515272
0.7128423911605489,1.63105637043331,0.8106367963560657,0.2290778004515272
0.7128423911605489,1.63105637043331,1.030734543410682,0.2290778004515272
0.7128423911605489,1.63105637043331,0.7472523382385811,0.2290778004515272
0.7128423911605489,1.63105637043331,1.0890688871595586,0.2290778004515272
0.7128423911605489,1.63105637043331,0.8910263636235983,0.23513322220951424
0.7128423911605489,1.63105637043331,0.8630859983601072,0.23513322220951424
0.7775523491744879,1.63105637043331,0.8332823114887418,0.23513322220951424
0.8604725165627624,1.63105637043331,0.8346959482959299,0.39281012004469834
0.8604725165627624,1.63105637043331,0.7943244344042475,0.399135328980876
0.8604725165627624,1.5841413562949516,0.8231163194809887,0.399135328980876
0.8604725165627624,1.5548498615428448,0.96074460545931,0.399135328980876
0.8604725165627624,1.5548498615428448,1.0315051893486265,0.399135328980876
0.8604725165627624,1.5548498615428448,1.0614698619123235,0.2954068491632407
0.8604725165627624,1.5548498615428448,0.7625830952842566,0.2954068491632407
0.8604725165627624,1.5548498615428448,0.9803000096558423,0.29795632752522583
0.8604725165627624,1.5548498615428448,0.9576836066654998,0.29795632752522583
0.8604725165627624,1.5548498615428448,1.0221825382513798,0.29795632752522583
0.8604725165627624,1.5548498615428448,0.8453591748259579,0.29795632752522583
0.8604725165627624,1.5548498615428448,0.9187773618425708,0.29795632752522583
0.8604725165627624,1.5548498615428448,0.8406275114749889,0.29795632752522583
0.8604725165627624,1.5548498615428448,0.8746438822411818,0.29795632752522583
0.8604725165627624,1.5548498615428448,0.8811136308466206,0.29795632752522583
0.8604725165627624,1.5548498615428448,0.8937399856708078,0.29795632752522583
0.8604725165627624,1.73567833457034,0.7246070474146338,0.29795632752522583
0.8604725165627624,1.73567833457034,0.6074786424023383,0.29795632752522583
0.8604725165627624,1.73567833457034,0.6354701236101723,0.29795632752522583
0.8604725165627624,1.7643079633616119,0.6763884996482136,0.29795632752522583
0.8604725165627624,1.7643079633616119,0.5869062128856671,0.29795632752522583
0.8604725165627624,1.7643079633616119,0.5710189163883298,0.29795632752522583
0.8604725165627624,1.7643079633616119,0.6277821612577064,0.29795632752522583
0.8604725165627624,1.7643079633616119,0.607778953858784,0.29795632752522583
0.8604725165627624,1.7643079633616119,0.6716150890828626,0.29795632752522583
0.8604725165627624,1.7643079633616119,0.5893338285784684,0.29795632752522583
0.8902047017064103,1.7643079633616119,0.5675070160296215,0.29795632752522583
0.8902047017064103,1.7643079633616119,0.5600350326087147,0.29795632752522583
0.8902047017064103,1.7643079633616119,0.5492584449637671,0.29795632752522583
0.8902047017064103,1.7643079633616119,0.5389837815880064,0.29795632752522583
0.8902047017064103,1.7643079633616119,0.5785545062034139,0.29795632752522583
0.8902047017064103,1.7589491749261565,0.6240438273507108,0.3162413481122042
0.8902047017064103,1.7589491749261565,0.6871391972500965,0.3162413481122042
0.8902047017064103,1.7589491749261565,0.6180031233184649,0.3162413481122042
0.8902047017064103,1.7589491749261565,0.5267508869420592,0.3162413481122042
0.8902047017064103,1.7589491749261565,0.5819129999174831,0.3162413481122042
0.8902047017064103,1.7589491749261565,0.7042482259407457,0.3162413481122042
0.8902047017064103,1.7589491749261565,0.6732318867181704,0.3162413481122042
0.8902047017064103,1.7589491749261565,0.6275553269840113,0.3162413481122042
0.8902047017064103,1.7589491749261565,0.5210172267549744,0.3162413481122042
0.8902047017064103,1.7589491749261565,0.621062173747262,0.3162413481122042
0.8902047017064103,1.7589491749261565,0.6140687428613191,0.3162413481122042
0.8902047017064103,1.7589491749261565,0.6653590837645705,0.3162413481122042
0.7539649938266533,1.7589491749261565,0.635222505683225,0.3162413481122042
0.7539649938266533,1.7589491749261565,0.6276469312279297,0.25611525244318983
0.7539649938266533,1.8258210000363275,0.680591163123398,0.25611525244318983
0.7539649938266533,1.8258210000363275,0.5510783004564187,0.25611525244318983
0.7539649938266533,1.8258210000363275,0.6011931764711068,0.25611525244318983
0.7539649938266533,1.8258210000363275,0.5907610963339576,0.25611525244318983
0.7539649938266533,1.8258210000363275,0.603706044327872,0.25611525244318983
0.7539649938266533,1.8258210000363275,0.6461996924152765,0.25611525244318983
0.7539649938266533,1.8258210000363275,0.5867147708662301,0.25611525244318983
0.7539649938266533,1.8258210000363275,0.61774314138811,0.25611525244318983
0.7539649938266533,1.8258210000363275,0.5992840655776906,0.25611525244318983
0.7539649938266533,1.8258210000363275,0.5651407078243732,0.25611525244318983
0.7539649938266533,1.8258210000363275,0.5850148403782244,0.25611525244318983
0.7539649938266533,1.8258210000363275,0.6154474624139369,0.3054967258569785
0.7539649938266533,1.8258210000363275,0.5838759998304274,0.3054967258569785
0.7539649938266533,1.8258210000363275,0.6670211148811671,0.3054967258569785
0.7539649938266533,1.8258210000363275,0.6206596656739792,0.3054967258569785
0.7539649938266533,1.8258210000363275,0.6745433902712183,0.3054967258569785
0.7539649938266533,1.8258210000363275,0.5780970917028204,0.3054967258569785
0.6642916721665725,1.8258210000363275,0.6442379889135034,0.3054967258569785
0.6642916721665725,1.8258210000363275,0.7252959338675715,0.3054967258569785
0.6642916721665725,1.8258210000363275,0.7487036818525564,0.3054967258569785
0.6642916721665725,1.8258210000363275,0.6840223992158262,0.3054967258569785
0.6642916721665725,1.8258210000363275,0.7440628315185073,0.3054967258569785
0.6642916721665725,1.8258210000363275,0.680010740264588,0.3054967258569785
0.6642916721665725,1.8258210000363275,0.7052297370041898,0.3054967258569785
0.6642916721665725,1.8258210000363275,0.8667228273821378,0.3273339817568948
0.6642916721665725,1.8258210000363275,0.6124752538085403,0.22555404361079404
0.6642916721665725,1.8258210000363275,0.6135238517770369,0.22555404361079404
0.6642916721665725,1.8258210000363275,0.6170868566398987,0.22555404361079404
0.6642916721665725,1.77928410497287,0.6213315078891115,0.22555404361079404
0.6642916721665725,1.77928410497287,0.7533871964544618,0.22555404361079404
0.6642916721665725,1.77928410497287,0.7093785304971235,0.22555404361079404
0.6642916721665725,1.7939437103116804,0.7327715437209767,0.22555404361079404
0.6642916721665725,1.7939437103116804,0.6345931190875332,0.22555404361079404
0.6642916721665725,1.7939437103116804,0.7256278255115147,0.22555404361079404
0.6642916721665725,1.7939437103116804,0.714907372479167,0.22555404361079404
0.6642916721665725,1.7939437103116804,0.6649421549888516,0.22555404361079404
0.6642916721665725,1.7939437103116804,0.6823538563978122,0.22555404361079404
0.6642916721665725,1.7939437103116804,0.7673701513500784,0.22555404361079404
0.6642916721665725,1.7939437103116804,0.6994731271456592,0.22555404361079404
0.6642916721665725,1.7939437103116804,0.7032298866269387,0.22555404361079404
0.6642916721665725,1.7939437103116804,0.7142110212056197,0.22555404361079404
0.6642916721665725,1.7939437103116804,0.765552339174415,0.22555404361079404
0.6642916721665725,1.7939437103116804,0.6265481670996761,0.22555404361079404
0.6642916721665725,1.7939437103116804,0.6916547430517426,0.22555404361079404
0.6478493316492416,1.7939437103116804,0.7467659837388414,0.22555404361079404
0.6478493316492416,1.7939437103116804,0.6960339616903607,0.3096128318863914
0.6478493316492416,1.7939437103116804,0.7816765656648234,0.3096128318863914
0.6478493316492416,1.7939437103116804,0.8038330957526603,0.3096128318863914
0.5906970664180312,1.7939437103116804,0.8111585706986714,0.3096128318863914
0.5906970664180312,1.7939437103116804,0.6968098972769293,0.3096128318863914
0.5906970664180312,1.7939437103116804,0.7299437535859239,0.3096128318863914
0.5906970664180312,1.7939437103116804,0.9698874060080359,0.3096128318863914
0.4756621087469206,1.7939437103116804,1.0071393323596685,0.239542007803178
0.4756621087469206,1.7939437103116804,0.7783116680274413,0.239542007803178
0.5895757305842653,1.7939437103116804,0.9488442697230502,0.239542007803178
0.5895757305842653,1.7939437103116804,0.8728214424495555,0.239542007803178
0.5895757305842653,1.7939437103116804,0.8206943088140783,0.239542007803178
0.5895757305842653,1.7939437103116804,0.8003707963157746,0.239542007803178
0.5895757305842653,1.7939437103116804,0.8093704233006153,0.239542007803178
0.5895757305842653,1.7663840461391518,0.9012326805314045,0.239542007803178
0.5895757305842653,1.7663840461391518,0.7970548719325184,0.4009238152296651
0.5895757305842653,1.7663840461391518,0.9169446120160812,0.4009238152296651
0.5895757305842653,1.7663840461391518,1.128177750679399,0.4009238152296651
0.5895757305842653,1.7663840461391518,0.9890595479631523,0.26135785241112447
0.5895757305842653,1.7663840461391518,0.9331889618210507,0.26135785241112447
0.5895757305842653,1.7663840461391518,0.7560518176309633,0.26135785241112447
0.5895757305842653,1.7663840461391518,0.8520136602246163,0.3722675000890311
0.5895757305842653,1.7663840461391518,0.937954545282601,0.3722675000890311
0.5895757305842653,1.7663840461391518,0.8626711414612136,0.3722675000890311
0.5895757305842653,1.7198782072211247,1.0246370883894214,0.3722675000890311
0.5895757305842653,1.7198782072211247,0.9030960737175339,0.3722675000890311
0.5895757305842653,1.7198782072211247,0.9529706488037127,0.3722675000890311
0.5895757305842653,1.7198782072211247,0.8807061353352429,0.3722675000890311
0.5895757305842653,1.7198782072211247,1.040938220683188,0.3722675000890311
0.5895757305842653,1.8102360098064514,0.8581288945084797,0.3722675000890311
0.5895757305842653,1.8102360098064514,0.8179521887927244,0.3722675000890311
0.5895757305842653,1.8102360098064514,0.8745413241851215,0.3634778698523268
0.5895757305842653,1.8102360098064514,0.6982312089378168,0.35340474418477863
0.5895757305842653,1.8102360098064514,0.8194878146561221,0.35340474418477863
0.5895757305842653,1.8102360098064514,0.8990883512319437,0.35340474418477863
0.5895757305842653,1.8102360098064514,0.823493197519588,0.35340474418477863
0.5895757305842653,1.9065610757283307,0.7631453416014081,0.35340474418477863
0.5895757305842653,1.9065610757283307,0.6889209115621932,0.35340474418477863
0.5895757305842653,1.7510614311984232,0.8550605040623827,0.35340474418477863
0.5895757305842653,1.7510614311984232,0.9693214830449713,0.29902795803739657
0.5895757305842653,1.7510614311984232,0.738759596396376,0.29902795803739657
0.5895757305842653,1.7510614311984232,0.7968038897138288,0.29902795803739657
0.5895757305842653,1.7510614311984232,0.9379687730918312,0.29902795803739657
0.5895757305842653,1.5700591722729025,1.0344151036284777,0.14698751549171757
0.5895757305842653,1.5700591722729025,1.5099192576233476,0.14698751549171757
0.5895757305842653,1.5700591722729025,1.0413936458338529,0.14698751549171757
0.5895757305842653,1.5700591722729025,1.0150005173588725,0.14698751549171757
0.5895757305842653,1.5700591722729025,1.0484563563868883,0.14698751549171757
0.5895757305842653,1.5700591722729025,1.2941453252223596,0.14698751549171757
0.5895757305842653,1.5700591722729025,0.9807797275199828,0.14698751549171757
0.5895757305842653,1.5743541826057705,1.1452704999531746,0.14698751549171757
0.5895757305842653,1.5743541826057705,1.1269439140294462,0.14698751549171757
0.5895757305842653,1.5743541826057705,0.909739885199203,0.14698751549171757
0.5895757305842653,1.5743541826057705,0.9479815862069916,0.14698751549171757
0.5895757305842653,1.5743541826057705,1.0175365244119143,0.14698751549171757
0.8357431266719936,1.384300245246608,1.1779007542763678,0.14698751549171757
0.8357431266719936,1.384300245246608,0.9032043147444171,0.14698751549171757
0.8357431266719936,1.384300245246608,1.197084230214316,0.14698751549171757
0.8357431266719936,1.384300245246608,1.0245100316884497,0.14698751549171757
0.8357431266719936,1.384300245246608,1.0810285629320489,0.14698751549171757
0.8357431266719936,1.384300245246608,0.7982870189443408,0.14698751549171757
0.8357431266719936,1.384300245246608,1.006252893002179,0.14698751549171757
0.8357431266719936,1.384300245246608,1.1188002129609267,0.14698751549171757
0.8357431266719936,1.384300245246608,1.0025044497743278,0.14698751549171757
0.8357431266719936,1.384300245246608,1.019260784362146,0.14698751549171757
0.8357431266719936,1.384300245246608,1.0494364362895974,0.14698751549171757
0.8357431266719936,1.384300245246608,0.9121481482510437,0.14698751549171757
0.7161934356095204,1.384300245246608,1.016581498572645,0.14698751549171757
0.7161934356095204,1.384300245246608,1.2224598892260905,0.14698751549171757
0.7161934356095204,1.384300245246608,1.142170679933167,0.14698751549171757
0.7161934356095204,1.384300245246608,1.3394425441383697,0.14698751549171757
0.7161934356095204,1.384300245246608,1.2382214853396927,0.14698751549171757
0.7161934356095204,1.384300245246608,1.3119408936714647,0.14698751549171757
0.7161934356095204,1.384300245246608,1.151099589508229,0.14698751549171757
0.7161934356095204,1.4422229587592628,1.0276121571757209,0.14698751549171757
0.7161934356095204,1.4422229587592628,1.0170505735798416,0.14698751549171757
0.7906380736547881,1.4422229587592628,1.072851931292253,0.14698751549171757
0.7906380736547881,1.4422229587592628,0.8848414639292983,0.14698751549171757
0.7906380736547881,1.4422229587592628,0.9301566554496943,0.14698751549171757
0.7906380736547881,1.4422229587592628,0.9141116106910772,0.14698751549171757
0.7906380736547881,1.4422229587592628,0.8879246539508707,0.14698751549171757
0.7906380736547881,1.4422229587592628,0.9688481696701248,0.14698751549171757
0.7906380736547881,1.4422229587592628,1.1187793495453775,0.14698751549171757
0.7906380736547881,1.4422229587592628,1.0064748815611422,0.14698751549171757
0.7906380736547881,1.4422229587592628,0.8921826376725983,0.14698751549171757
0.7906380736547881,1.4422229587592628,1.1139402280471224,0.14698751549171757
0.7906380736547881,1.4422229587592628,1.0436079522448738,0.1650863747759434
0.7906380736547881,1.4422229587592628,1.0245536918461484,0.1650863747759434
0.7906380736547881,1.4422229587592628,1.0001761404589367,0.1650863747759434
0.7906380736547881,1.4422229587592628,0.9997324959115673,0.19579011648859268
0.7906380736547881,1.4422229587592628,0.8863036726691993,0.19579011648859268
0.7906380736547881,1.4422229587592628,1.1103414455952139,0.19579011648859268
0.7906380736547881,1.4422229587592628,0.9950266514232293,0.19579011648859268
0.7906380736547881,1.4422229587592628,0.8853964466594466,0.19579011648859268
0.7906380736547881,1.4422229587592628,1.050885218400444,0.19579011648859268
0.7906380736547881,1.4422229587592628,1.0805908373221838,0.19579011648859268
0.7906380736547881,1.4422229587592628,1.088055614570864,0.1973483890840573
0.7906380736547881,1.4422229587592628,1.0174007383907944,0.1973483890840573
0.7906380736547881,1.4422229587592628,1.2018115270088092,0.1973483890840573
0.7906380736547881,1.4422229587592628,0.9934165497641667,0.1973483890840573
0.7906380736547881,1.4422229587592628,1.0554898434881048,0.1973483890840573
0.7906380736547881,1.4422229587592628,1.1535081397980969,0.1973483890840573
0.8150731518764186,1.4422229587592628,1.2156241498391174,0.1973483890840573
0.6642526552735593,1.4422229587592628,1.1553981079880928,0.1973483890840573
0.6642526552735593,1.4422229587592628,1.1980436812118065,0.1973483890840573
0.6642526552735593,1.4422229587592628,1.4483992033099908,0.1973483890840573
0.6642526552735593,1.4422229587592628,1.2981118239710978,0.1973483890840573
0.6642526552735593,1.4446315754820838,1.2591693069736618,0.1973483890840573
0.6642526552735593,1.4446315754820838,1.0509319819819316,0.1973483890840573
0.6642526552735593,1.4446315754820838,1.3847869387441798,0.1973483890840573
0.6642526552735593,1.4446315754820838,1.0442188319178953,0.1973483890840573
0.6642526552735593,1.4446315754820838,1.1159619525561069,0.1973483890840573
0.6642526552735593,1.4446315754820838,1.1840833986909713,0.1973483890840573
0.6642526552735593,1.4446315754820838,1.0827750768811373,0.1973483890840573
0.6642526552735593,1.4446315754820838,1.2213508600580234,0.1973483890840573
0.6642526552735593,1.4446315754820838,1.053325768092621,0.1973483890840573
0.6642526552735593,1.4446315754820838,1.3971827128423167,0.1973483890840573
0.6642526552735593,1.4446315754820838,1.3151317203346875,0.1973483890840573
0.6642526552735593,1.4446315754820838,1.1612905001010998,0.1973483890840573
0.6642526552735593,1.4446315754820838,1.2587402513045969,0.1973483890840573
0.6642526552735593,1.5730021518334363,1.1349962651217747,0.1973483890840573
0.6642526552735593,1.5730021518334363,0.8577358022021516,0.1973483890840573
0.6642526552735593,1.5730021518334363,0.8804666209576,0.1973483890840573
0.6642526552735593,1.5730021518334363,1.002769666777387,0.1973483890840573
0.6642526552735593,1.5730021518334363,0.9900156899832345,0.1973483890840573
0.6642526552735593,1.5730021518334363,1.0507396626171492,0.3467978775081739
0.6642526552735593,1.5730021518334363,1.2237872548126512,0.3467978775081739
0.6642526552735593,1.5730021518334363,1.291472472580252,0.3467978775081739
0.6642526552735593,1.5949738413884784,0.9731887777650785,0.3467978775081739
0.6642526552735593,1.5949738413884784,1.0710423768583628,0.3467978775081739
0.6966161435999477,1.5949738413884784,1.0904924828791038,0.3467978775081739
0.6966161435999477,1.5949738413884784,0.9227806374355766,0.3467978775081739
0.6966161435999477,1.5949738413884784,0.9762052828588306,0.3467978775081739
0.6966161435999477,1.5949738413884784,1.00202867357045,0.3467978775081739
0.6966161435999477,1.5949738413884784,0.9488579292680929,0.3467978775081739
0.6966161435999477,1.5949738413884784,1.084583369042766,0.3467978775081739
0.6966161435999477,1.5949738413884784,1.0016633411214224,0.3467978775081739
0.6735156691127923,1.5949738413884784,1.0544313677554331,0.3467978775081739
0.6735156691127923,1.5949738413884784,0.9303037594641007,0.3117978115641928
0.6735156691127923,1.5949738413884784,1.0676575426035169,0.3117978115641928
0.6735156691127923,1.5949738413884784,1.3197831667088435,0.3117978115641928
0.6735156691127923,1.5949738413884784,0.8869559261411326,0.3117978115641928
0.6735156691127923,1.5949738413884784,1.1901007581825778,0.33675805895206146
0.6735156691127923,1.5949738413884784,1.1111166154842391,0.33675805895206146
0.6735156691127923,1.5949738413884784,1.0392288971313781,0.33675805895206146
0.6735156691127923,1.5949738413884784,1.142915409379328,0.33675805895206146
0.6735156691127923,1.5949738413884784,0.9461399786862481,0.3411914883434244
0.6735156691127923,1.5949738413884784,1.0447272263628078,0.3411914883434244
0.6735156691127923,1.5949738413884784,1.1295318950411815,0.36556137367034836
0.6735156691127923,1.5949738413884784,1.243082359233753,0.36556137367034836
0.6735156691127923,1.5949738413884784,1.1088902630046757,0.36556137367034836
0.6735156691127923,1.5949738413884784,0.994673361440086,0.36556137367034836
0.6735156691127923,1.5949738413884784,1.2088298332138108,0.36556137367034836
0.6735156691127923,1.5949738413884784,0.9527114085552494,0.2715231399592552
0.6735156691127923,1.5949738413884784,1.0570297115819316,0.2715231399592552
0.6735156691127923,1.5949738413884784,0.9577645148480693,0.2715231399592552
0.6735156691127923,1.5949738413884784,1.0584958267577096,0.2715231399592552
0.6735156691127923,1.68354907346326,0.9084606385841851,0.2715231399592552
0.6735156691127923,1.68354907346326,0.7974347959553886,0.2715231399592552
0.6735156691127923,1.68354907346326,0.9333459877747053,0.2715231399592552
0.6735156691127923,1.68354907346326,0.8369964221197274,0.2715231399592552
0.6735156691127923,1.68354907346326,0.9218726987214041,0.2715231399592552
0.6735156691127923,1.68354907346326,0.8684033315700603,0.2715231399592552
0.6735156691127923,1.68354907346326,0.9664198210375528,0.2715231399592552
0.6735156691127923,1.68354907346326,0.7656221510003572,0.2273409564237932
0.6735156691127923,1.68354907346326,0.8019754026890318,0.2273409564237932
0.6735156691127923,1.68354907346326,0.9009658552483629,0.2273409564237932
0.6735156691127923,1.68354907346326,0.7826556502454143,0.2273409564237932
0.6735156691127923,1.68354907346326,0.94979464915779,0.2273409564237932
0.6735156691127923,1.68354907346326,0.8889507339080074,0.2273409564237932
0.6646234612687483,1.68354907346326,0.9641813672468961,0.26878745034538204
0.6646234612687483,1.68354907346326,0.953311210515813,0.26878745034538204
0.6646234612687483,1.68354907346326,1.0096087433062864,0.26878745034538204
0.6646234612687483,1.68354907346326,0.8851364314948549,0.26878745034538204
0.6646234612687483,1.68354907346326,0.8148723104460447,0.26878745034538204
0.6646234612687483,1.68354907346326,0.7667679195795716,0.26878745034538204
0.6646234612687483,1.68354907346326,0.8981879533429846,0.26878745034538204
0.5924189628585189,1.68354907346326,0.8719980019041635,0.26878745034538204
0.5924189628585189,1.68354907346326,0.8412954216892798,0.26878745034538204
0.5924189628585189,1.68354907346326,0.9152273976043046,0.26878745034538204
0.5924189628585189,1.68354907346326,0.8355931476635517,0.26878745034538204
0.5924189628585189,1.68354907346326,0.9993015163050923,0.26878745034538204
0.5924189628585189,1.68354907346326,0.9956774727978149,0.2612229620212285
0.5924189628585189,1.68354907346326,1.0360881635235204,0.2612229620212285
0.723884919553774,1.68354907346326,0.8764108148013489,0.2612229620212285
0.723884919553774,1.68354907346326,0.7662267818247099,0.2612229620212285
0.723884919553774,1.6880429452724774,0.7697395651098049,0.2612229620212285
0.723884919553774,1.6880429452724774,0.8433036455531935,0.2612229620212285
0.723884919553774,1.6880429452724774,0.7050528643837052,0.2612229620212285
0.723884919553774,1.6366986442639606,0.7275202506978755,0.2612229620212285
0.723884919553774,1.6366986442639606,0.8631293820232202,0.2612229620212285
0.723884919553774,1.6366986442639606,0.850140332663101,0.2612229620212285
0.723884919553774,1.6872263571174917,0.840107717246583,0.24787370692867797
0.723884919553774,1.6872263571174917,0.7270923762966329,0.24787370692867797
0.723884919553774,1.6872263571174917,0.802082286124067,0.24787370692867797
0.723884919553774,1.6872263571174917,0.7904195135095253,0.24787370692867797
0.723884919553774,1.6872263571174917,0.748315943090572,0.24787370692867797
0.723884919553774,1.6872263571174917,0.7417455529528117,0.24787370692867797
0.723884919553774,1.598060489141325,0.8605337110020201,0.24787370692867797
0.723884919553774,1.598060489141325,0.9503166396930764,0.24787370692867797
0.723884919553774,1.598060489141325,0.7856700471248732,0.24787370692867797
0.723884919553774,1.598060489141325,0.8913429205012002,0.24787370692867797
0.723884919553774,1.598060489141325,0.9049640126237667,0.24787370692867797
0.723884919553774,1.598060489141325,0.9416834662817124,0.24787370692867797
0.723884919553774,1.4794764593691692,0.9860664767057923,0.24787370692867797
0.723884919553774,1.4794764593691692,1.240934532667504,0.2782068058753621
0.723884919553774,1.4794764593691692,1.0012040087316847,0.2782068058753621
0.723884919553774,1.4794764593691692,0.9018299335728137,0.2782068058753621
0.7510525688201981,1.4794764593691692,1.2279447539838517,0.2782068058753621
0.7510525688201981,1.4794764593691692,1.1319603486706875,0.2782068058753621
0.7510525688201981,1.4794764593691692,1.1532428163211657,0.2782068058753621
0.7510525688201981,1.4794764593691692,0.9798416174480857,0.2782068058753621
0.7510525688201981,1.4794764593691692,1.0980464747272687,0.2782068058753621
0.7510525688201981,1.4794764593691692,1.2519237477614205,0.2782068058753621
0.7510525688201981,1.4794764593691692,1.2064363229137158,0.2782068058753621
0.7510525688201981,1.4794764593691692,0.9209213051226893,0.22264485311940077
0.7510525688201981,1.4794764593691692,1.1581996926128584,0.22264485311940077
0.7510525688201981,1.4794764593691692,0.9154545474380698,0.22264485311940077
0.9017253610043269,1.4794764593691692,0.9292539415193081,0.22264485311940077
0.9017253610043269,1.4794764593691692,0.9389939899016619,0.22264485311940077
0.9017253610043269,1.4794764593691692,0.7781095773894061,0.22264485311940077
0.9017253610043269,1.4794764593691692,0.9990790405558868,0.22264485311940077
0.9017253610043269,1.4794764593691692,0.8492337586389861,0.22264485311940077
0.9017253610043269,1.4794764593691692,0.8300344945329926,0.22264485311940077
0.9017253610043269,1.4794764593691692,0.9239674662123124,0.22264485311940077
0.9017253610043269,1.4794764593691692,0.8704954452727918,0.22264485311940077
0.9017253610043269,1.4794764593691692,1.010653711525664,0.22264485311940077
0.9017253610043269,1.4794764593691692,0.9028292375891219,0.2509960078087579
0.9017253610043269,1.4794764593691692,0.9094533350443791,0.2509960078087579
0.9017253610043269,1.4794764593691692,0.869660921813156,0.2509960078087579
0.9017253610043269,1.5356053185533398,0.9620309157026955,0.2509960078087579
0.9017253610043269,1.5356053185533398,0.7328958894723304,0.2509960078087579
0.9017253610043269,1.424477948455437,0.9439162863516227,0.2509960078087579
0.9017253610043269,1.424477948455437,0.9690641745993435,0.2509960078087579
0.7038787333442758,1.424477948455437,1.167764514728412,0.2509960078087579
0.8451668299829397,1.5504289376584115,0.96316464342239,0.2509960078087579
0.8451668299829397,1.5504289376584115,0.9145461664411807,0.3082949224847183
0.8451668299829397,1.5504289376584115,0.871430919252501,0.3082949224847183
0.8451668299829397,1.5504289376584115,0.9138530596502827,0.3082949224847183
0.8451668299829397,1.5504289376584115,0.9351343751814262,0.3082949224847183
0.8451668299829397,1.5504289376584115,0.8885545355350654,0.3082949224847183
0.8451668299829397,1.5504289376584115,0.8348598505002847,0.3082949224847183
0.8451668299829397,1.5504289376584115,0.8861034117246708,0.22286955364606695
0.8451668299829397,1.5504289376584115,0.6542508803214135,0.22286955364606695
0.6358344686534906,1.5504289376584115,0.978514890170877,0.22286955364606695
0.6292115967854166,1.5504289376584115,1.0687978417658983,0.22286955364606695
0.6292115967854166,1.5504289376584115,1.232798821486075,0.22286955364606695
0.6292115967854166,1.5504289376584115,1.3719541841959764,0.22286955364606695
0.6292115967854166,1.5504289376584115,1.0326359939578795,0.22286955364606695
0.6292115967854166,1.5504289376584115,1.059030967446297,0.22286955364606695
0.6292115967854166,1.5504289376584115,1.0012277739903939,0.22286955364606695
0.6292115967854166,1.5504289376584115,1.2591069023786317,0.22286955364606695
0.6292115967854166,1.5504289376584115,1.0829052865495898,0.19138203610777468
0.6292115967854166,1.5504289376584115,1.0683565662032608,0.19138203610777468
0.6292115967854166,1.5232804985340498,1.2373426386800745,0.20011656574743372
0.6292115967854166,1.5232804985340498,0.9793178191698076,0.14899615395329083
0.6292115967854166,1.5232804985340498,0.91824245902358,0.14899615395329083
0.6292115967854166,1.5232804985340498,1.0303393201056774,0.14899615395329083
0.6292115967854166,1.5232804985340498,1.0582004025990057,0.14899615395329083
0.6292115967854166,1.597083280011997,1.2343357123458074,0.234349188487779
0.6292115967854166,1.597083280011997,1.0407795107270894,0.234349188487779
0.6292115967854166,1.597083280011997,0.8448428421113476,0.234349188487779
0.5931434248891728,1.597083280011997,1.006969936644035,0.234349188487779
0.5931434248891728,1.597083280011997,1.2660672298307503,0.234349188487779
0.5931434248891728,1.5388238185053607,1.1174841323972788,0.234349188487779
0.5931434248891728,1.5388238185053607,1.5959553854347504,0.18710460865645265
0.5931434248891728,1.5388238185053607,1.2648537256030483,0.18710460865645265
0.5931434248891728,1.5087048396130236,1.1316224730659374,0.20597490055039958
0.5931434248891728,1.5087048396130236,1.1447333539908693,0.20597490055039958
0.5931434248891728,1.5087048396130236,1.0506050193878897,0.20597490055039958
0.5931434248891728,1.5087048396130236,1.4294198068606416,0.20597490055039958
0.5931434248891728,1.5087048396130236,1.3782158546333045,0.20597490055039958
0.5956479366522087,1.5087048396130236,1.0759343424023673,0.20597490055039958
0.5956479366522087,1.5087048396130236,1.1401664540598184,0.20597490055039958
0.5956479366522087,1.5087048396130236,1.1299074307761774,0.20597490055039958
0.5956479366522087,1.5087048396130236,1.2300467122193215,0.20597490055039958
0.5956479366522087,1.5087048396130236,1.3881637581681832,0.20597490055039958
0.5956479366522087,1.5087048396130236,1.0649085324278542,0.20597490055039958
0.5956479366522087,1.5087048396130236,1.2995706649630985,0.20597490055039958
0.5956479366522087,1.5087048396130236,1.3407411869025392,0.20597490055039958
0.5956479366522087,1.5087048396130236,1.2181710476098229,0.20597490055039958
0.5956479366522087,1.5087048396130236,1.3647918647437094,0.20597490055039958
0.5956479366522087,1.5087048396130236,1.2510660908603268,0.20597490055039958
0.5956479366522087,1.5087048396130236,1.4233833667211526,0.20597490055039958
0.5956479366522087,1.5087048396130236,1.1462739496399479,0.20597490055039958
0.5956479366522087,1.5087048396130236,1.3735829149003245,0.20597490055039958
0.5956479366522087,1.5087048396130236,1.119536551465613,0.20597490055039958
0.5956479366522087,1.5087048396130236,1.3121439559715435,0.20597490055039958
0.5956479366522087,1.5087048396130236,1.4311211892745868,0.20597490055039958
0.5956479366522087,1.5087048396130236,1.0056081418425475,0.20362093035158157
0.5956479366522087,1.5087048396130236,1.4160964272449523,0.20362093035158157
0.5956479366522087,1.5087048396130236,1.100300361062218,0.20362093035158157
0.5956479366522087,1.5087048396130236,1.4275295797052898,0.20362093035158157
0.5956479366522087,1.5087048396130236,1.249634608585634,0.20362093035158157
0.5956479366522087,1.5087048396130236,1.4028290718862495,0.20362093035158157
0.5956479366522087,1.4924936476913189,0.9433761010201263,0.20362093035158157
0.5956479366522087,1.4924936476913189,1.1763096692916137,0.20362093035158157
0.5956479366522087,1.4924936476913189,1.3157679911368845,0.20362093035158157
0.5956479366522087,1.4924936476913189,1.3912925934724878,0.20362093035158157
0.5956479366522087,1.4924936476913189,1.271233998154777,0.20362093035158157
0.5956479366522087,1.4924936476913189,1.0694066144741807,0.20362093035158157
0.5956479366522087,1.4924936476913189,1.4727696760711921,0.20362093035158157
0.5956479366522087,1.4924936476913189,1.21177524902823,0.20362093035158157
0.5956479366522087,1.6751222495575486,1.0106344237542026,0.23658908020521882
0.5956479366522087,1.6751222495575486,0.8945703120080001,0.23658908020521882
0.5956479366522087,1.6751222495575486,1.0187693789805747,0.23658908020521882
0.5694807526940568,1.6206276594334135,1.1960836687843774,0.23658908020521882
0.5694807526940568,1.6206276594334135,1.218097108749476,0.23658908020521882
0.5694807526940568,1.6206276594334135,0.9600580907536491,0.23658908020521882
0.5694807526940568,1.6206276594334135,1.0736772723813397,0.23658908020521882
0.5694807526940568,1.6206276594334135,1.2361890156644515,0.23658908020521882
0.5694807526940568,1.6206276594334135,1.169462824955564,0.23658908020521882
0.5694807526940568,1.6206276594334135,0.9267230038310921,0.23658908020521882
0.5694807526940568,1.7615440741348791,0.9527836843016227,0.23658908020521882
0.5333023839546402,1.7615440741348791,0.8491018975952437,0.23658908020521882
0.4926430022586301,1.7615440741348791,1.0075303587612994,0.23658908020521882
0.4926430022586301,1.7615440741348791,0.9978013652357675,0.23658908020521882
0.4926430022586301,1.7615440741348791,1.0431617843963432,0.23658908020521882
0.4926430022586301,1.7110941774272044,1.011811541115747,0.23658908020521882
0.4926430022586301,1.7110941774272044,1.0470195757718566,0.23658908020521882
0.4926430022586301,1.7110941774272044,1.2068988536872929,0.23658908020521882
0.4926430022586301,1.7110941774272044,1.1803288791832314,0.23658908020521882
0.4926430022586301,1.7110941774272044,1.126059727215609,0.23658908020521882
0.4926430022586301,1.7110941774272044,1.3202607014018064,0.23658908020521882
0.4926430022586301,1.7110941774272044,1.3309878526771375,0.23658908020521882
0.4926430022586301,1.6340068389025821,1.2091724042220995,0.23658908020521882
0.4926430022586301,1.6340068389025821,1.3520310328758836,0.23658908020521882
0.4926430022586301,1.6340068389025821,1.3641913415235476,0.23658908020521882
0.4926430022586301,1.6340068389025821,1.15614144680502,0.23658908020521882
0.4926430022586301,1.6340068389025821,1.4978335987460545,0.23658908020521882
0.4926430022586301,1.7604149887072276,1.3855789116216888,0.23658908020521882
0.4926430022586301,1.7604149887072276,1.0472957652115513,0.38370029711067627
0.5411636415465214,1.7604149887072276,1.0281806872343375,0.38370029711067627
0.5411636415465214,1.7604149887072276,1.1143117759121937,0.38370029711067627
0.5411636415465214,1.7604149887072276,0.8955636214444077,0.38370029711067627
0.5411636415465214,1.7604149887072276,1.119112009216127,0.38370029711067627
0.5411636415465214,1.7827628683035641,1.0738132439494839,0.38370029711067627
0.5411636415465214,1.7827628683035641,1.0317966744009845,0.38370029711067627
0.5411636415465214,1.7827628683035641,1.1505692685028044,0.38370029711067627
0.5411636415465214,1.7827628683035641,1.0496230757468485,0.38370029711067627
0.5411636415465214,1.7827628683035641,0.9408042365435932,0.38370029711067627
0.5411636415465214,1.7827628683035641,1.096229140279967,0.38370029711067627
0.8134692620873287,1.7827628683035641,0.8306240030410311,0.38370029711067627
0.8134692620873287,1.7827628683035641,0.7553607316722117,0.38370029711067627
0.8134692620873287,1.7827628683035641,0.6791285524666202,0.38370029711067627
0.8134692620873287,1.7827628683035641,0.6414316994928729,0.38370029711067627
0.8134692620873287,1.7827628683035641,0.6892066871450702,0.38370029711067627
0.8134692620873287,1.7827628683035641,0.6520263992330065,0.38370029711067627
0.7828964131923213,1.7827628683035641,0.588204318740422,0.38370029711067627
0.7828964131923213,1.7827628683035641,0.8042457039882197,0.38370029711067627
0.7828964131923213,1.7827628683035641,0.6622364245057545,0.38370029711067627
0.7828964131923213,1.7827628683035641,0.6495230640283745,0.38370029711067627
0.7828964131923213,1.7827628683035641,0.7200236169020736,0.44837476828871653
0.7828964131923213,1.7827628683035641,0.794733150164404,0.44837476828871653
0.7828964131923213,1.7827628683035641,0.790100727664669,0.44837476828871653
0.7828964131923213,1.7827628683035641,0.7550519855862733,0.44837476828871653
0.7828964131923213,1.7827628683035641,0.7251389178139578,0.44837476828871653
0.7828964131923213,1.7827628683035641,0.7354269431878279,0.4584256726441128
0.7828964131923213,1.7827628683035641,0.7336614037408818,0.4584256726441128
0.7828964131923213,1.7827628683035641,0.7930932009811373,0.4584256726441128
0.7699298659544579,1.7827628683035641,0.7480236416182404,0.4584256726441128
0.7699298659544579,1.7827628683035641,0.7184391244147001,0.4584256726441128
0.7699298659544579,1.7827628683035641,0.6596484381542493,0.4584256726441128
0.7699298659544579,1.7827628683035641,0.8524054268263509,0.29502453207529866
0.7699298659544579,1.7827628683035641,0.6607102624732317,0.29502453207529866
0.8164373018970567,1.7827628683035641,0.6513363012364498,0.29502453207529866
0.8164373018970567,1.7827628683035641,0.5800918466045232,0.29502453207529866
0.8164373018970567,1.7827628683035641,0.5773180271401204,0.29502453207529866
0.8164373018970567,1.7827628683035641,0.6092713376328847,0.29502453207529866
0.8164373018970567,1.7827628683035641,0.6642355853068199,0.2889908800931699
0.8164373018970567,1.7827628683035641,0.5981202296531326,0.2889908800931699
0.8164373018970567,1.7827628683035641,0.5899635796193222,0.2889908800931699
0.8164373018970567,1.7827628683035641,0.5942953834310837,0.2889908800931699
0.8164373018970567,1.7827628683035641,0.5744664448555645,0.2889908800931699
0.8164373018970567,1.7827628683035641,0.5300310908457394,0.2889908800931699
0.8164373018970567,1.7827628683035641,0.6468520619684559,0.2889908800931699
0.8164373018970567,1.7827628683035641,0.6942932275515861,0.2889908800931699
0.8164373018970567,1.7827628683035641,0.6303891777765251,0.2889908800931699
0.7241366801418442,1.7827628683035641,0.6154457472297427,0.2889908800931699
0.7241366801418442,1.7827628683035641,0.6271422109858519,0.2889908800931699
0.7241366801418442,1.8582370567832651,0.6402580096988283,0.2889908800931699
0.7241366801418442,1.8582370567832651,0.550391174709159,0.2889908800931699
0.7241366801418442,1.8582370567832651,0.6376988993612699,0.2889908800931699
0.7241366801418442,1.8582370567832651,0.5890338242921622,0.2889908800931699
0.7241366801418442,1.8582370567832651,0.5114723595511674,0.2889908800931699
0.7241366801418442,1.8582370567832651,0.5824125316435655,0.2889908800931699
0.7241366801418442,1.8582370567832651,0.4719183428320146,0.2889908800931699
0.7241366801418442,1.8582370567832651,0.5468236820155251,0.2889908800931699
0.7241366801418442,1.8582370567832651,0.510418497520049,0.2889908800931699
0.7241366801418442,1.8582370567832651,0.630083718279196,0.2889908800931699
0.7241366801418442,1.8582370567832651,0.6096385556992592,0.2889908800931699
0.7241366801418442,1.8582370567832651,0.5886630752891129,0.2889908800931699
0.7241366801418442,1.8582370567832651,0.5858045737033472,0.2889908800931699
0.7241366801418442,1.8582370567832651,0.5570521810735731,0.2889908800931699
0.7241366801418442,1.8582370567832651,0.5660811391283245,0.2889908800931699
0.7241366801418442,1.8582370567832651,0.6688851665786237,0.2889908800931699
0.7241366801418442,1.8582370567832651,0.6762877268614129,0.2889908800931699
0.7241366801418442,1.8582370567832651,0.5782605071590031,0.2889908800931699
0.7241366801418442,1.8582370567832651,0.616759802129372,0.2889908800931699
0.7241366801418442,1.8582370567832651,0.5891442690138895,0.2889908800931699
0.6667348517005742,1.8582370567832651,0.6295255819335823,0.2889908800931699
0.6667348517005742,1.8582370567832651,0.7222094054531286,0.2889908800931699
0.6667348517005742,1.8142204080993627,0.6948522170158346,0.2889908800931699
0.6667348517005742,1.8142204080993627,0.7071490546884746,0.2889908800931699
0.6667348517005742,1.8142204080993627,0.7187979613332511,0.2889908800931699
0.6667348517005742,1.8142204080993627,0.6894113179069198,0.2889908800931699
0.6667348517005742,1.8142204080993627,0.7165978691091675,0.2889908800931699
0.6667348517005742,1.8142204080993627,0.7054063710709431,0.2889908800931699
0.6667348517005742,1.8142204080993627,0.7503683109224493,0.2889908800931699
0.6667348517005742,1.8142204080993627,0.6169479963982828,0.2889908800931699
0.6667348517005742,1.8142204080993627,0.681417790137891,0.2889908800931699
0.6667348517005742,1.8142204080993627,0.6525032894278864,0.2889908800931699
0.6667348517005742,1.8142204080993627,0.7086148611388331,0.2889908800931699
0.5976281645860735,1.8142204080993627,0.8377208336194594,0.34300736981188357
0.5976281645860735,1.8142204080993627,0.8098717919764257,0.34300736981188357
0.5976281645860735,1.7799184881022276,0.8987761657593125,0.34781675697749787
0.5976281645860735,1.7799184881022276,0.9146327095332877,0.34781675697749787
0.6060227118083765,1.7799184881022276,0.8730248656491031,0.34781675697749787
0.6060227118083765,1.7799184881022276,0.9266601339881604,0.34781675697749787
0.6060227118083765,1.7799184881022276,0.8721315873373815,0.38082019011046786
0.6060227118083765,1.7799184881022276,1.0091029475417594,0.38082019011046786
0.6060227118083765,1.7221207133007892,1.003645577468349,0.38082019011046786
0.6060227118083765,1.8546488819416538,0.8751161334076465,0.38082019011046786
0.6060227118083765,1.8546488819416538,0.8689532840648979,0.38082019011046786
0.6060227118083765,1.8546488819416538,0.8062490077522213,0.38082019011046786
0.6060227118083765,1.8546488819416538,0.8405296914185326,0.38082019011046786
0.6060227118083765,1.805110073048719,0.8644080985010167,0.28591626970136136
0.6060227118083765,1.805110073048719,0.8210824662281162,0.28591626970136136
0.6060227118083765,1.805110073048719,0.8704561551561448,0.28591626970136136
0.6060227118083765,1.805110073048719,0.754626823225957,0.28591626970136136
0.5719873937331652,1.805110073048719,0.900994024127491,0.28591626970136136
0.5719873937331652,1.7353861960799957,0.7436278262413245,0.28591626970136136
0.5719873937331652,1.7353861960799957,0.9804811236834076,0.28591626970136136
0.5719873937331652,1.7353861960799957,1.040161960141104,0.28591626970136136
0.5719873937331652,1.7353861960799957,1.0118616550425652,0.28591626970136136
0.5719873937331652,1.7353861960799957,1.0357243526046955,0.28591626970136136
0.5719873937331652,1.7353861960799957,0.8175894251088278,0.28591626970136136
0.5719873937331652,1.7353861960799957,0.8577773210771567,0.28591626970136136
0.5719873937331652,1.7353861960799957,1.1259725762126362,0.28591626970136136
0.5719873937331652,1.7353861960799957,1.0941733792971102,0.28591626970136136
0.5719873937331652,1.7353861960799957,0.8684518468503173,0.19994587761190005
0.5719873937331652,1.7353861960799957,0.8428609762488631,0.23521785568641992
0.5719873937331652,1.7353861960799957,0.8600422157225034,0.23521785568641992
0.5719873937331652,1.7526822321971665,1.0486040100549192,0.3933987606808262
0.5719873937331652,1.7526822321971665,1.0354989457098707,0.3933987606808262
0.5719873937331652,1.7526822321971665,0.8048775944827671,0.32813500706825305
0.5719873937331652,1.7526822321971665,1.0342455685100735,0.32813500706825305
0.5719873937331652,1.7526822321971665,0.8349019669576097,0.32813500706825305
0.5719873937331652,1.7526822321971665,0.8315595858858662,0.32813500706825305
0.5719873937331652,1.7526822321971665,0.7192679426346985,0.32813500706825305
0.5719873937331652,1.7526822321971665,0.9847269981189058,0.32813500706825305
0.5719873937331652,1.6374510492513423,1.0357694523768202,0.32813500706825305
0.5719873937331652,1.6374510492513423,1.2267266244777588,0.19765006112058378
0.5719873937331652,1.6374510492513423,1.0698987685955605,0.19765006112058378
0.5719873937331652,1.6374510492513423,1.1844900431632657,0.19765006112058378
0.5719873937331652,1.662319502251827,1.1406422735174755,0.19765006112058378
0.5719873937331652,1.662319502251827,0.9725844769364904,0.19765006112058378
0.5719873937331652,1.6647779289477105,0.9361431296228868,0.19765006112058378
0.5719873937331652,1.6647779289477105,1.1388267043351874,0.19831651609659293
0.5719873937331652,1.6647779289477105,0.9697921641952624,0.19831651609659293
0.5719873937331652,1.6647779289477105,0.9998921352141575,0.19831651609659293
0.5719873937331652,1.6647779289477105,0.9399066269774518,0.19831651609659293
0.5621758979096552,1.6647779289477105,1.0722939135749807,0.19831651609659293
0.5621758979096552,1.6647779289477105,0.8790631652817993,0.19831651609659293
0.5621758979096552,1.6647779289477105,1.0149582234295595,0.23650826019516302
0.5621758979096552,1.6647779289477105,1.0223776367970847,0.23650826019516302
0.5621758979096552,1.6647779289477105,1.0042178147761476,0.23650826019516302
0.5621758979096552,1.6647779289477105,1.088938236488638,0.23650826019516302
0.5621758979096552,1.6647779289477105,1.1319326261637714,0.23650826019516302
0.5476742151421796,1.6647779289477105,0.9841891913557885,0.23650826019516302
0.5476742151421796,1.6647779289477105,1.090771948900819,0.23650826019516302
0.5476742151421796,1.6647779289477105,1.059112833812741,0.23650826019516302
0.5476742151421796,1.6647779289477105,1.2043378692104574,0.23650826019516302
0.5476742151421796,1.6647779289477105,0.9625108334091032,0.23650826019516302
0.5476742151421796,1.6321344515951737,1.1921101462120687,0.23650826019516302
0.5476742151421796,1.6321344515951737,1.0398212254936543,0.23650826019516302
0.5476742151421796,1.6321344515951737,1.215418903328916,0.23650826019516302
0.5476742151421796,1.6321344515951737,1.2865744540006319,0.23650826019516302
0.5476742151421796,1.6321344515951737,1.059664025158477,0.23650826019516302
0.5476742151421796,1.6321344515951737,0.9602072583482227,0.23650826019516302
0.5476742151421796,1.6321344515951737,1.3293948525069996,0.23650826019516302
0.70985327125123,1.6321344515951737,0.831260257571001,0.23650826019516302
0.70985327125123,1.6321344515951737,0.8697631030562779,0.23650826019516302
0.70985327125123,1.6321344515951737,0.9112548897081489,0.23650826019516302
0.7932500905164491,1.6321344515951737,0.8841997035384234,0.38234343592565384
0.7932500905164491,1.6321344515951737,0.9198082632025788,0.36489201383214154
0.7932500905164491,1.6321344515951737,0.9215273317236238,0.36489201383214154
0.7932500905164491,1.6321344515951737,0.7718390909745038,0.2702061240296479
0.7932500905164491,1.6321344515951737,0.7998637667199155,0.2702061240296479
0.7932500905164491,1.6321344515951737,0.8463432954672693,0.2702061240296479
0.920632098448008,1.49902489114091,0.9221584891766019,0.2702061240296479
0.920632098448008,1.49902489114091,0.9556126691033305,0.2702061240296479
0.920632098448008,1.49902489114091,0.9030337091285514,0.2702061240296479
0.920632098448008,1.49902489114091,0.8666473157324845,0.2702061240296479
0.920632098448008,1.49902489114091,0.8839820721168282,0.2702061240296479
0.920632098448008,1.49902489114091,0.8041140100677793,0.2702061240296479
0.920632098448008,1.49902489114091,0.8166884850109156,0.2702061240296479
0.920632098448008,1.49902489114091,0.7354588566036908,0.2702061240296479
0.920632098448008,1.49902489114091,0.8188562583219196,0.1795727228974793
0.920632098448008,1.5571514446907841,0.9203251806963273,0.1795727228974793
0.920632098448008,1.5571514446907841,0.7476120497141551,0.1795727228974793
0.920632098448008,1.5571514446907841,0.7471863159892332,0.1795727228974793
0.920632098448008,1.5571514446907841,0.8647767263085091,0.1795727228974793
0.920632098448008,1.5571514446907841,0.7507531285285038,0.1795727228974793
0.920632098448008,1.5571514446907841,0.6261940572344248,0.1795727228974793
0.920632098448008,1.5571514446907841,0.5984754517073712,0.1795727228974793
0.7795251573016129,1.5571514446907841,0.7685025334715437,0.1795727228974793
0.7795251573016129,1.5571514446907841,0.9321578899650536,0.1795727228974793
0.7795251573016129,1.5571514446907841,0.9516349104302414,0.2308884664486291
0.7795251573016129,1.5571514446907841,0.9623807055856679,0.2308884664486291
0.7795251573016129,1.5571514446907841,0.8628472452187819,0.2308884664486291
0.7795251573016129,1.5571514446907841,0.9607681946165779,0.2308884664486291
0.7795251573016129,1.5571514446907841,0.8732203432029095,0.2308884664486291
0.7795251573016129,1.5571514446907841,0.9041048248382758,0.2308884664486291
0.7795251573016129,1.5571514446907841,1.127599829893558,0.340593633797545
0.7795251573016129,1.5571514446907841,0.8418894387330026,0.340593633797545
0.7795251573016129,1.5571514446907841,0.8518891751939598,0.340593633797545
0.7795251573016129,1.5571514446907841,1.0514111974170406,0.340593633797545
0.7795251573016129,1.5571514446907841,0.904044264874431,0.340593633797545
0.9148298736501895,1.5571514446907841,0.9086655301949494,0.28346882298508924
0.9148298736501895,1.5571514446907841,0.902804767940998,0.3011450449377243
0.9096178369711478,1.5571514446907841,0.7819504430774948,0.3011450449377243
0.9096178369711478,1.5571514446907841,0.8055785617506371,0.3543552193657236
0.9096178369711478,1.6688713112598674,0.8223068149740508,0.3543552193657236
0.9096178369711478,1.6688713112598674,0.6281054315653201,0.3543552193657236
0.9096178369711478,1.7110899390025855,0.6821985445005546,0.3543552193657236
0.9096178369711478,1.7110899390025855,0.7513887416535753,0.3543552193657236
0.9096178369711478,1.7110899390025855,0.7578569542099732,0.3543552193657236
0.9096178369711478,1.7110899390025855,0.7258012688636246,0.3543552193657236
0.9096178369711478,1.7110899390025855,0.6709385877608619,0.285412182699257
0.9096178369711478,1.7110899390025855,0.5790003994271857,0.2582987403231353
0.9096178369711478,1.7110899390025855,0.6258375905115855,0.2582987403231353
0.9096178369711478,1.6522060250373432,0.5950425481575078,0.2582987403231353
0.9096178369711478,1.6522060250373432,0.6665804559668791,0.2582987403231353
0.9096178369711478,1.6522060250373432,0.7644484098699169,0.2582987403231353
0.9096178369711478,1.6522060250373432,0.7181404821850694,0.2582987403231353
0.9096178369711478,1.6522060250373432,0.7969805465301658,0.2582987403231353
0.9096178369711478,1.6522060250373432,0.7457144758974613,0.2582987403231353
0.9096178369711478,1.6522060250373432,0.6975569229329023,0.2582987403231353
0.9096178369711478,1.6522060250373432,0.6406491493603325,0.2582987403231353
0.9096178369711478,1.6522060250373432,0.6720860869682864,0.2582987403231353
0.9096178369711478,1.6522060250373432,0.6455091639637001,0.2582987403231353
0.9096178369711478,1.6522060250373432,0.6608626347154444,0.2582987403231353
0.9096178369711478,1.6522060250373432,0.6331345797376554,0.2582987403231353
0.9096178369711478,1.6522060250373432,0.6428584204361137,0.2582987403231353
0.9096178369711478,1.6615853752597425,0.6050349219340933,0.2582987403231353
0.9096178369711478,1.6615853752597425,0.6938003339508405,0.2582987403231353
0.9096178369711478,1.6615853752597425,0.5925638829395664,0.2582987403231353
0.9096178369711478,1.6615853752597425,0.5963117552083859,0.2582987403231353
0.9096178369711478,1.6615853752597425,0.7142054270030619,0.2582987403231353
0.9096178369711478,1.6615853752597425,0.6624411738303128,0.26616866581230747
0.9096178369711478,1.6615853752597425,0.657175679725918,0.26616866581230747
0.9096178369711478,1.6615853752597425,0.6057258376750593,0.26616866581230747
0.9096178369711478,1.6752255778196128,0.6325611695540344,0.2694367533900721
0.9096178369711478,1.6752255778196128,0.6515783248321494,0.2694367533900721
0.9096178369711478,1.6752255778196128,0.5739952527355705,0.2694367533900721
0.9096178369711478,1.6752255778196128,0.6732369035997583,0.2694367533900721
0.9096178369711478,1.6752255778196128,0.6795724576632199,0.2694367533900721
0.9096178369711478,1.6752255778196128,0.72159283705311,0.2694367533900721
0.9096178369711478,1.6752255778196128,0.6208896747831331,0.2694367533900721
0.9096178369711478,1.6752255778196128,0.6200508039378942,0.2694367533900721
0.9096178369711478,1.6144035287023073,0.6976757181506884,0.2694367533900721
0.9096178369711478,1.6144035287023073,0.8354109678265842,0.2694367533900721
0.9096178369711478,1.6144035287023073,0.6715090403682694,0.2694367533900721
0.8053618409871958,1.6144035287023073,0.7044455833625696,0.2694367533900721
0.8053618409871958,1.6144035287023073,0.8371566260352514,0.2694367533900721
0.8053618409871958,1.6144035287023073,0.7546418595906171,0.2694367533900721
0.8551537922624752,1.6144035287023073,0.7634971257297731,0.2694367533900721
0.8551537922624752,1.6144035287023073,0.6815672818010288,0.2694367533900721
0.8551537922624752,1.6144035287023073,0.7817126398189119,0.2694367533900721
0.8551537922624752,1.6144035287023073,0.7449205385710954,0.2694367533900721
0.6587544625492462,1.6144035287023073,0.8412772626149142,0.2694367533900721
0.6587544625492462,1.6474750120822002,0.9260127351620935,0.2694367533900721
0.657651868118917,1.6474750120822002,1.0308496530565079,0.2694367533900721
0.657651868118917,1.6373694150560594,1.0403122408912082,0.30394126212278433
0.657651868118917,1.6373694150560594,0.9346278147650557,0.30394126212278433
0.657651868118917,1.6373694150560594,1.1564402923028207,0.30394126212278433
0.657651868118917,1.6373694150560594,0.8891335400550252,0.25452000833907795
0.657651868118917,1.6373694150560594,1.0301750049852127,0.25452000833907795
0.657651868118917,1.6373694150560594,0.9289830821195041,0.25452000833907795
0.657651868118917,1.6373694150560594,0.9287268750917794,0.25452000833907795
0.7467922080232977,1.6373694150560594,0.9147808117086923,0.25452000833907795
0.7467922080232977,1.6373694150560594,0.8112905521790555,0.25452000833907795
0.7467922080232977,1.6373694150560594,0.8531307492218444,0.25452000833907795
0.7467922080232977,1.6373694150560594,0.8698169851499122,0.25452000833907795
0.7467922080232977,1.6373694150560594,0.7913570930436999,0.25452000833907795
0.7467922080232977,1.6373694150560594,0.778798530205445,0.25452000833907795
0.7467922080232977,1.6373694150560594,0.8638771578631756,0.25452000833907795
0.7467922080232977,1.6373694150560594,0.7381223720375034,0.25452000833907795
0.7467922080232977,1.6373694150560594,0.9374868988396072,0.25452000833907795
0.7467922080232977,1.6373694150560594,0.8027671987944492,0.25452000833907795
0.7467922080232977,1.6373694150560594,0.8211954168492763,0.25452000833907795
0.7467922080232977,1.6373694150560594,0.8927751838195275,0.25452000833907795
0.7467922080232977,1.6373694150560594,0.7795971953722395,0.25452000833907795
0.7467922080232977,1.6373694150560594,0.7177881908622206,0.25452000833907795
0.7467922080232977,1.6373694150560594,0.849528658895949,0.25452000833907795
0.7623797550914522,1.6373694150560594,0.9038865247532251,0.2992705834381659
0.7623797550914522,1.6373694150560594,0.7756116931087732,0.2992705834381659
0.7623797550914522,1.6373694150560594,0.9377822443590241,0.2992705834381659
0.7623797550914522,1.6373694150560594,0.7507032791620929,0.2992705834381659
0.7623797550914522,1.6373694150560594,0.8316853775913491,0.2992705834381659
0.7623797550914522,1.6373694150560594,0.8818216094754616,0.2992705834381659
0.7623797550914522,1.6373694150560594,0.7512844019652475,0.2992705834381659
0.7623797550914522,1.6373694150560594,0.7736046036736689,0.2992705834381659
0.7623797550914522,1.6373694150560594,0.9371792489799463,0.2992705834381659
0.7623797550914522,1.6373694150560594,0.8283663657596033,0.2992705834381659
0.7623797550914522,1.6373694150560594,1.1188034039795989,0.2992705834381659
0.7623797550914522,1.6373694150560594,0.8042159921899396,0.24475548223838792
0.7623797550914522,1.6373694150560594,0.7899413628398703,0.24475548223838792
0.7623797550914522,1.6373694150560594,0.8412991079895725,0.24475548223838792
0.7623797550914522,1.6373694150560594,0.7876502838570524,0.24475548223838792
0.7623797550914522,1.6373694150560594,0.8032298780572898,0.24475548223838792
0.7623797550914522,1.6373694150560594,0.7537613649705207,0.24475548223838792
0.7623797550914522,1.6373694150560594,0.8641951820723817,0.24475548223838792
0.7623797550914522,1.6373694150560594,0.8776005855498691,0.24475548223838792
0.7623797550914522,1.6373694150560594,0.8993279994987261,0.24475548223838792
0.7623797550914522,1.6373694150560594,0.8892654660248802,0.24475548223838792
0.7623797550914522,1.6373694150560594,0.8969982251173878,0.3123367229192899
0.8649411378358117,1.6085350485860472,0.8421841541186145,0.3123367229192899
0.8649411378358117,1.6085350485860472,0.7584787926518043,0.3123367229192899
0.8649411378358117,1.6085350485860472,0.784220618563335,0.28716467007692675
0.8649411378358117,1.6085350485860472,0.9476297948346385,0.28716467007692675
0.8649411378358117,1.6085350485860472,0.7072184433106806,0.28716467007692675
0.8649411378358117,1.6085350485860472,0.8295611701585236,0.28716467007692675
0.8649411378358117,1.6085350485860472,0.7593186878241301,0.28716467007692675
0.8649411378358117,1.6085350485860472,0.7508180549239397,0.2622335924555888
0.8649411378358117,1.6085350485860472,0.7834980072523472,0.2622335924555888
0.8649411378358117,1.6085350485860472,0.8735869753170075,0.2622335924555888
0.8649411378358117,1.6085350485860472,0.8523768479295937,0.2622335924555888
0.8649411378358117,1.6085350485860472,0.7825990223722353,0.2622335924555888
0.8649411378358117,1.6085350485860472,0.765181127175643,0.2819816919896132
0.8649411378358117,1.6085350485860472,0.6170319602213622,0.2819816919896132
0.8649411378358117,1.6085350485860472,0.80091275659784,0.2819816919896132
0.8649411378358117,1.6085350485860472,0.8107172033950772,0.31363758293720184
0.8649411378358117,1.621081889868407,0.7602710940347787,0.31363758293720184
0.8649411378358117,1.621081889868407,0.8713566721782887,0.31363758293720184
0.8649411378358117,1.621081889868407,0.9267912109501895,0.31363758293720184
0.8649411378358117,1.621081889868407,0.7388174202629029,0.31363758293720184
0.8649411378358117,1.621081889868407,0.7541878520805262,0.31363758293720184
0.8649411378358117,1.621081889868407,0.7743014706931586,0.31363758293720184
0.8649411378358117,1.621081889868407,0.7863160751456084,0.31363758293720184
0.8649411378358117,1.621081889868407,0.7967853085581756,0.31363758293720184
0.8649411378358117,1.621081889868407,0.6848250026717647,0.31363758293720184
0.8649411378358117,1.621081889868407,0.7671146908632187,0.31363758293720184
0.8649411378358117,1.621081889868407,0.8376386756759348,0.31363758293720184
0.8649411378358117,1.621081889868407,0.8750475976852937,0.31363758293720184
0.8649411378358117,1.621081889868407,0.6743428387771506,0.31363758293720184
0.8649411378358117,1.621081889868407,0.9548985566997722,0.5314895221893369
0.8649411378358117,1.6442185824311428,0.8972931992275097,0.5314895221893369
0.8649411378358117,1.6442185824311428,0.878715360312479,0.2929812658088109
0.8649411378358117,1.6442185824311428,0.7466793768914497,0.2929812658088109
0.8649411378358117,1.6442185824311428,0.6953055094553434,0.2929812658088109
0.8649411378358117,1.6442185824311428,0.8120782561080743,0.2929812658088109
0.8649411378358117,1.6442185824311428,0.8127202122560092,0.2929812658088109
0.8649411378358117,1.6442185824311428,0.7389542580799519,0.2929812658088109
0.8649411378358117,1.6442185824311428,0.8289802640994315,0.2929812658088109
0.8649411378358117,1.6442185824311428,0.7001349959393988,0.2929812658088109
0.8649411378358117,1.6442185824311428,0.764378507306382,0.2929812658088109
0.7792721965563294,1.6442185824311428,0.7600557123043361,0.2929812658088109
0.7792721965563294,1.6442185824311428,0.9900780374835428,0.2929812658088109
0.7792721965563294,1.6442185824311428,0.8456798456654251,0.2929812658088109
0.7792721965563294,1.6442185824311428,0.7967042965937076,0.2929812658088109
0.7792721965563294,1.6442185824311428,0.7619237612192906,0.2929812658088109
0.7792721965563294,1.6442185824311428,0.9846562697645087,0.2929812658088109
0.7792721965563294,1.6442185824311428,0.7469628047568201,0.2929812658088109
0.7792721965563294,1.6442185824311428,0.8728214001277268,0.3321858840941725
0.7792721965563294,1.6442185824311428,0.7907276603767501,0.3321858840941725
0.7792721965563294,1.6442185824311428,0.8278189814044458,0.3321858840941725
0.7792721965563294,1.6442185824311428,0.9085245012817412,0.36933612059687904
0.7792721965563294,1.6442185824311428,0.7769161919796556,0.36933612059687904
0.7792721965563294,1.6442185824311428,0.7767212288529634,0.36933612059687904
0.7792721965563294,1.6442185824311428,0.9134208971156044,0.36933612059687904
0.64659197784838,1.6442185824311428,1.0066202059302818,0.37101803700356556
0.6475018799278089,1.6442185824311428,0.9233468706345352,0.37101803700356556
0.6475018799278089,1.864881075768919,0.8870284833320802,0.38072269402781783
0.6475018799278089,1.864881075768919,0.7589329051382766,0.38072269402781783
0.6475018799278089,1.864881075768919,0.7187668073749421,0.27672948555996957
0.6475018799278089,1.864881075768919,0.6970569079691319,0.24433926487165836
0.6475018799278089,1.864881075768919,0.6922463705656015,0.24433926487165836
0.6475018799278089,1.864881075768919,0.7032499204795839,0.24433926487165836
0.6475018799278089,1.864881075768919,0.6891565316210115,0.24433926487165836
0.4948820571598612,1.864881075768919,0.7284143079556105,0.24433926487165836
0.4948820571598612,1.864881075768919,0.7600043851892787,0.24433926487165836
0.4948820571598612,1.864881075768919,0.8897627554199362,0.24433926487165836
0.4948820571598612,1.864881075768919,0.7972891453716823,0.32186942314184136
0.4948820571598612,1.864881075768919,0.9338880793866237,0.32186942314184136
0.4948820571598612,1.864881075768919,0.7826297226455622,0.32186942314184136
0.4948820571598612,1.864881075768919,0.7310664497261302,0.32186942314184136
0.4948820571598612,1.864881075768919,0.8418710929983093,0.32186942314184136
0.4948820571598612,1.864881075768919,1.0123470175646287,0.32186942314184136
0.4948820571598612,1.864881075768919,0.7991028812191419,0.32186942314184136
0.4948820571598612,1.864881075768919,0.9743131336317888,0.32186942314184136
0.4948820571598612,1.864881075768919,0.8470110822025725,0.32186942314184136
0.5019439783420087,1.864881075768919,0.8200593764016396,0.32186942314184136
0.5019439783420087,1.864881075768919,0.8028070004829692,0.32186942314184136
0.5019439783420087,1.864881075768919,0.8997689806205649,0.32186942314184136
0.5019439783420087,1.864881075768919,0.8870977017260432,0.32186942314184136
0.5019439783420087,1.864881075768919,0.9261226822861458,0.32186942314184136
0.5019439783420087,1.864881075768919,0.7187012907746457,0.3216763532015254
0.5019439783420087,1.864881075768919,1.1012330036696052,0.3216763532015254
0.5019439783420087,1.864881075768919,0.9352124430863725,0.3216763532015254
0.5019439783420087,1.864881075768919,0.8389742681095745,0.3216763532015254
0.5019439783420087,1.864881075768919,0.9218937446815958,0.3152667900352872
0.5019439783420087,1.864881075768919,0.9725355084875676,0.36153091465155246
0.5019439783420087,1.864881075768919,0.9610375295774767,0.36153091465155246
0.5019439783420087,1.864881075768919,0.9402261624823831,0.36153091465155246
0.5019439783420087,1.864881075768919,0.9547998903305416,0.36153091465155246
0.5019439783420087,1.864881075768919,1.0691783836773543,0.36153091465155246
0.5019439783420087,1.864881075768919,0.8031026566698088,0.36153091465155246
0.5019439783420087,1.864881075768919,1.0662840972517946,0.36153091465155246
0.5019439783420087,1.864881075768919,0.9636087744970041,0.36153091465155246
0.5019439783420087,1.864881075768919,0.9506168808829614,0.36153091465155246
0.5019439783420087,1.8751051667306287,1.094660899432571,0.36153091465155246
0.5019439783420087,1.8751051667306287,0.980805422445592,0.3697170367493513
0.5019439783420087,1.8751051667306287,0.9830074057924558,0.3697170367493513
0.5019439783420087,1.8751051667306287,0.9065850785860159,0.3697170367493513
0.5019439783420087,1.8751051667306287,0.997295565088475,0.3697170367493513
0.5019439783420087,1.8751051667306287,0.9400253357698114,0.3697170367493513
0.5019439783420087,1.8751051667306287,0.838672199654244,0.3697170367493513
0.5019439783420087,1.8751051667306287,0.8315632888102235,0.3697170367493513
0.5019439783420087,1.8751051667306287,0.9494839862208808,0.3697170367493513
0.5019439783420087,1.8751051667306287,1.0034324603347973,0.3697170367493513
0.5019439783420087,1.8751051667306287,0.8623489157420231,0.3697170367493513
0.5019439783420087,1.8751051667306287,0.805913890120686,0.3697170367493513
0.39287879384342,1.8751051667306287,1.1296281293272934,0.3697170367493513
0.39287879384342,1.8792471547232472,1.2185499401235673,0.3697170367493513
0.39287879384342,1.8792471547232472,1.4771135298788776,0.3000391911775891
0.43409071553914513,1.8792471547232472,0.9932294488389165,0.3000391911775891
0.43409071553914513,1.8792471547232472,0.9661397099985969,0.3000391911775891
0.43409071553914513,1.8792471547232472,1.2260148268849174,0.3000391911775891
0.43409071553914513,1.8792471547232472,0.9979235325315093,0.3000391911775891
0.43409071553914513,1.8792471547232472,1.0672715712280936,0.3000391911775891
0.43409071553914513,1.8792471547232472,1.0813361444751286,0.3000391911775891
0.43409071553914513,1.8792471547232472,0.834108824543206,0.3000391911775891
0.43409071553914513,1.9158534231102822,0.9407734942798727,0.3000391911775891
0.43409071553914513,1.9158534231102822,0.7949668250745198,0.3000391911775891
0.43409071553914513,1.9158534231102822,0.9423645061187015,0.3000391911775891
0.43409071553914513,1.9158534231102822,1.0171859132369043,0.3000391911775891
0.43409071553914513,1.9158534231102822,0.9115416559275229,0.3000391911775891
0.43409071553914513,1.9158534231102822,0.9600408953942565,0.3000391911775891
0.43409071553914513,1.9158534231102822,0.9587034677789971,0.3000391911775891
0.43409071553914513,1.8765397323136173,0.995616818702089,0.3000391911775891
0.43409071553914513,1.8765397323136173,0.8588980449214727,0.3000391911775891
0.43409071553914513,1.874094995054605,0.9089926294670314,0.3000391911775891
0.43409071553914513,1.874094995054605,1.004631139913881,0.3000391911775891
0.43409071553914513,1.874094995054605,1.0604144435067726,0.3000391911775891
0.5016446053674614,1.874094995054605,1.0130284469894812,0.3000391911775891
0.5016446053674614,1.8834522017232762,0.9504096012498779,0.3000391911775891
0.5016446053674614,1.8834522017232762,0.8304252306252501,0.3000391911775891
0.5016446053674614,1.8834522017232762,0.6785446018922462,0.3000391911775891
0.5016446053674614,1.8834522017232762,0.8342988301884555,0.3000391911775891
0.5016446053674614,1.8834522017232762,0.8371369144805846,0.3000391911775891
0.5016446053674614,1.8468790801855928,0.9656192807807953,0.3000391911775891
0.5905914551090895,1.8468790801855928,0.9118199371442253,0.3000391911775891
0.5905914551090895,1.8468790801855928,0.8283770205088253,0.3000391911775891
0.5905914551090895,1.8468790801855928,0.6612566302265499,0.3000391911775891
0.5905914551090895,1.8468790801855928,0.7534298185662837,0.3000391911775891
0.5905914551090895,1.8468790801855928,0.8499143835770875,0.3000391911775891
0.5905914551090895,1.8468790801855928,0.7021169140890351,0.3000391911775891
0.5905914551090895,1.8468790801855928,0.7619239528993416,0.46219144562266506
0.5905914551090895,1.8468790801855928,0.8542816841451912,0.46219144562266506
0.5905914551090895,1.8468790801855928,0.8034862551754142,0.46219144562266506
0.5905914551090895,1.8468790801855928,0.8784558506982918,0.46219144562266506
0.5905914551090895,1.8615989945600144,0.9106666564243053,0.46219144562266506
0.5905914551090895,1.950984409838671,0.7997272828562246,0.46219144562266506
0.5191015303127968,1.950984409838671,0.7530337153489478,0.46219144562266506
0.5059902906436345,1.950984409838671,0.8236229401017041,0.49055334959475216
0.5059902906436345,2.0067270607579397,0.9776712319746736,0.49055334959475216
0.5059902906436345,2.0067270607579397,0.8165227900583171,0.49055334959475216
0.5059902906436345,2.0067270607579397,0.829179129155579,0.49055334959475216
0.5059902906436345,2.0067270607579397,0.9237435651762819,0.49055334959475216
0.5059902906436345,2.059073086982619,0.6587580077329565,0.3099465913583888
0.5059902906436345,2.059073086982619,0.5884288697850334,0.3099465913583888
0.5059902906436345,2.0212735510427997,0.6445229898240119,0.3099465913583888
0.5059902906436345,2.0212735510427997,0.5939145444564551,0.3099465913583888
0.5059902906436345,2.0212735510427997,0.8421719800516326,0.3099465913583888
0.5059902906436345,2.0212735510427997,0.6574255062276553,0.3099465913583888
0.5059902906436345,2.0212735510427997,0.6093407526211554,0.3099465913583888
0.5059902906436345,2.0212735510427997,0.6438162676593314,0.3099465913583888
0.5059902906436345,2.0212735510427997,0.5512730208847294,0.32877913673914244
0.5059902906436345,2.0212735510427997,0.6624332121965129,0.32877913673914244
0.5059902906436345,1.7998249840150082,0.8792662798532699,0.32877913673914244
0.5059902906436345,1.7998249840150082,1.094124832930704,0.32877913673914244
0.5266503715074049,1.7998249840150082,0.9538538388967166,0.32877913673914244
0.5266503715074049,1.7998249840150082,0.9472398812740725,0.32877913673914244
0.5233514873110328,1.7998249840150082,0.913893642860447,0.19962346508795795
0.5233514873110328,1.7998249840150082,0.90895455874826,0.19962346508795795
0.5233514873110328,1.7998249840150082,0.8782957314169738,0.19962346508795795
0.5233514873110328,1.7998249840150082,0.9331085543720333,0.19962346508795795
0.5233514873110328,1.7998249840150082,0.8489635440685651,0.19962346508795795
0.6157811983734509,1.7998249840150082,0.7492218647019204,0.19962346508795795
0.5607179045521816,1.7998249840150082,0.7650120230620178,0.19962346508795795
0.5607179045521816,1.7998249840150082,0.7706097473971432,0.19962346508795795
0.5607179045521816,1.7998249840150082,0.7821348616750933,0.3641684855153883
0.5607179045521816,1.7998249840150082,0.7782310569223474,0.3641684855153883
0.5607179045521816,1.7998249840150082,0.9249933225003497,0.3641684855153883
0.5607179045521816,1.7998249840150082,0.9056467994702201,0.3129460846644155
0.5607179045521816,1.7998249840150082,0.7810562464844453,0.22512865290696354
0.5607179045521816,1.7998249840150082,0.8113585071422215,0.22512865290696354
0.5607179045521816,1.7998249840150082,0.7174735431076965,0.22512865290696354
0.5607179045521816,1.7998249840150082,0.7005396235756777,0.22512865290696354
0.5607179045521816,1.7998249840150082,0.8928203836006589,0.22512865290696354
