α,β,θ,ρ
1.0455358700433632,1.404451091843286,0.9609991119990003,0.6763115459199882
1.0455358700433632,1.404451091843286,1.031550522242722,0.6763115459199882
1.0455358700433632,1.404451091843286,1.087571502789392,0.6763115459199882
1.06987268746115,1.404451091843286,0.9458955450924683,0.6763115459199882
1.06987268746115,1.404451091843286,0.9148801804330657,0.6763115459199882
0.9323048882446524,1.404451091843286,0.9947629747538744,0.6763115459199882
0.9323048882446524,1.404451091843286,1.0784231805152398,0.6763115459199882
0.9323048882446524,1.404451091843286,1.1752434912778018,0.6763115459199882
0.9323048882446524,1.404451091843286,1.137594660087972,0.6763115459199882
0.9323048882446524,1.404451091843286,1.116481508856758,0.6763115459199882
0.9323048882446524,1.404451091843286,1.064665837622853,0.6763115459199882
0.9323048882446524,1.404451091843286,1.229534957773358,0.7082412193592289
0.9323048882446524,1.404451091843286,1.1862212784989603,0.7082412193592289
0.9323048882446524,1.404451091843286,1.0232965328870849,0.7082412193592289
0.9323048882446524,1.404451091843286,1.0974216778245014,0.7082412193592289
0.9323048882446524,1.404451091843286,1.142689399764335,0.7082412193592289
0.9323048882446524,1.404451091843286,1.1580755967996348,0.7082412193592289
0.9323048882446524,1.404451091843286,1.1994632406036274,0.7082412193592289
0.9323048882446524,1.404451091843286,1.1500921636829338,0.7082412193592289
0.9323048882446524,1.404451091843286,1.103243263232933,0.7082412193592289
0.9323048882446524,1.404451091843286,1.211104785161435,0.7082412193592289
0.9323048882446524,1.404451091843286,1.1296636533717617,0.7082412193592289
0.9323048882446524,1.404451091843286,1.2492796952831706,0.7082412193592289
0.9323048882446524,1.404451091843286,1.1162396534105001,0.7082412193592289
0.9323048882446524,1.4344705719275175,1.0895003199420519,0.7082412193592289
0.9323048882446524,1.4344705719275175,1.169971438048187,0.7082412193592289
0.9323048882446524,1.4344705719275175,1.14811419940781,0.6382714993501564
0.9323048882446524,1.4344705719275175,0.9450427557439498,0.6382714993501564
0.9323048882446524,1.4344705719275175,1.057616233087749,0.6382714993501564
0.9323048882446524,1.4344705719275175,0.9661725814618157,0.6382714993501564
0.9323048882446524,1.4344705719275175,1.008927833846398,0.6382714993501564
0.9323048882446524,1.4344705719275175,1.1259353667034624,0.6382714993501564
0.9323048882446524,1.4344705719275175,0.9390855638906717,0.6382714993501564
0.9323048882446524,1.4344705719275175,1.029336986016414,0.6706547107377712
0.9323048882446524,1.4344705719275175,1.009266203570734,0.6706547107377712
0.9323048882446524,1.4344705719275175,1.094542584308777,0.6706547107377712
0.9323048882446524,1.4344705719275175,1.0769700293617628,0.6706547107377712
0.9323048882446524,1.4344705719275175,1.0610572227773614,0.6706547107377712
0.9323048882446524,1.4344705719275175,0.9761510909145608,0.6706547107377712
0.9323048882446524,1.4344705719275175,1.0183620633584374,0.6706547107377712
0.9323048882446524,1.4344705719275175,1.1779441968452904,0.6706547107377712
0.9323048882446524,1.4344705719275175,0.9858819944702409,0.6706547107377712
0.9323048882446524,1.4344705719275175,1.0951834978057398,0.6706547107377712
0.9323048882446524,1.4344705719275175,0.9727411780369196,0.6706547107377712
0.9323048882446524,1.4344705719275175,1.0243155610846573,0.6706547107377712
0.9323048882446524,1.4344705719275175,1.0324556601639163,0.6706547107377712
0.9323048882446524,1.4344705719275175,0.9671547167223009,0.6706547107377712
0.9323048882446524,1.4344705719275175,0.9836427328990006,0.6706547107377712
0.9662829536647496,1.4344705719275175,1.034141439561729,0.6706547107377712
0.9662829536647496,1.4344705719275175,1.1183225538560928,0.6706547107377712
0.9662829536647496,1.4344705719275175,1.0250430890125144,0.6706547107377712
0.9662829536647496,1.4344705719275175,1.0297122339108986,0.6706547107377712
0.9662829536647496,1.4344705719275175,1.0386863620451048,0.6706547107377712
0.9662829536647496,1.4344705719275175,0.971809264339318,0.6706547107377712
0.9662829536647496,1.4344705719275175,0.9877473220584875,0.6706547107377712
0.9662829536647496,1.4344705719275175,0.9834693428759335,0.6706547107377712
0.9662829536647496,1.4344705719275175,0.9969923274999106,0.6706547107377712
0.9662829536647496,1.4344705719275175,1.00784962209638,0.6706547107377712
0.9662829536647496,1.4344705719275175,0.9352851205647837,0.6706547107377712
0.9970556158357103,1.4344705719275175,0.9189223386351746,0.6706547107377712
0.9970556158357103,1.4344705719275175,0.9478379461709037,0.6706547107377712
0.9970556158357103,1.4344705719275175,0.9692100811624411,0.7293883123787455
0.9970556158357103,1.4344705719275175,0.9410217837197443,0.7293883123787455
0.9970556158357103,1.4344705719275175,1.0381892300898983,0.7293883123787455
0.9970556158357103,1.4344705719275175,0.9565799655759688,0.7293883123787455
0.9970556158357103,1.4344705719275175,1.0237014421440456,0.7293883123787455
0.9970556158357103,1.4344705719275175,1.0526573352863706,0.7293883123787455
1.050365308903659,1.4344705719275175,1.0101290062085118,0.7293883123787455
1.050365308903659,1.4344705719275175,1.0011463716026021,0.7293883123787455
1.050365308903659,1.4344705719275175,0.9793358845210188,0.7293883123787455
1.050365308903659,1.4344705719275175,0.9519688238976055,0.7293883123787455
1.050365308903659,1.4344705719275175,1.0160597949882422,0.7293883123787455
1.050365308903659,1.4344705719275175,0.9891607088527452,0.7293883123787455
1.050365308903659,1.4344705719275175,0.9286617717802897,0.7293883123787455
1.0649063929441487,1.4344705719275175,1.013170632936969,0.7293883123787455
1.0649063929441487,1.4344705719275175,1.018963254115349,0.7293883123787455
1.0649063929441487,1.4344705719275175,0.921573641398829,0.7334329040445069
1.0649063929441487,1.4344705719275175,0.9749987005315189,0.7334329040445069
1.0649063929441487,1.4344705719275175,1.0150376131299617,0.7334329040445069
1.0649063929441487,1.4344705719275175,0.8814045545130782,0.7334329040445069
1.0649063929441487,1.4344705719275175,0.970036056046457,0.7334329040445069
1.0649063929441487,1.4344705719275175,0.9974752337627393,0.7334329040445069
1.0649063929441487,1.4344705719275175,0.9886935000560081,0.7334329040445069
1.0649063929441487,1.4344705719275175,1.0558572646877389,0.7334329040445069
1.0649063929441487,1.4344705719275175,0.9614188109178438,0.7334329040445069
1.0649063929441487,1.4344705719275175,1.0542925812702033,0.7334329040445069
1.0649063929441487,1.4344705719275175,0.9580569492264007,0.7334329040445069
1.0649063929441487,1.4344705719275175,0.8768556690069116,0.7334329040445069
1.0649063929441487,1.4344705719275175,0.9760637029453834,0.7355174052245065
1.0649063929441487,1.4344705719275175,0.9106152502465905,0.7355174052245065
1.0649063929441487,1.4344705719275175,0.990943084962282,0.7355174052245065
1.0649063929441487,1.4344705719275175,0.9522865112764387,0.7355174052245065
1.0649063929441487,1.4344705719275175,0.9676313081756942,0.7355174052245065
1.0649063929441487,1.4344705719275175,1.0472789845463115,0.7355174052245065
1.0649063929441487,1.4344705719275175,1.056088231656236,0.7355174052245065
1.0649063929441487,1.4344705719275175,1.0138634911786377,0.7355174052245065
1.0649063929441487,1.4344705719275175,0.9616299718324371,0.7355174052245065
1.0649063929441487,1.4344705719275175,1.0456775909274882,0.7355174052245065
1.0649063929441487,1.4344705719275175,0.9936375616308312,0.7355174052245065
1.0649063929441487,1.4344705719275175,0.9563070314970705,0.7355174052245065
1.0649063929441487,1.4344705719275175,0.9861552990614846,0.7355174052245065
1.0649063929441487,1.4344705719275175,0.9918297401867102,0.7355174052245065
1.0649063929441487,1.4344705719275175,0.9951717738974005,0.7355174052245065
1.0649063929441487,1.4344705719275175,0.8864702395016012,0.7355174052245065
1.0649063929441487,1.4344705719275175,0.9379794203781854,0.7281076077706982
1.0649063929441487,1.4344705719275175,0.8810355535161296,0.7281076077706982
1.0649063929441487,1.4344705719275175,0.8814947321790111,0.65204519435284
1.0649063929441487,1.4344705719275175,0.8907434446466036,0.65204519435284
1.0649063929441487,1.3671217681304304,0.9278137356797783,0.65204519435284
1.0649063929441487,1.3671217681304304,1.0012343915161472,0.65204519435284
1.0649063929441487,1.3671217681304304,1.0822319975952992,0.65204519435284
1.0649063929441487,1.3671217681304304,1.0951090081813906,0.65204519435284
1.0649063929441487,1.3671217681304304,1.096739826809875,0.65204519435284
1.0649063929441487,1.3671217681304304,0.9866589542705398,0.65204519435284
1.0649063929441487,1.3671217681304304,1.0130899303417924,0.65204519435284
1.0649063929441487,1.3671217681304304,1.1582924791814695,0.65204519435284
1.0649063929441487,1.3671217681304304,0.9438365281339116,0.65204519435284
1.0649063929441487,1.3671217681304304,0.9581216544962351,0.65204519435284
1.0649063929441487,1.3671217681304304,1.037798574173022,0.65204519435284
1.0649063929441487,1.3671217681304304,1.0486591709142408,0.65204519435284
1.0649063929441487,1.3671217681304304,1.1099614886090596,0.65204519435284
1.0649063929441487,1.3671217681304304,1.1124190126372262,0.65204519435284
1.0649063929441487,1.3671217681304304,1.0480148631855482,0.65204519435284
1.0649063929441487,1.3671217681304304,1.059579596779409,0.65204519435284
1.0649063929441487,1.3671217681304304,1.039641184984024,0.65204519435284
1.0649063929441487,1.3671217681304304,1.076294515416637,0.65204519435284
1.0649063929441487,1.3671217681304304,1.0801097596029705,0.65204519435284
1.0649063929441487,1.3671217681304304,0.9644853780586026,0.6811588950075365
0.913572024799118,1.3671217681304304,1.1848001095913607,0.6811588950075365
0.913572024799118,1.3671217681304304,1.1511573258754682,0.6811588950075365
0.8329362211210175,1.3671217681304304,1.3219117543029235,0.6683580559230452
0.8329362211210175,1.3671217681304304,1.3155046080775203,0.6683580559230452
0.8329362211210175,1.3671217681304304,1.3750122930213604,0.6683580559230452
0.8329362211210175,1.3671217681304304,1.3609103561611968,0.6683580559230452
0.908951257580756,1.3671217681304304,1.3823900208078634,0.6683580559230452
0.908951257580756,1.3671217681304304,1.1850246699479803,0.6683580559230452
0.908951257580756,1.3671217681304304,1.2044708824584704,0.6564920589513346
0.908951257580756,1.3671217681304304,1.1770993407068564,0.6564920589513346
0.908951257580756,1.3671217681304304,1.2086839785925254,0.6564920589513346
0.908951257580756,1.3671217681304304,1.18463687754595,0.6564920589513346
0.908951257580756,1.3671217681304304,1.1299602505342594,0.6408988212965568
0.908951257580756,1.3671217681304304,1.2500370162672747,0.6408988212965568
0.908951257580756,1.3671217681304304,1.1959067864202428,0.6408988212965568
0.908951257580756,1.3660255923834266,1.1735070277358246,0.6408988212965568
0.908951257580756,1.3660255923834266,1.1926862260217148,0.6408988212965568
0.908951257580756,1.3660255923834266,1.2429548669368384,0.6408988212965568
0.908951257580756,1.3660255923834266,1.1721575190731581,0.6408988212965568
0.908951257580756,1.3660255923834266,1.163712541532928,0.6408988212965568
0.908951257580756,1.3660255923834266,1.180495441950734,0.6408988212965568
0.908951257580756,1.3660255923834266,1.1846003349718652,0.6408988212965568
0.908951257580756,1.3660255923834266,1.16706243714442,0.6408988212965568
0.908951257580756,1.3660255923834266,1.3602074115856635,0.6513641407007612
0.908951257580756,1.3660255923834266,1.1811104573768847,0.6513641407007612
0.908951257580756,1.3660255923834266,1.3105286345600595,0.6513641407007612
0.908951257580756,1.3660255923834266,1.2460579837438552,0.6513641407007612
0.908951257580756,1.3660255923834266,1.2393029544819505,0.6513641407007612
0.908951257580756,1.3660255923834266,1.2456922201241396,0.6513641407007612
0.908951257580756,1.3660255923834266,1.1271079034928249,0.6513641407007612
0.908951257580756,1.3660255923834266,1.1810746260873988,0.6353921865653577
0.908951257580756,1.3660255923834266,1.2705690118483475,0.6353921865653577
0.908951257580756,1.3660255923834266,1.1105555585819906,0.6353921865653577
0.908951257580756,1.3660255923834266,1.1092523458303414,0.6353921865653577
0.908951257580756,1.3660255923834266,1.2745245030405858,0.6353921865653577
0.908951257580756,1.3660255923834266,1.1722607872656658,0.6734522267342314
0.908951257580756,1.3660255923834266,1.2781651954199924,0.6734522267342314
0.908951257580756,1.3660255923834266,1.2039563596448029,0.6734522267342314
0.908951257580756,1.3660255923834266,1.2897138433508863,0.6734522267342314
0.908951257580756,1.3660255923834266,1.1531590600435913,0.6734522267342314
0.908951257580756,1.3660255923834266,1.276303183298588,0.6734522267342314
0.908951257580756,1.3660255923834266,1.2565880807353869,0.6734522267342314
0.908951257580756,1.3660255923834266,1.1630099368171776,0.6734522267342314
0.908951257580756,1.3660255923834266,1.3700170240979956,0.6734522267342314
0.908951257580756,1.3660255923834266,1.2284856138968925,0.6734522267342314
0.908951257580756,1.3660255923834266,1.2688673356921636,0.6734522267342314
0.908951257580756,1.3660255923834266,1.209409215441898,0.6734522267342314
0.8839173775001892,1.3660255923834266,1.2043324477857142,0.6734522267342314
0.8839173775001892,1.3660255923834266,1.2586357366526693,0.6734522267342314
0.8839173775001892,1.3660255923834266,1.2814456377816565,0.6734522267342314
0.8839173775001892,1.3660255923834266,1.336030777585823,0.6734522267342314
0.8839173775001892,1.3660255923834266,1.3966774364556163,0.6734522267342314
0.8839173775001892,1.3660255923834266,1.1532451183505343,0.6734522267342314
0.8839173775001892,1.3660255923834266,1.3544368602045742,0.6734522267342314
0.8839173775001892,1.3660255923834266,1.2616290116140563,0.6734522267342314
0.8839173775001892,1.3660255923834266,1.294253113524707,0.6734522267342314
0.8108202520286345,1.3660255923834266,1.3450922087179735,0.6734522267342314
0.8108202520286345,1.3660255923834266,1.3715236595274416,0.6734522267342314
0.8108202520286345,1.3660255923834266,1.364010545185666,0.6734522267342314
0.8108202520286345,1.3660255923834266,1.4797346836238088,0.6734522267342314
0.8108202520286345,1.3660255923834266,1.4883153939361136,0.6734522267342314
0.8108202520286345,1.3776930950189648,1.2590994969759155,0.6734522267342314
0.8108202520286345,1.3776930950189648,1.3916863068520442,0.6734522267342314
0.8108202520286345,1.3776930950189648,1.3340603279742547,0.6734522267342314
0.8108202520286345,1.3776930950189648,1.3342053280782027,0.6734522267342314
0.8108202520286345,1.3776930950189648,1.6104802807136605,0.6734522267342314
0.8052853466566972,1.3776930950189648,1.3665472702381125,0.6734522267342314
0.8052853466566972,1.3776930950189648,1.2427487416158431,0.6734522267342314
0.8052853466566972,1.3776930950189648,1.3463866580162969,0.6530301416257948
0.8052853466566972,1.3776930950189648,1.231438569330019,0.6530301416257948
0.8052853466566972,1.3776930950189648,1.2787182013524903,0.6530301416257948
0.8052853466566972,1.3776930950189648,1.3955950917728392,0.6530301416257948
0.8052853466566972,1.3776930950189648,1.184471720938477,0.6530301416257948
0.8052853466566972,1.3776930950189648,1.5864226489547242,0.6669801503799322
0.8052853466566972,1.3776930950189648,1.320623180357272,0.6669801503799322
0.8052853466566972,1.3776930950189648,1.4916288599904668,0.6669801503799322
0.8052853466566972,1.3776930950189648,1.3578009132521414,0.6669801503799322
0.8052853466566972,1.3776930950189648,1.3234332763531604,0.6669801503799322
0.8904098724004152,1.3776930950189648,1.246371014606028,0.6669801503799322
0.8904098724004152,1.3776930950189648,1.1947530205218868,0.6669801503799322
0.8904098724004152,1.3776930950189648,1.2114653573953036,0.6669801503799322
0.8904098724004152,1.3776930950189648,1.192227290065323,0.6669801503799322
0.8558406996374364,1.3776930950189648,1.226682207446181,0.6669801503799322
0.8558406996374364,1.3776930950189648,1.1545472035641267,0.6669801503799322
0.8558406996374364,1.3776930950189648,1.251493502532332,0.6669801503799322
0.8558406996374364,1.3776930950189648,1.2263428650870911,0.6669801503799322
0.8558406996374364,1.3776930950189648,1.2517553624915196,0.6669801503799322
0.8558406996374364,1.3776930950189648,1.351013574771416,0.6669801503799322
0.8558406996374364,1.3776930950189648,1.1797572559797236,0.6669801503799322
0.8558406996374364,1.3776930950189648,1.296542252268842,0.6768139036183989
0.8558406996374364,1.3776930950189648,1.3130023428556719,0.6768139036183989
0.8558406996374364,1.3776930950189648,1.2340472525306487,0.6768139036183989
0.8558406996374364,1.3776930950189648,1.2637327386047197,0.643270844831263
0.8558406996374364,1.3776930950189648,1.2342070132234084,0.643270844831263
0.8558406996374364,1.3776930950189648,1.154736942459625,0.643270844831263
0.8643111348478365,1.3776930950189648,1.227696983163054,0.662647038108815
0.8643111348478365,1.3776930950189648,1.1677420705019297,0.662647038108815
0.8643111348478365,1.3776930950189648,1.2458318269279978,0.662647038108815
0.8643111348478365,1.3776930950189648,1.2466117335145792,0.662647038108815
0.8643111348478365,1.3776930950189648,1.1874245873257019,0.662647038108815
0.8643111348478365,1.3776930950189648,1.328948641087142,0.662647038108815
0.8643111348478365,1.3776930950189648,1.239991584857469,0.662647038108815
0.8643111348478365,1.4051758658092075,1.1784613675992028,0.662647038108815
0.8643111348478365,1.4051758658092075,1.0700688266331784,0.662647038108815
0.8643111348478365,1.4051758658092075,1.2039515669694627,0.662647038108815
0.8643111348478365,1.4051758658092075,1.2754346820358033,0.662647038108815
0.8643111348478365,1.4051758658092075,1.1604059113033196,0.662647038108815
0.8643111348478365,1.4051758658092075,1.2071194550063313,0.662647038108815
0.8643111348478365,1.4051758658092075,1.147728280171482,0.662647038108815
0.8643111348478365,1.4051758658092075,1.2753285762886168,0.662647038108815
0.8643111348478365,1.4051758658092075,1.1199564669952191,0.662647038108815
0.8643111348478365,1.4051758658092075,1.1997959121685022,0.662647038108815
0.8643111348478365,1.4051758658092075,1.2869371111642556,0.662647038108815
0.8643111348478365,1.4051758658092075,1.1383713183379622,0.662647038108815
0.8643111348478365,1.4051758658092075,1.2014941230137963,0.662647038108815
0.8643111348478365,1.4051758658092075,1.1138516950395794,0.662647038108815
0.8643111348478365,1.4051758658092075,1.052968971735234,0.662647038108815
0.8643111348478365,1.4051758658092075,1.296487722730026,0.662647038108815
0.8643111348478365,1.4051758658092075,1.20717123140889,0.662647038108815
0.8643111348478365,1.4051758658092075,1.2409270002331014,0.662647038108815
0.8643111348478365,1.4051758658092075,1.2423736266022467,0.662647038108815
0.8643111348478365,1.4051758658092075,1.1688566870572028,0.662647038108815
0.8643111348478365,1.4051758658092075,1.287969208178129,0.662647038108815
0.8643111348478365,1.4051758658092075,1.2191068296315195,0.662647038108815
0.8643111348478365,1.4051758658092075,1.3374533682053211,0.662647038108815
0.8643111348478365,1.4051758658092075,1.1665226932847594,0.662647038108815
0.8078674945149087,1.4051758658092075,1.1745845325005217,0.662647038108815
0.8078674945149087,1.4051758658092075,1.212853939496648,0.662647038108815
0.8078674945149087,1.4051758658092075,1.3055155685007407,0.662647038108815
0.8078674945149087,1.4051758658092075,1.3217667886107691,0.662647038108815
0.8078674945149087,1.4051758658092075,1.2509706262077813,0.662647038108815
0.8078674945149087,1.4051758658092075,1.3674986814551955,0.662647038108815
0.8078674945149087,1.4051758658092075,1.2190643784213187,0.662647038108815
0.8078674945149087,1.4051758658092075,1.3535024504804005,0.662647038108815
0.8078674945149087,1.4051758658092075,1.2799476666064078,0.662647038108815
0.8078674945149087,1.4051758658092075,1.3632307343608876,0.662647038108815
0.8078674945149087,1.4051758658092075,1.1179766006628291,0.662647038108815
0.8078674945149087,1.4051758658092075,1.1954857869282376,0.662647038108815
0.8078674945149087,1.4051758658092075,1.2831556736641938,0.662647038108815
0.8078674945149087,1.4303134702176852,1.2171137135054926,0.662647038108815
0.8078674945149087,1.4303134702176852,1.1477198292050363,0.662647038108815
0.8078674945149087,1.4303134702176852,1.0571561180522564,0.662647038108815
0.8078674945149087,1.4303134702176852,1.0608119839351575,0.662647038108815
0.8078674945149087,1.4303134702176852,1.0866892789152334,0.662647038108815
0.8078674945149087,1.4303134702176852,1.1735304549904173,0.662647038108815
0.8078674945149087,1.4303134702176852,1.2682802275551244,0.662647038108815
0.8078674945149087,1.4303134702176852,1.2477092769663962,0.662647038108815
0.766550168974322,1.4303134702176852,1.262754992368726,0.662647038108815
0.766550168974322,1.4303134702176852,1.3119184714632148,0.662647038108815
0.766550168974322,1.4303134702176852,1.191484219987258,0.662647038108815
0.766550168974322,1.4303134702176852,1.2634286026926314,0.662647038108815
0.766550168974322,1.4303134702176852,1.316146874409702,0.662647038108815
0.766550168974322,1.4303134702176852,1.1411086560656476,0.662647038108815
0.8846357211576606,1.4303134702176852,1.2636093684131435,0.6970140745140222
0.8846357211576606,1.4303134702176852,1.1156134952879122,0.6651181773179297
0.8882427410978825,1.4303134702176852,1.1107056197901133,0.6651181773179297
0.8882427410978825,1.4303134702176852,1.0454650739984253,0.6651181773179297
0.8882427410978825,1.4303134702176852,1.0530154830418652,0.6651181773179297
0.8882427410978825,1.4303134702176852,1.1362625073118757,0.6651181773179297
0.8882427410978825,1.4303134702176852,1.1820340027365572,0.6651181773179297
0.8882427410978825,1.4303134702176852,1.1715766249078263,0.6651181773179297
0.8882427410978825,1.4303134702176852,0.9463767560194165,0.6651181773179297
0.8882427410978825,1.4303134702176852,1.0176537035356987,0.6651181773179297
0.8882427410978825,1.4303134702176852,1.1077326946163906,0.6500613984811102
0.8882427410978825,1.4303134702176852,1.1142176303579439,0.6500613984811102
0.8882427410978825,1.4303134702176852,1.0378133151586464,0.6500613984811102
0.883639674054975,1.4303134702176852,1.112447904910805,0.6500613984811102
0.883639674054975,1.4303134702176852,1.2003081798213808,0.6500613984811102
0.883639674054975,1.3612724765892728,1.1949646445689097,0.6500613984811102
0.883639674054975,1.3612724765892728,1.2353605779558525,0.6500613984811102
0.883639674054975,1.3612724765892728,1.1622036027208786,0.6500613984811102
0.883639674054975,1.3612724765892728,1.4161114087528013,0.6500613984811102
0.883639674054975,1.3612724765892728,1.1720474758516914,0.6500613984811102
0.883639674054975,1.3612724765892728,1.1904232295253454,0.6500613984811102
0.883639674054975,1.3612724765892728,1.3373293773981223,0.6500613984811102
0.883639674054975,1.3612724765892728,1.3353771269327779,0.6500613984811102
0.883639674054975,1.3612724765892728,1.2021217266623918,0.6500613984811102
0.995061294125022,1.3612724765892728,1.2095779936975972,0.6500613984811102
0.995061294125022,1.3612724765892728,0.9683411050740365,0.6500613984811102
0.995061294125022,1.3612724765892728,1.0971630346080614,0.6500613984811102
0.995061294125022,1.3612724765892728,1.1151858928121756,0.6500613984811102
0.995061294125022,1.3612724765892728,1.1404491617007144,0.6500613984811102
0.995061294125022,1.3612724765892728,1.2742504838046889,0.6500613984811102
0.995061294125022,1.3560879366771648,1.1848150299391524,0.6500613984811102
0.995061294125022,1.3560879366771648,1.1204510450795937,0.6500613984811102
0.995061294125022,1.3560879366771648,1.1629023986006173,0.6500613984811102
0.995061294125022,1.3560879366771648,1.1341105333920214,0.6500613984811102
0.995061294125022,1.3560879366771648,1.198554559436731,0.6500613984811102
0.995061294125022,1.3560879366771648,1.060098007135475,0.6500613984811102
0.995061294125022,1.3560879366771648,1.0908250865958993,0.6500613984811102
0.995061294125022,1.3560879366771648,1.138531883203072,0.6500613984811102
0.995061294125022,1.3560879366771648,1.158309855702277,0.6500613984811102
0.995061294125022,1.3560879366771648,1.0756690197772791,0.6500613984811102
0.995061294125022,1.3796788364996952,1.0774849670526774,0.6500613984811102
0.995061294125022,1.3796788364996952,0.9655467048211538,0.6500613984811102
0.995061294125022,1.3796788364996952,1.1917488344322813,0.6500613984811102
0.995061294125022,1.3796788364996952,1.164450754081911,0.6500613984811102
0.995061294125022,1.3796788364996952,1.0367542940980963,0.6500613984811102
0.995061294125022,1.3796788364996952,1.1978599532001915,0.6500613984811102
0.995061294125022,1.3796788364996952,0.9938138210411425,0.6500613984811102
0.995061294125022,1.3796788364996952,1.1090771427973904,0.6500613984811102
0.995061294125022,1.3796788364996952,1.0772407948602438,0.6500613984811102
0.995061294125022,1.2289191067113345,1.2852775423989022,0.6500613984811102
0.995061294125022,1.2289191067113345,1.5364691806250184,0.6500613984811102
0.995061294125022,1.2289191067113345,1.4633436331899683,0.6500613984811102
0.995061294125022,1.2289191067113345,1.6699144993104031,0.6500613984811102
0.995061294125022,1.2390095904850067,1.297590659234441,0.6500613984811102
0.995061294125022,1.2390095904850067,1.348533087434897,0.6500613984811102
0.995061294125022,1.2390095904850067,1.393972347527108,0.6500613984811102
0.995061294125022,1.2390095904850067,1.6367961709751049,0.6500613984811102
0.995061294125022,1.2390095904850067,1.5507082492225275,0.6500613984811102
0.995061294125022,1.2390095904850067,1.43223519538706,0.6500613984811102
0.995061294125022,1.2390095904850067,1.384460194601889,0.6093916422491569
0.995061294125022,1.247087399874216,1.2448256761301537,0.6093916422491569
0.995061294125022,1.247087399874216,1.3358801230347106,0.6093916422491569
0.995061294125022,1.247087399874216,1.4403437483087544,0.6093916422491569
0.995061294125022,1.247087399874216,1.3859393107907794,0.6093916422491569
0.9381155020555929,1.247087399874216,1.479930167421066,0.6093916422491569
0.9381155020555929,1.247087399874216,1.5017970944042547,0.6093916422491569
0.9381155020555929,1.247087399874216,1.562134208722701,0.6093916422491569
0.9381155020555929,1.247087399874216,1.4104463216287646,0.6093916422491569
0.9381155020555929,1.247087399874216,1.3758436894581667,0.6093916422491569
0.9381155020555929,1.247087399874216,1.3494008033668736,0.6093916422491569
0.9381155020555929,1.247087399874216,1.5145597893186713,0.6093916422491569
0.9381155020555929,1.247087399874216,1.5144095073257104,0.6093916422491569
0.9381155020555929,1.247087399874216,1.4180576518462882,0.6093916422491569
0.9381155020555929,1.2830451861244943,1.4941890831393507,0.6093916422491569
0.9381155020555929,1.2830451861244943,1.4072937521359234,0.6093916422491569
0.9381155020555929,1.2830451861244943,1.3877503024357314,0.6093916422491569
0.9034499227404146,1.2830451861244943,1.3576589087418311,0.6093916422491569
0.9160517379132349,1.2830451861244943,1.3221592591416356,0.6093916422491569
0.9160517379132349,1.2830451861244943,1.2664262523256289,0.6093916422491569
0.9160517379132349,1.2830451861244943,1.4331697003943529,0.6093916422491569
0.9160517379132349,1.2830451861244943,1.4007562094055648,0.6093916422491569
0.9160517379132349,1.2830451861244943,1.4539458870539428,0.6093916422491569
0.9160517379132349,1.2830451861244943,1.2266715699212896,0.6093916422491569
0.9160517379132349,1.2830451861244943,1.4489201629594957,0.6093916422491569
0.9160517379132349,1.2830451861244943,1.569131732072957,0.6093916422491569
0.9160517379132349,1.2830451861244943,1.2822853686282938,0.6093916422491569
0.9160517379132349,1.2830451861244943,1.5675153387807348,0.6093916422491569
0.9160517379132349,1.2830451861244943,1.6271412844955684,0.6093916422491569
0.9160517379132349,1.2830451861244943,1.3027756666195456,0.6093916422491569
0.9023412672387167,1.2830451861244943,1.4217380014990266,0.6093916422491569
0.9023412672387167,1.2830451861244943,1.5518554055090081,0.6238888068204844
0.9023412672387167,1.2830451861244943,1.481295893103367,0.6238888068204844
0.9023412672387167,1.2830451861244943,1.4647395283325055,0.6238888068204844
0.9023412672387167,1.2830451861244943,1.4725223951333517,0.6238888068204844
0.9023412672387167,1.2830451861244943,1.34571374051483,0.6238888068204844
1.0128370928187447,1.2830451861244943,1.3748191272607315,0.6238888068204844
1.038721189688368,1.2830451861244943,1.3067237900807558,0.6238888068204844
1.038721189688368,1.2830451861244943,1.1984180722488609,0.6238888068204844
1.038721189688368,1.2830451861244943,1.3078805801095341,0.6238888068204844
1.038721189688368,1.2830451861244943,1.216142591410492,0.6238888068204844
1.0683783315458562,1.2830451861244943,1.064523396915572,0.6238888068204844
1.0683783315458562,1.2830451861244943,1.1459156490651292,0.6238888068204844
1.0683783315458562,1.273867891510955,1.2528477774948241,0.6238888068204844
1.0683783315458562,1.273867891510955,1.2664505868157854,0.645249519093948
1.0683783315458562,1.273867891510955,1.1899711765000476,0.645249519093948
1.0683783315458562,1.273867891510955,1.2967331936134925,0.645249519093948
1.0683783315458562,1.273867891510955,1.3101236265037632,0.645249519093948
1.0683783315458562,1.273867891510955,1.2783690373563286,0.645249519093948
1.0683783315458562,1.273867891510955,1.2213327045665874,0.645249519093948
1.0683783315458562,1.273867891510955,1.2201705626550794,0.6480177223068656
1.0683783315458562,1.273867891510955,1.1874243534932243,0.6480177223068656
1.0683783315458562,1.273867891510955,1.2748708383662142,0.6480177223068656
1.0683783315458562,1.273867891510955,1.1960150802180713,0.6480177223068656
1.0683783315458562,1.273867891510955,1.3032892663392823,0.6480177223068656
1.0683783315458562,1.273867891510955,1.3460831912994162,0.6480177223068656
1.0683783315458562,1.273867891510955,1.1636989225538132,0.6480177223068656
1.0683783315458562,1.273867891510955,1.4271585402524631,0.6480177223068656
1.0683783315458562,1.273867891510955,1.304792512416383,0.6480177223068656
1.0683783315458562,1.273867891510955,1.3203363355860138,0.6480177223068656
1.0683783315458562,1.273867891510955,1.108158854726738,0.6480177223068656
1.0683783315458562,1.273867891510955,1.119855303555357,0.6480177223068656
1.0683783315458562,1.273867891510955,1.1929581965444591,0.6480177223068656
1.0683783315458562,1.273867891510955,1.334327432347004,0.6480177223068656
1.0683783315458562,1.273867891510955,1.233368100171771,0.6480177223068656
1.0683783315458562,1.273867891510955,1.2139254177906522,0.6480177223068656
1.0683783315458562,1.273867891510955,1.2713659372371107,0.6480177223068656
1.0683783315458562,1.273867891510955,1.3320702625433778,0.6480177223068656
1.0683783315458562,1.273867891510955,1.3199724332210414,0.6480177223068656
1.0683783315458562,1.273867891510955,1.2441443156482606,0.6480177223068656
1.0683783315458562,1.273867891510955,1.2507069789886174,0.6480177223068656
1.0683783315458562,1.273867891510955,1.2552035062116746,0.6480177223068656
1.0683783315458562,1.273867891510955,1.3945544559008718,0.6480177223068656
1.0683783315458562,1.273867891510955,1.3698678381014973,0.6480177223068656
1.0683783315458562,1.273867891510955,1.2726466359121,0.6333206825507866
1.0683783315458562,1.273867891510955,1.288451991638399,0.6333206825507866
1.0683783315458562,1.273867891510955,1.3205980524488095,0.6333206825507866
1.253731385887256,1.273867891510955,1.0934946919187634,0.6333206825507866
1.253731385887256,1.273867891510955,0.9599215541671876,0.6333206825507866
1.253731385887256,1.273867891510955,0.9548574497760236,0.6333206825507866
1.1804262956351719,1.273867891510955,1.1020210573451643,0.6333206825507866
1.1804262956351719,1.273867891510955,1.1740868162685187,0.6333206825507866
1.1804262956351719,1.273867891510955,1.2269253821863704,0.6333206825507866
1.126841721625958,1.273867891510955,1.1421729013161908,0.6482769160629505
1.126841721625958,1.273867891510955,1.2461170791721923,0.6482769160629505
1.126841721625958,1.273867891510955,1.176161556042383,0.6898066681494375
1.126841721625958,1.273867891510955,1.3737460239700474,0.6898066681494375
1.126841721625958,1.273867891510955,1.251600621231021,0.6898066681494375
1.126841721625958,1.273867891510955,1.3385414358523615,0.6898066681494375
1.126841721625958,1.273867891510955,1.2088198213278647,0.6898066681494375
1.126841721625958,1.273867891510955,1.2329440312914397,0.6898066681494375
1.126841721625958,1.273867891510955,1.1453649069541605,0.6898066681494375
1.126841721625958,1.273867891510955,1.209883847777817,0.6802818702777581
1.126841721625958,1.273867891510955,1.1525972539674132,0.6802818702777581
0.997807955653464,1.273867891510955,1.201611761932411,0.6802818702777581
0.997807955653464,1.273867891510955,1.2765354135346365,0.6802818702777581
0.997807955653464,1.273867891510955,1.4322240937557729,0.6802818702777581
0.997807955653464,1.273867891510955,1.4608665863589803,0.6802818702777581
1.110525757387203,1.273867891510955,1.2498908522893086,0.6802818702777581
1.110525757387203,1.2953596219335537,1.249585597504741,0.6802818702777581
1.110525757387203,1.2953596219335537,1.192810877370399,0.6802818702777581
1.110525757387203,1.2953596219335537,1.3063439444337586,0.6802818702777581
1.110525757387203,1.2953596219335537,1.1428999453911255,0.6802818702777581
1.110525757387203,1.2953596219335537,1.1426130897970872,0.6802818702777581
1.110525757387203,1.2953596219335537,1.191474003714966,0.6802818702777581
1.110525757387203,1.2953596219335537,1.1593906402699095,0.6802818702777581
1.110525757387203,1.2953596219335537,1.1584368362745165,0.6802818702777581
1.110525757387203,1.2953596219335537,1.1587446302004774,0.6518016829454959
1.110525757387203,1.2953596219335537,1.1888731791995104,0.6518016829454959
1.110525757387203,1.2953596219335537,1.1796319115865228,0.6518016829454959
1.110525757387203,1.2953596219335537,1.1065916158352775,0.6518016829454959
1.110525757387203,1.2953596219335537,1.1640085795559014,0.6518016829454959
1.1154283110932202,1.2953596219335537,1.1843555042872558,0.6518016829454959
1.1154283110932202,1.2953596219335537,1.1524920239797463,0.6447572776835717
1.1154283110932202,1.2953596219335537,1.137896215053268,0.6447572776835717
1.1154283110932202,1.2953596219335537,1.1093905300970348,0.6447572776835717
1.1154283110932202,1.2953596219335537,1.1341846767105206,0.6447572776835717
1.1154283110932202,1.2953596219335537,1.2631779201954503,0.6447572776835717
1.1154283110932202,1.2953596219335537,1.2215832478264825,0.6447572776835717
1.1154283110932202,1.2810052851140208,1.2357314780669937,0.6447572776835717
1.1154283110932202,1.2810052851140208,1.1504508262025805,0.6447572776835717
1.1154283110932202,1.2810052851140208,1.2131426146951103,0.6447572776835717
1.1154283110932202,1.2810052851140208,1.38293142360992,0.6447572776835717
1.1154283110932202,1.2810052851140208,1.168688537414364,0.6447572776835717
1.1118465840714482,1.2810052851140208,1.1524372466923793,0.6447572776835717
1.1118465840714482,1.2810052851140208,1.1970266137101404,0.6447572776835717
1.1118465840714482,1.2810052851140208,1.1441874128486251,0.6447572776835717
1.1118465840714482,1.331252835508531,1.1721956508696638,0.6447572776835717
1.1118465840714482,1.331252835508531,0.9265476076147461,0.6447572776835717
1.070479870491785,1.331252835508531,1.0473831704881629,0.6447572776835717
1.070479870491785,1.331252835508531,1.1107279373285623,0.6447572776835717
1.070479870491785,1.331252835508531,1.0546869645902004,0.6447572776835717
1.070479870491785,1.331252835508531,1.1065766064703653,0.6447572776835717
1.070479870491785,1.331252835508531,1.25995638495477,0.6447572776835717
1.070479870491785,1.331252835508531,1.1367787251378596,0.6447572776835717
1.070479870491785,1.331252835508531,1.2302286908957423,0.6447572776835717
1.070479870491785,1.331252835508531,1.2139613589451572,0.6640432284386861
1.070479870491785,1.331252835508531,1.1251001265026852,0.6640432284386861
1.070479870491785,1.331252835508531,0.974783248753279,0.6640432284386861
1.070479870491785,1.331252835508531,1.1796322833589565,0.6640432284386861
1.070479870491785,1.331252835508531,1.1575621683320008,0.6640432284386861
1.070479870491785,1.331252835508531,1.099439512133542,0.6640432284386861
1.070479870491785,1.331252835508531,1.202660905646095,0.6640432284386861
1.070479870491785,1.2972752859326648,1.2492578034345,0.6640432284386861
1.070479870491785,1.2972752859326648,1.2606077147012025,0.6640432284386861
1.070479870491785,1.2972752859326648,1.1814484481757874,0.6640432284386861
1.070479870491785,1.2972752859326648,1.235660658302526,0.6640432284386861
1.070479870491785,1.2972752859326648,1.2425551957990468,0.6640432284386861
1.070479870491785,1.2972752859326648,1.1350939816650731,0.6640432284386861
1.070479870491785,1.2972752859326648,1.146272234097922,0.6640432284386861
1.070479870491785,1.2972752859326648,1.2633694051615305,0.6640432284386861
1.070479870491785,1.2972752859326648,1.1046847904834585,0.6640432284386861
1.070479870491785,1.2972752859326648,1.2565620650085907,0.6640432284386861
1.070479870491785,1.2972752859326648,1.205192811265974,0.6640432284386861
1.070479870491785,1.2972752859326648,1.2778218785515485,0.6640432284386861
1.070479870491785,1.2972752859326648,1.1738699004941566,0.6640432284386861
1.070479870491785,1.2972752859326648,1.2098861097262112,0.6640432284386861
1.070479870491785,1.2972752859326648,1.2008836569759245,0.6640432284386861
1.070479870491785,1.2972752859326648,1.2973012575846652,0.6640432284386861
1.070479870491785,1.2972752859326648,1.2483341701793533,0.6640432284386861
1.070479870491785,1.2972752859326648,1.2246478210685292,0.6640432284386861
1.070479870491785,1.2972752859326648,1.1501386839864949,0.6640432284386861
1.070479870491785,1.2972752859326648,1.1329756599892924,0.6640432284386861
1.070479870491785,1.2972752859326648,1.1210452448492605,0.6640432284386861
1.070479870491785,1.2972752859326648,1.210046359969274,0.6640432284386861
1.070479870491785,1.2972752859326648,1.2497517379988494,0.6640432284386861
1.1371810129307025,1.2972752859326648,1.2044560521684144,0.6640432284386861
1.1371810129307025,1.2972752859326648,1.0575641744046025,0.6640432284386861
1.1371810129307025,1.2972752859326648,1.2003685168915672,0.6640432284386861
1.1371810129307025,1.2972752859326648,1.1317787247599789,0.6640432284386861
1.1371810129307025,1.2972752859326648,1.2623207340015676,0.6640432284386861
1.1371810129307025,1.2972752859326648,1.2037760678615737,0.6640432284386861
1.1371810129307025,1.2972752859326648,1.166778273017362,0.6640432284386861
1.1371810129307025,1.2972752859326648,1.177019277043808,0.6640432284386861
1.1371810129307025,1.2972752859326648,1.1784263568349944,0.6640432284386861
1.1371810129307025,1.2972752859326648,1.246160545936031,0.6640432284386861
1.1371810129307025,1.2972752859326648,1.0977687340611066,0.6640432284386861
1.1371810129307025,1.3181291347661586,1.1100233849729229,0.6640432284386861
1.1371810129307025,1.3181291347661586,1.0438738297779204,0.6640432284386861
1.1371810129307025,1.3181291347661586,1.0690449945014402,0.6640432284386861
1.1371810129307025,1.3181291347661586,1.0969831449882408,0.6640432284386861
1.1371810129307025,1.3181291347661586,1.0984497441074252,0.6640432284386861
1.1371810129307025,1.3181291347661586,1.072895635200358,0.6640432284386861
1.1371810129307025,1.3181291347661586,1.0725395076895965,0.6640432284386861
1.1371810129307025,1.3181291347661586,1.1129648834578354,0.6640432284386861
1.1371810129307025,1.3181291347661586,0.9983825361265314,0.682131296508287
1.1371810129307025,1.3181291347661586,1.1033920480920911,0.682131296508287
1.1371810129307025,1.3181291347661586,1.1338366034756246,0.682131296508287
1.1371810129307025,1.3181291347661586,1.1447160327772237,0.682131296508287
1.1371810129307025,1.3181291347661586,0.9914473615805857,0.682131296508287
1.1371810129307025,1.3181291347661586,1.139905137986531,0.6281212951143927
1.1371810129307025,1.3181291347661586,1.0794405205391087,0.6281212951143927
1.1371810129307025,1.3181291347661586,1.0593840938390604,0.6281212951143927
1.1371810129307025,1.3181291347661586,0.9916432654620353,0.6281212951143927
1.1371810129307025,1.3181291347661586,1.1536798148944918,0.6281212951143927
1.1371810129307025,1.3181291347661586,1.1046762434854815,0.6281212951143927
1.1371810129307025,1.3181291347661586,1.111630662983811,0.6281212951143927
1.1371810129307025,1.3181291347661586,1.1705849930668477,0.6281212951143927
1.1371810129307025,1.3181291347661586,1.1019234567861325,0.6281212951143927
1.1371810129307025,1.3181291347661586,1.0847996068266947,0.6281212951143927
1.1371810129307025,1.3181291347661586,1.0528942628896132,0.6281212951143927
1.1371810129307025,1.3181291347661586,1.0903349174978096,0.6281212951143927
1.1019051688086525,1.3181291347661586,1.1162080955089981,0.6281212951143927
1.1019051688086525,1.3181291347661586,1.102166400316905,0.6281212951143927
1.1019051688086525,1.3181291347661586,1.1026765408761086,0.6709292414574292
1.1019051688086525,1.3181291347661586,1.18102623245422,0.6709292414574292
1.1019051688086525,1.3181291347661586,1.2936546383855838,0.6709292414574292
1.1019051688086525,1.3181291347661586,1.287537007334324,0.6709292414574292
1.1019051688086525,1.3181291347661586,1.1385185588500597,0.6709292414574292
1.1019051688086525,1.3181291347661586,1.0704140208306014,0.6709292414574292
1.1591041248500629,1.3181291347661586,1.0796391746639393,0.6709292414574292
1.1591041248500629,1.3181291347661586,1.1007778606924417,0.6781740431736822
1.1591041248500629,1.3181291347661586,1.1370462903871434,0.6781740431736822
1.1591041248500629,1.3181291347661586,1.0720058891823494,0.6781740431736822
1.1591041248500629,1.3181291347661586,1.0311154365158932,0.6781740431736822
1.1591041248500629,1.3181291347661586,1.0046666039223577,0.6781740431736822
1.1591041248500629,1.3181291347661586,1.1596368210983883,0.6781740431736822
1.1591041248500629,1.3181291347661586,1.0542192997063282,0.6781740431736822
1.1591041248500629,1.3181291347661586,0.9752223190090895,0.6781740431736822
1.1591041248500629,1.226098701095737,1.2625301990528612,0.6781740431736822
1.1591041248500629,1.2882232864347407,1.3001138657536713,0.6781740431736822
1.1591041248500629,1.2882232864347407,1.2327704492132916,0.6781740431736822
1.1591041248500629,1.2882232864347407,1.1484433533762388,0.6781740431736822
1.1591041248500629,1.2882232864347407,1.1294483034199565,0.6781740431736822
1.1591041248500629,1.2882232864347407,1.206976207428004,0.6781740431736822
1.1591041248500629,1.2882232864347407,1.1051000219183922,0.6781740431736822
1.1591041248500629,1.2882232864347407,1.2484392580345771,0.6781740431736822
1.1591041248500629,1.2882232864347407,1.19408802917643,0.6781740431736822
1.1591041248500629,1.2882232864347407,1.0131216798345064,0.6781740431736822
1.0499522247565736,1.2882232864347407,1.1886753505273544,0.6781740431736822
1.0499522247565736,1.2882232864347407,1.2548281529973189,0.6781740431736822
1.0499522247565736,1.2882232864347407,1.2477738406324699,0.6781740431736822
1.0499522247565736,1.2882232864347407,1.2018159674774576,0.6781740431736822
1.0499522247565736,1.2882232864347407,1.2731305685713514,0.6781740431736822
1.0499522247565736,1.2882232864347407,1.2690724176302661,0.6781740431736822
1.0499522247565736,1.2882232864347407,1.279653064289066,0.6781740431736822
1.0499522247565736,1.2882232864347407,1.4849974553965923,0.6781740431736822
1.0499522247565736,1.2882232864347407,1.2495315432986727,0.6781740431736822
1.0499522247565736,1.2882232864347407,1.3324585175182826,0.6781740431736822
1.0499522247565736,1.2882232864347407,1.2176215424525512,0.6781740431736822
1.0499522247565736,1.2882232864347407,1.1573377995942788,0.6781740431736822
1.0499522247565736,1.2882232864347407,1.3531655987062368,0.6781740431736822
1.0499522247565736,1.2882232864347407,1.3598562451214449,0.6781740431736822
1.0810480939312377,1.2882232864347407,1.3446453290149885,0.6781740431736822
1.0810480939312377,1.2882232864347407,1.2176764016386912,0.6781740431736822
1.0810480939312377,1.2882232864347407,1.1569956742444987,0.6781740431736822
1.0810480939312377,1.2882232864347407,1.2478457078962994,0.6781740431736822
1.0810480939312377,1.2882232864347407,1.3420560181315533,0.6781740431736822
1.0810480939312377,1.2882232864347407,1.1826406585476978,0.6781740431736822
1.0810480939312377,1.2882232864347407,1.14525565917294,0.6781740431736822
1.0810480939312377,1.2882232864347407,1.296883138583565,0.6781740431736822
1.0810480939312377,1.2882232864347407,1.2264041289310528,0.6781740431736822
1.0810480939312377,1.2882232864347407,1.2675634511356875,0.6484735212058766
1.0810480939312377,1.2882232864347407,1.2650134720780535,0.6484735212058766
1.0810480939312377,1.2882232864347407,1.1856032845599784,0.6484735212058766
1.0810480939312377,1.2882232864347407,1.1687214179389736,0.6396347731787476
1.0810480939312377,1.2882232864347407,1.1694664836989614,0.6396347731787476
1.0810480939312377,1.2882232864347407,1.13728930816344,0.6396347731787476
1.0810480939312377,1.2882232864347407,1.3101835322169844,0.6396347731787476
1.0810480939312377,1.2882232864347407,1.1612849024993857,0.6396347731787476
1.0810480939312377,1.2882232864347407,1.250755851586531,0.6396347731787476
1.0810480939312377,1.2882232864347407,1.312105884871336,0.6396347731787476
1.0810480939312377,1.2882232864347407,1.0778437676528534,0.6396347731787476
1.0670920383089024,1.2882232864347407,1.1890426072194364,0.6396347731787476
1.0670920383089024,1.2882232864347407,1.2709464609654164,0.6396347731787476
1.0670920383089024,1.2882232864347407,1.1298763542907908,0.6396347731787476
1.0670920383089024,1.2882232864347407,1.217586003498313,0.6396347731787476
1.0670920383089024,1.2882232864347407,1.2490237087782226,0.6396347731787476
1.0670920383089024,1.2882232864347407,1.1400743431080513,0.6396347731787476
1.0670920383089024,1.2880887360266111,1.3473995357349462,0.6396347731787476
1.0670920383089024,1.2880887360266111,1.0947564170318314,0.6338584350765852
1.0670920383089024,1.2880887360266111,1.2530887957501284,0.6338584350765852
1.0670920383089024,1.2880887360266111,1.1178287354439724,0.6338584350765852
1.0670920383089024,1.2880887360266111,1.279960669510732,0.6338584350765852
1.0670920383089024,1.2880887360266111,1.1834109597299074,0.6338584350765852
1.0670920383089024,1.2880887360266111,1.330736583484782,0.6338584350765852
1.0670920383089024,1.2880887360266111,1.1860989109320448,0.6338584350765852
1.0670920383089024,1.2484253306392417,1.1267274733984178,0.6338584350765852
1.0670920383089024,1.2484253306392417,1.2095978428533702,0.6338584350765852
1.0670920383089024,1.2484253306392417,1.2190811549762393,0.6338584350765852
1.0670920383089024,1.2484253306392417,1.4473978457076735,0.6338584350765852
1.0670920383089024,1.2484253306392417,1.3873986587790017,0.6338584350765852
1.0670920383089024,1.2484253306392417,1.299400243113385,0.6338584350765852
1.0670920383089024,1.2484253306392417,1.2823014300647964,0.6338584350765852
1.0670920383089024,1.2484253306392417,1.3248772378559635,0.6338584350765852
1.0670920383089024,1.2484253306392417,1.220481486417758,0.6338584350765852
1.0670920383089024,1.2484253306392417,1.32946327876577,0.6338584350765852
1.0670920383089024,1.2484253306392417,1.3587764283348445,0.6338584350765852
1.0670920383089024,1.2484253306392417,1.302475386605175,0.6338584350765852
1.0670920383089024,1.2484253306392417,1.3771732223188797,0.6338584350765852
0.9405209716646368,1.2484253306392417,1.4196389757846553,0.6338584350765852
0.983245659129043,1.2484253306392417,1.3976126299138163,0.6338584350765852
0.983245659129043,1.2484253306392417,1.4599058870822321,0.6338584350765852
0.983245659129043,1.2484253306392417,1.3927698966728932,0.6338584350765852
0.983245659129043,1.2484253306392417,1.5006628753160671,0.6338584350765852
0.983245659129043,1.2484253306392417,1.3019206203031655,0.6338584350765852
0.983245659129043,1.2484253306392417,1.5761700592309071,0.6338584350765852
0.983245659129043,1.2484253306392417,1.5519707436744934,0.6338584350765852
0.983245659129043,1.2484253306392417,1.4306784902027927,0.6338584350765852
0.983245659129043,1.2484253306392417,1.3598544311472909,0.6338584350765852
0.983245659129043,1.2484253306392417,1.3534148076863814,0.6338584350765852
0.983245659129043,1.2484253306392417,1.39439131703227,0.6338584350765852
0.983245659129043,1.2689005806828773,1.441077870147509,0.6338584350765852
0.983245659129043,1.2689005806828773,1.3398007474270561,0.6338584350765852
0.983245659129043,1.2689005806828773,1.3385840527433779,0.6338584350765852
0.983245659129043,1.2689005806828773,1.3646359982723184,0.6338584350765852
0.983245659129043,1.2917168267158843,1.239258641387898,0.6338584350765852
0.983245659129043,1.2917168267158843,1.3731445420585395,0.6338584350765852
0.983245659129043,1.2917168267158843,1.2178398681564244,0.6338584350765852
0.983245659129043,1.2917168267158843,1.2588019510510509,0.6338584350765852
0.983245659129043,1.2917168267158843,1.2434365658873652,0.6338584350765852
0.983245659129043,1.2917168267158843,1.350304324852075,0.6338584350765852
0.983245659129043,1.2917168267158843,1.2274490496886945,0.6338584350765852
0.983245659129043,1.2917168267158843,1.1964161972656986,0.6338584350765852
0.983245659129043,1.2917168267158843,1.1843793057673984,0.6338584350765852
0.983245659129043,1.2917168267158843,1.3436496199239005,0.6338584350765852
0.983245659129043,1.2917168267158843,1.303786032347989,0.6338584350765852
0.983245659129043,1.2917168267158843,1.2129618786436533,0.6338584350765852
0.983245659129043,1.2917168267158843,1.1688009771487238,0.6338584350765852
0.983245659129043,1.2917168267158843,1.4243362920924127,0.6338584350765852
1.0596374455558406,1.2917168267158843,1.3637875069494487,0.6257433562765701
1.0596374455558406,1.2917168267158843,1.3788010351024607,0.6257433562765701
1.0596374455558406,1.2917168267158843,1.2023424276208117,0.6257433562765701
1.0596374455558406,1.2917168267158843,1.1681107787093095,0.6257433562765701
1.0596374455558406,1.2917168267158843,1.1194645587871115,0.6257433562765701
1.0596374455558406,1.2917168267158843,1.2680124293799753,0.6257433562765701
1.0596374455558406,1.2917168267158843,1.2936959611039975,0.6257433562765701
1.0596374455558406,1.2917168267158843,1.1631188095817633,0.6257433562765701
1.0596374455558406,1.2917168267158843,1.2304132588944974,0.6257433562765701
1.0596374455558406,1.2917168267158843,1.1281879325612922,0.6257433562765701
1.0596374455558406,1.2917168267158843,1.2643210426332065,0.6538894950283956
1.0596374455558406,1.3004401869930473,1.2391043583892096,0.6538894950283956
1.0596374455558406,1.3004401869930473,1.2169260991820914,0.6538894950283956
1.0596374455558406,1.3004401869930473,1.1949512348112932,0.6538894950283956
1.0596374455558406,1.3004401869930473,1.1491912915475144,0.6538894950283956
1.0596374455558406,1.3004401869930473,1.1907435224121856,0.6538894950283956
1.0596374455558406,1.3004401869930473,1.2086406282301738,0.6538894950283956
1.0596374455558406,1.3004401869930473,1.212568095832456,0.6538894950283956
1.0596374455558406,1.3004401869930473,1.1575166908390864,0.6538894950283956
1.0596374455558406,1.3004401869930473,1.182322537283935,0.6538894950283956
1.0596374455558406,1.3004401869930473,1.0993703815288816,0.6538894950283956
1.0596374455558406,1.3004401869930473,1.0932373205421504,0.6538894950283956
1.0596374455558406,1.3004401869930473,1.136921410213414,0.6538894950283956
1.0596374455558406,1.3004401869930473,1.1986816519421113,0.6538894950283956
1.0596374455558406,1.31313367213841,1.1571283900199536,0.6538894950283956
1.0596374455558406,1.31313367213841,1.155222075286279,0.6538894950283956
1.0596374455558406,1.31313367213841,1.1769588333216665,0.6538894950283956
1.0596374455558406,1.31313367213841,1.1735864028807732,0.6538894950283956
1.0596374455558406,1.31313367213841,1.1561398219651426,0.6538894950283956
1.0596374455558406,1.31313367213841,1.2264020077648223,0.6538894950283956
1.0596374455558406,1.31313367213841,1.1341186916310968,0.6538894950283956
1.0596374455558406,1.31313367213841,1.0652020145805474,0.6538894950283956
1.1478460067311589,1.31313367213841,1.113460700195076,0.6538894950283956
1.1478460067311589,1.31313367213841,1.030747477791796,0.6538894950283956
1.0556030847491826,1.31313367213841,1.1005114488154728,0.6538894950283956
1.0556030847491826,1.31313367213841,1.076234450912362,0.6538894950283956
1.0556030847491826,1.3078019568450323,1.0930823365774265,0.6538894950283956
1.0556030847491826,1.3078019568450323,1.1556299945562838,0.6538894950283956
1.0556030847491826,1.3078019568450323,1.2269788321878934,0.6538894950283956
1.0556030847491826,1.3078019568450323,1.2530138384035328,0.6538894950283956
1.0556030847491826,1.3078019568450323,1.2946135954472433,0.6538894950283956
1.0556030847491826,1.3078019568450323,1.1988265972666527,0.6538894950283956
1.0556030847491826,1.3078019568450323,1.2302716416460087,0.6538894950283956
1.0556030847491826,1.3078019568450323,1.1760201850719278,0.6538894950283956
1.0556030847491826,1.3078019568450323,1.178259151982627,0.6538894950283956
1.0556030847491826,1.3078019568450323,1.1935067288010959,0.6538894950283956
1.0556030847491826,1.3078019568450323,1.1895743584077452,0.6538894950283956
1.0365336846909181,1.3078019568450323,1.142989865827528,0.6538894950283956
1.0365336846909181,1.3078019568450323,1.188711253737399,0.6538894950283956
1.0365336846909181,1.3078019568450323,1.1866247159772942,0.6538894950283956
1.0365336846909181,1.3078019568450323,1.2129587126734882,0.6538894950283956
1.0365336846909181,1.3078019568450323,1.1566707709280406,0.6538894950283956
1.0365336846909181,1.3078019568450323,1.1971480673652748,0.6538894950283956
1.0315790204500757,1.3078019568450323,1.210906193518817,0.6538894950283956
1.0315790204500757,1.3078019568450323,1.113201773127905,0.6538894950283956
1.0315790204500757,1.3078019568450323,1.1376874216095632,0.6538894950283956
1.0315790204500757,1.3078019568450323,1.2163140125290766,0.6538894950283956
1.0537831460880875,1.3078019568450323,1.194500313850461,0.6538894950283956
1.0537831460880875,1.3479191358483003,1.1972474185395399,0.6538894950283956
1.0537831460880875,1.3479191358483003,1.0420747559501071,0.6538894950283956
1.0537831460880875,1.3479191358483003,1.0953322241551724,0.6538894950283956
1.0537831460880875,1.3479191358483003,1.1226801693633774,0.6538894950283956
1.0537831460880875,1.3479191358483003,1.06532499129863,0.6538894950283956
1.0537831460880875,1.3479191358483003,1.0431959118272542,0.6538894950283956
1.0537831460880875,1.3479191358483003,1.0614807836343279,0.6538894950283956
1.0537831460880875,1.3479191358483003,1.1257700640501629,0.6538894950283956
1.0537831460880875,1.3479191358483003,1.069851744505291,0.6538894950283956
1.0537831460880875,1.3479191358483003,1.112517465120781,0.6538894950283956
1.0537831460880875,1.3479191358483003,1.1323313441769915,0.6538894950283956
1.0537831460880875,1.3479191358483003,1.1376742278650362,0.6538894950283956
1.0537831460880875,1.3479191358483003,1.1203623828350973,0.6538894950283956
1.0537831460880875,1.3479191358483003,1.0788619254492593,0.6538894950283956
1.0537831460880875,1.3479191358483003,1.0674593702672877,0.6538894950283956
1.0537831460880875,1.3479191358483003,1.1075523469380972,0.6538894950283956
1.0537831460880875,1.3479191358483003,1.0934829871656062,0.6538894950283956
1.0537831460880875,1.3479191358483003,1.0094560352883306,0.6538894950283956
1.0537831460880875,1.3479191358483003,1.0702377623182129,0.6538894950283956
1.0537831460880875,1.3479191358483003,1.0486915255417602,0.6538894950283956
1.0537831460880875,1.3479191358483003,0.9999986249299079,0.6538894950283956
1.0537831460880875,1.3479191358483003,1.1536042903082262,0.6538894950283956
1.0537831460880875,1.3479191358483003,0.9950338966594822,0.6538894950283956
1.0537831460880875,1.3479191358483003,1.1463730373002614,0.6538894950283956
1.0537831460880875,1.3479191358483003,1.1155507277539891,0.6538894950283956
1.0537831460880875,1.3479191358483003,1.1141536652047908,0.6538894950283956
1.0537831460880875,1.3479191358483003,1.0195542982278814,0.6538894950283956
1.0537831460880875,1.3479191358483003,1.0715178712409406,0.6538894950283956
1.0537831460880875,1.3479191358483003,0.9791490929040816,0.6538894950283956
1.0537831460880875,1.3479191358483003,1.1122681533305778,0.6538894950283956
1.0537831460880875,1.3479191358483003,1.133301899716631,0.6538894950283956
1.0537831460880875,1.3479191358483003,1.0866449027666774,0.6538894950283956
1.0537831460880875,1.3479191358483003,1.0664181167052604,0.6538894950283956
1.0537831460880875,1.3479191358483003,1.1467209116196468,0.6538894950283956
1.0537831460880875,1.3479191358483003,1.2640009731985822,0.7099925478165168
1.0537831460880875,1.3479191358483003,1.0689034513479068,0.7239012446438914
1.0537831460880875,1.3479191358483003,1.1241266977990871,0.7022197662953211
1.0537831460880875,1.3479191358483003,1.097597639421494,0.7022197662953211
1.0537831460880875,1.3479191358483003,1.1873242877530434,0.7022197662953211
1.0537831460880875,1.3479191358483003,1.0826292578999606,0.7022197662953211
0.9361241704525184,1.3479191358483003,1.2204794534120136,0.6228029681763128
0.9361241704525184,1.3479191358483003,1.1939425269633424,0.6228029681763128
0.9361241704525184,1.3479191358483003,1.1757705883846432,0.6228029681763128
0.9361241704525184,1.3479191358483003,1.1079753758653152,0.6228029681763128
0.9361241704525184,1.3479191358483003,1.3011857523414843,0.6228029681763128
0.9361241704525184,1.3479191358483003,1.2148718232787474,0.6228029681763128
0.9361241704525184,1.3479191358483003,1.2465987644791439,0.6228029681763128
0.9361241704525184,1.3479191358483003,1.2085198937997403,0.6228029681763128
0.9361241704525184,1.3479191358483003,1.0422033146209042,0.6228029681763128
0.9361241704525184,1.3479191358483003,1.238802222421994,0.6228029681763128
0.9361241704525184,1.3479191358483003,1.3421503931204877,0.6228029681763128
0.9361241704525184,1.3479191358483003,1.1847132380288414,0.6228029681763128
0.8496652699784879,1.3479191358483003,1.257417080874078,0.6228029681763128
0.8496652699784879,1.3479191358483003,1.2448190894412396,0.6228029681763128
0.8496652699784879,1.3479191358483003,1.2447472126321086,0.6228029681763128
0.8496652699784879,1.3479191358483003,1.4489085729713083,0.6228029681763128
0.8496652699784879,1.3479191358483003,1.4076869534049323,0.6228029681763128
0.8496652699784879,1.3479191358483003,1.3551465012355488,0.622745065869316
0.8496652699784879,1.3479191358483003,1.3159021060544525,0.622745065869316
0.8496652699784879,1.3479191358483003,1.350098656524876,0.622745065869316
0.8496652699784879,1.3479191358483003,1.4795661233670463,0.622745065869316
0.8496652699784879,1.3479191358483003,1.3241177091105965,0.622745065869316
0.8496652699784879,1.3479191358483003,1.4304851082473924,0.622745065869316
0.8496652699784879,1.3479191358483003,1.3532440761516997,0.622745065869316
0.8496652699784879,1.3479191358483003,1.6418071327425137,0.622745065869316
0.8496652699784879,1.3479191358483003,1.3482197689147337,0.622745065869316
0.8496652699784879,1.3479191358483003,1.2653361972781796,0.622745065869316
0.8496652699784879,1.3714756995944584,1.3339574940088101,0.622745065869316
0.8496652699784879,1.3714756995944584,1.3517046332521097,0.6186099484332841
0.8496652699784879,1.3714756995944584,1.34974948718122,0.6186099484332841
0.8496652699784879,1.3714756995944584,1.1959679965286314,0.6186099484332841
0.8496652699784879,1.3714756995944584,1.258553888872218,0.642511448000862
0.8496652699784879,1.3714756995944584,1.2954744984651805,0.642511448000862
0.8496652699784879,1.3714756995944584,1.3858526846034338,0.642511448000862
0.8496652699784879,1.3714756995944584,1.2908134276757912,0.642511448000862
0.8496652699784879,1.3714756995944584,1.271287101130977,0.642511448000862
0.8496652699784879,1.3714756995944584,1.2009471552824946,0.642511448000862
0.8496652699784879,1.3714756995944584,1.3874085958258426,0.642511448000862
0.8496652699784879,1.3714756995944584,1.282611881693235,0.642511448000862
0.8496652699784879,1.3714756995944584,1.2571818527417795,0.642511448000862
0.8496652699784879,1.3714756995944584,1.4034858955830187,0.642511448000862
0.8496652699784879,1.3714756995944584,1.4487855345069216,0.642511448000862
0.8496652699784879,1.3714756995944584,1.396211907278457,0.642511448000862
0.8496652699784879,1.3714756995944584,1.2326480981163002,0.642511448000862
0.8496652699784879,1.3429912565442332,1.3450461853740565,0.642511448000862
0.8496652699784879,1.3429912565442332,1.2648156154825374,0.642511448000862
0.8496652699784879,1.3429912565442332,1.4568874325951229,0.642511448000862
0.8496652699784879,1.3429912565442332,1.386776037824801,0.642511448000862
0.8496652699784879,1.3429912565442332,1.3409086127711827,0.642511448000862
0.8496652699784879,1.3429912565442332,1.4083947391313252,0.642511448000862
0.8496652699784879,1.3429912565442332,1.3620392792875413,0.642511448000862
0.8496652699784879,1.3429912565442332,1.4032464662413842,0.642511448000862
0.8496652699784879,1.3429912565442332,1.3880875189093662,0.642511448000862
0.8496652699784879,1.3429912565442332,1.4140946114953077,0.642511448000862
0.8496652699784879,1.3429912565442332,1.4310494190769325,0.642511448000862
0.8496652699784879,1.3429912565442332,1.2471383321150882,0.642511448000862
0.8496652699784879,1.3429912565442332,1.329244866121109,0.6114243984697529
0.8549082036071745,1.3429912565442332,1.3202240681484712,0.6114243984697529
0.8549082036071745,1.3429912565442332,1.3177599560811173,0.6120237503032
0.8549082036071745,1.3429912565442332,1.2348362127414623,0.6430669837108172
0.8549082036071745,1.3429912565442332,1.3309338476274537,0.6430669837108172
0.8549082036071745,1.3429912565442332,1.4485243450636618,0.6430669837108172
0.8549082036071745,1.3429912565442332,1.298148857993058,0.6430669837108172
0.8549082036071745,1.3429912565442332,1.442103983115012,0.6430669837108172
0.8549082036071745,1.3429912565442332,1.303723485174973,0.6430669837108172
0.8549082036071745,1.3429912565442332,1.457676215009897,0.6430669837108172
0.8549082036071745,1.3429912565442332,1.3275052699995973,0.6430669837108172
0.8549082036071745,1.3429912565442332,1.6137561568461984,0.6430669837108172
0.8549082036071745,1.3429912565442332,1.2419786156906552,0.6430669837108172
0.8719107734903874,1.3429912565442332,1.282142410822547,0.6430669837108172
0.8719107734903874,1.3429912565442332,1.3015887367360057,0.6430669837108172
0.8719107734903874,1.3429912565442332,1.4485678313474863,0.6430669837108172
0.8719107734903874,1.3429912565442332,1.447891562176345,0.6430669837108172
0.8719107734903874,1.3429912565442332,1.3831875445418285,0.6430669837108172
0.8719107734903874,1.3429912565442332,1.3315977251935704,0.6430669837108172
0.996621340397763,1.3429912565442332,1.253483568168134,0.6430669837108172
0.996621340397763,1.3429912565442332,1.1143722902420696,0.6430669837108172
1.1236251406999007,1.3429912565442332,1.1227502855892062,0.6874893978853271
1.1236251406999007,1.3429912565442332,1.0118562987361603,0.6874893978853271
0.9638741063612383,1.3403695239425526,1.1472067609389809,0.6874893978853271
0.9638741063612383,1.3403695239425526,1.3421563515155897,0.6874893978853271
0.9638741063612383,1.3403695239425526,1.2191696611828235,0.6874893978853271
0.9638741063612383,1.3403695239425526,1.228847098689997,0.6874893978853271
0.9638741063612383,1.3403695239425526,1.2164809926094364,0.6874893978853271
0.9638741063612383,1.3403695239425526,1.241670584938702,0.6583588295644835
0.9638741063612383,1.3403695239425526,1.206662098314894,0.6583588295644835
0.9638741063612383,1.3403695239425526,1.1655675179501757,0.6583588295644835
0.9638741063612383,1.3403695239425526,1.292099803477216,0.6583588295644835
0.9638741063612383,1.3403695239425526,1.2696977821944853,0.6583588295644835
0.9638741063612383,1.3403695239425526,1.2091492166570617,0.6583588295644835
0.9638741063612383,1.3403695239425526,1.1413637010663458,0.6583588295644835
0.9638741063612383,1.3623012106940897,1.09676760124658,0.6583588295644835
0.9638741063612383,1.3623012106940897,1.3196380018804001,0.6583588295644835
0.9638741063612383,1.3623012106940897,1.100819491597207,0.6583588295644835
0.9638741063612383,1.3623012106940897,1.1876445229999018,0.6583588295644835
0.9638741063612383,1.3623012106940897,1.2232111293930474,0.6583588295644835
0.9638741063612383,1.3623012106940897,1.127751086889955,0.6583588295644835
0.9638741063612383,1.3623012106940897,1.19707775356246,0.6583588295644835
0.9638741063612383,1.3623012106940897,1.225607094050357,0.6583588295644835
0.9638741063612383,1.3623012106940897,1.1826670022394685,0.6583588295644835
0.9638741063612383,1.3623012106940897,1.2363113996782162,0.6583588295644835
0.9638741063612383,1.3623012106940897,1.0583003127744974,0.6583588295644835
0.9638741063612383,1.3623012106940897,1.0964837854268479,0.6272914623025728
0.9638741063612383,1.3623012106940897,1.158872801501853,0.6272914623025728
0.9638741063612383,1.3623012106940897,1.2129757820925575,0.6272914623025728
0.9638741063612383,1.3623012106940897,1.1976615911744013,0.6272914623025728
0.9638741063612383,1.3623012106940897,1.1681089599271572,0.6272914623025728
0.9638741063612383,1.3623012106940897,1.1695988172689096,0.6272914623025728
0.9638741063612383,1.3623012106940897,1.0994972541171633,0.6272914623025728
0.9638741063612383,1.3623012106940897,1.1084688372844582,0.6272914623025728
0.9638741063612383,1.3623012106940897,1.0593866574288928,0.6806215982890359
0.9638741063612383,1.3623012106940897,1.2141549884366205,0.6806215982890359
0.9638741063612383,1.3623012106940897,1.11206045978141,0.6806215982890359
0.9638741063612383,1.3623012106940897,1.2290063115616163,0.6806215982890359
0.9638741063612383,1.3623012106940897,1.109184278573553,0.6806215982890359
0.9638741063612383,1.3623012106940897,1.1790034813672163,0.6806215982890359
0.9638741063612383,1.3623012106940897,1.3206352029475994,0.6806215982890359
0.9638741063612383,1.3623012106940897,1.1732314324898296,0.6806215982890359
1.0725908723588813,1.3623012106940897,1.1295460684374505,0.6806215982890359
1.0725908723588813,1.3623012106940897,1.1024148735483132,0.6806215982890359
1.0725908723588813,1.3491219781874464,1.0862097749054107,0.6806215982890359
1.0725908723588813,1.3491219781874464,1.0159623202938852,0.6806215982890359
1.0725908723588813,1.3491219781874464,1.064269037339627,0.6806215982890359
1.0725908723588813,1.3491219781874464,1.0533852850680638,0.6806215982890359
1.0725908723588813,1.3491219781874464,1.1233448877106862,0.6806215982890359
1.0725908723588813,1.3491219781874464,1.079512121608148,0.6806215982890359
1.0725908723588813,1.3491219781874464,1.086869405598885,0.6806215982890359
1.0725908723588813,1.3491219781874464,1.0759501344719957,0.6806215982890359
1.0103825984214696,1.3491219781874464,1.154688483995071,0.6806215982890359
1.0103825984214696,1.3491219781874464,1.0826193221155143,0.6806215982890359
1.0103825984214696,1.3491219781874464,1.236018595615282,0.6806215982890359
1.0103825984214696,1.3491219781874464,1.096021936771796,0.6806215982890359
1.0103825984214696,1.3491219781874464,1.175142226234755,0.6806215982890359
1.0103825984214696,1.3491219781874464,1.262605606989027,0.6806215982890359
1.0103825984214696,1.3491219781874464,1.1449807696426242,0.6806215982890359
1.0103825984214696,1.3491219781874464,1.1516004845671017,0.6806215982890359
1.0103825984214696,1.3491219781874464,1.216764534074773,0.6806215982890359
1.0103825984214696,1.3667890985346842,1.260198771692475,0.6806215982890359
0.96507309523447,1.3667890985346842,1.1859133370707708,0.6806215982890359
0.96507309523447,1.344444271190552,1.2644027679834633,0.6806215982890359
0.96507309523447,1.344444271190552,1.264454020958263,0.6806215982890359
0.96507309523447,1.344444271190552,1.1757835917250254,0.6806215982890359
0.96507309523447,1.344444271190552,1.2541150012132243,0.6806215982890359
0.96507309523447,1.344444271190552,1.1832520660207104,0.6806215982890359
0.96507309523447,1.344444271190552,1.2287649229145994,0.6806215982890359
0.96507309523447,1.344444271190552,1.202940004462286,0.6269323179524603
0.96507309523447,1.344444271190552,1.2078291906369731,0.6269323179524603
0.96507309523447,1.344444271190552,1.2237488189307297,0.6269323179524603
0.96507309523447,1.3000880537709716,1.2243085124936501,0.6269323179524603
0.96507309523447,1.3000880537709716,1.1785536066417601,0.6269323179524603
0.96507309523447,1.3000880537709716,1.238605970677993,0.6269323179524603
0.96507309523447,1.3000880537709716,1.4560393089541277,0.6269323179524603
0.96507309523447,1.3000880537709716,1.3786965379167082,0.6269323179524603
0.96507309523447,1.3000880537709716,1.2001387034014719,0.6269323179524603
0.96507309523447,1.3000880537709716,1.3216819015877794,0.6269323179524603
0.96507309523447,1.3000880537709716,1.2277067654674394,0.6269323179524603
0.96507309523447,1.3000880537709716,1.1785264412145409,0.6269323179524603
0.96507309523447,1.3000880537709716,1.2445298106479226,0.6269323179524603
0.8780206921523056,1.3000880537709716,1.405037201643526,0.6269323179524603
0.8780206921523056,1.3000880537709716,1.4813464684765836,0.6269323179524603
0.8780206921523056,1.3000880537709716,1.312429440302279,0.6269323179524603
0.8780206921523056,1.3000880537709716,1.3965818888998964,0.6269323179524603
0.8780206921523056,1.3000880537709716,1.3849810892860583,0.6269323179524603
0.8780206921523056,1.3000880537709716,1.3714221291993711,0.6269323179524603
0.8780206921523056,1.3000880537709716,1.4529099041734146,0.6269323179524603
0.8780206921523056,1.3000880537709716,1.4944944516850711,0.6269323179524603
0.8780206921523056,1.3000880537709716,1.3802577445131745,0.6269323179524603
0.8780206921523056,1.3000880537709716,1.4732446813492284,0.6269323179524603
0.8780206921523056,1.3000880537709716,1.517887503602497,0.6269323179524603
0.8780206921523056,1.3000880537709716,1.331888273982085,0.6269323179524603
0.8780206921523056,1.3000880537709716,1.4584687546078963,0.6269323179524603
0.8780206921523056,1.3000880537709716,1.311274244021017,0.6269323179524603
0.9724232766787292,1.3000880537709716,1.3361580128529986,0.6269323179524603
0.9724232766787292,1.3000880537709716,1.272779953355014,0.6269323179524603
0.9724232766787292,1.3000880537709716,1.3137026423833205,0.6269323179524603
0.9724232766787292,1.3000880537709716,1.2430708657595377,0.6269323179524603
0.9724232766787292,1.3000880537709716,1.4033831006608655,0.6269323179524603
0.9724232766787292,1.3000880537709716,1.142513038509964,0.6269323179524603
0.9724232766787292,1.3000880537709716,1.2790542660977897,0.6269323179524603
0.9724232766787292,1.3000880537709716,1.3590439630832534,0.6269323179524603
0.9724232766787292,1.3000880537709716,1.23664891354334,0.6269323179524603
0.920391022359213,1.3000880537709716,1.2905675933416776,0.6269323179524603
0.920391022359213,1.3000880537709716,1.3059907608150512,0.6269323179524603
0.920391022359213,1.3000880537709716,1.3280871290770289,0.6269323179524603
0.920391022359213,1.3000880537709716,1.4862903611967089,0.6269323179524603
0.8509123868032462,1.3000880537709716,1.4036571898660344,0.6269323179524603
0.8509123868032462,1.3000880537709716,1.4643977849633438,0.6269323179524603
0.8509123868032462,1.287850297006188,1.6945531867532073,0.6269323179524603
0.8509123868032462,1.287850297006188,1.531820323489845,0.6269323179524603
0.8271682909228617,1.287850297006188,1.592757822644227,0.6269323179524603
0.8271682909228617,1.287850297006188,1.3364772573636805,0.6269323179524603
0.8271682909228617,1.287850297006188,1.5323433417012668,0.6269323179524603
0.8271682909228617,1.287850297006188,1.5182123953481672,0.6269323179524603
0.8271682909228617,1.287850297006188,1.6503737722054024,0.6269323179524603
0.8271682909228617,1.287850297006188,1.3666155181916664,0.6269323179524603
0.8271682909228617,1.287850297006188,1.6302619779636975,0.6269323179524603
0.8271682909228617,1.287850297006188,1.384976524181119,0.6269323179524603
0.8271682909228617,1.287850297006188,1.6135264319654863,0.6269323179524603
0.8271682909228617,1.287850297006188,1.4554448701669351,0.6269323179524603
0.8271682909228617,1.287850297006188,1.5330828244132422,0.6269323179524603
0.8221328726353656,1.287850297006188,1.591613873983026,0.6269323179524603
0.8221328726353656,1.287850297006188,1.498248536894108,0.6269323179524603
0.8221328726353656,1.287850297006188,1.79055935230831,0.6269323179524603
0.8221328726353656,1.287850297006188,1.450794373747763,0.6269323179524603
0.8221328726353656,1.287850297006188,1.4851497548802535,0.6269323179524603
0.8221328726353656,1.287850297006188,1.5404269625935856,0.6269323179524603
0.8221328726353656,1.287850297006188,1.549965744074016,0.6269323179524603
0.8221328726353656,1.287850297006188,1.5116338516446095,0.6269323179524603
0.8221328726353656,1.287850297006188,1.589426467646654,0.6269323179524603
0.8221328726353656,1.287850297006188,1.5464436359965028,0.6269323179524603
0.8221328726353656,1.287850297006188,1.6875121825867727,0.6269323179524603
0.8221328726353656,1.287850297006188,1.6300380465120996,0.6269323179524603
0.8267341794982278,1.287850297006188,1.503357571312697,0.6269323179524603
0.8267341794982278,1.287850297006188,1.511373581809686,0.6269323179524603
0.8267341794982278,1.287850297006188,1.504563322809174,0.6269323179524603
0.8267341794982278,1.287850297006188,1.7807810729841347,0.6269323179524603
0.8267341794982278,1.287850297006188,1.4902456267264739,0.6269323179524603
0.8267341794982278,1.287850297006188,1.4901236432801113,0.6269323179524603
0.8267341794982278,1.287850297006188,1.4850118698163282,0.6269323179524603
0.8267341794982278,1.287850297006188,1.7134694944020108,0.6269323179524603
0.8267341794982278,1.287850297006188,1.5961500377547808,0.6269323179524603
0.8267341794982278,1.287850297006188,1.6651018759240086,0.6269323179524603
0.8267341794982278,1.287850297006188,1.5696962061482793,0.6269323179524603
0.8267341794982278,1.287850297006188,1.4589572851685442,0.6269323179524603
0.8267341794982278,1.287850297006188,1.4381520761943984,0.6269323179524603
0.8267341794982278,1.287850297006188,1.5713195908508766,0.6269323179524603
0.8267341794982278,1.287850297006188,1.653461097542561,0.6269323179524603
0.8267341794982278,1.287850297006188,1.6659016058119487,0.6269323179524603
0.8267341794982278,1.287850297006188,1.2533869987615442,0.6269323179524603
0.8267341794982278,1.287850297006188,1.4679886131344828,0.6269323179524603
0.8267341794982278,1.287850297006188,1.6075093842913737,0.6269323179524603
0.8267341794982278,1.287850297006188,1.5488061122412313,0.6269323179524603
0.8267341794982278,1.287850297006188,1.3875547676598892,0.6269323179524603
0.8267341794982278,1.287850297006188,1.5304962850704376,0.6269323179524603
0.8267341794982278,1.287850297006188,1.482970229609067,0.6269323179524603
0.8267341794982278,1.287850297006188,1.4059875637603636,0.6269323179524603
0.8267341794982278,1.287850297006188,1.4838132112497322,0.6269323179524603
0.8267341794982278,1.287850297006188,1.569153855144194,0.6117646128411935
0.8267341794982278,1.287850297006188,1.5976186709980564,0.6117646128411935
0.8267341794982278,1.287850297006188,1.676781079959239,0.6117646128411935
0.8267341794982278,1.287850297006188,1.5234176421327024,0.6117646128411935
0.8267341794982278,1.287850297006188,1.319079324786233,0.6117646128411935
0.8267341794982278,1.287850297006188,1.6257416986880937,0.6117646128411935
0.8267341794982278,1.287850297006188,1.455671443760016,0.6117646128411935
0.8267341794982278,1.287850297006188,1.4532226310532887,0.6117646128411935
0.8267341794982278,1.287850297006188,1.4909793134874612,0.6117646128411935
0.8267341794982278,1.287850297006188,1.5622928393453173,0.6117646128411935
0.8267341794982278,1.287850297006188,1.408376019969808,0.6117646128411935
0.8267341794982278,1.287850297006188,1.5165935721561123,0.6117646128411935
0.8267341794982278,1.287850297006188,1.4682762815707877,0.6117646128411935
0.8267341794982278,1.287850297006188,1.5083085747821223,0.6117646128411935
0.8267341794982278,1.287850297006188,1.6897608636585966,0.6117646128411935
0.8267341794982278,1.3421022668919702,1.5600408550041167,0.6117646128411935
0.8267341794982278,1.3421022668919702,1.3046925995387528,0.6117646128411935
0.8267341794982278,1.3421022668919702,1.2528649406320223,0.6117646128411935
0.8267341794982278,1.3421022668919702,1.423181723871934,0.6117646128411935
0.8267341794982278,1.3421022668919702,1.3456937270088893,0.6117646128411935
0.8267341794982278,1.3421022668919702,1.447929722642167,0.6117646128411935
0.8267341794982278,1.3421022668919702,1.2159237034342594,0.6117646128411935
0.8267341794982278,1.3421022668919702,1.3141196778545776,0.6540335533660459
0.8267341794982278,1.3421022668919702,1.3471260009787869,0.6540335533660459
0.8267341794982278,1.3421022668919702,1.61787181772127,0.6540335533660459
0.8267341794982278,1.3421022668919702,1.5739300202270454,0.6540335533660459
0.8267341794982278,1.3421022668919702,1.4017529385543408,0.6540335533660459
0.8267341794982278,1.3421022668919702,1.3996332120430204,0.6540335533660459
0.8267341794982278,1.3421022668919702,1.3525621715627278,0.6540335533660459
0.8267341794982278,1.3421022668919702,1.490500880479962,0.6527273578334255
0.9704207955287989,1.3421022668919702,1.2872204895229782,0.6527273578334255
0.9704207955287989,1.3421022668919702,1.1503986810747782,0.6527273578334255
0.9704207955287989,1.3421022668919702,1.169903779164298,0.6527273578334255
0.9704207955287989,1.3421022668919702,1.217367014427486,0.7276368432192577
0.9704207955287989,1.3421022668919702,1.2504008128647228,0.7276368432192577
0.9704207955287989,1.3421022668919702,1.189817248836217,0.6185129824307701
0.9704207955287989,1.3421022668919702,1.1528852796767486,0.6185129824307701
0.9704207955287989,1.3421022668919702,1.1253030725313058,0.6185129824307701
1.0151200187003067,1.3421022668919702,1.2603894820046462,0.6185129824307701
1.0151200187003067,1.3421022668919702,1.2289341218289729,0.6325077339390707
1.0151200187003067,1.3421022668919702,1.0291139281682173,0.6325077339390707
1.0151200187003067,1.3421022668919702,1.1918543875420267,0.6325077339390707
1.0151200187003067,1.3421022668919702,1.1671323214312643,0.6325077339390707
1.0151200187003067,1.3421022668919702,1.140222256109778,0.6325077339390707
1.0151200187003067,1.3421022668919702,1.146987520940584,0.6325077339390707
1.0151200187003067,1.3421022668919702,1.2043712539399305,0.6325077339390707
1.0151200187003067,1.3421022668919702,1.0864793887061024,0.6325077339390707
1.0151200187003067,1.3421022668919702,1.1715153536591063,0.6325077339390707
1.0151200187003067,1.3421022668919702,1.05766209685992,0.6325077339390707
0.9740370364788924,1.3421022668919702,1.1067532441390637,0.6325077339390707
0.9740370364788924,1.3421022668919702,1.2090722239666913,0.6325077339390707
0.9740370364788924,1.3421022668919702,1.1375784893624488,0.6325077339390707
0.9740370364788924,1.3421022668919702,1.1336085183031412,0.6325077339390707
0.9740370364788924,1.3421022668919702,1.0911041669783745,0.6325077339390707
0.9740370364788924,1.3421022668919702,1.2608474156324498,0.6325077339390707
0.9740370364788924,1.3421022668919702,1.1887091372829277,0.6325077339390707
0.8807028154188502,1.3421022668919702,1.2796583510241866,0.6325077339390707
0.8807028154188502,1.3421022668919702,1.2617516964216122,0.6325077339390707
0.8807028154188502,1.3421022668919702,1.3193742075872128,0.6325077339390707
0.8807028154188502,1.3421022668919702,1.3037906639479897,0.6325077339390707
0.8807028154188502,1.3421022668919702,1.4281788014277639,0.6325077339390707
0.8807028154188502,1.3421022668919702,1.205371886677884,0.6325077339390707
0.8807028154188502,1.3421022668919702,1.2229066321883022,0.6325077339390707
0.8807028154188502,1.3421022668919702,1.285342071003731,0.6325077339390707
0.8807028154188502,1.3421022668919702,1.218982572940572,0.6325077339390707
0.8807028154188502,1.3421022668919702,1.4174107859616518,0.6325077339390707
0.8807028154188502,1.3421022668919702,1.3040432334337608,0.6325077339390707
0.8807028154188502,1.3421022668919702,1.268897162526864,0.6325077339390707
0.8807028154188502,1.3421022668919702,1.2902859724646745,0.6325077339390707
0.8807028154188502,1.3421022668919702,1.2456904843562933,0.6325077339390707
0.8807028154188502,1.3421022668919702,1.1956756291300776,0.6325077339390707
0.8807028154188502,1.3421022668919702,1.221061682052207,0.6325077339390707
0.8807028154188502,1.3421022668919702,1.190995051556022,0.6325077339390707
0.8807028154188502,1.3421022668919702,1.4394493356336207,0.6325077339390707
0.8807028154188502,1.348355187551025,1.295003942737156,0.6325077339390707
0.8807028154188502,1.348355187551025,1.3159378793383605,0.6421952003135346
0.8807028154188502,1.348355187551025,1.228033434665297,0.6344009976082924
0.8807028154188502,1.348355187551025,1.240459954535863,0.6344009976082924
0.8807028154188502,1.348355187551025,1.3857172922097458,0.6344009976082924
0.8807028154188502,1.348355187551025,1.2503732741636069,0.6436167336348898
0.8807028154188502,1.348355187551025,1.4097668870949644,0.6436167336348898
0.8807028154188502,1.348355187551025,1.2515500975214626,0.6436167336348898
0.8807028154188502,1.348355187551025,1.3699047907931485,0.6436167336348898
0.8807028154188502,1.348355187551025,1.1943504536390737,0.6436167336348898
0.8807028154188502,1.348355187551025,1.2680796191403811,0.6436167336348898
0.8807028154188502,1.348355187551025,1.2740088329490202,0.6436167336348898
0.8807028154188502,1.348355187551025,1.216849799122374,0.6436167336348898
0.8807028154188502,1.348355187551025,1.4063445732539561,0.6436167336348898
0.8807028154188502,1.348355187551025,1.3490726499673882,0.6436167336348898
0.8807028154188502,1.348355187551025,1.2618312405762466,0.6436167336348898
0.8807028154188502,1.348355187551025,1.2779068725487488,0.6436167336348898
0.8807028154188502,1.348355187551025,1.418628645296156,0.6436167336348898
0.8807028154188502,1.348355187551025,1.4076123768440874,0.6436167336348898
0.8807028154188502,1.348355187551025,1.2880758723525048,0.6436167336348898
0.8807028154188502,1.348355187551025,1.2291830334231004,0.6436167336348898
0.8807028154188502,1.348355187551025,1.2962250156668471,0.6436167336348898
0.8807028154188502,1.348355187551025,1.2969953877469176,0.6436167336348898
0.8807028154188502,1.348355187551025,1.3027554803310109,0.6436167336348898
0.8807028154188502,1.348355187551025,1.2476506079713103,0.6436167336348898
0.8807028154188502,1.348355187551025,1.2850508807097087,0.6436167336348898
0.8807028154188502,1.348355187551025,1.4024759704489689,0.6436167336348898
0.8807028154188502,1.348355187551025,1.4815389505613383,0.6436167336348898
0.8807028154188502,1.348355187551025,1.407713341396308,0.6436167336348898
0.8807028154188502,1.348355187551025,1.223024189199567,0.6436167336348898
0.8807028154188502,1.348355187551025,1.2461623176806802,0.6436167336348898
0.8807028154188502,1.348355187551025,1.3551356206095018,0.6436167336348898
0.8807028154188502,1.348355187551025,1.35965981400968,0.6436167336348898
0.8807028154188502,1.348355187551025,1.2793257997607557,0.6436167336348898
0.8807028154188502,1.348355187551025,1.3605610898573803,0.6436167336348898
0.8807028154188502,1.348355187551025,1.2302178110902695,0.6436167336348898
0.8807028154188502,1.348355187551025,1.285960735128146,0.6436167336348898
0.9264299958579283,1.348355187551025,1.42067494051829,0.6436167336348898
0.9264299958579283,1.348355187551025,1.2785774296542998,0.6436167336348898
0.9264299958579283,1.348355187551025,1.202479721246541,0.6436167336348898
0.9264299958579283,1.348355187551025,1.2680728910400885,0.6436167336348898
0.9264299958579283,1.348355187551025,1.1537134142799332,0.6436167336348898
0.9264299958579283,1.348355187551025,1.20265911805737,0.6436167336348898
0.9264299958579283,1.348355187551025,1.1661244540050169,0.6436167336348898
0.9264299958579283,1.348355187551025,1.3626122061831147,0.6436167336348898
0.9892356369053777,1.348355187551025,1.1205442463311,0.6436167336348898
0.9892356369053777,1.348355187551025,1.1278685214031559,0.6436167336348898
0.9892356369053777,1.348355187551025,1.138204943172367,0.6436167336348898
0.9892356369053777,1.348355187551025,1.2075365879602613,0.6436167336348898
0.9892356369053777,1.348355187551025,1.1477003675697384,0.6436167336348898
0.9892356369053777,1.3325686639064422,1.2051005732480295,0.6436167336348898
0.9892356369053777,1.3325686639064422,1.153964652078354,0.6436167336348898
0.9892356369053777,1.3325686639064422,1.2366694936367753,0.6436167336348898
0.9892356369053777,1.3325686639064422,1.301447276600265,0.6436167336348898
0.9892356369053777,1.3325686639064422,1.213579037745396,0.6436167336348898
0.9892356369053777,1.3325686639064422,1.3520827041335848,0.6436167336348898
0.9892356369053777,1.3325686639064422,1.1891998108828299,0.6436167336348898
0.9031709829870554,1.3325686639064422,1.310287268279795,0.6436167336348898
0.9031709829870554,1.3325686639064422,1.1982697223815755,0.6436167336348898
0.9031709829870554,1.3325686639064422,1.2502367713354037,0.6436167336348898
0.9031709829870554,1.3325686639064422,1.374993010401372,0.6436167336348898
0.9031709829870554,1.3325686639064422,1.2029138943820623,0.6436167336348898
0.9690409364206874,1.3325686639064422,1.2769860193714175,0.6436167336348898
0.9072055278380391,1.3325686639064422,1.1824432267700817,0.6436167336348898
0.9072055278380391,1.3325686639064422,1.342428861706496,0.6436167336348898
0.8482731373529655,1.3325686639064422,1.4811076026774124,0.6436167336348898
0.8482731373529655,1.3325686639064422,1.5076942279181984,0.6436167336348898
0.8482731373529655,1.3325686639064422,1.4294453930687843,0.6436167336348898
0.8482731373529655,1.3325686639064422,1.3527305931987041,0.6436167336348898
0.8482731373529655,1.3325686639064422,1.359161347692814,0.6436167336348898
0.8482731373529655,1.3325686639064422,1.4065235604459743,0.6436167336348898
0.9418920426018151,1.3325686639064422,1.3664453531048941,0.6436167336348898
0.9418920426018151,1.3325686639064422,1.1791701330784425,0.6436167336348898
0.9418920426018151,1.3325686639064422,1.3116846701198501,0.6436167336348898
0.9418920426018151,1.3325686639064422,1.150732066178371,0.6436167336348898
0.9418920426018151,1.3325686639064422,1.1566143212181894,0.6436167336348898
0.9418920426018151,1.3325686639064422,1.2530541556795662,0.6436167336348898
0.9418920426018151,1.3325686639064422,1.3706786381181943,0.6436167336348898
0.9418920426018151,1.416190361355606,1.148769356568047,0.6410767648511287
0.9418920426018151,1.416190361355606,0.9678753323271665,0.6410767648511287
0.9418920426018151,1.416190361355606,1.0193849087215499,0.6410767648511287
0.9513346386688505,1.416190361355606,1.0366193520518596,0.6410767648511287
0.9513346386688505,1.4073855948871656,1.0359937671348303,0.6410767648511287
0.9513346386688505,1.4073855948871656,1.0025718700518147,0.6410767648511287
0.9513346386688505,1.4073855948871656,1.0742957684064234,0.6410767648511287
0.9513346386688505,1.4073855948871656,0.9950640489945465,0.6410767648511287
0.9513346386688505,1.4073855948871656,1.0804940614076854,0.6410767648511287
0.9513346386688505,1.4073855948871656,1.067339515571768,0.6410767648511287
0.9513346386688505,1.4073855948871656,1.0909462324050376,0.6410767648511287
0.9513346386688505,1.4073855948871656,1.0245670959369735,0.6410767648511287
0.9513346386688505,1.4073855948871656,1.0715224509620858,0.6410767648511287
0.9513346386688505,1.4073855948871656,1.1052853612354214,0.6410767648511287
0.9513346386688505,1.4073855948871656,1.0786494619334697,0.6410767648511287
0.9513346386688505,1.4073855948871656,1.0637379044862048,0.6410767648511287
0.9513346386688505,1.4073855948871656,1.0202789068384062,0.6410767648511287
0.9513346386688505,1.4073855948871656,1.0611661399979508,0.6410767648511287
0.9513346386688505,1.4073855948871656,1.0807332398071088,0.6410767648511287
0.9513346386688505,1.4073855948871656,1.0127522344545659,0.6410767648511287
0.9513346386688505,1.4073855948871656,1.0416110367767695,0.6410767648511287
0.9513346386688505,1.4073855948871656,1.1050305816925714,0.6934482232517591
0.9513346386688505,1.4073855948871656,0.9699301237839534,0.6934482232517591
0.9513346386688505,1.4073855948871656,1.1599583537223095,0.6934482232517591
0.9513346386688505,1.4073855948871656,1.1472640036267021,0.6934482232517591
0.9513346386688505,1.4073855948871656,1.1524498615243806,0.6934482232517591
0.9513346386688505,1.4073855948871656,1.1322937497314678,0.6934482232517591
0.9513346386688505,1.4073855948871656,1.0915963589905018,0.6934482232517591
0.9513346386688505,1.4073855948871656,1.1314882976600016,0.6934482232517591
0.9513346386688505,1.4073855948871656,1.1411056278700222,0.6934482232517591
0.9513346386688505,1.4073855948871656,1.158019780074975,0.6934482232517591
0.9513346386688505,1.4073855948871656,1.1091516269134842,0.6934482232517591
0.9513346386688505,1.4073855948871656,1.0865104039664215,0.6934482232517591
0.9513346386688505,1.4073855948871656,1.1626973857490233,0.6934482232517591
0.9513346386688505,1.4073855948871656,1.0432997528604406,0.6934482232517591
0.9513346386688505,1.4073855948871656,1.138605967562053,0.6934482232517591
0.9199802767398512,1.4073855948871656,1.0942183819997044,0.6934482232517591
0.9199802767398512,1.4073855948871656,1.1370337334257166,0.6934482232517591
0.9199802767398512,1.4073855948871656,1.0816945015232664,0.6934482232517591
0.9199802767398512,1.4073855948871656,1.2104545020969577,0.6934482232517591
0.9199802767398512,1.4073855948871656,1.1476688038226992,0.6934482232517591
0.9199802767398512,1.4073855948871656,1.1524251752092716,0.6934482232517591
0.9199802767398512,1.4073855948871656,1.124337487679665,0.6934482232517591
0.9199802767398512,1.4073855948871656,1.1265024002611397,0.6934482232517591
0.9199802767398512,1.4073855948871656,1.184180312300057,0.6934482232517591
0.9199802767398512,1.4073855948871656,1.126449390901218,0.6934482232517591
0.9199802767398512,1.4073855948871656,1.190304847703965,0.6934482232517591
0.9199802767398512,1.3829236532823763,1.0087878630541305,0.6934482232517591
0.9199802767398512,1.3829236532823763,1.1701337561851248,0.6934482232517591
0.9199802767398512,1.3829236532823763,1.1265367201430008,0.6934482232517591
0.9199802767398512,1.3829236532823763,1.2458163397097886,0.6934482232517591
0.9199802767398512,1.3829236532823763,1.095653309513402,0.6934482232517591
0.9199802767398512,1.3829236532823763,1.2420751590415096,0.6934482232517591
0.9199802767398512,1.3829236532823763,1.0673186741831502,0.6934482232517591
0.9199802767398512,1.3829236532823763,1.2116148224719365,0.6934482232517591
0.9199802767398512,1.3829236532823763,1.1724302697524758,0.6934482232517591
0.9199802767398512,1.3829236532823763,1.3064179257869128,0.6934482232517591
0.9199802767398512,1.3829236532823763,1.1490583744248681,0.6934482232517591
0.9199802767398512,1.3829236532823763,1.1711363177486547,0.6934482232517591
0.9199802767398512,1.3829236532823763,1.1908543479563036,0.6934482232517591
0.9199802767398512,1.3829236532823763,1.1684702210201185,0.6934482232517591
0.9199802767398512,1.3829236532823763,1.2001608963885493,0.6934482232517591
0.9199802767398512,1.3829236532823763,1.1976715199287802,0.6934482232517591
0.9199802767398512,1.3829236532823763,1.2222057798987747,0.6856698890310463
0.9199802767398512,1.3829236532823763,1.3372634850877267,0.6856698890310463
0.9199802767398512,1.3829236532823763,1.200872112845898,0.6856698890310463
0.9199802767398512,1.3829236532823763,1.224553913952138,0.6682143520968414
0.9199802767398512,1.3634745479445707,1.3593565860331385,0.6682143520968414
0.9199802767398512,1.3634745479445707,1.2167301000337303,0.6682143520968414
0.9199802767398512,1.3634745479445707,1.1714906040860797,0.6682143520968414
0.9199802767398512,1.3634745479445707,1.090834610422086,0.6682143520968414
0.9199802767398512,1.3634745479445707,1.2136194000208622,0.6682143520968414
0.9199802767398512,1.3634745479445707,1.2339972025574804,0.6682143520968414
0.9199802767398512,1.3634745479445707,1.0842918262500936,0.6682143520968414
0.9199802767398512,1.3634745479445707,1.2367285408405353,0.6682143520968414
0.9199802767398512,1.3634745479445707,1.3199695098300295,0.6682143520968414
0.9199802767398512,1.3634745479445707,1.1735153727946703,0.6682143520968414
0.9199802767398512,1.3634745479445707,1.2655477396860462,0.6682143520968414
0.9199802767398512,1.3634745479445707,1.1545297932518892,0.6682143520968414
0.9199802767398512,1.3634745479445707,1.0423966875515087,0.6682143520968414
0.9199802767398512,1.3634745479445707,1.2201149394300683,0.6682143520968414
0.9199802767398512,1.3634745479445707,1.2480897159507425,0.6682143520968414
0.9199802767398512,1.3634745479445707,1.1418695662966454,0.6682143520968414
0.9199802767398512,1.3634745479445707,1.2095267413227568,0.6682143520968414
0.9199802767398512,1.3634745479445707,1.2494368031599403,0.6682143520968414
0.9199802767398512,1.3634745479445707,1.2285194338520722,0.6682143520968414
0.9199802767398512,1.3634745479445707,1.1613618159324488,0.6682143520968414
0.9199802767398512,1.3634745479445707,1.2188968090170722,0.6682143520968414
0.9199802767398512,1.3634745479445707,1.1974066339851657,0.6682143520968414
0.9199802767398512,1.3634745479445707,1.2159368984484467,0.6682143520968414
0.9199802767398512,1.3634745479445707,1.1412207540012578,0.6682143520968414
0.9199802767398512,1.3634745479445707,1.217688407050851,0.6682143520968414
0.9199802767398512,1.3634745479445707,1.2326510549275482,0.6682143520968414
0.9199802767398512,1.3634745479445707,1.1510423882722622,0.6682143520968414
0.9199802767398512,1.3634745479445707,1.1894704613171947,0.6682143520968414
0.9199802767398512,1.3634745479445707,1.1978939812812592,0.6817849743099376
0.9199802767398512,1.3634745479445707,1.2219242071185974,0.6817849743099376
0.9264626737057109,1.3438114230562854,1.28019588315445,0.6817849743099376
0.9264626737057109,1.3438114230562854,1.2797223577169494,0.6817849743099376
1.0906177127204966,1.3438114230562854,1.1196629451396776,0.6817849743099376
1.0906177127204966,1.3438114230562854,1.0938297178081975,0.6817849743099376
1.0906177127204966,1.3438114230562854,1.1145481451247128,0.6817849743099376
1.0906177127204966,1.3438114230562854,1.181868092028097,0.6817849743099376
1.0906177127204966,1.3438114230562854,1.0038609436583967,0.6817849743099376
1.0906177127204966,1.3438114230562854,1.1821718186178276,0.6817849743099376
1.0906177127204966,1.3438114230562854,1.084896725129765,0.6817849743099376
1.0906177127204966,1.3438114230562854,1.084749704852966,0.6817849743099376
1.0906177127204966,1.3438114230562854,1.0811554862077244,0.6817849743099376
1.0906177127204966,1.3438114230562854,1.1390612187466476,0.6817849743099376
1.0906177127204966,1.3438114230562854,1.151336456355582,0.6817849743099376
1.0906177127204966,1.3438114230562854,1.1106171975953576,0.6817849743099376
1.0906177127204966,1.3438114230562854,1.1442211582177224,0.6817849743099376
0.959162550535079,1.3438114230562854,1.1588421393347033,0.6817849743099376
0.959162550535079,1.3438114230562854,1.2158257596169875,0.6817849743099376
0.959162550535079,1.3438114230562854,1.2807672877915095,0.6817849743099376
0.959162550535079,1.3438114230562854,1.231984800438417,0.6817849743099376
0.959162550535079,1.3438114230562854,1.319465090341336,0.6817849743099376
0.959162550535079,1.3438114230562854,1.33220283892688,0.676485351812839
0.959162550535079,1.3438114230562854,1.2395143792858567,0.676485351812839
0.959162550535079,1.3438114230562854,1.3116802179671958,0.676485351812839
0.959162550535079,1.3438114230562854,1.2257826444294386,0.676485351812839
0.959162550535079,1.3438114230562854,1.3151013483066214,0.676485351812839
0.959162550535079,1.3438114230562854,1.2234584722642092,0.676485351812839
0.959162550535079,1.3438114230562854,1.1661386440222994,0.676485351812839
0.959162550535079,1.3438114230562854,1.3727848541723693,0.676485351812839
0.959162550535079,1.4031650943771703,1.1492502603324597,0.676485351812839
0.959162550535079,1.4031650943771703,1.1880901931806036,0.676485351812839
0.959162550535079,1.4031650943771703,1.1986786698563685,0.676485351812839
0.959162550535079,1.4031650943771703,1.0528048979804194,0.676485351812839
0.959162550535079,1.4031650943771703,1.0665127039004942,0.676485351812839
0.959162550535079,1.4031650943771703,1.0556643166355308,0.676485351812839
0.959162550535079,1.4031650943771703,1.0831423256512396,0.676485351812839
0.959162550535079,1.4031650943771703,1.1363551769094262,0.676485351812839
0.959162550535079,1.4031650943771703,0.9944744601577203,0.676485351812839
0.959162550535079,1.4031650943771703,1.1469547774004447,0.676485351812839
0.959162550535079,1.4031650943771703,1.1755316265139524,0.676485351812839
0.959162550535079,1.4031650943771703,1.1620924964254367,0.676485351812839
0.959162550535079,1.4031650943771703,1.108407684731858,0.676485351812839
0.959162550535079,1.4031650943771703,1.0273233516597844,0.676485351812839
0.959162550535079,1.4031650943771703,1.022256128552111,0.676485351812839
0.959162550535079,1.4031650943771703,1.0271510391297787,0.7020678186702695
0.959162550535079,1.4031650943771703,1.259517278856279,0.7020678186702695
0.959162550535079,1.4031650943771703,1.0788221745104742,0.7020678186702695
0.959162550535079,1.4031650943771703,1.0680077653738436,0.7020678186702695
0.959162550535079,1.4031650943771703,1.1250515597915371,0.7020678186702695
0.959162550535079,1.4031650943771703,1.1699030107450876,0.7020678186702695
0.959162550535079,1.4031650943771703,1.199436266725783,0.7020678186702695
0.959162550535079,1.4031650943771703,1.108413166465624,0.7020678186702695
0.959162550535079,1.4031650943771703,1.1737134010839256,0.7020678186702695
0.959162550535079,1.4031650943771703,1.1330224270015152,0.7020678186702695
0.959162550535079,1.4031650943771703,1.1078279785708656,0.7020678186702695
0.959162550535079,1.4031650943771703,1.1464538087278269,0.7020678186702695
0.959162550535079,1.4031650943771703,1.2799990135770154,0.7020678186702695
0.959162550535079,1.4031650943771703,1.1857403046376294,0.7020678186702695
0.959162550535079,1.4031650943771703,1.1744762034839735,0.7020678186702695
0.959162550535079,1.4397341530574777,1.0510630344874525,0.7020678186702695
0.959162550535079,1.4397341530574777,0.9887378549755257,0.7020678186702695
0.959162550535079,1.4397341530574777,1.0815829082484427,0.7020678186702695
0.959162550535079,1.4397341530574777,0.9740315178183367,0.7020678186702695
0.959162550535079,1.4397341530574777,0.9862771425578221,0.7020678186702695
0.959162550535079,1.4397341530574777,1.058059770661286,0.7702621565146381
0.959162550535079,1.4397341530574777,1.1244353446122595,0.7702621565146381
0.959162550535079,1.4397341530574777,1.1890240815914666,0.7702621565146381
0.959162550535079,1.4397341530574777,1.0238634845697174,0.7702621565146381
0.959162550535079,1.4397341530574777,1.0686428931848637,0.7702621565146381
0.959162550535079,1.4397341530574777,1.0859803088663427,0.7702621565146381
0.959162550535079,1.4397341530574777,1.2201559574885794,0.7702621565146381
0.9972344855999716,1.4397341530574777,1.0345754450898352,0.7702621565146381
0.9972344855999716,1.4397341530574777,0.9345289094808209,0.7702621565146381
0.9972344855999716,1.4397341530574777,1.0171815228696226,0.7702621565146381
0.9972344855999716,1.4397341530574777,0.973606721615889,0.7702621565146381
0.9972344855999716,1.4397341530574777,1.0711699240537553,0.7702621565146381
0.9972344855999716,1.447056395515475,1.0275394463203464,0.7702621565146381
0.9972344855999716,1.447056395515475,0.9462529449146033,0.7702621565146381
0.9972344855999716,1.447056395515475,0.9860115697881089,0.7702621565146381
1.0083839518472204,1.447056395515475,0.9268273046287024,0.7702621565146381
1.0083839518472204,1.447056395515475,0.9711014717279165,0.7702621565146381
1.0083839518472204,1.447056395515475,0.9067076708546998,0.7702621565146381
1.0083839518472204,1.447056395515475,1.1439690914833054,0.7702621565146381
1.0083839518472204,1.447056395515475,1.052398348089531,0.7702621565146381
1.0083839518472204,1.447056395515475,1.0139488550370006,0.7702621565146381
1.007386896211651,1.447056395515475,1.0224922520699515,0.7702621565146381
1.007386896211651,1.447056395515475,0.9306966583796326,0.7702621565146381
1.007386896211651,1.447056395515475,0.9834707495003743,0.7702621565146381
1.007386896211651,1.447056395515475,1.0122948989538862,0.7702621565146381
1.007386896211651,1.440963880809969,1.064401992053866,0.7702621565146381
1.007386896211651,1.440963880809969,1.0605218699633177,0.7702621565146381
1.007386896211651,1.440963880809969,1.0475872301540339,0.7702621565146381
1.007386896211651,1.440963880809969,1.003489542995686,0.763801343193528
1.007386896211651,1.440963880809969,0.9759401418988921,0.763801343193528
1.007386896211651,1.440963880809969,1.0166779953003842,0.763801343193528
1.007386896211651,1.440963880809969,0.9884770663763665,0.6463338114641368
1.007386896211651,1.440963880809969,0.9563457181778263,0.6463338114641368
1.007386896211651,1.440963880809969,0.9006828093797994,0.6463338114641368
1.007386896211651,1.440963880809969,1.029159209561214,0.7847011792599916
1.007386896211651,1.440963880809969,1.0759952849742378,0.7847011792599916
1.007386896211651,1.4498971823423665,1.0205534439471071,0.6947467999810748
1.007386896211651,1.4498971823423665,0.9527421212768262,0.6947467999810748
1.007386896211651,1.4498971823423665,0.9203402794372445,0.6947467999810748
1.007386896211651,1.4498971823423665,1.0239146776778298,0.6947467999810748
1.007386896211651,1.4498971823423665,0.8760168473423084,0.6947467999810748
1.007386896211651,1.4498971823423665,0.9848747248274617,0.6947467999810748
1.007386896211651,1.4498971823423665,0.953754252493543,0.6947467999810748
1.007386896211651,1.4498971823423665,1.00955316802069,0.6947467999810748
1.007386896211651,1.4498971823423665,0.9300326122208238,0.6947467999810748
1.007386896211651,1.4498971823423665,1.007620609097608,0.6947467999810748
1.007386896211651,1.4498971823423665,0.8868805027991741,0.6947467999810748
1.007386896211651,1.4498971823423665,0.9497615076659592,0.6947467999810748
1.007386896211651,1.4498971823423665,0.8789780418492839,0.6947467999810748
1.007386896211651,1.4498971823423665,0.8739967322586774,0.6947467999810748
1.007386896211651,1.4498971823423665,0.9141590268489481,0.6947467999810748
1.007386896211651,1.4498971823423665,0.9146087557392438,0.6947467999810748
1.007386896211651,1.4498971823423665,0.9851002744835595,0.6947467999810748
1.007386896211651,1.4498971823423665,0.9418112819366736,0.6947467999810748
1.007386896211651,1.4498971823423665,0.9050289566414884,0.6947467999810748
1.007386896211651,1.4498971823423665,0.957798960935687,0.6947467999810748
1.007386896211651,1.4498971823423665,0.9743643897976819,0.6947467999810748
1.007386896211651,1.4498971823423665,0.9497728959326317,0.6947467999810748
1.007386896211651,1.4498971823423665,0.97887460238887,0.6947467999810748
1.007386896211651,1.4498971823423665,0.8339287827309285,0.6947467999810748
1.007386896211651,1.4498971823423665,0.884958476215251,0.6676627568033889
1.007386896211651,1.4498971823423665,0.8889985072645518,0.6676627568033889
1.007386896211651,1.4498971823423665,0.8626006900154112,0.6579915116358755
1.007386896211651,1.4498971823423665,0.9414389367872326,0.6579915116358755
1.007386896211651,1.4498971823423665,0.8575371254900037,0.6579915116358755
1.007386896211651,1.4498971823423665,0.9133182777801175,0.6579915116358755
1.007386896211651,1.4498971823423665,0.9044724237907731,0.6579915116358755
1.007386896211651,1.4498971823423665,0.9559825077529215,0.6896125658644386
0.8268111292518602,1.4498971823423665,1.0798256262398063,0.6896125658644386
0.8268111292518602,1.4498971823423665,1.1206322672812175,0.6896125658644386
0.8268111292518602,1.4498971823423665,1.1234970811506375,0.6896125658644386
0.8268111292518602,1.4498971823423665,1.143469791821301,0.6896125658644386
0.8268111292518602,1.4498971823423665,1.2951935804437054,0.6896125658644386
0.8268111292518602,1.4498971823423665,1.1843821074384013,0.6896125658644386
0.8268111292518602,1.4498971823423665,1.1352839054356783,0.6896125658644386
0.8268111292518602,1.4498971823423665,1.0549916698946507,0.6896125658644386
0.8268111292518602,1.4498971823423665,1.0885883972619823,0.6896125658644386
0.8268111292518602,1.4498971823423665,1.179400463861938,0.6896125658644386
0.8268111292518602,1.4498971823423665,1.2373083755761938,0.6896125658644386
0.8268111292518602,1.4498971823423665,1.127883443654957,0.6896125658644386
0.8268111292518602,1.4498971823423665,1.1747680295591127,0.6896125658644386
0.8268111292518602,1.4498971823423665,1.3138461794930931,0.6896125658644386
0.8268111292518602,1.4498971823423665,1.1861803721183786,0.6896125658644386
0.8268111292518602,1.4498971823423665,1.2122650455402109,0.6896125658644386
0.8268111292518602,1.452227882731123,1.0928510639363325,0.6896125658644386
0.8268111292518602,1.452227882731123,1.1323569897539987,0.6896125658644386
0.8268111292518602,1.452227882731123,1.179131453933993,0.6896125658644386
0.8268111292518602,1.452227882731123,1.1759339755005096,0.6896125658644386
0.8268111292518602,1.452227882731123,1.0645928631452186,0.6896125658644386
0.8268111292518602,1.452227882731123,1.1174733633155969,0.6896125658644386
0.8268111292518602,1.452227882731123,1.207668364826585,0.6896125658644386
0.8268111292518602,1.452227882731123,1.1646041703241783,0.6896125658644386
0.8268111292518602,1.452227882731123,1.1071065014968733,0.6896125658644386
0.8268111292518602,1.452227882731123,1.251224797479453,0.6896125658644386
0.8268111292518602,1.452227882731123,1.0903286162474652,0.6896125658644386
0.8268111292518602,1.452227882731123,1.2679256442984053,0.7027858216467896
0.8268111292518602,1.452227882731123,1.1863636387381986,0.7027858216467896
0.8268111292518602,1.452227882731123,1.0698066400440076,0.7027858216467896
0.8268111292518602,1.4576100667339944,1.2049007063824335,0.7027858216467896
0.8268111292518602,1.4576100667339944,1.183390487360214,0.7027858216467896
0.8268111292518602,1.4576100667339944,1.3109380386818619,0.7027858216467896
0.8268111292518602,1.4576100667339944,1.1081473215863589,0.7027858216467896
0.8268111292518602,1.4576100667339944,1.248752186959604,0.7027858216467896
0.8268111292518602,1.4576100667339944,1.093106686081163,0.7027858216467896
0.8268111292518602,1.4576100667339944,1.150571499672085,0.7027858216467896
0.8268111292518602,1.4576100667339944,1.0859464694383962,0.7027858216467896
0.8268111292518602,1.4576100667339944,1.0631293664568868,0.7027858216467896
0.8268111292518602,1.4576100667339944,1.0712500525772188,0.7027858216467896
0.8448475556595282,1.4576100667339944,1.1261941205852948,0.7027858216467896
0.8448475556595282,1.4576100667339944,1.2376940722294765,0.7027858216467896
0.8448475556595282,1.4576100667339944,1.2264815747097104,0.678636328950837
0.8448475556595282,1.4576100667339944,1.0520465072085534,0.678636328950837
0.8448475556595282,1.4576100667339944,1.0383849993018428,0.678636328950837
0.8448475556595282,1.4576100667339944,1.0907009563150158,0.678636328950837
0.8448475556595282,1.4576100667339944,0.9924453503189734,0.678636328950837
0.8448475556595282,1.4576100667339944,1.0535693798982606,0.678636328950837
0.8649861032846105,1.4576100667339944,1.095870905402612,0.678636328950837
0.8649861032846105,1.4576100667339944,0.9796313583111428,0.678636328950837
0.8649861032846105,1.4576100667339944,1.0940956926446352,0.678636328950837
0.8649861032846105,1.4576100667339944,1.1103779959306217,0.6587634429170872
0.8649861032846105,1.4576100667339944,0.981289372352205,0.6587634429170872
0.8649861032846105,1.4576100667339944,1.0448038855361752,0.6587634429170872
0.8649861032846105,1.4576100667339944,1.0571887010368435,0.6587634429170872
0.8649861032846105,1.4576100667339944,1.1164865119499072,0.6587634429170872
0.8649861032846105,1.4576100667339944,1.1931833950963544,0.6587634429170872
0.8649861032846105,1.4576100667339944,0.985414487865736,0.6587634429170872
0.8649861032846105,1.4576100667339944,0.9715369068564511,0.6587634429170872
0.8649861032846105,1.4576100667339944,1.0501478590553006,0.6587634429170872
0.8649861032846105,1.4576100667339944,1.0141146191918113,0.6688871713074916
0.8649861032846105,1.4576100667339944,1.1450066159127557,0.6688871713074916
0.8649861032846105,1.4576100667339944,1.0535242237765339,0.6688871713074916
0.8649861032846105,1.4576100667339944,1.0008472047338801,0.6688871713074916
0.8649861032846105,1.4576100667339944,1.0785272849121053,0.6688871713074916
0.8649861032846105,1.4576100667339944,1.089279253694672,0.6688871713074916
0.8649861032846105,1.4576100667339944,1.0652313025622173,0.6688871713074916
0.8649861032846105,1.4576100667339944,1.05442078791066,0.6688871713074916
0.8649861032846105,1.4576100667339944,1.1572869079597492,0.6688871713074916
0.8649861032846105,1.4576100667339944,1.0605116604981732,0.6688871713074916
0.8649861032846105,1.4576100667339944,1.0269313689231605,0.6688871713074916
0.8649861032846105,1.4576100667339944,0.966227589093104,0.6688871713074916
0.8649861032846105,1.4576100667339944,1.0954131664805846,0.629754373870211
0.8649861032846105,1.4576100667339944,0.9553010263027366,0.629754373870211
0.8649861032846105,1.4576100667339944,1.021759760068365,0.629754373870211
0.8649861032846105,1.4576100667339944,0.9239449667501773,0.629754373870211
0.8649861032846105,1.4576100667339944,1.1283903560957318,0.629754373870211
0.8649861032846105,1.4576100667339944,0.9583859877444799,0.629754373870211
0.8649861032846105,1.4576100667339944,1.1035059912244705,0.629754373870211
0.8649861032846105,1.4576100667339944,1.0359001384626803,0.629754373870211
0.7436366800785895,1.4576100667339944,1.0349593964402433,0.629754373870211
0.6789043551196092,1.4576100667339944,1.2892333728116,0.629754373870211
0.6789043551196092,1.4069176057111399,1.425560645569868,0.6078222449171972
0.6789043551196092,1.4069176057111399,1.3055450183701272,0.6078222449171972
0.6789043551196092,1.4069176057111399,1.4774947965127083,0.6078222449171972
0.6789043551196092,1.4069176057111399,1.4065273074205256,0.6078222449171972
0.6789043551196092,1.4069176057111399,1.337448502073949,0.6078222449171972
0.6789043551196092,1.4069176057111399,1.5999224567134012,0.6078222449171972
0.6789043551196092,1.4069176057111399,1.3316801694257405,0.6078222449171972
0.6789043551196092,1.4069176057111399,1.5111036646386056,0.6078222449171972
0.6789043551196092,1.4069176057111399,1.3018436800148987,0.6078222449171972
0.6789043551196092,1.4069176057111399,1.371686659958068,0.6078222449171972
0.6789043551196092,1.4069176057111399,1.6038122543947297,0.6078222449171972
0.6789043551196092,1.4069176057111399,1.4349646577539097,0.6078222449171972
0.6789043551196092,1.4069176057111399,1.4454753074006708,0.6078222449171972
0.6789043551196092,1.33339878092802,1.5728155777339925,0.6078222449171972
0.6789043551196092,1.33339878092802,1.7121696172108845,0.6078222449171972
0.6789043551196092,1.33339878092802,1.7937334585370162,0.6078222449171972
0.6789043551196092,1.33339878092802,1.734581273075365,0.6078222449171972
0.6789043551196092,1.33339878092802,1.6468355337641116,0.6078222449171972
0.6789043551196092,1.33339878092802,1.6181349030908463,0.6078222449171972
0.564106255256302,1.4331287400056956,1.5846915560927883,0.6078222449171972
0.564106255256302,1.4331287400056956,1.6154072832272937,0.6078222449171972
0.564106255256302,1.4331287400056956,1.8066256929743123,0.6078222449171972
0.564106255256302,1.4331287400056956,1.5105935341847867,0.6078222449171972
0.564106255256302,1.4331287400056956,1.5628452822590273,0.6078222449171972
0.5663196065683548,1.4331287400056956,1.5128690379240173,0.6078222449171972
0.5663196065683548,1.4331287400056956,1.5062545802954739,0.6078222449171972
0.5663196065683548,1.580551578823911,1.3627570384447276,0.6078222449171972
0.5663196065683548,1.580551578823911,1.024920044165075,0.6078222449171972
0.5663196065683548,1.580551578823911,1.1869491066588211,0.6078222449171972
0.5663196065683548,1.580551578823911,1.1497643725542521,0.6078222449171972
0.5663196065683548,1.580551578823911,1.2271585653137682,0.6078222449171972
0.5663196065683548,1.580551578823911,1.1314518530728657,0.6078222449171972
0.5663196065683548,1.580551578823911,1.2261255833286715,0.6078222449171972
0.5663196065683548,1.580551578823911,1.1719131780167493,0.6078222449171972
0.5663196065683548,1.5923040251005942,1.2269518610121726,0.6078222449171972
0.5663196065683548,1.5923040251005942,1.2140254321388981,0.6078222449171972
0.5663196065683548,1.5923040251005942,1.3111079802366452,0.6334833077276101
0.5663196065683548,1.5923040251005942,1.1999010607405107,0.6334833077276101
0.5663196065683548,1.5923040251005942,1.0684734061713017,0.6334833077276101
0.5663196065683548,1.5923040251005942,1.217557393920442,0.6621712696187978
0.5663196065683548,1.5923040251005942,1.2379198242525309,0.6621712696187978
0.5663196065683548,1.5923040251005942,1.243707406484817,0.6621712696187978
0.5663196065683548,1.5923040251005942,1.1491414659442774,0.6621712696187978
0.5663196065683548,1.5923040251005942,1.1978582404086837,0.6621712696187978
0.5663196065683548,1.5923040251005942,1.2082104839903842,0.6621712696187978
0.5663196065683548,1.5923040251005942,1.126970842907541,0.6621712696187978
0.5663196065683548,1.5923040251005942,1.147519368408104,0.6621712696187978
0.5663196065683548,1.5923040251005942,1.1964393349086657,0.6621712696187978
0.5663196065683548,1.5923040251005942,1.3660844865897486,0.6621712696187978
0.5663196065683548,1.5923040251005942,1.1359839659001543,0.6621712696187978
0.5663196065683548,1.5923040251005942,1.2265989475979295,0.6621712696187978
0.5663196065683548,1.5889809913255353,1.0994154801935885,0.6621712696187978
0.5902301797759409,1.5889809913255353,1.2581846700513075,0.6621712696187978
0.5902301797759409,1.5889809913255353,1.0769613705757275,0.6621712696187978
0.5902301797759409,1.5889809913255353,1.2051328370672403,0.6621712696187978
0.5902301797759409,1.5889809913255353,1.1455595108442658,0.6621712696187978
0.5902301797759409,1.5889809913255353,1.0571445718498742,0.6621712696187978
0.5902301797759409,1.5889809913255353,1.1415568951361932,0.6621712696187978
0.5902301797759409,1.5889809913255353,1.1638082329751214,0.6621712696187978
0.5902301797759409,1.5889809913255353,1.1230003899505272,0.6621712696187978
0.5902301797759409,1.5889809913255353,1.2224909408475362,0.6621712696187978
0.5902301797759409,1.5889809913255353,1.1392740532539476,0.6621712696187978
0.5902301797759409,1.5889809913255353,1.1389434259447568,0.6621712696187978
0.5902301797759409,1.5889809913255353,1.0424958572209078,0.6621712696187978
0.5902301797759409,1.5889809913255353,1.2526905647910243,0.688465640805925
0.5902301797759409,1.5889809913255353,1.2847739012322184,0.688465640805925
0.5902301797759409,1.5889809913255353,1.2596360397643092,0.688465640805925
0.5902301797759409,1.5889809913255353,1.1558521306458913,0.688465640805925
0.5902301797759409,1.5889809913255353,1.0770412502164968,0.688465640805925
0.5902301797759409,1.5889809913255353,1.2560004785972947,0.688465640805925
0.5902301797759409,1.5889809913255353,1.1235012732343619,0.688465640805925
0.5902301797759409,1.5889809913255353,1.3690582310932429,0.688465640805925
0.5902301797759409,1.5889809913255353,1.1481905895339568,0.688465640805925
0.5902301797759409,1.5889809913255353,1.1167561872336922,0.688465640805925
0.5902301797759409,1.5889809913255353,1.2181930319905216,0.688465640805925
0.5902301797759409,1.5889809913255353,1.2286348033745413,0.688465640805925
0.5902301797759409,1.5889809913255353,1.1696249683584854,0.688465640805925
0.5902301797759409,1.5889809913255353,1.1435041445399987,0.688465640805925
0.5902301797759409,1.5889809913255353,1.082434426016889,0.688465640805925
0.5902301797759409,1.5889809913255353,1.1455620704633072,0.688465640805925
0.5902301797759409,1.5889809913255353,1.1824746167129618,0.6489552648114837
0.5902301797759409,1.5889809913255353,1.1809603897937204,0.6489552648114837
0.5902301797759409,1.5889809913255353,1.1243148309415585,0.6489552648114837
0.5902301797759409,1.5889809913255353,1.0597901408180972,0.6489552648114837
0.5902301797759409,1.5889809913255353,1.1323432621382525,0.6489552648114837
0.5902301797759409,1.5889809913255353,1.1574674460393946,0.6489552648114837
0.5902301797759409,1.5889809913255353,1.275563539138312,0.6489552648114837
0.5902301797759409,1.5889809913255353,1.1340914341395232,0.6489552648114837
0.5902301797759409,1.5889809913255353,1.1909959733021334,0.6489552648114837
0.5902301797759409,1.5889809913255353,1.12754625957215,0.6489552648114837
0.5902301797759409,1.5889809913255353,1.1402729781215761,0.6489552648114837
0.5902301797759409,1.5889809913255353,1.16514184036241,0.6489552648114837
0.5902301797759409,1.5889809913255353,1.2244637337767568,0.6489552648114837
0.5902301797759409,1.5889809913255353,1.1205499485419963,0.6489552648114837
0.5902301797759409,1.5889809913255353,1.1949623155378066,0.6489552648114837
0.5902301797759409,1.5889809913255353,1.183595320371872,0.6214147771170926
0.5902301797759409,1.5889809913255353,1.0930427296798062,0.6214147771170926
0.5902301797759409,1.5889809913255353,1.1332347491654704,0.6214147771170926
0.5902301797759409,1.5889809913255353,1.139608427509247,0.6214147771170926
0.5902301797759409,1.5889809913255353,1.0779549846484786,0.6214147771170926
0.5902301797759409,1.6257487746232098,1.130637426024033,0.6214147771170926
0.5902301797759409,1.6257487746232098,1.0449843895617001,0.6214147771170926
0.5902301797759409,1.6257487746232098,0.9666440454161984,0.6214147771170926
0.5902301797759409,1.6257487746232098,1.1132993332787333,0.6214147771170926
0.5902301797759409,1.6257487746232098,1.0394994268390134,0.6214147771170926
0.5902301797759409,1.6257487746232098,1.1574397562999241,0.6214147771170926
0.5902301797759409,1.6257487746232098,0.9264019802237835,0.6214147771170926
0.5902301797759409,1.6257487746232098,0.921026042732661,0.6214147771170926
0.5902301797759409,1.6257487746232098,1.0057641324983693,0.6214147771170926
0.5902301797759409,1.6257487746232098,1.0635124765338495,0.6214147771170926
0.5902301797759409,1.6257487746232098,1.0708025906149894,0.6214147771170926
0.5902301797759409,1.6257487746232098,1.0321539067315355,0.6214147771170926
0.5902301797759409,1.6257487746232098,1.0571361559146772,0.6214147771170926
0.5902301797759409,1.5525539247350837,1.042318399152984,0.6214147771170926
0.5902301797759409,1.5525539247350837,1.2054287844675278,0.6214147771170926
0.5902301797759409,1.5525539247350837,1.161677208711706,0.6214147771170926
0.5902301797759409,1.5525539247350837,1.215457610321034,0.6214147771170926
0.5902301797759409,1.5525539247350837,1.1523230240577473,0.6214147771170926
0.5902301797759409,1.5525539247350837,1.1583289690888534,0.6214147771170926
0.5902301797759409,1.5525539247350837,1.1940669688839929,0.6214147771170926
0.5902301797759409,1.5525539247350837,1.287655222607679,0.6214147771170926
0.5902301797759409,1.5525539247350837,1.2454420687572176,0.6214147771170926
0.5902301797759409,1.5525539247350837,1.265665719586727,0.6214147771170926
0.5902301797759409,1.5525539247350837,1.3163816785145277,0.6402301412285187
0.5902301797759409,1.5525539247350837,1.2490652224819292,0.6801583319344378
0.5902301797759409,1.5525539247350837,1.2340760362396146,0.6801583319344378
0.5902301797759409,1.5525539247350837,1.0995286597595528,0.6801583319344378
0.5902301797759409,1.5525539247350837,1.3145532941033924,0.6801583319344378
0.5902301797759409,1.5525539247350837,1.3234034595969526,0.6801583319344378
0.5902301797759409,1.5525539247350837,1.4014316811784941,0.6801583319344378
0.5902301797759409,1.5525539247350837,1.2838157247146718,0.6801583319344378
0.5902301797759409,1.5525539247350837,1.2999178432846412,0.6801583319344378
0.5902301797759409,1.5525539247350837,1.2517057974278165,0.6801583319344378
0.5902301797759409,1.5525539247350837,1.3723397224257041,0.6801583319344378
0.5902301797759409,1.5525539247350837,1.3158191118081461,0.6801583319344378
0.5902301797759409,1.5525539247350837,1.349506423457636,0.6801583319344378
0.5847171612186195,1.5525539247350837,1.3668806387271373,0.6801583319344378
0.5847171612186195,1.5525539247350837,1.2437048749206627,0.6801583319344378
0.5847171612186195,1.5525539247350837,1.3346843928054384,0.6801583319344378
0.5847171612186195,1.5525539247350837,1.3203829544583778,0.6801583319344378
0.5847171612186195,1.5525539247350837,1.3202931240043498,0.6801583319344378
0.5847171612186195,1.5525539247350837,1.1737733346143238,0.6801583319344378
0.5847171612186195,1.5525539247350837,1.3972836452748725,0.6801583319344378
0.5847171612186195,1.5525539247350837,1.2161755686428468,0.6801583319344378
0.5847171612186195,1.5525539247350837,1.349264165042633,0.6801583319344378
0.5847171612186195,1.5525539247350837,1.4153980442565797,0.6801583319344378
0.5847171612186195,1.5525539247350837,1.142296099091858,0.6801583319344378
0.5847171612186195,1.5525539247350837,1.30756337786904,0.6801583319344378
0.5847171612186195,1.5525539247350837,1.262038512207174,0.6801583319344378
0.5847171612186195,1.5525539247350837,1.142111795404793,0.6801583319344378
0.5847171612186195,1.5525539247350837,1.2243984425163519,0.6801583319344378
0.5847171612186195,1.5525539247350837,1.259440707393719,0.6801583319344378
0.5847171612186195,1.5525539247350837,1.2355114435079602,0.6801583319344378
0.6509759806997936,1.5525539247350837,1.2806532568531972,0.6801583319344378
0.6509759806997936,1.5525539247350837,1.0941961344434543,0.6801583319344378
0.6509759806997936,1.5525539247350837,1.1783400315488204,0.6801583319344378
0.6509759806997936,1.5525539247350837,1.1961022532826324,0.6801583319344378
0.6509759806997936,1.5525539247350837,1.2223102897678697,0.6801583319344378
0.6509759806997936,1.5525539247350837,1.2296718722877475,0.6801583319344378
0.6509759806997936,1.5525539247350837,1.3206170034972604,0.760652237972737
0.6509759806997936,1.5525539247350837,1.2784871786669978,0.7438307741716378
0.6509759806997936,1.5525539247350837,1.2969102411942803,0.7438307741716378
0.6509759806997936,1.5525539247350837,1.3393998265683353,0.7438307741716378
0.6509759806997936,1.5525539247350837,1.2792542217852252,0.7438307741716378
0.6509759806997936,1.5525539247350837,1.1570628311212365,0.7438307741716378
0.6509759806997936,1.5525539247350837,1.3313772958410495,0.7438307741716378
0.6509759806997936,1.5525539247350837,1.0731067351842472,0.7438307741716378
0.6509759806997936,1.5525539247350837,1.4454101898855265,0.7438307741716378
0.6775031176940376,1.5525539247350837,1.2573104402541246,0.7438307741716378
0.6775031176940376,1.5525539247350837,1.1158832801603722,0.7438307741716378
0.6775031176940376,1.5525539247350837,1.1707301703619575,0.6668685519857566
0.6775031176940376,1.5525539247350837,1.1121810980541726,0.6668685519857566
0.6775031176940376,1.5525539247350837,1.02621963479466,0.6668685519857566
0.6775031176940376,1.5525539247350837,0.9447706814682905,0.6668685519857566
0.6775031176940376,1.5525539247350837,1.103722237987122,0.6668685519857566
0.6775031176940376,1.5525539247350837,1.059107076539081,0.6668685519857566
0.6775031176940376,1.5525539247350837,1.1771617749502412,0.6668685519857566
0.6775031176940376,1.5525539247350837,1.1235053031842122,0.6668685519857566
0.6775031176940376,1.5525539247350837,1.0228780614078088,0.6668685519857566
0.6775031176940376,1.5525539247350837,1.1497086063002468,0.6668685519857566
0.6775031176940376,1.5525539247350837,0.9993932931787628,0.6668685519857566
0.6775031176940376,1.5525539247350837,1.1185193776090714,0.6668685519857566
0.6775031176940376,1.5525539247350837,1.0969548022124858,0.6668685519857566
0.6775031176940376,1.5525539247350837,1.1534644492412187,0.6668685519857566
0.6775031176940376,1.5525539247350837,1.0066822763501835,0.6668685519857566
0.6775031176940376,1.5525539247350837,1.1383290449354795,0.6668685519857566
0.6775031176940376,1.5525539247350837,1.0408662782120461,0.6668685519857566
0.6775031176940376,1.5525539247350837,1.116267385392399,0.6668685519857566
0.6775031176940376,1.5525539247350837,1.0379601581876066,0.6668685519857566
0.6775031176940376,1.5525539247350837,1.1548245010807219,0.6668685519857566
0.6775031176940376,1.5525539247350837,1.0875844828526111,0.6668685519857566
0.6775031176940376,1.5525539247350837,1.2424258716824497,0.6668685519857566
0.6775031176940376,1.5286534856284586,1.1906853240515625,0.6668685519857566
0.6775031176940376,1.5286534856284586,1.2503570980543313,0.6668685519857566
0.6775031176940376,1.5286534856284586,1.07794323959602,0.6668685519857566
0.6775031176940376,1.5286534856284586,1.0890859350038788,0.6668685519857566
0.6775031176940376,1.5286534856284586,1.1516744925507891,0.6668685519857566
0.6775031176940376,1.5286534856284586,1.0983647144729787,0.6668685519857566
0.6775031176940376,1.5286534856284586,1.0868991004020112,0.6668685519857566
0.6937132982455753,1.5286534856284586,1.063412960956607,0.6668685519857566
0.6937132982455753,1.5286534856284586,1.1677080371500916,0.6668685519857566
0.6937132982455753,1.5286534856284586,1.2234559966220246,0.6668685519857566
0.6937132982455753,1.5286534856284586,1.2231976880994333,0.6668685519857566
0.6937132982455753,1.5286534856284586,1.1395204622071606,0.6668685519857566
0.6937132982455753,1.5286534856284586,1.1725193411976895,0.6668685519857566
0.6937132982455753,1.5286534856284586,1.2307619090310704,0.6668685519857566
0.6937132982455753,1.5286534856284586,1.1378417004139751,0.6668685519857566
0.6937132982455753,1.5286534856284586,1.1980759114624764,0.6966639238506503
0.6937132982455753,1.5286534856284586,1.205684775240015,0.6966639238506503
0.6937132982455753,1.5286534856284586,1.2154071018689419,0.6966639238506503
0.6937132982455753,1.5286534856284586,1.2882403354805276,0.6966639238506503
0.6937132982455753,1.5286534856284586,1.152966998618355,0.6966639238506503
0.6937132982455753,1.5286534856284586,1.0397828758890204,0.6966639238506503
0.6937132982455753,1.5286534856284586,1.1656731246901224,0.6966639238506503
0.6937132982455753,1.5286534856284586,1.118177914729801,0.6966639238506503
0.6937132982455753,1.5286534856284586,1.199148279164631,0.6966639238506503
0.6937132982455753,1.5286534856284586,1.2495507182547003,0.6966639238506503
0.6937132982455753,1.5286534856284586,1.1240161480742594,0.6966639238506503
0.6937132982455753,1.5286534856284586,1.1694710031258015,0.6966639238506503
0.6937132982455753,1.5286534856284586,1.082570120786862,0.6966639238506503
0.6937132982455753,1.5286534856284586,1.1129231145026386,0.6966639238506503
0.6937132982455753,1.5286534856284586,1.2562990954910587,0.6966639238506503
0.6937132982455753,1.5286534856284586,1.1127037556073247,0.6966639238506503
0.6937132982455753,1.5286534856284586,1.2068961966650353,0.6966639238506503
0.6937132982455753,1.5286534856284586,1.1670761298806787,0.6966639238506503
0.6937132982455753,1.5286534856284586,1.187666496208775,0.6966639238506503
0.6937132982455753,1.5286534856284586,1.1298001268673328,0.6966639238506503
0.6937132982455753,1.5286534856284586,1.0924558506368223,0.6966639238506503
0.6937132982455753,1.5286534856284586,1.2169215540537166,0.6966639238506503
0.6937132982455753,1.5286534856284586,1.0860925848696255,0.6966639238506503
0.6937132982455753,1.5286534856284586,1.2288363851193174,0.6966639238506503
0.6937132982455753,1.5286534856284586,1.2571869315408037,0.6966639238506503
0.6937132982455753,1.5286534856284586,1.1499106138190447,0.6966639238506503
0.6937132982455753,1.5286534856284586,1.1662090218567867,0.6966639238506503
0.6937132982455753,1.5286534856284586,1.2024042276952471,0.6966639238506503
0.6937132982455753,1.5286534856284586,0.9735948482887953,0.6966639238506503
0.6937132982455753,1.5286534856284586,1.2892206021387826,0.6966639238506503
0.6937132982455753,1.5286534856284586,1.143899982803132,0.6966639238506503
0.6937132982455753,1.5286534856284586,1.1869713637681962,0.6534639316037208
0.6937132982455753,1.5286534856284586,1.1243648342629806,0.6534639316037208
0.6937132982455753,1.5286534856284586,1.1140139549092052,0.6534639316037208
0.6937132982455753,1.5286534856284586,1.135071518499169,0.6534639316037208
0.6937132982455753,1.5286534856284586,1.2493201918164556,0.6534639316037208
0.6937132982455753,1.5286534856284586,1.0797090680470491,0.6534639316037208
0.6937132982455753,1.5286534856284586,1.2356080355002794,0.6534639316037208
0.6937132982455753,1.5286534856284586,1.174564490061086,0.689669165841131
0.6937132982455753,1.5286534856284586,1.184416271216627,0.6842556626156839
0.6937132982455753,1.5286534856284586,1.1958326745557386,0.6842556626156839
0.8162480466557437,1.5286534856284586,1.0848973142682568,0.6842556626156839
0.8162480466557437,1.5286534856284586,0.995637033978127,0.6842556626156839
0.8162480466557437,1.5286534856284586,1.0426174488567133,0.6842556626156839
0.8162480466557437,1.5286534856284586,0.9309810909086297,0.6842556626156839
0.8162480466557437,1.5286534856284586,1.0516124273474499,0.6842556626156839
0.8162480466557437,1.5286534856284586,0.9953311810037668,0.7647968862150566
0.8162480466557437,1.5286534856284586,1.0687134226753376,0.7647968862150566
0.8162480466557437,1.5286534856284586,1.1122617864816133,0.7647968862150566
0.8162480466557437,1.5286534856284586,1.0821934784382086,0.7647968862150566
0.8162480466557437,1.5286534856284586,1.0125692566197237,0.7647968862150566
0.8162480466557437,1.5286534856284586,1.0055185854347972,0.7647968862150566
0.8162480466557437,1.5286534856284586,1.0193645312157469,0.7647968862150566
0.8162480466557437,1.5286534856284586,1.052433135521607,0.7647968862150566
0.8162480466557437,1.5286534856284586,0.9786570679020017,0.7647968862150566
0.8162480466557437,1.5286534856284586,1.1633387480800952,0.7647968862150566
0.8162480466557437,1.5286534856284586,1.0838215297834273,0.7647968862150566
0.8162480466557437,1.5286534856284586,1.0172875182254453,0.7647968862150566
0.861486476297921,1.5286534856284586,1.0032946706964623,0.7647968862150566
0.861486476297921,1.5286534856284586,0.9405209822294339,0.7631497096317774
0.861486476297921,1.5286534856284586,0.9375478216079457,0.7631497096317774
0.861486476297921,1.5286534856284586,1.067433044260124,0.7631497096317774
0.861486476297921,1.5286534856284586,1.0146146275361507,0.7631497096317774
0.861486476297921,1.5286534856284586,1.0797322174430044,0.7631497096317774
0.861486476297921,1.5286534856284586,0.9501383581783573,0.7631497096317774
0.861486476297921,1.5286534856284586,1.0408621743210293,0.7631497096317774
0.861486476297921,1.5286534856284586,0.9520012897446594,0.7631497096317774
0.861486476297921,1.5286534856284586,0.9707101346888629,0.7631497096317774
0.861486476297921,1.5286534856284586,0.9600825596100859,0.7631497096317774
0.861486476297921,1.5286534856284586,0.960378279776312,0.7631497096317774
0.8349007477674917,1.5286534856284586,1.0126313468628914,0.7334386537203986
0.8349007477674917,1.5415881162730014,0.9821913186869076,0.7334386537203986
0.8349007477674917,1.5415881162730014,0.9888348612338378,0.7334386537203986
0.8349007477674917,1.5415881162730014,0.9122015623565499,0.7352878363686541
0.8349007477674917,1.5415881162730014,0.9728692222206042,0.7352878363686541
0.8050009509562019,1.5415881162730014,0.9679061400096518,0.7352878363686541
0.8050009509562019,1.5415881162730014,1.0167906070049004,0.7352878363686541
0.7582116380899936,1.5415881162730014,0.9701280313810343,0.7352878363686541
0.7582116380899936,1.5415881162730014,0.995458770596284,0.7352878363686541
0.7582116380899936,1.5415881162730014,1.09658060364182,0.7352878363686541
0.7582116380899936,1.5415881162730014,1.022036545907594,0.6932254420910761
0.7582116380899936,1.5415881162730014,1.111342193159029,0.6932254420910761
0.7582116380899936,1.5415881162730014,1.0146796837898506,0.6932254420910761
0.7582116380899936,1.5415881162730014,1.0606674960013955,0.6932254420910761
0.7582116380899936,1.5415881162730014,1.021161755545444,0.6932254420910761
0.7582116380899936,1.5415881162730014,0.9837603088597693,0.6932254420910761
0.7582116380899936,1.5415881162730014,1.0799091333816688,0.6932254420910761
0.7582116380899936,1.5415881162730014,1.0279550408422875,0.6932254420910761
0.7582116380899936,1.5415881162730014,0.9675218857260062,0.6932254420910761
0.8344459433099128,1.5415881162730014,1.0492767623079013,0.7613241309619103
0.8344459433099128,1.5415881162730014,1.021679510391863,0.7613241309619103
0.8344459433099128,1.5522538959188286,1.0102812578780866,0.7613241309619103
0.8344459433099128,1.5522538959188286,0.9463807610380057,0.7613241309619103
0.8344459433099128,1.5522538959188286,0.973027615655196,0.7613241309619103
0.8344459433099128,1.5522538959188286,0.9973521580466931,0.7613241309619103
0.8344459433099128,1.5522538959188286,0.9498900047785473,0.7613241309619103
0.8344459433099128,1.5522538959188286,1.0266989516363865,0.7613241309619103
0.8344459433099128,1.5522538959188286,0.9254110767049142,0.7613241309619103
0.8344459433099128,1.5522538959188286,1.0069195791596728,0.7613241309619103
0.8344459433099128,1.5522538959188286,0.9490701265897878,0.7613241309619103
0.8344459433099128,1.5522538959188286,1.0094861133526571,0.7613241309619103
0.8344459433099128,1.5522538959188286,0.9498564295427881,0.7613241309619103
0.8344459433099128,1.5522538959188286,0.9386852267870573,0.7613241309619103
0.8344459433099128,1.5522538959188286,0.9580352781376952,0.7613241309619103
0.8344459433099128,1.5522538959188286,0.9424588177698243,0.8120856049696933
0.8344459433099128,1.5522538959188286,0.9691847460886664,0.8186818784539649
0.8344459433099128,1.5522538959188286,0.9890209193650475,0.8186818784539649
0.8344459433099128,1.5522538959188286,0.970787361979262,0.8186818784539649
0.8344459433099128,1.5522538959188286,1.030101194780771,0.8186818784539649
0.8344459433099128,1.5522538959188286,1.0932723100188921,0.8186818784539649
0.8344459433099128,1.5522538959188286,1.1001415653433222,0.8186818784539649
0.8344459433099128,1.5265959016816624,0.9863591770067677,0.8186818784539649
0.8344459433099128,1.5265959016816624,1.0744374505995928,0.8186818784539649
0.8344459433099128,1.5265959016816624,1.24433414645418,0.8186818784539649
0.8344459433099128,1.5265959016816624,1.1081183975573374,0.7654596282882883
0.8344459433099128,1.5265959016816624,1.0737620228134352,0.7654596282882883
0.8344459433099128,1.5265959016816624,1.1220850889740803,0.7654596282882883
0.8344459433099128,1.5265959016816624,1.0285077058214507,0.7654596282882883
0.8344459433099128,1.5265959016816624,1.0298313020857235,0.6801891604622341
0.8344459433099128,1.5265959016816624,0.8313251362187005,0.6801891604622341
0.8344459433099128,1.5265959016816624,0.9250486273099838,0.6801891604622341
0.8344459433099128,1.5265959016816624,1.0846884172330036,0.6801891604622341
0.8344459433099128,1.5265959016816624,0.9065998236152899,0.6801891604622341
0.8344459433099128,1.5265959016816624,0.8916192602620694,0.6801891604622341
0.8344459433099128,1.5265959016816624,0.9585796182166029,0.6801891604622341
0.8344459433099128,1.5265959016816624,0.9756417326882784,0.6801891604622341
0.8344459433099128,1.5265959016816624,0.9926361595349555,0.6801891604622341
0.8344459433099128,1.5265959016816624,0.955780619504151,0.6801891604622341
0.8344459433099128,1.5265959016816624,1.0256863449460965,0.6801891604622341
0.8344459433099128,1.5265959016816624,0.9824712125144537,0.6801891604622341
0.8344459433099128,1.5265959016816624,0.9212090003454358,0.6801891604622341
0.8344459433099128,1.5265959016816624,0.8955057489013797,0.6801891604622341
0.8344459433099128,1.5265959016816624,0.9294481364748951,0.6801891604622341
0.8344459433099128,1.4937254021868773,1.0782711195086085,0.6801891604622341
0.8344459433099128,1.4937254021868773,0.9989282847920874,0.6801891604622341
0.8344459433099128,1.4937254021868773,1.024542628503794,0.6801891604622341
0.8344459433099128,1.4937254021868773,0.9975934129325901,0.6801891604622341
0.8344459433099128,1.4937254021868773,1.043500091992133,0.6801891604622341
0.8344459433099128,1.4937254021868773,1.036306570384907,0.6801891604622341
0.8344459433099128,1.4937254021868773,0.9631079212287951,0.6801891604622341
0.8344459433099128,1.4937254021868773,0.9557669741247407,0.6801891604622341
0.8344459433099128,1.4937254021868773,0.9733752820794669,0.6801891604622341
0.8344459433099128,1.4937254021868773,1.0777322937924863,0.6801891604622341
0.8344459433099128,1.4937254021868773,1.019688170752645,0.6801891604622341
0.8344459433099128,1.4937254021868773,0.9637607680745338,0.6801891604622341
0.8344459433099128,1.4937254021868773,1.069193614590716,0.6801891604622341
0.8344459433099128,1.4937254021868773,1.089809716971681,0.6801891604622341
0.8344459433099128,1.4937254021868773,1.0104944210810944,0.6801891604622341
0.8344459433099128,1.4937254021868773,1.125479358195262,0.6904806230949797
0.8344459433099128,1.4937254021868773,1.031141088422735,0.6904806230949797
0.8344459433099128,1.4937254021868773,1.0997116527802766,0.6904806230949797
0.8344459433099128,1.4937254021868773,0.9456307516051908,0.6904806230949797
0.8344459433099128,1.4937254021868773,0.9673241985855165,0.6904806230949797
0.8344459433099128,1.4937254021868773,1.0264613601042574,0.6904806230949797
0.8344459433099128,1.4937254021868773,1.0559573430122635,0.6904806230949797
0.8344459433099128,1.4937254021868773,1.011212061196575,0.6904806230949797
0.8344459433099128,1.4937254021868773,1.0108296057874835,0.6904806230949797
0.8344459433099128,1.4937254021868773,1.034868450387554,0.6904806230949797
0.8344459433099128,1.4937254021868773,1.000020973900336,0.6904806230949797
0.8344459433099128,1.4937254021868773,1.0391605978717873,0.6904806230949797
0.8344459433099128,1.4937254021868773,0.9785582142937542,0.6904806230949797
0.8344459433099128,1.4937254021868773,1.0699098338037998,0.6904806230949797
0.7979534683898861,1.4937254021868773,1.0348714505975563,0.6904806230949797
0.7979534683898861,1.4937254021868773,1.050870363504247,0.6904806230949797
0.7979534683898861,1.4937254021868773,1.1803890610071697,0.6904806230949797
0.7979534683898861,1.4937254021868773,1.0470491836973563,0.6904806230949797
0.7979534683898861,1.4937254021868773,1.0400516028052618,0.6904806230949797
0.7979534683898861,1.4937254021868773,0.9680880983960033,0.6904806230949797
0.7603926808929024,1.4937254021868773,1.1033541105252183,0.6904806230949797
0.7603926808929024,1.4937254021868773,1.0572939505356242,0.6904806230949797
0.7603926808929024,1.4937254021868773,1.1810249272476292,0.6904806230949797
0.7603926808929024,1.4937254021868773,1.1289773765778677,0.6904806230949797
0.7603926808929024,1.4937254021868773,1.2328415405874809,0.7030473781594504
0.7603926808929024,1.4937254021868773,1.2302402218840764,0.7030473781594504
0.7603926808929024,1.4937254021868773,1.0134606896290368,0.7030473781594504
0.7603926808929024,1.4937254021868773,1.1583913863687176,0.7030473781594504
0.7603926808929024,1.4937254021868773,1.1863043207491175,0.7030473781594504
0.7603926808929024,1.4937254021868773,1.1284403332789055,0.6659432865335725
0.7603926808929024,1.4937254021868773,1.1177193961611314,0.6584503015375929
0.7603926808929024,1.4937254021868773,1.1254665576550678,0.6584503015375929
0.7603926808929024,1.4937254021868773,1.2164875522788812,0.6584503015375929
0.7603926808929024,1.4937254021868773,1.1887394861128404,0.6584503015375929
0.7603926808929024,1.4937254021868773,1.0274327174529558,0.6584503015375929
0.7603926808929024,1.4937254021868773,1.0753699572937752,0.6584503015375929
0.7603926808929024,1.4937254021868773,1.1076255901264305,0.6584503015375929
0.7603926808929024,1.4937254021868773,1.1050681439189796,0.6584503015375929
0.7603926808929024,1.4937254021868773,1.143559260061926,0.6584503015375929
0.7603926808929024,1.4937254021868773,1.1352050038378212,0.6584503015375929
0.7603926808929024,1.4937254021868773,1.1524231508765548,0.6584503015375929
0.7603926808929024,1.4937254021868773,1.0972526317661633,0.6584503015375929
0.7603926808929024,1.4937254021868773,1.0817597826947172,0.6584503015375929
0.7603926808929024,1.4729537465545486,1.1178915563930154,0.6626927928274946
0.7603926808929024,1.4729537465545486,1.1685772019366345,0.6626927928274946
0.7603926808929024,1.4729537465545486,1.2521093837452064,0.6644558478259082
0.7603926808929024,1.4729537465545486,1.146497965629147,0.6644558478259082
0.7603926808929024,1.4729537465545486,1.0714197676829984,0.6644558478259082
0.7603926808929024,1.4729537465545486,1.2774250131756952,0.6219640830969784
0.7603926808929024,1.483430746503004,1.1288917354139747,0.6219640830969784
0.7603926808929024,1.483430746503004,1.089795223451272,0.6219640830969784
0.7603926808929024,1.483430746503004,1.2167557462413146,0.6219640830969784
0.7603926808929024,1.483430746503004,1.0789783575357952,0.7129999841217503
0.7603926808929024,1.483430746503004,1.2738451520140832,0.7129999841217503
0.7603926808929024,1.483430746503004,1.1679969089192819,0.7129999841217503
0.7603926808929024,1.483430746503004,1.3100738292417284,0.7105187133721728
0.7603926808929024,1.483430746503004,1.1883948995733336,0.7387230088049686
0.8431153928299884,1.483430746503004,1.1399741287162588,0.7387230088049686
0.8431153928299884,1.483430746503004,1.1025029439386504,0.7387230088049686
0.8431153928299884,1.483430746503004,1.0370740241594028,0.7387230088049686
0.8431153928299884,1.483430746503004,1.056835512763965,0.7387230088049686
0.8431153928299884,1.483430746503004,1.0339218774243197,0.7387230088049686
0.9466871068538769,1.4660264764920943,1.0834209951655702,0.7383181456407275
0.9466871068538769,1.4689930767950328,1.0395904199532402,0.7383181456407275
0.9466871068538769,1.4689930767950328,1.0429117661283622,0.7383181456407275
0.9466871068538769,1.4689930767950328,0.9605859655769741,0.7383181456407275
0.9466871068538769,1.4689930767950328,0.9601236329837903,0.7383181456407275
0.9466871068538769,1.468435071743217,0.9871732471213543,0.7383181456407275
0.9466871068538769,1.468435071743217,0.9601325502745144,0.7383181456407275
0.9262543896916532,1.468435071743217,0.953199003174463,0.7383181456407275
0.9262543896916532,1.4293681685389357,1.0689132508197543,0.7383181456407275
0.9262543896916532,1.4293681685389357,1.0814025625554922,0.7383181456407275
0.9262543896916532,1.4293681685389357,1.0779203167834006,0.7383181456407275
0.9262543896916532,1.4293681685389357,1.105560049528121,0.7383181456407275
0.9262543896916532,1.4293681685389357,1.1436497941278645,0.7383181456407275
0.9262543896916532,1.4293681685389357,1.1724769030586342,0.7383181456407275
0.9262543896916532,1.4293681685389357,1.1145836761287722,0.6646693215635306
0.9262543896916532,1.4293681685389357,1.111399985695967,0.6646693215635306
0.9262543896916532,1.4293681685389357,1.041245692044846,0.6646693215635306
0.9121145579184607,1.4293681685389357,1.0111844035500468,0.6646693215635306
0.9121145579184607,1.4293681685389357,1.0561877228208105,0.6646693215635306
0.9121145579184607,1.4293681685389357,1.1580747537772778,0.6646693215635306
0.8604222042405252,1.4293681685389357,1.0725753010026657,0.6646693215635306
0.8604222042405252,1.4293681685389357,1.1042792220241604,0.6646693215635306
0.8604222042405252,1.4293681685389357,0.9289644266243772,0.6646693215635306
0.9752301779201402,1.4293681685389357,1.0056725249740606,0.6646693215635306
0.9752301779201402,1.4293681685389357,1.0380644369737977,0.6646693215635306
0.9752301779201402,1.4293681685389357,1.0392425878985052,0.6646693215635306
0.9752301779201402,1.4293681685389357,0.9664101841470056,0.6646693215635306
0.9752301779201402,1.4293681685389357,0.9911838127896667,0.6646693215635306
0.9752301779201402,1.4105105635076338,0.9838767191365088,0.6646693215635306
0.9752301779201402,1.4105105635076338,0.9532606561961493,0.6646693215635306
0.9752301779201402,1.4105105635076338,1.1243124084083587,0.6646693215635306
0.9752301779201402,1.4105105635076338,1.0010600052902006,0.6646693215635306
0.9752301779201402,1.4105105635076338,0.9542902891546038,0.6646693215635306
0.9752301779201402,1.4105105635076338,1.0759681502152896,0.6646693215635306
0.9752301779201402,1.4105105635076338,0.9943155335144956,0.6680388612668886
0.9752301779201402,1.4105105635076338,1.0523107928483906,0.6680388612668886
0.9752301779201402,1.4105105635076338,1.0976394775309706,0.6680388612668886
0.9752301779201402,1.4105105635076338,0.9732579258625346,0.6680388612668886
0.9752301779201402,1.4105105635076338,1.0429416210023728,0.6680388612668886
0.9752301779201402,1.4105105635076338,1.0279626788626621,0.6680388612668886
0.9752301779201402,1.4105105635076338,1.0872179323101945,0.6680388612668886
0.9752301779201402,1.4105105635076338,0.9352769898498009,0.6680388612668886
0.9752301779201402,1.4105105635076338,1.0130328627307117,0.6762381641340142
1.0330121848493785,1.4105105635076338,0.9452293969854878,0.6762381641340142
1.0967686887990002,1.4105105635076338,0.9081695757650151,0.6706310220628088
1.0967686887990002,1.4105105635076338,0.8532642021497794,0.6706310220628088
1.0967686887990002,1.4105105635076338,0.9433550066337232,0.6706310220628088
1.0967686887990002,1.4105105635076338,0.9245443311867119,0.6706310220628088
1.0967686887990002,1.4105105635076338,1.0506332491252834,0.6706310220628088
1.0967686887990002,1.4105105635076338,0.988685730813879,0.6706310220628088
1.0967686887990002,1.4105105635076338,0.9592264672313878,0.6706310220628088
1.0967686887990002,1.4105105635076338,0.8351433511107018,0.6706310220628088
1.0967686887990002,1.4105105635076338,0.9223515034036467,0.6706310220628088
1.0967686887990002,1.4105105635076338,0.9360153875684971,0.6706310220628088
1.1569033712840588,1.4105105635076338,0.8745219745826354,0.6706310220628088
1.1569033712840588,1.4105105635076338,0.8900225851265394,0.6706310220628088
1.1569033712840588,1.4105105635076338,0.8860339739803977,0.6706310220628088
1.1569033712840588,1.4105105635076338,0.881895589953321,0.6706310220628088
1.1569033712840588,1.4105105635076338,0.8550020824530159,0.6706310220628088
1.1569033712840588,1.4105105635076338,0.9470529782627666,0.6706310220628088
1.1569033712840588,1.4105105635076338,0.822571697440489,0.6706310220628088
1.1569033712840588,1.4105105635076338,0.9271011846660081,0.6706310220628088
1.1569033712840588,1.4105105635076338,0.8145485689261047,0.6706310220628088
1.1569033712840588,1.4105105635076338,0.8665607395275564,0.6706310220628088
1.1569033712840588,1.3186470739754885,0.9369942585558804,0.6706310220628088
1.1569033712840588,1.3186470739754885,1.1446678740459186,0.6706310220628088
1.1569033712840588,1.3186470739754885,1.101686227718599,0.6706310220628088
1.1569033712840588,1.3186470739754885,1.0622594404836099,0.6776151229707302
1.1569033712840588,1.3186470739754885,1.0430431531984747,0.6776151229707302
1.1569033712840588,1.3186470739754885,1.0260126219989578,0.6776151229707302
1.1569033712840588,1.3186470739754885,1.066905788286384,0.6776151229707302
1.1569033712840588,1.3186470739754885,1.2019150536237495,0.6776151229707302
1.1569033712840588,1.3186470739754885,1.1532800300978723,0.6776151229707302
1.1569033712840588,1.3186470739754885,1.127474253250311,0.6776151229707302
1.1569033712840588,1.3186470739754885,1.1362577645898397,0.6776151229707302
1.1569033712840588,1.3186470739754885,1.0909968313275418,0.6776151229707302
1.1569033712840588,1.3186470739754885,1.027111223775509,0.6776151229707302
1.1569033712840588,1.3186470739754885,1.0592630807391095,0.6776151229707302
0.9747169778021898,1.3186470739754885,1.1281617980681153,0.6776151229707302
0.9272702118621424,1.3186470739754885,1.16300214214432,0.6776151229707302
0.9272702118621424,1.3186470739754885,1.3088651354283662,0.6776151229707302
0.9272702118621424,1.3186470739754885,1.338445924266966,0.6776151229707302
0.9272702118621424,1.3186470739754885,1.2461726603340917,0.6776151229707302
0.9272702118621424,1.3186470739754885,1.4385671914405251,0.6776151229707302
0.9272702118621424,1.3186470739754885,1.1881453544994567,0.6776151229707302
0.9272702118621424,1.3186470739754885,1.338811847001234,0.6776151229707302
0.9272702118621424,1.3186470739754885,1.3092001703664673,0.6367977419957405
0.9272702118621424,1.3186470739754885,1.2357600389900545,0.6367977419957405
0.9272702118621424,1.3186470739754885,1.464248451580848,0.6367977419957405
0.9272702118621424,1.3186470739754885,1.2413567962264342,0.6367977419957405
0.9272702118621424,1.3186470739754885,1.2773835995930194,0.6367977419957405
0.9272702118621424,1.3186470739754885,1.35570133000347,0.6367977419957405
0.9272702118621424,1.3186470739754885,1.3449965031401863,0.6367977419957405
0.9272702118621424,1.3186470739754885,1.2293743543759716,0.6367977419957405
0.9272702118621424,1.3186470739754885,1.3342338269623075,0.6367977419957405
0.9272702118621424,1.3186470739754885,1.3052893874443074,0.6367977419957405
0.9272702118621424,1.3186470739754885,1.3787151751014497,0.6367977419957405
0.9272702118621424,1.3186470739754885,1.2674124797815873,0.6367977419957405
0.9272702118621424,1.3186470739754885,1.3058876259671621,0.6367977419957405
0.9272702118621424,1.3186470739754885,1.3421571610911374,0.6367977419957405
0.9272702118621424,1.3186470739754885,1.237326905022187,0.6367977419957405
0.9272702118621424,1.3186470739754885,1.2903262035255918,0.6367977419957405
0.9272702118621424,1.3186470739754885,1.388718117881696,0.6367977419957405
0.9272702118621424,1.3186470739754885,1.3296951355112467,0.6367977419957405
0.9272702118621424,1.3186470739754885,1.3558130471989975,0.6367977419957405
0.9272702118621424,1.3186470739754885,1.4042128439476749,0.6367977419957405
0.9272702118621424,1.3186470739754885,1.273209949634824,0.6367977419957405
0.9272702118621424,1.3186470739754885,1.3572209800239619,0.6367977419957405
0.9272702118621424,1.3186470739754885,1.3294971056580018,0.6367977419957405
0.9272702118621424,1.3186470739754885,1.225936599439763,0.6367977419957405
0.8809370458060941,1.3186470739754885,1.3516568937266358,0.6367977419957405
0.8809370458060941,1.3186470739754885,1.2662640161039034,0.6367977419957405
0.8809370458060941,1.3186470739754885,1.4435572989446228,0.6367977419957405
0.8809370458060941,1.3186470739754885,1.3993675674184651,0.6367977419957405
0.919112557928999,1.3186470739754885,1.332553826019768,0.6367977419957405
0.919112557928999,1.3186470739754885,1.228109959555974,0.6367977419957405
0.919112557928999,1.3186470739754885,1.2337376640777218,0.6367977419957405
0.919112557928999,1.3186470739754885,1.293995426894894,0.6367977419957405
0.919112557928999,1.3186470739754885,1.19373342917599,0.6367977419957405
0.919112557928999,1.3186470739754885,1.5025298909633535,0.6367977419957405
0.919112557928999,1.3186470739754885,1.342432428787336,0.6367977419957405
0.919112557928999,1.3186470739754885,1.2343605639064061,0.6367977419957405
0.919112557928999,1.3186470739754885,1.4362545409409326,0.6367977419957405
0.919112557928999,1.3186470739754885,1.331747003703267,0.6367977419957405
0.919112557928999,1.3186470739754885,1.3028429706745759,0.6367977419957405
0.919112557928999,1.3186470739754885,1.2927361206302865,0.6367977419957405
0.919112557928999,1.3186470739754885,1.3361426539040762,0.6367977419957405
0.919112557928999,1.3186470739754885,1.4391818515591586,0.6367977419957405
0.919112557928999,1.3186470739754885,1.2682777967319883,0.6367977419957405
0.919112557928999,1.3186470739754885,1.2907761646008,0.6367977419957405
0.919112557928999,1.3186470739754885,1.4112344924579145,0.6367977419957405
0.919112557928999,1.3186470739754885,1.3639350329474038,0.6367977419957405
0.919112557928999,1.3186470739754885,1.1703792846934253,0.6367977419957405
0.919112557928999,1.3186470739754885,1.331185590221462,0.6367977419957405
0.9452426828642545,1.3186470739754885,1.3678534914687182,0.6367977419957405
0.9452426828642545,1.3186470739754885,1.1528772094750526,0.6367977419957405
0.9452426828642545,1.3186470739754885,1.316376578740031,0.6367977419957405
0.9452426828642545,1.3186470739754885,1.406905917181134,0.6367977419957405
0.9452426828642545,1.3186470739754885,1.0541439189844037,0.6367977419957405
0.9452426828642545,1.3186470739754885,1.282910968430239,0.6367977419957405
0.9452426828642545,1.3186470739754885,1.2082750917904754,0.6367977419957405
0.9452426828642545,1.3742504039782142,1.3061519197601026,0.6367977419957405
0.9452426828642545,1.3742504039782142,1.1134994067205684,0.6367977419957405
0.9452426828642545,1.3742504039782142,1.1757992804741615,0.6367977419957405
0.9452426828642545,1.3742504039782142,1.048487848129703,0.6367977419957405
0.9452426828642545,1.3742504039782142,1.112572909730177,0.6367977419957405
0.9452426828642545,1.3742504039782142,1.2209614178196362,0.6367977419957405
0.9452426828642545,1.3742504039782142,1.1464597070963773,0.6367977419957405
0.9452426828642545,1.3742504039782142,1.1882277489876922,0.6367977419957405
0.9452426828642545,1.3742504039782142,1.2025138209698245,0.6367977419957405
0.9452426828642545,1.3742504039782142,1.0509339078500697,0.6367977419957405
0.9452426828642545,1.3742504039782142,1.0659453400369499,0.6367977419957405
0.9452426828642545,1.3742504039782142,1.0608438924456838,0.6367977419957405
0.9452426828642545,1.3742504039782142,1.1998586204501078,0.6435100672258657
0.9452426828642545,1.3742504039782142,1.2237994276007835,0.640972763141527
0.9207557922960814,1.3742504039782142,1.169779646475836,0.640972763141527
0.9207557922960814,1.3742504039782142,1.1681732429553104,0.640972763141527
0.9207557922960814,1.3742504039782142,1.1612640866594621,0.6118240035738862
0.9207557922960814,1.3742504039782142,1.0899963583114323,0.6748738699109921
0.9383590535334378,1.3742504039782142,1.2436146944268285,0.6748738699109921
0.9383590535334378,1.3742504039782142,1.2132823805144541,0.6748738699109921
0.9383590535334378,1.3742504039782142,1.142306909497345,0.6748738699109921
0.9383590535334378,1.3742504039782142,1.3300560292074133,0.6748738699109921
0.9383590535334378,1.3742504039782142,1.1653114129936133,0.6748738699109921
0.9383590535334378,1.3742504039782142,1.1735503832319931,0.6748738699109921
0.9383590535334378,1.3742504039782142,1.2357816823078338,0.6748738699109921
0.8937850453251602,1.3742504039782142,1.2406459261286036,0.6748738699109921
0.8937850453251602,1.3742504039782142,1.1960275470264359,0.6748738699109921
0.8937850453251602,1.3742504039782142,1.2407016637367907,0.6748738699109921
0.8937850453251602,1.3742504039782142,1.2814389570110276,0.6748738699109921
0.8937850453251602,1.3742504039782142,1.2153292300187881,0.6748738699109921
0.8937850453251602,1.3742504039782142,1.1147881229676226,0.6748738699109921
0.8937850453251602,1.3742504039782142,1.1559259437472438,0.6748738699109921
0.8937850453251602,1.3742504039782142,1.3355210761248621,0.6748738699109921
0.8937850453251602,1.3742504039782142,1.1118417883355673,0.6748738699109921
0.8937850453251602,1.3742504039782142,1.2007164534100323,0.6748738699109921
0.8937850453251602,1.3742504039782142,1.2232425109181178,0.6748738699109921
0.8937850453251602,1.3742504039782142,1.1924290609778287,0.6748738699109921
0.8937850453251602,1.3742504039782142,1.2022864494895227,0.6748738699109921
0.8937850453251602,1.3742504039782142,1.2184970579788263,0.6748738699109921
0.8937850453251602,1.3742504039782142,1.305777900634477,0.6748738699109921
0.8937850453251602,1.3742504039782142,1.0743572810591533,0.6748738699109921
0.8937850453251602,1.3742504039782142,1.1366730343164475,0.6748738699109921
0.8937850453251602,1.3742504039782142,1.2148730998010269,0.6748738699109921
0.8937850453251602,1.3742504039782142,1.1856506129365414,0.6748738699109921
0.8937850453251602,1.3742504039782142,1.314316546598045,0.6748738699109921
0.8937850453251602,1.3742504039782142,1.2615057379287526,0.6748738699109921
0.8937850453251602,1.3742504039782142,1.257951331138483,0.6748738699109921
0.8937850453251602,1.3742504039782142,1.1507472342170382,0.6748738699109921
0.8937850453251602,1.3742504039782142,1.380439229479389,0.6748738699109921
0.8937850453251602,1.3742504039782142,1.3396327649908242,0.6748738699109921
0.8937850453251602,1.3742504039782142,1.1631709750234829,0.6748738699109921
0.8937850453251602,1.3742504039782142,1.2263632860212115,0.6748738699109921
0.8937850453251602,1.3742504039782142,1.3468378004382089,0.6748738699109921
0.8937850453251602,1.3742504039782142,1.258107641606166,0.6748738699109921
0.8937850453251602,1.3742504039782142,1.2412254583874849,0.6748738699109921
0.8937850453251602,1.3742504039782142,1.2715140826009264,0.6748738699109921
0.8937850453251602,1.3742504039782142,1.2210496303681166,0.6748738699109921
0.8937850453251602,1.3742504039782142,1.2230445823497733,0.6748738699109921
0.8937850453251602,1.3742504039782142,1.3602120911042295,0.6748738699109921
0.8937850453251602,1.3742504039782142,1.225704788968841,0.6748738699109921
0.8937850453251602,1.3742504039782142,1.1680769154381931,0.6748738699109921
0.8937850453251602,1.3742504039782142,1.2534442474879512,0.6748738699109921
0.8937850453251602,1.3742504039782142,1.3849326344149608,0.6748738699109921
0.8937850453251602,1.3742504039782142,1.3568018403766335,0.6748738699109921
0.7980448530815603,1.3742504039782142,1.3283429118828416,0.6748738699109921
0.7980448530815603,1.3742504039782142,1.4130994771041179,0.6748738699109921
0.7980448530815603,1.3742504039782142,1.3886038133565357,0.6748738699109921
0.7980448530815603,1.3742504039782142,1.3281583672499213,0.6748738699109921
0.7980448530815603,1.3742504039782142,1.3352678699150486,0.6748738699109921
0.7980448530815603,1.3742504039782142,1.3659580164477394,0.6748738699109921
0.7980448530815603,1.3742504039782142,1.371424468916194,0.6748738699109921
0.7980448530815603,1.3742504039782142,1.4358858982823133,0.6748738699109921
0.7980448530815603,1.3742504039782142,1.2936017709479903,0.6748738699109921
0.7980448530815603,1.3742504039782142,1.2393490953666357,0.6748738699109921
0.7899562784648125,1.3742504039782142,1.2891043601970902,0.6748738699109921
0.7899562784648125,1.3742504039782142,1.466296384659423,0.6748738699109921
0.7899562784648125,1.3742504039782142,1.369825078437406,0.6748738699109921
0.7899562784648125,1.3742504039782142,1.3346070507817926,0.6748738699109921
0.7899562784648125,1.3742504039782142,1.2781901440545504,0.6748738699109921
0.7899562784648125,1.3742504039782142,1.3609019785297714,0.6748738699109921
0.7899562784648125,1.3742504039782142,1.432316684816969,0.6748738699109921
0.7899562784648125,1.3742504039782142,1.3689217716319457,0.6748738699109921
0.7899562784648125,1.3742504039782142,1.4273016539573506,0.6748738699109921
0.7899562784648125,1.3742504039782142,1.4526210080117044,0.6748738699109921
0.7899562784648125,1.3742504039782142,1.3768347251323256,0.6748738699109921
0.7899562784648125,1.3742504039782142,1.5269740605145612,0.6748738699109921
0.7899562784648125,1.3742504039782142,1.4446174096314053,0.6748738699109921
0.7899562784648125,1.3742504039782142,1.346781766417443,0.6748738699109921
0.7899562784648125,1.3742504039782142,1.4956765381520598,0.6654160808485552
0.7899562784648125,1.3742504039782142,1.5209152362628742,0.6654160808485552
0.7899562784648125,1.3742504039782142,1.4674790919397032,0.6654160808485552
0.7899562784648125,1.4052768076511213,1.3541538498629537,0.6216839926828283
0.7899562784648125,1.4052768076511213,1.1616453848864396,0.6216839926828283
0.7899562784648125,1.4052768076511213,1.1917395575637013,0.6216839926828283
0.7899562784648125,1.4052768076511213,1.4173203456196057,0.6216839926828283
0.7899562784648125,1.4052768076511213,1.215515156780393,0.6216839926828283
0.7899562784648125,1.4052768076511213,1.3207421298953552,0.6216839926828283
0.7899562784648125,1.4052768076511213,1.2908955409675154,0.6216839926828283
0.7899562784648125,1.4052768076511213,1.2225692716397873,0.6216839926828283
0.7899562784648125,1.4052768076511213,1.34187001890272,0.6216839926828283
0.7899562784648125,1.3727404558727392,1.2574426108410535,0.6216839926828283
0.7899562784648125,1.3727404558727392,1.283561347787523,0.6216839926828283
0.7899562784648125,1.3727404558727392,1.3798879356925704,0.6216839926828283
0.7899562784648125,1.3727404558727392,1.2692481975736924,0.6216839926828283
0.7899562784648125,1.3727404558727392,1.373885674645619,0.6216839926828283
0.7899562784648125,1.3727404558727392,1.3403012384538884,0.6216839926828283
0.7899562784648125,1.3727404558727392,1.3805115684967464,0.6216839926828283
0.7899562784648125,1.3727404558727392,1.2821613129488283,0.6216839926828283
0.7899562784648125,1.3650210085622445,1.421172301059909,0.6216839926828283
0.7899562784648125,1.3650210085622445,1.4124168906733179,0.6216839926828283
0.7899562784648125,1.3650210085622445,1.3265696722402072,0.6216839926828283
0.7899562784648125,1.3650210085622445,1.291127004134202,0.6216839926828283
0.7899562784648125,1.3650210085622445,1.181151228860541,0.6216839926828283
0.7899562784648125,1.3650210085622445,1.428778581994625,0.6216839926828283
0.7899562784648125,1.3650210085622445,1.4909333138336678,0.6216839926828283
0.7899562784648125,1.3650210085622445,1.3723736748135436,0.6216839926828283
0.7899562784648125,1.3650210085622445,1.2344211375442264,0.6216839926828283
0.7899562784648125,1.3650210085622445,1.3597595173674786,0.6216839926828283
0.7899562784648125,1.3451164934607744,1.2693499994381252,0.6216839926828283
0.7899562784648125,1.3451164934607744,1.5895192972568901,0.6216839926828283
0.7899562784648125,1.3451164934607744,1.2312221587145744,0.6216839926828283
0.7899562784648125,1.3451164934607744,1.5919282989008845,0.6216839926828283
0.7899562784648125,1.3451164934607744,1.4030359093349902,0.6216839926828283
0.7899562784648125,1.3451164934607744,1.3340441039606374,0.6216839926828283
0.802696434340681,1.3451164934607744,1.5943514083557044,0.6216839926828283
0.802696434340681,1.3360590791146116,1.3819750817682335,0.6216839926828283
0.802696434340681,1.3360590791146116,1.3355602096766386,0.6216839926828283
0.802696434340681,1.3360590791146116,1.411398570588995,0.6216839926828283
0.802696434340681,1.3360590791146116,1.323677019796854,0.6216839926828283
0.802696434340681,1.3360590791146116,1.6137179815743101,0.6216839926828283
0.802696434340681,1.3360590791146116,1.5228679777881868,0.6216839926828283
0.802696434340681,1.3360590791146116,1.3406282763766555,0.6216839926828283
0.802696434340681,1.3360590791146116,1.4696663506115064,0.6216839926828283
0.802696434340681,1.3360590791146116,1.2361395995346085,0.6216839926828283
0.802696434340681,1.3360590791146116,1.4649338770926816,0.6216839926828283
0.802696434340681,1.4075957709181826,1.3464318969097957,0.6216839926828283
0.802696434340681,1.4077505177237453,1.2479064622196205,0.6216839926828283
0.802696434340681,1.3992344934678325,1.2351261864280394,0.6216839926828283
0.802696434340681,1.3992344934678325,1.2780110852302715,0.6216839926828283
0.802696434340681,1.3992344934678325,1.1914047856326786,0.6216839926828283
0.802696434340681,1.3992344934678325,1.3254037263720868,0.6216839926828283
0.802696434340681,1.3992344934678325,1.4347230860800548,0.676716666388978
0.802696434340681,1.3992344934678325,1.291488128005334,0.676716666388978
0.802696434340681,1.3992344934678325,1.2449598421828645,0.676716666388978
0.802696434340681,1.3992344934678325,1.264523263231002,0.676716666388978
0.802696434340681,1.3992344934678325,1.1826747721731425,0.6979297987170172
0.802696434340681,1.3992344934678325,1.3935100954258193,0.6979297987170172
0.802696434340681,1.3992344934678325,1.38851528835683,0.6979297987170172
0.802696434340681,1.3992344934678325,1.3046669010227987,0.6979297987170172
0.802696434340681,1.3992344934678325,1.3539403532568168,0.6979297987170172
0.802696434340681,1.3992344934678325,1.332667188077525,0.6979297987170172
0.802696434340681,1.3992344934678325,1.5561754034999797,0.6979297987170172
0.802696434340681,1.3992344934678325,1.370765837250065,0.6979297987170172
0.802696434340681,1.3992344934678325,1.3141189942771834,0.6979297987170172
0.802696434340681,1.3992344934678325,1.2609626456815546,0.6791464430739962
0.802696434340681,1.3992344934678325,1.3131822019465038,0.6791464430739962
0.802696434340681,1.3992344934678325,1.294270735952514,0.6791464430739962
0.802696434340681,1.3992344934678325,1.4132165619304797,0.6791464430739962
0.802696434340681,1.3992344934678325,1.4810850444947266,0.6791464430739962
0.802696434340681,1.3992344934678325,1.3730015075446853,0.6791464430739962
0.802696434340681,1.3992344934678325,1.2878172861769868,0.6791464430739962
0.802696434340681,1.3992344934678325,1.2852102548776698,0.6791464430739962
0.802696434340681,1.3992344934678325,1.337021447575172,0.6791464430739962
0.802696434340681,1.3992344934678325,1.2762638241623752,0.6791464430739962
0.802696434340681,1.3992344934678325,1.290238352797749,0.6791464430739962
0.802696434340681,1.3992344934678325,1.230635901349941,0.6791464430739962
0.802696434340681,1.3992344934678325,1.2795409232376416,0.6791464430739962
0.802696434340681,1.3992344934678325,1.2205766371636777,0.6791464430739962
0.802696434340681,1.3992344934678325,1.4493816624212597,0.6791464430739962
0.802696434340681,1.3992344934678325,1.396519244907209,0.6791464430739962
0.802696434340681,1.3992344934678325,1.4063437524488716,0.6791464430739962
0.802696434340681,1.3992344934678325,1.261325272725955,0.6791464430739962
0.802696434340681,1.3992344934678325,1.3175729813634733,0.6862523013814179
0.802696434340681,1.3992344934678325,1.4168802042652484,0.6862523013814179
0.802696434340681,1.3992344934678325,1.1651862345252102,0.6862523013814179
0.802696434340681,1.3992344934678325,1.2865726522761525,0.6862523013814179
0.802696434340681,1.3992344934678325,1.3207237709570394,0.6605388471678885
0.802696434340681,1.3992344934678325,1.1292841809127174,0.6605388471678885
0.802696434340681,1.3992344934678325,1.4135234569283903,0.6605388471678885
0.802696434340681,1.3992344934678325,1.2986180867838955,0.6201743854597894
0.802696434340681,1.3992344934678325,1.3361141792510587,0.6201743854597894
0.802696434340681,1.3992344934678325,1.2516315738611936,0.6201743854597894
0.802696434340681,1.3992344934678325,1.3359314532856184,0.6201743854597894
0.802696434340681,1.3992344934678325,1.2998236112487422,0.6201743854597894
0.802696434340681,1.3992344934678325,1.196531598238627,0.6201743854597894
0.802696434340681,1.3992344934678325,1.2957230441962337,0.6201743854597894
0.802696434340681,1.3992344934678325,1.2860504299692868,0.6201743854597894
0.802696434340681,1.3992344934678325,1.2622264324493664,0.6201743854597894
0.802696434340681,1.3643608937301188,1.3613002986427978,0.6201743854597894
0.802696434340681,1.3643608937301188,1.2985836227976055,0.6201743854597894
0.802696434340681,1.3643608937301188,1.5499879828595016,0.6201743854597894
0.802696434340681,1.3643608937301188,1.2995303704397505,0.6201743854597894
0.802696434340681,1.4225020303516729,1.1746672534814233,0.6201743854597894
0.802696434340681,1.4225020303516729,1.3657115216482747,0.6201743854597894
0.802696434340681,1.4225020303516729,1.293567198822188,0.6201743854597894
0.802696434340681,1.4225020303516729,1.0976252257346637,0.6201743854597894
0.802696434340681,1.4225020303516729,1.2340224664867478,0.6201743854597894
0.802696434340681,1.4225020303516729,1.1271002963502494,0.6201743854597894
0.802696434340681,1.4225020303516729,1.1956004933736852,0.6201743854597894
0.802696434340681,1.4225020303516729,1.1272226373302006,0.6201743854597894
0.802696434340681,1.3964535623953749,1.2821288933610984,0.6201743854597894
0.802696434340681,1.3964535623953749,1.2014356078052084,0.6201743854597894
0.802696434340681,1.3964535623953749,1.1856660300476416,0.6201743854597894
0.802696434340681,1.3964535623953749,1.2526642280277944,0.6201743854597894
0.802696434340681,1.3964535623953749,1.227423299918094,0.6201743854597894
0.802696434340681,1.3964535623953749,1.3117124019048885,0.6201743854597894
0.802696434340681,1.3964535623953749,1.1397862614550776,0.6201743854597894
0.802696434340681,1.3964535623953749,1.138546589931686,0.6201743854597894
0.802696434340681,1.3964535623953749,1.2660709018086669,0.6201743854597894
0.802696434340681,1.3964535623953749,1.3064350436858354,0.6201743854597894
0.802696434340681,1.3964535623953749,1.2030891302266005,0.6201743854597894
0.802696434340681,1.3964535623953749,1.3382438341656095,0.6201743854597894
0.802696434340681,1.3964535623953749,1.467356585903786,0.6201743854597894
0.802696434340681,1.3964535623953749,1.2330641998100347,0.6201743854597894
0.802696434340681,1.3964535623953749,1.2181526531787983,0.6201743854597894
0.802696434340681,1.3964535623953749,1.2032005068152611,0.6201743854597894
0.802696434340681,1.3964535623953749,1.154774463234507,0.6201743854597894
0.802696434340681,1.4333863295413516,1.1197015611314767,0.6201743854597894
0.802696434340681,1.4333863295413516,1.12011921934078,0.6407912458742977
0.802696434340681,1.4333863295413516,1.0958083516185502,0.6407912458742977
0.802696434340681,1.4333863295413516,1.2552019709797304,0.6407912458742977
0.802696434340681,1.4333863295413516,1.2211235928270692,0.6407912458742977
0.802696434340681,1.4333863295413516,1.220856095411735,0.6407912458742977
0.802696434340681,1.4333863295413516,1.2265975823153408,0.6407912458742977
0.802696434340681,1.4333863295413516,1.1990825387033828,0.6407912458742977
0.802696434340681,1.4333863295413516,1.078323342701729,0.6407912458742977
0.802696434340681,1.4333863295413516,1.248646238857995,0.6407912458742977
0.802696434340681,1.4333863295413516,1.166104600719486,0.6407912458742977
0.802696434340681,1.4333863295413516,1.1439398784426822,0.6407912458742977
0.802696434340681,1.4333863295413516,1.1947640959729415,0.6407912458742977
0.802696434340681,1.4333863295413516,1.1745746817136153,0.6407912458742977
0.802696434340681,1.4333863295413516,1.2572159404019332,0.6407912458742977
0.802696434340681,1.4333863295413516,1.2327663729440836,0.6407912458742977
0.802696434340681,1.43308503040622,1.190194030117683,0.6407912458742977
0.802696434340681,1.43308503040622,1.2203901243792608,0.6407912458742977
0.802696434340681,1.43308503040622,1.2523568003813847,0.6407912458742977
0.802696434340681,1.43308503040622,1.1728608324237524,0.6407912458742977
0.802696434340681,1.43308503040622,1.1525095511774472,0.6407912458742977
0.802696434340681,1.43308503040622,1.1628922970839004,0.6407912458742977
0.802696434340681,1.43308503040622,1.292089796156481,0.6407912458742977
0.802696434340681,1.43308503040622,1.2382023094369075,0.6407912458742977
0.802696434340681,1.43308503040622,1.2981144652674501,0.6407912458742977
0.802696434340681,1.43308503040622,1.1901622753087369,0.6407912458742977
0.802696434340681,1.43308503040622,1.2605136211954557,0.6407912458742977
0.802696434340681,1.43308503040622,1.1807047157118182,0.6407912458742977
0.802696434340681,1.43308503040622,1.1001431637331567,0.6407912458742977
0.802696434340681,1.43308503040622,1.1855349222060363,0.6407912458742977
0.802696434340681,1.43308503040622,1.1166790196379297,0.6407912458742977
0.802696434340681,1.43308503040622,1.162619200414849,0.6407912458742977
0.802696434340681,1.43308503040622,1.2518424554473488,0.6407912458742977
0.802696434340681,1.43308503040622,1.3120330438201877,0.7010324365766887
0.802696434340681,1.43308503040622,1.289364952465649,0.7010324365766887
0.802696434340681,1.43308503040622,1.236117686227027,0.7010324365766887
0.802696434340681,1.418469296067404,1.2845069258707273,0.7010324365766887
0.802696434340681,1.418469296067404,1.3058811463448166,0.7010324365766887
0.802696434340681,1.418469296067404,1.3014153658306267,0.7010324365766887
0.802696434340681,1.418469296067404,1.3375239040056721,0.6679119445754806
0.802696434340681,1.418469296067404,1.298362142340395,0.6679119445754806
0.802696434340681,1.418469296067404,1.3025566380556872,0.6679119445754806
0.802696434340681,1.418469296067404,1.229946929970637,0.6679119445754806
0.802696434340681,1.418469296067404,1.3231798681145033,0.6679119445754806
0.802696434340681,1.418469296067404,1.263403469089283,0.6679119445754806
0.7673126866673151,1.418469296067404,1.2663579921471395,0.6679119445754806
0.7673126866673151,1.418469296067404,1.227888459272549,0.6679119445754806
0.7673126866673151,1.418469296067404,1.1464797060760463,0.6679119445754806
0.7673126866673151,1.418469296067404,1.2147257454306362,0.6679119445754806
0.7712911579765165,1.418469296067404,1.1910235842534158,0.6328047788321913
0.7604535212219576,1.418469296067404,1.1485555725505514,0.6328047788321913
0.7604535212219576,1.418469296067404,1.1832376285538728,0.6328047788321913
0.7604535212219576,1.418469296067404,1.2666904782368293,0.6328047788321913
0.7604535212219576,1.418469296067404,1.227938535264222,0.6339183284459843
0.7604535212219576,1.418469296067404,1.286592419413777,0.6339183284459843
0.7604535212219576,1.418469296067404,1.220569348893352,0.6339183284459843
0.7604535212219576,1.418469296067404,1.3115758095778622,0.6339183284459843
0.8391197531666246,1.418469296067404,1.2725912718670809,0.6339183284459843
0.8391197531666246,1.418469296067404,1.3801212141514787,0.6648135103331471
0.8391197531666246,1.418469296067404,1.2414773023800305,0.6648135103331471
0.8391197531666246,1.418469296067404,1.2102862753439185,0.6648135103331471
0.8391197531666246,1.418469296067404,1.1487834190579873,0.6648135103331471
0.8391197531666246,1.418469296067404,1.199436177802984,0.6648135103331471
0.8391197531666246,1.418469296067404,1.1530301713847557,0.6648135103331471
0.8391197531666246,1.418469296067404,1.1912190077281377,0.6648135103331471
0.8391197531666246,1.418469296067404,1.1795151876773482,0.6648135103331471
0.8391197531666246,1.418469296067404,1.136244708793912,0.6648135103331471
0.8391197531666246,1.418469296067404,1.113546994502707,0.6648135103331471
0.8391197531666246,1.418469296067404,1.2025034314151224,0.6648135103331471
0.8391197531666246,1.418469296067404,1.143470083987406,0.6648135103331471
0.8391197531666246,1.418469296067404,1.2313919479554056,0.6648135103331471
0.8391197531666246,1.418469296067404,1.1962807850723338,0.6648135103331471
0.8391197531666246,1.418469296067404,1.2221596962408237,0.6648135103331471
0.8391197531666246,1.418469296067404,1.1849189932676272,0.6648135103331471
0.8391197531666246,1.418469296067404,1.149221897642075,0.6648135103331471
0.8391197531666246,1.418469296067404,1.2365370577010335,0.6648135103331471
0.8391197531666246,1.418469296067404,1.2049700635910676,0.6648135103331471
0.8391197531666246,1.418469296067404,1.2503399200179002,0.6648135103331471
0.8391197531666246,1.418469296067404,1.2122201308758962,0.6648135103331471
0.8391197531666246,1.418469296067404,1.1632979523559315,0.6648135103331471
0.8391197531666246,1.418469296067404,1.2172346204667766,0.6241689880278665
0.8391197531666246,1.418469296067404,1.1620595518998336,0.6241689880278665
0.8391197531666246,1.418469296067404,1.1420239059085047,0.6241689880278665
0.8391197531666246,1.418469296067404,1.1745688051777123,0.6241689880278665
0.8391197531666246,1.418469296067404,1.3169116902756695,0.6241689880278665
0.8391197531666246,1.418469296067404,1.19728403505666,0.6599227574788156
0.9590313883129854,1.418469296067404,1.1251277840651204,0.6599227574788156
0.9590313883129854,1.418469296067404,0.9817105975590676,0.6599227574788156
0.9590313883129854,1.418469296067404,1.018284414009625,0.6599227574788156
0.9590313883129854,1.418469296067404,1.0759518478450485,0.6599227574788156
0.9590313883129854,1.418469296067404,1.0191379748989293,0.6599227574788156
0.9590313883129854,1.418469296067404,1.1603167217309351,0.7799216169888195
0.9590313883129854,1.418469296067404,1.0928263027002776,0.7799216169888195
0.9590313883129854,1.418469296067404,1.076981596800952,0.7799216169888195
0.9590313883129854,1.418469296067404,1.178585294348476,0.7799216169888195
0.9590313883129854,1.418469296067404,1.2020211953292286,0.7799216169888195
0.9590313883129854,1.418469296067404,1.1817630854830181,0.7799216169888195
0.9590313883129854,1.418469296067404,1.1555788150501962,0.7799216169888195
0.9590313883129854,1.418469296067404,1.0872543888330581,0.7198406223974604
0.9590313883129854,1.418469296067404,1.1040982658244753,0.7198406223974604
0.9590313883129854,1.4126249432126332,1.1874743929160645,0.7198406223974604
0.9590313883129854,1.4126249432126332,1.173526357371401,0.7198406223974604
0.9590313883129854,1.4126249432126332,1.121701060709845,0.7198406223974604
0.7553217510503637,1.4126249432126332,1.2431707492173556,0.7198406223974604
0.7553217510503637,1.4126249432126332,1.227771140426451,0.7198406223974604
0.7553217510503637,1.4126249432126332,1.188955109104973,0.7198406223974604
0.7553217510503637,1.4126249432126332,1.4294343778402512,0.7198406223974604
0.7553217510503637,1.4126249432126332,1.4320088721329365,0.7198406223974604
0.7553217510503637,1.4126249432126332,1.196979546443315,0.7198406223974604
0.7553217510503637,1.4126249432126332,1.2805737466170812,0.7198406223974604
0.7553217510503637,1.4126249432126332,1.3293563775634367,0.6970625137423104
0.7553217510503637,1.4126249432126332,1.2529422057990058,0.6970625137423104
0.7553217510503637,1.4126249432126332,1.291815265521125,0.6970625137423104
0.7553217510503637,1.4126249432126332,1.1940417447761387,0.6970625137423104
0.7553217510503637,1.4126249432126332,1.406903378794183,0.6970625137423104
0.7553217510503637,1.4126249432126332,1.2913290409500167,0.6970625137423104
0.7553217510503637,1.4126249432126332,1.421967152494035,0.6970625137423104
0.7553217510503637,1.3929697433318557,1.511681232643501,0.6970625137423104
0.7553217510503637,1.3929697433318557,1.4550914460943654,0.6970625137423104
0.7553217510503637,1.344494118609716,1.5243829825189212,0.6970625137423104
0.7553217510503637,1.344494118609716,1.527591601258034,0.6609411249300967
0.7553217510503637,1.344494118609716,1.594944794966729,0.6609411249300967
0.7553217510503637,1.344494118609716,1.6510510436299763,0.6609411249300967
0.7553217510503637,1.344494118609716,1.5638167424883755,0.6609411249300967
0.7553217510503637,1.344494118609716,1.5210217019333494,0.6609411249300967
0.7553217510503637,1.344494118609716,1.5414191347235844,0.6609411249300967
0.8991349151417193,1.344494118609716,1.4570365252027295,0.6609411249300967
0.8991349151417193,1.344494118609716,1.2394722469903714,0.6609411249300967
0.8991349151417193,1.344494118609716,1.2621803804928737,0.6609411249300967
0.8991349151417193,1.344494118609716,1.2115684649488274,0.6609411249300967
0.8991349151417193,1.344494118609716,1.3842517082958845,0.6609411249300967
0.8991349151417193,1.344494118609716,1.3479101091479384,0.6609411249300967
0.8991349151417193,1.344494118609716,1.3069415653013579,0.6609411249300967
0.8991349151417193,1.344494118609716,1.374286666750565,0.6609411249300967
0.8991349151417193,1.344494118609716,1.3410504721937038,0.6609411249300967
0.8991349151417193,1.344494118609716,1.2675802800253944,0.6609411249300967
0.8991349151417193,1.344494118609716,1.3054669579623979,0.6609411249300967
0.9232310229358869,1.344494118609716,1.2336450427351928,0.6609411249300967
0.9232310229358869,1.344494118609716,1.2982463775932347,0.6609411249300967
0.9232310229358869,1.344494118609716,1.2241437712124543,0.6609411249300967
0.9232310229358869,1.344494118609716,1.2321529889012965,0.6609411249300967
0.9232310229358869,1.344494118609716,1.3668239381970708,0.6609411249300967
0.9666901673166544,1.344494118609716,1.0932298069543829,0.6609411249300967
0.9666901673166544,1.344494118609716,1.1690644269041102,0.6609411249300967
0.9666901673166544,1.344494118609716,1.1715095013183576,0.6609411249300967
0.9666901673166544,1.344494118609716,1.1706861766433858,0.6609411249300967
0.9666901673166544,1.344494118609716,1.1715708989491835,0.6609411249300967
0.9666901673166544,1.344494118609716,1.147691275832336,0.6609411249300967
0.9666901673166544,1.344494118609716,1.2750226160773221,0.6609411249300967
0.9666901673166544,1.344494118609716,1.110022127884822,0.6609411249300967
0.9666901673166544,1.344494118609716,1.2817173818514256,0.6609411249300967
0.9666901673166544,1.344494118609716,1.1532857236157448,0.6609411249300967
0.9666901673166544,1.344494118609716,1.225500212528625,0.6609411249300967
0.9666901673166544,1.344494118609716,1.303778580828177,0.6609411249300967
0.9990628664810252,1.344494118609716,1.2119399352843638,0.6609411249300967
0.9990628664810252,1.344494118609716,1.2754622344447806,0.6609411249300967
0.9990628664810252,1.344494118609716,1.103516505884205,0.6609411249300967
0.9990628664810252,1.385295843695961,1.0774089924433041,0.7415282437095524
0.9990628664810252,1.385295843695961,1.1556287377937942,0.7415282437095524
0.9990628664810252,1.385295843695961,1.1726032176533177,0.7415282437095524
0.9990628664810252,1.385295843695961,1.182423226618474,0.7415282437095524
0.9990628664810252,1.385295843695961,1.1639055645959642,0.7415282437095524
0.9990628664810252,1.385295843695961,1.015970051468906,0.7415282437095524
1.016284370604948,1.385295843695961,1.082244982174067,0.7415282437095524
1.016284370604948,1.385295843695961,1.0934025812828176,0.7415282437095524
1.016284370604948,1.385295843695961,1.1247058016682279,0.7415282437095524
1.016284370604948,1.385295843695961,1.1585517150508498,0.7415282437095524
1.016284370604948,1.385295843695961,1.1333687943978026,0.7415282437095524
1.016284370604948,1.385295843695961,1.1578371999437984,0.7415282437095524
1.016284370604948,1.385295843695961,1.1385108819705825,0.7415282437095524
1.016284370604948,1.385295843695961,1.1144787495257018,0.7415282437095524
1.016284370604948,1.385295843695961,1.0580086727634377,0.7415282437095524
1.115093800634661,1.385295843695961,1.1324384684755968,0.7415282437095524
1.115093800634661,1.385295843695961,1.0371792640207822,0.7415282437095524
1.115093800634661,1.385295843695961,1.0981412880959946,0.7415282437095524
1.115093800634661,1.385295843695961,1.0756814623320712,0.7415282437095524
1.115093800634661,1.385295843695961,0.9925996972783501,0.7415282437095524
1.115093800634661,1.385295843695961,0.9874183543886451,0.7415282437095524
1.115093800634661,1.385295843695961,1.0232232304222095,0.7415282437095524
1.115093800634661,1.385295843695961,1.037700427660708,0.7415282437095524
1.115093800634661,1.385295843695961,1.070227369908336,0.7415282437095524
1.115093800634661,1.385295843695961,0.954081770771746,0.7415282437095524
1.115093800634661,1.385295843695961,1.069214900631088,0.7415282437095524
1.115093800634661,1.385295843695961,1.0260278332288135,0.7415282437095524
1.115093800634661,1.385295843695961,1.0345312057983875,0.7415282437095524
1.115093800634661,1.385295843695961,1.0573039016707872,0.7415282437095524
1.115093800634661,1.385295843695961,0.9452677963450331,0.7415282437095524
1.115093800634661,1.385295843695961,0.9844352481302273,0.7415282437095524
1.0568152160554487,1.385295843695961,1.0164136345544719,0.7415282437095524
1.0568152160554487,1.4632694411083704,0.9672585328585901,0.7415282437095524
1.0568152160554487,1.4632694411083704,0.8292272258261987,0.7415282437095524
0.885788426430975,1.4632694411083704,1.0148877456491279,0.7415282437095524
0.885788426430975,1.4632694411083704,1.152441997869139,0.7415282437095524
0.885788426430975,1.4632694411083704,1.0960229182175418,0.7094220971915048
0.885788426430975,1.4632694411083704,1.0435261440546553,0.7094220971915048
0.885788426430975,1.4632694411083704,1.0706118837317644,0.7094220971915048
0.885788426430975,1.4632694411083704,1.0347957457219739,0.7094220971915048
0.885788426430975,1.4632694411083704,1.0666740343050285,0.7094220971915048
0.885788426430975,1.4632694411083704,1.1353064582685297,0.7094220971915048
0.9099499077563055,1.4632694411083704,1.0194907293892612,0.7094220971915048
0.9099499077563055,1.4632694411083704,1.1473290911856882,0.7094220971915048
0.9099499077563055,1.4632694411083704,0.9892320152444537,0.7094220971915048
0.9099499077563055,1.4632694411083704,1.1037772908595642,0.7094220971915048
0.9099499077563055,1.4632694411083704,0.9848271051024423,0.7094220971915048
0.9099499077563055,1.4632694411083704,0.9764672400266833,0.7094220971915048
0.8707525516710777,1.4632694411083704,1.0247326714091338,0.7082410268802967
0.8707525516710777,1.4632694411083704,1.1083679404999358,0.7082410268802967
0.8707525516710777,1.4632694411083704,1.028306080916685,0.7082410268802967
0.8707525516710777,1.4632694411083704,1.1595630672739463,0.7082410268802967
0.8707525516710777,1.4632694411083704,1.0699003714094384,0.7082410268802967
0.8707525516710777,1.4632694411083704,0.9462695089111073,0.7082410268802967
0.8707525516710777,1.4632694411083704,1.05446461411546,0.7082410268802967
0.8707525516710777,1.4324872358860916,1.158338901481252,0.7082410268802967
0.8707525516710777,1.4324872358860916,1.1599125135959094,0.7082410268802967
0.8261269709403812,1.4324872358860916,1.1729888439789222,0.7082410268802967
0.8261269709403812,1.4324872358860916,1.2562426457111435,0.7082410268802967
0.8261269709403812,1.4324872358860916,1.2365278211332922,0.6577521885117031
0.7027184826020936,1.4324872358860916,1.2246117068268398,0.6577521885117031
0.7027184826020936,1.4324872358860916,1.2616139926746146,0.6577521885117031
0.7027184826020936,1.4324872358860916,1.4907652025272267,0.6577521885117031
0.7027184826020936,1.4324872358860916,1.3663696505310732,0.6577521885117031
0.7027184826020936,1.4324872358860916,1.3460368218053589,0.6577521885117031
0.7027184826020936,1.4324872358860916,1.4264976791396848,0.6577521885117031
0.7027184826020936,1.4324872358860916,1.5543850838057969,0.6577521885117031
0.7027184826020936,1.4324872358860916,1.4092660274801878,0.6577521885117031
0.7027184826020936,1.4324872358860916,1.4127287836897608,0.6577521885117031
0.7027184826020936,1.4324872358860916,1.416992948598696,0.6577521885117031
0.7027184826020936,1.4324872358860916,1.3574485201295852,0.6577521885117031
0.7027184826020936,1.4324872358860916,1.548894640223633,0.6577521885117031
0.7027184826020936,1.4324872358860916,1.4168246552210635,0.6577521885117031
0.7027184826020936,1.4324872358860916,1.443859305814204,0.6577521885117031
0.7027184826020936,1.4324872358860916,1.4816909618885346,0.6577521885117031
0.7027184826020936,1.4324872358860916,1.3596352423269797,0.6577521885117031
0.7027184826020936,1.4324872358860916,1.2850935487428834,0.6577521885117031
0.7027184826020936,1.4324872358860916,1.2434695372695357,0.6577521885117031
0.7027184826020936,1.4324872358860916,1.4367532437995891,0.6577521885117031
0.7027184826020936,1.4324872358860916,1.4338075774059116,0.6577521885117031
0.7027184826020936,1.4324872358860916,1.3690137131013103,0.6577521885117031
0.7027184826020936,1.4324872358860916,1.2588724918873402,0.6577521885117031
0.7463416133173603,1.4324872358860916,1.358862327918811,0.6577521885117031
0.7463416133173603,1.4324872358860916,1.2627444452121876,0.6577521885117031
0.7463416133173603,1.4324872358860916,1.3184137291898899,0.6577521885117031
0.7463416133173603,1.4324872358860916,1.3134507911027642,0.6577521885117031
0.7463416133173603,1.4324872358860916,1.1523339222208295,0.6577521885117031
0.7463416133173603,1.4324872358860916,1.3290352811446544,0.6577521885117031
0.7463416133173603,1.5218001147925937,1.1508446235194283,0.6577521885117031
0.7463416133173603,1.5218001147925937,1.13159714733568,0.6577521885117031
0.7463416133173603,1.5218001147925937,1.027939623886823,0.6577521885117031
0.7463416133173603,1.5218001147925937,1.0234744395887987,0.6577521885117031
0.7463416133173603,1.5218001147925937,1.0217914682844333,0.6577521885117031
0.7463416133173603,1.5218001147925937,0.974137018844118,0.6288259292326566
0.7463416133173603,1.5218001147925937,1.029491697155554,0.6288259292326566
0.7463416133173603,1.5218001147925937,1.0025730897818552,0.6650828613179587
0.7463416133173603,1.5218001147925937,1.0463970004168692,0.6650828613179587
0.7463416133173603,1.5218001147925937,1.1199181215138319,0.6650828613179587
0.7463416133173603,1.5218001147925937,1.0686956637847107,0.6650828613179587
0.7463416133173603,1.5218001147925937,1.209616576198299,0.6650828613179587
0.7463416133173603,1.5218001147925937,1.0703865375742228,0.6650828613179587
0.7463416133173603,1.5218001147925937,1.037566018104522,0.6650828613179587
0.7463416133173603,1.5218001147925937,1.0635714149012063,0.6650828613179587
0.7463416133173603,1.5218001147925937,0.9951024203959835,0.6650828613179587
0.7463416133173603,1.5218001147925937,1.1217200781717966,0.6650828613179587
0.7463416133173603,1.5218001147925937,1.1142436086800773,0.6650828613179587
0.7463416133173603,1.5218001147925937,0.9650295684145527,0.6650828613179587
0.7463416133173603,1.5218001147925937,1.1115632001216995,0.6650828613179587
0.7463416133173603,1.5218001147925937,1.0780353750807523,0.6650828613179587
0.7463416133173603,1.5218001147925937,1.048946472916079,0.6650828613179587
0.7463416133173603,1.5218001147925937,1.0989544906476072,0.7077036520151262
0.7463416133173603,1.5218001147925937,1.0973300702573143,0.7077036520151262
0.7463416133173603,1.5218001147925937,1.0795681512603432,0.7077036520151262
0.7463416133173603,1.5218001147925937,1.1569356737801595,0.7077036520151262
0.7463416133173603,1.5218001147925937,1.0724042809795522,0.7077036520151262
0.7463416133173603,1.5218001147925937,1.036787349513071,0.7077036520151262
0.7463416133173603,1.5218001147925937,1.1491345920004243,0.7077036520151262
0.7463416133173603,1.5218001147925937,1.1964085857371154,0.7077036520151262
0.7463416133173603,1.5218001147925937,1.1776109068512683,0.7077036520151262
0.7463416133173603,1.5218001147925937,1.1894839175614194,0.7077036520151262
0.7463416133173603,1.5218001147925937,1.1317215302757282,0.7077036520151262
0.7463416133173603,1.5218001147925937,1.0945142086302615,0.7077036520151262
0.7463416133173603,1.5218001147925937,1.0396341089676189,0.7077036520151262
0.7463416133173603,1.5218001147925937,1.082821983977321,0.7077036520151262
0.7463416133173603,1.5218001147925937,1.19373408085618,0.7077036520151262
0.7463416133173603,1.5218001147925937,1.1681441242893833,0.7077036520151262
0.7463416133173603,1.5218001147925937,1.010514471199288,0.7077036520151262
0.7463416133173603,1.5218001147925937,1.173361539335455,0.7077036520151262
0.7463416133173603,1.5218001147925937,1.1388838075826482,0.7077036520151262
0.7463416133173603,1.5218001147925937,1.1824044113500431,0.7077036520151262
0.7463416133173603,1.5218001147925937,1.1262749789411381,0.7077036520151262
0.7463416133173603,1.5425517175675165,1.0139336860823904,0.7077036520151262
0.7463416133173603,1.5425517175675165,1.0519109943129432,0.7077036520151262
0.7463416133173603,1.5425517175675165,1.0881026941109337,0.7077036520151262
0.7463416133173603,1.5425517175675165,1.0917063520466184,0.7077036520151262
0.7463416133173603,1.5425517175675165,1.0889162035289057,0.7077036520151262
0.7463416133173603,1.5425517175675165,1.066275165490792,0.7077036520151262
0.7463416133173603,1.5425517175675165,1.0719263598840232,0.7077036520151262
0.7463416133173603,1.5425517175675165,0.9868929159495692,0.7077036520151262
0.7463416133173603,1.5425517175675165,1.1537233205823654,0.7077036520151262
0.7463416133173603,1.5425517175675165,1.0358590145669069,0.7077036520151262
0.7463416133173603,1.5425517175675165,1.0859544520166766,0.7077036520151262
0.7463416133173603,1.5425517175675165,1.0780005175353116,0.726941894447783
0.7463416133173603,1.5425517175675165,1.0443088572936023,0.726941894447783
0.7463416133173603,1.5425517175675165,1.0916321203940667,0.726941894447783
0.7463416133173603,1.5425517175675165,1.129894685211234,0.726941894447783
0.7463416133173603,1.5425517175675165,1.11194654739486,0.726941894447783
0.7463416133173603,1.5425517175675165,1.0284298870143256,0.726941894447783
0.7463416133173603,1.5425517175675165,1.1390961390550087,0.726941894447783
0.7463416133173603,1.5425517175675165,1.0566990175228972,0.726941894447783
0.7463416133173603,1.5425517175675165,1.026887577390379,0.726941894447783
0.7463416133173603,1.5425517175675165,1.1564498321419052,0.726941894447783
0.7463416133173603,1.5425517175675165,1.0293672821028856,0.726941894447783
0.7463416133173603,1.5425517175675165,1.0521290269585861,0.726941894447783
0.7463416133173603,1.5425517175675165,1.12582923248397,0.726941894447783
0.7463416133173603,1.5425517175675165,1.083423794494798,0.726941894447783
0.7463416133173603,1.5425517175675165,0.9917758916799099,0.726941894447783
0.8123734935926485,1.5425517175675165,1.0245986836982406,0.726941894447783
0.8123734935926485,1.5425517175675165,1.0188088268580207,0.726941894447783
0.8123734935926485,1.5425517175675165,0.9864981112445986,0.726941894447783
0.8123734935926485,1.529885012708649,1.0014807409473983,0.726941894447783
0.8123734935926485,1.529885012708649,0.9023910357182044,0.726941894447783
0.8123734935926485,1.529885012708649,1.08782869890298,0.726941894447783
0.8123734935926485,1.529885012708649,0.9836326701228,0.6870887139039736
0.8123734935926485,1.529885012708649,0.9906343075098775,0.6870887139039736
0.8562609298939335,1.529885012708649,0.8866860356688198,0.6870887139039736
0.8562609298939335,1.529885012708649,0.8641069625640442,0.6870887139039736
0.8562609298939335,1.529885012708649,0.9164303159267011,0.6870887139039736
0.8562609298939335,1.4509274363058233,0.9737070893134628,0.6870887139039736
0.8534773260571832,1.4509274363058233,1.1546449134476324,0.6870887139039736
0.8467423821784309,1.4509274363058233,1.1760917645000906,0.6870887139039736
0.8467423821784309,1.4509274363058233,1.257908421520475,0.6870887139039736
0.8467423821784309,1.4509274363058233,1.1276403630896328,0.6870887139039736
0.8467423821784309,1.4509274363058233,1.042288142850534,0.6870887139039736
0.8467423821784309,1.4509274363058233,1.0381069086774308,0.6870887139039736
0.8467423821784309,1.4509274363058233,1.0636521406423551,0.6870887139039736
0.8467423821784309,1.4509274363058233,1.045868644286699,0.6870887139039736
0.8467423821784309,1.4509274363058233,1.1922008083425957,0.6870887139039736
0.8467423821784309,1.4509274363058233,1.0464278551716977,0.6870887139039736
0.8467423821784309,1.4509274363058233,1.033574873355099,0.6870887139039736
0.8467423821784309,1.4509274363058233,1.2002677155079204,0.6870887139039736
0.8467423821784309,1.4509274363058233,1.2074070845235259,0.6870887139039736
0.8467423821784309,1.4509274363058233,1.1663476803600008,0.6870887139039736
0.8467423821784309,1.4509274363058233,1.0772612716765255,0.6870887139039736
0.8467423821784309,1.4509274363058233,1.0400791537050031,0.6870887139039736
0.8467423821784309,1.4213873732821005,1.1281911090573926,0.6870887139039736
0.8467423821784309,1.4213873732821005,1.288820646131593,0.6870887139039736
0.8467423821784309,1.4213873732821005,1.1470825764287322,0.6870887139039736
0.8467423821784309,1.4213873732821005,1.152643451895896,0.6870887139039736
0.8467423821784309,1.4213873732821005,1.1480466772856626,0.6870887139039736
0.8467423821784309,1.4213873732821005,1.1910855017908224,0.6870887139039736
0.8467423821784309,1.4213873732821005,1.0828751748030698,0.6870887139039736
0.8467423821784309,1.4213873732821005,1.3098189252163628,0.6999787271545104
0.7358025682006052,1.4213873732821005,1.3745493577035652,0.6999787271545104
0.7358025682006052,1.4213873732821005,1.416293821545751,0.6999787271545104
0.7358025682006052,1.4213873732821005,1.2248905061077766,0.6999787271545104
0.7358025682006052,1.4213873732821005,1.3841899521551138,0.6999787271545104
0.7358025682006052,1.4213873732821005,1.462101054216417,0.6999787271545104
0.7358025682006052,1.4213873732821005,1.3915830620074106,0.6999787271545104
0.7358025682006052,1.4213873732821005,1.5475975639954584,0.6999787271545104
0.7358025682006052,1.4213873732821005,1.3732452113883875,0.6222471476190615
0.7358025682006052,1.4213873732821005,1.3891718673062594,0.6222471476190615
0.7358025682006052,1.4213873732821005,1.1981650828506925,0.6222471476190615
0.7358025682006052,1.4213873732821005,1.3181957500400887,0.6222471476190615
0.7358025682006052,1.4213873732821005,1.2964759796070267,0.6222471476190615
0.7358025682006052,1.4213873732821005,1.15998614104662,0.6222471476190615
0.7358025682006052,1.4213873732821005,1.3373225864583127,0.6222471476190615
0.7358025682006052,1.4213873732821005,1.341779409682616,0.6222471476190615
0.7358025682006052,1.4213873732821005,1.3714850613351823,0.6222471476190615
0.7358025682006052,1.4213873732821005,1.3381757984958875,0.6222471476190615
0.7358025682006052,1.4213873732821005,1.1926246709382833,0.6222471476190615
0.7358025682006052,1.4213873732821005,1.2863139103865293,0.6222471476190615
0.7358025682006052,1.4213873732821005,1.2537521691911837,0.6222471476190615
0.7358025682006052,1.4213873732821005,1.3056185667687905,0.6222471476190615
0.7358025682006052,1.4213873732821005,1.40079086297329,0.6222471476190615
0.7358025682006052,1.4213873732821005,1.244345127633841,0.6222471476190615
0.7358025682006052,1.4213873732821005,1.3568416400482648,0.6222471476190615
0.7358025682006052,1.4213873732821005,1.2848257734556459,0.6222471476190615
0.7358025682006052,1.4213873732821005,1.2343724596086159,0.6222471476190615
0.7358025682006052,1.4213873732821005,1.3362600688530313,0.6222471476190615
0.7358025682006052,1.416260108714481,1.3250815873393742,0.6222471476190615
0.7358025682006052,1.416260108714481,1.500083931549015,0.6222471476190615
0.7891760816351376,1.416260108714481,1.2076490419334003,0.6222471476190615
0.7891760816351376,1.416260108714481,1.302799724377705,0.6222471476190615
0.7891760816351376,1.416260108714481,1.2738424948134017,0.6222471476190615
0.7891760816351376,1.416260108714481,1.2188956172724121,0.6222471476190615
0.7891760816351376,1.416260108714481,1.1823977190768007,0.6222471476190615
0.7891760816351376,1.416260108714481,1.3072731618436162,0.6222471476190615
0.7891760816351376,1.416260108714481,1.2843245665949619,0.6222471476190615
0.7891760816351376,1.416260108714481,1.2487955166739013,0.6222471476190615
0.7891760816351376,1.416260108714481,1.3434153772715316,0.6222471476190615
0.7891760816351376,1.416260108714481,1.2365849474508563,0.6222471476190615
0.7891760816351376,1.416260108714481,1.2213388702556318,0.6759269248372707
0.7891760816351376,1.416260108714481,1.176316782395396,0.6759269248372707
0.7891760816351376,1.416260108714481,1.2515181538274336,0.6759269248372707
0.7891760816351376,1.416260108714481,1.272067551079254,0.6759269248372707
0.7891760816351376,1.416260108714481,1.2813259032513151,0.6759269248372707
0.7891760816351376,1.416260108714481,1.3196479428137944,0.6759269248372707
0.7891760816351376,1.416260108714481,1.2187017398965325,0.6759269248372707
0.7798617655362086,1.416260108714481,1.3146529280964758,0.625793004964225
0.7798617655362086,1.416260108714481,1.2984645684194014,0.625793004964225
0.7798617655362086,1.416260108714481,1.2275046913434742,0.625793004964225
0.7798617655362086,1.416260108714481,1.188699393037169,0.625793004964225
0.7798617655362086,1.416260108714481,1.2339377429928238,0.625793004964225
0.7798617655362086,1.416260108714481,1.194843413024481,0.625793004964225
0.7837049929277162,1.416260108714481,1.175489171827964,0.625793004964225
0.7837049929277162,1.416260108714481,1.1769687696769842,0.625793004964225
0.7837049929277162,1.416260108714481,1.256108985771519,0.625793004964225
0.7837049929277162,1.416260108714481,1.1567448563595322,0.625793004964225
0.7837049929277162,1.416260108714481,1.2722860569390877,0.625793004964225
0.7837049929277162,1.416260108714481,1.219413352486213,0.625793004964225
0.7837049929277162,1.416260108714481,1.278402803006329,0.625793004964225
0.7837049929277162,1.4103858920292365,1.2662640010573358,0.625793004964225
0.7837049929277162,1.4103858920292365,1.1832532967590805,0.625793004964225
0.7837049929277162,1.4103858920292365,1.180287467958701,0.625793004964225
0.7837049929277162,1.4103858920292365,1.1480964725044598,0.625793004964225
0.7837049929277162,1.4103858920292365,1.1384252587417871,0.625793004964225
0.7837049929277162,1.3411932602263956,1.382833244590208,0.625793004964225
0.7837049929277162,1.3411932602263956,1.3445675562447645,0.625793004964225
0.7837049929277162,1.3411932602263956,1.426747583205545,0.625793004964225
0.7837049929277162,1.3411932602263956,1.3771135537417192,0.625793004964225
0.7551719507029286,1.3411932602263956,1.6287383917277904,0.625793004964225
0.7551719507029286,1.3411932602263956,1.4798141709012076,0.625793004964225
0.7551719507029286,1.3557611880969123,1.5047414203499745,0.625793004964225
0.7551719507029286,1.3557611880969123,1.3452685249671064,0.625793004964225
0.7551719507029286,1.3557611880969123,1.4275658195979515,0.625793004964225
0.7551719507029286,1.3557611880969123,1.516069985977769,0.625793004964225
0.7551719507029286,1.3557611880969123,1.346522279766487,0.625793004964225
0.7551719507029286,1.3557611880969123,1.6075136658338016,0.625793004964225
0.7551719507029286,1.3557611880969123,1.5207212370947796,0.625793004964225
0.7551719507029286,1.3895497667711747,1.418224711306879,0.625793004964225
0.7551719507029286,1.3895497667711747,1.3773747126244953,0.625793004964225
0.7551719507029286,1.3895497667711747,1.3386996434769878,0.625793004964225
0.7551719507029286,1.3895497667711747,1.319610177327194,0.625793004964225
0.7551719507029286,1.3501108733346643,1.462965848723927,0.625793004964225
0.7551719507029286,1.3501108733346643,1.3644192782964328,0.625793004964225
0.6857274892536481,1.3501108733346643,1.6002681008395743,0.625793004964225
0.6857274892536481,1.3501108733346643,1.7518177867555507,0.625793004964225
0.6857274892536481,1.3501108733346643,1.5388648387610009,0.625793004964225
0.6857274892536481,1.3501108733346643,1.545778969329745,0.625793004964225
0.6857274892536481,1.3501108733346643,1.8356356757137466,0.625793004964225
0.6857274892536481,1.3501108733346643,1.7150637680945193,0.625793004964225
0.6857274892536481,1.3501108733346643,1.4809687679912833,0.625793004964225
0.6857274892536481,1.3501108733346643,1.564316959902957,0.625793004964225
0.6857274892536481,1.3501108733346643,1.6587642249691212,0.6220023989956752
0.6857274892536481,1.3501108733346643,1.4382838856119207,0.6220023989956752
0.6857274892536481,1.3501108733346643,1.661345982304709,0.6220023989956752
0.6857274892536481,1.3501108733346643,1.6247512971590155,0.6220023989956752
0.6857274892536481,1.3753837281151504,1.5394897189877113,0.6220023989956752
0.6857274892536481,1.3753837281151504,1.557472795491827,0.6220023989956752
0.777182663029683,1.3753837281151504,1.4984935803226005,0.6864102417774179
0.777182663029683,1.3753837281151504,1.5647782658096059,0.6864102417774179
0.777182663029683,1.3753837281151504,1.6334206918889869,0.6864102417774179
0.9035299428383533,1.3753837281151504,1.3758227062096444,0.6864102417774179
0.9035299428383533,1.3753837281151504,1.2559632361296975,0.6864102417774179
0.9035299428383533,1.3753837281151504,1.2269513288299676,0.6864102417774179
0.9035299428383533,1.3753837281151504,1.3202946720673132,0.6864102417774179
0.9035299428383533,1.3753837281151504,1.177661415113435,0.6864102417774179
0.9035299428383533,1.3753837281151504,1.2001856401150497,0.6864102417774179
0.9035299428383533,1.3753837281151504,1.3740650035148478,0.6864102417774179
0.9035299428383533,1.3457946148615312,1.336793780798855,0.6864102417774179
0.9035299428383533,1.3457946148615312,1.2784284184142956,0.6864102417774179
0.9035299428383533,1.3457946148615312,1.3990658840969394,0.6864102417774179
0.9035299428383533,1.3457946148615312,1.2869111985138335,0.6864102417774179
0.9035299428383533,1.3457946148615312,1.5368310353636194,0.6864102417774179
0.9035299428383533,1.3457946148615312,1.3512518125535093,0.6864102417774179
0.9035299428383533,1.3457946148615312,1.1676420880772118,0.6864102417774179
0.9035299428383533,1.3457946148615312,1.2213016759657225,0.6864102417774179
0.9035299428383533,1.3457946148615312,1.2451429232560711,0.6864102417774179
0.9035299428383533,1.3457946148615312,1.26873989369006,0.6864102417774179
0.9186646738599782,1.3457946148615312,1.3544454634576406,0.6864102417774179
0.9186646738599782,1.3457946148615312,1.415247357756955,0.6864102417774179
0.9186646738599782,1.3457946148615312,1.3193604267863188,0.6864102417774179
0.9186646738599782,1.3516680668762808,1.482597883654565,0.6864102417774179
0.9186646738599782,1.3516680668762808,1.3424132668209496,0.6864102417774179
0.9186646738599782,1.3516680668762808,1.3399499938653499,0.6864102417774179
0.9186646738599782,1.3516680668762808,1.3230570596658286,0.6864102417774179
0.9186646738599782,1.3516680668762808,1.1922334236985879,0.6864102417774179
0.9186646738599782,1.3516680668762808,1.4528188107411575,0.6864102417774179
0.9186646738599782,1.3516680668762808,1.3403767809764768,0.6864102417774179
0.9186646738599782,1.3516680668762808,1.199810246228192,0.6864102417774179
0.9186646738599782,1.3516680668762808,1.307882114560684,0.6864102417774179
0.9186646738599782,1.3516680668762808,1.2179362550248851,0.6864102417774179
0.9186646738599782,1.3516680668762808,1.3803340859538553,0.6864102417774179
0.9186646738599782,1.3516680668762808,1.1601028513429568,0.6864102417774179
0.9186646738599782,1.3516680668762808,1.3360409030139337,0.727337779160879
0.9186646738599782,1.3516680668762808,1.2756329953455023,0.727337779160879
0.9186646738599782,1.387828283226946,1.3591067444550735,0.727337779160879
0.9186646738599782,1.387828283226946,1.207919985350205,0.727337779160879
0.9186646738599782,1.387828283226946,1.1174788264384634,0.727337779160879
0.9186646738599782,1.387828283226946,1.2241368823105439,0.727337779160879
0.9186646738599782,1.387828283226946,1.1600590369301633,0.6492883581533488
0.9186646738599782,1.387828283226946,1.1679220132254229,0.6492883581533488
0.9186646738599782,1.387828283226946,1.2235213347181026,0.6492883581533488
0.9186646738599782,1.387828283226946,1.1023442475291911,0.6492883581533488
0.9186646738599782,1.387828283226946,1.096625940835575,0.6524009877672011
0.9186646738599782,1.387828283226946,1.150072477771925,0.6524009877672011
0.9186646738599782,1.434736569297662,1.0461967435251587,0.6524009877672011
0.9186646738599782,1.434736569297662,1.0770178554892542,0.6524009877672011
0.9186646738599782,1.434736569297662,1.0528354147906342,0.6524009877672011
0.9186646738599782,1.434736569297662,1.1402436729614516,0.7036069423704419
0.9186646738599782,1.434736569297662,1.053588012824487,0.7036069423704419
0.9186646738599782,1.434736569297662,1.1035961887490888,0.7036069423704419
0.9186646738599782,1.434736569297662,1.1123815343859629,0.7036069423704419
0.9186646738599782,1.434736569297662,1.159758029498454,0.7036069423704419
0.9186646738599782,1.434736569297662,1.1613394430251571,0.7036069423704419
0.9186646738599782,1.434736569297662,1.0650227784227109,0.7036069423704419
0.9186646738599782,1.434736569297662,1.1344331328101838,0.7036069423704419
0.9186646738599782,1.434736569297662,1.0812601732249263,0.7036069423704419
0.9186646738599782,1.434736569297662,1.1116898487445956,0.7036069423704419
0.9186646738599782,1.434736569297662,1.0728000160427615,0.7036069423704419
0.9186646738599782,1.434736569297662,1.1538649513099501,0.7036069423704419
0.9186646738599782,1.434736569297662,1.0030094145177633,0.7036069423704419
0.9186646738599782,1.434736569297662,1.009745924519292,0.7036069423704419
0.9186646738599782,1.434736569297662,1.062841612861851,0.7036069423704419
0.9186646738599782,1.434736569297662,1.0281272567043642,0.7036069423704419
0.9186646738599782,1.434736569297662,1.094805165881179,0.7036069423704419
0.9186646738599782,1.434736569297662,1.1354015569096814,0.7036069423704419
0.9186646738599782,1.434736569297662,1.0038943117740917,0.7036069423704419
0.9186646738599782,1.4009765414698845,1.099246252192169,0.7036069423704419
0.9209374261670024,1.4009765414698845,1.1391465499828655,0.7036069423704419
0.9209374261670024,1.4009765414698845,1.1206181745101118,0.7036069423704419
0.9209374261670024,1.4009765414698845,1.2106698923881587,0.7036069423704419
0.9209374261670024,1.4009765414698845,1.081232216784554,0.7036069423704419
0.9209374261670024,1.4009765414698845,1.1353048975350184,0.7036069423704419
0.9209374261670024,1.4009765414698845,1.113406308564858,0.7036069423704419
0.9209374261670024,1.4009765414698845,1.2580036540695843,0.7036069423704419
0.9209374261670024,1.4009765414698845,1.1151271665400193,0.7036069423704419
0.9209374261670024,1.4009765414698845,1.1417843499473392,0.7036069423704419
0.9209374261670024,1.4009765414698845,1.2292227843760046,0.7036069423704419
0.9209374261670024,1.4009765414698845,1.1588712773091523,0.7036069423704419
0.9209374261670024,1.4009765414698845,1.1371878235532296,0.7036069423704419
0.9209374261670024,1.4009765414698845,1.2790561834940823,0.7036069423704419
1.0408731744429653,1.4009765414698845,1.0405371435179818,0.7036069423704419
1.0408731744429653,1.4009765414698845,1.0794541407560385,0.7036069423704419
1.0408731744429653,1.4009765414698845,1.089791146308937,0.7036069423704419
1.0408731744429653,1.4009765414698845,1.176609251266272,0.7036069423704419
1.0408731744429653,1.4009765414698845,1.0969402142984,0.7036069423704419
1.0408731744429653,1.4009765414698845,1.0104199288362727,0.7036069423704419
1.0408731744429653,1.4009765414698845,1.0514763565216674,0.7036069423704419
1.0408731744429653,1.4009765414698845,0.958497528302984,0.7036069423704419
1.0408731744429653,1.4009765414698845,1.0172936046557923,0.7244489616734863
1.0682828074488433,1.4009765414698845,1.0629094230386757,0.7244489616734863
1.0682828074488433,1.3980396116252383,0.9731375099238573,0.7244489616734863
1.0682828074488433,1.3980396116252383,1.0956437512967525,0.7244489616734863
1.0682828074488433,1.3980396116252383,1.1101790138311853,0.7557368527513963
1.0682828074488433,1.3980396116252383,1.0774898060450804,0.7557368527513963
1.0682828074488433,1.3980396116252383,1.0658500037118241,0.7557368527513963
1.0682828074488433,1.3980396116252383,1.0227358987391504,0.7557368527513963
1.0682828074488433,1.3980396116252383,0.9881595194179844,0.7557368527513963
1.0682828074488433,1.3980396116252383,1.02919841016579,0.7557368527513963
1.0682828074488433,1.3980396116252383,1.052380454919227,0.7557368527513963
1.0682828074488433,1.3980396116252383,1.1211149242889566,0.7557368527513963
1.0682828074488433,1.3980396116252383,1.0719386250043244,0.7557368527513963
1.0682828074488433,1.3980396116252383,1.0556750497413672,0.7557368527513963
1.0682828074488433,1.3980396116252383,1.0217544852267755,0.7557368527513963
1.0682828074488433,1.3980396116252383,1.0510363880045834,0.7557368527513963
1.0682828074488433,1.3980396116252383,1.0955101277379429,0.7557368527513963
1.0682828074488433,1.3980396116252383,1.1213739103407934,0.6803768437234022
1.0682828074488433,1.3980396116252383,1.001203894689579,0.6803768437234022
1.0682828074488433,1.3980396116252383,0.9766942306848873,0.6803768437234022
1.0682828074488433,1.3980396116252383,0.8498780151604893,0.6803768437234022
1.0682828074488433,1.3980396116252383,1.0139940578381457,0.6803768437234022
1.0682828074488433,1.3980396116252383,1.0729485733615216,0.6803768437234022
1.0682828074488433,1.3980396116252383,0.9625100291107349,0.6803768437234022
1.0518601099106224,1.3980396116252383,0.9361585707776319,0.6803768437234022
1.0518601099106224,1.3980396116252383,0.9557231345556425,0.6803768437234022
1.0518601099106224,1.3980396116252383,1.034955137248861,0.6803768437234022
1.0518601099106224,1.3980396116252383,1.1042456223599615,0.6803768437234022
1.0518601099106224,1.3980396116252383,0.9516307142122483,0.6803768437234022
1.0518601099106224,1.3980396116252383,1.0032952276221603,0.6803768437234022
1.0518601099106224,1.392575059851319,0.9381970869382524,0.6803768437234022
1.0518601099106224,1.392575059851319,1.0463240977169725,0.6803768437234022
1.0518601099106224,1.392575059851319,0.9244055669845038,0.6803768437234022
1.0518601099106224,1.392575059851319,1.0233779659618485,0.6803768437234022
1.0518601099106224,1.392575059851319,0.9813500796356495,0.6762852232485725
1.0518601099106224,1.392575059851319,0.998073193491441,0.6762852232485725
1.0518601099106224,1.392575059851319,1.1046085439940028,0.6762852232485725
1.0097130221589379,1.392575059851319,1.0170722362592945,0.6724295420370369
1.0097130221589379,1.392575059851319,1.1020943972395454,0.6724295420370369
1.0097130221589379,1.392575059851319,0.9391160719281791,0.6724295420370369
1.0097130221589379,1.392575059851319,1.060699512060955,0.6724295420370369
1.0097130221589379,1.392575059851319,0.9796746271806245,0.6724295420370369
1.0097130221589379,1.392575059851319,1.0204442436574992,0.6724295420370369
1.0097130221589379,1.392575059851319,0.9895442908664971,0.6724295420370369
1.0097130221589379,1.392575059851319,1.1535519033428274,0.7145150668812852
1.0097130221589379,1.392575059851319,1.1118898487993636,0.7145150668812852
1.0097130221589379,1.3882235700374441,1.0501551062017898,0.7145150668812852
1.0097130221589379,1.3882235700374441,1.1145372678417536,0.7145150668812852
1.0097130221589379,1.3882235700374441,1.0761180957195176,0.7145150668812852
1.0097130221589379,1.3882235700374441,1.098692868313369,0.7145150668812852
1.0097130221589379,1.3882235700374441,1.0634091703998898,0.7145150668812852
1.0097130221589379,1.3882235700374441,1.2139232482581186,0.7145150668812852
1.0097130221589379,1.3882235700374441,1.0933881693240195,0.7145150668812852
1.0097130221589379,1.3882235700374441,1.078603923171781,0.7145150668812852
1.0097130221589379,1.3882235700374441,1.0563046429980327,0.7145150668812852
0.9866206676549704,1.3882235700374441,1.0555767811725618,0.7145150668812852
0.9866206676549704,1.3882235700374441,1.0906810796730915,0.7145150668812852
0.9866206676549704,1.3882235700374441,1.1516554443641829,0.7145150668812852
0.9866206676549704,1.3882235700374441,1.1090922026150747,0.7145150668812852
0.9866206676549704,1.3882235700374441,1.1460340174739905,0.7145150668812852
0.9866206676549704,1.3882235700374441,1.0638062292038488,0.7145150668812852
0.8886372152492827,1.3882235700374441,1.177867572547394,0.6172662743898187
0.8886372152492827,1.3882235700374441,1.176126165546903,0.6172662743898187
0.8886372152492827,1.3882235700374441,1.0496426149921563,0.6172662743898187
0.8886372152492827,1.3882235700374441,1.1921676703768824,0.6172662743898187
0.8886372152492827,1.3882235700374441,1.1324134110056738,0.6172662743898187
0.8886372152492827,1.417457129844997,1.0349321905521731,0.6172662743898187
0.8886372152492827,1.417457129844997,1.0722871763317192,0.6172662743898187
0.8886372152492827,1.417457129844997,1.0853162611626566,0.6172662743898187
0.8886372152492827,1.417457129844997,1.0913400371372333,0.6172662743898187
0.8886372152492827,1.417457129844997,1.0242101866364575,0.6172662743898187
0.8886372152492827,1.417457129844997,1.0044098339194354,0.6172662743898187
0.8886372152492827,1.417457129844997,1.00389365865823,0.6172662743898187
0.8886372152492827,1.417457129844997,1.039405673875994,0.6172662743898187
0.8886372152492827,1.417457129844997,1.091225464038478,0.6172662743898187
0.8886372152492827,1.417457129844997,1.0847463421279802,0.6966601530327314
0.8886372152492827,1.417457129844997,1.1971054969528363,0.6966601530327314
0.8886372152492827,1.417457129844997,1.1919283630675577,0.6966601530327314
0.8886372152492827,1.417457129844997,1.1339728019985862,0.6966601530327314
0.8886372152492827,1.417457129844997,1.1398224243852226,0.6966601530327314
0.8886372152492827,1.417457129844997,1.1849331963883105,0.6966601530327314
0.8886372152492827,1.4059000771496215,1.1206889893154242,0.6966601530327314
0.8886372152492827,1.4059000771496215,1.0865121775643685,0.6966601530327314
0.8886372152492827,1.4059000771496215,1.2307183339776193,0.6966601530327314
0.8886372152492827,1.4059000771496215,1.2536207639930113,0.6966601530327314
0.8886372152492827,1.4059000771496215,1.183460629834917,0.6966601530327314
0.8886372152492827,1.4059000771496215,1.3031018276679909,0.6966601530327314
0.8886372152492827,1.4059000771496215,1.077243474614718,0.6966601530327314
0.8886372152492827,1.4059000771496215,1.1406807934675638,0.6966601530327314
0.8886372152492827,1.4059000771496215,1.0847819493009832,0.6966601530327314
0.8886372152492827,1.4059000771496215,1.206730885048065,0.6966601530327314
0.8886372152492827,1.4059000771496215,1.3062170970602058,0.6966601530327314
0.8886372152492827,1.4059000771496215,1.1963657048707126,0.6966601530327314
0.8886372152492827,1.4059000771496215,1.260885327931303,0.6966601530327314
0.8886372152492827,1.4059000771496215,1.19371018727557,0.6966601530327314
0.8886372152492827,1.4059000771496215,1.0971622527074296,0.6966601530327314
0.8886372152492827,1.4059000771496215,1.2240095984434798,0.6966601530327314
0.8886372152492827,1.4059000771496215,1.1568989995170291,0.6966601530327314
0.8886372152492827,1.4059000771496215,1.2589369702771835,0.6966601530327314
0.8886372152492827,1.4059000771496215,1.2265584960876426,0.6914823706616162
0.8886372152492827,1.4059000771496215,1.1415041366877645,0.6914823706616162
0.8886372152492827,1.4059000771496215,1.2264703751422275,0.6914823706616162
0.8886372152492827,1.4059000771496215,1.2142004497957657,0.6914823706616162
0.8886372152492827,1.4059000771496215,1.1274240264110906,0.6275674579543996
0.8886372152492827,1.4059000771496215,1.0866780354048002,0.6275674579543996
0.8886372152492827,1.4059000771496215,1.1376003610836818,0.6275674579543996
0.8886372152492827,1.4059000771496215,1.0666953313836425,0.6275674579543996
0.8886372152492827,1.4059000771496215,1.1044305826179406,0.6275674579543996
0.8886372152492827,1.4059000771496215,1.1269701021663248,0.6275674579543996
0.8886372152492827,1.4059000771496215,1.1220222155438164,0.6275674579543996
0.8886372152492827,1.4059000771496215,1.1259984673507286,0.6275674579543996
0.8886372152492827,1.4059000771496215,1.2119202342896775,0.6275674579543996
0.8886372152492827,1.4059000771496215,1.135056831554189,0.6312741089767095
0.8886372152492827,1.4059000771496215,1.0879112272650546,0.6312741089767095
0.8886372152492827,1.4059000771496215,1.0951705746155302,0.6312741089767095
0.8886372152492827,1.4059000771496215,1.1235038685016399,0.6312741089767095
0.8886372152492827,1.4059000771496215,1.0432333419469486,0.6312741089767095
0.8886372152492827,1.4059000771496215,1.1872159320694275,0.6312741089767095
0.8886372152492827,1.4059000771496215,1.1441453305988154,0.6312741089767095
0.8886372152492827,1.4059000771496215,1.1767301563220964,0.6312741089767095
0.8886372152492827,1.4059000771496215,1.1405280724866622,0.6312741089767095
0.8886372152492827,1.4059000771496215,1.2446301117144787,0.6312741089767095
0.8886372152492827,1.4059000771496215,1.0886562900980974,0.6312741089767095
0.8886372152492827,1.4059000771496215,1.0952111508757831,0.6312741089767095
0.8886372152492827,1.4059000771496215,1.116650243740705,0.6931746248035251
0.8886372152492827,1.4059000771496215,1.074617106344447,0.6931746248035251
0.8886372152492827,1.4059000771496215,1.1438248793195456,0.655111870063888
0.8886372152492827,1.4059000771496215,1.073048170313146,0.655111870063888
0.8886372152492827,1.4059000771496215,1.12008004259735,0.655111870063888
0.8886372152492827,1.4059000771496215,1.217879058075082,0.655111870063888
0.8886372152492827,1.4059000771496215,1.1204657593181324,0.655111870063888
0.8886372152492827,1.4059000771496215,1.1544125901694247,0.655111870063888
0.8886372152492827,1.4059000771496215,1.2389483206896068,0.655111870063888
0.8886372152492827,1.4529013017488077,1.0399524354958931,0.655111870063888
0.8886372152492827,1.4529013017488077,1.096879718425089,0.655111870063888
0.8886372152492827,1.4529013017488077,1.0038073963331504,0.655111870063888
0.8886372152492827,1.4529013017488077,1.0913564034489989,0.655111870063888
0.8886372152492827,1.4529013017488077,1.089574069030869,0.655111870063888
0.8886372152492827,1.4529013017488077,1.0845697344806182,0.655111870063888
0.8886372152492827,1.4529013017488077,1.0001359345803646,0.655111870063888
0.8886372152492827,1.4529013017488077,0.9672312545800781,0.655111870063888
0.8886372152492827,1.4529013017488077,1.0282495763308146,0.655111870063888
0.8886372152492827,1.4529013017488077,1.0092015680823936,0.655111870063888
0.8886372152492827,1.4529013017488077,1.0752275987001574,0.655111870063888
0.8838619694789348,1.4529013017488077,1.1630842941892399,0.655111870063888
0.8838619694789348,1.4529013017488077,1.0496147908272302,0.655111870063888
0.8838619694789348,1.4529013017488077,1.1773111998868575,0.655111870063888
0.8838619694789348,1.4529013017488077,1.1412991411675706,0.655111870063888
0.8838619694789348,1.4529013017488077,1.127807662574301,0.655111870063888
0.8838619694789348,1.4529013017488077,1.0565126109023661,0.655111870063888
0.8838619694789348,1.4529013017488077,1.0195922703284201,0.655111870063888
0.8838619694789348,1.4529013017488077,1.0910844540003257,0.655111870063888
0.8838619694789348,1.4529013017488077,1.043394532596185,0.655111870063888
0.8838619694789348,1.4529013017488077,1.0985142826730077,0.655111870063888
0.8838619694789348,1.4529013017488077,1.116682688746168,0.655111870063888
0.8838619694789348,1.4529013017488077,1.1501212772783287,0.655111870063888
0.8838619694789348,1.4529013017488077,1.0212843553002655,0.655111870063888
0.8838619694789348,1.4529013017488077,1.0163478072410166,0.655111870063888
0.8838619694789348,1.4529013017488077,1.048101761586513,0.655111870063888
0.8838619694789348,1.4529013017488077,1.07186208264233,0.655111870063888
0.8838619694789348,1.4529013017488077,1.0204304653521794,0.655111870063888
0.8838619694789348,1.4529013017488077,1.0360088768303635,0.655111870063888
0.8838619694789348,1.4529013017488077,0.9815503258308226,0.655111870063888
0.8838619694789348,1.4529013017488077,0.9703520247093081,0.655111870063888
0.8838619694789348,1.4529013017488077,0.9713423487110983,0.655111870063888
0.8838619694789348,1.4529013017488077,1.0334477301451885,0.655111870063888
0.7994023778988215,1.4529013017488077,1.1373355033713435,0.655111870063888
0.7994023778988215,1.4529013017488077,1.2298427929051259,0.655111870063888
0.7994023778988215,1.4529013017488077,1.0061823114693074,0.655111870063888
0.8077390648431155,1.4529013017488077,1.1744265934802638,0.655111870063888
0.8077390648431155,1.4529013017488077,1.2003721621545043,0.655111870063888
0.8077390648431155,1.4529013017488077,1.142841982310036,0.655111870063888
0.8077390648431155,1.4529013017488077,1.103545286998463,0.655111870063888
0.8077390648431155,1.4529013017488077,1.2029797254499806,0.655111870063888
0.8077390648431155,1.4529013017488077,1.1408765970400705,0.655111870063888
0.8077390648431155,1.4529013017488077,1.195956622260013,0.655111870063888
0.8077390648431155,1.4529013017488077,1.2241633178426976,0.6502930028287167
0.9990803342451514,1.4529013017488077,0.9885817394514039,0.6502930028287167
0.9990803342451514,1.4529013017488077,0.8846713892758942,0.6502930028287167
0.951148324654318,1.4529013017488077,0.8762300967904796,0.6502930028287167
0.9748628249994641,1.4529013017488077,0.8885080165126491,0.712498867862096
0.9748628249994641,1.4529013017488077,0.9787716025247103,0.712498867862096
0.9748628249994641,1.4529013017488077,1.0418930797169785,0.712498867862096
0.9748628249994641,1.4529013017488077,1.0733844641126642,0.712498867862096
0.9748628249994641,1.4529013017488077,0.8948603828808028,0.712498867862096
0.9748628249994641,1.4529013017488077,1.0014307985083026,0.712498867862096
0.9748628249994641,1.4529013017488077,0.9367060175426599,0.6545480281285124
0.9748628249994641,1.4529013017488077,0.9789509042733147,0.6545480281285124
0.9748628249994641,1.4529013017488077,1.085916944650131,0.6545480281285124
0.9748628249994641,1.4529013017488077,0.8848501183704764,0.6508014638769661
0.9748628249994641,1.4529013017488077,0.9477623832098404,0.6508014638769661
0.9748628249994641,1.4529013017488077,1.0079448633138832,0.6508014638769661
0.9748628249994641,1.4529013017488077,0.9316931034233077,0.6508014638769661
0.9748628249994641,1.4529013017488077,0.9008222066908491,0.6508014638769661
0.9748628249994641,1.4529013017488077,0.9291944866796565,0.6508014638769661
0.9748628249994641,1.4529013017488077,0.9535254206235191,0.6508014638769661
0.9748628249994641,1.4529013017488077,0.9118206691899774,0.6508014638769661
0.9748628249994641,1.4529013017488077,1.0415328822962115,0.6508014638769661
0.9748628249994641,1.4529013017488077,0.8946162932543041,0.6508014638769661
0.9748628249994641,1.4529013017488077,0.9061227182693568,0.6508014638769661
0.9748628249994641,1.4529013017488077,0.8746527924782441,0.6508014638769661
0.9748628249994641,1.4529013017488077,0.9082728896816709,0.6508014638769661
0.9748628249994641,1.4529013017488077,0.9292478710070236,0.6508014638769661
0.9748628249994641,1.4529013017488077,0.9539502989964896,0.6508014638769661
0.9748628249994641,1.4529013017488077,0.8854080292488712,0.6508014638769661
0.9748628249994641,1.4529013017488077,0.9251827640349823,0.6508014638769661
0.9748628249994641,1.4529013017488077,1.0018149185185548,0.6508014638769661
0.9748628249994641,1.4529013017488077,0.9834857723764246,0.7188825898608595
0.9748628249994641,1.4529013017488077,0.9887790942582249,0.7188825898608595
0.9748628249994641,1.4529013017488077,0.9439412212133005,0.7188825898608595
0.9748628249994641,1.4529013017488077,0.8499576689375525,0.7188825898608595
0.9748628249994641,1.4529013017488077,1.0033599462117688,0.7188825898608595
0.9748628249994641,1.4529013017488077,0.965296926925452,0.7188825898608595
0.9748628249994641,1.4529013017488077,1.0127661750729722,0.7188825898608595
0.9748628249994641,1.4529013017488077,1.0577986855790562,0.7188825898608595
0.9748628249994641,1.4529013017488077,1.1005481756124869,0.7188825898608595
0.9748628249994641,1.4529013017488077,0.9776263778643038,0.7188825898608595
0.9748628249994641,1.4529013017488077,0.9883467321154223,0.7188825898608595
0.9748628249994641,1.4529013017488077,1.0193476965326644,0.7188825898608595
0.9748628249994641,1.4529013017488077,0.9403065490379943,0.7188825898608595
0.9748628249994641,1.4529013017488077,0.9489878384684031,0.7188825898608595
0.9748628249994641,1.4529013017488077,0.945905862494926,0.7188825898608595
0.9748628249994641,1.4529013017488077,1.0278594811707538,0.7188825898608595
0.9748628249994641,1.4529013017488077,0.9557700181658622,0.7188825898608595
0.9748628249994641,1.4529013017488077,1.0815810504533434,0.6970052052065797
0.9748628249994641,1.4529013017488077,1.024573115544691,0.6970052052065797
0.9748628249994641,1.4529013017488077,0.924627988618429,0.6970052052065797
0.9748628249994641,1.4529013017488077,1.0019335765566433,0.6970052052065797
0.9748628249994641,1.4529013017488077,1.0213134100458685,0.6970052052065797
0.9748628249994641,1.4529013017488077,0.9182440057278567,0.6970052052065797
0.9748628249994641,1.4305715911549894,0.896358972011536,0.6501720847262403
0.9748628249994641,1.4305715911549894,1.0460512414786491,0.6501720847262403
0.9748628249994641,1.4305715911549894,0.9519380199179803,0.6501720847262403
0.9748628249994641,1.4305715911549894,0.9856567752965473,0.6501720847262403
0.9748628249994641,1.4305715911549894,1.0150164473884054,0.6501720847262403
0.9748628249994641,1.4305715911549894,0.8350252941574082,0.6501720847262403
0.9748628249994641,1.3508020554856424,1.0205064708548637,0.6501720847262403
0.9748628249994641,1.3508020554856424,1.202971718627565,0.6501720847262403
0.9748628249994641,1.3508020554856424,1.0952485741203197,0.6501720847262403
0.9748628249994641,1.3508020554856424,1.1479190682231313,0.6501720847262403
0.9748628249994641,1.3508020554856424,1.1993657397031299,0.6501720847262403
0.9748628249994641,1.3508020554856424,1.0855423471074561,0.6501720847262403
1.0387584659578724,1.3508020554856424,1.151008620283703,0.6501720847262403
0.9629019048236522,1.3508020554856424,1.0610082388701312,0.6501720847262403
0.9629019048236522,1.3508020554856424,1.3065850871433313,0.7270725277563189
0.9629019048236522,1.3508020554856424,1.3482879321675352,0.7270725277563189
0.9629019048236522,1.3508020554856424,1.2323622827102676,0.7270725277563189
0.9629019048236522,1.3508020554856424,1.2412848333347155,0.6417445884641542
0.9629019048236522,1.3508020554856424,1.1570846062044677,0.6417445884641542
0.9629019048236522,1.3508020554856424,1.1863635597282587,0.6417445884641542
0.9629019048236522,1.3508020554856424,1.31477202482891,0.6417445884641542
0.9629019048236522,1.3508020554856424,1.2001923757032569,0.6417445884641542
0.9629019048236522,1.3508020554856424,1.2941972422665238,0.6417445884641542
0.9629019048236522,1.3508020554856424,1.3219741083117882,0.6417445884641542
0.9629019048236522,1.3508020554856424,1.2688834677106158,0.6417445884641542
0.9629019048236522,1.3508020554856424,1.1223228569385446,0.6417445884641542
0.9629019048236522,1.3508020554856424,1.1394442762718135,0.6417445884641542
0.9629019048236522,1.3508020554856424,1.187328025474543,0.6417445884641542
0.9629019048236522,1.3508020554856424,1.219412713041389,0.6417445884641542
0.9629019048236522,1.3508020554856424,1.216211827845286,0.6417445884641542
0.9817016145274631,1.3508020554856424,1.214341892252932,0.6417445884641542
0.9817016145274631,1.3508020554856424,1.216057534521947,0.6417445884641542
0.9817016145274631,1.3508020554856424,1.3552272765169835,0.6417445884641542
0.9817016145274631,1.3508020554856424,1.1857344228079232,0.6417445884641542
0.9817016145274631,1.3508020554856424,1.1651717485024549,0.6417445884641542
0.9817016145274631,1.3508020554856424,1.0497810154969915,0.6417445884641542
0.9817016145274631,1.3508020554856424,1.3054506107521668,0.6417445884641542
1.0056575220383577,1.3508020554856424,1.1299497839512707,0.6417445884641542
1.0056575220383577,1.3508020554856424,1.0669894100774735,0.6417445884641542
1.0056575220383577,1.3508020554856424,1.094448434784078,0.6417445884641542
1.0056575220383577,1.3508020554856424,1.1914153066734348,0.6417445884641542
1.0056575220383577,1.38132493727013,1.0190942169524622,0.6417445884641542
1.0056575220383577,1.38132493727013,1.0283442895400654,0.6417445884641542
1.0056575220383577,1.38132493727013,1.101212758262515,0.6417445884641542
1.0056575220383577,1.38132493727013,1.061077073682324,0.6417445884641542
1.0056575220383577,1.38132493727013,1.0565058632173905,0.6417445884641542
1.0056575220383577,1.38132493727013,0.9861065151882547,0.6417445884641542
1.0296841035327757,1.38132493727013,0.953108479702886,0.6417445884641542
1.0296841035327757,1.38132493727013,1.0614007782370196,0.6417445884641542
1.0296841035327757,1.38132493727013,1.0049616680679554,0.6417445884641542
1.0296841035327757,1.38132493727013,0.9833002004079472,0.6417445884641542
1.0296841035327757,1.38132493727013,1.0089286353364642,0.6417445884641542
1.0296841035327757,1.3578125888829211,1.0241445942100693,0.6417445884641542
1.0296841035327757,1.3578125888829211,1.054474124336303,0.6417445884641542
1.0296841035327757,1.3578125888829211,1.0369873674966055,0.6417445884641542
1.0296841035327757,1.3578125888829211,1.0875046149842744,0.6417445884641542
1.0296841035327757,1.3578125888829211,1.0212178554502158,0.6417445884641542
1.0296841035327757,1.3578125888829211,0.9125543484242099,0.6417445884641542
1.0296841035327757,1.3578125888829211,1.12401811886669,0.625680318166002
1.0296841035327757,1.3578125888829211,1.0565053809590221,0.625680318166002
1.0296841035327757,1.3578125888829211,1.0391428446522661,0.625680318166002
1.0296841035327757,1.3578125888829211,1.017309746822961,0.625680318166002
1.0296841035327757,1.3578125888829211,1.064967391287385,0.625680318166002
1.0296841035327757,1.3578125888829211,1.1618605522231544,0.625680318166002
1.0247335182021335,1.3578125888829211,1.0249187908946522,0.625680318166002
1.0247335182021335,1.3578125888829211,1.1232624794490882,0.625680318166002
1.0247335182021335,1.3578125888829211,1.0867574503568895,0.625680318166002
1.0247335182021335,1.3578125888829211,1.1680564409712222,0.625680318166002
1.0247335182021335,1.3578125888829211,0.9996950161795991,0.625680318166002
1.0247335182021335,1.3578125888829211,1.1710344822291132,0.625680318166002
1.0247335182021335,1.3578125888829211,1.0899704447662728,0.625680318166002
1.0247335182021335,1.3578125888829211,1.0271200732046537,0.625680318166002
1.0247335182021335,1.3578125888829211,1.1058888208620203,0.625680318166002
1.0247335182021335,1.3578125888829211,1.081242209243573,0.625680318166002
1.0247335182021335,1.3578125888829211,1.0337378089541265,0.625680318166002
1.0247335182021335,1.3578125888829211,0.9943710191520688,0.625680318166002
1.0247335182021335,1.3578125888829211,1.1161746129582841,0.625680318166002
1.0247335182021335,1.3578125888829211,1.184382258155959,0.625680318166002
1.0247335182021335,1.3578125888829211,1.0482619072380406,0.625680318166002
1.0247335182021335,1.3578125888829211,1.1813025284691603,0.625680318166002
1.0247335182021335,1.3578125888829211,1.1138017928193158,0.7429294061752353
1.0247335182021335,1.3578125888829211,1.1748737695628089,0.7429294061752353
1.0647217987696311,1.3578125888829211,1.1403609112565383,0.7429294061752353
1.0647217987696311,1.3578125888829211,1.0744793884108599,0.7429294061752353
1.0647217987696311,1.3578125888829211,1.0599147672887954,0.7429294061752353
1.0647217987696311,1.3578125888829211,1.140035951891555,0.7429294061752353
1.0647217987696311,1.3578125888829211,1.195653638017229,0.7429294061752353
1.0647217987696311,1.3578125888829211,1.1033155648714248,0.7429294061752353
1.0647217987696311,1.3578125888829211,1.1076912944865007,0.7429294061752353
1.0647217987696311,1.3578125888829211,1.1286112849890084,0.7429294061752353
1.0647217987696311,1.3578125888829211,1.1425683182082427,0.7429294061752353
1.0647217987696311,1.3578125888829211,1.1790849916178014,0.7429294061752353
1.0647217987696311,1.3578125888829211,1.2838941200869258,0.7429294061752353
1.0647217987696311,1.3578125888829211,1.2085402805593954,0.7429294061752353
1.0647217987696311,1.3578125888829211,1.1209272745266867,0.7429294061752353
1.0647217987696311,1.3578125888829211,1.2028564283754377,0.7107131973224973
1.0647217987696311,1.3578125888829211,1.0802121391593595,0.7107131973224973
1.0647217987696311,1.3578125888829211,1.153268703555649,0.7107131973224973
1.0647217987696311,1.3578125888829211,1.0870421355358861,0.7107131973224973
1.0647217987696311,1.3578125888829211,1.1357753344596242,0.7107131973224973
1.1365053815729858,1.3578125888829211,1.0014597567161965,0.7107131973224973
1.1365053815729858,1.3578125888829211,1.0163784413171228,0.7107131973224973
1.1365053815729858,1.3578125888829211,1.1192992776194293,0.7107131973224973
1.1365053815729858,1.3578125888829211,0.9889995937365876,0.7107131973224973
1.1365053815729858,1.3578125888829211,0.943292322863986,0.7107131973224973
1.1365053815729858,1.3578125888829211,0.9975072552190027,0.7107131973224973
1.1365053815729858,1.3578125888829211,1.097167103510922,0.7107131973224973
1.1365053815729858,1.3578125888829211,1.0474841206076853,0.7107131973224973
1.1365053815729858,1.3578125888829211,1.0877535349818597,0.7107131973224973
1.1365053815729858,1.3578125888829211,1.0333861757963159,0.7107131973224973
1.1365053815729858,1.3578125888829211,1.063307846934006,0.7107131973224973
1.1365053815729858,1.3578125888829211,1.0242858575180225,0.7107131973224973
1.1365053815729858,1.3578125888829211,1.0795770623099483,0.7129215555386528
1.1365053815729858,1.3578125888829211,1.010947240236729,0.7129215555386528
1.1365053815729858,1.3578125888829211,1.0452237577670709,0.7129215555386528
1.1365053815729858,1.3578125888829211,0.9742751249967224,0.7129215555386528
1.1365053815729858,1.3578125888829211,1.0355677575368738,0.7129215555386528
1.1365053815729858,1.3578125888829211,1.0563130525880995,0.7129215555386528
1.1365053815729858,1.3578125888829211,1.0306210651647554,0.7129215555386528
1.1365053815729858,1.3514311094287639,1.0578450559730017,0.7129215555386528
1.1365053815729858,1.3514311094287639,1.0095180708475697,0.6755739077630432
1.1365053815729858,1.3514311094287639,1.0477014245950256,0.6755739077630432
1.1365053815729858,1.3514311094287639,1.0900291849403938,0.6755739077630432
1.1365053815729858,1.3514311094287639,1.0527084883052409,0.6755739077630432
1.064083149234465,1.3514311094287639,1.0455108283240213,0.6755739077630432
1.064083149234465,1.3514311094287639,1.1312578428458562,0.6755739077630432
1.064083149234465,1.3514311094287639,0.9947648152351195,0.6755739077630432
1.064083149234465,1.3514311094287639,1.0449157361192432,0.6785501056329948
1.064083149234465,1.3514311094287639,1.0929799492044734,0.6785501056329948
1.064083149234465,1.3514311094287639,1.1648482908603601,0.6785501056329948
1.064083149234465,1.3514311094287639,1.2127202501075172,0.6785501056329948
1.064083149234465,1.3514311094287639,1.0790710161933383,0.6785501056329948
1.064083149234465,1.3514311094287639,1.1112178839106266,0.6785501056329948
1.064083149234465,1.3514311094287639,1.04522672617385,0.6785501056329948
1.064083149234465,1.3514311094287639,1.0285741477260284,0.6785501056329948
1.064083149234465,1.3514311094287639,1.0932281703561977,0.6785501056329948
1.064083149234465,1.3514311094287639,1.0619662804367895,0.6785501056329948
0.969129453849163,1.3514311094287639,1.1965270230660296,0.6785501056329948
0.969129453849163,1.3514311094287639,1.1841590712027703,0.6785501056329948
0.917868627988662,1.3514311094287639,1.3139858851411912,0.6785501056329948
0.917868627988662,1.3514311094287639,1.382615853435449,0.6785501056329948
0.917868627988662,1.3514311094287639,1.2584217165415852,0.6785501056329948
0.917868627988662,1.3514311094287639,1.2751865296405982,0.6785501056329948
0.917868627988662,1.3514311094287639,1.4647213558249985,0.6785501056329948
0.917868627988662,1.3514311094287639,1.238846176768265,0.6785501056329948
0.917868627988662,1.3514311094287639,1.2714070537167548,0.6785501056329948
0.917868627988662,1.3514311094287639,1.2733420255061993,0.6785501056329948
0.917868627988662,1.3514311094287639,1.278205229439297,0.6785501056329948
0.917868627988662,1.3514311094287639,1.3549687723422068,0.6785501056329948
0.917868627988662,1.3514311094287639,1.2768882318251813,0.6785501056329948
0.917868627988662,1.3514311094287639,1.2639354010348345,0.6785501056329948
0.917868627988662,1.3514311094287639,1.2061123533550975,0.6785501056329948
0.917868627988662,1.3514311094287639,1.3174567248786215,0.6785501056329948
0.917868627988662,1.3514311094287639,1.2842328454812675,0.6785501056329948
0.917868627988662,1.3514311094287639,1.3260062389296607,0.6785501056329948
0.917868627988662,1.3640161967547164,1.2255703933781992,0.6785501056329948
0.917868627988662,1.3640161967547164,1.353919957874315,0.6785501056329948
0.917868627988662,1.3640161967547164,1.3161002775167783,0.6785501056329948
0.917868627988662,1.3640161967547164,1.2889643646784665,0.6785501056329948
0.917868627988662,1.3640161967547164,1.240577128723284,0.6785501056329948
0.917868627988662,1.3640161967547164,1.218375109124065,0.6785501056329948
0.917868627988662,1.3640161967547164,1.2907246701030144,0.6785501056329948
0.917868627988662,1.3724494047353877,1.2423589816532588,0.6785501056329948
0.917868627988662,1.3724494047353877,1.2129550967940748,0.6785501056329948
0.917868627988662,1.3724494047353877,1.1950965280367234,0.6785501056329948
0.917868627988662,1.3724494047353877,1.1974276809780648,0.6785501056329948
0.917868627988662,1.3724494047353877,1.2288534585291946,0.6785501056329948
0.917868627988662,1.3724494047353877,1.1928190066368363,0.6785501056329948
0.917868627988662,1.3724494047353877,1.1564863699545733,0.6785501056329948
0.917868627988662,1.3724494047353877,1.1910560859786243,0.6785501056329948
0.917868627988662,1.3724494047353877,1.2523438384313093,0.6785501056329948
0.917868627988662,1.3724494047353877,1.3431624268485074,0.6785501056329948
0.917868627988662,1.3724494047353877,1.2716250971821954,0.6785501056329948
0.917868627988662,1.3724494047353877,1.3186072220264535,0.6785501056329948
0.917868627988662,1.3724494047353877,1.1693835252029088,0.6785501056329948
0.917868627988662,1.3724494047353877,1.08713012927662,0.6785501056329948
0.917868627988662,1.3724494047353877,1.171220907380956,0.6785501056329948
0.917868627988662,1.3724494047353877,1.1707939855277085,0.6785501056329948
0.917868627988662,1.3724494047353877,1.324546225305702,0.6785501056329948
0.917868627988662,1.3724494047353877,1.3747343242645382,0.6785501056329948
0.917868627988662,1.3724494047353877,1.242212544457634,0.6785501056329948
0.917868627988662,1.3724494047353877,1.187307424913699,0.6785501056329948
0.917868627988662,1.3724494047353877,1.1763112723184588,0.6785501056329948
0.917868627988662,1.3724494047353877,1.195557294587209,0.6785501056329948
0.917868627988662,1.3724494047353877,1.2293248744869396,0.6785501056329948
0.917868627988662,1.3724494047353877,1.1813351739912357,0.6785501056329948
1.0765093480484693,1.3724494047353877,1.1418789070381479,0.7606479693176896
1.0765093480484693,1.3724494047353877,1.0840053106962193,0.6957180593905381
1.0765093480484693,1.3798123611030826,1.0685738882330351,0.6957180593905381
1.0765093480484693,1.4145159094764284,1.046835192732088,0.6957180593905381
1.0424255458619718,1.4145159094764284,0.9965994051139712,0.6957180593905381
1.1357489453822975,1.4145159094764284,0.9358243957401602,0.6957180593905381
1.1357489453822975,1.4145159094764284,0.9612732837258701,0.6957180593905381
1.1357489453822975,1.4145159094764284,0.9124094921215832,0.7014085768483367
1.1357489453822975,1.4145159094764284,0.8759393175844158,0.7014085768483367
1.1357489453822975,1.4145159094764284,0.8789606205819964,0.7014085768483367
1.1357489453822975,1.4145159094764284,0.9173122068694066,0.7014085768483367
1.1357489453822975,1.4145159094764284,0.9488588545234987,0.7014085768483367
1.1357489453822975,1.4145159094764284,0.9022210488644876,0.7014085768483367
1.1357489453822975,1.4145159094764284,0.8664681051254153,0.7014085768483367
1.1357489453822975,1.4145159094764284,0.9500680721605553,0.7155161602295582
1.1357489453822975,1.4145159094764284,0.8431161422229887,0.7155161602295582
1.1357489453822975,1.4145159094764284,0.9393367681971528,0.7155161602295582
1.1357489453822975,1.4145159094764284,0.9102790848755157,0.7155161602295582
1.1357489453822975,1.4145159094764284,0.8766302092558746,0.7155161602295582
1.1357489453822975,1.4145159094764284,1.00544570519187,0.787389913705651
1.1357489453822975,1.4145159094764284,1.0067313202600299,0.787389913705651
1.1357489453822975,1.4145159094764284,1.0063514570438732,0.787389913705651
1.1357489453822975,1.4145159094764284,0.8811710236082824,0.662231833801692
1.1357489453822975,1.4145159094764284,0.8947793248450758,0.662231833801692
1.1357489453822975,1.4145159094764284,0.9303086359144643,0.7091543646164816
1.1357489453822975,1.4145159094764284,0.8742898849656147,0.7091543646164816
1.1357489453822975,1.4145159094764284,0.9046263090899542,0.7091543646164816
1.1357489453822975,1.4145159094764284,0.9217326070272274,0.7091543646164816
1.1357489453822975,1.4145159094764284,0.9349118566416382,0.7091543646164816
1.1357489453822975,1.4145159094764284,0.9346287969803088,0.7091543646164816
1.1357489453822975,1.4145159094764284,0.9378412384976461,0.7091543646164816
1.1357489453822975,1.4145159094764284,0.8832443081742629,0.7091543646164816
1.1357489453822975,1.4145159094764284,0.920727153322276,0.7091543646164816
1.1357489453822975,1.4145159094764284,1.043110084754184,0.7091543646164816
1.1357489453822975,1.4145159094764284,0.8666320863046121,0.7091543646164816
1.1357489453822975,1.4145159094764284,0.9048096433875608,0.7091543646164816
1.1357489453822975,1.4145159094764284,0.8475891915918854,0.7091543646164816
1.1357489453822975,1.4145159094764284,0.9041511071596847,0.7091543646164816
1.1357489453822975,1.4145159094764284,0.8858307207240315,0.7091543646164816
1.1367443999773186,1.4145159094764284,0.9177636901264247,0.7091543646164816
1.1367443999773186,1.4145159094764284,0.9633903459266004,0.7091543646164816
1.1367443999773186,1.4145159094764284,0.9359861218848435,0.7091543646164816
1.105513826875972,1.4145159094764284,0.9161677311989838,0.7091543646164816
1.105513826875972,1.4145159094764284,0.9349947585164012,0.7091543646164816
1.105513826875972,1.4145159094764284,0.9589415959071239,0.7091543646164816
1.105513826875972,1.4145159094764284,1.0512835138652317,0.7091543646164816
1.105513826875972,1.4145159094764284,0.895243438484563,0.7091543646164816
1.0805439832146528,1.4145159094764284,0.8801938923346888,0.7091543646164816
1.0805439832146528,1.4145159094764284,1.0586771121627587,0.7091543646164816
1.1027193147533227,1.4145159094764284,1.0140041255121575,0.7091543646164816
1.1027193147533227,1.4145159094764284,0.9890415465970465,0.7091543646164816
1.1027193147533227,1.4145159094764284,0.8645396049047057,0.7091543646164816
1.1027193147533227,1.4145159094764284,0.9262977637738956,0.7091543646164816
1.1027193147533227,1.4267030295197851,0.9156821935783366,0.7091543646164816
1.1027193147533227,1.4267030295197851,0.8921080316774049,0.7091543646164816
1.1027193147533227,1.4267030295197851,0.8457510808534642,0.7091543646164816
1.1027193147533227,1.4267030295197851,1.027377652608153,0.7091543646164816
1.1027193147533227,1.4267030295197851,0.8794930619088093,0.7091543646164816
1.1027193147533227,1.4267030295197851,0.9395249765430335,0.7091543646164816
1.1027193147533227,1.4267030295197851,0.952216173993414,0.7091543646164816
1.1027193147533227,1.440778479513138,0.9049293664872727,0.7091543646164816
1.1027193147533227,1.440778479513138,0.8346958937412369,0.7091543646164816
1.1027193147533227,1.440778479513138,0.8648640841357039,0.7091543646164816
1.118215116567576,1.440778479513138,0.9008116252629034,0.7218266905399882
1.118215116567576,1.440778479513138,0.8786782280890695,0.7218266905399882
1.118215116567576,1.440778479513138,0.8736020624874088,0.7218266905399882
1.118215116567576,1.440778479513138,0.9175354765461624,0.7218266905399882
1.118215116567576,1.440778479513138,0.913088123775971,0.7218266905399882
1.118215116567576,1.440778479513138,0.8820556311087857,0.7218266905399882
1.0351287293692712,1.440778479513138,0.9214443116609269,0.7218266905399882
1.0351287293692712,1.440778479513138,1.0580519500441952,0.8071716449563632
1.0351287293692712,1.440778479513138,1.0877825899708042,0.8071716449563632
1.0351287293692712,1.440778479513138,1.0482032776135644,0.8071716449563632
1.0351287293692712,1.440778479513138,0.9987482894244141,0.8071716449563632
1.0351287293692712,1.440778479513138,1.042175610582272,0.8071716449563632
1.0351287293692712,1.440778479513138,1.0673559574495473,0.8071716449563632
1.0351287293692712,1.440778479513138,0.9749358828075098,0.8071716449563632
1.0351287293692712,1.440778479513138,1.0522737848484105,0.765593823873243
1.0351287293692712,1.440778479513138,1.0707875207916904,0.765593823873243
1.0351287293692712,1.440778479513138,0.9697815181791609,0.765593823873243
1.0351287293692712,1.440778479513138,0.9683882021814142,0.765593823873243
1.0351287293692712,1.440778479513138,0.9844162578147365,0.765593823873243
1.0351287293692712,1.440778479513138,0.9466352805781811,0.765593823873243
1.0351287293692712,1.440778479513138,1.1085539354510572,0.765593823873243
1.0351287293692712,1.440778479513138,1.040992054700694,0.765593823873243
1.0351287293692712,1.440778479513138,0.9130726687622515,0.7725686333107105
1.0351287293692712,1.440778479513138,1.0552757731291558,0.7725686333107105
1.0351287293692712,1.440778479513138,0.9700538816232559,0.7725686333107105
1.0351287293692712,1.440778479513138,0.9518614678208593,0.7725686333107105
1.0351287293692712,1.440778479513138,1.0048914994696487,0.7725686333107105
1.0351287293692712,1.440778479513138,1.0358375531106063,0.7725686333107105
1.0351287293692712,1.440778479513138,0.978911961400062,0.7834477701271015
1.0351287293692712,1.440778479513138,0.9655993149376478,0.7834477701271015
1.0351287293692712,1.440778479513138,1.0574361639351486,0.7834477701271015
1.0351287293692712,1.440778479513138,1.0282290464922594,0.7834477701271015
1.0351287293692712,1.440778479513138,0.9607603299527101,0.7834477701271015
1.0351287293692712,1.440778479513138,1.0099257045824952,0.7834477701271015
1.0351287293692712,1.440778479513138,0.9986816982704557,0.7834477701271015
1.0351287293692712,1.440778479513138,1.0410324165452782,0.7834477701271015
1.0351287293692712,1.440778479513138,1.0320605701382524,0.7834477701271015
1.0351287293692712,1.440778479513138,1.0590115649178826,0.7834477701271015
1.0351287293692712,1.440778479513138,1.0534237645633466,0.7834477701271015
1.0351287293692712,1.440778479513138,1.0588795713979375,0.7834477701271015
1.0351287293692712,1.440778479513138,1.0458454119639835,0.725819607150753
1.0351287293692712,1.440778479513138,1.0075265872938541,0.725819607150753
1.0351287293692712,1.440778479513138,0.98557759095137,0.725819607150753
1.0351287293692712,1.440778479513138,0.9070281719666596,0.725819607150753
1.0351287293692712,1.440778479513138,0.9188038025892639,0.725819607150753
1.0351287293692712,1.440778479513138,0.9165127001105333,0.725819607150753
1.0351287293692712,1.440778479513138,1.0767549733697126,0.725819607150753
1.0351287293692712,1.440778479513138,0.9158665773084922,0.725819607150753
1.0351287293692712,1.440778479513138,0.9961021420565219,0.725819607150753
1.0351287293692712,1.440778479513138,0.972039282639935,0.725819607150753
1.0351287293692712,1.440778479513138,1.0132162271725897,0.725819607150753
1.0351287293692712,1.440778479513138,0.927443380304195,0.725819607150753
1.0351287293692712,1.440778479513138,0.9640513712265045,0.725819607150753
1.0351287293692712,1.440778479513138,0.8987412765035206,0.725819607150753
1.0351287293692712,1.440778479513138,0.9556557307757358,0.725819607150753
1.0351287293692712,1.440778479513138,0.9585982352231323,0.725819607150753
1.0351287293692712,1.440778479513138,0.9058053403404179,0.725819607150753
1.0351287293692712,1.440778479513138,0.917093674144249,0.725819607150753
1.0351287293692712,1.440778479513138,1.0059217475774684,0.7696659475828375
1.0351287293692712,1.440778479513138,0.9383442982458454,0.7696659475828375
1.0736103759968865,1.440778479513138,1.0103873059200175,0.7696659475828375
1.0736103759968865,1.440778479513138,0.9107104868045953,0.7696659475828375
1.0736103759968865,1.440778479513138,0.8769594995821356,0.7696659475828375
1.0736103759968865,1.440778479513138,0.962538331285933,0.7696659475828375
1.0736103759968865,1.440778479513138,1.0314303702140315,0.6965533328824072
1.0736103759968865,1.440778479513138,0.9442243059298644,0.6965533328824072
1.0736103759968865,1.440778479513138,0.8809852284928664,0.6965533328824072
1.009905455145955,1.440778479513138,0.9097079965064689,0.6965533328824072
1.009905455145955,1.440778479513138,0.8992691541806911,0.6965533328824072
0.9271745469187591,1.440778479513138,0.9884532225612441,0.7043603021492383
0.9271745469187591,1.440778479513138,1.1386838800243204,0.7043603021492383
0.9271745469187591,1.440778479513138,1.0716621570836917,0.7043603021492383
0.9271745469187591,1.440778479513138,1.0523483120846766,0.7043603021492383
0.9271745469187591,1.440778479513138,1.0391250984895422,0.7202895491892926
0.9271745469187591,1.440778479513138,1.1314917030304872,0.7202895491892926
0.9271745469187591,1.440778479513138,1.1120310230736543,0.7202895491892926
0.9271745469187591,1.440778479513138,1.1469879354375023,0.7202895491892926
0.9271745469187591,1.440778479513138,1.1165833576092135,0.7018271066885134
0.9271745469187591,1.440778479513138,1.1761939169457203,0.7018271066885134
0.9271745469187591,1.440778479513138,0.9831167873028168,0.7018271066885134
1.0008172627353096,1.440778479513138,1.0504289450941253,0.7018271066885134
1.0008172627353096,1.440778479513138,0.9435123354430228,0.7018271066885134
1.0008172627353096,1.440778479513138,0.9523506195227055,0.7018271066885134
1.0008172627353096,1.440778479513138,1.0306909442019017,0.7018271066885134
1.0008172627353096,1.440778479513138,0.9160409905549409,0.7018271066885134
1.0008172627353096,1.440778479513138,1.0093628799374306,0.7018271066885134
1.0008172627353096,1.440778479513138,1.0196552460617418,0.7018271066885134
1.0008172627353096,1.440778479513138,0.9493275073006839,0.7018271066885134
1.0008172627353096,1.440778479513138,1.016891203875873,0.6716800193501432
1.0008172627353096,1.440778479513138,0.9299063188776484,0.6716800193501432
1.0008172627353096,1.440778479513138,0.9157101238689771,0.6716800193501432
1.0008172627353096,1.440778479513138,0.8659711699406425,0.6716800193501432
1.0008172627353096,1.438951798630868,0.9699380585185385,0.6716800193501432
1.0008172627353096,1.438951798630868,0.9843041671525469,0.6716800193501432
1.0008172627353096,1.438951798630868,0.9867025411993074,0.6716800193501432
1.0008172627353096,1.438951798630868,1.0148922992765894,0.6716800193501432
1.0008172627353096,1.438951798630868,0.9382612992793034,0.6716800193501432
1.0008172627353096,1.4783140821676615,0.8224795523324739,0.6716800193501432
1.0008172627353096,1.4783140821676615,0.9423952395571863,0.6716800193501432
1.0008172627353096,1.4783140821676615,0.9071626368977779,0.6716800193501432
1.0008172627353096,1.4783140821676615,0.7847790852052849,0.6716800193501432
1.0008172627353096,1.4703520195938184,0.8486494588891067,0.6716800193501432
1.0008172627353096,1.4703520195938184,0.954881059255821,0.6716800193501432
1.0008172627353096,1.4703520195938184,0.8725985048634949,0.6716800193501432
1.0008172627353096,1.4703520195938184,0.9595352499851921,0.6716800193501432
1.0008172627353096,1.4703520195938184,0.8479861672217769,0.6716800193501432
1.0008172627353096,1.4703520195938184,0.8544629797581712,0.6716800193501432
1.0008172627353096,1.4703520195938184,0.9028825833174297,0.6716800193501432
1.0008172627353096,1.4703520195938184,0.9315590851714532,0.6716800193501432
1.0008172627353096,1.4703520195938184,0.9012920533207011,0.6716800193501432
1.0008172627353096,1.4703520195938184,0.8905685557218356,0.6716800193501432
1.0008172627353096,1.482468691884456,0.8211321263567323,0.6716800193501432
1.0008172627353096,1.482468691884456,0.8403687549846165,0.6716800193501432
1.0008172627353096,1.482468691884456,0.8721167019190812,0.6716800193501432
1.0008172627353096,1.482468691884456,0.8520629055982973,0.6716800193501432
1.156429617985498,1.3929088115154598,0.9154427097781268,0.6716800193501432
1.156429617985498,1.3929088115154598,0.8598073451182595,0.6716800193501432
1.156429617985498,1.3929088115154598,0.9445096756447228,0.7633682468909145
1.156429617985498,1.3929088115154598,1.0383822888337986,0.7633682468909145
1.156429617985498,1.3929088115154598,1.0241905742680353,0.7633682468909145
1.156429617985498,1.3929088115154598,1.0214031215751047,0.7633682468909145
1.156429617985498,1.3929088115154598,1.0193380477381642,0.7633682468909145
1.156429617985498,1.3929088115154598,0.9542827349195351,0.7633682468909145
1.156429617985498,1.3929088115154598,0.976092909683764,0.7633682468909145
1.156429617985498,1.3929088115154598,0.9937413223394865,0.7633682468909145
1.156429617985498,1.3929088115154598,0.9816562154136736,0.7633682468909145
1.156429617985498,1.3929088115154598,1.0645214046642297,0.7633682468909145
1.156429617985498,1.3929088115154598,1.0748322292259929,0.7633682468909145
1.156429617985498,1.3929088115154598,1.0128966528646366,0.7633682468909145
1.156429617985498,1.3864048460790601,1.0172313994194309,0.7633682468909145
1.156429617985498,1.3864048460790601,1.0914119876687165,0.7633682468909145
1.156429617985498,1.3864048460790601,1.0373491378443054,0.6864369945706978
1.156429617985498,1.3864048460790601,0.9348423777776879,0.6864369945706978
1.156429617985498,1.3864048460790601,0.974399535589402,0.6864369945706978
1.156429617985498,1.3864048460790601,0.9258755888497665,0.6864369945706978
1.156429617985498,1.3864048460790601,0.9228454447427684,0.6864369945706978
1.156429617985498,1.3864048460790601,0.8493511553944728,0.6864369945706978
1.156429617985498,1.3864048460790601,0.9746748921985644,0.6864369945706978
1.156429617985498,1.3864048460790601,0.8659056326896749,0.6864369945706978
1.156429617985498,1.3864048460790601,0.9155963128647845,0.6864369945706978
1.156429617985498,1.3864048460790601,0.8763980046824784,0.6864369945706978
1.156429617985498,1.3864048460790601,0.9135372617572224,0.6634193834830812
1.156429617985498,1.3864048460790601,0.8815706049100456,0.6634193834830812
1.156429617985498,1.3864048460790601,0.9849930638226309,0.6634193834830812
1.156429617985498,1.3864048460790601,0.9331409610605597,0.6634193834830812
1.156429617985498,1.3864048460790601,0.8642255826648417,0.6634193834830812
1.156429617985498,1.3864048460790601,0.9210487586586323,0.6634193834830812
1.156429617985498,1.3864048460790601,0.8708238175074917,0.6634193834830812
1.156429617985498,1.3864048460790601,1.0205095960875594,0.6634193834830812
1.156429617985498,1.3864048460790601,0.8504032454012637,0.6634193834830812
1.156429617985498,1.3864048460790601,1.0394606891477824,0.6634193834830812
1.156429617985498,1.3864048460790601,0.8441297454837726,0.6634193834830812
1.156429617985498,1.3864048460790601,0.9574703847098206,0.6634193834830812
1.104660822434119,1.3864048460790601,1.0047584688437807,0.6634193834830812
1.104660822434119,1.3864048460790601,0.9498867239872409,0.6634193834830812
1.104660822434119,1.3864048460790601,0.9567174359479182,0.6975551384355342
1.104660822434119,1.3864048460790601,1.06432004323047,0.6975551384355342
1.009020465068343,1.3864048460790601,1.0538895681489173,0.6975551384355342
1.009020465068343,1.3864048460790601,1.0587923847789757,0.6975551384355342
1.0763845623751371,1.3864048460790601,1.0548650517242824,0.6975551384355342
1.0763845623751371,1.3864048460790601,1.0728965937929602,0.6975551384355342
1.0763845623751371,1.3864048460790601,0.9666191002298464,0.6975551384355342
1.0763845623751371,1.3864048460790601,0.9490278340190657,0.6975551384355342
1.0763845623751371,1.3864048460790601,1.083486346756165,0.6975551384355342
1.0763845623751371,1.3864048460790601,1.117017435119963,0.6975551384355342
1.0763845623751371,1.3864048460790601,1.0473732020490283,0.6975551384355342
1.0763845623751371,1.3864048460790601,0.9746775042801724,0.6975551384355342
1.0763845623751371,1.3864048460790601,0.9873088222489819,0.6975551384355342
1.0763845623751371,1.3864048460790601,1.1138011961831678,0.6975551384355342
1.0763845623751371,1.3864048460790601,1.0178149753672097,0.6975551384355342
0.9855336883276733,1.3864048460790601,1.1087678438249944,0.6975551384355342
0.9855336883276733,1.3864048460790601,1.1522609562658896,0.6975551384355342
0.9855336883276733,1.3864048460790601,1.0284220819229883,0.6975551384355342
0.9855336883276733,1.3864048460790601,1.102270707182908,0.6975551384355342
0.9855336883276733,1.3864048460790601,1.0665873735588633,0.6975551384355342
0.9855336883276733,1.3864048460790601,1.0708428234591454,0.6975551384355342
0.9855336883276733,1.3864048460790601,1.0860001915648243,0.6975551384355342
0.9855336883276733,1.3864048460790601,1.195531544433099,0.6975551384355342
0.9855336883276733,1.3864048460790601,1.1503215901806274,0.6975551384355342
0.9855336883276733,1.3420087030501975,1.2008136315172968,0.6975551384355342
0.9855336883276733,1.3420087030501975,1.3486700833904215,0.6975551384355342
0.9418696546211909,1.3420087030501975,1.225362601783177,0.6975551384355342
0.8709415912672612,1.3630834656672717,1.3110094125248228,0.6975551384355342
0.8709415912672612,1.3630834656672717,1.2911131418924617,0.6975551384355342
0.8709415912672612,1.3630834656672717,1.3230623771329355,0.6975551384355342
0.8709415912672612,1.3630834656672717,1.396710900979859,0.6975551384355342
0.8709415912672612,1.3666811073716825,1.3226960311485796,0.6975551384355342
0.8709415912672612,1.3666811073716825,1.2753241322934072,0.6975551384355342
0.8709415912672612,1.3666811073716825,1.34709534776184,0.6975551384355342
0.8709415912672612,1.3666811073716825,1.3897535772981389,0.6975551384355342
0.8709415912672612,1.3800398359734545,1.1743608289121148,0.6975551384355342
0.8709415912672612,1.3800398359734545,1.2409169555445236,0.6975551384355342
0.8709415912672612,1.3800398359734545,1.3029724725381233,0.6975551384355342
0.8709415912672612,1.3800398359734545,1.2942330996121287,0.6975551384355342
0.8709415912672612,1.3800398359734545,1.4236332016119226,0.6975551384355342
0.990577738531292,1.3800398359734545,1.2038802003957592,0.6975551384355342
0.990577738531292,1.3800398359734545,1.1671999173219276,0.6975551384355342
1.0143604266533868,1.3800398359734545,1.0697890529655707,0.6975551384355342
1.0143604266533868,1.3800398359734545,1.0801178150080373,0.6975551384355342
1.0143604266533868,1.3800398359734545,1.11326656962225,0.6975551384355342
1.0143604266533868,1.3800398359734545,1.1440157244167155,0.6975551384355342
1.0143604266533868,1.3800398359734545,1.1297378359008652,0.6975551384355342
1.0143604266533868,1.3800398359734545,1.0172252780776585,0.6975551384355342
1.0143604266533868,1.3800398359734545,1.117266754729874,0.6975551384355342
1.0143604266533868,1.3800398359734545,1.0706893798680184,0.6286744140867022
1.0143604266533868,1.3800398359734545,1.0920354605040037,0.6286744140867022
1.0143604266533868,1.3800398359734545,1.0706939297900162,0.6286744140867022
1.0143604266533868,1.3800398359734545,1.0639969905689282,0.6286744140867022
1.0143604266533868,1.3800398359734545,1.0400199929303833,0.6286744140867022
1.0143604266533868,1.3800398359734545,1.0288276154645908,0.6286744140867022
1.0143604266533868,1.3800398359734545,1.0600200701074551,0.6286744140867022
1.0143604266533868,1.3800398359734545,1.0671048434825865,0.6286744140867022
1.0143604266533868,1.3800398359734545,0.9909483308718804,0.6286744140867022
1.0143604266533868,1.3800398359734545,1.1025366710298383,0.6286744140867022
1.0143604266533868,1.3800398359734545,0.9977388734248718,0.6286744140867022
0.8954567898764083,1.3800398359734545,1.1194532281063525,0.6286744140867022
0.8954567898764083,1.3800398359734545,1.1501152685635463,0.6286744140867022
0.8954567898764083,1.3800398359734545,1.1201941299160783,0.6286744140867022
0.8954567898764083,1.3800398359734545,1.2083049393221375,0.6443317723100692
0.8954567898764083,1.3800398359734545,1.313131955996663,0.6443317723100692
0.8954567898764083,1.3800398359734545,1.2794281962520713,0.6443317723100692
0.8954567898764083,1.3800398359734545,1.3004223644903747,0.6443317723100692
0.8954567898764083,1.3800398359734545,1.2968148385685438,0.6511948963042848
0.8954567898764083,1.3800398359734545,1.217784572496798,0.6511948963042848
0.8954567898764083,1.3800398359734545,1.1740423415604366,0.6511948963042848
0.8954567898764083,1.3800398359734545,1.1760827455233824,0.6511948963042848
0.8954567898764083,1.3800398359734545,1.1278529547443132,0.6511948963042848
0.8954567898764083,1.3800398359734545,1.3845573614274898,0.6511948963042848
0.8954567898764083,1.3800398359734545,1.2172019825555014,0.6511948963042848
0.8954567898764083,1.3800398359734545,1.2303152051647943,0.6511948963042848
0.8954567898764083,1.3800398359734545,1.2780848256237893,0.6511948963042848
0.8954567898764083,1.3800398359734545,1.1484196559178117,0.6511948963042848
0.8954567898764083,1.3800398359734545,1.1905506134923787,0.6511948963042848
0.8954567898764083,1.3800398359734545,1.1960194664642239,0.6511948963042848
0.8954567898764083,1.3800398359734545,1.2383040612303413,0.6511948963042848
0.8954567898764083,1.3800398359734545,1.3906469153427943,0.6511948963042848
0.8954567898764083,1.3800398359734545,1.2229075603839437,0.6511948963042848
0.8954567898764083,1.3800398359734545,1.372076489260836,0.6511948963042848
0.8954567898764083,1.3800398359734545,1.1315451035912696,0.6511948963042848
0.9541335349325708,1.3800398359734545,1.1743141724375743,0.6511948963042848
0.9541335349325708,1.3800398359734545,1.0691714727786872,0.6511948963042848
0.9541335349325708,1.3800398359734545,1.1479012042180932,0.6441222574543526
0.9541335349325708,1.3800398359734545,1.095708948092726,0.6441222574543526
0.9541335349325708,1.3800398359734545,1.0695472654671778,0.6441222574543526
0.9541335349325708,1.3800398359734545,1.0716946400157477,0.6441222574543526
0.9541335349325708,1.3800398359734545,1.019843028423631,0.6441222574543526
0.9541335349325708,1.3800398359734545,1.0545007098373593,0.6441222574543526
0.9541335349325708,1.3462964543679727,1.1474017167499282,0.6441222574543526
0.9541335349325708,1.3462964543679727,1.1275955806146338,0.6441222574543526
0.9541335349325708,1.3462964543679727,1.2420988356964018,0.6441222574543526
0.9541335349325708,1.3462964543679727,1.1421103789664682,0.6441222574543526
0.9541335349325708,1.3462964543679727,1.165857070986141,0.6441222574543526
0.9541335349325708,1.3462964543679727,1.2479490072312833,0.6441222574543526
0.9541335349325708,1.3462964543679727,1.2243898119733896,0.6441222574543526
0.9541335349325708,1.3462964543679727,1.052478345250098,0.6441222574543526
0.9541335349325708,1.3462964543679727,1.132010154480779,0.6441222574543526
0.9541335349325708,1.3462964543679727,1.1937626303207585,0.6441222574543526
0.9541335349325708,1.3462964543679727,1.1541812493723245,0.6441222574543526
0.9541335349325708,1.3462964543679727,1.2417679248599682,0.6441222574543526
0.9541335349325708,1.4108300018569278,1.1591612151099577,0.6441222574543526
0.9541335349325708,1.4108300018569278,0.9752917016561817,0.6441222574543526
1.0769669939001454,1.4108300018569278,1.009955662197829,0.6441222574543526
1.0769669939001454,1.4108300018569278,0.9490895524731656,0.6441222574543526
1.0769669939001454,1.4108300018569278,0.8921185256494188,0.6441222574543526
1.0769669939001454,1.3272770619593561,1.0681597706891697,0.6441222574543526
1.0769669939001454,1.3272770619593561,1.0586904157471433,0.6441222574543526
1.0769669939001454,1.3272770619593561,1.0070499447686914,0.6441222574543526
1.0769669939001454,1.3272770619593561,1.1907571119438967,0.6441222574543526
1.0769669939001454,1.3272770619593561,1.0013033746839881,0.6441222574543526
1.0769669939001454,1.3272770619593561,1.2008040404492173,0.6441222574543526
0.9419202470764991,1.3272770619593561,1.1677426196756246,0.6441222574543526
0.9419202470764991,1.3272770619593561,1.2075799599745036,0.6441222574543526
0.9419202470764991,1.3272770619593561,1.2630127888123406,0.6441222574543526
0.9419202470764991,1.3272770619593561,1.1555768571256988,0.6441222574543526
0.9419202470764991,1.3272770619593561,1.3772019597868872,0.6441222574543526
0.9419202470764991,1.3272770619593561,1.2703842090958832,0.6441222574543526
0.9419202470764991,1.3272770619593561,1.2621191574189077,0.6441222574543526
0.9419202470764991,1.3272770619593561,1.2094774879744803,0.6441222574543526
1.043819587141217,1.3272770619593561,1.221514961226138,0.6441222574543526
1.043819587141217,1.3272770619593561,1.0615535064159844,0.6441222574543526
1.043819587141217,1.3272770619593561,1.0974798802626857,0.6441222574543526
1.043819587141217,1.3272770619593561,1.0355039237035584,0.6441222574543526
1.043819587141217,1.3272770619593561,1.0996896557661497,0.6441222574543526
1.043819587141217,1.3272770619593561,1.2633990597269207,0.6441222574543526
1.043819587141217,1.3272770619593561,1.3167821376487556,0.6441222574543526
1.043819587141217,1.3272770619593561,1.1354731291099545,0.6441222574543526
0.9698392150333022,1.3272770619593561,1.220866263121438,0.6441222574543526
0.9698392150333022,1.3272770619593561,1.1522266644786068,0.6441222574543526
0.9698392150333022,1.3272770619593561,1.231143173895378,0.6441222574543526
0.9698392150333022,1.3272770619593561,1.0863381094614653,0.6441222574543526
0.9824121349255603,1.3272770619593561,1.1311500708089677,0.6441222574543526
0.9824121349255603,1.3272770619593561,1.1756648445229971,0.6441222574543526
0.9824121349255603,1.3272770619593561,1.318423474910342,0.6441222574543526
0.9824121349255603,1.3483383849253465,1.2128464784257866,0.6441222574543526
0.9824121349255603,1.3483383849253465,1.101767928978627,0.6441222574543526
0.9824121349255603,1.3483383849253465,1.0640579313653893,0.6441222574543526
0.9824121349255603,1.3483383849253465,1.1936663924882607,0.6441222574543526
0.9824121349255603,1.3576204517338921,1.1238233550491115,0.6780064956487536
0.9824121349255603,1.3576204517338921,1.2524436613527326,0.6780064956487536
0.9824121349255603,1.3576204517338921,1.1942500167586256,0.6917457016507689
0.9824121349255603,1.3576204517338921,1.208667322944176,0.7095620388682253
0.975431685563441,1.3576204517338921,1.314759041626229,0.7095620388682253
0.975431685563441,1.3576204517338921,1.4031000337134212,0.7095620388682253
0.975431685563441,1.3576204517338921,1.1320324395584993,0.7095620388682253
0.975431685563441,1.3576204517338921,1.0324684735886058,0.6557477934738573
0.975431685563441,1.3576204517338921,1.1154963064857546,0.6557477934738573
0.975431685563441,1.3576204517338921,1.1603198676284874,0.6557477934738573
0.975431685563441,1.3576204517338921,1.1592228369701278,0.6557477934738573
0.975431685563441,1.3576204517338921,1.2810655059232556,0.6557477934738573
0.975431685563441,1.3576204517338921,1.1718681739736188,0.6557477934738573
0.975431685563441,1.3576204517338921,1.2930069819193486,0.6557477934738573
0.975431685563441,1.3576204517338921,1.1554760976311704,0.6557477934738573
0.975431685563441,1.3576204517338921,1.137315315026838,0.6557477934738573
0.975431685563441,1.3576204517338921,1.227374804718052,0.6557477934738573
0.975431685563441,1.3911361178125778,1.0596404651967097,0.6557477934738573
0.975431685563441,1.3911361178125778,1.1570123871789053,0.6557477934738573
0.975431685563441,1.3911361178125778,1.0792811359559484,0.6557477934738573
1.011366895011586,1.3911361178125778,1.0367924732703317,0.6557477934738573
1.011366895011586,1.3911361178125778,0.9761274447741426,0.6557477934738573
1.011366895011586,1.3911361178125778,1.1015010605097837,0.6557477934738573
1.011366895011586,1.3911361178125778,1.044179003254511,0.6698105918087031
1.011366895011586,1.3911361178125778,0.9744469060875194,0.6698105918087031
1.011366895011586,1.3911361178125778,1.0633770079862868,0.6698105918087031
1.011366895011586,1.3911361178125778,1.1155495837717726,0.6698105918087031
1.011366895011586,1.3911361178125778,1.0365283100687623,0.6698105918087031
1.011366895011586,1.3911361178125778,1.0156482120867056,0.6698105918087031
1.011366895011586,1.3911361178125778,1.0038613580538913,0.6698105918087031
1.011366895011586,1.3911361178125778,1.0590794103788408,0.6698105918087031
1.011366895011586,1.3911361178125778,0.9982847670306928,0.6698105918087031
1.011366895011586,1.3911361178125778,1.1017754856739714,0.6698105918087031
1.011366895011586,1.3911361178125778,1.0423846414095017,0.6545769750072716
0.9491446729299533,1.3911361178125778,1.1902674237423143,0.6545769750072716
0.9491446729299533,1.3911361178125778,1.116933927106152,0.6545769750072716
0.9037595697660216,1.3911361178125778,1.1165136324891902,0.6545769750072716
0.9037595697660216,1.418764809734817,1.0735975274733847,0.6612189690553413
0.9037595697660216,1.418764809734817,1.0401880025984656,0.6612189690553413
0.9037595697660216,1.418764809734817,1.0820961866587928,0.64485527135892
0.9037595697660216,1.418764809734817,1.205541051149638,0.64485527135892
0.9037595697660216,1.418764809734817,1.0355858737239307,0.64485527135892
0.9037595697660216,1.418764809734817,1.1279124191342695,0.64485527135892
0.9037595697660216,1.418764809734817,1.0685559171705812,0.64485527135892
0.9037595697660216,1.418764809734817,1.0837667079458677,0.64485527135892
0.9037595697660216,1.418764809734817,1.089678115134611,0.64485527135892
0.9037595697660216,1.418764809734817,1.0971537654250492,0.64485527135892
0.9037595697660216,1.418764809734817,1.0775693425434312,0.64485527135892
0.9037595697660216,1.418764809734817,1.1102279842041585,0.64485527135892
0.9037595697660216,1.418764809734817,1.0110629817571086,0.64485527135892
0.9037595697660216,1.418764809734817,1.2073363297533626,0.64485527135892
0.9037595697660216,1.418764809734817,1.013737676768172,0.64485527135892
0.9037595697660216,1.418764809734817,1.0390274813121527,0.64485527135892
0.9037595697660216,1.418764809734817,0.9973135773277122,0.6651573648013088
0.9037595697660216,1.418764809734817,1.0990249992364758,0.6651573648013088
0.9037595697660216,1.418764809734817,1.0342101741103695,0.6651573648013088
0.9037595697660216,1.418764809734817,1.0826930945694349,0.6651573648013088
0.9037595697660216,1.418764809734817,1.0833883512595857,0.6651573648013088
0.9037595697660216,1.418764809734817,1.1246920236658215,0.6651573648013088
0.9037595697660216,1.418764809734817,1.1624414361778317,0.6651573648013088
0.9037595697660216,1.418764809734817,1.025739352354291,0.6651573648013088
0.9037595697660216,1.418764809734817,1.0700624560668648,0.6530091294110004
0.9037595697660216,1.418764809734817,1.1284439628118041,0.682432741175713
0.9037595697660216,1.418764809734817,1.190832730382552,0.682432741175713
0.9037595697660216,1.418764809734817,1.1043986777956512,0.682432741175713
0.9037595697660216,1.418764809734817,1.2532220903394473,0.682432741175713
0.9037595697660216,1.418764809734817,1.0995300527773122,0.682432741175713
0.9037595697660216,1.418764809734817,1.0419353369968496,0.682432741175713
0.9037595697660216,1.418764809734817,1.0477025933488704,0.682432741175713
0.9037595697660216,1.418764809734817,1.0612848598805973,0.682432741175713
0.9037595697660216,1.418764809734817,1.1152200549803029,0.682432741175713
0.9037595697660216,1.418764809734817,1.0948637380706594,0.682432741175713
0.9037595697660216,1.418764809734817,1.1676996123904195,0.682432741175713
0.9037595697660216,1.418764809734817,1.0822409463226184,0.682432741175713
0.9037595697660216,1.418764809734817,1.0291763620791667,0.682432741175713
0.9037595697660216,1.418764809734817,1.123768021611595,0.682432741175713
0.9037595697660216,1.418764809734817,1.2208190655749407,0.682432741175713
1.0216754686886027,1.418764809734817,1.0791572864993348,0.682432741175713
1.0216754686886027,1.418764809734817,0.9604784306294507,0.682432741175713
1.0216754686886027,1.418764809734817,0.9983600982017137,0.682432741175713
1.0216754686886027,1.418764809734817,1.0119838174707665,0.7204163876339725
1.0216754686886027,1.418764809734817,1.0060553551136902,0.7204163876339725
1.0216754686886027,1.418764809734817,0.948328373968924,0.7204163876339725
1.0216754686886027,1.418764809734817,1.1759771373974917,0.7204163876339725
1.0216754686886027,1.418764809734817,1.0303849910089102,0.7204163876339725
1.0216754686886027,1.418764809734817,1.0899329216510723,0.7204163876339725
1.0216754686886027,1.418764809734817,1.03832618659547,0.7204163876339725
1.0978361953999607,1.418764809734817,0.9712378839624248,0.7204163876339725
1.0978361953999607,1.418764809734817,1.1113681420507133,0.7204163876339725
1.0978361953999607,1.4091822209901046,0.9001458334560082,0.7204163876339725
1.0978361953999607,1.4091822209901046,0.9325131220877722,0.7204163876339725
1.0978361953999607,1.357499327112829,0.9855909235308575,0.7204163876339725
1.0978361953999607,1.357499327112829,1.1535749325702722,0.7204163876339725
1.0978361953999607,1.357499327112829,1.0190924325286077,0.7204163876339725
1.0978361953999607,1.357499327112829,1.1402012040430014,0.7204163876339725
1.0978361953999607,1.357499327112829,1.1472632575098691,0.7204163876339725
1.0978361953999607,1.357499327112829,1.1274337291674783,0.7204163876339725
1.0978361953999607,1.357499327112829,1.0467984614209493,0.7204163876339725
1.0978361953999607,1.357499327112829,1.1033678730847476,0.6991776382212462
1.0978361953999607,1.357499327112829,1.0269607647198793,0.6991776382212462
1.0978361953999607,1.357499327112829,1.1651846401519208,0.6991776382212462
1.0978361953999607,1.357499327112829,1.0595480405826232,0.6991776382212462
1.0978361953999607,1.357499327112829,0.9908550717149164,0.6991776382212462
1.0978361953999607,1.357499327112829,1.0186652002749699,0.6991776382212462
1.0978361953999607,1.357499327112829,1.0675374371988746,0.6991776382212462
1.0978361953999607,1.357499327112829,1.10706560678126,0.6991776382212462
1.0978361953999607,1.357499327112829,1.0041139716562626,0.6991776382212462
1.0978361953999607,1.357499327112829,1.0413628665278338,0.6991776382212462
1.0978361953999607,1.357499327112829,1.0543216763504135,0.6991776382212462
1.0978361953999607,1.357499327112829,1.0806166231463563,0.6991776382212462
1.0978361953999607,1.357499327112829,1.0767932957419446,0.6991776382212462
1.0978361953999607,1.357499327112829,1.0784851021501034,0.6991776382212462
1.0978361953999607,1.357499327112829,1.0513778626039454,0.6991776382212462
1.0978361953999607,1.357499327112829,1.0960082788333392,0.6991776382212462
1.0978361953999607,1.357499327112829,1.049695814407966,0.6991776382212462
1.0287113329335982,1.357499327112829,1.0341593976288226,0.6991776382212462
1.0287113329335982,1.357499327112829,1.2058108487135346,0.6991776382212462
1.0287113329335982,1.357499327112829,1.2702433708697232,0.6991776382212462
1.0287113329335982,1.357499327112829,1.1008985247035612,0.6991776382212462
1.033466533488867,1.357499327112829,1.2736987723777329,0.6991776382212462
1.033466533488867,1.357499327112829,0.9919850918904689,0.6991776382212462
1.033466533488867,1.357499327112829,1.1068222835852146,0.6991776382212462
1.033466533488867,1.357499327112829,1.276571262850184,0.6991776382212462
1.033466533488867,1.357499327112829,1.2248243659734581,0.6991776382212462
1.033466533488867,1.357499327112829,1.179344203115091,0.6991776382212462
1.033466533488867,1.357499327112829,1.1065268276495728,0.6991776382212462
1.033466533488867,1.357499327112829,1.131988253261706,0.6991776382212462
1.033466533488867,1.357499327112829,1.1175490779001094,0.6991776382212462
1.033466533488867,1.357499327112829,1.0791236256238863,0.6991776382212462
1.033466533488867,1.357499327112829,1.2512761835942257,0.6991776382212462
1.033466533488867,1.357499327112829,1.1731170800851507,0.6991776382212462
1.1428977256616832,1.357499327112829,1.0108672121543234,0.6991776382212462
1.1428977256616832,1.357499327112829,1.0731060481617578,0.6991776382212462
1.1428977256616832,1.357499327112829,1.0927351866070907,0.6991776382212462
1.1090059719894998,1.3479312589198327,1.03600019886319,0.6991776382212462
1.1090059719894998,1.3479312589198327,1.079961656898673,0.6707295212042879
1.1090059719894998,1.3479312589198327,1.0935398921915676,0.6707295212042879
1.1090059719894998,1.3479312589198327,1.0860480055194806,0.6707295212042879
1.1090059719894998,1.3479312589198327,0.9788195945751093,0.6707295212042879
1.1090059719894998,1.3479312589198327,1.0041780504468436,0.6707295212042879
1.1090059719894998,1.3479312589198327,1.0289555627769493,0.6707295212042879
1.1090059719894998,1.3479312589198327,1.15798779308003,0.6707295212042879
1.1090059719894998,1.401143948632898,0.9906861514198342,0.6707295212042879
1.1090059719894998,1.401143948632898,0.952620772851282,0.6631171845466526
1.1090059719894998,1.401143948632898,0.9606001855383156,0.6631171845466526
1.1090059719894998,1.401143948632898,0.88338009643317,0.6631171845466526
1.1090059719894998,1.401143948632898,0.9586166428066608,0.6631171845466526
1.1090059719894998,1.401143948632898,0.9109334426716368,0.6631171845466526
1.1090059719894998,1.401143948632898,1.055828828757715,0.6631171845466526
1.1090059719894998,1.401143948632898,0.8573160205185132,0.6631171845466526
1.1090059719894998,1.401143948632898,1.0032457891706514,0.6631171845466526
1.1090059719894998,1.401143948632898,0.8562546914544346,0.6631171845466526
1.1090059719894998,1.401143948632898,1.0297765644195946,0.7330426316556772
1.1090059719894998,1.401143948632898,0.8815149298636495,0.7330426316556772
1.1090059719894998,1.401143948632898,0.9752643155048115,0.7330426316556772
1.1090059719894998,1.401143948632898,1.0063462602560145,0.7039371188455738
1.1090059719894998,1.401143948632898,0.9854216659285671,0.7039371188455738
1.1090059719894998,1.401143948632898,0.9910467404509807,0.7039371188455738
1.1090059719894998,1.401143948632898,0.9345617854641106,0.7039371188455738
1.1090059719894998,1.401143948632898,0.9641896357166485,0.7039371188455738
1.1090059719894998,1.401143948632898,0.9046789667304609,0.7039371188455738
1.1090059719894998,1.401143948632898,0.9987604495332587,0.7039371188455738
1.1090059719894998,1.401143948632898,0.8535998058191742,0.7039371188455738
1.1090059719894998,1.401143948632898,0.9879265230762825,0.7039371188455738
1.1090059719894998,1.401143948632898,1.0088653501028348,0.7039371188455738
1.1090059719894998,1.401143948632898,0.9565616550259356,0.6507892874916174
1.1090059719894998,1.401143948632898,0.9093852041598168,0.6507892874916174
1.1090059719894998,1.401143948632898,0.9963088304796954,0.6507892874916174
1.1090059719894998,1.401143948632898,0.9692863529459523,0.6507892874916174
1.1090059719894998,1.401143948632898,0.8603202779444797,0.6507892874916174
1.1090059719894998,1.401143948632898,0.9547547394635942,0.6507892874916174
1.1090059719894998,1.401143948632898,0.9412979654894422,0.6507892874916174
1.1090059719894998,1.401143948632898,0.9598782379006694,0.6507892874916174
1.1090059719894998,1.401143948632898,0.8982071011200865,0.6507892874916174
1.1090059719894998,1.401143948632898,0.9894044842921579,0.6507892874916174
1.1090059719894998,1.401143948632898,0.8960077471975041,0.6507892874916174
1.1090059719894998,1.401143948632898,0.987067540283138,0.6507892874916174
1.1090059719894998,1.401143948632898,0.9102652536186031,0.6507892874916174
1.1090059719894998,1.401143948632898,0.9933502987481185,0.6507892874916174
1.1090059719894998,1.401143948632898,0.864492550604028,0.6507892874916174
1.1090059719894998,1.401143948632898,0.9929407737059133,0.6507892874916174
1.1090059719894998,1.401143948632898,0.9810839249370416,0.6507892874916174
1.1090059719894998,1.3852776403848468,1.1090463154001435,0.6507892874916174
1.1090059719894998,1.3852776403848468,0.9698470154296818,0.6507892874916174
1.1090059719894998,1.3852776403848468,1.0022436757696978,0.6507892874916174
1.1090059719894998,1.3852776403848468,0.9550571308469362,0.6464818745519582
1.1090059719894998,1.3852776403848468,0.8770789492578005,0.6464818745519582
1.1090059719894998,1.3852776403848468,0.9461312421828347,0.6464818745519582
1.1090059719894998,1.3852776403848468,1.0146676658451863,0.6464818745519582
1.1090059719894998,1.3852776403848468,0.9281965009862142,0.6464818745519582
1.1090059719894998,1.3852776403848468,0.9254742457383218,0.6464818745519582
1.1090059719894998,1.3852776403848468,0.9948889370138242,0.6464818745519582
1.1090059719894998,1.3852776403848468,0.8999685978997756,0.6464818745519582
0.9201570524703764,1.374203673716899,1.0270876171742316,0.6464818745519582
0.8948805352796634,1.3937281096050922,1.1245099935438023,0.6464818745519582
0.8948805352796634,1.3937281096050922,1.1760929228813042,0.6464818745519582
0.9504710363161543,1.3937281096050922,1.1237557745373605,0.6464818745519582
0.9504710363161543,1.3748505637203963,1.1195540272837463,0.6464818745519582
0.9504710363161543,1.3748505637203963,1.0832866473048504,0.6171107188169014
0.9504710363161543,1.3748505637203963,1.093026126226097,0.6171107188169014
0.9504710363161543,1.3748505637203963,0.9747505002878266,0.6171107188169014
0.9504710363161543,1.3748505637203963,1.2654474027549003,0.6171107188169014
0.9504710363161543,1.3748505637203963,1.216175334002353,0.6171107188169014
0.9504710363161543,1.3748505637203963,1.1150264960780594,0.6171107188169014
0.9504710363161543,1.3748505637203963,1.0807118699603433,0.6171107188169014
0.9504710363161543,1.3748505637203963,1.1186166334055039,0.6171107188169014
0.9504710363161543,1.3748505637203963,1.1010393521698787,0.6171107188169014
0.9504710363161543,1.3748505637203963,1.0600778975557064,0.6678207628308477
0.9504710363161543,1.3748505637203963,1.1331307836785034,0.6678207628308477
1.0073944658645024,1.3748505637203963,1.184334867516814,0.6678207628308477
1.0073944658645024,1.3748505637203963,1.1066973764159418,0.6709581504972326
1.0073944658645024,1.3748505637203963,1.04525868232606,0.6709581504972326
1.0073944658645024,1.3748505637203963,1.0845116217710362,0.6709581504972326
1.0073944658645024,1.3748505637203963,1.1372165615659435,0.6709581504972326
1.0073944658645024,1.3748505637203963,1.066959934639553,0.6709885084917484
1.0073944658645024,1.3748505637203963,1.1789786264884765,0.6709885084917484
1.0073944658645024,1.3748505637203963,1.0615384331875033,0.6709885084917484
1.0073944658645024,1.3748505637203963,1.0959519189849325,0.6709885084917484
1.0073944658645024,1.3748505637203963,1.1331075624576084,0.6709885084917484
1.0073944658645024,1.3748505637203963,1.0556729077132199,0.6709885084917484
1.0073944658645024,1.3748505637203963,1.0032112543125966,0.6709885084917484
1.0073944658645024,1.3748505637203963,1.113945133281077,0.6709885084917484
1.0151378091645133,1.3748505637203963,1.0758740635042738,0.6709885084917484
1.0151378091645133,1.3748505637203963,1.1215830383211456,0.6709885084917484
1.0151378091645133,1.3748505637203963,1.070949987190189,0.6709885084917484
1.0151378091645133,1.3748505637203963,1.145088750248532,0.6709885084917484
1.0151378091645133,1.3748505637203963,1.219212129272385,0.6709885084917484
1.0151378091645133,1.3748505637203963,1.0715980879088232,0.6709885084917484
1.0318311456038964,1.3748505637203963,1.151480559443853,0.6709885084917484
1.0318311456038964,1.3748505637203963,1.0502305516122892,0.6709885084917484
1.0262845110048355,1.3748505637203963,1.0017403854144467,0.6709885084917484
1.0262845110048355,1.3748505637203963,0.9905144970843561,0.6709885084917484
1.0262845110048355,1.3748505637203963,0.9787860541778187,0.6709885084917484
1.0262845110048355,1.3748505637203963,0.9484509954106134,0.6709885084917484
1.0262845110048355,1.3748505637203963,1.1806293218112847,0.6709885084917484
1.0262845110048355,1.3748505637203963,1.0080074752929613,0.6709885084917484
1.0262845110048355,1.3748505637203963,1.0292694308951122,0.6709885084917484
1.0262845110048355,1.3748505637203963,1.0913330940680805,0.6709885084917484
1.0538107974365514,1.3748505637203963,1.0303697588631842,0.6709885084917484
1.0538107974365514,1.3748505637203963,1.0436343721800774,0.6709885084917484
1.0538107974365514,1.3748505637203963,1.0722017063186482,0.6709885084917484
1.0538107974365514,1.3748505637203963,0.9788069734437387,0.6709885084917484
1.0538107974365514,1.3748505637203963,1.0479352270145532,0.6709885084917484
1.0538107974365514,1.3748505637203963,1.0424090805520514,0.6709885084917484
1.0538107974365514,1.3748505637203963,0.9721560955203158,0.6709885084917484
1.0538107974365514,1.3748505637203963,1.0443077281698334,0.6709885084917484
1.0538107974365514,1.3748505637203963,0.9488095613992403,0.6709885084917484
1.0538107974365514,1.3748505637203963,1.056136423783482,0.6709885084917484
1.0538107974365514,1.3748505637203963,0.9761118068109744,0.6709885084917484
1.0538107974365514,1.3748505637203963,1.090993603625139,0.7189311934029247
1.0538107974365514,1.3748505637203963,1.0757856507121575,0.7189311934029247
1.0538107974365514,1.3748505637203963,1.1067433692973137,0.7189311934029247
1.0538107974365514,1.3748505637203963,1.0629849408923362,0.7189311934029247
1.0538107974365514,1.3748505637203963,1.0305848287756725,0.7189311934029247
1.0538107974365514,1.3748505637203963,1.1173552629645802,0.7189311934029247
1.0538107974365514,1.3748505637203963,1.0448106513558997,0.7189311934029247
1.0538107974365514,1.3748505637203963,1.1526138231747272,0.7189311934029247
1.0538107974365514,1.3748505637203963,1.1683951999965922,0.7189311934029247
1.0538107974365514,1.3748505637203963,1.0501981232361286,0.7189311934029247
1.0538107974365514,1.3748505637203963,1.1550605305026196,0.7189311934029247
1.0538107974365514,1.3748505637203963,1.0728538773524687,0.7189311934029247
1.0538107974365514,1.3748505637203963,1.0394163273290582,0.7189311934029247
1.0538107974365514,1.3748505637203963,1.1342516268822258,0.7189311934029247
1.0538107974365514,1.3748505637203963,1.0854975544287822,0.7189311934029247
1.0538107974365514,1.3748505637203963,1.163056925916324,0.7189311934029247
1.0538107974365514,1.3748505637203963,1.110829374762614,0.7189311934029247
1.0538107974365514,1.3748505637203963,1.1498177275184078,0.7189311934029247
1.0538107974365514,1.3748505637203963,1.0843364158269,0.7189311934029247
1.0538107974365514,1.3748505637203963,1.0973040886363257,0.7189311934029247
1.1254706392580536,1.3748505637203963,1.0418457369969596,0.6599023220304372
1.1254706392580536,1.3748505637203963,1.0278822046886222,0.6599023220304372
1.1254706392580536,1.3748505637203963,1.0096297756552983,0.6599023220304372
1.1254706392580536,1.3748505637203963,0.9310403556926639,0.6599023220304372
1.0382271898942352,1.3748505637203963,0.9459169166427713,0.6599023220304372
1.0382271898942352,1.3748505637203963,1.0668720204827828,0.6599023220304372
1.0382271898942352,1.3748505637203963,1.048595629308632,0.6599023220304372
1.0382271898942352,1.3748505637203963,1.0046087406402218,0.6599023220304372
1.0382271898942352,1.3748505637203963,1.041685608305199,0.6599023220304372
1.0382271898942352,1.3748505637203963,1.0335733203421436,0.6599023220304372
1.0382271898942352,1.3748505637203963,1.0087197749110786,0.6599023220304372
1.0382271898942352,1.3748505637203963,1.1036943483764805,0.6599023220304372
1.0382271898942352,1.3748505637203963,1.0132579488593219,0.6599023220304372
1.0382271898942352,1.3748505637203963,1.0326694156278586,0.6599023220304372
1.0382271898942352,1.3748505637203963,1.0159745516030678,0.6599023220304372
1.0382271898942352,1.3748505637203963,1.069079499609376,0.6599023220304372
1.0382271898942352,1.3748505637203963,1.0524485250182647,0.6599023220304372
1.0382271898942352,1.3474511512348082,1.0801059476254922,0.6599023220304372
1.0382271898942352,1.3474511512348082,1.0871473888052923,0.6599023220304372
1.0382271898942352,1.3474511512348082,1.1021695927421826,0.6599023220304372
1.0382271898942352,1.3474511512348082,1.0370389701424725,0.6599023220304372
1.0382271898942352,1.3474511512348082,1.2554243077773675,0.6599023220304372
1.0382271898942352,1.3474511512348082,1.1104189384665106,0.6599023220304372
1.0382271898942352,1.3474511512348082,1.1630081865323942,0.6599023220304372
1.0382271898942352,1.3474511512348082,1.1063312323755845,0.6599023220304372
0.9854269736273974,1.3474511512348082,1.0576943078451972,0.6599023220304372
0.9854269736273974,1.3474511512348082,1.1850627237653133,0.6599023220304372
0.9854269736273974,1.3474511512348082,1.219315941734457,0.6599023220304372
0.9854269736273974,1.3474511512348082,1.2254086608431383,0.6599023220304372
0.9854269736273974,1.3474511512348082,1.1452706518919469,0.6599023220304372
0.9854269736273974,1.3474511512348082,1.199128125567809,0.6599023220304372
0.9854269736273974,1.3474511512348082,1.28242967863532,0.6599023220304372
0.9854269736273974,1.3474511512348082,1.080708167160202,0.6599023220304372
0.9854269736273974,1.3474511512348082,1.0431505323567072,0.6599023220304372
0.9854269736273974,1.3474511512348082,1.180201422650271,0.6599023220304372
0.9854269736273974,1.3474511512348082,1.1828322787160368,0.6599023220304372
0.9854269736273974,1.3474511512348082,1.168764242210319,0.6599023220304372
0.9854269736273974,1.3474511512348082,1.1148309498313218,0.6599023220304372
0.9854269736273974,1.3474511512348082,1.2918227001909566,0.6599023220304372
0.9787377809557086,1.3474511512348082,1.2409338350992056,0.6599023220304372
0.9787377809557086,1.3474511512348082,1.2301161975626422,0.6599023220304372
0.9787377809557086,1.3474511512348082,1.2000991869767208,0.6599023220304372
0.9787377809557086,1.3474511512348082,1.105729254063051,0.6599023220304372
0.9787377809557086,1.3474511512348082,1.1494666355185401,0.6599023220304372
0.9787377809557086,1.3474511512348082,1.2753867604498867,0.6599023220304372
0.9787377809557086,1.3474511512348082,1.3579572744237116,0.6599023220304372
0.9787377809557086,1.3474511512348082,1.1611664119644236,0.6599023220304372
0.9787377809557086,1.3474511512348082,1.1715736180810115,0.6599023220304372
0.9787377809557086,1.3474511512348082,1.2208334303895452,0.6599023220304372
0.9787377809557086,1.3474511512348082,1.1075326649562964,0.6599023220304372
0.9787377809557086,1.3474511512348082,1.1600051077390423,0.6599023220304372
0.9787377809557086,1.3474511512348082,1.1170033205889283,0.6599023220304372
0.9787377809557086,1.3474511512348082,1.3541949404453486,0.6599023220304372
0.9787377809557086,1.3474511512348082,1.2498172788594586,0.6599023220304372
0.9787377809557086,1.3474511512348082,1.1641645744407267,0.6599023220304372
0.9289122602574806,1.3474511512348082,1.310787694366839,0.6599023220304372
0.9289122602574806,1.3474511512348082,1.2092552315909706,0.6599023220304372
0.9289122602574806,1.3474511512348082,1.2723002168925366,0.6599023220304372
0.9289122602574806,1.3474511512348082,1.3178016789156475,0.6599023220304372
0.9289122602574806,1.3474511512348082,1.197208625416714,0.6599023220304372
0.9289122602574806,1.3474511512348082,1.3335040750516376,0.6599023220304372
0.9289122602574806,1.3474511512348082,1.2368645317598335,0.6599023220304372
0.9289122602574806,1.3474511512348082,1.1873492610113205,0.6599023220304372
0.9289122602574806,1.3474511512348082,1.2487028488042953,0.6599023220304372
0.9289122602574806,1.3474511512348082,1.248866686627828,0.6599023220304372
0.9289122602574806,1.3474511512348082,1.240970073607457,0.6599023220304372
0.9289122602574806,1.3474511512348082,1.223358342246447,0.6599023220304372
0.9289122602574806,1.3474511512348082,1.2240477255516844,0.6599023220304372
0.9289122602574806,1.3474511512348082,1.173403987245153,0.6599023220304372
0.9289122602574806,1.3474511512348082,1.0852512615517158,0.6599023220304372
0.9289122602574806,1.3474511512348082,1.2010232132118812,0.6599023220304372
0.9289122602574806,1.3474511512348082,1.3502782136431668,0.6599023220304372
0.9289122602574806,1.3474511512348082,1.161925291064105,0.6599023220304372
0.9289122602574806,1.390661743158146,1.211181429638893,0.6599023220304372
0.9289122602574806,1.390661743158146,1.0919699836625874,0.6599023220304372
0.9289122602574806,1.390661743158146,1.2244147931790994,0.6599023220304372
0.9289122602574806,1.390661743158146,1.0303540374214166,0.6599023220304372
0.9289122602574806,1.390661743158146,1.14724195148083,0.6599023220304372
0.9289122602574806,1.390661743158146,1.095650916700386,0.6599023220304372
0.9289122602574806,1.390661743158146,1.2751910794061687,0.6599023220304372
0.9289122602574806,1.390661743158146,1.1831439911767956,0.6599023220304372
0.9289122602574806,1.390661743158146,1.1466058247104918,0.6599023220304372
0.9289122602574806,1.390661743158146,1.1470217598845274,0.6599023220304372
0.9289122602574806,1.390661743158146,1.0862596168781502,0.6599023220304372
0.9289122602574806,1.390661743158146,1.1323398224767096,0.6599023220304372
0.9289122602574806,1.390661743158146,1.1153265787523188,0.6599023220304372
0.9289122602574806,1.390661743158146,1.0955624131076271,0.6599023220304372
0.9289122602574806,1.390661743158146,1.123452475648538,0.6599023220304372
0.9289122602574806,1.390661743158146,1.2346689568714382,0.6599023220304372
0.9289122602574806,1.390661743158146,1.1873350805740546,0.6599023220304372
0.9289122602574806,1.390661743158146,1.1402219687850177,0.6599023220304372
0.9289122602574806,1.390661743158146,1.0669081903745592,0.6599023220304372
0.9289122602574806,1.390661743158146,1.1819110719906443,0.6599023220304372
0.9289122602574806,1.390661743158146,1.1536130905761783,0.6599023220304372
0.9289122602574806,1.390661743158146,1.1032046812132321,0.6599023220304372
0.9289122602574806,1.390661743158146,1.1350873980253913,0.6599023220304372
0.9289122602574806,1.390661743158146,1.1214455881435794,0.6599023220304372
0.9289122602574806,1.390661743158146,1.055084334100073,0.6599023220304372
0.9289122602574806,1.390661743158146,1.252557770071104,0.6599023220304372
0.9289122602574806,1.390661743158146,1.0377539843659782,0.6599023220304372
0.9289122602574806,1.390661743158146,1.1964765194408158,0.6599023220304372
0.9289122602574806,1.390661743158146,1.0022352233208287,0.6599023220304372
0.9289122602574806,1.390661743158146,1.2536060967836236,0.6599023220304372
0.9289122602574806,1.390661743158146,1.1857153005165446,0.6599023220304372
0.9289122602574806,1.390661743158146,1.0816341533240479,0.6599023220304372
0.9289122602574806,1.390661743158146,1.0089428568709966,0.6655921716291081
0.9289122602574806,1.390661743158146,1.111789312095743,0.6655921716291081
0.9289122602574806,1.390661743158146,1.1728428893138871,0.6655921716291081
0.9289122602574806,1.390661743158146,1.0911046528135653,0.6655921716291081
0.9289122602574806,1.390661743158146,1.076982094402326,0.6655921716291081
0.9289122602574806,1.390661743158146,1.1160951912631576,0.6655921716291081
0.9289122602574806,1.390661743158146,1.054727613291483,0.6655921716291081
0.9289122602574806,1.390661743158146,1.1456554088537367,0.6771245043326728
0.9289122602574806,1.390661743158146,1.0664906279478987,0.6771245043326728
0.9289122602574806,1.390661743158146,1.2439976155867947,0.6771245043326728
0.9289122602574806,1.390661743158146,1.2018205964366315,0.6771245043326728
0.9289122602574806,1.390661743158146,1.0940671091807876,0.6771245043326728
0.9289122602574806,1.390661743158146,1.131572120715066,0.6771245043326728
0.9289122602574806,1.390661743158146,1.182150767337282,0.6771245043326728
0.9289122602574806,1.390661743158146,1.1570510580416196,0.6771245043326728
0.9289122602574806,1.390661743158146,1.273880369797524,0.6771245043326728
0.9289122602574806,1.390661743158146,1.2096369430294278,0.6771245043326728
0.9289122602574806,1.390661743158146,1.2255340626855062,0.6771245043326728
0.9289122602574806,1.390661743158146,1.0942256028788604,0.6771245043326728
0.9289122602574806,1.390661743158146,1.2114098314293509,0.6771245043326728
0.9289122602574806,1.390661743158146,1.142487991954075,0.6771245043326728
0.9289122602574806,1.390661743158146,1.1580350503794365,0.6771245043326728
0.9289122602574806,1.390661743158146,1.1476574940660758,0.6771245043326728
0.9289122602574806,1.390661743158146,1.168691108650528,0.6771245043326728
0.9289122602574806,1.390661743158146,1.1873617801123195,0.6771245043326728
0.9289122602574806,1.390661743158146,1.200283757228397,0.6771245043326728
0.9289122602574806,1.390661743158146,1.065706029368492,0.6771245043326728
0.9289122602574806,1.390661743158146,1.0625105926303628,0.6771245043326728
0.9289122602574806,1.390661743158146,1.0937831207717232,0.6771245043326728
0.9631512373393738,1.390661743158146,1.1451291519529407,0.6771245043326728
0.9631512373393738,1.390661743158146,1.006703642809686,0.6771245043326728
0.9631512373393738,1.390661743158146,1.1609975087916802,0.6771245043326728
0.9631512373393738,1.390661743158146,1.2060745861065447,0.6771245043326728
0.9631512373393738,1.390661743158146,1.0283240714857247,0.6771245043326728
0.9631512373393738,1.390661743158146,1.2444292684175433,0.6771245043326728
0.9631512373393738,1.390661743158146,1.1899215991017142,0.6771245043326728
0.9631512373393738,1.390661743158146,1.106745730505724,0.6771245043326728
0.9631512373393738,1.390661743158146,1.2775764265998706,0.6771245043326728
0.9631512373393738,1.390661743158146,1.0690901657937077,0.6771245043326728
0.9631512373393738,1.390661743158146,1.1414973536320094,0.6723831871125494
0.9579370295102779,1.390661743158146,1.163889539783114,0.6723831871125494
0.9579370295102779,1.390661743158146,1.061499247911276,0.6723831871125494
0.9579370295102779,1.390661743158146,1.1301640371388675,0.6723831871125494
0.9136663248763469,1.390661743158146,1.0994728354356118,0.6723831871125494
0.9136663248763469,1.390661743158146,1.0485567460188343,0.6723831871125494
0.9136663248763469,1.390661743158146,1.140677365695842,0.6723831871125494
0.9136663248763469,1.390661743158146,1.1116316435050195,0.6723831871125494
0.9136663248763469,1.390661743158146,1.2272340501223449,0.6723831871125494
0.9136663248763469,1.390661743158146,1.1361861152072157,0.6723831871125494
0.9136663248763469,1.390661743158146,1.0836859408518444,0.6723831871125494
0.9136663248763469,1.390661743158146,1.1632117587514332,0.6723831871125494
0.9136663248763469,1.390661743158146,1.2322329715178317,0.6723831871125494
0.9136663248763469,1.3644010747032076,1.2310368995112841,0.6723831871125494
0.9136663248763469,1.3644010747032076,1.2168397468664518,0.6723831871125494
0.9136663248763469,1.3644010747032076,1.2032294943022104,0.6723831871125494
0.9136663248763469,1.3644010747032076,1.2005020699057996,0.6723831871125494
0.9136663248763469,1.3644010747032076,1.1074497572472306,0.6723831871125494
0.9136663248763469,1.3644010747032076,1.3303038375116782,0.6723831871125494
0.9136663248763469,1.3892966673773535,1.2286025967727026,0.6723831871125494
0.9136663248763469,1.3892966673773535,1.20497387372889,0.6723831871125494
0.9136663248763469,1.3892966673773535,1.1226111412026203,0.6723831871125494
0.8967736303320774,1.3892966673773535,1.2540963374915055,0.6723831871125494
0.8967736303320774,1.3892966673773535,1.1180138816728546,0.6723831871125494
0.8967736303320774,1.3892966673773535,1.161206408219058,0.6723831871125494
0.8967736303320774,1.3892966673773535,1.2804004215078948,0.6723831871125494
0.8967736303320774,1.3892966673773535,1.1682815054163165,0.6723831871125494
0.8967736303320774,1.3892966673773535,1.0848671024005703,0.6723831871125494
0.8967736303320774,1.3892966673773535,1.0352641587669882,0.6723831871125494
0.8967736303320774,1.3892966673773535,1.1339362222976683,0.6723831871125494
0.8967736303320774,1.3892966673773535,1.122133509174243,0.6723831871125494
0.8967736303320774,1.3892966673773535,1.2279694113697408,0.6723831871125494
0.8967736303320774,1.3892966673773535,1.3662143105452678,0.6723831871125494
0.8967736303320774,1.3892966673773535,1.215860671805767,0.6723831871125494
0.8967736303320774,1.3892966673773535,1.3006079885930377,0.6723831871125494
0.8967736303320774,1.3892966673773535,1.2521852068051074,0.6723831871125494
0.9838891830005444,1.3892966673773535,1.099690353479597,0.6723831871125494
0.9838891830005444,1.3892966673773535,1.1747923091243693,0.6723831871125494
0.9838891830005444,1.3892966673773535,1.1169364630762388,0.6723831871125494
0.9838891830005444,1.3892966673773535,1.112108121618411,0.6723831871125494
0.9838891830005444,1.3892966673773535,1.075452339937727,0.6723831871125494
0.9838891830005444,1.3892966673773535,1.1272797358495767,0.6723831871125494
0.9838891830005444,1.3892966673773535,1.0699866870313,0.6723831871125494
0.9838891830005444,1.3892966673773535,1.0875397136978795,0.6723831871125494
0.9838891830005444,1.3892966673773535,1.0516340658951018,0.6723831871125494
0.9838891830005444,1.3892966673773535,0.9893113336018237,0.6723831871125494
0.9838891830005444,1.3892966673773535,1.0864539746404416,0.6723831871125494
0.9838891830005444,1.3892966673773535,0.990886684453918,0.6723831871125494
0.9838891830005444,1.3892966673773535,1.106594675855043,0.6723831871125494
0.9838891830005444,1.3892966673773535,1.1181780780499908,0.6723831871125494
1.005986496185256,1.3892966673773535,1.0379274378275314,0.6723831871125494
1.005986496185256,1.3892966673773535,1.047827169208445,0.6723831871125494
1.005986496185256,1.3892966673773535,0.9789091818956361,0.6723831871125494
1.005986496185256,1.3892966673773535,0.9856612278075352,0.6723831871125494
1.005986496185256,1.3892966673773535,1.081157287213546,0.6723831871125494
1.005986496185256,1.3892966673773535,1.141395034225755,0.6723831871125494
1.005986496185256,1.3892966673773535,1.0092161996502405,0.6723831871125494
1.005986496185256,1.3892966673773535,0.9852975777538081,0.6723831871125494
1.005986496185256,1.3892966673773535,1.076096765019212,0.6723831871125494
1.005986496185256,1.3892966673773535,1.0775833975856606,0.6723831871125494
1.005986496185256,1.3892966673773535,1.0843926744972598,0.6723831871125494
1.005986496185256,1.3892966673773535,1.0983140113993548,0.6723831871125494
1.005986496185256,1.3892966673773535,0.9899680892115534,0.6723831871125494
1.005986496185256,1.3892966673773535,0.9590260895599694,0.6755664700245255
1.005986496185256,1.3778789320220042,1.0557743419350258,0.6755664700245255
1.005986496185256,1.3778789320220042,1.2042041133379158,0.6755664700245255
1.005986496185256,1.3778789320220042,1.0004620406761195,0.6755664700245255
1.005986496185256,1.3778789320220042,1.0924415306899606,0.6755664700245255
0.9237933511984957,1.3778789320220042,1.2144636857500029,0.6715894801453235
0.9237933511984957,1.3778789320220042,1.2000644690525817,0.6715894801453235
0.9237933511984957,1.3778789320220042,1.145511796763901,0.6715894801453235
0.9237933511984957,1.3778789320220042,1.1925863991793781,0.6715894801453235
0.9237933511984957,1.3778789320220042,1.1686149785551543,0.6715894801453235
0.9237933511984957,1.3778789320220042,1.2307752632222417,0.6715894801453235
0.9237933511984957,1.3804699249422585,1.1263112479127302,0.6715894801453235
0.9237933511984957,1.3804699249422585,1.211491176475564,0.6413944404076068
0.9237933511984957,1.3804699249422585,1.05944019674695,0.6413944404076068
0.9237933511984957,1.3804699249422585,1.25738533259983,0.6413944404076068
0.9237933511984957,1.3804699249422585,1.164586457472216,0.6413944404076068
0.9237933511984957,1.3804699249422585,1.2577525736024306,0.6413944404076068
0.9237933511984957,1.3804699249422585,1.161627779567059,0.6413944404076068
0.9237933511984957,1.3804699249422585,1.1133155729626978,0.6413944404076068
0.970910918456373,1.3804699249422585,1.2233365841817143,0.6956555793170536
0.970910918456373,1.3804699249422585,1.153483966899394,0.6956555793170536
0.970910918456373,1.3804699249422585,1.1731066195841098,0.6956555793170536
0.970910918456373,1.3804699249422585,1.1380021035916656,0.6956555793170536
0.970910918456373,1.3804699249422585,1.1742566488985724,0.6857799894570138
0.970910918456373,1.3804699249422585,1.023550575498095,0.6857799894570138
0.970910918456373,1.3804699249422585,1.037296377604534,0.6857799894570138
0.970910918456373,1.3804699249422585,1.0729226263162452,0.6857799894570138
0.970910918456373,1.3804699249422585,1.0005229268162525,0.6857799894570138
0.970910918456373,1.3804699249422585,1.0877300315155258,0.6857799894570138
0.970910918456373,1.3804699249422585,1.1355301075212407,0.6857799894570138
0.970910918456373,1.3804699249422585,1.116211242961382,0.6857799894570138
0.970910918456373,1.3804699249422585,1.0773102385327469,0.6857799894570138
0.970910918456373,1.3804699249422585,1.2131358597017095,0.6857799894570138
0.970910918456373,1.3804699249422585,1.1519046373060278,0.6857799894570138
0.970910918456373,1.3804699249422585,1.0982747256033627,0.6857799894570138
0.970910918456373,1.3804699249422585,1.192002079099116,0.6857799894570138
0.970910918456373,1.3804699249422585,1.232430301715714,0.6857799894570138
0.970910918456373,1.3804699249422585,1.144217080219115,0.6857799894570138
0.970910918456373,1.3804699249422585,1.1222458112118228,0.6857799894570138
0.970910918456373,1.3804699249422585,1.1408177298505107,0.6857799894570138
0.970910918456373,1.3804699249422585,1.1176512911670673,0.6857799894570138
0.970910918456373,1.3804699249422585,1.0843313840659725,0.6857799894570138
0.970910918456373,1.3804699249422585,1.1131419785562455,0.6857799894570138
0.970910918456373,1.3804699249422585,1.0450364053706445,0.6857799894570138
0.970910918456373,1.3804699249422585,1.0710373259947095,0.6857799894570138
0.970910918456373,1.3804699249422585,1.1041046530768273,0.6857799894570138
0.970910918456373,1.3804699249422585,1.228661242770166,0.6857799894570138
0.970910918456373,1.3804699249422585,1.0431502709481955,0.6857799894570138
0.970910918456373,1.3804699249422585,1.1733383225931013,0.6857799894570138
0.970910918456373,1.3804699249422585,1.0918654596968642,0.6857799894570138
0.970910918456373,1.3804699249422585,1.1456861211592004,0.6857799894570138
0.970910918456373,1.3804699249422585,1.1505615641437958,0.6857799894570138
0.970910918456373,1.3804699249422585,1.1265390101290276,0.6857799894570138
0.970910918456373,1.3804699249422585,1.1192189319732821,0.6857799894570138
0.970910918456373,1.3804699249422585,1.0884059881773565,0.6857799894570138
0.970910918456373,1.3804699249422585,1.0852913052466024,0.6857799894570138
0.970910918456373,1.3804699249422585,1.103967978388369,0.6857799894570138
0.970910918456373,1.3804699249422585,1.1523164788488645,0.6857799894570138
0.970910918456373,1.3804699249422585,1.1425619581638968,0.6857799894570138
0.970910918456373,1.3804699249422585,1.2117205071159787,0.6857799894570138
0.970910918456373,1.3804699249422585,1.1365901924857846,0.6857799894570138
0.970910918456373,1.3804699249422585,1.1214692681071587,0.6857799894570138
0.970910918456373,1.3804699249422585,1.1381136294524834,0.6857799894570138
0.970910918456373,1.3804699249422585,1.096112301070161,0.6857799894570138
0.970910918456373,1.3804699249422585,1.0999273926984814,0.6857799894570138
0.9615167388764772,1.3804699249422585,1.060840249099193,0.6857799894570138
0.9719660261389568,1.3804699249422585,1.1279965363298134,0.6857799894570138
0.9719660261389568,1.3804699249422585,1.097792515779365,0.6857799894570138
0.9719660261389568,1.3804699249422585,1.1213828972223665,0.6857799894570138
0.9719660261389568,1.3804699249422585,1.045873431645086,0.6857799894570138
0.9719660261389568,1.3804699249422585,1.1924118543570914,0.7049471295984759
0.9719660261389568,1.3804699249422585,1.3163665988557947,0.7049471295984759
0.9719660261389568,1.3804699249422585,1.1772604032828378,0.7049471295984759
0.9719660261389568,1.3804699249422585,1.1094182934221206,0.7049471295984759
0.9719660261389568,1.3804699249422585,1.2446180630707355,0.7049471295984759
1.0034366698522224,1.3804699249422585,1.1259471807116233,0.7049471295984759
1.0034366698522224,1.3804699249422585,1.1391837927624089,0.7049471295984759
1.0034366698522224,1.3804699249422585,1.1599316571707232,0.7049471295984759
1.0034366698522224,1.3804699249422585,1.161825610275279,0.7049471295984759
1.0034366698522224,1.3804699249422585,1.101093941301463,0.7049471295984759
1.0034366698522224,1.3804699249422585,1.0235011988868863,0.7049471295984759
1.0034366698522224,1.3804699249422585,1.1887894865870339,0.7049471295984759
1.0034366698522224,1.3804699249422585,1.190678049722421,0.7049471295984759
1.0034366698522224,1.3804699249422585,1.0691703425471153,0.7049471295984759
1.0034366698522224,1.3895558195402267,1.0916301699967013,0.7049471295984759
1.0034366698522224,1.3895558195402267,1.073160274962242,0.7049471295984759
1.0034366698522224,1.3895558195402267,1.070188210094801,0.7049471295984759
1.0034366698522224,1.3895558195402267,1.0761759080099462,0.7049471295984759
0.9583400457090206,1.3895558195402267,1.1115762377450957,0.7049471295984759
0.9583400457090206,1.3870644294882335,1.1680207532365077,0.7049471295984759
0.9583400457090206,1.3870644294882335,1.1490527963320953,0.6684362238968126
0.9583400457090206,1.416221914418207,1.0296331258872673,0.6684362238968126
0.9583400457090206,1.416221914418207,1.0003164546889693,0.6684362238968126
0.9583400457090206,1.416221914418207,1.0404120220141801,0.6684362238968126
0.9583400457090206,1.416221914418207,1.0110905194625617,0.6684362238968126
0.9583400457090206,1.416221914418207,1.1563174659801716,0.7823223645936649
0.9583400457090206,1.416221914418207,1.1863063887862717,0.7823223645936649
0.9583400457090206,1.416221914418207,1.1716004438665895,0.7557699030722251
0.9583400457090206,1.416221914418207,1.13860395084962,0.7557699030722251
0.9583400457090206,1.416221914418207,0.9826341332091881,0.7557699030722251
0.9583400457090206,1.416221914418207,1.076047754472975,0.7557699030722251
0.9519724265468418,1.416221914418207,1.1591038552297592,0.7557699030722251
0.9519724265468418,1.416221914418207,1.173974369954237,0.7557699030722251
0.9519724265468418,1.416221914418207,1.1622460208666952,0.7557699030722251
0.9519724265468418,1.416221914418207,1.0206998516995804,0.7557699030722251
1.0825401311160658,1.416221914418207,1.082405739324268,0.7557699030722251
1.078493550945258,1.416221914418207,0.9425240082917935,0.7557699030722251
1.078493550945258,1.416221914418207,0.981054863261632,0.7557699030722251
1.078493550945258,1.416221914418207,1.0371543897390918,0.7557699030722251
1.078493550945258,1.416221914418207,1.0366038225165237,0.7557699030722251
1.078493550945258,1.416221914418207,1.0245867586948194,0.7557699030722251
1.078493550945258,1.416221914418207,1.0252363133626052,0.6760938052009691
1.078493550945258,1.4184063036469856,0.9441019715675032,0.6760938052009691
1.078493550945258,1.4184063036469856,1.0003461894205117,0.6760938052009691
1.078493550945258,1.4184063036469856,0.9019869350010976,0.6760938052009691
1.078493550945258,1.4184063036469856,0.9243657869081023,0.6760938052009691
1.078493550945258,1.4184063036469856,0.8557446489503027,0.6760938052009691
1.078493550945258,1.4184063036469856,0.9029391399108374,0.6760938052009691
1.078493550945258,1.4184063036469856,0.914496822239218,0.6760938052009691
1.078493550945258,1.4184063036469856,0.9601738899500691,0.6760938052009691
1.078493550945258,1.4184063036469856,0.9696190005327727,0.6760938052009691
1.078493550945258,1.4184063036469856,0.9479967525476467,0.6760938052009691
1.078493550945258,1.4184063036469856,0.8502536581537983,0.6760938052009691
1.078493550945258,1.4184063036469856,0.9115417791975825,0.6760938052009691
1.078493550945258,1.4184063036469856,0.9743261901326591,0.6760938052009691
1.078493550945258,1.4184063036469856,0.9257522900894585,0.6760938052009691
1.078493550945258,1.4184063036469856,0.9800509740014727,0.6760938052009691
1.078493550945258,1.4184063036469856,0.893536311695871,0.6760938052009691
1.1759396082874334,1.4184063036469856,0.8778649834757475,0.6760938052009691
1.1759396082874334,1.4184063036469856,0.8633155848301359,0.6797750813985338
1.1759396082874334,1.4184063036469856,0.8792991130393338,0.6797750813985338
1.1759396082874334,1.4184063036469856,0.8807420819270187,0.7326729660028428
1.1759396082874334,1.4184063036469856,0.9045717305630552,0.7466852520199637
1.229200012314261,1.4184063036469856,0.933280649791769,0.7199037870803372
1.229200012314261,1.4184063036469856,0.8679179513481006,0.7199037870803372
1.229200012314261,1.4184063036469856,0.8177096806558322,0.7199037870803372
1.229200012314261,1.4184063036469856,0.7943603409965463,0.7199037870803372
1.229200012314261,1.4184063036469856,0.8657755406491209,0.7199037870803372
1.229200012314261,1.4184063036469856,0.8464221668671312,0.7199037870803372
1.229200012314261,1.4184063036469856,0.854310102705209,0.7199037870803372
1.229200012314261,1.4184063036469856,0.8046925382044979,0.7199037870803372
1.229200012314261,1.4184063036469856,0.9011166560756269,0.7199037870803372
1.2110818736655933,1.4184063036469856,0.8178567813841232,0.7199037870803372
1.2184437895790738,1.4184063036469856,0.8294660469440972,0.7199037870803372
1.2184437895790738,1.4184063036469856,0.8474541427862644,0.7199037870803372
1.2184437895790738,1.4184063036469856,0.828938551402622,0.7199037870803372
1.2184437895790738,1.4184063036469856,0.8882863936527735,0.7199037870803372
1.0993268602934994,1.4184063036469856,0.9113864360159933,0.7199037870803372
1.0993268602934994,1.4184063036469856,0.9985079532686372,0.7199037870803372
1.0993268602934994,1.4184063036469856,0.9051895724827921,0.7199037870803372
1.0993268602934994,1.4184063036469856,0.9620264636166937,0.7199037870803372
1.0993268602934994,1.4184063036469856,0.8892403795811563,0.7199037870803372
1.0993268602934994,1.4184063036469856,0.8844399229573392,0.7199037870803372
1.0993268602934994,1.4184063036469856,0.9661718108520604,0.7199037870803372
1.0993268602934994,1.4184063036469856,0.9268926643623708,0.7199037870803372
1.0993268602934994,1.4184063036469856,1.019925848589338,0.7199037870803372
1.1933163487899523,1.4184063036469856,0.8618790945758326,0.7199037870803372
1.1933163487899523,1.4184063036469856,0.9104340923714042,0.7821050732091944
1.1933163487899523,1.4184063036469856,0.9230497582030405,0.7821050732091944
1.1933163487899523,1.4184063036469856,0.9352611753996269,0.7202806804447339
1.1933163487899523,1.4184063036469856,0.8199503787462943,0.7202806804447339
1.1933163487899523,1.4184063036469856,0.8633337722781579,0.7202806804447339
1.2152303431991909,1.4184063036469856,0.8487665730823823,0.7202806804447339
1.2152303431991909,1.4184063036469856,0.828126246792642,0.7202806804447339
1.2152303431991909,1.4184063036469856,0.8789654359071736,0.7457067412478205
1.2152303431991909,1.4184063036469856,0.8827866111461394,0.7457067412478205
1.2152303431991909,1.4184063036469856,0.9550517138728397,0.7457067412478205
1.2152303431991909,1.4184063036469856,0.8120517727071845,0.7457067412478205
1.2152303431991909,1.3859397305599035,0.8697184723978445,0.7457067412478205
1.2152303431991909,1.3859397305599035,0.8659403690653844,0.7457067412478205
1.2152303431991909,1.3859397305599035,0.9909771819041457,0.7457067412478205
1.2152303431991909,1.3859397305599035,0.9898773932839215,0.7457067412478205
1.2152303431991909,1.3859397305599035,0.9873411830972688,0.7725960765695974
1.2152303431991909,1.3859397305599035,0.9211073689695705,0.7725960765695974
1.1794249536183372,1.3859397305599035,0.980341068166162,0.7725960765695974
1.221999887740796,1.3859397305599035,0.9684070764455364,0.7725960765695974
1.221999887740796,1.3859397305599035,0.9927029380157183,0.7725960765695974
1.201336459577725,1.3859397305599035,0.9388110810804318,0.7725960765695974
1.201336459577725,1.3859397305599035,0.9063176593287919,0.7725960765695974
1.201336459577725,1.3859397305599035,0.9574877579868212,0.7725960765695974
1.201336459577725,1.3859397305599035,0.9290662578444169,0.7725960765695974
1.201336459577725,1.3859397305599035,0.978988565138806,0.7725960765695974
1.201336459577725,1.3859397305599035,0.9365808712740735,0.7725960765695974
1.201336459577725,1.3859397305599035,0.9649782117076192,0.7725960765695974
1.201336459577725,1.3859397305599035,0.9672203807287679,0.7725960765695974
1.201336459577725,1.3859397305599035,0.9986847737399868,0.7725960765695974
1.201336459577725,1.3859397305599035,0.8958821492292619,0.7725960765695974
1.201336459577725,1.3859397305599035,0.963451255750259,0.7509697798026591
1.201336459577725,1.3859397305599035,1.0009040776711264,0.7509697798026591
1.201336459577725,1.3859397305599035,0.9940281933503888,0.7509697798026591
1.201336459577725,1.3859397305599035,0.8843538297193149,0.7509697798026591
1.201336459577725,1.3859397305599035,0.9579545263333857,0.7509697798026591
1.201336459577725,1.3859397305599035,0.9198620465148633,0.6885595849609675
1.201336459577725,1.3859397305599035,0.864442658562611,0.6885595849609675
1.201336459577725,1.3859397305599035,0.9136901084818455,0.6885595849609675
1.201336459577725,1.3859397305599035,0.8615595850561271,0.6885595849609675
1.201336459577725,1.3859397305599035,0.8144734854796617,0.6885595849609675
1.201336459577725,1.3859397305599035,0.9056332771254167,0.6974162633807081
1.201336459577725,1.3859397305599035,0.9012347050399693,0.6974162633807081
1.201336459577725,1.3859397305599035,0.9609435664395798,0.6974162633807081
1.201336459577725,1.3859397305599035,0.9482107771198055,0.6974162633807081
1.201336459577725,1.3859397305599035,0.8395301095457621,0.6848755433982169
1.201336459577725,1.3859397305599035,0.975539687443093,0.6848755433982169
1.201336459577725,1.3859397305599035,0.8812047626671504,0.6848755433982169
1.201336459577725,1.3859397305599035,0.8858348723012728,0.6848755433982169
1.201336459577725,1.3859397305599035,0.9483841691455918,0.6848755433982169
1.201336459577725,1.3859397305599035,0.9399641357670762,0.6848755433982169
1.201336459577725,1.3859397305599035,0.9538822676049872,0.6848755433982169
1.201336459577725,1.3859397305599035,0.9161492934186949,0.6848755433982169
1.201336459577725,1.3859397305599035,0.9353386625934469,0.6848755433982169
1.201336459577725,1.3859397305599035,0.8724423132869539,0.6848755433982169
1.201336459577725,1.3859397305599035,0.9295353380321589,0.6848755433982169
1.201336459577725,1.3859397305599035,0.92105525953555,0.6848755433982169
1.201336459577725,1.3859397305599035,0.9059104960615585,0.6848755433982169
1.201336459577725,1.3859397305599035,0.9942178832741143,0.6848755433982169
1.201336459577725,1.3859397305599035,0.9069554287683717,0.6848755433982169
1.201336459577725,1.3859397305599035,0.8751886381132628,0.6848755433982169
1.201336459577725,1.3859397305599035,1.0184261527549232,0.6848755433982169
1.201336459577725,1.3859397305599035,1.050256126270414,0.6848755433982169
1.201336459577725,1.3859397305599035,0.9707995707614115,0.6848755433982169
1.201336459577725,1.3859397305599035,0.9288973353277078,0.6848755433982169
1.201336459577725,1.3859397305599035,0.9815926904323431,0.6848755433982169
1.201336459577725,1.3859397305599035,0.881868298814608,0.6848755433982169
1.201336459577725,1.3859397305599035,0.828912694870029,0.6848755433982169
1.201336459577725,1.3859397305599035,0.9505882123982521,0.6848755433982169
1.201336459577725,1.3859397305599035,0.925214559207614,0.6848755433982169
1.201336459577725,1.3859397305599035,0.8862965986346619,0.6848755433982169
1.201336459577725,1.3859397305599035,0.9129577874502913,0.6848755433982169
1.201336459577725,1.3859397305599035,0.9067130683285226,0.6848755433982169
1.201336459577725,1.3859397305599035,0.9791289009628724,0.6848755433982169
1.201336459577725,1.3859397305599035,0.8843191654742041,0.6848755433982169
1.201336459577725,1.3859397305599035,0.9798141114493573,0.6848755433982169
1.201336459577725,1.3859397305599035,0.8768557220230225,0.6848755433982169
1.201336459577725,1.3859397305599035,0.8188272649228583,0.6848755433982169
1.201336459577725,1.3822108941393458,0.9524114997563246,0.6848755433982169
1.14353127758954,1.3822108941393458,0.9356743350876765,0.6848755433982169
1.14353127758954,1.3822108941393458,0.9537837440236401,0.6848755433982169
1.14353127758954,1.3407309668373222,1.0061549926413713,0.6848755433982169
1.14353127758954,1.3407309668373222,1.109688708170855,0.6848755433982169
1.14353127758954,1.3407309668373222,1.1182783151234295,0.6848755433982169
1.14353127758954,1.3407309668373222,1.0596121211262461,0.6848755433982169
1.14353127758954,1.3407309668373222,1.0374758615379212,0.6848755433982169
1.14353127758954,1.3407309668373222,1.062826772564999,0.6848755433982169
1.14353127758954,1.3407309668373222,1.1576722303535938,0.6848755433982169
1.14353127758954,1.3407309668373222,1.0728459707187492,0.6848755433982169
1.14353127758954,1.3407309668373222,1.0669951974405703,0.6848755433982169
1.14353127758954,1.3407309668373222,1.0470043559392477,0.6848755433982169
1.14353127758954,1.3407309668373222,1.0436236811141837,0.6848755433982169
1.14353127758954,1.3407309668373222,1.0200550800143535,0.6848755433982169
1.14353127758954,1.3407309668373222,1.0503066031662616,0.6848755433982169
1.14353127758954,1.3407309668373222,1.0029898541295,0.6599345656451968
1.14353127758954,1.3407309668373222,0.9028446011666733,0.6599345656451968
1.14353127758954,1.3407309668373222,1.027834681134491,0.6599345656451968
1.14353127758954,1.3407309668373222,1.0728891819857773,0.6599345656451968
1.14353127758954,1.3407309668373222,1.0643607595322975,0.6599345656451968
1.14353127758954,1.3407309668373222,0.9616120839587666,0.6599345656451968
1.14353127758954,1.3407309668373222,1.0770838397116402,0.6599345656451968
1.14353127758954,1.3407309668373222,1.0537692788352315,0.6599345656451968
1.14353127758954,1.3407309668373222,1.096360227272956,0.6599345656451968
1.14353127758954,1.3407309668373222,1.0195941250959135,0.6599345656451968
1.14353127758954,1.3069887595085248,1.0561363466151912,0.6599345656451968
1.14353127758954,1.3069887595085248,0.9612395035914924,0.6599345656451968
1.14353127758954,1.3069887595085248,1.1626095336577689,0.6599345656451968
1.14353127758954,1.3069887595085248,1.1858828591263455,0.6599345656451968
1.14353127758954,1.3069887595085248,1.1748476234956862,0.6599345656451968
1.14353127758954,1.3069887595085248,1.0902973373189855,0.6599345656451968
1.14353127758954,1.3069887595085248,1.1220876529171986,0.6599345656451968
1.14353127758954,1.3069887595085248,1.1517475993948425,0.6599345656451968
1.14353127758954,1.3069887595085248,1.095212133414675,0.6599345656451968
1.14353127758954,1.3069887595085248,1.1752290620593824,0.6599345656451968
1.0950798854363515,1.3069887595085248,1.0828419913539298,0.6599345656451968
1.0950798854363515,1.3069887595085248,1.1521259447264476,0.6599345656451968
1.0950798854363515,1.3069887595085248,1.0753874388543003,0.6599345656451968
1.0950798854363515,1.3069887595085248,1.191993129746219,0.6599345656451968
1.098485738117278,1.3069887595085248,1.207480998230689,0.6599345656451968
1.098485738117278,1.3069887595085248,1.119534400841804,0.6599345656451968
1.0287236503287562,1.3069887595085248,1.1420152252777533,0.6599345656451968
1.0287236503287562,1.3069887595085248,1.0792050278928895,0.6599345656451968
1.0287236503287562,1.3069887595085248,1.197365110431756,0.6599345656451968
1.0287236503287562,1.3069887595085248,1.2182345877139549,0.6599345656451968
1.0287236503287562,1.3069887595085248,1.3776389304742083,0.6599345656451968
1.0287236503287562,1.3069887595085248,1.2737675480386421,0.6599345656451968
1.0287236503287562,1.3069887595085248,1.0880533197385627,0.6599345656451968
1.0287236503287562,1.3069887595085248,1.2832184003036973,0.6599345656451968
1.0287236503287562,1.3069887595085248,1.33040441183387,0.6599345656451968
1.0287236503287562,1.3069887595085248,1.1574400843163712,0.6599345656451968
1.0287236503287562,1.3069887595085248,1.1698170829590488,0.6599345656451968
1.0287236503287562,1.3069887595085248,1.1817701045905775,0.6599345656451968
1.0287236503287562,1.3069887595085248,1.2799807464138606,0.6599345656451968
1.0287236503287562,1.3069887595085248,1.1998822184260096,0.6599345656451968
1.0287236503287562,1.3069887595085248,1.299319710236505,0.6599345656451968
1.0287236503287562,1.3069887595085248,1.2640956210318224,0.6599345656451968
1.0287236503287562,1.263514888592662,1.5115384242494492,0.6599345656451968
1.0287236503287562,1.263514888592662,1.4605391775561187,0.6599345656451968
1.0287236503287562,1.263514888592662,1.2482840577543393,0.6599345656451968
1.0287236503287562,1.263514888592662,1.187521656828009,0.6599345656451968
1.0287236503287562,1.263514888592662,1.2465172553912074,0.6599345656451968
1.0287236503287562,1.263514888592662,1.2993303732734256,0.6599345656451968
1.0287236503287562,1.263514888592662,1.4481842968860852,0.6599345656451968
1.0287236503287562,1.263514888592662,1.219631567955347,0.6599345656451968
1.0287236503287562,1.263514888592662,1.6108491314869953,0.6599345656451968
1.0287236503287562,1.263514888592662,1.4995654307089012,0.6599345656451968
1.0287236503287562,1.263514888592662,1.4671946958026363,0.6599345656451968
1.0287236503287562,1.263514888592662,1.2835794180393372,0.6599345656451968
1.0287236503287562,1.263514888592662,1.3977199103622926,0.6599345656451968
1.0287236503287562,1.263514888592662,1.5466946343401324,0.6599345656451968
1.0287236503287562,1.3545708318435243,1.2292612031599517,0.6599345656451968
1.0287236503287562,1.3545708318435243,1.107968769150912,0.6599345656451968
1.0287236503287562,1.3545708318435243,0.9958974651985533,0.6599345656451968
1.1494778879042857,1.3545708318435243,1.0087569795552258,0.6599345656451968
1.1494778879042857,1.3545708318435243,0.9719617550547545,0.6599345656451968
1.1494778879042857,1.3545708318435243,0.9633496519523405,0.6599345656451968
1.1494778879042857,1.3545708318435243,0.9413177155731097,0.6599345656451968
0.9531452939308145,1.3545708318435243,1.1460805255518323,0.6290140421918786
0.9531452939308145,1.3545708318435243,1.3216324806158588,0.6290140421918786
0.9531452939308145,1.3545708318435243,1.1744296290964482,0.6290140421918786
0.9531452939308145,1.3545708318435243,1.1747082514521632,0.6290140421918786
0.9531452939308145,1.3545708318435243,1.0866277557609725,0.658512020083531
0.9531452939308145,1.3545708318435243,1.2360549289448595,0.658512020083531
0.8264229756052575,1.3545708318435243,1.3220602005702387,0.658512020083531
0.8264229756052575,1.3545708318435243,1.3873182456565365,0.658512020083531
0.8264229756052575,1.3545708318435243,1.3094426496012443,0.658512020083531
0.8264229756052575,1.3545708318435243,1.4355351863514587,0.658512020083531
0.8264229756052575,1.3545708318435243,1.2097235007157972,0.658512020083531
0.8264229756052575,1.3545708318435243,1.5072746052531163,0.658512020083531
0.8264229756052575,1.3545708318435243,1.4668715477129755,0.658512020083531
0.8264229756052575,1.3545708318435243,1.4093179723876017,0.658512020083531
0.8264229756052575,1.3545708318435243,1.3354548451805586,0.658512020083531
0.8264229756052575,1.3545708318435243,1.3014430262690977,0.658512020083531
0.8264229756052575,1.3545708318435243,1.283328784110423,0.658512020083531
0.8264229756052575,1.3545708318435243,1.2660252764376803,0.658512020083531
0.8264229756052575,1.3545708318435243,1.1906727707480431,0.658512020083531
0.8264229756052575,1.3545708318435243,1.2984745807051843,0.658512020083531
0.8264229756052575,1.3545708318435243,1.2378804853697656,0.658512020083531
0.8264229756052575,1.3545708318435243,1.2528072297653126,0.658512020083531
0.8264229756052575,1.3545708318435243,1.2584574632987775,0.658512020083531
0.8264229756052575,1.3545708318435243,1.421258050522569,0.658512020083531
0.8264229756052575,1.3545708318435243,1.3539258203963758,0.658512020083531
0.8264229756052575,1.3545708318435243,1.4335340789829736,0.658512020083531
0.8264229756052575,1.3545708318435243,1.3546547107592366,0.658512020083531
0.8264229756052575,1.3545708318435243,1.4473773740198093,0.658512020083531
0.8264229756052575,1.3545708318435243,1.393936979797568,0.658512020083531
0.8264229756052575,1.3545708318435243,1.2763311582953922,0.658512020083531
0.8264229756052575,1.3545708318435243,1.386241440004262,0.658512020083531
0.8264229756052575,1.3545708318435243,1.3220245805892978,0.658512020083531
0.8264229756052575,1.3545708318435243,1.33984976751093,0.658512020083531
0.8264229756052575,1.3545708318435243,1.2969933898323558,0.658512020083531
0.8264229756052575,1.3545708318435243,1.4227502256399618,0.658512020083531
0.8264229756052575,1.3545708318435243,1.1886083996073487,0.658512020083531
0.8264229756052575,1.3545708318435243,1.2650588692136782,0.658512020083531
0.8264229756052575,1.3545708318435243,1.4201049651770343,0.658512020083531
0.8264229756052575,1.3545708318435243,1.2399722687625345,0.658512020083531
0.8120777505374188,1.3545708318435243,1.308099964387889,0.658512020083531
0.8120777505374188,1.3545708318435243,1.4213829530780373,0.658512020083531
0.8120777505374188,1.3545708318435243,1.4950944016539358,0.658512020083531
0.8120777505374188,1.3545708318435243,1.3769201393576833,0.658512020083531
0.8120777505374188,1.3545708318435243,1.3372221016597332,0.658512020083531
0.8120777505374188,1.3545708318435243,1.2816978135102035,0.658512020083531
0.8120777505374188,1.3545708318435243,1.3016846250996585,0.658512020083531
0.8120777505374188,1.3545708318435243,1.4002497586627514,0.658512020083531
0.8120777505374188,1.3545708318435243,1.3446007097988255,0.658512020083531
0.8120777505374188,1.3545708318435243,1.423259514155376,0.658512020083531
0.8120777505374188,1.3545708318435243,1.5872574946286284,0.658512020083531
0.8120777505374188,1.3545708318435243,1.3593207818830153,0.658512020083531
0.8120777505374188,1.3545708318435243,1.434753546446471,0.658512020083531
0.8120777505374188,1.3545708318435243,1.405950875373984,0.658512020083531
0.7295532744727871,1.3545708318435243,1.628254695068699,0.658512020083531
0.7295532744727871,1.3545708318435243,1.6083517927197781,0.658512020083531
0.7295532744727871,1.3545708318435243,1.7748922426810725,0.658512020083531
0.7295532744727871,1.3545708318435243,1.5674560240786501,0.658512020083531
0.7295532744727871,1.3545708318435243,1.7138463385059797,0.658512020083531
0.7295532744727871,1.3545708318435243,1.536782282066322,0.658512020083531
0.7295532744727871,1.3545708318435243,1.4825639607182264,0.658512020083531
0.7295532744727871,1.3545708318435243,1.7175420815002027,0.658512020083531
0.7295532744727871,1.3545708318435243,1.5514641449952233,0.658512020083531
0.7295532744727871,1.3545708318435243,1.5813845209853636,0.658512020083531
0.7295532744727871,1.3545708318435243,1.4974164156141039,0.658512020083531
0.7295532744727871,1.3545708318435243,1.390521861756682,0.658512020083531
0.7295532744727871,1.3545708318435243,1.511039388902561,0.658512020083531
0.7295532744727871,1.3545708318435243,1.532522772458818,0.658512020083531
0.7295532744727871,1.398404333386915,1.6903912712043214,0.658512020083531
0.7295532744727871,1.398404333386915,1.3537684306968913,0.658512020083531
0.7295532744727871,1.398404333386915,1.5997273414632158,0.6457178294738097
0.7295532744727871,1.398404333386915,1.3898937277432288,0.6457178294738097
0.7295532744727871,1.398404333386915,1.3728624991866394,0.6457178294738097
0.7295532744727871,1.398404333386915,1.3175437985139888,0.6457178294738097
0.7295532744727871,1.398404333386915,1.5168995715119133,0.6457178294738097
0.7852919860873824,1.398404333386915,1.3331660883861383,0.6457178294738097
0.7852919860873824,1.398404333386915,1.35040797768535,0.6457178294738097
0.7852919860873824,1.398404333386915,1.3157114084396233,0.6457178294738097
0.8896962675969057,1.398404333386915,1.1281535493655415,0.6457178294738097
0.8896962675969057,1.398404333386915,1.1629733677714582,0.6457178294738097
0.8896962675969057,1.398404333386915,1.1365386469462766,0.6457178294738097
0.8896962675969057,1.398404333386915,1.180636977087477,0.6457178294738097
0.8896962675969057,1.398404333386915,1.106556306279323,0.6457178294738097
0.8896962675969057,1.398404333386915,1.1686248099636471,0.6457178294738097
0.8896962675969057,1.398404333386915,1.1901330707227118,0.6457178294738097
0.8896962675969057,1.398404333386915,1.1521427041289953,0.6457178294738097
0.8896962675969057,1.398404333386915,1.1903642930342568,0.6457178294738097
0.8896962675969057,1.398404333386915,1.1326253777437723,0.6457178294738097
0.8896962675969057,1.398404333386915,1.1869529227091546,0.6457178294738097
0.8896962675969057,1.398404333386915,1.138461068825555,0.6457178294738097
0.8896962675969057,1.398404333386915,1.2801310854614847,0.6451212189174433
0.8896962675969057,1.398404333386915,1.1346193628197487,0.6451212189174433
0.8896962675969057,1.398404333386915,1.13209161265509,0.6451212189174433
0.8896962675969057,1.398404333386915,1.1303965848935997,0.6451212189174433
0.8896962675969057,1.398404333386915,1.1539632472153927,0.6451212189174433
0.8896962675969057,1.398404333386915,1.1619205348601047,0.6451212189174433
0.8896962675969057,1.398404333386915,1.1938942434341386,0.6451212189174433
0.8896962675969057,1.398404333386915,1.1290620561324838,0.6451212189174433
0.8788870118979403,1.398404333386915,1.201487574910161,0.6451212189174433
0.8788870118979403,1.398404333386915,1.3162604380748708,0.6451212189174433
0.8788870118979403,1.398404333386915,1.1275660059944432,0.6451212189174433
0.8788870118979403,1.398404333386915,1.0359892461980649,0.6451212189174433
0.8788870118979403,1.398404333386915,1.132885710485031,0.6451212189174433
0.8788870118979403,1.398404333386915,1.1897181066622644,0.6451212189174433
0.8788870118979403,1.398404333386915,1.0926750463497565,0.6451212189174433
0.8788870118979403,1.398404333386915,1.2038336470873343,0.6451212189174433
0.8788870118979403,1.398404333386915,1.1324181723537587,0.6451212189174433
0.8788870118979403,1.398404333386915,1.0573352660490507,0.6451212189174433
0.8788870118979403,1.398404333386915,1.188866465377312,0.6451212189174433
0.8788870118979403,1.398404333386915,1.186203956547623,0.6451212189174433
0.8788870118979403,1.398404333386915,1.1158848808946753,0.6451212189174433
0.8788870118979403,1.398404333386915,1.0742992690513873,0.6451212189174433
0.8788870118979403,1.398404333386915,1.166531426487409,0.6904189624237663
0.8788870118979403,1.398404333386915,1.297916930835764,0.6904189624237663
0.8788870118979403,1.398404333386915,1.2427339728026783,0.6904189624237663
0.8788870118979403,1.398404333386915,1.223289561739121,0.6904189624237663
0.8788870118979403,1.398404333386915,1.1146221105962089,0.6904189624237663
0.8788870118979403,1.398404333386915,1.2007791838354887,0.6838817601582607
0.8788870118979403,1.398404333386915,1.2709347943748865,0.6417767979757392
0.8788870118979403,1.3676617847958126,1.199103463219697,0.6417767979757392
0.8788870118979403,1.3676617847958126,1.2666093759509294,0.6417767979757392
0.8788870118979403,1.3676617847958126,1.2663577010219664,0.6417767979757392
0.8788870118979403,1.3676617847958126,1.1641067976990451,0.6417767979757392
0.8788870118979403,1.3676617847958126,1.305291869685818,0.6417767979757392
0.8193434144688404,1.3676617847958126,1.4062063376808558,0.6417767979757392
0.8193434144688404,1.3676617847958126,1.6002192097090437,0.6417767979757392
0.8193434144688404,1.4028888474262398,1.3380196972417133,0.6417767979757392
0.8193434144688404,1.4028888474262398,1.1724106390815918,0.6417767979757392
0.8193434144688404,1.4028888474262398,1.2667066248090735,0.6417767979757392
0.8193434144688404,1.4028888474262398,1.207528439043538,0.6417767979757392
0.8193434144688404,1.4028888474262398,1.2276030469405574,0.6417767979757392
0.8193434144688404,1.4028888474262398,1.3014469650433218,0.7096066714617942
0.8193434144688404,1.428544322015786,1.2215793208167192,0.7096066714617942
0.8193434144688404,1.428544322015786,1.2418057759337329,0.6478553700729988
0.8193434144688404,1.428544322015786,1.0874415775699846,0.6478553700729988
0.8193434144688404,1.428544322015786,1.1403330527558413,0.6478553700729988
0.8193434144688404,1.428544322015786,1.0710068195037241,0.6478553700729988
0.8193434144688404,1.428544322015786,1.0845246173600709,0.6478553700729988
0.8193434144688404,1.428544322015786,1.226215052162921,0.6478553700729988
0.8193434144688404,1.428544322015786,1.293318241553788,0.6478553700729988
0.8193434144688404,1.428544322015786,1.102621452861157,0.6478553700729988
0.8193434144688404,1.428544322015786,1.2350071108862508,0.6478553700729988
0.8193434144688404,1.428544322015786,1.1448061061673935,0.6478553700729988
0.8193434144688404,1.428544322015786,1.2082424347246659,0.6478553700729988
0.8193434144688404,1.428544322015786,1.102112286737683,0.6512429414317583
0.8193434144688404,1.428544322015786,1.1619483484091018,0.6512429414317583
0.8193434144688404,1.428544322015786,1.159671929174812,0.6512429414317583
0.8193434144688404,1.428544322015786,1.2072630519671164,0.6512429414317583
0.8193434144688404,1.428544322015786,1.3093983623779921,0.6512429414317583
0.8456813377586346,1.428544322015786,1.173190445339021,0.6512429414317583
0.8456813377586346,1.420057924438215,1.216537804449399,0.6512429414317583
0.8456813377586346,1.420057924438215,1.26622431738514,0.6512429414317583
0.8456813377586346,1.420057924438215,1.074826559271789,0.6512429414317583
0.8456813377586346,1.420057924438215,1.0070146336289891,0.6512429414317583
0.8456813377586346,1.420057924438215,1.2122321059482175,0.6512429414317583
0.8602987657311071,1.420057924438215,1.063705725938654,0.6512429414317583
0.8602987657311071,1.420057924438215,1.11451516022398,0.6512429414317583
0.8602987657311071,1.3556617572029177,1.2695607576709218,0.6512429414317583
0.8602987657311071,1.3556617572029177,1.214680419607947,0.6512429414317583
0.8602987657311071,1.3556617572029177,1.3315062061842438,0.6512429414317583
0.8602987657311071,1.3556617572029177,1.2688352370449774,0.6512429414317583
0.8602987657311071,1.3556617572029177,1.4461687374290517,0.6853538128445976
0.8602987657311071,1.3556617572029177,1.252044468868771,0.6780702070836233
0.8602987657311071,1.3556617572029177,1.3888637365935346,0.6780702070836233
0.8602987657311071,1.3556617572029177,1.453165096282962,0.706542123853704
0.8602987657311071,1.3556617572029177,1.4926067516875579,0.706542123853704
0.8602987657311071,1.3556617572029177,1.3962319012438804,0.706542123853704
0.8602987657311071,1.3556617572029177,1.3531916667133894,0.706542123853704
0.8602987657311071,1.3556617572029177,1.371369705047073,0.706542123853704
0.8602987657311071,1.3556617572029177,1.4286277327557506,0.706542123853704
0.8602987657311071,1.3556617572029177,1.2463631024380677,0.706542123853704
0.8602987657311071,1.3556617572029177,1.3907810045175237,0.706542123853704
0.8602987657311071,1.3556617572029177,1.3294216230653444,0.706542123853704
0.8602987657311071,1.3556617572029177,1.4708862805454501,0.706542123853704
0.8602987657311071,1.3556617572029177,1.4383017073998825,0.706542123853704
0.8602987657311071,1.3556617572029177,1.4235833742616928,0.706542123853704
0.8602987657311071,1.3556617572029177,1.2849578586785817,0.706542123853704
0.8602987657311071,1.3556617572029177,1.4432802371817908,0.706542123853704
0.8602987657311071,1.3556617572029177,1.318624931268299,0.706542123853704
0.8602987657311071,1.3556617572029177,1.4053488863276846,0.6186872308499002
0.8602987657311071,1.3556617572029177,1.2985617201025006,0.6186872308499002
0.8355743660718133,1.3556617572029177,1.2857598731649575,0.6522670817103373
0.8355743660718133,1.3556617572029177,1.410414091935997,0.6522670817103373
0.8355743660718133,1.3556617572029177,1.345213595221953,0.6522670817103373
0.8355743660718133,1.3556617572029177,1.362474974607053,0.6522670817103373
0.8355743660718133,1.3556617572029177,1.3552910608330722,0.6522670817103373
0.8355743660718133,1.3556617572029177,1.5303096984988163,0.6522670817103373
0.8355743660718133,1.3556617572029177,1.277952647511338,0.6522670817103373
0.8355743660718133,1.3556617572029177,1.3676977904744458,0.6522670817103373
0.8355743660718133,1.3556617572029177,1.3908089876404301,0.6522670817103373
0.8355743660718133,1.3556617572029177,1.5015282955391325,0.6522670817103373
0.8355743660718133,1.3556617572029177,1.548845963097668,0.6522670817103373
0.8355743660718133,1.3556617572029177,1.3254533257758292,0.6522670817103373
0.8355743660718133,1.3556617572029177,1.3035070159936257,0.6522670817103373
0.8355743660718133,1.3556617572029177,1.3634128167608854,0.6522670817103373
0.8355743660718133,1.3556617572029177,1.2837358902885925,0.6522670817103373
0.8355743660718133,1.3556617572029177,1.327257017881585,0.6522670817103373
0.8355743660718133,1.3556617572029177,1.4934189079058462,0.6522670817103373
0.8355743660718133,1.3556617572029177,1.3304605585804479,0.6522670817103373
0.8355743660718133,1.3556617572029177,1.2090908017823832,0.6522670817103373
0.8355743660718133,1.3556617572029177,1.349338388337641,0.6682300494719667
0.8355743660718133,1.3556617572029177,1.344012915357194,0.6682300494719667
0.8355743660718133,1.3556617572029177,1.4255445636307538,0.6682300494719667
0.8355743660718133,1.3556617572029177,1.4305543340211224,0.6682300494719667
0.8355743660718133,1.3556617572029177,1.317820784045727,0.6682300494719667
0.8355743660718133,1.3556617572029177,1.4683100864079661,0.6682300494719667
0.8355743660718133,1.3556617572029177,1.2293198744280696,0.6682300494719667
0.8355743660718133,1.3556617572029177,1.3801400426459256,0.6682300494719667
0.8355743660718133,1.3556617572029177,1.2435091798366795,0.6682300494719667
0.8355743660718133,1.3556617572029177,1.2196501523713081,0.6682300494719667
0.8355743660718133,1.3556617572029177,1.4334085637057528,0.6682300494719667
0.8355743660718133,1.3556617572029177,1.3737559002696047,0.6682300494719667
0.8355743660718133,1.3556617572029177,1.4042213524426297,0.6682300494719667
0.8355743660718133,1.3556617572029177,1.461876733968138,0.6682300494719667
0.8355743660718133,1.3883193969891867,1.4114183512515044,0.6682300494719667
0.8355743660718133,1.3883193969891867,1.173709604021061,0.6682300494719667
0.8355743660718133,1.3883193969891867,1.2674530480672928,0.6682300494719667
0.8355743660718133,1.3883193969891867,1.3804460120538153,0.6682300494719667
0.8355743660718133,1.3883193969891867,1.31710380199598,0.6682300494719667
0.8355743660718133,1.3883193969891867,1.2180214988279328,0.6682300494719667
0.8355743660718133,1.3883193969891867,1.3933509654702882,0.6682300494719667
0.8355743660718133,1.4447771109412033,1.2135297627045345,0.6682300494719667
0.8355743660718133,1.4447771109412033,1.1509386197090112,0.6947979426737174
0.8355743660718133,1.4447771109412033,1.1322621381312046,0.6947979426737174
0.8355743660718133,1.4447771109412033,1.172784568147313,0.6947979426737174
0.8355743660718133,1.4447771109412033,1.102566544478561,0.6947979426737174
0.8355743660718133,1.4447771109412033,1.172716396132352,0.6947979426737174
0.8355743660718133,1.4447771109412033,1.2286299396039233,0.6947979426737174
0.8355743660718133,1.4447771109412033,1.2444556643857914,0.6947979426737174
0.8355743660718133,1.4447771109412033,1.1932367604799057,0.6947979426737174
0.8355743660718133,1.4447771109412033,1.3086330974532168,0.6947979426737174
0.8355743660718133,1.4447771109412033,1.2243623074674739,0.6947979426737174
0.8355743660718133,1.4447771109412033,1.203565143258304,0.6947979426737174
0.8355743660718133,1.4447771109412033,1.0898031195267854,0.6947979426737174
0.8355743660718133,1.4447771109412033,1.119900439754054,0.6599826984003422
0.8355743660718133,1.4447771109412033,1.0932774202271227,0.6599826984003422
0.8355743660718133,1.4447771109412033,1.0840497892941559,0.6599826984003422
0.8355743660718133,1.4447771109412033,1.1181734257408011,0.6599826984003422
0.8355743660718133,1.4447771109412033,1.1867389347648714,0.6599826984003422
0.8355743660718133,1.4447771109412033,1.1361982882717128,0.6599826984003422
0.8355743660718133,1.4447771109412033,1.1836927571254225,0.6599826984003422
0.8355743660718133,1.4447771109412033,1.078020843919031,0.6599826984003422
0.8355743660718133,1.4447771109412033,1.0872502812878657,0.6599826984003422
0.8355743660718133,1.4447771109412033,1.1411585315263433,0.6599826984003422
0.8355743660718133,1.4447771109412033,1.1186262448627173,0.6599826984003422
0.8355743660718133,1.355090016105051,1.2652279104843867,0.6410439546201923
0.8355743660718133,1.355090016105051,1.2879781863993145,0.6410439546201923
0.8355743660718133,1.355090016105051,1.3410136240005086,0.6410439546201923
0.8355743660718133,1.355090016105051,1.3931547232278432,0.6410439546201923
0.8355743660718133,1.355090016105051,1.3919278379791507,0.6410439546201923
0.8355743660718133,1.355090016105051,1.354792065682436,0.6410439546201923
0.8355743660718133,1.355090016105051,1.2936485828235968,0.6410439546201923
0.8355743660718133,1.355090016105051,1.3594950469334661,0.6410439546201923
0.8355743660718133,1.355090016105051,1.27920662641773,0.6410439546201923
0.8355743660718133,1.355090016105051,1.4088534188237456,0.6410439546201923
0.8355743660718133,1.355090016105051,1.3868841922602784,0.6410439546201923
0.8355743660718133,1.355090016105051,1.4772932619702388,0.6410439546201923
0.8355743660718133,1.355090016105051,1.2880812469183547,0.6410439546201923
0.8355743660718133,1.355090016105051,1.3248256007146253,0.6410439546201923
0.8355743660718133,1.355090016105051,1.2561453818833952,0.6410439546201923
0.8355743660718133,1.355090016105051,1.5048879631615761,0.6410439546201923
0.8355743660718133,1.355090016105051,1.269088637975124,0.6410439546201923
0.8355743660718133,1.355090016105051,1.3978186633740182,0.6410439546201923
0.8569046881219271,1.355090016105051,1.3462883937951573,0.6410439546201923
0.8569046881219271,1.355090016105051,1.4412822751053085,0.6410439546201923
0.8569046881219271,1.355090016105051,1.255273379471345,0.6410439546201923
0.8569046881219271,1.355090016105051,1.2735434176655243,0.6719599567536061
0.8569046881219271,1.355090016105051,1.313758975878349,0.6719599567536061
0.8569046881219271,1.355090016105051,1.2470718464441048,0.6719599567536061
0.8569046881219271,1.355090016105051,1.5148023865669678,0.6719599567536061
0.8569046881219271,1.355090016105051,1.4885711198925105,0.6719599567536061
0.8569046881219271,1.355090016105051,1.446109718691923,0.6719599567536061
0.8569046881219271,1.355090016105051,1.3157758626669418,0.6719599567536061
0.8569046881219271,1.355090016105051,1.3658808561042735,0.6719599567536061
0.8569046881219271,1.355090016105051,1.2978697378719795,0.6719599567536061
0.8569046881219271,1.355090016105051,1.3815409294084888,0.6719599567536061
0.8569046881219271,1.355090016105051,1.3297125081631769,0.6719599567536061
0.8569046881219271,1.355090016105051,1.386712541083116,0.6719599567536061
0.8569046881219271,1.355090016105051,1.3060644655956313,0.6719599567536061
0.8569046881219271,1.355090016105051,1.359512435981116,0.6719599567536061
0.8569046881219271,1.355090016105051,1.242378632985165,0.6719599567536061
0.8569046881219271,1.355090016105051,1.3743878031783536,0.6719599567536061
0.8569046881219271,1.355090016105051,1.3264558663356953,0.6719599567536061
0.8569046881219271,1.355090016105051,1.3484087048161113,0.6719599567536061
0.8569046881219271,1.355090016105051,1.390139818343188,0.6719599567536061
0.8569046881219271,1.355090016105051,1.3864781920079838,0.6719599567536061
0.8569046881219271,1.355090016105051,1.3517749025916637,0.6719599567536061
0.8569046881219271,1.355090016105051,1.3515901291308599,0.6719599567536061
0.8569046881219271,1.355090016105051,1.4231145896394333,0.6719599567536061
0.8569046881219271,1.355090016105051,1.5463906104799197,0.6719599567536061
0.8569046881219271,1.355090016105051,1.1664557511848985,0.6719599567536061
0.8569046881219271,1.3304805838044562,1.4091685738331314,0.6719599567536061
0.8569046881219271,1.3304805838044562,1.3370918279354564,0.6719599567536061
0.8569046881219271,1.3304805838044562,1.4210497870204835,0.6719599567536061
0.7864045751999083,1.3304805838044562,1.3651959391415607,0.6719599567536061
0.7864045751999083,1.3304805838044562,1.4736094142627,0.6719599567536061
0.7864045751999083,1.3304805838044562,1.524160179448356,0.6719599567536061
0.7864045751999083,1.3304805838044562,1.5326333912162808,0.6719599567536061
0.7864045751999083,1.3304805838044562,1.4751195914823054,0.6719599567536061
0.7864045751999083,1.3304805838044562,1.6200806349723995,0.6719599567536061
0.7864045751999083,1.3304805838044562,1.6164389157261294,0.6719599567536061
0.7864045751999083,1.3304805838044562,1.3905741916443377,0.6719599567536061
0.7864045751999083,1.3304805838044562,1.5547070457846959,0.6719599567536061
0.7864045751999083,1.3304805838044562,1.6793729016444643,0.6719599567536061
0.7864045751999083,1.3304805838044562,1.7897574716638953,0.6719599567536061
0.7864045751999083,1.3717183427060324,1.623640796679001,0.6719599567536061
0.7864045751999083,1.3717183427060324,1.390051801873034,0.6719599567536061
0.7864045751999083,1.3717183427060324,1.3907870753683356,0.6719599567536061
0.7864045751999083,1.3717183427060324,1.4802759643758274,0.6719599567536061
0.7864045751999083,1.3717183427060324,1.3638785527867785,0.6780782323725582
0.7864045751999083,1.3717183427060324,1.500056664411572,0.6780782323725582
0.7864045751999083,1.3717183427060324,1.3622643881374683,0.6780782323725582
0.7864045751999083,1.3717183427060324,1.6574626607852343,0.6780782323725582
0.7864045751999083,1.3717183427060324,1.5145408003113179,0.6780782323725582
0.7864045751999083,1.3717183427060324,1.257427138558009,0.6780782323725582
0.7864045751999083,1.3717183427060324,1.3587960812275146,0.6780782323725582
0.7864045751999083,1.3717183427060324,1.415781318955302,0.6780782323725582
0.7864045751999083,1.3717183427060324,1.5671732773335803,0.6780782323725582
0.7864045751999083,1.3717183427060324,1.36562020356758,0.6780782323725582
0.7864045751999083,1.3717183427060324,1.3674786002383008,0.6780782323725582
0.7864045751999083,1.3717183427060324,1.378678018141151,0.6780782323725582
0.7864045751999083,1.3717183427060324,1.4598356871209086,0.6780782323725582
0.7864045751999083,1.3717183427060324,1.4456345139120028,0.6780782323725582
0.7864045751999083,1.3234968017189674,1.5735589713332527,0.6075964366010974
0.7864045751999083,1.3234968017189674,1.5334733122591535,0.6075964366010974
0.7864045751999083,1.3234968017189674,1.4154728616021155,0.6075964366010974
0.7864045751999083,1.3234968017189674,1.4520709142638921,0.6075964366010974
0.7864045751999083,1.3234968017189674,1.4080308183136314,0.6075964366010974
0.7864045751999083,1.3234968017189674,1.6253980711552083,0.6075964366010974
0.7864045751999083,1.3234968017189674,1.4063758606172516,0.6075964366010974
0.7864045751999083,1.3234968017189674,1.3640795567961823,0.6075964366010974
0.7864045751999083,1.3234968017189674,1.4301831217554972,0.6075964366010974
0.7864045751999083,1.3334366645751043,1.3575934073491387,0.6075964366010974
0.7864045751999083,1.3334366645751043,1.3864598200191856,0.6075964366010974
0.7864045751999083,1.3334366645751043,1.5375599251669454,0.6075964366010974
0.7864045751999083,1.3334366645751043,1.43991369002207,0.6075964366010974
0.7864045751999083,1.3334366645751043,1.429184872974878,0.6075964366010974
0.8214838782996816,1.3334366645751043,1.34763036595513,0.6075964366010974
0.8214838782996816,1.3334366645751043,1.3035084075321302,0.6075964366010974
0.8214838782996816,1.3334366645751043,1.419593877378499,0.6075964366010974
0.8173955099588793,1.3334366645751043,1.3950653717786303,0.6075964366010974
0.8173955099588793,1.3334366645751043,1.4373020070799265,0.6075964366010974
0.8173955099588793,1.3334366645751043,1.382543569453895,0.6075964366010974
0.8173955099588793,1.3334366645751043,1.434800691972024,0.6075964366010974
0.8173955099588793,1.3334366645751043,1.4888239229877789,0.6075964366010974
0.8173955099588793,1.3334366645751043,1.2738520557305226,0.6075964366010974
0.8173955099588793,1.3334366645751043,1.5065773221766627,0.6075964366010974
0.8173955099588793,1.3334366645751043,1.5712504584111666,0.6075964366010974
0.8173955099588793,1.3334366645751043,1.3253574788355231,0.6075964366010974
0.8173955099588793,1.3334366645751043,1.4980245264448533,0.6075964366010974
0.8173955099588793,1.3334366645751043,1.3309846755637822,0.6075964366010974
0.8173955099588793,1.3334366645751043,1.3119511251193203,0.6075964366010974
0.8173955099588793,1.3334366645751043,1.4515191880009917,0.6075964366010974
0.8173955099588793,1.3334366645751043,1.3065934376960804,0.6075964366010974
0.8173955099588793,1.3334366645751043,1.4029513497127661,0.6075964366010974
0.8173955099588793,1.3334366645751043,1.4119400660405907,0.6075964366010974
0.8173955099588793,1.3334366645751043,1.437508430393809,0.6075964366010974
0.8173955099588793,1.3334366645751043,1.5087614701394845,0.6075964366010974
0.8173955099588793,1.3334366645751043,1.3504769625467252,0.6075964366010974
0.8173955099588793,1.3334366645751043,1.2875334358612314,0.6075964366010974
0.8173955099588793,1.3334366645751043,1.3210218635389357,0.6075964366010974
0.8173955099588793,1.3334366645751043,1.3556454934889797,0.6075964366010974
0.8173955099588793,1.3334366645751043,1.4201488628467593,0.6075964366010974
0.8173955099588793,1.3334366645751043,1.427365411542212,0.6075964366010974
0.8173955099588793,1.3334366645751043,1.3584568124013796,0.6459471970395168
0.8173955099588793,1.3334366645751043,1.3797290890124536,0.6459471970395168
0.8173955099588793,1.3796854347084113,1.4970438416975016,0.6459471970395168
0.8173955099588793,1.3860346610782945,1.3556919233605054,0.6459471970395168
0.8173955099588793,1.3860346610782945,1.2394661250215513,0.6459471970395168
0.8173955099588793,1.3860346610782945,1.3700293086431423,0.6459471970395168
0.8173955099588793,1.3860346610782945,1.3778364176171791,0.6459471970395168
0.8173955099588793,1.3860346610782945,1.2789924947685885,0.6459471970395168
0.8173955099588793,1.4521981913027415,1.2033983436758007,0.6459471970395168
0.8173955099588793,1.4521981913027415,1.0497719133400294,0.6459471970395168
0.8173955099588793,1.4521981913027415,1.018296450202095,0.6459471970395168
0.8173955099588793,1.4521981913027415,1.1316034455876705,0.6459471970395168
0.8173955099588793,1.4521981913027415,1.1768453250184976,0.6459471970395168
0.8173955099588793,1.4521981913027415,1.0503459179535208,0.6459471970395168
0.8173955099588793,1.4521981913027415,1.104947149764762,0.6459471970395168
0.8173955099588793,1.4521981913027415,1.1170852140783816,0.6459471970395168
0.8173955099588793,1.4521981913027415,1.1383593994845096,0.6459471970395168
0.8173955099588793,1.4521981913027415,1.0473702635762188,0.6459471970395168
0.8173955099588793,1.4521981913027415,1.0775361123666412,0.6459471970395168
0.8173955099588793,1.4521981913027415,1.1970453692413323,0.6459471970395168
0.8173955099588793,1.4521981913027415,1.0753258482914063,0.6459471970395168
0.8173955099588793,1.4521981913027415,1.1132055565994792,0.6459471970395168
0.8173955099588793,1.4521981913027415,1.1927501788934936,0.6459471970395168
0.8173955099588793,1.4521981913027415,1.111937491381926,0.6459471970395168
0.8173955099588793,1.4521981913027415,1.0593006612498697,0.6459471970395168
0.8173955099588793,1.4521981913027415,0.980189205303076,0.6459471970395168
0.8173955099588793,1.4521981913027415,1.1379094567012444,0.6459471970395168
0.8173955099588793,1.4521981913027415,1.1656299738742615,0.6459471970395168
0.8173955099588793,1.4521981913027415,1.1268687844659493,0.6459471970395168
0.8173955099588793,1.4521981913027415,1.1738325465224286,0.6459471970395168
0.7858466753640905,1.4521981913027415,1.0445885935104067,0.6459471970395168
0.7858466753640905,1.4521981913027415,1.3081822850294438,0.6906424200376801
0.7858466753640905,1.4521981913027415,1.2613648735759102,0.6906424200376801
0.7858466753640905,1.4521981913027415,1.2583599487867505,0.6906424200376801
0.7858466753640905,1.4521981913027415,1.2481808463757198,0.6906424200376801
0.7858466753640905,1.4521981913027415,1.2780381775270027,0.6906424200376801
0.7858466753640905,1.4521981913027415,1.2290380685305813,0.6906424200376801
0.7858466753640905,1.4521981913027415,1.1285586764877695,0.6906424200376801
0.8967872716747224,1.4521981913027415,1.1614128724999482,0.6906424200376801
0.8600784289483778,1.4521981913027415,1.0165532661794228,0.6906424200376801
0.8600784289483778,1.4854503280862283,0.9902760650519631,0.6906424200376801
0.8600784289483778,1.4854503280862283,1.0351794908284313,0.6906424200376801
0.8600784289483778,1.4854503280862283,0.9510883182004523,0.6906424200376801
0.8600784289483778,1.4854503280862283,1.0906504686865848,0.6906424200376801
0.8600784289483778,1.4854503280862283,1.0256656511180267,0.6906424200376801
0.8600784289483778,1.4854503280862283,1.0677933099899193,0.6906424200376801
0.8600784289483778,1.4854503280862283,1.034885260512555,0.694346766945827
0.8600784289483778,1.4854503280862283,0.9788734818386291,0.694346766945827
0.8600784289483778,1.4854503280862283,0.9613313178287933,0.694346766945827
0.8600784289483778,1.4854503280862283,1.0970760953720877,0.694346766945827
0.8600784289483778,1.4854503280862283,1.067208361973684,0.694346766945827
0.8600784289483778,1.4854503280862283,1.0778524075664409,0.694346766945827
0.8600784289483778,1.4854503280862283,1.0677507377305453,0.694346766945827
0.8600784289483778,1.4854503280862283,1.0065400990758817,0.694346766945827
0.8600784289483778,1.4854503280862283,1.0392242075789586,0.694346766945827
0.8600784289483778,1.4854503280862283,1.0900419312777871,0.7962523826548136
0.8600784289483778,1.4854503280862283,1.249295695580478,0.7962523826548136
0.8600784289483778,1.4854503280862283,1.1040310124634762,0.7871544642486444
0.8600784289483778,1.4854503280862283,1.20709480268237,0.7871544642486444
0.8600784289483778,1.4854503280862283,1.0925495403526295,0.7871544642486444
0.8600784289483778,1.4854503280862283,1.054577856424873,0.7871544642486444
0.8600784289483778,1.4854503280862283,1.1579864531241395,0.7871544642486444
0.8600784289483778,1.4854503280862283,1.0876287230073736,0.7871544642486444
0.8600784289483778,1.4854503280862283,1.1769263591111048,0.7871544642486444
0.8600784289483778,1.4854503280862283,1.0896829718842365,0.7871544642486444
0.8600784289483778,1.4854503280862283,1.150208553885413,0.7871544642486444
0.8600784289483778,1.4854503280862283,1.1173241904092972,0.7871544642486444
0.8600784289483778,1.4854503280862283,1.0599361185380425,0.7871544642486444
0.8600784289483778,1.4854503280862283,1.041647915547884,0.641460827370714
0.8600784289483778,1.4854503280862283,0.937681954628068,0.641460827370714
0.8600784289483778,1.4854503280862283,0.9224286758251409,0.641460827370714
0.8600784289483778,1.418556499639984,0.9668177602909702,0.641460827370714
0.8600784289483778,1.418556499639984,1.0981328727078896,0.641460827370714
0.8600784289483778,1.418556499639984,1.132048613684981,0.6714416306396422
0.8600784289483778,1.418556499639984,1.1378591782641618,0.6714416306396422
0.8600784289483778,1.418556499639984,1.251750659096312,0.6714416306396422
0.8600784289483778,1.418556499639984,1.0871789169771169,0.6714416306396422
0.8600784289483778,1.418556499639984,1.1731033233740342,0.6714416306396422
0.8600784289483778,1.418556499639984,1.1301434612974095,0.6714416306396422
0.8600784289483778,1.418556499639984,1.1225561693527888,0.6714416306396422
0.8600784289483778,1.418556499639984,1.1768692344409772,0.6714416306396422
0.8600784289483778,1.418556499639984,1.1342994543409677,0.6714416306396422
0.8600784289483778,1.418556499639984,1.1525584747159354,0.6714416306396422
0.8600784289483778,1.418556499639984,1.2457537509156975,0.6714416306396422
0.8600784289483778,1.418556499639984,1.1421765995399946,0.6714416306396422
0.8600784289483778,1.418556499639984,1.2984374627329929,0.6714416306396422
0.8600784289483778,1.418556499639984,1.0881361167842794,0.6714416306396422
0.8600784289483778,1.418556499639984,1.2215993354026145,0.6714416306396422
0.8600784289483778,1.418556499639984,0.9864629944635128,0.6714416306396422
0.8600784289483778,1.418556499639984,1.1661471208434528,0.6714416306396422
0.8600784289483778,1.418556499639984,1.1295275014530612,0.6714416306396422
0.8600784289483778,1.418556499639984,1.3419896970969543,0.6714416306396422
0.891964834912833,1.418556499639984,1.1425004834968466,0.6714416306396422
0.891964834912833,1.418556499639984,1.1103261455004798,0.6714416306396422
0.891964834912833,1.418556499639984,1.009614897239058,0.6714416306396422
0.891964834912833,1.418556499639984,1.0876218535841498,0.6714416306396422
0.891964834912833,1.418556499639984,1.1640604869332758,0.6714416306396422
0.891964834912833,1.418556499639984,1.1710049611994087,0.6714416306396422
0.891964834912833,1.418556499639984,1.1681484320434157,0.6714416306396422
0.891964834912833,1.418556499639984,1.144439287111283,0.6714416306396422
0.891964834912833,1.418556499639984,1.0894965765118836,0.6714416306396422
0.891964834912833,1.418556499639984,1.061109833056245,0.6714416306396422
0.891964834912833,1.418556499639984,1.042449703520112,0.6714416306396422
0.891964834912833,1.418556499639984,1.057377114080285,0.6714416306396422
0.891964834912833,1.418556499639984,1.1829488454975796,0.6714416306396422
0.891964834912833,1.418556499639984,1.1784863183034024,0.6714416306396422
0.891964834912833,1.418556499639984,1.0426364243396975,0.6714416306396422
0.891964834912833,1.418556499639984,1.104589575492485,0.6714416306396422
0.891964834912833,1.418556499639984,1.0071688859470855,0.6714416306396422
0.891964834912833,1.418556499639984,1.136028467989618,0.6714416306396422
0.891964834912833,1.418556499639984,1.2963176078756777,0.6714416306396422
0.891964834912833,1.418556499639984,1.150477213946555,0.6714416306396422
0.891964834912833,1.418556499639984,1.1070974769841888,0.7050853757408178
0.891964834912833,1.418556499639984,1.2109769168402373,0.7050853757408178
0.891964834912833,1.418556499639984,1.257280057630584,0.7050853757408178
0.891964834912833,1.418556499639984,1.1785759873395203,0.7050853757408178
0.891964834912833,1.418556499639984,1.0633355682371464,0.7050853757408178
0.891964834912833,1.418556499639984,1.1066713093922695,0.7050853757408178
0.891964834912833,1.418556499639984,1.0482966019484359,0.7050853757408178
0.891964834912833,1.418556499639984,1.0546421221747946,0.7050853757408178
0.891964834912833,1.418556499639984,1.119727876185845,0.7050853757408178
0.891964834912833,1.418556499639984,1.1536809685714164,0.7050853757408178
0.891964834912833,1.418556499639984,1.094426472959653,0.7050853757408178
0.891964834912833,1.418556499639984,1.1524592034567225,0.7050853757408178
0.891964834912833,1.418556499639984,1.2397004674873786,0.7050853757408178
0.891964834912833,1.418556499639984,1.208495081824743,0.7050853757408178
0.891964834912833,1.418556499639984,1.0760096559657748,0.7050853757408178
0.891964834912833,1.418556499639984,1.1518634181601144,0.7050853757408178
0.891964834912833,1.418556499639984,1.088042285499918,0.7050853757408178
0.891964834912833,1.418556499639984,1.1834412744219984,0.7050853757408178
0.891964834912833,1.418556499639984,1.1770479133332532,0.7050853757408178
0.891964834912833,1.4625935116451125,1.075341145759722,0.7050853757408178
0.891964834912833,1.4625935116451125,1.0126038067216359,0.7050853757408178
0.891964834912833,1.4625935116451125,1.0469578316628032,0.7050853757408178
0.891964834912833,1.4625935116451125,0.9862545343010442,0.7050853757408178
0.891964834912833,1.4625935116451125,1.033867932971973,0.7050853757408178
0.891964834912833,1.4625935116451125,0.9912404237936322,0.7521213945420916
0.891964834912833,1.4625935116451125,1.051386255765177,0.7521213945420916
0.891964834912833,1.4625935116451125,1.062927635223371,0.7521213945420916
0.891964834912833,1.4625935116451125,1.2448460518030076,0.7521213945420916
0.891964834912833,1.4625935116451125,1.0760677189938497,0.7521213945420916
0.891964834912833,1.4625935116451125,1.099648047841159,0.7521213945420916
0.891964834912833,1.4625935116451125,1.033456625265756,0.7521213945420916
0.891964834912833,1.4668350154157734,1.0581288269485762,0.7521213945420916
0.891964834912833,1.4668350154157734,1.1598236279647938,0.7521213945420916
0.891964834912833,1.4668350154157734,1.1432884302569262,0.7521213945420916
0.891964834912833,1.4668350154157734,1.0325674024225944,0.7521213945420916
0.891964834912833,1.4668350154157734,1.0966913555254243,0.7521213945420916
0.891964834912833,1.4668350154157734,1.0284357608772856,0.7521213945420916
0.891964834912833,1.4668350154157734,1.079974280400012,0.7521213945420916
0.891964834912833,1.4668350154157734,1.107127763666624,0.7521213945420916
0.891964834912833,1.4668350154157734,1.1155213653650597,0.7521213945420916
0.891964834912833,1.4668350154157734,1.1055741339727112,0.7062896687751461
0.891964834912833,1.4668350154157734,1.0601050566809629,0.7062896687751461
0.891964834912833,1.4668350154157734,1.1298959951664564,0.7062896687751461
0.891964834912833,1.4668350154157734,1.048918782516239,0.7062896687751461
0.891964834912833,1.4668350154157734,0.9725891781306485,0.7062896687751461
0.981073405059936,1.4668350154157734,1.0099621421672997,0.7062896687751461
0.981073405059936,1.4668350154157734,0.9795968464041201,0.7062896687751461
0.981073405059936,1.4668350154157734,0.9157450207849698,0.7062896687751461
0.981073405059936,1.4668350154157734,1.0324255570090155,0.7062896687751461
0.981073405059936,1.4668350154157734,0.9051671285153902,0.7062896687751461
0.981073405059936,1.4668350154157734,0.9625758628409202,0.7062896687751461
0.981073405059936,1.4668350154157734,0.9451002907187842,0.7062896687751461
0.981073405059936,1.424261138671294,1.0189657979628428,0.7062896687751461
0.981073405059936,1.424261138671294,1.048624698500329,0.7062896687751461
0.981073405059936,1.424261138671294,0.9976090063936287,0.7062896687751461
0.981073405059936,1.424261138671294,1.0545315846589536,0.7062896687751461
0.981073405059936,1.424261138671294,0.9378509910791262,0.7062896687751461
0.981073405059936,1.424261138671294,0.9376623589109022,0.7062896687751461
0.981073405059936,1.424261138671294,1.0283949317737235,0.7062896687751461
0.981073405059936,1.424261138671294,0.9965169485165505,0.7062896687751461
0.981073405059936,1.424261138671294,1.0303460732534535,0.7062896687751461
0.981073405059936,1.424261138671294,0.987916917301832,0.7062896687751461
0.981073405059936,1.424261138671294,0.9750207186103796,0.7062896687751461
0.981073405059936,1.424261138671294,0.9623290891118055,0.7062896687751461
0.981073405059936,1.424261138671294,1.0240761285720885,0.7062896687751461
0.981073405059936,1.424261138671294,0.9678463378619343,0.7062896687751461
0.981073405059936,1.424261138671294,1.0116365403742147,0.7062896687751461
0.981073405059936,1.424261138671294,1.0029901202719145,0.7062896687751461
0.981073405059936,1.424261138671294,1.0343532774778235,0.7062896687751461
0.981073405059936,1.424261138671294,1.1278514725024693,0.7062896687751461
0.981073405059936,1.424261138671294,1.121994151735314,0.7062896687751461
0.981073405059936,1.424261138671294,1.006977929977098,0.7062896687751461
0.981073405059936,1.424261138671294,1.0488608434465398,0.7062896687751461
0.981073405059936,1.424261138671294,1.065278201640811,0.7062896687751461
0.981073405059936,1.424261138671294,1.0252332151309913,0.7062896687751461
0.981073405059936,1.424261138671294,1.0103620173161156,0.7062896687751461
0.981073405059936,1.424261138671294,0.9962005509182033,0.7062896687751461
0.981073405059936,1.424261138671294,1.0570763154246867,0.7062896687751461
0.981073405059936,1.424261138671294,1.1139851501902143,0.7062896687751461
0.981073405059936,1.424261138671294,1.0059901803792524,0.6780293432442194
0.981073405059936,1.424261138671294,1.0185985710490733,0.6780293432442194
0.981073405059936,1.424261138671294,1.04882379041083,0.6780293432442194
0.981073405059936,1.424261138671294,1.0063945946723787,0.6780293432442194
0.981073405059936,1.424261138671294,0.9725003539770374,0.6780293432442194
0.9506095226667656,1.424261138671294,0.9751075742643023,0.6780293432442194
0.9506095226667656,1.424261138671294,1.0922224050016607,0.6780293432442194
0.9506095226667656,1.424261138671294,1.1153607047312406,0.6780293432442194
0.9506095226667656,1.424261138671294,1.1592327290510511,0.6780293432442194
0.9506095226667656,1.424261138671294,1.0572508486968482,0.6780293432442194
0.9506095226667656,1.424261138671294,0.9552947407009167,0.6780293432442194
0.9372820094858733,1.424261138671294,1.0491400320772004,0.6780293432442194
0.9372820094858733,1.424261138671294,1.0201933988698593,0.6780293432442194
0.9372820094858733,1.424261138671294,1.1018678058322635,0.6780293432442194
0.9372820094858733,1.424261138671294,1.1110022953857388,0.6780293432442194
0.9372820094858733,1.424261138671294,1.1180395089515243,0.6780293432442194
0.9372820094858733,1.424261138671294,1.204126852800165,0.6780293432442194
0.9372820094858733,1.424261138671294,0.9894224639716561,0.6780293432442194
0.9372820094858733,1.424261138671294,1.0141506102724016,0.6780293432442194
0.9372820094858733,1.424261138671294,1.0345992880449326,0.6780293432442194
0.9372820094858733,1.4073422143979097,1.0607578855723088,0.6780293432442194
0.9372820094858733,1.4073422143979097,1.0988011004750982,0.6780293432442194
0.9372820094858733,1.4073422143979097,1.164473420226685,0.6970454688993626
0.9372820094858733,1.4073422143979097,1.0277831714160728,0.6970454688993626
0.9372820094858733,1.4073422143979097,1.0392298211169761,0.6970454688993626
0.9372820094858733,1.4073422143979097,1.0190865429073406,0.6970454688993626
0.9372820094858733,1.4073422143979097,1.0942430494959816,0.6970454688993626
0.9372820094858733,1.4073422143979097,1.108701802184801,0.6970454688993626
0.9372820094858733,1.4073422143979097,1.0839146105536572,0.6970454688993626
0.9372820094858733,1.4073422143979097,1.1123019543289208,0.6970454688993626
0.9372820094858733,1.4073422143979097,1.122452925482183,0.6970454688993626
0.9372820094858733,1.4073422143979097,1.1801491822475516,0.6970454688993626
0.9372820094858733,1.4073422143979097,1.0669623013742966,0.6970454688993626
0.9372820094858733,1.4073422143979097,1.18489081012519,0.6970454688993626
0.9372820094858733,1.4073422143979097,1.106809988868982,0.6970454688993626
0.9372820094858733,1.4073422143979097,1.1102558328053533,0.6970454688993626
0.9842280871727098,1.4073422143979097,1.1977090599106142,0.6970454688993626
0.9842280871727098,1.4073422143979097,1.0635299517511874,0.6970454688993626
0.9842280871727098,1.4073422143979097,1.1092039075694666,0.6970454688993626
0.9842280871727098,1.4073422143979097,1.0770510250052552,0.6970454688993626
0.9842280871727098,1.4073422143979097,1.066780917139458,0.6970454688993626
0.9842280871727098,1.4073422143979097,1.0526604109946671,0.6970454688993626
0.9842280871727098,1.4073422143979097,1.1408665217660385,0.6970454688993626
0.9842280871727098,1.3684340384711031,1.1335374998119478,0.6970454688993626
0.9842280871727098,1.3684340384711031,1.106977327167587,0.6970454688993626
0.9842280871727098,1.3684340384711031,1.2664033107228445,0.6970454688993626
0.9842280871727098,1.3684340384711031,1.1227523776066006,0.6970454688993626
0.9842280871727098,1.3684340384711031,1.1888214560228276,0.6970454688993626
0.9842280871727098,1.3684340384711031,1.106707734633699,0.6970454688993626
0.9842280871727098,1.3684340384711031,1.1530733554213721,0.6970454688993626
0.9842280871727098,1.3684340384711031,1.14491173515552,0.6970454688993626
0.9842280871727098,1.3684340384711031,1.3392161348092673,0.6970454688993626
0.9842280871727098,1.3684340384711031,1.2297015956929884,0.6970454688993626
0.9842280871727098,1.3684340384711031,1.1779186995125182,0.6970454688993626
0.9842280871727098,1.3684340384711031,1.1179507620818443,0.6970454688993626
0.9842280871727098,1.3684340384711031,1.1278935548000162,0.6970454688993626
0.9842280871727098,1.3684340384711031,1.1820727501415313,0.6970454688993626
0.9842280871727098,1.3684340384711031,1.110693733812259,0.6970454688993626
0.9842280871727098,1.3684340384711031,1.132820306908157,0.6970454688993626
0.9842280871727098,1.3684340384711031,1.1362772873437488,0.6970454688993626
0.9842280871727098,1.382071081704002,1.1302558440856632,0.6970454688993626
0.9842280871727098,1.382071081704002,1.1082745973919614,0.6970454688993626
0.9842280871727098,1.382071081704002,1.0976211493334698,0.6970454688993626
0.9312051785347939,1.382071081704002,1.141037324607277,0.6970454688993626
0.9312051785347939,1.382071081704002,1.215613279021998,0.6970454688993626
0.9312051785347939,1.382071081704002,1.2994572447015436,0.6970454688993626
0.9312051785347939,1.382071081704002,1.0909779388321936,0.6970454688993626
0.9312051785347939,1.382071081704002,1.3041886301600656,0.6970454688993626
0.9312051785347939,1.382071081704002,1.193784163110525,0.6970454688993626
0.9312051785347939,1.382071081704002,1.0534039672849727,0.6970454688993626
0.9312051785347939,1.382071081704002,1.1484768790289779,0.6970454688993626
0.9312051785347939,1.3944905325149988,1.2650905846234672,0.6970454688993626
0.9312051785347939,1.3944905325149988,1.177740364066652,0.6970454688993626
0.9312051785347939,1.3944905325149988,1.1128968450720982,0.6970454688993626
0.9312051785347939,1.3944905325149988,1.170246353802721,0.6970454688993626
0.9312051785347939,1.3944905325149988,1.2638407367223436,0.6970454688993626
0.9312051785347939,1.3944905325149988,1.2649411066406953,0.6970454688993626
0.9312051785347939,1.3944905325149988,1.2597097381282685,0.6970454688993626
0.9312051785347939,1.3944905325149988,1.1833343410478998,0.6970454688993626
0.9312051785347939,1.3951246484184565,1.0357471382312369,0.6970454688993626
0.9312051785347939,1.3951246484184565,1.1552114436654943,0.6970454688993626
0.9312051785347939,1.4106063657145431,1.2071928439908322,0.6970454688993626
0.9312051785347939,1.4106063657145431,1.0294889690730844,0.6970454688993626
0.9312051785347939,1.4106063657145431,1.1140188404655078,0.6970454688993626
0.9312051785347939,1.4106063657145431,1.0831180855935414,0.6970454688993626
0.9312051785347939,1.4106063657145431,1.1319776592235296,0.6970454688993626
0.9312051785347939,1.4106063657145431,1.174989914936382,0.6970454688993626
0.9312051785347939,1.4106063657145431,1.1398734111940074,0.6970454688993626
0.9312051785347939,1.4106063657145431,1.0834368751541492,0.6970454688993626
0.9312051785347939,1.4106063657145431,1.1148137939758762,0.6970454688993626
1.0033292141103112,1.4106063657145431,1.0575368612792455,0.6970454688993626
1.0033292141103112,1.4106063657145431,1.0684025123634702,0.6970454688993626
1.0033292141103112,1.4106063657145431,1.0143105708413223,0.6452815970856195
1.0808980516476412,1.4106063657145431,0.9742225353907265,0.6452815970856195
1.0808980516476412,1.4106063657145431,0.9108830387548038,0.6452815970856195
1.0808980516476412,1.4106063657145431,0.9694191014466031,0.6459093672910846
1.0808980516476412,1.4106063657145431,0.9509098579775735,0.6459093672910846
1.0808980516476412,1.4106063657145431,0.8848920497369117,0.6459093672910846
1.0808980516476412,1.4106063657145431,0.9244368915064283,0.6459093672910846
1.0808980516476412,1.4106063657145431,0.9551655562194847,0.6459093672910846
1.0808980516476412,1.4106063657145431,0.9324558310312352,0.6459093672910846
1.0808980516476412,1.4106063657145431,0.8901771054102646,0.6459093672910846
1.0808980516476412,1.4106063657145431,0.9096059574025064,0.6459093672910846
1.0808980516476412,1.4106063657145431,0.8606682018680495,0.6459093672910846
1.0808980516476412,1.4106063657145431,0.9021796261797164,0.6459093672910846
1.0808980516476412,1.4106063657145431,0.893674000107066,0.6459093672910846
1.0808980516476412,1.4106063657145431,0.9130171489054086,0.6459093672910846
1.0808980516476412,1.4106063657145431,0.9562939324755044,0.6459093672910846
0.999441756527815,1.4106063657145431,0.9502901774398869,0.6459093672910846
0.999441756527815,1.4106063657145431,0.9851609444324712,0.6459093672910846
0.999441756527815,1.4106063657145431,1.0891668725196766,0.6459093672910846
0.999441756527815,1.4106063657145431,0.9804508072559809,0.6459093672910846
0.999441756527815,1.4106063657145431,1.055403375751307,0.6459093672910846
0.999441756527815,1.4106063657145431,1.0357134608243217,0.6459093672910846
0.999441756527815,1.4106063657145431,0.9226098055148385,0.6459093672910846
0.999441756527815,1.4106063657145431,1.0032635095154099,0.6459093672910846
0.999441756527815,1.4106063657145431,0.9402187196497288,0.6459093672910846
0.999441756527815,1.4106063657145431,1.0837277785555892,0.6459093672910846
0.999441756527815,1.415358425367429,0.9815592823177336,0.6459093672910846
0.999441756527815,1.415358425367429,1.0755715647547006,0.6459093672910846
0.9397739552291728,1.415358425367429,1.1022034378819647,0.6459093672910846
0.9397739552291728,1.415358425367429,1.0897206574805625,0.6459093672910846
0.9397739552291728,1.415358425367429,0.9704618559149898,0.6459093672910846
0.9397739552291728,1.415358425367429,1.0949604402386415,0.6459093672910846
0.9397739552291728,1.415358425367429,1.0236967736359022,0.6459093672910846
0.9397739552291728,1.415358425367429,0.9709434917969427,0.6459093672910846
0.9397739552291728,1.415358425367429,1.1146903132546493,0.6459093672910846
0.9397739552291728,1.415358425367429,1.0031678815302194,0.6459093672910846
0.9397739552291728,1.415358425367429,1.0269424452915397,0.6459093672910846
0.9397739552291728,1.415358425367429,1.0334837653004685,0.6459093672910846
0.9397739552291728,1.415358425367429,1.1183537755313344,0.6459093672910846
0.9397739552291728,1.415358425367429,1.099795763421544,0.6459093672910846
0.9397739552291728,1.415358425367429,1.023039486565634,0.6459093672910846
0.9397739552291728,1.415358425367429,0.995900117641688,0.6459093672910846
0.8137188587338624,1.415358425367429,1.153019676125975,0.6459093672910846
0.8137188587338624,1.415358425367429,1.3081631098090711,0.6825534423557578
0.8137188587338624,1.415358425367429,1.41527374431631,0.6825534423557578
0.8137188587338624,1.415358425367429,1.2497692564616398,0.6825534423557578
0.8137188587338624,1.415358425367429,1.2760408111051746,0.6825534423557578
0.8137188587338624,1.415358425367429,1.2752828256430988,0.655715905216269
0.8137188587338624,1.415358425367429,1.3476190732251148,0.655715905216269
0.8137188587338624,1.415358425367429,1.299696252077845,0.655715905216269
0.8137188587338624,1.415358425367429,1.346358503747675,0.7021765345495853
0.8137188587338624,1.415358425367429,1.2485344230369437,0.7021765345495853
0.8137188587338624,1.415358425367429,1.322430412748959,0.7021765345495853
0.8137188587338624,1.415358425367429,1.290169644519241,0.7015241900302795
0.8137188587338624,1.415358425367429,1.318958451920287,0.7015241900302795
0.8137188587338624,1.415358425367429,1.2929575681103842,0.7015241900302795
0.8137188587338624,1.415358425367429,1.3633181258664118,0.7015241900302795
0.8137188587338624,1.415358425367429,1.3652727522144805,0.7015241900302795
0.8137188587338624,1.415358425367429,1.3345339245888816,0.7015241900302795
0.8137188587338624,1.415358425367429,1.3174404256143704,0.7015241900302795
0.7998456078193542,1.415358425367429,1.2377872223566686,0.7015241900302795
0.7998456078193542,1.415358425367429,1.392163545538329,0.7015241900302795
0.7998456078193542,1.415358425367429,1.1502069438502274,0.7015241900302795
0.7998456078193542,1.415358425367429,1.2950984369063685,0.7015241900302795
0.7998456078193542,1.415358425367429,1.4007473342671428,0.7015241900302795
0.7998456078193542,1.415358425367429,1.1874871550456931,0.7015241900302795
0.7998456078193542,1.415358425367429,1.4164200023969964,0.7015241900302795
0.7998456078193542,1.415358425367429,1.4085724878205914,0.7015241900302795
0.7998456078193542,1.415358425367429,1.2717606320899928,0.7015241900302795
0.7998456078193542,1.415358425367429,1.2669872634839074,0.6959540974470686
0.7998456078193542,1.415358425367429,1.2397340245734163,0.6959540974470686
0.7998456078193542,1.415358425367429,1.2835905343027965,0.6959540974470686
0.7998456078193542,1.415358425367429,1.5107791349558064,0.6959540974470686
0.7998456078193542,1.415358425367429,1.3863906785072881,0.6959540974470686
0.7998456078193542,1.415358425367429,1.2710070689805204,0.6959540974470686
0.7998456078193542,1.415358425367429,1.2684066117642825,0.6959540974470686
0.7998456078193542,1.415358425367429,1.2285975650883767,0.6959540974470686
0.7998456078193542,1.415358425367429,1.0962510267571908,0.6959540974470686
0.7847713219953024,1.415358425367429,1.2633489096455173,0.6959540974470686
0.7847713219953024,1.415358425367429,1.1718722418274679,0.6959540974470686
0.7847713219953024,1.415358425367429,1.3217272268612335,0.6959540974470686
0.7847713219953024,1.415358425367429,1.3790583932788238,0.6959540974470686
0.7847713219953024,1.415358425367429,1.2368901161560464,0.6959540974470686
0.7847713219953024,1.415358425367429,1.3198756958511841,0.6959540974470686
0.7847713219953024,1.415358425367429,1.2821183279477324,0.6959540974470686
0.7847713219953024,1.415358425367429,1.3237379494233126,0.6680429707118549
0.7847713219953024,1.415358425367429,1.3441335880943897,0.6383653252736395
0.7847713219953024,1.415358425367429,1.31389487986503,0.6383653252736395
0.7847713219953024,1.415358425367429,1.3520483605268743,0.6383653252736395
0.7847713219953024,1.415358425367429,1.1548630264863973,0.6383653252736395
0.7847713219953024,1.415358425367429,1.1971968397286339,0.6383653252736395
0.7847713219953024,1.415358425367429,1.2045395296125148,0.6383653252736395
0.7847713219953024,1.415358425367429,1.2674581605575694,0.6383653252736395
0.7847713219953024,1.415358425367429,1.3010763454180507,0.6383653252736395
0.7847713219953024,1.415358425367429,1.1473338454168562,0.6383653252736395
0.7847713219953024,1.415358425367429,1.2842279608799794,0.6383653252736395
0.7847713219953024,1.415358425367429,1.268299782092889,0.7012317954527301
0.7847713219953024,1.4106717259246568,1.3123375537924378,0.7012317954527301
0.7847713219953024,1.4106717259246568,1.4713947798500318,0.7012317954527301
0.7847713219953024,1.4106717259246568,1.2532414682510173,0.7012317954527301
0.7847713219953024,1.4106717259246568,1.384519972981664,0.7012317954527301
0.7847713219953024,1.4106717259246568,1.1989329739016334,0.7012317954527301
0.7847713219953024,1.4106717259246568,1.2971673967315405,0.7012317954527301
0.7847713219953024,1.4106717259246568,1.3016755304060672,0.7012317954527301
0.7847713219953024,1.4106717259246568,1.5686873119388653,0.7012317954527301
0.7847713219953024,1.4106717259246568,1.4167130359412048,0.7012317954527301
0.7847713219953024,1.4106717259246568,1.3324927771321726,0.7012317954527301
0.8336011673210083,1.4106717259246568,1.320123002970865,0.7012317954527301
0.8336011673210083,1.4106717259246568,1.3098414269478353,0.7012317954527301
0.8336011673210083,1.4106717259246568,1.2379661919096858,0.7012317954527301
0.8336011673210083,1.4106717259246568,1.2783854054603692,0.7012317954527301
0.8336011673210083,1.4106717259246568,1.279595314057238,0.7012317954527301
0.8336011673210083,1.4106717259246568,1.2652007749602034,0.7012317954527301
0.8336011673210083,1.4106717259246568,1.327755470877494,0.7012317954527301
0.8336011673210083,1.4106717259246568,1.2982252130792435,0.7012317954527301
0.8336011673210083,1.4106717259246568,1.2566970823214836,0.7012317954527301
0.8336011673210083,1.4106717259246568,1.0774610771344388,0.7012317954527301
0.8336011673210083,1.4106717259246568,1.2385862165453496,0.7012317954527301
0.8336011673210083,1.4106717259246568,1.2055551757714251,0.7012317954527301
0.8336011673210083,1.4106717259246568,1.3540337196192866,0.7012317954527301
0.8336011673210083,1.4106717259246568,1.3043847064062888,0.7012317954527301
0.8336011673210083,1.4106717259246568,1.2151420071999328,0.7012317954527301
0.8336011673210083,1.4106717259246568,1.2468888887061467,0.7012317954527301
0.8336011673210083,1.4106717259246568,1.2742811935188296,0.7012317954527301
0.8336011673210083,1.4106717259246568,1.219054430776917,0.7012317954527301
0.8336011673210083,1.4106717259246568,1.3206887312805264,0.7012317954527301
0.8336011673210083,1.4106717259246568,1.1599631972683802,0.7012317954527301
0.8336011673210083,1.4106717259246568,1.2459748912327202,0.7012317954527301
0.8336011673210083,1.4106717259246568,1.2998981071348266,0.7012317954527301
0.8336011673210083,1.4106717259246568,1.1757216994417596,0.7012317954527301
0.8336011673210083,1.4106717259246568,1.304909709076792,0.7012317954527301
0.8336011673210083,1.4106717259246568,1.22031455429193,0.7012317954527301
0.8336011673210083,1.4106717259246568,1.2202080351865443,0.6058819859521339
0.8336011673210083,1.4106717259246568,1.224312564146872,0.6058819859521339
0.8336011673210083,1.4106717259246568,1.173033322992763,0.6058819859521339
0.7848975049514455,1.4106717259246568,1.2750294315530684,0.6506554672024731
0.7848975049514455,1.4106717259246568,1.184553070548333,0.6506554672024731
0.7848975049514455,1.4106717259246568,1.2126391202961837,0.6506554672024731
0.7848975049514455,1.4106717259246568,1.2828111521249481,0.6506554672024731
0.7848975049514455,1.4106717259246568,1.2284276685066793,0.6506554672024731
0.7848975049514455,1.4106717259246568,1.2478892626392992,0.6506554672024731
0.7848975049514455,1.4106717259246568,1.232901252082862,0.6506554672024731
0.7848975049514455,1.4106717259246568,1.1993415860563397,0.6506554672024731
0.7848975049514455,1.4106717259246568,1.187859546812688,0.6506554672024731
0.7848975049514455,1.4106717259246568,1.2181152390720087,0.6506554672024731
0.7848975049514455,1.4106717259246568,1.330779354825675,0.6506554672024731
0.7848975049514455,1.4106717259246568,1.312265136056151,0.6506554672024731
0.7848975049514455,1.4106717259246568,1.2937312566021013,0.6506554672024731
0.7848975049514455,1.4106717259246568,1.40176795503387,0.6506554672024731
0.7848975049514455,1.4106717259246568,1.1743609301241826,0.6506554672024731
0.7848975049514455,1.4106717259246568,1.2775519600904528,0.6506554672024731
0.7758473449085269,1.4106717259246568,1.3085696053753395,0.6506554672024731
0.7758473449085269,1.3909243551814212,1.3194620359357627,0.6506554672024731
0.7758473449085269,1.3909243551814212,1.3539612923288684,0.6506554672024731
0.8052253541235044,1.3909243551814212,1.3375287133638876,0.6506554672024731
0.8052253541235044,1.3909243551814212,1.2260328997658885,0.6506554672024731
0.8052253541235044,1.3909243551814212,1.2793846725724227,0.6506554672024731
0.8052253541235044,1.3909243551814212,1.3080279822271224,0.6506554672024731
0.8052253541235044,1.3909243551814212,1.233545433811867,0.6506554672024731
0.8052253541235044,1.3909243551814212,1.401471873228403,0.6506554672024731
0.8052253541235044,1.3909243551814212,1.3965649118394692,0.6506554672024731
0.8052253541235044,1.3909243551814212,1.3316769992363366,0.6595341376720554
0.8052253541235044,1.3909243551814212,1.2288357394331872,0.6595341376720554
0.8052253541235044,1.3909243551814212,1.4484005438741632,0.6851618103774172
0.8052253541235044,1.3909243551814212,1.3011610410717007,0.6851618103774172
0.8052253541235044,1.3909243551814212,1.2784892109038177,0.6851618103774172
0.8052253541235044,1.3909243551814212,1.348722997422296,0.6851618103774172
0.8052253541235044,1.2770767831688363,1.6447683938166275,0.6851618103774172
0.8052253541235044,1.2770767831688363,1.730317576635783,0.6851618103774172
0.8052253541235044,1.2770767831688363,1.6426519567178945,0.6851618103774172
0.8052253541235044,1.2770767831688363,1.9516429819131136,0.6851618103774172
0.8052253541235044,1.2770767831688363,1.5786095929241681,0.6851618103774172
1.0086030199080103,1.2770767831688363,1.626628778531079,0.650917029233262
1.0086030199080103,1.2770767831688363,1.3533285218826685,0.650917029233262
1.0086030199080103,1.2770767831688363,1.3649212257229297,0.650917029233262
1.0086030199080103,1.2770767831688363,1.2084227323179164,0.650917029233262
1.0086030199080103,1.2770767831688363,1.3346161728661183,0.650917029233262
1.0086030199080103,1.2770767831688363,1.3498313879386197,0.6368155822549052
1.0086030199080103,1.2770767831688363,1.2429628678747418,0.6368155822549052
1.0086030199080103,1.2770767831688363,1.219649585975345,0.6368155822549052
1.0086030199080103,1.2770767831688363,1.13355648438678,0.6368155822549052
1.0086030199080103,1.2770767831688363,1.2314752066709191,0.6368155822549052
1.0086030199080103,1.2770767831688363,1.3602191314733567,0.6368155822549052
1.0086030199080103,1.2770767831688363,1.2984208133125852,0.6368155822549052
1.0086030199080103,1.2843868951251902,1.445496421511045,0.6368155822549052
1.0086030199080103,1.275924406934433,1.28617593459993,0.6368155822549052
1.0086030199080103,1.275924406934433,1.3262753829155702,0.6368155822549052
1.0086030199080103,1.275924406934433,1.264319294988626,0.6368155822549052
1.0086030199080103,1.275924406934433,1.280901084173073,0.6368155822549052
1.0086030199080103,1.2731520269113472,1.4814397980081055,0.6368155822549052
1.0086030199080103,1.2731520269113472,1.2094054430337402,0.6368155822549052
1.0086030199080103,1.2731520269113472,1.2093909954415587,0.622579756664496
1.0086030199080103,1.2731520269113472,1.4627871289308072,0.622579756664496
1.0248011971541164,1.2731520269113472,1.2985206680204433,0.622579756664496
1.0248011971541164,1.2731520269113472,1.279557029259254,0.622579756664496
1.0248011971541164,1.2731520269113472,1.3721120779923375,0.622579756664496
1.0248011971541164,1.2731520269113472,1.3261474347576399,0.622579756664496
1.0248011971541164,1.2731520269113472,1.1401866501067783,0.622579756664496
1.0248011971541164,1.2731520269113472,1.3415173094059334,0.622579756664496
1.0248011971541164,1.2731520269113472,1.3402026295025062,0.622579756664496
1.0248011971541164,1.2731520269113472,1.3473425586940382,0.622579756664496
1.0248011971541164,1.2731520269113472,1.1701765204209844,0.622579756664496
1.0248011971541164,1.2731520269113472,1.4118903038673862,0.622579756664496
1.0248011971541164,1.2731520269113472,1.2862407396538658,0.622579756664496
1.0248011971541164,1.2731520269113472,1.2656404249696196,0.622579756664496
1.0248011971541164,1.2731520269113472,1.215677883162133,0.622579756664496
1.0248011971541164,1.2731520269113472,1.2455369938829315,0.622579756664496
1.0248011971541164,1.2731520269113472,1.283076781481851,0.622579756664496
1.0248011971541164,1.2731520269113472,1.2396452167479501,0.622579756664496
1.0248011971541164,1.2731520269113472,1.2896259147093543,0.622579756664496
1.0248011971541164,1.2731520269113472,1.340123664709199,0.622579756664496
1.0248011971541164,1.2731520269113472,1.3036241999947362,0.622579756664496
1.0248011971541164,1.2731520269113472,1.4189812539481788,0.622579756664496
1.0248011971541164,1.2731520269113472,1.2630764916891464,0.622579756664496
1.0248011971541164,1.2731520269113472,1.2809770625005363,0.622579756664496
1.0248011971541164,1.2731520269113472,1.233250383058338,0.622579756664496
1.0248011971541164,1.2731520269113472,1.3986888053826607,0.622579756664496
1.0248011971541164,1.2731520269113472,1.35642178726241,0.622579756664496
1.0248011971541164,1.2731520269113472,1.3744314413584717,0.622579756664496
1.0248011971541164,1.2731520269113472,1.129382453583923,0.622579756664496
1.0248011971541164,1.2731520269113472,1.3296031078096904,0.622579756664496
1.0248011971541164,1.2731520269113472,1.3432859888836022,0.622579756664496
1.0248011971541164,1.2731520269113472,1.2191176603159288,0.622579756664496
1.0248011971541164,1.2731520269113472,1.325749617346551,0.622579756664496
1.0248011971541164,1.2731520269113472,1.2853236952368894,0.622579756664496
1.0248011971541164,1.2731520269113472,1.1670515584376981,0.622579756664496
1.0248011971541164,1.2731520269113472,1.2322893055908173,0.622579756664496
1.0248011971541164,1.2731520269113472,1.3764899179948993,0.622579756664496
1.1703283825236386,1.2731520269113472,1.2026884541409786,0.622579756664496
1.1714951863780145,1.2731520269113472,1.154285650325252,0.622579756664496
1.1714951863780145,1.2731520269113472,1.1316949318887402,0.622579756664496
1.1714951863780145,1.2731520269113472,1.0982387483494342,0.622579756664496
1.1859158848453697,1.2731520269113472,1.2133846818598797,0.622579756664496
1.1859158848453697,1.2731520269113472,1.1515073109528464,0.622579756664496
1.1859158848453697,1.2731520269113472,1.1178558475110711,0.622579756664496
1.1859158848453697,1.2731520269113472,1.0619679553693508,0.622579756664496
1.1859158848453697,1.2731520269113472,1.03008721881219,0.622579756664496
1.1859158848453697,1.2731520269113472,1.0538235447055857,0.622579756664496
1.1859158848453697,1.2731520269113472,1.0668304841153176,0.622579756664496
1.1859158848453697,1.2731520269113472,1.1886941342606316,0.622579756664496
1.1859158848453697,1.2731520269113472,1.0833975697549778,0.622579756664496
1.1859158848453697,1.2731520269113472,1.1208191510907244,0.622579756664496
1.1859158848453697,1.2731520269113472,1.2148069515578679,0.622579756664496
1.1859158848453697,1.2731520269113472,1.1143419646048707,0.622579756664496
1.1859158848453697,1.2731520269113472,1.0891856194924294,0.622579756664496
1.1859158848453697,1.2731520269113472,1.143005460359193,0.6862824955065069
1.1859158848453697,1.2731520269113472,1.2347993493105884,0.6862824955065069
1.1859158848453697,1.2731520269113472,1.2317789042232876,0.6862824955065069
1.1859158848453697,1.2731520269113472,1.1407457917942843,0.6862824955065069
1.1859158848453697,1.2731520269113472,1.1775469348759144,0.6862824955065069
1.1859158848453697,1.2731520269113472,1.0498311213649762,0.6862824955065069
1.1859158848453697,1.2731520269113472,1.238975391939507,0.6901209907851995
1.1859158848453697,1.2731520269113472,1.2042341411626614,0.6901209907851995
1.1859158848453697,1.2731520269113472,1.2232074516137734,0.6901209907851995
1.1859158848453697,1.2731520269113472,1.185368029191272,0.6901209907851995
1.1859158848453697,1.2731520269113472,1.2191527091190832,0.6901209907851995
1.1859158848453697,1.2731520269113472,1.1923089595858862,0.6901209907851995
1.1859158848453697,1.2731520269113472,1.1833650964977966,0.6901209907851995
1.1859158848453697,1.2731520269113472,1.1024900556404809,0.6901209907851995
1.1859158848453697,1.2731520269113472,1.0722058348770087,0.6901209907851995
1.1859158848453697,1.2731520269113472,1.214273519276906,0.6901209907851995
1.1859158848453697,1.2731520269113472,1.338909744530116,0.6901209907851995
1.1859158848453697,1.3030332456265878,1.0728683934367056,0.6901209907851995
1.1859158848453697,1.3030332456265878,1.0416832073129814,0.6901209907851995
0.98057794693185,1.3030332456265878,1.2359637149858318,0.6901209907851995
0.98057794693185,1.3030332456265878,1.4589531422837327,0.6901209907851995
0.98057794693185,1.3030332456265878,1.3080383423914979,0.6901209907851995
0.98057794693185,1.3030332456265878,1.3325465502290754,0.6901209907851995
0.98057794693185,1.3030332456265878,1.3220887271461568,0.6901209907851995
0.98057794693185,1.3030332456265878,1.3721586294489359,0.6901209907851995
0.98057794693185,1.3030332456265878,1.3685581430154987,0.6901209907851995
0.98057794693185,1.3030332456265878,1.3927955098314029,0.6901209907851995
0.98057794693185,1.3030332456265878,1.3076286384592555,0.6364403853566355
0.98057794693185,1.3030332456265878,1.2554311252225983,0.6364403853566355
0.98057794693185,1.3206851227392162,1.2824210956626394,0.6364403853566355
0.98057794693185,1.3206851227392162,1.2762143402693213,0.6364403853566355
0.98057794693185,1.3206851227392162,1.1082339007029265,0.6364403853566355
0.98057794693185,1.3206851227392162,1.1774145154365885,0.6364403853566355
0.98057794693185,1.3206851227392162,1.2941761062876969,0.6364403853566355
0.98057794693185,1.3206851227392162,1.1480988492876183,0.6364403853566355
0.98057794693185,1.3206851227392162,1.20935157326704,0.6364403853566355
0.98057794693185,1.3206851227392162,1.2791582350986723,0.6364403853566355
0.98057794693185,1.3206851227392162,1.1558625014225645,0.6364403853566355
0.98057794693185,1.3206851227392162,1.2543849671519538,0.6364403853566355
0.98057794693185,1.3206851227392162,1.230034829935479,0.6364403853566355
0.98057794693185,1.3206851227392162,1.3992292625654472,0.6364403853566355
0.98057794693185,1.3206851227392162,1.1951103157145946,0.6364403853566355
0.98057794693185,1.3206851227392162,1.4227436632834272,0.6364403853566355
0.98057794693185,1.3206851227392162,1.3030107917858553,0.6364403853566355
0.98057794693185,1.3206851227392162,1.259081257853051,0.6364403853566355
0.98057794693185,1.2976675965470805,1.2375196346851798,0.6364403853566355
0.98057794693185,1.2976675965470805,1.362133036569992,0.6364403853566355
0.8838893012662825,1.2976675965470805,1.404611285823027,0.6364403853566355
0.8838893012662825,1.2976675965470805,1.3086710145353906,0.6364403853566355
0.8838893012662825,1.2976675965470805,1.402586555097577,0.6364403853566355
0.8731789583301874,1.2976675965470805,1.3878719015284147,0.6364403853566355
0.8731789583301874,1.2976675965470805,1.4128362969149617,0.6364403853566355
0.8731789583301874,1.2976675965470805,1.4544284661291613,0.6364403853566355
0.8731789583301874,1.3716242674710928,1.4421401419394735,0.6686827198705576
0.8731789583301874,1.3716242674710928,1.271919092365808,0.6686827198705576
0.8731789583301874,1.3716242674710928,1.2014234352547424,0.6686827198705576
0.8731789583301874,1.3716242674710928,1.2385527339054907,0.6686827198705576
0.8731789583301874,1.3716242674710928,1.2535748261055808,0.6686827198705576
0.8731789583301874,1.3716242674710928,1.332400276275175,0.6686827198705576
0.8731789583301874,1.3716242674710928,1.2939157351454613,0.6686827198705576
0.8731789583301874,1.3716242674710928,1.1504842093501588,0.6686827198705576
0.8731789583301874,1.3716242674710928,1.225684517590018,0.6686827198705576
0.8731789583301874,1.3716242674710928,1.356668565576074,0.6686827198705576
0.8731789583301874,1.3716242674710928,1.2342631135615383,0.6686827198705576
0.8731789583301874,1.372908387468288,1.3916749642091046,0.6686827198705576
0.8731789583301874,1.372908387468288,1.2768033149646845,0.6686827198705576
0.8731789583301874,1.372908387468288,1.311956047062771,0.6686827198705576
0.8731789583301874,1.372908387468288,1.3166521090610712,0.6686827198705576
0.8731789583301874,1.372908387468288,1.3008134113507726,0.6686827198705576
0.8731789583301874,1.372908387468288,1.2197600823428618,0.6686827198705576
0.8731789583301874,1.372908387468288,1.3369091055473623,0.6686827198705576
0.8731789583301874,1.372908387468288,1.2135956814587066,0.6686827198705576
0.8731789583301874,1.372908387468288,1.2163777837563599,0.6686827198705576
0.8731789583301874,1.372908387468288,1.2719312917194772,0.6686827198705576
0.8731789583301874,1.372908387468288,1.4295345854132637,0.7135169838415837
0.8731789583301874,1.372908387468288,1.4232586592203205,0.7135169838415837
0.8731789583301874,1.372908387468288,1.3566610907569674,0.7135169838415837
0.8731789583301874,1.372908387468288,1.2874782077906173,0.7135169838415837
0.8731789583301874,1.372908387468288,1.2416854387516296,0.7135169838415837
0.8731789583301874,1.3571942768472258,1.3423345843274368,0.7135169838415837
0.8731789583301874,1.3571942768472258,1.1345324116048072,0.7135169838415837
0.8731789583301874,1.3571942768472258,1.244547561276139,0.7135169838415837
0.8731789583301874,1.3571942768472258,1.4273868468177184,0.7135169838415837
0.8731789583301874,1.3571942768472258,1.3889045938516391,0.7135169838415837
0.8731789583301874,1.3571942768472258,1.4297971897757145,0.7135169838415837
0.8731789583301874,1.3571942768472258,1.3340741664954603,0.7155617169779793
0.8731789583301874,1.3571942768472258,1.3279717291291209,0.6999348139752687
0.8731789583301874,1.3571942768472258,1.241152152340271,0.6999348139752687
0.9532886176989299,1.3571942768472258,1.3521242852808213,0.6999348139752687
0.9532886176989299,1.3571942768472258,1.3436385491909304,0.6999348139752687
0.9532886176989299,1.3571942768472258,1.2173867203841668,0.6999348139752687
0.9532886176989299,1.3571942768472258,1.2981707719611524,0.6999348139752687
0.9532886176989299,1.3571942768472258,1.192781131827682,0.6999348139752687
0.9532886176989299,1.3571942768472258,1.2225842567583074,0.6999348139752687
0.9532886176989299,1.3571942768472258,1.1819343024587636,0.6999348139752687
0.9532886176989299,1.3571942768472258,1.363813976488395,0.6999348139752687
0.9532886176989299,1.3571942768472258,1.3621039461654405,0.6999348139752687
0.9532886176989299,1.3571942768472258,1.2566725137952621,0.6999348139752687
1.0151171195414386,1.3571942768472258,1.1918249320255867,0.6999348139752687
1.0151171195414386,1.3571942768472258,1.24258173150829,0.6999348139752687
1.0151171195414386,1.3571942768472258,1.1644360836971979,0.6999348139752687
1.0151171195414386,1.3571942768472258,1.1547761933014207,0.6657426041182168
1.0151171195414386,1.3571942768472258,1.1297426810208155,0.6657426041182168
1.0151171195414386,1.3571942768472258,1.1578795205636137,0.6491261896924283
1.0151171195414386,1.3571942768472258,1.0743917691748377,0.6491261896924283
1.0151171195414386,1.3571942768472258,1.0588178910178225,0.6491261896924283
1.0151171195414386,1.3571942768472258,0.9787935033351457,0.6491261896924283
1.0151171195414386,1.3571942768472258,1.230278087396161,0.6491261896924283
1.0151171195414386,1.3571942768472258,1.1133998735901771,0.6491261896924283
1.0151171195414386,1.3571942768472258,1.12368044598939,0.6491261896924283
1.0151171195414386,1.3571942768472258,1.0801428480636857,0.6491261896924283
1.0151171195414386,1.3571942768472258,1.1387010119028196,0.6491261896924283
1.0151171195414386,1.3571942768472258,1.1161556477873673,0.6491261896924283
1.0151171195414386,1.3571942768472258,1.0912116736010822,0.6491261896924283
1.0151171195414386,1.3571942768472258,1.0848433237147974,0.6491261896924283
1.0151171195414386,1.3571942768472258,1.1558777761273942,0.6491261896924283
1.0151171195414386,1.3571942768472258,1.1371565196799114,0.6491261896924283
1.0151171195414386,1.3571942768472258,1.0386951832163642,0.6491261896924283
1.0151171195414386,1.3571942768472258,0.9565158489315717,0.653190474237393
1.0151171195414386,1.3571942768472258,1.2153194213860397,0.653190474237393
1.0151171195414386,1.3571942768472258,1.0761401919480686,0.653190474237393
1.0151171195414386,1.3571942768472258,1.0056027216868662,0.653190474237393
1.0151171195414386,1.3571942768472258,1.166406772504677,0.653190474237393
1.0151171195414386,1.3571942768472258,1.129311030509254,0.653190474237393
1.0151171195414386,1.3571942768472258,1.1906637727669875,0.653190474237393
1.0151171195414386,1.3571942768472258,1.0367057972423397,0.653190474237393
1.0151171195414386,1.3571942768472258,0.9638640541949252,0.653190474237393
1.0151171195414386,1.3571942768472258,1.1086725048616823,0.653190474237393
1.0151171195414386,1.3571942768472258,1.0294823153097235,0.653190474237393
1.0151171195414386,1.3571942768472258,1.182498533040657,0.653190474237393
1.0151171195414386,1.3571942768472258,1.041488717340314,0.653190474237393
1.0151171195414386,1.3571942768472258,1.1624426692752532,0.653190474237393
1.0151171195414386,1.3461526179166328,1.0714581403203984,0.653190474237393
0.9715930603809144,1.3461526179166328,1.169479414398567,0.653190474237393
0.9715930603809144,1.3461526179166328,1.1833767522522693,0.653190474237393
0.9715930603809144,1.3461526179166328,1.1829140569497207,0.653190474237393
0.9715930603809144,1.3461526179166328,1.2641700861995595,0.653190474237393
0.9715930603809144,1.3461526179166328,1.1743835466462096,0.653190474237393
0.9715930603809144,1.3461526179166328,1.1523256774646466,0.653190474237393
0.9715930603809144,1.3461526179166328,1.246120966803172,0.653190474237393
0.9715930603809144,1.3461526179166328,1.163109451032065,0.653190474237393
0.9715930603809144,1.3461526179166328,1.2195106602626298,0.653190474237393
0.9715930603809144,1.3461526179166328,1.1751250400594642,0.653190474237393
0.9715930603809144,1.3461526179166328,1.2238974248455823,0.653190474237393
0.9715930603809144,1.3461526179166328,1.1468529095327566,0.653190474237393
0.9715930603809144,1.3461526179166328,1.109467505251743,0.653190474237393
0.9715930603809144,1.3461526179166328,1.3367859985036876,0.653190474237393
0.9715930603809144,1.3461526179166328,1.2018549584328109,0.653190474237393
0.9715930603809144,1.3461526179166328,1.18175311859974,0.653190474237393
0.9715930603809144,1.3461526179166328,1.1537345905723306,0.653190474237393
0.9715930603809144,1.3461526179166328,1.2658836766961907,0.6473275557787591
0.9715930603809144,1.3461526179166328,1.1441351379121747,0.6473275557787591
0.9715930603809144,1.3461526179166328,1.20710114818096,0.6473275557787591
0.9715930603809144,1.3461526179166328,1.1138999832136085,0.6473275557787591
0.9715930603809144,1.3815591892913384,1.1427878125773776,0.6473275557787591
0.9715930603809144,1.3815591892913384,1.1884936867482458,0.6473275557787591
0.9715930603809144,1.3815591892913384,1.0898823393412798,0.6473275557787591
0.9715930603809144,1.3815591892913384,1.1271179399883469,0.6473275557787591
0.9715930603809144,1.3815591892913384,1.136711333737752,0.6473275557787591
0.9715930603809144,1.3815591892913384,1.037353035674102,0.6473275557787591
0.9715930603809144,1.3815591892913384,1.1964884975482977,0.6473275557787591
0.9715930603809144,1.3815591892913384,1.0665616124691089,0.6473275557787591
0.9715930603809144,1.3815591892913384,1.0976886319833434,0.6473275557787591
0.9715930603809144,1.3815591892913384,1.018131077863635,0.6473275557787591
0.9715930603809144,1.3815591892913384,1.0670859029341748,0.6473275557787591
0.9715930603809144,1.3815591892913384,1.148368977597971,0.6473275557787591
0.9715930603809144,1.3815591892913384,1.122120000743846,0.6668464389192758
0.9715930603809144,1.3815591892913384,1.1013262791897973,0.6668464389192758
0.9715930603809144,1.3815591892913384,1.0841404065603408,0.6668464389192758
0.9715930603809144,1.3815591892913384,1.11131737920061,0.6668464389192758
0.9715930603809144,1.3815591892913384,1.115357155764497,0.6668464389192758
0.9715930603809144,1.3815591892913384,1.115044039897341,0.6668464389192758
0.9715930603809144,1.3700876278536618,1.2180702066718128,0.6668464389192758
0.9481095436917388,1.3700876278536618,1.1778045759992992,0.6668464389192758
0.9481095436917388,1.3700876278536618,1.2280836824472852,0.6668464389192758
0.9481095436917388,1.3700876278536618,1.1459685983646046,0.6668464389192758
0.9481095436917388,1.3700876278536618,1.1296961324057553,0.6668464389192758
0.9481095436917388,1.3700876278536618,1.1985946588651564,0.6668464389192758
0.9481095436917388,1.3700876278536618,1.1653560055346304,0.6668464389192758
0.9481095436917388,1.3700876278536618,1.1010458162077015,0.6668464389192758
0.9481095436917388,1.3700876278536618,1.056862754499328,0.6668464389192758
0.9481095436917388,1.3700876278536618,1.2793761893707332,0.6668464389192758
0.9481095436917388,1.3700876278536618,1.3263429396824682,0.6668464389192758
0.9481095436917388,1.3700876278536618,1.010282352280956,0.6668464389192758
0.9481095436917388,1.3700876278536618,1.2261515800607132,0.6668464389192758
0.9481095436917388,1.3700876278536618,1.2739991196451954,0.6668464389192758
0.9481095436917388,1.3700876278536618,1.1463357228096742,0.6668464389192758
0.9481095436917388,1.3700876278536618,1.103632729557451,0.6668464389192758
0.9481095436917388,1.3700876278536618,1.0150220619336607,0.6135257864607367
0.9481095436917388,1.3700876278536618,1.0712182759130717,0.6135257864607367
0.9481095436917388,1.3700876278536618,1.1268123723709786,0.6135257864607367
0.9481095436917388,1.3700876278536618,1.0790084428798639,0.6135257864607367
0.9481095436917388,1.3700876278536618,1.0631433975799176,0.6135257864607367
0.9481095436917388,1.3700876278536618,1.2253396441727762,0.6135257864607367
0.9481095436917388,1.3700876278536618,1.1576281399792494,0.6135257864607367
0.9481095436917388,1.3700876278536618,0.9877660177622445,0.6135257864607367
0.9481095436917388,1.3700876278536618,1.0564357067761818,0.6135257864607367
0.9481095436917388,1.3700876278536618,1.142565959392282,0.6135257864607367
0.9481095436917388,1.3700876278536618,1.0877908237444045,0.6135257864607367
0.9481095436917388,1.367229973703281,1.0817398067210167,0.6135257864607367
0.9481095436917388,1.367229973703281,1.0154458872250651,0.6135257864607367
0.9481095436917388,1.367229973703281,1.131073161279479,0.6135257864607367
0.9481095436917388,1.367229973703281,1.0264302617938972,0.6135257864607367
0.9481095436917388,1.367229973703281,1.0245015395372368,0.6135257864607367
0.9481095436917388,1.367229973703281,1.1631106442913575,0.6135257864607367
0.9481095436917388,1.367229973703281,1.1623858048970903,0.6135257864607367
0.9481095436917388,1.367229973703281,1.3157651458487303,0.6523760616478362
0.9481095436917388,1.367229973703281,1.0400622731666964,0.6523760616478362
0.9481095436917388,1.3436203481652518,1.1734321620076718,0.6523760616478362
0.9481095436917388,1.3436203481652518,1.2408182589477732,0.6523760616478362
0.9481095436917388,1.3778382681192394,1.2093955292068812,0.6523760616478362
0.9481095436917388,1.3778382681192394,1.1642078954724202,0.6523760616478362
0.9481095436917388,1.3778382681192394,1.102032711677458,0.6523760616478362
0.9481095436917388,1.3778382681192394,1.1573569373124462,0.6523760616478362
0.9481095436917388,1.3778382681192394,1.198713860460362,0.6523760616478362
0.9481095436917388,1.3778382681192394,1.140337811130587,0.6523760616478362
0.9481095436917388,1.3778382681192394,1.0828845425977713,0.6523760616478362
0.9481095436917388,1.3778382681192394,1.2697482236411004,0.6523760616478362
0.9481095436917388,1.3778382681192394,1.1749497031495308,0.6523760616478362
0.9481095436917388,1.3778382681192394,1.1483915882085949,0.6523760616478362
0.9481095436917388,1.3778382681192394,1.2229192407023917,0.6523760616478362
0.9481095436917388,1.3778382681192394,1.1838092005997873,0.6523760616478362
0.9481095436917388,1.3778382681192394,1.1255134142869883,0.6523760616478362
0.9481095436917388,1.3778382681192394,1.1826227794154072,0.6523760616478362
0.9481095436917388,1.3778382681192394,1.1671982228395865,0.6256230876488678
0.9481095436917388,1.3778382681192394,1.2245407440861356,0.6256230876488678
0.9481095436917388,1.3778382681192394,1.1107466013627343,0.6256230876488678
0.9481095436917388,1.3778382681192394,1.11693039986204,0.6256230876488678
0.9481095436917388,1.3778382681192394,1.1173505386826608,0.6256230876488678
0.9481095436917388,1.3778382681192394,1.1600244419232226,0.6256230876488678
0.9481095436917388,1.3778382681192394,1.1100416797139612,0.6256230876488678
0.9413928966841127,1.3778382681192394,1.1131202624414636,0.6256230876488678
0.9413928966841127,1.3778382681192394,1.1219151923349704,0.6256230876488678
0.9413928966841127,1.3778382681192394,1.1077059409212895,0.6598676653602269
0.9413928966841127,1.3778382681192394,1.2032927909537947,0.6598676653602269
0.9413928966841127,1.3778382681192394,1.0871880307813262,0.6598676653602269
0.9413928966841127,1.3778382681192394,1.1602075667434264,0.6598676653602269
0.9413928966841127,1.3778382681192394,1.1613241010863213,0.6598676653602269
0.9413928966841127,1.3932636561490455,1.1100943014941693,0.6598676653602269
0.9413928966841127,1.3932636561490455,1.0942527700102327,0.6598676653602269
0.9413928966841127,1.3932636561490455,1.142612984534147,0.6598676653602269
0.9413928966841127,1.3932636561490455,1.1187068440732388,0.6598676653602269
0.9413928966841127,1.3932636561490455,1.1336495413161203,0.6598676653602269
0.9413928966841127,1.3932636561490455,1.1162308543522235,0.6598676653602269
0.9413928966841127,1.3932636561490455,1.0822209995384435,0.6344350586143583
0.9413928966841127,1.3932636561490455,1.0613371486853682,0.6863908153020815
0.9413928966841127,1.3932636561490455,1.0933239238440318,0.6863908153020815
0.9413928966841127,1.3932636561490455,1.1921528851185783,0.6863908153020815
0.9413928966841127,1.3932636561490455,1.1447206924920892,0.6863908153020815
0.9413928966841127,1.3932636561490455,1.140181476608568,0.6772642527887816
0.9413928966841127,1.3932636561490455,1.1184524454015574,0.6772642527887816
0.9413928966841127,1.3932636561490455,1.1221941530387143,0.6772642527887816
0.9413928966841127,1.3932636561490455,1.2685597721756543,0.6772642527887816
1.0131108662112758,1.3932636561490455,1.1330742994725294,0.6772642527887816
1.0131108662112758,1.3932636561490455,1.1720461092190257,0.6772642527887816
1.0131108662112758,1.3932636561490455,0.9558638720340221,0.6772642527887816
1.0131108662112758,1.3932636561490455,1.1619755917114354,0.6772642527887816
1.0131108662112758,1.3932636561490455,1.044111104753034,0.6772642527887816
1.0131108662112758,1.3932636561490455,1.0234604840266772,0.6772642527887816
1.0131108662112758,1.3932636561490455,1.1456218008140748,0.6772642527887816
1.0131108662112758,1.3932636561490455,1.128799590671185,0.6772642527887816
1.0131108662112758,1.3932636561490455,1.0004214454837235,0.6772642527887816
1.0131108662112758,1.3932636561490455,1.0456589775315794,0.6772642527887816
1.0131108662112758,1.3932636561490455,1.0740734178581228,0.6772642527887816
1.0131108662112758,1.3932636561490455,1.0798671505090647,0.6772642527887816
1.0131108662112758,1.3932636561490455,1.0347927560349583,0.6772642527887816
1.0131108662112758,1.3932636561490455,0.9635940269429487,0.6772642527887816
1.0131108662112758,1.3932636561490455,1.1220312285739606,0.6772642527887816
1.0131108662112758,1.3932636561490455,1.0064362005811647,0.7091833355360656
1.0131108662112758,1.3932636561490455,1.0730236317312258,0.7091833355360656
1.0131108662112758,1.3932636561490455,1.0570192756258037,0.7091833355360656
1.0131108662112758,1.3932636561490455,1.1001020910082375,0.7091833355360656
1.0131108662112758,1.3932636561490455,1.001002915890577,0.7091833355360656
1.0131108662112758,1.3932636561490455,1.1194055876802134,0.7091833355360656
1.0131108662112758,1.3932636561490455,1.1891485973704667,0.7091833355360656
1.0131108662112758,1.3932636561490455,1.1166679125430607,0.7091833355360656
1.0131108662112758,1.3932636561490455,1.0765632280334674,0.7356293668878188
1.0131108662112758,1.3932636561490455,1.1107306711265106,0.7356293668878188
1.0131108662112758,1.3932636561490455,1.2423339510817877,0.7269798669223286
1.0131108662112758,1.3932636561490455,1.1070238542143882,0.7269798669223286
1.0131108662112758,1.3932636561490455,1.119842321216143,0.7269798669223286
1.00111021083617,1.3932636561490455,1.1146368000637967,0.7269798669223286
1.00111021083617,1.3932636561490455,1.2103902595890068,0.7269798669223286
1.00111021083617,1.3932636561490455,1.1290643060323153,0.7269798669223286
1.00111021083617,1.3932636561490455,1.0440842903227234,0.7269798669223286
1.00111021083617,1.3932636561490455,1.122541082955247,0.7269798669223286
1.00111021083617,1.3932636561490455,1.1041724469058891,0.7269798669223286
1.00111021083617,1.3932636561490455,1.0152483622402195,0.7120328936514466
1.01035768555213,1.3932636561490455,1.0510900181406417,0.6961742149602438
1.01035768555213,1.3932636561490455,1.0391135401779807,0.6961742149602438
1.01035768555213,1.3932636561490455,1.1298517404830677,0.6961742149602438
0.9334848534580354,1.4264589322743764,1.0233574205702292,0.6961742149602438
0.9334848534580354,1.4264589322743764,1.075976073419566,0.6765675807332098
0.9334848534580354,1.4264589322743764,1.0088169953246866,0.6765675807332098
0.9334848534580354,1.4264589322743764,1.0216140054793064,0.6765675807332098
0.9334848534580354,1.4264589322743764,0.9887748773022629,0.6765675807332098
0.9334848534580354,1.4264589322743764,1.0716109801370857,0.6765675807332098
0.9334848534580354,1.4264589322743764,1.0081517112211045,0.6769622963121898
0.9334848534580354,1.4264589322743764,0.9733273560479049,0.6373918390794286
0.9334848534580354,1.4264589322743764,1.0045450345801994,0.6373918390794286
0.9334848534580354,1.4264589322743764,1.0242012896943367,0.6373918390794286
0.9334848534580354,1.4264589322743764,1.0129572256032162,0.6373918390794286
0.9334848534580354,1.4264589322743764,1.02667801724868,0.7227899090489003
0.9334848534580354,1.4264589322743764,1.0556187097121592,0.7227899090489003
0.9334848534580354,1.4264589322743764,1.0000380218128904,0.7227899090489003
0.9334848534580354,1.4264589322743764,1.0698436563044378,0.7227899090489003
0.9334848534580354,1.4264589322743764,1.0760385716595577,0.6982483427346473
0.9334848534580354,1.4264589322743764,1.107299142491361,0.6982483427346473
0.9334848534580354,1.4369154333108425,0.9761332638607507,0.6982483427346473
0.8501648100970665,1.4369154333108425,1.087841568922242,0.6982483427346473
0.8501648100970665,1.4369154333108425,1.131725247078746,0.6982483427346473
0.8501648100970665,1.4369154333108425,1.1792808234891097,0.6982483427346473
0.8501648100970665,1.4369154333108425,1.1996852013523436,0.6982483427346473
0.8501648100970665,1.4369154333108425,1.1664135549198367,0.6982483427346473
0.8501648100970665,1.4369154333108425,1.1609216590526847,0.6982483427346473
0.8501648100970665,1.4369154333108425,1.1326049125740534,0.6982483427346473
0.8501648100970665,1.4369154333108425,1.2295236593257826,0.6982483427346473
0.8501648100970665,1.4369154333108425,1.1620912614119128,0.6982483427346473
0.8501648100970665,1.4369154333108425,1.0587460230598553,0.6982483427346473
0.8501648100970665,1.4369154333108425,1.1188610134262311,0.6982483427346473
0.8501648100970665,1.4369154333108425,1.1037930224981662,0.6982483427346473
0.8253704398105229,1.4369154333108425,1.1452832283694545,0.6982483427346473
0.8253704398105229,1.4369154333108425,1.253829833513719,0.6982483427346473
0.8253704398105229,1.4369154333108425,1.2131087138864278,0.6982483427346473
0.8253704398105229,1.4369154333108425,1.1741706803311907,0.6982483427346473
0.8253704398105229,1.4369154333108425,1.1673272493783808,0.6414500077935598
0.8253704398105229,1.4369154333108425,1.0302045111983251,0.6414500077935598
0.8253704398105229,1.4369154333108425,1.0950844753399804,0.6631270380751805
0.8253704398105229,1.4369154333108425,1.1909466564172988,0.6631270380751805
0.8253704398105229,1.4369154333108425,1.1424608181650868,0.6631270380751805
0.8253704398105229,1.4369154333108425,1.1639520303179047,0.6631270380751805
0.8253704398105229,1.4369154333108425,0.9716678736790968,0.6631270380751805
0.8253704398105229,1.4369154333108425,1.2123451383783659,0.6631270380751805
0.8253704398105229,1.4369154333108425,1.0882646469449766,0.6631270380751805
0.8253704398105229,1.4369154333108425,1.0986238669735116,0.6631270380751805
0.8253704398105229,1.4369154333108425,1.1017321267487261,0.6631270380751805
0.8253704398105229,1.4369154333108425,1.1540204249738768,0.6631270380751805
0.8253704398105229,1.4369154333108425,1.1696630288077636,0.6631270380751805
0.8253704398105229,1.4369154333108425,1.1512777096248126,0.6631270380751805
0.8253704398105229,1.4369154333108425,1.2626833757020022,0.6631270380751805
0.8253704398105229,1.4369154333108425,1.2119548468110006,0.6631270380751805
0.8253704398105229,1.4369154333108425,1.1511149543168164,0.6631270380751805
0.8253704398105229,1.4369154333108425,1.1473342840379332,0.6631270380751805
0.8253704398105229,1.4369154333108425,1.1907499509775215,0.6631270380751805
0.8253704398105229,1.4369154333108425,1.1927791104970586,0.6631270380751805
0.8253704398105229,1.4369154333108425,1.334016798152705,0.6631270380751805
0.8253704398105229,1.4369154333108425,1.1064414589648894,0.6631270380751805
0.8253704398105229,1.4369154333108425,1.018435876287022,0.6631270380751805
0.8253704398105229,1.4369154333108425,1.1599032488009442,0.6631270380751805
0.8253704398105229,1.4369154333108425,1.1338378716501492,0.6631270380751805
0.8253704398105229,1.4369154333108425,1.2905005284560118,0.6631270380751805
0.8253704398105229,1.4369154333108425,1.2261574262468735,0.6631270380751805
0.8253704398105229,1.4369154333108425,1.1457897466266274,0.6631270380751805
0.8253704398105229,1.4369154333108425,1.1565639719928036,0.6631270380751805
0.8253704398105229,1.4369154333108425,1.0939185374293405,0.6631270380751805
0.8253704398105229,1.4369154333108425,1.070139621087447,0.6631270380751805
0.8253704398105229,1.4369154333108425,1.1745377711257938,0.6631270380751805
0.8253704398105229,1.4369154333108425,1.2965637448583658,0.6631270380751805
0.8253704398105229,1.4369154333108425,1.1853824919948037,0.6631270380751805
0.8253704398105229,1.4369154333108425,1.211736555723554,0.6631270380751805
0.8253704398105229,1.4369154333108425,1.0005771938887782,0.6631270380751805
0.8253704398105229,1.4369154333108425,1.2281351181147566,0.6631270380751805
0.8253704398105229,1.4369154333108425,1.1369990215889563,0.6631270380751805
0.8253704398105229,1.4369154333108425,1.2593506524243046,0.6631270380751805
0.8253704398105229,1.4369154333108425,1.166171707926847,0.6631270380751805
0.8253704398105229,1.4369154333108425,1.1281380634850833,0.6631270380751805
0.8253704398105229,1.4369154333108425,1.0656860507916512,0.6631270380751805
0.8253704398105229,1.4369154333108425,1.1412353101338744,0.6631270380751805
0.8253704398105229,1.4369154333108425,1.0991139520869377,0.6631270380751805
0.8253704398105229,1.4369154333108425,1.2412388912625862,0.6631270380751805
0.7795746980702579,1.4369154333108425,1.1985590211639932,0.6449434208986797
0.7795746980702579,1.4369154333108425,1.210585988671456,0.6449434208986797
0.7795746980702579,1.4369154333108425,1.2054084463912447,0.6449434208986797
0.7795746980702579,1.4369154333108425,1.140597821284817,0.6449434208986797
0.9021243070449327,1.4369154333108425,1.1602201227875426,0.6449434208986797
0.9021243070449327,1.4369154333108425,1.0324754658589372,0.6449434208986797
0.9021243070449327,1.4369154333108425,1.0328290210810545,0.6402414801894803
0.9021243070449327,1.4369154333108425,1.1259610489997116,0.6402414801894803
0.9021243070449327,1.4369154333108425,0.972802371364309,0.6402414801894803
0.9021243070449327,1.4369154333108425,1.0004180890736758,0.6402414801894803
0.9021243070449327,1.4369154333108425,0.9837016664054863,0.6402414801894803
0.9021243070449327,1.4369154333108425,0.9911169645813075,0.6402414801894803
0.9021243070449327,1.4369154333108425,1.0562968433115982,0.6402414801894803
0.9021243070449327,1.4369154333108425,1.0520794478324804,0.6402414801894803
0.9021243070449327,1.4369154333108425,0.9600649016893206,0.6402414801894803
0.9021243070449327,1.4369154333108425,1.0795312433868045,0.6402414801894803
0.9021243070449327,1.4369154333108425,1.022643307874207,0.6402414801894803
0.9021243070449327,1.4369154333108425,1.016313631935843,0.6321071219687029
0.9021243070449327,1.4369154333108425,0.9682777180633213,0.6573291032256776
0.9021243070449327,1.4369154333108425,1.0714365454577353,0.6573291032256776
0.9021243070449327,1.4369154333108425,0.9817483386850913,0.6749754649112875
0.9021243070449327,1.4369154333108425,1.0497360312765378,0.664130835558468
0.9021243070449327,1.4369154333108425,1.0492065302785036,0.664130835558468
0.9021243070449327,1.4369154333108425,1.0856536341236076,0.664130835558468
0.9021243070449327,1.4369154333108425,1.0587020116597112,0.664130835558468
0.9021243070449327,1.4369154333108425,1.0278407012606503,0.664130835558468
0.9021243070449327,1.4369154333108425,1.0905638579419386,0.664130835558468
0.9151959656905532,1.4369154333108425,1.085320635965584,0.664130835558468
0.9151959656905532,1.4369154333108425,1.1128411628948804,0.664130835558468
0.9151959656905532,1.4369154333108425,1.0841830824050125,0.664130835558468
0.9151959656905532,1.4369154333108425,1.0385776012724672,0.664130835558468
0.9151959656905532,1.4369154333108425,0.9931456254009466,0.664130835558468
0.9151959656905532,1.4369154333108425,0.9906267544495165,0.664130835558468
0.9151959656905532,1.4369154333108425,1.0333316352409052,0.664130835558468
0.9151959656905532,1.4369154333108425,1.0512494870735858,0.664130835558468
0.9151959656905532,1.4369154333108425,1.051147576671036,0.664130835558468
0.9151959656905532,1.4369154333108425,1.0826180359577458,0.664130835558468
0.9151959656905532,1.4369154333108425,1.0991693489048242,0.664130835558468
0.9151959656905532,1.4369154333108425,1.0605800837413009,0.664130835558468
0.9151959656905532,1.4369154333108425,1.0245198262070498,0.664130835558468
0.9151959656905532,1.4369154333108425,1.0195897491885333,0.664130835558468
0.9151959656905532,1.4369154333108425,1.0414908623454602,0.664130835558468
0.9151959656905532,1.4319368041812794,1.0316746092454196,0.664130835558468
0.9151959656905532,1.4319368041812794,1.1088769495163004,0.664130835558468
0.9151959656905532,1.4319368041812794,1.0728159383967597,0.664130835558468
0.9151959656905532,1.4319368041812794,1.107820937922125,0.6856774730560254
0.9151959656905532,1.4319368041812794,1.1306967727832666,0.6856774730560254
0.9151959656905532,1.4319368041812794,1.1633381006430463,0.6856774730560254
0.9151959656905532,1.4319368041812794,1.030197499128074,0.6856774730560254
0.9151959656905532,1.4319368041812794,1.1971764432797805,0.6898989252059389
0.9151959656905532,1.4319368041812794,0.9803356746063888,0.6898989252059389
0.9151959656905532,1.4319368041812794,1.0716441296046662,0.6898989252059389
0.9151959656905532,1.4319368041812794,1.1027657182972843,0.6898989252059389
0.9151959656905532,1.4319368041812794,1.0213111185132744,0.6898989252059389
0.9151959656905532,1.4319368041812794,1.124331998563876,0.6898989252059389
0.9151959656905532,1.4319368041812794,1.0814295362514033,0.6898989252059389
0.9151959656905532,1.4081120266754716,1.1132407321255628,0.6898989252059389
0.9151959656905532,1.4081120266754716,1.114021394012682,0.6898989252059389
0.9151959656905532,1.4081120266754716,1.205636455716991,0.6898989252059389
0.9151959656905532,1.4081120266754716,1.1608206119200248,0.6898989252059389
0.9151959656905532,1.4081120266754716,1.1559042319872699,0.6898989252059389
0.9151959656905532,1.4081120266754716,1.1323043134592128,0.6898989252059389
0.8836064541609213,1.4081120266754716,1.135219491593812,0.6898989252059389
1.003968925231018,1.4081120266754716,1.1199135259697786,0.6898989252059389
1.003968925231018,1.4081120266754716,1.0439056491171788,0.6898989252059389
1.003968925231018,1.4081120266754716,0.9899115300968165,0.6898989252059389
1.003968925231018,1.4081120266754716,1.0635178597008783,0.6898989252059389
1.003968925231018,1.4081120266754716,1.0294981599822786,0.6898989252059389
1.003968925231018,1.4081120266754716,1.0527295347609587,0.6898989252059389
1.003968925231018,1.4081120266754716,1.099681733329029,0.6898989252059389
1.003968925231018,1.4081120266754716,0.9047837607053091,0.6898989252059389
1.003968925231018,1.4081120266754716,1.0000942969704116,0.6898989252059389
1.003968925231018,1.4081120266754716,1.0556949673210725,0.6898989252059389
1.003968925231018,1.4081120266754716,1.0050602030404945,0.6898989252059389
1.003968925231018,1.4081120266754716,0.943966152523677,0.6898989252059389
1.003968925231018,1.4081120266754716,1.0853547430708832,0.6898989252059389
1.003968925231018,1.4081120266754716,1.061489329806466,0.6898989252059389
1.003968925231018,1.4081120266754716,0.998354146494113,0.6898989252059389
0.8945941116771043,1.4081120266754716,1.1177557865892322,0.6898989252059389
0.8945941116771043,1.4081120266754716,1.2051180528176926,0.6898989252059389
0.8945941116771043,1.3754462049503486,1.1930842296664101,0.6729487832460006
0.8945941116771043,1.3754462049503486,1.2965183209038684,0.6729487832460006
0.8945941116771043,1.3754462049503486,1.3302724538606399,0.6729487832460006
0.8945941116771043,1.3754462049503486,1.133747127180442,0.6729487832460006
0.8945941116771043,1.3754462049503486,1.1479135061259917,0.6729487832460006
0.8945941116771043,1.3754462049503486,1.1392068659141616,0.6729487832460006
0.8945941116771043,1.3754462049503486,1.1821628426826947,0.6729487832460006
0.8945941116771043,1.3754462049503486,1.2304871002896705,0.6729487832460006
0.8945941116771043,1.3754462049503486,1.2765085762767239,0.6729487832460006
0.8945941116771043,1.3754462049503486,1.1083279337238632,0.6729487832460006
0.8945941116771043,1.3754462049503486,1.127100755898302,0.6729487832460006
0.8945941116771043,1.3754462049503486,1.281465189595522,0.6729487832460006
0.8945941116771043,1.3754462049503486,1.2121868055846978,0.6729487832460006
0.8945941116771043,1.3754462049503486,1.2204833884493511,0.6729487832460006
0.8945941116771043,1.362035566215498,1.1832492638015013,0.6729487832460006
0.8945941116771043,1.362035566215498,1.2469255384892504,0.713315651001101
0.8945941116771043,1.362035566215498,1.3444931046281103,0.713315651001101
0.8945941116771043,1.362035566215498,1.3357474026916785,0.713315651001101
0.8945941116771043,1.4632703237332543,1.1998198432880696,0.713315651001101
0.8945941116771043,1.4632703237332543,1.0591497011077804,0.713315651001101
0.8945941116771043,1.4632703237332543,1.0800158752048554,0.713315651001101
0.8945941116771043,1.4632703237332543,1.1402525708528402,0.713315651001101
0.8945941116771043,1.4632703237332543,1.091359851725284,0.713315651001101
0.8945941116771043,1.4632703237332543,1.052405677109582,0.713315651001101
0.8945941116771043,1.4632703237332543,1.046630591853925,0.713315651001101
0.8945941116771043,1.4632703237332543,1.0736164897432865,0.713315651001101
0.8945941116771043,1.4632703237332543,1.0779152987838214,0.713315651001101
0.8945941116771043,1.4632703237332543,1.031424649161633,0.713315651001101
0.8945941116771043,1.4632703237332543,1.0405808232877114,0.713315651001101
0.8945941116771043,1.4632703237332543,1.1159841815391403,0.713315651001101
0.8945941116771043,1.4632703237332543,1.1431464629331254,0.713315651001101
0.8945941116771043,1.4632703237332543,1.1696428441775477,0.713315651001101
0.8945941116771043,1.4632703237332543,1.0379400479526648,0.713315651001101
0.8945941116771043,1.4632703237332543,0.9447420438019986,0.713315651001101
0.8945941116771043,1.4632703237332543,1.0836684597541175,0.713315651001101
0.8945941116771043,1.4632703237332543,1.1254770454901284,0.713315651001101
0.8945941116771043,1.4632703237332543,1.0150856565773954,0.713315651001101
0.8945941116771043,1.4044110438033603,1.0983787283265103,0.713315651001101
0.8945941116771043,1.4044110438033603,1.2342475127117603,0.713315651001101
0.9429482996106605,1.4044110438033603,1.084262912008629,0.713315651001101
0.9429482996106605,1.4044110438033603,1.2478424733563935,0.713315651001101
0.9429482996106605,1.434929148511446,1.1516105894477466,0.713315651001101
0.9429482996106605,1.434929148511446,1.0102663337182547,0.713315651001101
0.9429482996106605,1.434929148511446,1.063932700842548,0.713315651001101
0.9429482996106605,1.434929148511446,0.978236610311423,0.713315651001101
0.9429482996106605,1.434929148511446,1.0450102773491974,0.713315651001101
0.9429482996106605,1.434929148511446,1.0571374030270142,0.713315651001101
0.9429482996106605,1.434929148511446,1.2429213360979983,0.713315651001101
0.9429482996106605,1.434929148511446,1.064083143787273,0.713315651001101
0.9429482996106605,1.434929148511446,1.1194826429411846,0.713315651001101
0.9429482996106605,1.434929148511446,1.091587964093815,0.6748782996660779
0.9429482996106605,1.434929148511446,1.1153495694899138,0.6748782996660779
0.9429482996106605,1.434929148511446,1.0470547035143172,0.6748782996660779
0.9429482996106605,1.434929148511446,0.9667343586218211,0.6748782996660779
0.9429482996106605,1.434929148511446,0.9804014632246395,0.6748782996660779
0.9429482996106605,1.434929148511446,1.014948805732105,0.6748782996660779
0.9429482996106605,1.434929148511446,1.1097532718248682,0.6748782996660779
0.9429482996106605,1.434929148511446,1.0037088073806741,0.6748782996660779
0.9429482996106605,1.434929148511446,1.0770123126469278,0.6748782996660779
0.9429482996106605,1.434929148511446,1.0087683140311976,0.6748782996660779
0.9429482996106605,1.434929148511446,1.0688600134342976,0.6748782996660779
0.9429482996106605,1.434929148511446,0.9396369974684096,0.6748782996660779
0.9429482996106605,1.434929148511446,0.9666236491358502,0.6748782996660779
0.9429482996106605,1.434929148511446,1.1840033464996371,0.6748782996660779
0.9429482996106605,1.434929148511446,1.0138412313093161,0.6748782996660779
0.8647293921847813,1.434929148511446,1.0357883683177993,0.6748782996660779
0.8647293921847813,1.434929148511446,1.1622588561404184,0.6748782996660779
0.8647293921847813,1.434929148511446,1.1090563998639993,0.6748782996660779
0.8647293921847813,1.434929148511446,1.1391872514668402,0.6748782996660779
0.8647293921847813,1.434929148511446,1.1603260624518097,0.6748782996660779
0.8647293921847813,1.434929148511446,1.1334085832058503,0.6748782996660779
0.8647293921847813,1.434929148511446,1.006904034047663,0.6521556266683576
0.8647293921847813,1.434929148511446,1.046956665719416,0.6521556266683576
0.8647293921847813,1.434929148511446,1.0714258421933547,0.6521556266683576
0.8647293921847813,1.434929148511446,1.1174988906766703,0.6521556266683576
0.8647293921847813,1.434929148511446,1.1203339947881845,0.6521556266683576
0.8647293921847813,1.434929148511446,1.2353824039812535,0.6521556266683576
0.8647293921847813,1.434929148511446,1.0280909772090054,0.6521556266683576
0.8647293921847813,1.434929148511446,1.2170624080564922,0.6784498824164656
0.8647293921847813,1.434929148511446,1.0860296573548638,0.6784498824164656
0.8647293921847813,1.434929148511446,1.1027369388697732,0.6784498824164656
0.8647293921847813,1.434929148511446,1.1115968132879934,0.6784498824164656
0.8647293921847813,1.434929148511446,1.1143420046246704,0.6784498824164656
0.8647293921847813,1.434929148511446,1.1473876248225816,0.6784498824164656
0.8647293921847813,1.434929148511446,1.1832335126183198,0.6784498824164656
0.8647293921847813,1.434929148511446,1.1224452313210935,0.6655205806660106
0.8647293921847813,1.434929148511446,1.1304988952296169,0.6655205806660106
0.8647293921847813,1.434929148511446,1.1327736776341184,0.6655205806660106
0.8647293921847813,1.434929148511446,1.1239530759356642,0.6655205806660106
0.8647293921847813,1.434929148511446,1.121276535893311,0.6655205806660106
0.8647293921847813,1.434929148511446,1.1033035014535044,0.6785496008393576
0.8647293921847813,1.434929148511446,1.1129590748729208,0.6785496008393576
0.8647293921847813,1.434929148511446,1.1932099456143797,0.6785496008393576
0.8647293921847813,1.434929148511446,1.1816364207131294,0.6785496008393576
0.8647293921847813,1.4614952805961325,1.119672827235393,0.7040117817822281
0.8647293921847813,1.4614952805961325,1.1214693184622535,0.7040117817822281
0.8647293921847813,1.4614952805961325,1.0313516434808236,0.6652349671439306
0.8647293921847813,1.4614952805961325,1.0681881186105744,0.6652349671439306
0.8647293921847813,1.4614952805961325,1.0831969917287234,0.6652349671439306
0.9587667685665028,1.4614952805961325,1.0511057994243853,0.6652349671439306
0.9587667685665028,1.4614952805961325,0.9645255749167513,0.6652349671439306
0.9587667685665028,1.4614952805961325,0.880640993695437,0.6652349671439306
0.9587667685665028,1.4614952805961325,0.9724772632248293,0.6652349671439306
0.9587667685665028,1.4614952805961325,0.9457308763536145,0.6652349671439306
1.0289902336571268,1.4614952805961325,0.9204523217417765,0.6652349671439306
1.0289902336571268,1.4614952805961325,0.849650611046704,0.6652349671439306
1.0289902336571268,1.4614952805961325,0.8933379252536299,0.6652349671439306
1.0289902336571268,1.4614952805961325,0.8650629070860847,0.6652349671439306
1.0289902336571268,1.4614952805961325,0.9428685545768865,0.6652349671439306
1.0289902336571268,1.4614952805961325,0.9545245257399897,0.6652349671439306
1.0289902336571268,1.4614952805961325,0.8278476599163395,0.6652349671439306
1.0289902336571268,1.4614952805961325,0.8475881544616478,0.6652349671439306
1.0289902336571268,1.4614952805961325,0.9379885694862539,0.6652349671439306
1.0289902336571268,1.4614952805961325,0.9063242520186542,0.6652349671439306
1.0289902336571268,1.4614952805961325,0.9409508159062152,0.6652349671439306
1.0289902336571268,1.4614952805961325,0.8815934994993923,0.6652349671439306
1.0289902336571268,1.4614952805961325,0.8637426037064725,0.6652349671439306
1.0289902336571268,1.4614952805961325,0.95269875484796,0.6652349671439306
1.0289902336571268,1.4614952805961325,0.8341755492774312,0.6652349671439306
1.0289902336571268,1.4614952805961325,0.8808953655619489,0.6652349671439306
1.0289902336571268,1.4614952805961325,0.8206842227532625,0.6652349671439306
1.0289902336571268,1.4614952805961325,0.8953643595335186,0.6652349671439306
1.0289902336571268,1.4614952805961325,0.8615857315753453,0.6652349671439306
1.0289902336571268,1.4614952805961325,0.8531662411270418,0.6652349671439306
1.0289902336571268,1.4614952805961325,0.970085605431291,0.6652349671439306
1.0289902336571268,1.4614952805961325,0.8824344948394376,0.6652349671439306
1.0289902336571268,1.4614952805961325,0.9124794794213009,0.6652349671439306
1.0289902336571268,1.4856061184271216,0.8373198825628193,0.6652349671439306
1.0289902336571268,1.4856061184271216,0.8068060278373204,0.6652349671439306
1.0289902336571268,1.4856061184271216,0.8258727264986546,0.6652349671439306
1.0289902336571268,1.4856061184271216,0.8540016065099523,0.6652349671439306
1.0289902336571268,1.4856061184271216,0.7780313747164201,0.6652349671439306
1.0289902336571268,1.4856061184271216,0.8720560273352216,0.6652349671439306
1.0289902336571268,1.4856061184271216,0.8339625587162467,0.6652349671439306
1.0289902336571268,1.4856061184271216,0.8453193641801799,0.6652349671439306
1.0289902336571268,1.4856061184271216,0.8217139161866305,0.6652349671439306
1.0289902336571268,1.4856061184271216,0.8305291810989469,0.6652349671439306
1.0289902336571268,1.4856061184271216,0.9198887140243265,0.6652349671439306
1.0289902336571268,1.4856061184271216,0.7749910355458468,0.6652349671439306
1.0289902336571268,1.4856061184271216,0.8596307837689294,0.6652349671439306
1.0289902336571268,1.4856061184271216,0.8930957498696461,0.6652349671439306
1.0289902336571268,1.4856061184271216,0.8649396153917618,0.6652349671439306
1.0289902336571268,1.4856061184271216,0.8894837724366146,0.6845757843467393
1.0289902336571268,1.4856061184271216,0.9247838736355671,0.670462070115537
1.0289902336571268,1.4856061184271216,0.9161173661082656,0.7790722923846481
1.0289902336571268,1.4856061184271216,0.8862206245631109,0.7790722923846481
1.0289902336571268,1.4856061184271216,0.8743805531332842,0.7790722923846481
1.0289902336571268,1.4856061184271216,0.9517894204955788,0.7790722923846481
1.0289902336571268,1.4856061184271216,0.8949169947606068,0.7163540794442689
1.0289902336571268,1.4856061184271216,0.869570877971566,0.7163540794442689
1.0289902336571268,1.4856061184271216,0.8221528609806955,0.7163540794442689
1.0289902336571268,1.4856061184271216,0.8834239197495803,0.7163540794442689
1.0289902336571268,1.4856061184271216,0.8954576018847782,0.7163540794442689
1.0289902336571268,1.4856061184271216,0.8669987381457612,0.7163540794442689
1.0289902336571268,1.4856061184271216,0.9354802584978265,0.7163540794442689
1.0289902336571268,1.4856061184271216,0.8654791045656184,0.7163540794442689
1.0289902336571268,1.4856061184271216,0.8713841046185291,0.7163540794442689
1.0289902336571268,1.4856061184271216,0.8013708528120679,0.7163540794442689
1.0289902336571268,1.4856061184271216,0.8607324759449791,0.7163540794442689
1.0289902336571268,1.4856061184271216,0.923976108463815,0.7163540794442689
1.0289902336571268,1.4856061184271216,0.8351324107336481,0.7163540794442689
1.0289902336571268,1.4856061184271216,0.8796909694821778,0.7163540794442689
1.0289902336571268,1.4856061184271216,0.8350439866859491,0.7163540794442689
1.0289902336571268,1.4856061184271216,0.8349523226800181,0.7163540794442689
1.0289902336571268,1.4856061184271216,0.9041329779237546,0.7163540794442689
1.0289902336571268,1.4856061184271216,0.8481208887082778,0.7163540794442689
1.0289902336571268,1.4856061184271216,0.8449511577710576,0.7163540794442689
1.0289902336571268,1.4856061184271216,0.8814691391138022,0.7163540794442689
1.0289902336571268,1.4856061184271216,0.8985941289258922,0.7163540794442689
1.0289902336571268,1.4856061184271216,0.8310813873808856,0.7163540794442689
1.0289902336571268,1.4856061184271216,0.9585677313782155,0.7163540794442689
1.0289902336571268,1.4856061184271216,0.8385492679122332,0.7163540794442689
1.0289902336571268,1.4856061184271216,0.8465044817061494,0.7163540794442689
1.0289902336571268,1.4856061184271216,0.9458489123205702,0.7163540794442689
1.0289902336571268,1.4856061184271216,0.8654157208879434,0.7163540794442689
1.1160696325033257,1.4856061184271216,0.8396419577159447,0.7163540794442689
1.1160696325033257,1.4856061184271216,0.7992423385893914,0.7163540794442689
0.9564445942405096,1.4856061184271216,0.8339368583681892,0.7163540794442689
0.9564445942405096,1.4856061184271216,0.9251280617368804,0.7163540794442689
0.9564445942405096,1.4856061184271216,0.9804724107026886,0.7163540794442689
0.9564445942405096,1.4856061184271216,0.9766486935768774,0.7163540794442689
0.9564445942405096,1.4856061184271216,0.9417319853996543,0.7163540794442689
0.9564445942405096,1.4856061184271216,0.9577145504204588,0.7163540794442689
0.9564445942405096,1.4856061184271216,0.9789066213087223,0.7163540794442689
0.9564445942405096,1.4856061184271216,0.9167307642474872,0.7163540794442689
0.9564445942405096,1.4856061184271216,0.8872949049399474,0.7163540794442689
0.9564445942405096,1.4856061184271216,0.9576287390806146,0.7163540794442689
0.9564445942405096,1.4856061184271216,0.9292948837049791,0.7163540794442689
0.9564445942405096,1.4856061184271216,0.8779469464502313,0.7163540794442689
0.9564445942405096,1.4856061184271216,0.9394382463335484,0.7163540794442689
0.9564445942405096,1.4856061184271216,0.9353239002189914,0.7163540794442689
0.9564445942405096,1.480918563888613,0.987804765959342,0.7163540794442689
0.9564445942405096,1.480918563888613,0.9851716036075562,0.7163540794442689
0.9564445942405096,1.480918563888613,0.9508109658131386,0.7163540794442689
0.9564445942405096,1.480918563888613,0.9777816346112321,0.7163540794442689
0.9564445942405096,1.480918563888613,0.9668948607832627,0.7163540794442689
0.9564445942405096,1.480918563888613,1.0004972741316764,0.7163540794442689
0.9564445942405096,1.480918563888613,1.0230954576142508,0.7163540794442689
0.9564445942405096,1.480918563888613,0.9979646094398501,0.7163540794442689
0.9564445942405096,1.480918563888613,0.9258782909727493,0.7163540794442689
0.9564445942405096,1.480918563888613,0.9123071072600634,0.7163540794442689
0.9564445942405096,1.480918563888613,0.9040751573528296,0.7163540794442689
0.9564445942405096,1.480918563888613,0.879920577055239,0.7163540794442689
0.9564445942405096,1.480918563888613,0.9833564564991885,0.7163540794442689
0.9564445942405096,1.4327109280491568,0.9446289293233591,0.7163540794442689
0.9564445942405096,1.4327109280491568,1.0105785936130507,0.7163540794442689
0.9564445942405096,1.4327109280491568,1.1761234912939869,0.7163540794442689
0.9564445942405096,1.4327109280491568,1.0515340788624348,0.6895960296525719
0.9564445942405096,1.4327109280491568,1.0670291487685422,0.7415765981084319
0.9564445942405096,1.4327109280491568,1.120282654811918,0.7415765981084319
0.9564445942405096,1.4327109280491568,1.0719816900613306,0.7415765981084319
0.9564445942405096,1.4327109280491568,1.092855039512367,0.7415765981084319
0.9564445942405096,1.4327109280491568,1.1286860948983777,0.7415765981084319
0.9564445942405096,1.4327109280491568,1.0041844398241988,0.7415765981084319
0.9564445942405096,1.4327109280491568,1.059361693097094,0.7415765981084319
0.9564445942405096,1.4327109280491568,0.9668609198945479,0.7415765981084319
0.9564445942405096,1.4327109280491568,1.0563088172312496,0.7415765981084319
0.9564445942405096,1.4327109280491568,1.1831619012233698,0.7415765981084319
0.9564445942405096,1.4327109280491568,1.1643415994253163,0.7415765981084319
0.9564445942405096,1.4327109280491568,1.1099586214637516,0.7415765981084319
0.9564445942405096,1.4327109280491568,1.0661179872660909,0.7415765981084319
0.9564445942405096,1.4327109280491568,1.0936877648901784,0.7415765981084319
0.9564445942405096,1.4327109280491568,1.0701960638521189,0.7415765981084319
0.9564445942405096,1.4327109280491568,1.0331325724072653,0.6703147425876314
0.9564445942405096,1.4327109280491568,1.029280649964383,0.6703147425876314
0.9564445942405096,1.4327109280491568,0.9267768479573537,0.6703147425876314
0.9564445942405096,1.4327109280491568,1.0064994140910202,0.6703147425876314
0.9564445942405096,1.4327109280491568,0.9971686505722736,0.6703147425876314
0.9564445942405096,1.4327109280491568,1.0988476089212833,0.6703147425876314
0.9564445942405096,1.4327109280491568,0.9244758849188838,0.6703147425876314
0.9564445942405096,1.4327109280491568,1.0001403527337587,0.6703147425876314
0.9564445942405096,1.4327109280491568,1.1042576305989409,0.6703147425876314
0.8631594018880817,1.4327109280491568,1.1013741902510994,0.6703147425876314
0.8631594018880817,1.4327109280491568,1.1335621848510984,0.6703147425876314
0.8631594018880817,1.4327109280491568,1.1652060692858999,0.6703147425876314
0.8631594018880817,1.4327109280491568,1.1061745387585555,0.6703147425876314
0.8631594018880817,1.4327109280491568,1.1058836237031713,0.6703147425876314
1.0054642337951287,1.4327109280491568,1.0266790170987137,0.6703147425876314
1.0054642337951287,1.4327109280491568,0.9829610095103097,0.6703147425876314
1.0054642337951287,1.4327109280491568,0.9694003999060975,0.6703147425876314
1.0054642337951287,1.4327109280491568,0.9792952031838998,0.7001333137985818
1.0054642337951287,1.4327109280491568,0.954973815747188,0.7001333137985818
1.0054642337951287,1.4327109280491568,0.8878338693046883,0.7001333137985818
0.9517078975360176,1.4327109280491568,1.0345982138077636,0.7001333137985818
0.9517078975360176,1.4327109280491568,1.0464204054080075,0.7001333137985818
0.9517078975360176,1.4327109280491568,1.0053754855250752,0.7001333137985818
0.9517078975360176,1.4327109280491568,1.038689953773794,0.7001333137985818
0.9517078975360176,1.4327109280491568,1.112804391679853,0.7001333137985818
0.9517078975360176,1.4327109280491568,1.0471245960629405,0.7001333137985818
0.9517078975360176,1.4327109280491568,1.0011949046212216,0.7001333137985818
0.9517078975360176,1.4327109280491568,1.0123088986202886,0.7001333137985818
0.9517078975360176,1.4327109280491568,1.0259314976606688,0.7001333137985818
0.9517078975360176,1.4327109280491568,1.0433238809557663,0.7114315464646592
0.9517078975360176,1.4327109280491568,0.9590334890985724,0.7114315464646592
0.9517078975360176,1.4327109280491568,1.074674126161044,0.7114315464646592
0.9517078975360176,1.4327109280491568,1.070351913401308,0.6924746612906214
0.9517078975360176,1.4327109280491568,0.9764386426688574,0.6924746612906214
0.9517078975360176,1.4327109280491568,1.0119137584861773,0.6924746612906214
0.9517078975360176,1.4327109280491568,0.9885949842653795,0.6924746612906214
0.9517078975360176,1.4327109280491568,1.062337016884878,0.6924746612906214
0.9517078975360176,1.4327109280491568,1.0528433212306345,0.6924746612906214
0.9517078975360176,1.4327109280491568,1.0514540051102828,0.6924746612906214
0.9517078975360176,1.4327109280491568,0.9562048354369053,0.6924746612906214
0.9517078975360176,1.4327109280491568,1.0080678733083932,0.6924746612906214
0.9517078975360176,1.4327109280491568,1.083820585128309,0.6924746612906214
0.9517078975360176,1.4327109280491568,0.9939303027984161,0.6924746612906214
0.9517078975360176,1.4327109280491568,1.0381137792894806,0.6924746612906214
0.9517078975360176,1.4327109280491568,1.0760814481421144,0.6924746612906214
0.9517078975360176,1.4327109280491568,0.9305105549771472,0.6924746612906214
0.9517078975360176,1.4327109280491568,1.062558262516095,0.6924746612906214
0.9517078975360176,1.4327109280491568,1.0506352445799485,0.6924746612906214
0.7884340797242965,1.4327109280491568,1.155451021553624,0.6924746612906214
0.7884340797242965,1.4327109280491568,1.295396241156428,0.6924746612906214
0.7884340797242965,1.4327109280491568,1.1488270720917937,0.6924746612906214
0.7884340797242965,1.4327109280491568,1.2831660889603376,0.6924746612906214
0.7884340797242965,1.4327109280491568,1.273827132711629,0.6924746612906214
0.7884340797242965,1.4327109280491568,1.266259308306458,0.6924746612906214
0.6916560683031198,1.369924726948008,1.6058777770248553,0.6924746612906214
0.6916560683031198,1.369924726948008,1.4792658681750959,0.6924746612906214
0.6916560683031198,1.369924726948008,1.8223244847430524,0.6924746612906214
0.6916560683031198,1.369924726948008,1.564357360292089,0.6924746612906214
0.6916560683031198,1.369924726948008,1.599342315546164,0.6924746612906214
0.6916560683031198,1.369924726948008,1.5360883561691967,0.6924746612906214
0.6916560683031198,1.369924726948008,1.6978922818315285,0.6924746612906214
0.6916560683031198,1.369924726948008,1.6909149936533854,0.6924746612906214
0.6916560683031198,1.369924726948008,1.6972603924579575,0.6924746612906214
0.6916560683031198,1.369924726948008,1.5247380515458424,0.6924746612906214
0.6916560683031198,1.369924726948008,1.5697603742043278,0.6924746612906214
0.6916560683031198,1.369924726948008,1.5314642760007817,0.6905669614332044
0.6916560683031198,1.369924726948008,1.6243948472185614,0.6905669614332044
0.6916560683031198,1.369924726948008,1.611638532515849,0.6905669614332044
0.6916560683031198,1.369924726948008,1.6548790769908206,0.6905669614332044
0.6916560683031198,1.369924726948008,1.613495896026774,0.6905669614332044
0.9181067309748809,1.369924726948008,1.4720593096714827,0.6905669614332044
0.9181067309748809,1.369924726948008,1.2166632807189146,0.6905669614332044
0.9181067309748809,1.369924726948008,1.2902087944910237,0.6905669614332044
0.9181067309748809,1.369924726948008,1.2891606780316973,0.6905669614332044
0.9181067309748809,1.369924726948008,1.23105239162516,0.6905669614332044
0.9181067309748809,1.369924726948008,1.3379988011151336,0.6905669614332044
0.9181067309748809,1.369924726948008,1.1734982172660409,0.6905669614332044
0.9181067309748809,1.369924726948008,1.3247339317726032,0.6905669614332044
0.9181067309748809,1.369924726948008,1.2003849198174334,0.6905669614332044
0.9181067309748809,1.369924726948008,1.1187326156699067,0.6905669614332044
0.9181067309748809,1.369924726948008,1.2563310953618112,0.6277858394231521
0.9181067309748809,1.369924726948008,1.2372876860020914,0.677198447354652
0.9181067309748809,1.369924726948008,1.2134977840501708,0.677198447354652
0.9181067309748809,1.369924726948008,1.2411907717063304,0.677198447354652
0.9181067309748809,1.369924726948008,1.324041852043301,0.677198447354652
0.9181067309748809,1.369924726948008,1.1487150525266525,0.677198447354652
0.9181067309748809,1.369924726948008,1.3149714244012467,0.677198447354652
0.9181067309748809,1.369924726948008,1.2116584641895913,0.677198447354652
0.9261216283641349,1.369924726948008,1.4309703562875198,0.677198447354652
0.9261216283641349,1.369924726948008,1.2526424262667084,0.651920499673459
0.9261216283641349,1.369924726948008,1.15464846541743,0.651920499673459
0.9261216283641349,1.369924726948008,1.2081168970419414,0.651920499673459
0.9261216283641349,1.369924726948008,1.1574096773214535,0.651920499673459
0.9261216283641349,1.369924726948008,1.104379798830794,0.6959270645414648
0.9261216283641349,1.369924726948008,1.1296020620656075,0.6959270645414648
0.9261216283641349,1.369924726948008,1.2323071956208191,0.6959270645414648
0.9261216283641349,1.369924726948008,1.1893838092827822,0.6959270645414648
1.0746302193538173,1.369924726948008,1.090703890830476,0.6959270645414648
1.0746302193538173,1.369924726948008,1.0165678980169779,0.6959270645414648
1.0746302193538173,1.369924726948008,1.03926947678986,0.6959270645414648
1.0746302193538173,1.369924726948008,1.0428586798781414,0.6959270645414648
1.0746302193538173,1.369924726948008,1.0216327578685227,0.6959270645414648
1.0746302193538173,1.369924726948008,1.2011080472486901,0.6959270645414648
1.0746302193538173,1.369924726948008,1.0401904088074518,0.6959270645414648
1.0746302193538173,1.369924726948008,1.0416075384685168,0.6959270645414648
1.0746302193538173,1.369924726948008,1.076248502777143,0.6959270645414648
1.0746302193538173,1.369924726948008,1.064485339134445,0.6959270645414648
1.0746302193538173,1.369924726948008,1.1296323106023387,0.6959270645414648
1.0746302193538173,1.369924726948008,1.056210747681982,0.6959270645414648
1.0746302193538173,1.369924726948008,1.0898040458660683,0.6959270645414648
1.0746302193538173,1.369924726948008,0.9933515673608455,0.6959270645414648
1.0746302193538173,1.369924726948008,1.1513231074247545,0.6959270645414648
1.0746302193538173,1.369924726948008,1.047623908572508,0.6959270645414648
1.0746302193538173,1.369924726948008,1.0588222678982788,0.6959270645414648
1.0746302193538173,1.369924726948008,1.0340881995477593,0.6959270645414648
1.0746302193538173,1.369924726948008,1.0850553711182205,0.6959270645414648
1.0746302193538173,1.369924726948008,0.9816390558131642,0.6959270645414648
1.0746302193538173,1.369924726948008,1.0897982587085453,0.6959270645414648
1.0211161705654188,1.369924726948008,1.0732783237539614,0.6959270645414648
1.0211161705654188,1.369924726948008,1.1590029911543318,0.6959270645414648
1.0211161705654188,1.369924726948008,1.1232084554434172,0.6959270645414648
1.0211161705654188,1.369924726948008,1.1654782094399088,0.6959270645414648
1.0211161705654188,1.369924726948008,1.209512748564814,0.6959270645414648
1.0211161705654188,1.369924726948008,1.1484353710194488,0.6959270645414648
1.0211161705654188,1.369924726948008,1.131756308863299,0.6959270645414648
1.0211161705654188,1.369924726948008,1.0484158816493172,0.6187752158529021
1.0211161705654188,1.378250713846894,1.024296559314162,0.6723949777764296
1.0211161705654188,1.357959338180251,1.0322236585604012,0.6723949777764296
1.0211161705654188,1.357959338180251,1.1064262241700566,0.6723949777764296
1.0211161705654188,1.357959338180251,1.0971513593854247,0.6723949777764296
1.0211161705654188,1.357959338180251,1.1404528067139945,0.6723949777764296
1.0211161705654188,1.357959338180251,1.3109546136764894,0.6723949777764296
1.0211161705654188,1.357959338180251,1.1201333504676854,0.6723949777764296
1.0211161705654188,1.357959338180251,1.1266939402404712,0.6723949777764296
1.0211161705654188,1.357959338180251,1.1043631227712525,0.6723949777764296
1.0211161705654188,1.3217699647705028,1.018824178313095,0.6723949777764296
1.0211161705654188,1.3217699647705028,1.2065160244500392,0.6723949777764296
1.0211161705654188,1.3217699647705028,1.35972836521451,0.6723949777764296
1.0211161705654188,1.3217699647705028,1.3119955641569532,0.6723949777764296
0.9502289300061202,1.3217699647705028,1.3309989383067342,0.6746541798153752
0.9502289300061202,1.3217699647705028,1.314739530390502,0.6746541798153752
0.9502289300061202,1.3217699647705028,1.271661908668443,0.6292524959465564
0.9502289300061202,1.3217699647705028,1.255910939760567,0.6292524959465564
0.9502289300061202,1.3217699647705028,1.184476031903483,0.6292524959465564
0.9502289300061202,1.3217699647705028,1.0914971418568948,0.6292524959465564
0.9502289300061202,1.3217699647705028,1.4442226100001316,0.6292524959465564
0.8164615061789826,1.3217699647705028,1.3944432635359172,0.6292524959465564
0.8164615061789826,1.3217699647705028,1.6398881304366901,0.6292524959465564
0.8164615061789826,1.3217699647705028,1.4193009374928096,0.6292524959465564
0.8164615061789826,1.3217699647705028,1.336393983285979,0.6292524959465564
0.8164615061789826,1.3217699647705028,1.3997503246714287,0.6292524959465564
0.8164615061789826,1.3217699647705028,1.4229699951043202,0.6292524959465564
0.8164615061789826,1.3217699647705028,1.4193773802057346,0.6292524959465564
0.8164615061789826,1.3217699647705028,1.5026534426638924,0.6292524959465564
0.8164615061789826,1.3217699647705028,1.274265791277768,0.6292524959465564
0.8150343040880139,1.3217699647705028,1.5792982002979759,0.6292524959465564
0.8150343040880139,1.3217699647705028,1.5294349677411017,0.6292524959465564
0.8150343040880139,1.3217699647705028,1.4791461454150374,0.6397244664865995
0.8150343040880139,1.3217699647705028,1.3883541451073353,0.6397244664865995
0.8150343040880139,1.3217699647705028,1.4845597483724189,0.6397244664865995
0.8150343040880139,1.3217699647705028,1.4755682985505034,0.6397244664865995
0.8150343040880139,1.3217699647705028,1.6317690278132022,0.6397244664865995
0.8150343040880139,1.3217699647705028,1.4315373805706244,0.6397244664865995
0.8150343040880139,1.3217699647705028,1.4079526509449378,0.6397244664865995
0.8150343040880139,1.3217699647705028,1.6033843028860597,0.6397244664865995
0.8150343040880139,1.3217699647705028,1.513962254260826,0.6397244664865995
0.8150343040880139,1.3217699647705028,1.6574936581875306,0.6397244664865995
0.8150343040880139,1.3217699647705028,1.569703579887613,0.6397244664865995
0.8150343040880139,1.3217699647705028,1.3920502213965409,0.6397244664865995
0.8150343040880139,1.3217699647705028,1.5176221288244192,0.6397244664865995
0.8150343040880139,1.3217699647705028,1.6727599388141206,0.6397244664865995
0.8150343040880139,1.3217699647705028,1.548923161271447,0.6397244664865995
0.8830804619908406,1.3217699647705028,1.441262619515203,0.6397244664865995
0.9068395858113921,1.3217699647705028,1.490556997771838,0.6397244664865995
0.9068395858113921,1.3217699647705028,1.3426405944936817,0.6397244664865995
0.9068395858113921,1.3217699647705028,1.3799425106702534,0.6397244664865995
0.9068395858113921,1.3217699647705028,1.3661507658081518,0.6397244664865995
0.9068395858113921,1.3217699647705028,1.3501899519325926,0.6397244664865995
0.9068395858113921,1.3217699647705028,1.3462210496068368,0.6397244664865995
0.9068395858113921,1.3217699647705028,1.2609847146064292,0.6397244664865995
0.9068395858113921,1.3217699647705028,1.2965461154984865,0.6397244664865995
0.9068395858113921,1.3217699647705028,1.3682191246905213,0.6397244664865995
0.9068395858113921,1.3217699647705028,1.2350884395268578,0.6397244664865995
0.9153079638425807,1.3217699647705028,1.2862225741522524,0.6397244664865995
0.9153079638425807,1.3217699647705028,1.2529778915868708,0.6397244664865995
0.9153079638425807,1.3217699647705028,1.2735058902898853,0.6397244664865995
0.9153079638425807,1.3217699647705028,1.2892618096650492,0.6397244664865995
0.9153079638425807,1.3217699647705028,1.315857289061871,0.6397244664865995
0.9153079638425807,1.3217699647705028,1.2498139808302617,0.6397244664865995
0.9153079638425807,1.3217699647705028,1.2147009891089962,0.6397244664865995
0.9153079638425807,1.3217699647705028,1.3385112429105974,0.6397244664865995
0.9153079638425807,1.3217699647705028,1.2735408129995223,0.6397244664865995
0.9153079638425807,1.3217699647705028,1.2980561375913657,0.6397244664865995
0.9863837206938428,1.3217699647705028,1.219568083243932,0.6397244664865995
0.9863837206938428,1.3217699647705028,1.2169152026446393,0.6397244664865995
0.9863837206938428,1.3217699647705028,1.1549812202641319,0.6397244664865995
0.9863837206938428,1.3217699647705028,1.3673462654866795,0.6397244664865995
0.9863837206938428,1.3217699647705028,1.0950443166298853,0.6397244664865995
1.09191029535938,1.3217699647705028,1.1493350228304116,0.6397244664865995
1.09191029535938,1.3217699647705028,1.1394740026278556,0.6397244664865995
1.0513407305670677,1.3217699647705028,1.066411576085448,0.6397244664865995
1.0513407305670677,1.3217699647705028,1.183245948206271,0.6397244664865995
1.0513407305670677,1.3217699647705028,1.1647048563449705,0.6397244664865995
1.0513407305670677,1.3217699647705028,1.2050046908605336,0.6397244664865995
1.0513407305670677,1.3217699647705028,1.2006573927991822,0.6397244664865995
1.0513407305670677,1.3217699647705028,1.1548425061589038,0.6397244664865995
1.0513407305670677,1.3217699647705028,1.1911398865619387,0.6397244664865995
1.0797739399600939,1.3217699647705028,1.0685148126338482,0.6397244664865995
1.0797739399600939,1.3217699647705028,1.1437860469627203,0.6397244664865995
1.0797739399600939,1.3217699647705028,1.1082741317612153,0.6397244664865995
1.0797739399600939,1.3217699647705028,1.0944000994236394,0.6397244664865995
1.0797739399600939,1.3217699647705028,1.0712440815154092,0.6397244664865995
1.0797739399600939,1.3217699647705028,1.1849915223120546,0.6397244664865995
1.0797739399600939,1.3217699647705028,1.0740137666241607,0.6397244664865995
1.0797739399600939,1.3217699647705028,1.1955337396889378,0.6397244664865995
1.0797739399600939,1.3217699647705028,1.0637980308122446,0.6397244664865995
1.0797739399600939,1.3217699647705028,1.1556943443360044,0.6397244664865995
1.0797739399600939,1.3217699647705028,1.1782161776587325,0.6397244664865995
1.0797739399600939,1.3217699647705028,1.0889925061994212,0.6397244664865995
1.0797739399600939,1.298409789840331,1.228971151752924,0.6397244664865995
1.0797739399600939,1.298409789840331,1.2055118983404118,0.6397244664865995
1.0797739399600939,1.298409789840331,1.1539784545008878,0.6397244664865995
0.9334854508502364,1.298409789840331,1.2462374175289441,0.6397244664865995
0.9334854508502364,1.298409789840331,1.2639120004196196,0.6397244664865995
0.9334854508502364,1.298409789840331,1.353360070460855,0.6397244664865995
0.9334854508502364,1.298409789840331,1.315180445597403,0.6397244664865995
0.9334854508502364,1.298409789840331,1.5161895332677513,0.6397244664865995
0.9334854508502364,1.298409789840331,1.3793643570667002,0.6397244664865995
0.9334854508502364,1.298409789840331,1.397503185990337,0.6397244664865995
0.9334854508502364,1.298409789840331,1.412953140286738,0.6397244664865995
0.9334854508502364,1.298409789840331,1.3420756618895542,0.6397244664865995
0.9334854508502364,1.298409789840331,1.423089191051481,0.6397244664865995
0.9334854508502364,1.298409789840331,1.3401660243873628,0.6397244664865995
0.9334854508502364,1.298409789840331,1.508621933122395,0.6397244664865995
0.9334854508502364,1.298409789840331,1.3764989498657931,0.6397244664865995
0.9334854508502364,1.298409789840331,1.16074903837636,0.6397244664865995
0.9334854508502364,1.298409789840331,1.253150078697386,0.6397244664865995
0.9334854508502364,1.3504724056301454,1.3614258663286523,0.6397244664865995
0.9334854508502364,1.3504724056301454,1.3511624972716259,0.6397244664865995
0.9334854508502364,1.3504724056301454,1.3216927211156924,0.6397244664865995
0.9334854508502364,1.3504724056301454,1.0876394364354385,0.6397244664865995
0.9334854508502364,1.3504724056301454,1.1374352685115596,0.6397244664865995
0.9152337416346754,1.3504724056301454,1.2532482603385826,0.6397244664865995
0.9152337416346754,1.3504724056301454,1.254929555102202,0.6397244664865995
0.9152337416346754,1.3504724056301454,1.2335192144105314,0.6397244664865995
0.9886688880666397,1.3504724056301454,1.1765982776166506,0.6397244664865995
0.9886688880666397,1.3504724056301454,1.1183950419936055,0.6397244664865995
0.8555315127787502,1.3504724056301454,1.403233283267563,0.6397244664865995
0.8555315127787502,1.3504724056301454,1.1980816952198874,0.6397244664865995
0.8555315127787502,1.3504724056301454,1.2464682387661878,0.6397244664865995
0.8866548655383278,1.3504724056301454,1.3333931614276808,0.6397244664865995
0.8866548655383278,1.3504724056301454,1.3706007974492826,0.6397244664865995
0.8866548655383278,1.3504724056301454,1.2127731277185962,0.6397244664865995
0.8866548655383278,1.3504724056301454,1.2891847133164942,0.6604312832852284
0.8866548655383278,1.3504724056301454,1.4022707417113986,0.6604312832852284
0.8866548655383278,1.3504724056301454,1.2739802381388998,0.6604312832852284
0.8866548655383278,1.3504724056301454,1.3010796794743857,0.6604312832852284
0.8866548655383278,1.3504724056301454,1.3453600438917268,0.6604312832852284
0.8866548655383278,1.3504724056301454,1.344404964242337,0.6604312832852284
0.8866548655383278,1.3504724056301454,1.3969717290811483,0.6604312832852284
0.8866548655383278,1.3504724056301454,1.3619628657836358,0.6604312832852284
0.8866548655383278,1.3504724056301454,1.4054287467218767,0.6604312832852284
0.9511589100017354,1.3504724056301454,1.289450534119465,0.6604312832852284
0.9511589100017354,1.3504724056301454,1.2145132781893015,0.6604312832852284
0.9511589100017354,1.3504724056301454,1.180411308382259,0.6604312832852284
0.9511589100017354,1.3504724056301454,1.2470774773408573,0.6604312832852284
0.9511589100017354,1.3504724056301454,1.133692412374769,0.6604312832852284
0.9511589100017354,1.3504724056301454,1.1879343987951019,0.6604312832852284
0.9511589100017354,1.3504724056301454,1.2220492659185012,0.6604312832852284
0.9511589100017354,1.3504724056301454,1.3512669606340466,0.6604312832852284
0.9511589100017354,1.3504724056301454,0.988715500296396,0.6604312832852284
0.9511589100017354,1.3504724056301454,1.281494763616161,0.6604312832852284
0.9511589100017354,1.3504724056301454,1.3120707223076633,0.6604312832852284
0.9511589100017354,1.3504724056301454,1.1813522068506177,0.6604312832852284
0.9511589100017354,1.3504724056301454,1.2209485284644566,0.6604312832852284
0.9511589100017354,1.3504724056301454,1.1684439511975213,0.6604312832852284
0.9511589100017354,1.3504724056301454,1.263267131556903,0.6604312832852284
0.9784750615092114,1.3504724056301454,1.1415923203134504,0.6604312832852284
0.9784750615092114,1.3504724056301454,1.2097449485286484,0.6604312832852284
0.9784750615092114,1.3504724056301454,1.16753185042975,0.6604312832852284
0.9784750615092114,1.3504724056301454,1.176512156455025,0.6604312832852284
0.9784750615092114,1.3504724056301454,1.1518207574873989,0.6604312832852284
0.9784750615092114,1.3504724056301454,1.2038945296128172,0.6604312832852284
0.9784750615092114,1.3504724056301454,1.1184098369593962,0.6604312832852284
0.9727513485548616,1.3504724056301454,1.205834082239636,0.6604312832852284
0.9727513485548616,1.3504724056301454,1.1242857520288765,0.6604312832852284
0.9727513485548616,1.3504724056301454,1.2619937186675743,0.6604312832852284
0.9727513485548616,1.3504724056301454,1.1037440277256274,0.6604312832852284
0.9727513485548616,1.3504724056301454,1.229336067798032,0.6604312832852284
0.9727513485548616,1.3504724056301454,1.3010086792255375,0.6604312832852284
0.9727513485548616,1.3504724056301454,1.0807150827865264,0.6604312832852284
0.9727513485548616,1.3504724056301454,1.142924984331491,0.6604312832852284
0.9727513485548616,1.3504724056301454,1.34097693238101,0.6604312832852284
0.9727513485548616,1.3504724056301454,1.2516862825740367,0.6604312832852284
0.9727513485548616,1.3504724056301454,1.0196535272391283,0.6604312832852284
0.9727513485548616,1.3504724056301454,1.110454301984099,0.6248950645927188
0.9727513485548616,1.3504724056301454,1.0872648066013986,0.6248950645927188
0.9727513485548616,1.3504724056301454,1.1330924561443467,0.6248950645927188
0.9727513485548616,1.3504724056301454,1.1612148238863924,0.6248950645927188
0.9727513485548616,1.3504724056301454,1.166732551676192,0.6248950645927188
0.9727513485548616,1.3504724056301454,1.2010675451695334,0.6248950645927188
0.9727513485548616,1.3504724056301454,1.1744525559877932,0.6248950645927188
0.9545717396893908,1.3504724056301454,1.2238215477736964,0.6193665640994445
0.9545717396893908,1.3504724056301454,1.2629572241565392,0.6193665640994445
0.9545717396893908,1.3504724056301454,1.0842026630535102,0.6193665640994445
1.0391049421641256,1.3504724056301454,1.1277059994717755,0.6193665640994445
1.0391049421641256,1.3504724056301454,1.1060009231524124,0.6193665640994445
1.0391049421641256,1.3504724056301454,1.0363008388128818,0.6193665640994445
1.0391049421641256,1.3504724056301454,1.0040023712055366,0.6193665640994445
1.0391049421641256,1.3504724056301454,1.0639193873687924,0.6193665640994445
1.0391049421641256,1.3504724056301454,1.144083693498265,0.6243957283672893
1.0391049421641256,1.3504724056301454,1.0477192196104286,0.6243957283672893
1.0391049421641256,1.3504724056301454,1.0791640276011185,0.6243957283672893
1.0391049421641256,1.3504724056301454,1.0742943895044295,0.6243957283672893
1.0391049421641256,1.3504724056301454,1.0898198502009082,0.6243957283672893
1.0391049421641256,1.3504724056301454,1.0107008215102085,0.6243957283672893
1.0391049421641256,1.3504724056301454,1.050040340752182,0.6243957283672893
1.0391049421641256,1.3504724056301454,1.0790202698767468,0.6243957283672893
1.0391049421641256,1.3504724056301454,0.9918694297711983,0.6243957283672893
1.0391049421641256,1.3504724056301454,1.0379546328052267,0.6243957283672893
1.0391049421641256,1.3504724056301454,1.07237233242271,0.6243957283672893
1.0391049421641256,1.3504724056301454,1.081395762232703,0.6243957283672893
1.0391049421641256,1.3504724056301454,1.118177452317655,0.6243957283672893
1.0391049421641256,1.3504724056301454,1.0764916463798069,0.6243957283672893
1.0391049421641256,1.3504724056301454,1.0729427626604608,0.6243957283672893
1.0391049421641256,1.3504724056301454,1.0490513096692418,0.6243957283672893
1.0391049421641256,1.3504724056301454,1.0827626542652657,0.6243957283672893
1.0391049421641256,1.3504724056301454,1.0159851183050084,0.6243957283672893
1.0391049421641256,1.3504724056301454,1.0586682176032132,0.6243957283672893
1.0391049421641256,1.3504724056301454,1.0793225430205196,0.6243957283672893
1.0391049421641256,1.3504724056301454,1.1274929685707937,0.6243957283672893
1.0391049421641256,1.3504724056301454,1.049596500021693,0.6243957283672893
1.0391049421641256,1.3504724056301454,1.0785374101704046,0.6243957283672893
1.0391049421641256,1.3504724056301454,1.1786266663119203,0.6243957283672893
1.0391049421641256,1.3504724056301454,1.2228791282305245,0.6243957283672893
1.0391049421641256,1.3504724056301454,0.9863031038548558,0.6243957283672893
1.0391049421641256,1.3504724056301454,1.1931531929768004,0.6243957283672893
1.0391049421641256,1.3504724056301454,1.0534801407999754,0.6243957283672893
1.0391049421641256,1.3504724056301454,1.109293726890362,0.6243957283672893
1.0391049421641256,1.3504724056301454,1.0740837215878904,0.6243957283672893
1.0391049421641256,1.3504724056301454,1.1146619160074067,0.6243957283672893
1.0391049421641256,1.3504724056301454,1.0485395413775083,0.6243957283672893
1.0391049421641256,1.3504724056301454,1.0740407775464293,0.6243957283672893
1.0391049421641256,1.3504724056301454,1.0548315276408844,0.6243957283672893
1.0391049421641256,1.3504724056301454,1.0365432307573548,0.6243957283672893
1.0391049421641256,1.3504724056301454,0.9941081260780393,0.6243957283672893
1.0391049421641256,1.3504724056301454,1.0778646232813685,0.6243957283672893
1.0391049421641256,1.3504724056301454,1.1027524570109368,0.6243957283672893
1.0391049421641256,1.3504724056301454,1.1145001015025067,0.6243957283672893
1.0391049421641256,1.3504724056301454,1.1301298392232135,0.6243957283672893
1.0391049421641256,1.3504724056301454,1.0956846676281289,0.6243957283672893
1.0391049421641256,1.3504724056301454,1.05137455898835,0.6243957283672893
1.0391049421641256,1.3504724056301454,1.0915273308296045,0.6243957283672893
1.0391049421641256,1.3504724056301454,0.9993820757333484,0.6243957283672893
1.0391049421641256,1.3504724056301454,1.0961950773896072,0.6243957283672893
1.0391049421641256,1.3504724056301454,0.974824750998368,0.6243957283672893
1.0391049421641256,1.3504724056301454,1.094791755336122,0.6243957283672893
1.0391049421641256,1.3718738474706171,1.023940275310284,0.6243957283672893
1.0391049421641256,1.3718738474706171,0.9959376558172052,0.6243957283672893
1.0391049421641256,1.3718738474706171,1.0513022420869993,0.685376684042186
1.0391049421641256,1.3718738474706171,1.1975075914281905,0.685376684042186
1.0391049421641256,1.3718738474706171,1.0634163306356366,0.685376684042186
1.0391049421641256,1.3718738474706171,1.0543632957778846,0.685376684042186
1.0391049421641256,1.3718738474706171,1.0634970783687059,0.685376684042186
1.0391049421641256,1.3718738474706171,1.0286039299031509,0.685376684042186
1.0391049421641256,1.3718738474706171,1.2129651415787446,0.685376684042186
1.0441427127208092,1.3718738474706171,1.1027670653496595,0.685376684042186
0.8978528310275884,1.3718738474706171,1.1825396734761646,0.685376684042186
0.8978528310275884,1.3718738474706171,1.2248720696406512,0.685376684042186
0.8978528310275884,1.3718738474706171,1.216426291496065,0.685376684042186
0.8978528310275884,1.3718738474706171,1.3577910421725765,0.685376684042186
0.8978528310275884,1.3718738474706171,1.2775000008116215,0.685376684042186
0.8978528310275884,1.3718738474706171,1.210733700526078,0.685376684042186
0.8978528310275884,1.3718738474706171,1.2414383466362329,0.685376684042186
0.8978528310275884,1.3718738474706171,1.1566297411330653,0.685376684042186
0.8978528310275884,1.3718738474706171,1.113453083576836,0.685376684042186
0.8978528310275884,1.3718738474706171,1.2500099102630553,0.6357407839535218
0.8978528310275884,1.3718738474706171,1.1473389699484697,0.6357407839535218
0.8978528310275884,1.3718738474706171,1.2491493556251025,0.6559744825109837
0.8978528310275884,1.3718738474706171,1.1679955278849374,0.6559744825109837
0.8978528310275884,1.3718738474706171,1.2153032990506978,0.6559744825109837
0.8978528310275884,1.3718738474706171,1.3734949651597428,0.6559744825109837
0.9233043581966913,1.3718738474706171,1.2084597271521813,0.6559744825109837
0.9233043581966913,1.3718738474706171,1.211789136688975,0.6559744825109837
0.9233043581966913,1.3718738474706171,1.1260048110916485,0.6559744825109837
0.9233043581966913,1.3718738474706171,1.139307043132049,0.6559744825109837
0.9233043581966913,1.3718738474706171,1.131918723822191,0.6559744825109837
0.9233043581966913,1.3718738474706171,1.0587269507929582,0.6559744825109837
0.9233043581966913,1.3718738474706171,1.2832054717475117,0.6559744825109837
0.9233043581966913,1.3718738474706171,1.2207582677468,0.6559744825109837
0.9233043581966913,1.3718738474706171,1.2123988806648538,0.6559744825109837
0.9233043581966913,1.3718738474706171,1.1111682001749692,0.6559744825109837
0.9233043581966913,1.3718738474706171,1.2324656817544106,0.6559744825109837
0.9233043581966913,1.3718738474706171,1.085263315690706,0.6559744825109837
0.9233043581966913,1.3718738474706171,1.2137502275455307,0.6559744825109837
1.029627077078925,1.3718738474706171,1.1122329407677645,0.6559744825109837
1.029627077078925,1.3718738474706171,1.061086705004954,0.6559744825109837
1.029627077078925,1.3718738474706171,1.0081894572273078,0.6559744825109837
1.029627077078925,1.3718738474706171,1.152481658251533,0.6559744825109837
1.029627077078925,1.3718738474706171,1.0957466381832923,0.6559744825109837
1.029627077078925,1.3718738474706171,0.9387935754370622,0.6559744825109837
1.029627077078925,1.3465090863266072,1.1060263731071218,0.6559744825109837
1.029627077078925,1.3465090863266072,1.191466508506033,0.6559744825109837
1.029627077078925,1.3465090863266072,1.1206340626712537,0.6559744825109837
1.029627077078925,1.3465090863266072,1.1730761619696815,0.6559744825109837
1.029627077078925,1.3465090863266072,1.1116578637377583,0.6559744825109837
1.029627077078925,1.3465090863266072,1.093317528912021,0.6559744825109837
1.0079250330891745,1.3465090863266072,1.2327781665614062,0.6559744825109837
1.0856356338272715,1.2911186703978088,1.136323073777939,0.6559744825109837
1.0856356338272715,1.2911186703978088,1.1796603930434295,0.6559744825109837
1.0856356338272715,1.2911186703978088,1.2206552667270298,0.6559744825109837
1.0856356338272715,1.2911186703978088,1.0391250861117307,0.6559744825109837
1.0856356338272715,1.2911186703978088,1.0847759293425743,0.6559744825109837
1.0856356338272715,1.2911186703978088,1.1810297919610517,0.6559744825109837
1.0856356338272715,1.2911186703978088,1.242558839940009,0.6559744825109837
1.0856356338272715,1.2911186703978088,1.3032253203890753,0.6559744825109837
1.0856356338272715,1.2911186703978088,1.188857570151694,0.6559744825109837
1.0856356338272715,1.2911186703978088,1.2895734674291777,0.6559744825109837
1.0856356338272715,1.2911186703978088,1.2515060172931414,0.6559744825109837
1.0856356338272715,1.2911186703978088,1.15652240820539,0.6559744825109837
1.0856356338272715,1.2911186703978088,1.04391741568422,0.6559744825109837
1.0856356338272715,1.2924423619533374,1.170236043846252,0.6559744825109837
1.0856356338272715,1.2924423619533374,1.166627577944658,0.6559744825109837
1.0856356338272715,1.2924423619533374,1.205525307536663,0.6559744825109837
1.0856356338272715,1.2924423619533374,1.148532180224494,0.6559744825109837
1.0856356338272715,1.2924423619533374,1.2397257864367786,0.6559744825109837
1.0856356338272715,1.2924423619533374,1.1968474694847582,0.6559744825109837
1.0856356338272715,1.2924423619533374,1.2691349381398083,0.6559744825109837
1.0856356338272715,1.2924423619533374,1.1955927323165676,0.6559744825109837
0.9018160864832034,1.2924423619533374,1.4086896195825216,0.6559744825109837
0.9018160864832034,1.2924423619533374,1.4213947104143105,0.6559744825109837
0.9018160864832034,1.2924423619533374,1.464830920603567,0.6559744825109837
0.9018160864832034,1.2924423619533374,1.5106939180821835,0.6559744825109837
0.8828169749511684,1.2924423619533374,1.4156467989884338,0.6559744825109837
0.8828169749511684,1.2924423619533374,1.2868822211423203,0.6559744825109837
0.8828169749511684,1.2924423619533374,1.2662033195788907,0.6559744825109837
0.8828169749511684,1.2924423619533374,1.5022898177487192,0.6559744825109837
0.8828169749511684,1.2924423619533374,1.4341997328939886,0.6559744825109837
0.8912494159206672,1.2924423619533374,1.5554573823409226,0.6559744825109837
0.8912494159206672,1.2924423619533374,1.4395845707774426,0.6559744825109837
0.8912494159206672,1.2924423619533374,1.2604779876816075,0.6559744825109837
0.8912494159206672,1.2924423619533374,1.3221510968281078,0.6559744825109837
0.8912494159206672,1.2924423619533374,1.3986886212963847,0.6559744825109837
0.8912494159206672,1.2924423619533374,1.4363652207409436,0.6559744825109837
0.8912494159206672,1.2924423619533374,1.333820139335671,0.6559744825109837
0.8912494159206672,1.2924423619533374,1.4793154675373068,0.6559744825109837
0.8912494159206672,1.2924423619533374,1.5803433085020508,0.6559744825109837
1.013551570503321,1.2924423619533374,1.4470948046738779,0.6559744825109837
1.013551570503321,1.2924423619533374,1.2522494801300137,0.6182132064495005
1.013551570503321,1.2924423619533374,1.175568033310271,0.6182132064495005
1.013551570503321,1.2924423619533374,1.2671647603471716,0.6182132064495005
1.013551570503321,1.2924423619533374,1.207662217072343,0.6182132064495005
1.013551570503321,1.2924423619533374,1.2088772096909117,0.6182132064495005
1.013551570503321,1.2924423619533374,1.198503226561341,0.6182132064495005
1.013551570503321,1.2924423619533374,1.15937771410994,0.6182132064495005
1.013551570503321,1.2924423619533374,1.2630772997852386,0.6182132064495005
1.013551570503321,1.2924423619533374,1.3282338328738252,0.6182132064495005
1.013551570503321,1.2924423619533374,1.2059027401100202,0.6182132064495005
1.013551570503321,1.2924423619533374,1.2952330757079682,0.6818994949760325
1.0289356525835878,1.2924423619533374,1.2785672261689784,0.6818994949760325
1.0289356525835878,1.2924423619533374,1.2445644914483227,0.6818994949760325
1.0289356525835878,1.2924423619533374,1.302152462581184,0.6818994949760325
1.0289356525835878,1.2924423619533374,1.3212698132948886,0.6818994949760325
1.0289356525835878,1.2924423619533374,1.3724627831952758,0.6818994949760325
1.0289356525835878,1.2924423619533374,1.2373022980660755,0.6818994949760325
1.0289356525835878,1.2924423619533374,1.3073085874174497,0.6818994949760325
1.0289356525835878,1.2924423619533374,1.4526753050380072,0.6818994949760325
1.0289356525835878,1.2924423619533374,1.1372830660012618,0.6818994949760325
1.0895338144048812,1.2924423619533374,1.2717122226951765,0.6818994949760325
1.0895338144048812,1.2924423619533374,1.2724538487021197,0.6818994949760325
1.0895338144048812,1.2924423619533374,1.0987868112882366,0.6818994949760325
1.0895338144048812,1.2924423619533374,1.2938670979197398,0.6818994949760325
1.0895338144048812,1.2924423619533374,1.33569983964613,0.6818994949760325
1.0895338144048812,1.2924423619533374,1.2181508383157194,0.6818994949760325
1.0895338144048812,1.2924423619533374,1.3594201664553514,0.6818994949760325
1.0895338144048812,1.2924423619533374,1.2929261323056596,0.6818994949760325
1.0895338144048812,1.294489826075106,1.3371056589026247,0.6805923945152954
1.0895338144048812,1.294489826075106,1.1489065655543347,0.6805923945152954
1.0331325689779889,1.294489826075106,1.2016239661952677,0.6805923945152954
1.0331325689779889,1.294489826075106,1.2877982110878512,0.6805923945152954
1.0331325689779889,1.294489826075106,1.363221703009783,0.6805923945152954
1.0331325689779889,1.294489826075106,1.2894546099774922,0.6805923945152954
1.0331325689779889,1.294489826075106,1.173658066367998,0.6805923945152954
1.0331325689779889,1.294489826075106,1.3302681278725736,0.6805923945152954
1.0331325689779889,1.294489826075106,1.1804199245592448,0.6805923945152954
1.0331325689779889,1.294489826075106,1.3622006660066166,0.6805923945152954
1.0331325689779889,1.297955948332554,1.2343797878309213,0.6805923945152954
1.0331325689779889,1.297955948332554,1.180753953811998,0.6805923945152954
1.0331325689779889,1.297955948332554,1.3669617623513792,0.6805923945152954
1.0331325689779889,1.297955948332554,1.298588086450703,0.6805923945152954
1.0331325689779889,1.297955948332554,1.359267377813414,0.6805923945152954
1.0331325689779889,1.297955948332554,1.2617165342733423,0.6805923945152954
1.0331325689779889,1.297955948332554,1.2521248936404075,0.6805923945152954
1.0331325689779889,1.297955948332554,1.411359086264196,0.6805923945152954
1.0331325689779889,1.297955948332554,1.1487881359110133,0.6805923945152954
1.0331325689779889,1.297955948332554,1.3099960756695843,0.6805923945152954
1.0331325689779889,1.297955948332554,1.217145773853147,0.6805923945152954
0.9609684069858948,1.297955948332554,1.3101507189469501,0.6970377024468819
0.7916045121352087,1.297955948332554,1.6509851632736667,0.6970377024468819
0.7916045121352087,1.297955948332554,1.683458763955613,0.6970377024468819
0.7916045121352087,1.297955948332554,1.6231230356201845,0.6970377024468819
0.9414821665894405,1.297955948332554,1.5685565712956344,0.6970377024468819
0.9414821665894405,1.297955948332554,1.415585157381461,0.6970377024468819
0.9414821665894405,1.2731937223572884,1.5115429769741888,0.6970377024468819
0.9414821665894405,1.2731937223572884,1.337753682784376,0.6970377024468819
0.9414821665894405,1.2731937223572884,1.542589798596996,0.6970377024468819
0.9414821665894405,1.2731937223572884,1.5077354481804168,0.6970377024468819
0.9414821665894405,1.2731937223572884,1.4033889700634827,0.6970377024468819
0.9414821665894405,1.2731937223572884,1.6328853442294589,0.6970377024468819
0.9414821665894405,1.2731937223572884,1.3616864412115504,0.6970377024468819
0.9414821665894405,1.2731937223572884,1.4319214363711938,0.6493517467153482
0.9414821665894405,1.2731937223572884,1.5017719925180018,0.6181025934824698
0.9414821665894405,1.2731937223572884,1.4702396641820106,0.6181025934824698
0.9414821665894405,1.2731937223572884,1.4236351916495837,0.6181025934824698
0.9414821665894405,1.2731937223572884,1.3919230157171014,0.6181025934824698
0.9414821665894405,1.3168893486399238,1.327588999847498,0.6181025934824698
0.9414821665894405,1.3168893486399238,1.2916607017530382,0.6181025934824698
0.9414821665894405,1.3168893486399238,1.3393190979453402,0.6181025934824698
0.9414821665894405,1.3168893486399238,1.218056598014272,0.6181025934824698
0.9280913085841064,1.3168893486399238,1.1953334680442946,0.6181025934824698
0.9280913085841064,1.3168893486399238,1.3092412005272185,0.6181025934824698
0.9280913085841064,1.3168893486399238,1.1916771667484558,0.6181025934824698
0.8960733476477547,1.3168893486399238,1.293895680033267,0.6181025934824698
0.8960733476477547,1.3168893486399238,1.2073748320728794,0.6181025934824698
0.8960733476477547,1.3168893486399238,1.4255628624924739,0.6181025934824698
0.8960733476477547,1.3168893486399238,1.3899915584252789,0.6181025934824698
0.8960733476477547,1.3168893486399238,1.343699269733861,0.6181025934824698
0.8960733476477547,1.3072362397225143,1.3019567232660065,0.6181025934824698
0.8960733476477547,1.3072362397225143,1.3767404056572305,0.6181025934824698
0.8960733476477547,1.3072362397225143,1.3248317331043864,0.6181025934824698
0.8960733476477547,1.3072362397225143,1.4454474815969387,0.6181025934824698
0.8960733476477547,1.3072362397225143,1.3549231565976703,0.6181025934824698
0.8960733476477547,1.3072362397225143,1.4157165178823612,0.6398809943631432
0.8960733476477547,1.3072362397225143,1.4701885864976598,0.6398809943631432
0.8830156630255632,1.3072362397225143,1.4148892458709508,0.6398809943631432
0.8830156630255632,1.3072362397225143,1.4211783020727153,0.6246903873557883
0.8830156630255632,1.3072362397225143,1.4401286574694538,0.6246903873557883
0.8830156630255632,1.2995113990824945,1.4247382441816323,0.6246903873557883
0.8687383788884565,1.2995113990824945,1.3546347608436111,0.6246903873557883
0.8687383788884565,1.2995113990824945,1.3922405684370802,0.6246903873557883
0.8687383788884565,1.2995113990824945,1.4809977450504341,0.6246903873557883
0.8687383788884565,1.2995113990824945,1.5048113524133095,0.6246903873557883
0.8687383788884565,1.2995113990824945,1.4607604095613487,0.6246903873557883
0.8687383788884565,1.2995113990824945,1.4588027514988733,0.6246903873557883
0.8687383788884565,1.2995113990824945,1.435070110811443,0.6246903873557883
0.8687383788884565,1.2995113990824945,1.4861478975060705,0.6246903873557883
0.8687383788884565,1.2995113990824945,1.4439007825339114,0.624314281713727
0.8687383788884565,1.2995113990824945,1.5076637204894725,0.624314281713727
0.8687383788884565,1.2995113990824945,1.4455106518301968,0.624314281713727
0.8687383788884565,1.2995113990824945,1.5187382304980106,0.624314281713727
0.8687383788884565,1.2995113990824945,1.5617383159027485,0.624314281713727
0.8687383788884565,1.2995113990824945,1.440908700828315,0.624314281713727
0.8687383788884565,1.2995113990824945,1.3567929157918632,0.624314281713727
0.8687383788884565,1.2995113990824945,1.5609897982894108,0.624314281713727
0.8687383788884565,1.2995113990824945,1.430991902684274,0.624314281713727
0.8687383788884565,1.2995113990824945,1.4260037654059465,0.624314281713727
0.8687383788884565,1.2995113990824945,1.3068629836551044,0.624314281713727
0.8687383788884565,1.2995113990824945,1.4007886113862293,0.624314281713727
0.8687383788884565,1.2995113990824945,1.4846833214051838,0.624314281713727
0.8687383788884565,1.2995113990824945,1.419941477268753,0.624314281713727
0.8687383788884565,1.2995113990824945,1.5145338416794543,0.624314281713727
0.8687383788884565,1.2995113990824945,1.5128520532167797,0.624314281713727
0.8687383788884565,1.2995113990824945,1.5606950266654092,0.624314281713727
0.8687383788884565,1.2995113990824945,1.346860836992229,0.624314281713727
0.8687383788884565,1.2995113990824945,1.4153599386182933,0.624314281713727
0.8687383788884565,1.2995113990824945,1.3438531714865443,0.624314281713727
0.8687383788884565,1.2995113990824945,1.4415567363223936,0.624314281713727
0.8687383788884565,1.3002811842905329,1.6489513318925393,0.624314281713727
0.8687383788884565,1.3002811842905329,1.4451387041830388,0.624314281713727
0.8687383788884565,1.3002811842905329,1.4381451291834997,0.624314281713727
0.8687383788884565,1.3002811842905329,1.4994768690605627,0.624314281713727
0.8687383788884565,1.3002811842905329,1.4484374792522559,0.624314281713727
0.8687383788884565,1.3002811842905329,1.498332152451104,0.624314281713727
0.8687383788884565,1.3002811842905329,1.476739547929733,0.624314281713727
0.8171385644071023,1.3002811842905329,1.4118805090446502,0.624314281713727
0.8171385644071023,1.3009610703266243,1.5874068200398102,0.624314281713727
0.8171385644071023,1.3009610703266243,1.3555298315844202,0.624314281713727
0.8171385644071023,1.3009610703266243,1.654899419470083,0.624314281713727
0.8171385644071023,1.3009610703266243,1.5238650025526936,0.624314281713727
0.8171385644071023,1.3009610703266243,1.5922493198268255,0.624314281713727
0.8171385644071023,1.3009610703266243,1.5721818451889136,0.624314281713727
0.8171385644071023,1.3009610703266243,1.5249082271940937,0.624314281713727
0.8171385644071023,1.3009610703266243,1.7109446401192714,0.624314281713727
0.8171385644071023,1.3009610703266243,1.7418522717434748,0.624314281713727
0.8171385644071023,1.3009610703266243,1.4657679456011077,0.624314281713727
0.8171385644071023,1.3009610703266243,1.3814438530668827,0.624314281713727
0.8171385644071023,1.3009610703266243,1.469859078246286,0.624314281713727
0.8171385644071023,1.3009610703266243,1.513678272349852,0.624314281713727
0.8171385644071023,1.3009610703266243,1.5653262249315552,0.624314281713727
0.8171385644071023,1.3009610703266243,1.442116694741389,0.624314281713727
0.8171385644071023,1.3009610703266243,1.5497511109835354,0.624314281713727
0.8171385644071023,1.3009610703266243,1.3686900615121054,0.624314281713727
0.8171385644071023,1.3009610703266243,1.4393661009632621,0.624314281713727
0.8171385644071023,1.3009610703266243,1.5185584900484437,0.624314281713727
0.8171385644071023,1.3009610703266243,1.5473522565950761,0.624314281713727
0.8171385644071023,1.3009610703266243,1.5756214220341596,0.624314281713727
0.9414558407413652,1.3009610703266243,1.3570513912288398,0.624314281713727
0.9414558407413652,1.3009610703266243,1.2920260512012625,0.624314281713727
0.862563121192602,1.3009610703266243,1.410533206461096,0.624314281713727
0.862563121192602,1.3009610703266243,1.3660964753100309,0.624314281713727
0.862563121192602,1.3009610703266243,1.5037279815755937,0.624314281713727
0.862563121192602,1.3009610703266243,1.2880089013991207,0.624314281713727
0.862563121192602,1.3009610703266243,1.6056414765330689,0.624314281713727
0.862563121192602,1.3009610703266243,1.3868725730591671,0.624314281713727
0.862563121192602,1.3009610703266243,1.5135112256106311,0.624314281713727
0.7975521573530361,1.3009610703266243,1.5056789422507362,0.624314281713727
0.7975521573530361,1.3009610703266243,1.7029419621271904,0.624314281713727
0.9453547504698215,1.3009610703266243,1.4240479347993131,0.6499420026570945
0.9453547504698215,1.3009610703266243,1.2913809272772316,0.6499420026570945
0.9453547504698215,1.3009610703266243,1.4545956206095285,0.6499420026570945
0.8889131372239372,1.3009610703266243,1.28908174191782,0.6499420026570945
0.8889131372239372,1.3009610703266243,1.4946081474432693,0.6499420026570945
0.8889131372239372,1.3009610703266243,1.483819181366528,0.6499420026570945
0.8221571571130544,1.3009610703266243,1.5993541744778639,0.6499420026570945
0.8221571571130544,1.3588126328914714,1.5483017958514225,0.6499420026570945
0.8221571571130544,1.3588126328914714,1.3885213873278153,0.6499420026570945
0.8221571571130544,1.3588126328914714,1.5000303345315338,0.6499420026570945
0.8221571571130544,1.3588126328914714,1.297390904060396,0.6499420026570945
0.8221571571130544,1.3588126328914714,1.2594877538983265,0.6499420026570945
0.8221571571130544,1.3588126328914714,1.488532286852608,0.6499420026570945
0.8221571571130544,1.3588126328914714,1.3979177516806534,0.6499420026570945
0.8221571571130544,1.3588126328914714,1.2944092213727056,0.6499420026570945
0.809064909605842,1.3588126328914714,1.3703104461076354,0.6499420026570945
0.809064909605842,1.3588126328914714,1.3014572616414781,0.6499420026570945
0.809064909605842,1.3588126328914714,1.3989747616759622,0.6499420026570945
0.809064909605842,1.3588126328914714,1.307946712740742,0.6499420026570945
0.809064909605842,1.3588126328914714,1.2896336993049633,0.6499420026570945
0.809064909605842,1.3588126328914714,1.2910791001361972,0.6499420026570945
0.809064909605842,1.3977763769348877,1.3254443052175722,0.6499420026570945
0.809064909605842,1.3977763769348877,1.3731102910321993,0.6499420026570945
0.809064909605842,1.4588382757402771,1.1507975880614314,0.6499420026570945
0.809064909605842,1.4588382757402771,1.0528972824500904,0.6607196200001405
0.809064909605842,1.4588382757402771,1.1582418789291065,0.6607196200001405
0.809064909605842,1.4588382757402771,1.079436877138343,0.6607196200001405
0.809064909605842,1.4588382757402771,1.155844825975369,0.6607196200001405
0.809064909605842,1.4588382757402771,1.0897389853424237,0.6607196200001405
0.809064909605842,1.4588382757402771,1.1303636952125866,0.6607196200001405
0.7664912780514185,1.4588382757402771,1.2383650262673616,0.6607196200001405
0.7664912780514185,1.4588382757402771,1.1176873492063866,0.6539438460348664
0.7664912780514185,1.4588382757402771,1.2079117036047393,0.6539438460348664
0.7664912780514185,1.4588382757402771,1.2168444498406092,0.6539438460348664
0.7664912780514185,1.4588382757402771,1.1964247298395096,0.6539438460348664
0.7664912780514185,1.4588382757402771,1.2832174340447453,0.6539438460348664
0.7664912780514185,1.4623684211658068,1.2273419476468603,0.6539438460348664
0.7664912780514185,1.4623684211658068,1.130347200855975,0.6539438460348664
0.7664912780514185,1.4623684211658068,1.1663713189274123,0.6539438460348664
0.7664912780514185,1.4623684211658068,1.132700528041509,0.6539438460348664
0.7664912780514185,1.4623684211658068,1.1221393329466907,0.6539438460348664
0.7664912780514185,1.4623684211658068,1.086732658874124,0.6539438460348664
0.7664912780514185,1.4623684211658068,1.1589678437540312,0.6539438460348664
0.7943074411539234,1.4623684211658068,1.2116251633992499,0.6539438460348664
0.7943074411539234,1.4623684211658068,1.0006085730259797,0.6539438460348664
0.7943074411539234,1.4623684211658068,1.246467675649111,0.6539438460348664
0.7943074411539234,1.4623684211658068,1.0807456316066955,0.6539438460348664
0.7943074411539234,1.4623684211658068,1.1562212727550392,0.6539438460348664
0.7943074411539234,1.4623684211658068,1.2894096757157614,0.6539438460348664
0.7943074411539234,1.4623684211658068,1.1367984405964664,0.6539438460348664
0.7943074411539234,1.4623684211658068,1.0642263292149614,0.6539438460348664
0.7943074411539234,1.4623684211658068,1.1922999185061458,0.6539438460348664
0.7943074411539234,1.4704992010605817,1.1915671952220512,0.6539438460348664
0.7943074411539234,1.4704992010605817,1.1068154829645043,0.6539438460348664
0.7943074411539234,1.4704992010605817,0.9647225163835904,0.6539438460348664
0.7943074411539234,1.4704992010605817,1.0847314145823443,0.6539438460348664
0.7943074411539234,1.4704992010605817,1.0599235906338422,0.6685360296158869
0.7943074411539234,1.4704992010605817,1.0160905701977807,0.6685360296158869
0.7943074411539234,1.4704992010605817,1.0899729244886252,0.6685360296158869
0.7943074411539234,1.4704992010605817,1.1728116895196552,0.6685360296158869
0.7943074411539234,1.4704992010605817,1.1312539828474182,0.6685360296158869
0.7943074411539234,1.4704992010605817,1.148717264422135,0.6685360296158869
0.7943074411539234,1.4704992010605817,1.078484701484448,0.6685360296158869
0.7943074411539234,1.4704992010605817,1.1201462398107507,0.6685360296158869
0.7943074411539234,1.4704992010605817,1.2557563435447392,0.6685360296158869
0.7943074411539234,1.4704992010605817,1.1208295467374256,0.6685360296158869
0.7943074411539234,1.4704992010605817,1.215577673401687,0.6685360296158869
0.7943074411539234,1.4704992010605817,1.116290446948837,0.6685360296158869
0.7943074411539234,1.4704992010605817,1.1052615121909388,0.693994768060699
0.7943074411539234,1.4704992010605817,1.1726668968726432,0.693994768060699
0.7943074411539234,1.4704992010605817,1.2709982793407502,0.693994768060699
0.7008520239006601,1.4704992010605817,1.1750888998496118,0.693994768060699
0.7008520239006601,1.4704992010605817,1.250584364068963,0.693994768060699
0.7008520239006601,1.4704992010605817,1.4291810025203786,0.693994768060699
0.7008520239006601,1.4704992010605817,1.3572043043242106,0.693994768060699
0.7008520239006601,1.4704992010605817,1.3598756731666835,0.693994768060699
0.6987085300286788,1.4704992010605817,1.4221187009695024,0.693994768060699
0.6987085300286788,1.4704992010605817,1.2602358554740107,0.693994768060699
0.6987085300286788,1.4704992010605817,1.2075405970872324,0.693994768060699
0.6987085300286788,1.4704992010605817,1.3128915139077983,0.693994768060699
0.6987085300286788,1.4704992010605817,1.1936658957050377,0.6523626710222163
0.6987085300286788,1.4704992010605817,1.279771071059719,0.6523626710222163
0.6987085300286788,1.4704992010605817,1.1434654194632912,0.6523626710222163
0.6987085300286788,1.4935041738489752,1.1457832116643998,0.6523626710222163
0.6987085300286788,1.4935041738489752,1.2190075583686717,0.6523626710222163
0.6987085300286788,1.4989857624135925,1.1878284106276231,0.6523626710222163
0.6987085300286788,1.4989857624135925,1.229732801841719,0.6523626710222163
0.6987085300286788,1.4989857624135925,1.1900001562706057,0.6523626710222163
0.6987085300286788,1.4989857624135925,1.159069552343479,0.6523626710222163
0.6987085300286788,1.4989857624135925,1.1728624770174294,0.6523626710222163
0.6987085300286788,1.4989857624135925,1.1138685790272826,0.6523626710222163
0.6987085300286788,1.4839102971101334,1.1718585039098361,0.6523626710222163
0.6987085300286788,1.4839102971101334,1.1135079636756733,0.6523626710222163
0.6987085300286788,1.4839102971101334,1.2463526172179769,0.6248571156248247
0.6987085300286788,1.4839102971101334,1.211811680133782,0.6248571156248247
0.6987085300286788,1.4839102971101334,1.1460396949827192,0.6304720167224123
0.6987085300286788,1.4839102971101334,1.2248968774597149,0.6304720167224123
0.6987085300286788,1.4839102971101334,1.2117067162306205,0.6304720167224123
0.6987085300286788,1.4839102971101334,1.1321323711527225,0.6304720167224123
0.6987085300286788,1.4839102971101334,1.2326461056472364,0.6304720167224123
0.6987085300286788,1.4839102971101334,1.2321916302513198,0.6304720167224123
0.6987085300286788,1.4839102971101334,1.118356098865231,0.6304720167224123
0.6987085300286788,1.4839102971101334,1.1523108868947212,0.6304720167224123
0.6987085300286788,1.4839102971101334,1.1275886515974254,0.6433673817849542
0.6987085300286788,1.4839102971101334,1.1873133838212844,0.6433673817849542
0.6987085300286788,1.4839102971101334,1.0801654018307505,0.6433673817849542
0.6987085300286788,1.48771443455793,1.1540128690405909,0.6433673817849542
0.6987085300286788,1.48771443455793,1.2141856704539855,0.6433673817849542
0.6987085300286788,1.3982001623167202,1.286847401193494,0.6433673817849542
0.6727591311903528,1.3982001623167202,1.765430097165224,0.6433673817849542
0.6727591311903528,1.3982001623167202,1.5165856951019732,0.6433673817849542
0.6727591311903528,1.3982001623167202,1.553344336984426,0.6433673817849542
0.6808727747563761,1.3982001623167202,1.7255559471412287,0.6433673817849542
0.6808727747563761,1.3982001623167202,1.6747241766709584,0.6433673817849542
0.6808727747563761,1.3982001623167202,1.4639597638948698,0.6433673817849542
0.6808727747563761,1.3982001623167202,1.5851905071784493,0.6735948032236232
0.6808727747563761,1.3982001623167202,1.4876446144766926,0.6735948032236232
0.6808727747563761,1.3982001623167202,1.3394155000407415,0.673143121128065
0.6808727747563761,1.3982001623167202,1.5868957682392693,0.673143121128065
0.7676783663260244,1.3982001623167202,1.5139322552990753,0.673143121128065
0.7676783663260244,1.3982001623167202,1.3144621224210595,0.673143121128065
0.7676783663260244,1.3982001623167202,1.390247575077717,0.673143121128065
0.7676783663260244,1.3982001623167202,1.3504118248796138,0.673143121128065
0.7676783663260244,1.3982001623167202,1.3652832780128268,0.673143121128065
0.7676783663260244,1.3982001623167202,1.3768978785869954,0.673143121128065
0.7676783663260244,1.3982001623167202,1.3693283290520422,0.673143121128065
0.7676783663260244,1.3982001623167202,1.3548449672252734,0.673143121128065
0.7676783663260244,1.3982001623167202,1.428659768280346,0.673143121128065
0.7676783663260244,1.3982001623167202,1.4341687330487818,0.6333948572872778
0.7676783663260244,1.3717808582677709,1.3585974611434897,0.6333948572872778
0.7676783663260244,1.3717808582677709,1.4165885807230527,0.6333948572872778
0.7676783663260244,1.3717808582677709,1.2634696311799223,0.6333948572872778
0.7676783663260244,1.3717808582677709,1.5007050118626395,0.6333948572872778
0.7676783663260244,1.3717808582677709,1.4316053683442664,0.6333948572872778
0.7676783663260244,1.3717808582677709,1.410536963169215,0.6333948572872778
0.7676783663260244,1.3717808582677709,1.435063385045492,0.6333948572872778
0.7676783663260244,1.3717808582677709,1.3252059785745303,0.6333948572872778
0.9053876817963418,1.3717808582677709,1.313009946088665,0.6333948572872778
0.9053876817963418,1.3717808582677709,1.2041391014520526,0.6333948572872778
0.9053876817963418,1.3717808582677709,1.101820199823935,0.6333948572872778
0.9053876817963418,1.3717808582677709,1.2192897666330667,0.6333948572872778
0.8867892643732954,1.3717808582677709,1.0922323776885567,0.6333948572872778
0.8867892643732954,1.3717808582677709,1.2456254444625483,0.6333948572872778
0.8867892643732954,1.3565827445308338,1.3054569536729022,0.6333948572872778
0.8867892643732954,1.3565827445308338,1.2670477991744509,0.6333948572872778
0.8867892643732954,1.3565827445308338,1.2259691805546489,0.6333948572872778
0.8867892643732954,1.3565827445308338,1.2668272403224785,0.6333948572872778
0.8867892643732954,1.3565827445308338,1.1833853043056841,0.6333948572872778
0.8867892643732954,1.4015756744801466,1.2125167946301938,0.6333948572872778
0.8867892643732954,1.4015756744801466,1.2379068173116794,0.6333948572872778
0.8867892643732954,1.4015756744801466,1.114537702119588,0.6333948572872778
0.8867892643732954,1.4129491726776515,1.0518478085974219,0.6333948572872778
0.8867892643732954,1.4129491726776515,1.1755997250675114,0.6333948572872778
0.8867892643732954,1.4129491726776515,1.1415577855757244,0.6333948572872778
0.745059277442292,1.4129491726776515,1.2234585412924726,0.6333948572872778
0.745059277442292,1.4129491726776515,1.368051204777688,0.6333948572872778
0.745059277442292,1.4129491726776515,1.2011517114976444,0.6333948572872778
0.745059277442292,1.4129491726776515,1.2598297321366563,0.6333948572872778
0.7954634407052735,1.4129491726776515,1.211184086591732,0.6333948572872778
0.7954634407052735,1.4129491726776515,1.214981152426892,0.6333948572872778
0.7954634407052735,1.4129491726776515,1.1419105970970789,0.6333948572872778
0.7954634407052735,1.4129491726776515,1.179462747887868,0.6333948572872778
0.7954634407052735,1.4129491726776515,1.1144813881548352,0.6333948572872778
0.7954634407052735,1.4129491726776515,1.2080997241413196,0.6333948572872778
0.7954634407052735,1.4129491726776515,1.256243007650403,0.6333948572872778
0.7954634407052735,1.4129491726776515,1.2826963574787176,0.6333948572872778
0.7954634407052735,1.4129491726776515,1.3103777092086915,0.6333948572872778
0.7954634407052735,1.4129491726776515,1.142495747018987,0.6333948572872778
0.7954634407052735,1.4090535818616219,1.3332192552107736,0.6333948572872778
0.7954634407052735,1.4090535818616219,1.3980637970831913,0.6333948572872778
0.7954634407052735,1.4090535818616219,1.2474846575869005,0.6357117987706801
0.7954634407052735,1.4090535818616219,1.2064067731623587,0.6357117987706801
0.7954634407052735,1.4090535818616219,1.3408027418743798,0.6357117987706801
0.7954634407052735,1.4090535818616219,1.128877061402274,0.6357117987706801
0.7954634407052735,1.4090535818616219,1.3503689682042583,0.6357117987706801
0.7954634407052735,1.4090535818616219,1.181707913214813,0.6357117987706801
0.7954634407052735,1.4090535818616219,1.299103619334296,0.6745055855841807
0.7954634407052735,1.4090535818616219,1.2431101194817384,0.6745055855841807
0.7954634407052735,1.4090535818616219,1.3434175729446192,0.6745055855841807
0.7954634407052735,1.4090535818616219,1.205127488033578,0.6745055855841807
0.7954634407052735,1.4090535818616219,1.3133657203520082,0.6745055855841807
0.7954634407052735,1.4090535818616219,1.3250096578225388,0.6745055855841807
0.7954634407052735,1.4090535818616219,1.2935048081495661,0.6745055855841807
0.7954634407052735,1.4090535818616219,1.2944861653088398,0.6745055855841807
0.7954634407052735,1.4090535818616219,1.3347795190211256,0.6875959315668143
0.7954634407052735,1.4090535818616219,1.266954514880424,0.6875959315668143
0.7954634407052735,1.4090535818616219,1.3386782215621076,0.6875959315668143
0.7954634407052735,1.4090535818616219,1.2535028510563733,0.6875959315668143
0.7954634407052735,1.4090535818616219,1.3404971326764046,0.6875959315668143
0.7954634407052735,1.4090535818616219,1.2111724712096006,0.6875959315668143
0.7951420075347183,1.4090535818616219,1.1919292862341824,0.6875959315668143
0.7951420075347183,1.4090535818616219,1.3064826373946603,0.6875959315668143
0.7951420075347183,1.4090535818616219,1.1941104681706756,0.6875959315668143
0.7951420075347183,1.4090535818616219,1.271343268802826,0.6875959315668143
0.7951420075347183,1.4090535818616219,1.2506922764803319,0.6875959315668143
0.7951420075347183,1.4090535818616219,1.262283403928285,0.6875959315668143
0.7745915496827852,1.4090535818616219,1.327198589583313,0.6875959315668143
0.7745915496827852,1.4090535818616219,1.2164400533038942,0.6875959315668143
0.7745915496827852,1.4090535818616219,1.3304970099379743,0.6875959315668143
0.7745915496827852,1.4090535818616219,1.5384061484721523,0.6875959315668143
0.7745915496827852,1.4090535818616219,1.2860311882797646,0.6875959315668143
0.7745915496827852,1.4090535818616219,1.348961472458868,0.6875959315668143
0.7745915496827852,1.4090535818616219,1.2034138513353125,0.6875959315668143
0.7745915496827852,1.4090535818616219,1.3568721714429317,0.6875959315668143
0.7745915496827852,1.4090535818616219,1.4944658951189993,0.6875959315668143
0.7745915496827852,1.4090535818616219,1.3241385992589454,0.6875959315668143
0.7745915496827852,1.4090535818616219,1.333891443221196,0.6875959315668143
0.7745915496827852,1.4090535818616219,1.410172142430948,0.6875959315668143
0.7745915496827852,1.4090535818616219,1.4681169542721855,0.6875959315668143
0.7745915496827852,1.4090535818616219,1.46751856784547,0.6875959315668143
0.7745915496827852,1.4090535818616219,1.5972311383222002,0.6875959315668143
0.7745915496827852,1.4090535818616219,1.2258824172108707,0.6875959315668143
0.7745915496827852,1.4090535818616219,1.2722357632508534,0.6875959315668143
0.7745915496827852,1.4090535818616219,1.3209043071779136,0.6875959315668143
0.7745915496827852,1.4090535818616219,1.3037089461323605,0.6875959315668143
0.7745915496827852,1.4090535818616219,1.4100912424636893,0.6875959315668143
0.7745915496827852,1.4090535818616219,1.243210729507064,0.6875959315668143
0.7745915496827852,1.4090535818616219,1.1520572992672733,0.6875959315668143
0.7745915496827852,1.4090535818616219,1.379590577141676,0.6875959315668143
0.7745915496827852,1.4090535818616219,1.212554499883951,0.6875959315668143
0.7745915496827852,1.4090535818616219,1.3452800324202516,0.6875959315668143
0.7717783441560544,1.407563944314822,1.3431083429497481,0.6944187168490144
0.7717783441560544,1.407563944314822,1.250583688126884,0.6944187168490144
0.7717783441560544,1.407563944314822,1.3771543342713337,0.6944187168490144
0.7717783441560544,1.407563944314822,1.4316466556968028,0.6944187168490144
0.7717783441560544,1.407563944314822,1.3124534474736638,0.6944187168490144
0.7717783441560544,1.407563944314822,1.3139394492719636,0.6944187168490144
0.7717783441560544,1.407563944314822,1.3770348034748707,0.6900400986530828
0.7717783441560544,1.407563944314822,1.3908777956949516,0.6900400986530828
0.7717783441560544,1.407563944314822,1.317133003507153,0.6900400986530828
0.7717783441560544,1.407563944314822,1.340408503069242,0.6900400986530828
0.7717783441560544,1.407563944314822,1.2779744708220437,0.6728837436869579
0.7717783441560544,1.407563944314822,1.4903440544664464,0.6728837436869579
0.7717783441560544,1.407563944314822,1.3776236671059403,0.6728837436869579
0.7717783441560544,1.407563944314822,1.3891160284950772,0.6728837436869579
0.7717783441560544,1.407563944314822,1.3320374825511467,0.6728837436869579
0.7717783441560544,1.407563944314822,1.3896728800229001,0.6728837436869579
0.7717783441560544,1.407563944314822,1.2979289386608248,0.6728837436869579
0.7717783441560544,1.4338078987657341,1.3514540280255958,0.6728837436869579
0.7717783441560544,1.4338078987657341,1.2035328743961966,0.6728837436869579
0.7717783441560544,1.4338078987657341,1.2556548879722316,0.6728837436869579
0.7717783441560544,1.4338078987657341,1.2555278537042083,0.6728837436869579
0.7717783441560544,1.4338078987657341,1.2921528883223874,0.6728837436869579
0.7717783441560544,1.4338078987657341,1.3385941845244318,0.6728837436869579
0.7717783441560544,1.4338078987657341,1.2297263234457407,0.6728837436869579
0.7717783441560544,1.4338078987657341,1.3060045885994005,0.6941495358281825
0.7717783441560544,1.4338078987657341,1.2426806449416485,0.6941495358281825
0.7717783441560544,1.4338078987657341,1.3456292539978534,0.6941495358281825
0.7717783441560544,1.4338078987657341,1.2096298720782457,0.6941495358281825
0.7717783441560544,1.4338078987657341,1.2826531135457762,0.6941495358281825
0.7717783441560544,1.4338078987657341,1.2030387178573587,0.6941495358281825
0.8183076795548233,1.4338078987657341,1.2267566203493419,0.6941495358281825
1.0821639539727768,1.4338078987657341,1.0530686286690365,0.6941495358281825
1.0821639539727768,1.4338078987657341,0.8160762231139608,0.6941495358281825
0.9622490730532555,1.4338078987657341,0.9048656785177512,0.6941495358281825
0.9622490730532555,1.4338078987657341,0.9225519962441622,0.6941495358281825
0.9622490730532555,1.4338078987657341,1.0582071009089578,0.6941495358281825
0.9622490730532555,1.4338078987657341,1.0496702653148768,0.7124602500863597
0.9622490730532555,1.4338078987657341,0.96133214521859,0.7124602500863597
0.9622490730532555,1.4338078987657341,1.031741565006794,0.7124602500863597
0.9622490730532555,1.4338078987657341,1.0446484187980778,0.7124602500863597
0.9622490730532555,1.4338078987657341,1.0425058103044578,0.7124602500863597
0.9622490730532555,1.4338078987657341,1.0691483385822855,0.7124602500863597
0.9622490730532555,1.4338078987657341,0.984137961561713,0.7124602500863597
0.9622490730532555,1.4338078987657341,1.0773729763693773,0.7124602500863597
0.9622490730532555,1.4338078987657341,0.9555746387259803,0.7354383590518943
0.9622490730532555,1.4338078987657341,1.0623972467221412,0.7354383590518943
0.9622490730532555,1.4338078987657341,0.9610177089568598,0.7354383590518943
0.9622490730532555,1.4338078987657341,1.0592433507104455,0.7354383590518943
0.9622490730532555,1.4338078987657341,1.1211261431397168,0.7354383590518943
0.9622490730532555,1.4338078987657341,1.0205458135535914,0.7354383590518943
0.9622490730532555,1.4338078987657341,0.9529978044015347,0.7354383590518943
0.9622490730532555,1.4338078987657341,1.0657548453776902,0.7354383590518943
0.9622490730532555,1.4338078987657341,1.0669446179865008,0.7354383590518943
0.9622490730532555,1.4338078987657341,1.064324360738817,0.7354383590518943
0.9622490730532555,1.4338078987657341,1.157260294755157,0.7354383590518943
0.9622490730532555,1.4338078987657341,1.0955633297589076,0.7354383590518943
0.9622490730532555,1.4338078987657341,1.0547453990555182,0.687658284754786
0.9622490730532555,1.4231482089864809,0.954933757457102,0.687658284754786
0.9622490730532555,1.4231482089864809,0.9516546577447828,0.687658284754786
0.9622490730532555,1.4231482089864809,1.0563882957641761,0.687658284754786
0.9622490730532555,1.4231482089864809,1.1176923367109293,0.687658284754786
0.9622490730532555,1.4231482089864809,1.0099196563864974,0.687658284754786
0.9622490730532555,1.4231482089864809,1.228857354617178,0.687658284754786
0.9622490730532555,1.4231482089864809,1.1495344342285145,0.687658284754786
0.9622490730532555,1.4231482089864809,0.9660342097680799,0.687658284754786
0.9622490730532555,1.4231482089864809,0.980584291043069,0.6422639877912532
0.9622490730532555,1.4231482089864809,0.9695086632404388,0.6422639877912532
0.9622490730532555,1.4231482089864809,0.9603828900200982,0.6422639877912532
0.9622490730532555,1.4231482089864809,1.0118527287569392,0.6422639877912532
0.9622490730532555,1.3710605831601608,1.0085763871730518,0.6422639877912532
0.9622490730532555,1.3710605831601608,1.2307897457654304,0.6422639877912532
0.9622490730532555,1.3710605831601608,1.1173755585712708,0.6950879441261684
0.9622490730532555,1.3710605831601608,1.1833825386361985,0.6950879441261684
0.9622490730532555,1.3710605831601608,1.3473404282088763,0.6950879441261684
0.9622490730532555,1.3710605831601608,1.0300946639677608,0.6950879441261684
0.9622490730532555,1.3710605831601608,1.2063593683216127,0.6950879441261684
0.9622490730532555,1.3710605831601608,1.0746064195966685,0.6950879441261684
0.9622490730532555,1.3710605831601608,1.1510339237177176,0.6950879441261684
0.9622490730532555,1.3710605831601608,1.2924413061484281,0.6950879441261684
0.9622490730532555,1.3710605831601608,1.220255478346854,0.6950879441261684
0.9622490730532555,1.3710605831601608,1.1394739421774007,0.6950879441261684
0.9622490730532555,1.3710605831601608,1.222509923530125,0.6950879441261684
0.9622490730532555,1.3710605831601608,1.202524144116924,0.6950879441261684
0.9622490730532555,1.422469456690963,1.1289983254855083,0.6950879441261684
0.9622490730532555,1.422469456690963,1.1010980385410105,0.6950879441261684
0.9622490730532555,1.422469456690963,0.9405941364900533,0.6307950169918954
0.9622490730532555,1.422469456690963,0.9973431538083216,0.6307950169918954
0.9622490730532555,1.422469456690963,1.0729415974308163,0.6307950169918954
0.9622490730532555,1.422469456690963,0.9922815860744029,0.6307950169918954
0.9622490730532555,1.422469456690963,0.9657108842511366,0.6307950169918954
0.9652979587450446,1.422469456690963,0.9415231812994669,0.6307950169918954
0.9652979587450446,1.422469456690963,1.0392598040479748,0.6307950169918954
0.9652979587450446,1.422469456690963,1.0191417103883944,0.6307950169918954
0.9652979587450446,1.422469456690963,0.9910535417276213,0.6307950169918954
0.9652979587450446,1.422469456690963,0.9862913230806426,0.6307950169918954
0.9652979587450446,1.422469456690963,1.1129256095754072,0.6307950169918954
0.9652979587450446,1.422469456690963,1.0156155845916284,0.6307950169918954
0.9652979587450446,1.422469456690963,0.9916453759343208,0.6307950169918954
0.9652979587450446,1.422469456690963,0.9728419197278249,0.6307950169918954
0.9652979587450446,1.422469456690963,1.0032014411488366,0.6983294742290175
0.9652979587450446,1.422469456690963,1.0684943854264426,0.6983294742290175
0.9652979587450446,1.422469456690963,1.0253679070769925,0.6983294742290175
0.9652979587450446,1.422469456690963,1.025011070192254,0.6983294742290175
0.9652979587450446,1.422469456690963,1.0027691376179964,0.6983294742290175
0.9652979587450446,1.422469456690963,1.1334970101215844,0.6983294742290175
0.9652979587450446,1.422469456690963,1.0016451823305987,0.6983294742290175
0.9652979587450446,1.422469456690963,1.0502248017500162,0.6983294742290175
0.9652979587450446,1.422469456690963,0.9962592681669773,0.6983294742290175
0.9652979587450446,1.422469456690963,1.0591215197594397,0.6983294742290175
0.9652979587450446,1.422469456690963,1.0962621617853652,0.6983294742290175
0.9652979587450446,1.422469456690963,1.033970866019838,0.6896183884390694
0.9652979587450446,1.422469456690963,1.0204868260511382,0.6896183884390694
0.9652979587450446,1.422469456690963,1.0554253185423492,0.6896183884390694
0.9652979587450446,1.422469456690963,1.0088018039431208,0.7040847687845754
0.9652979587450446,1.422469456690963,1.079227041744678,0.7040847687845754
0.9652979587450446,1.422469456690963,1.054303767901193,0.7040847687845754
0.9652979587450446,1.422469456690963,1.045460435119981,0.7040847687845754
0.9652979587450446,1.422469456690963,1.1538572994870802,0.7276341168108058
0.9652979587450446,1.422469456690963,1.0647631308232355,0.7200536123787733
0.9652979587450446,1.422469456690963,1.0636700508778907,0.7200536123787733
0.9652979587450446,1.422469456690963,1.0701576233865793,0.7200536123787733
0.9652979587450446,1.422469456690963,1.1578448243739676,0.7200536123787733
0.9652979587450446,1.422469456690963,1.040303756698751,0.6446777182964301
0.9652979587450446,1.422469456690963,1.1214865683255297,0.6446777182964301
0.9652979587450446,1.422469456690963,0.9490611538804798,0.6446777182964301
0.9652979587450446,1.422469456690963,1.0302785950290543,0.6446777182964301
0.9652979587450446,1.422469456690963,0.9850955056898205,0.6446777182964301
0.9652979587450446,1.422469456690963,0.9973997193816432,0.6446777182964301
0.9652979587450446,1.422469456690963,0.9296953385236135,0.6446777182964301
0.9652979587450446,1.422469456690963,1.0270022305997202,0.6446777182964301
0.9652979587450446,1.422469456690963,1.0251993077402006,0.6446777182964301
0.9652979587450446,1.422469456690963,0.9955191102809666,0.6446777182964301
0.9652979587450446,1.422469456690963,0.9305990953497058,0.6446777182964301
0.9652979587450446,1.422469456690963,0.9831779959441622,0.6446777182964301
0.9652979587450446,1.422469456690963,0.9616923746024546,0.6446777182964301
0.9652979587450446,1.422469456690963,1.0351198825943524,0.6446777182964301
0.9652979587450446,1.422469456690963,0.9339099452475983,0.6446777182964301
0.9652979587450446,1.422469456690963,1.0225936445383994,0.6446777182964301
0.9652979587450446,1.422469456690963,1.1015652231346298,0.6446777182964301
0.8777076752174536,1.422469456690963,1.1205027476603004,0.6446777182964301
0.8777076752174536,1.422469456690963,1.1690220682770456,0.6446777182964301
0.8777076752174536,1.4148766542076023,0.9906306690454085,0.6675188714799718
0.8777076752174536,1.4148766542076023,1.1622859305196653,0.6675188714799718
0.8777076752174536,1.4148766542076023,1.2063327625383422,0.6675188714799718
0.8777076752174536,1.4148766542076023,1.0116399388179,0.6675188714799718
0.8777076752174536,1.4148766542076023,1.168256900820107,0.6675188714799718
0.8777076752174536,1.4148766542076023,1.175199734169716,0.6675188714799718
0.8777076752174536,1.4148766542076023,1.1567005773364638,0.6375359637262517
0.8777076752174536,1.4148766542076023,1.057091707554171,0.6375359637262517
0.8777076752174536,1.4148766542076023,1.0500223804049484,0.6375359637262517
0.845773291435609,1.4148766542076023,1.2651471564174386,0.6375359637262517
0.845773291435609,1.4148766542076023,1.1360321499587533,0.6375359637262517
0.845773291435609,1.4148766542076023,1.2496450077985741,0.6375359637262517
0.845773291435609,1.4148766542076023,1.0885655602104898,0.6375359637262517
0.845773291435609,1.4148766542076023,1.0532855955130813,0.6375359637262517
0.845773291435609,1.4148766542076023,1.0654615974763977,0.6375359637262517
0.845773291435609,1.4148766542076023,1.3207846722646661,0.6375359637262517
0.845773291435609,1.4148766542076023,1.1438229960609245,0.6375359637262517
0.8125654998055521,1.4148766542076023,1.246568292870244,0.6375359637262517
0.8125654998055521,1.4148766542076023,1.1862915690757727,0.6375359637262517
0.8125654998055521,1.4148766542076023,1.2319182543350047,0.6375359637262517
0.8125654998055521,1.4148766542076023,1.2836472101779859,0.6375359637262517
0.8125654998055521,1.4148766542076023,1.139977979964572,0.6375359637262517
0.8125654998055521,1.4148766542076023,1.2431205164286006,0.6375359637262517
0.8125654998055521,1.4148766542076023,1.228910553972142,0.6375359637262517
0.8125654998055521,1.4148766542076023,1.1982677992876423,0.6375359637262517
0.8125654998055521,1.4148766542076023,1.1583958986666094,0.6375359637262517
0.8125654998055521,1.39074341914634,1.1894128221776188,0.6375359637262517
0.8125654998055521,1.39074341914634,1.226347563658047,0.6375359637262517
0.8125654998055521,1.39074341914634,1.1500939028212098,0.6375359637262517
0.9998193107416571,1.39074341914634,1.0985974707979922,0.6375359637262517
0.9998193107416571,1.39074341914634,0.9816777354204793,0.6375359637262517
0.9998193107416571,1.39074341914634,0.8734508316630462,0.6375359637262517
0.9998193107416571,1.39074341914634,1.1179055866436496,0.6375359637262517
0.9998193107416571,1.39074341914634,1.104044184398363,0.6375359637262517
0.9998193107416571,1.39074341914634,1.0183913324453033,0.6375359637262517
0.9998193107416571,1.39074341914634,1.0391380320503507,0.6375359637262517
0.9998193107416571,1.39074341914634,0.9819560985136293,0.6375359637262517
0.9998193107416571,1.39074341914634,1.017749506677129,0.6375359637262517
0.9998193107416571,1.39074341914634,1.1258553678094445,0.6375359637262517
0.9998193107416571,1.39074341914634,1.1998189859668094,0.6375359637262517
0.9998193107416571,1.39074341914634,1.0432652812139014,0.6375359637262517
0.9998193107416571,1.39074341914634,1.0553311919586514,0.6375359637262517
0.9998193107416571,1.39074341914634,0.99179052611177,0.6375359637262517
0.9998193107416571,1.3959649109782781,1.0128720939642168,0.6375359637262517
0.9998193107416571,1.3959649109782781,0.9516048316607808,0.6415151653422911
0.9998193107416571,1.3959649109782781,0.9647665784965526,0.6415151653422911
0.9998193107416571,1.3959649109782781,1.0299223025706574,0.6415151653422911
0.9998193107416571,1.3959649109782781,1.0484465589383136,0.6415151653422911
0.9998193107416571,1.3959649109782781,1.055632105704528,0.6415151653422911
0.9998193107416571,1.3959649109782781,1.1567991466098433,0.6415151653422911
0.9998193107416571,1.3959649109782781,0.9661828788792417,0.6415151653422911
0.9998193107416571,1.3950911552892844,1.0500711298766288,0.6415151653422911
0.9998193107416571,1.3950911552892844,0.9513975438884925,0.6415151653422911
0.9998193107416571,1.3950911552892844,1.0741598949146574,0.6415151653422911
0.9998193107416571,1.3950911552892844,1.075424579280333,0.6781598918290366
0.9998193107416571,1.3950911552892844,0.9711819971528697,0.6781598918290366
0.9998193107416571,1.3950911552892844,1.1065386227026348,0.6781598918290366
1.0185162659396279,1.3950911552892844,1.0736333631447275,0.6781598918290366
1.0185162659396279,1.3950911552892844,0.9685047266421567,0.6781598918290366
1.0185162659396279,1.3950911552892844,1.0395489943595413,0.6781598918290366
1.0185162659396279,1.3950911552892844,1.0532185973979886,0.6781598918290366
1.0185162659396279,1.3950911552892844,0.952326521949184,0.6781598918290366
1.0185162659396279,1.3950911552892844,1.16071590269238,0.6781598918290366
1.0185162659396279,1.3950911552892844,1.106266183313482,0.6781598918290366
1.0185162659396279,1.3950911552892844,1.0020815679388406,0.6781598918290366
1.0185162659396279,1.3950911552892844,1.1377280699735781,0.6781598918290366
1.0185162659396279,1.3950911552892844,1.1273803384526673,0.6781598918290366
1.0185162659396279,1.3950911552892844,1.1122218288033752,0.6781598918290366
1.0185162659396279,1.3950911552892844,1.1351801410459001,0.6781598918290366
1.0185162659396279,1.3939821830269503,1.0134198553339038,0.6781598918290366
1.0185162659396279,1.3939821830269503,1.0757835021898683,0.6885003057856596
1.0185162659396279,1.3939821830269503,0.9533849741759792,0.6885003057856596
1.0185162659396279,1.3939821830269503,1.095207529801177,0.6885003057856596
1.0185162659396279,1.3939821830269503,1.1211939416396548,0.6885003057856596
1.0185162659396279,1.3939821830269503,0.92551159130427,0.6623747194485456
1.0185162659396279,1.3939821830269503,1.0423964591330135,0.6623747194485456
1.0185162659396279,1.3447772900177033,1.1547584816672598,0.6623747194485456
1.0185162659396279,1.3447772900177033,1.1376538727603995,0.6623747194485456
1.0185162659396279,1.3447772900177033,1.2612280620802516,0.6623747194485456
1.0185162659396279,1.3447772900177033,1.2234418059088101,0.6623747194485456
1.0185162659396279,1.3447772900177033,1.1467060958748418,0.6623747194485456
1.0185162659396279,1.3447772900177033,1.1545557682425425,0.6623747194485456
1.0185162659396279,1.3447772900177033,1.2607889162003383,0.6623747194485456
1.0185162659396279,1.3447772900177033,1.1396845784654932,0.6623747194485456
1.0185162659396279,1.3447772900177033,1.249563263352255,0.6623747194485456
0.961873505856226,1.3447772900177033,1.1898942741429206,0.6623747194485456
0.961873505856226,1.3447772900177033,1.2230726512721157,0.6623747194485456
0.961873505856226,1.3447772900177033,1.2728101420238003,0.6623747194485456
0.961873505856226,1.3447772900177033,1.2373568389636809,0.6623747194485456
0.961873505856226,1.3447772900177033,1.2580700156903526,0.6623747194485456
0.961873505856226,1.3447772900177033,1.09084645065524,0.6623747194485456
0.961873505856226,1.3447772900177033,1.1394606483764314,0.6111536994297199
0.961873505856226,1.3447772900177033,1.2757863686884108,0.6111536994297199
0.961873505856226,1.3447772900177033,1.1065329488596383,0.6111536994297199
0.961873505856226,1.3447772900177033,1.1746344632313355,0.6111536994297199
0.961873505856226,1.3447772900177033,1.1058202792133232,0.6111536994297199
0.961873505856226,1.3447772900177033,1.189432738761923,0.6111536994297199
0.961873505856226,1.3447772900177033,1.1016546730392185,0.6111536994297199
0.961873505856226,1.3447772900177033,1.1118403252306548,0.6111536994297199
0.961873505856226,1.3447772900177033,1.0688318850961294,0.6111536994297199
0.961873505856226,1.3447772900177033,1.1984142409503558,0.6111536994297199
0.961873505856226,1.3447772900177033,1.0470684354574453,0.6111536994297199
0.961873505856226,1.3447772900177033,1.1884636102661421,0.6111536994297199
0.961873505856226,1.3447772900177033,1.238103966216266,0.6111536994297199
0.961873505856226,1.3447772900177033,1.264963691900548,0.6111536994297199
0.961873505856226,1.33535988955936,1.0486856497424255,0.6111536994297199
0.961873505856226,1.33535988955936,1.1627239118079606,0.6111536994297199
0.961873505856226,1.33535988955936,1.2765883539771625,0.7081228629799559
0.961873505856226,1.33535988955936,1.3666917261234586,0.7081228629799559
0.961873505856226,1.33535988955936,1.273404487187008,0.7081228629799559
0.961873505856226,1.33535988955936,1.379938260886513,0.7081228629799559
0.961873505856226,1.33535988955936,1.2168706932622735,0.7081228629799559
0.961873505856226,1.33535988955936,1.385001922712282,0.6724041228704682
0.961873505856226,1.33535988955936,1.2848939336164293,0.6724041228704682
0.961873505856226,1.33535988955936,1.2757555291922154,0.6724041228704682
0.961873505856226,1.33535988955936,1.4095723556842488,0.6724041228704682
0.961873505856226,1.33535988955936,1.2960812529364147,0.6724041228704682
0.961873505856226,1.33535988955936,1.3213745242538664,0.6724041228704682
0.961873505856226,1.33535988955936,1.4590653818616015,0.6724041228704682
0.961873505856226,1.33535988955936,1.2948951633405712,0.6724041228704682
0.961873505856226,1.33535988955936,1.1665709438567013,0.6724041228704682
0.961873505856226,1.33535988955936,1.3251291828421268,0.6724041228704682
0.961873505856226,1.33535988955936,1.2152189563386526,0.6724041228704682
0.961873505856226,1.33535988955936,1.285668205517001,0.6724041228704682
0.961873505856226,1.33535988955936,1.274123585168265,0.6724041228704682
0.961873505856226,1.33535988955936,1.3453072889932096,0.6724041228704682
0.961873505856226,1.38509202965218,1.1951062642160157,0.6724041228704682
0.961873505856226,1.38509202965218,1.1349658954877855,0.6724041228704682
0.961873505856226,1.38509202965218,1.1919590693220856,0.6724041228704682
0.961873505856226,1.3629400342620297,1.1610115504454799,0.6724041228704682
0.961873505856226,1.3629400342620297,1.2600891623671153,0.6724041228704682
0.8416747644856581,1.3629400342620297,1.27069938985512,0.6724041228704682
0.8416747644856581,1.3629400342620297,1.3978890854864934,0.6724041228704682
0.8416747644856581,1.3629400342620297,1.3619844740895508,0.6724041228704682
0.8416747644856581,1.3629400342620297,1.3547480365573592,0.6108730403780811
0.8416747644856581,1.3629400342620297,1.2838310851155232,0.6108730403780811
0.8416747644856581,1.3629400342620297,1.1884140075174487,0.6108730403780811
0.8416747644856581,1.3629400342620297,1.2976153630138443,0.6108730403780811
0.8416747644856581,1.3629400342620297,1.2779030805293534,0.6108730403780811
0.8416747644856581,1.3629400342620297,1.251455763824995,0.6108730403780811
0.8416747644856581,1.3629400342620297,1.2365537162916873,0.6108730403780811
0.8416747644856581,1.3629400342620297,1.4596281588000264,0.6108730403780811
0.8416747644856581,1.3508833944174579,1.2952791067899299,0.6108730403780811
0.8839947743642252,1.3508833944174579,1.2712178625196697,0.6108730403780811
0.8839947743642252,1.3508833944174579,1.3243786866908902,0.6108730403780811
0.8839947743642252,1.3508833944174579,1.3379358491179498,0.6108730403780811
0.8839947743642252,1.3508833944174579,1.374056655890702,0.6108730403780811
0.8839947743642252,1.3508833944174579,1.3577156129865484,0.6108730403780811
0.8839947743642252,1.3481948224401519,1.2579460618854552,0.6108730403780811
0.8839947743642252,1.3481948224401519,1.350740666394085,0.6108730403780811
0.8839947743642252,1.3481948224401519,1.1800317805254879,0.6265793583087703
0.8839947743642252,1.3481948224401519,1.297886079174317,0.6265793583087703
0.8839947743642252,1.3481948224401519,1.2369435284503099,0.6265793583087703
0.8839947743642252,1.3481948224401519,1.243438620578576,0.6265793583087703
0.8839947743642252,1.3481948224401519,1.3351816667945584,0.6265793583087703
0.8839947743642252,1.3481948224401519,1.2076351680017396,0.6265793583087703
0.8839947743642252,1.3481948224401519,1.283745105762656,0.6265793583087703
0.8735117065356852,1.3481948224401519,1.3323880882203616,0.6265793583087703
0.8735117065356852,1.3481948224401519,1.3246025081945227,0.6265793583087703
0.8735117065356852,1.3481948224401519,1.305825622449853,0.6265793583087703
0.8275452479255095,1.3481948224401519,1.4830893129543778,0.6265793583087703
0.8275452479255095,1.3481948224401519,1.282267852931491,0.6265793583087703
0.8275452479255095,1.3481948224401519,1.2207656879719568,0.6265793583087703
0.8275452479255095,1.3481948224401519,1.2030591270073614,0.6265793583087703
0.8275452479255095,1.3481948224401519,1.2516165107614254,0.6265793583087703
0.8275452479255095,1.3481948224401519,1.4111543808575997,0.6265793583087703
0.8275452479255095,1.3481948224401519,1.5090275013786218,0.6265793583087703
0.8275452479255095,1.3481948224401519,1.3067120087803432,0.6265793583087703
0.8275452479255095,1.3481948224401519,1.3372525938162128,0.6265793583087703
0.8275452479255095,1.3481948224401519,1.3046363800671597,0.6265793583087703
0.8275452479255095,1.3481948224401519,1.2539513084389575,0.6265793583087703
0.8275452479255095,1.3481948224401519,1.4733462438417049,0.6265793583087703
0.8275452479255095,1.3481948224401519,1.3899672348776573,0.6265793583087703
0.8275452479255095,1.3481948224401519,1.30752728171508,0.6265793583087703
0.8275452479255095,1.3481948224401519,1.2924201994557016,0.6265793583087703
0.8275452479255095,1.3481948224401519,1.3742243311377098,0.6265793583087703
0.8275452479255095,1.3481948224401519,1.301422936546321,0.6265793583087703
0.8275452479255095,1.3481948224401519,1.4185642094353108,0.6265793583087703
0.8275452479255095,1.3481948224401519,1.2788156642665802,0.6265793583087703
0.8275452479255095,1.3481948224401519,1.4353709715642045,0.6265793583087703
0.8275452479255095,1.3481948224401519,1.2606507089834327,0.6265793583087703
0.8275452479255095,1.3481948224401519,1.3006802508819357,0.6265793583087703
0.8275452479255095,1.3481948224401519,1.4540357974168026,0.6265793583087703
0.8275452479255095,1.3481948224401519,1.4382961181436857,0.6265793583087703
0.8275452479255095,1.3481948224401519,1.3598616496191982,0.687271020927842
0.8275452479255095,1.3481948224401519,1.4699760406136262,0.687271020927842
0.8275452479255095,1.3481948224401519,1.4414537084694532,0.6658054048539197
0.8275452479255095,1.3481948224401519,1.5226575031321636,0.6658054048539197
0.8275452479255095,1.3481948224401519,1.4998551445576305,0.6658054048539197
0.8275452479255095,1.3481948224401519,1.6573686980672804,0.6658054048539197
0.8275452479255095,1.3481948224401519,1.328771841059443,0.6679392551227311
0.8275452479255095,1.3481948224401519,1.458715008841975,0.6679392551227311
0.8275452479255095,1.3481948224401519,1.33317753433292,0.6679392551227311
0.8275452479255095,1.3481948224401519,1.4222926972495598,0.6679392551227311
0.8275452479255095,1.3481948224401519,1.488330609409936,0.6679392551227311
0.9647483574581475,1.3481948224401519,1.3437520760004384,0.6679392551227311
0.9647483574581475,1.3481948224401519,1.2146051562468996,0.6679392551227311
0.9647483574581475,1.3481948224401519,1.223436216605564,0.6679392551227311
0.9647483574581475,1.3481948224401519,1.1646244584591023,0.6679392551227311
0.9647483574581475,1.3481948224401519,1.2019238614514454,0.6679392551227311
0.9647483574581475,1.3481948224401519,1.1643882555800795,0.6679392551227311
0.9647483574581475,1.3481948224401519,1.2149728975460905,0.6679392551227311
0.9279270528116548,1.3481948224401519,1.169958700092541,0.667449421807984
0.9279270528116548,1.3481948224401519,1.2756793524730359,0.667449421807984
0.9279270528116548,1.3481948224401519,1.2535359058073543,0.667449421807984
0.9279270528116548,1.3481948224401519,1.1458155867212958,0.667449421807984
0.9279270528116548,1.3481948224401519,1.2035108146799962,0.667449421807984
0.9279270528116548,1.3481948224401519,1.4069146194330764,0.667449421807984
0.9279270528116548,1.3481948224401519,1.1460858755786987,0.667449421807984
0.9279270528116548,1.3481948224401519,1.2256225400328482,0.667449421807984
0.9279270528116548,1.3481948224401519,1.2802582583625168,0.667449421807984
0.9279270528116548,1.3481948224401519,1.246702697322854,0.667449421807984
0.9279270528116548,1.3481948224401519,1.1535462561022414,0.667449421807984
0.9279270528116548,1.3481948224401519,1.2615512048953772,0.667449421807984
0.9279270528116548,1.3481948224401519,1.2896243996239147,0.667449421807984
0.9279270528116548,1.3481948224401519,1.2348262343714247,0.667449421807984
0.9279270528116548,1.3481948224401519,1.3684738031837984,0.667449421807984
0.9279270528116548,1.3481948224401519,1.2262107482115678,0.667449421807984
0.9279270528116548,1.3481948224401519,1.2459597009108434,0.667449421807984
0.9279270528116548,1.3481948224401519,1.3404640717625245,0.667449421807984
0.9279270528116548,1.3481948224401519,1.2617492914650403,0.667449421807984
1.0244593693243311,1.3481948224401519,1.1982790635186982,0.667449421807984
1.0244593693243311,1.3481948224401519,1.2629132977143265,0.667449421807984
1.0244593693243311,1.3481948224401519,1.224226979295659,0.667449421807984
1.0244593693243311,1.3481948224401519,1.0180381089150141,0.667449421807984
0.9254382689242447,1.3481948224401519,1.1530716114944803,0.667449421807984
0.9254382689242447,1.3481948224401519,1.3295849841788314,0.667449421807984
0.9254382689242447,1.3481948224401519,1.2033331003181862,0.667449421807984
0.9254382689242447,1.3481948224401519,1.324352011211743,0.667449421807984
0.9254382689242447,1.3481948224401519,1.1916760813519356,0.667449421807984
0.9254382689242447,1.3481948224401519,1.4645009244547524,0.667449421807984
0.9254382689242447,1.3481948224401519,1.2392455796669597,0.667449421807984
0.9254382689242447,1.3481948224401519,1.277538752767371,0.667449421807984
0.9254382689242447,1.3481948224401519,1.192768246656379,0.667449421807984
0.9254382689242447,1.3481948224401519,1.3304746250218213,0.667449421807984
0.9254382689242447,1.3481948224401519,1.320962074535872,0.667449421807984
0.9779881165220451,1.3481948224401519,1.202386692473454,0.667449421807984
0.9779881165220451,1.3481948224401519,1.119893611271586,0.667449421807984
0.9779881165220451,1.3481948224401519,1.233579932484283,0.667449421807984
0.9779881165220451,1.3481948224401519,1.148027885204307,0.667449421807984
0.9779881165220451,1.3555922018456936,1.1560962987738734,0.667449421807984
0.9779881165220451,1.3555922018456936,1.181038439196179,0.6598704602889148
0.9779881165220451,1.3555922018456936,1.246734506334543,0.6598704602889148
0.977007357227973,1.3555922018456936,1.305368796696023,0.6598704602889148
0.977007357227973,1.3555922018456936,1.1818641341681262,0.6598704602889148
0.977007357227973,1.3555922018456936,1.213122579117831,0.6598704602889148
0.977007357227973,1.3555922018456936,1.1531370869259605,0.6598704602889148
0.977007357227973,1.3555922018456936,1.062970338497912,0.6598704602889148
0.977007357227973,1.3555922018456936,1.1876768008331573,0.6598704602889148
0.977007357227973,1.3555922018456936,1.2137480002556809,0.6865728636924606
0.977007357227973,1.3555922018456936,1.09528830924343,0.6865728636924606
0.977007357227973,1.3555922018456936,1.1741884951022168,0.6865728636924606
0.977007357227973,1.3555922018456936,1.254150922359186,0.6865728636924606
0.977007357227973,1.3555922018456936,1.2657639128426927,0.6771204080012622
0.977007357227973,1.3555922018456936,1.1906283041629628,0.6771204080012622
0.977007357227973,1.3555922018456936,1.1899961130625025,0.6216718915013614
0.977007357227973,1.3555922018456936,0.9892726690384966,0.6216718915013614
0.977007357227973,1.3555922018456936,1.2569283047821753,0.6216718915013614
0.977007357227973,1.3555922018456936,1.1942856703360085,0.6216718915013614
0.977007357227973,1.3555922018456936,1.0772941962511107,0.6216718915013614
0.977007357227973,1.3555922018456936,1.1520435886433362,0.6216718915013614
0.977007357227973,1.3555922018456936,1.0666606134254921,0.6216718915013614
0.977007357227973,1.3555922018456936,1.0514623741667841,0.6216718915013614
0.977007357227973,1.3555922018456936,1.0832214275514782,0.6216718915013614
0.977007357227973,1.3499743462312834,1.110426489677349,0.6216718915013614
0.977007357227973,1.3499743462312834,1.1655958032097582,0.6216718915013614
0.977007357227973,1.3499743462312834,1.1336880876107975,0.6216718915013614
0.977007357227973,1.3499743462312834,1.1296010623075394,0.6216718915013614
0.977007357227973,1.3499743462312834,1.1280164355512767,0.6216718915013614
0.977007357227973,1.3499743462312834,1.1402301223783209,0.6216718915013614
0.977007357227973,1.3499743462312834,1.1592933675284094,0.6216718915013614
0.8645452813594836,1.3499743462312834,1.186119493502089,0.6127994586654884
0.8645452813594836,1.3499743462312834,1.2122162092700062,0.6127994586654884
0.8645452813594836,1.3499743462312834,1.3074533104526889,0.6127994586654884
0.8645452813594836,1.3499743462312834,1.2535227928723558,0.6127994586654884
0.8645452813594836,1.3499743462312834,1.2167494189298478,0.6127994586654884
0.8645452813594836,1.3499743462312834,1.2415368913378764,0.6127994586654884
0.8645452813594836,1.3499743462312834,1.255190958310574,0.6127994586654884
0.8209432946508152,1.3499743462312834,1.287417309357616,0.6127994586654884
0.8209432946508152,1.3499743462312834,1.3603169076737807,0.6127994586654884
0.8209432946508152,1.3499743462312834,1.2872794995461796,0.6127994586654884
0.8209432946508152,1.3499743462312834,1.5168267427615953,0.6127994586654884
0.8209432946508152,1.3499743462312834,1.2712649696916867,0.6127994586654884
0.8209432946508152,1.3499743462312834,1.3148310439238147,0.6127994586654884
0.8209432946508152,1.3499743462312834,1.3281411677419708,0.6127994586654884
0.8209432946508152,1.3499743462312834,1.218267989042884,0.6127994586654884
0.8209432946508152,1.3499743462312834,1.2969029760602178,0.6127994586654884
0.8209432946508152,1.3499743462312834,1.3850082156608445,0.6527532792768127
0.8209432946508152,1.3499743462312834,1.2319876645408963,0.6344908333631599
0.8209432946508152,1.3499743462312834,1.3189511293022262,0.6344908333631599
0.8209432946508152,1.3499743462312834,1.243028856148404,0.6344908333631599
0.978619500983194,1.3499743462312834,1.2331545420627705,0.6344908333631599
0.978619500983194,1.3499743462312834,1.1790999370369046,0.6344908333631599
0.978619500983194,1.3499743462312834,1.1639864491254692,0.6344908333631599
0.978619500983194,1.3499743462312834,1.094305636376759,0.6344908333631599
0.978619500983194,1.3499743462312834,1.0255291688315415,0.6439719493393223
0.978619500983194,1.3499743462312834,1.1396178225253668,0.6439719493393223
0.978619500983194,1.3499743462312834,1.3556701949218313,0.6439719493393223
0.8776679786691335,1.3499743462312834,1.2106789991695006,0.6439719493393223
0.8776679786691335,1.3499743462312834,1.5544033063924088,0.6439719493393223
0.8776679786691335,1.3499743462312834,1.3835914979850772,0.6439719493393223
0.8776679786691335,1.3499743462312834,1.2748189191163968,0.6439719493393223
0.8776679786691335,1.3499743462312834,1.3127840069079217,0.6439719493393223
0.8776679786691335,1.3499743462312834,1.2893073977415237,0.6439719493393223
0.8776679786691335,1.43663815923183,1.1774968876688339,0.6439719493393223
0.8776679786691335,1.43663815923183,0.975929211943812,0.6439719493393223
0.8776679786691335,1.43663815923183,1.062488675006654,0.6439719493393223
0.8776679786691335,1.43663815923183,1.1037307184797995,0.6439719493393223
0.8776679786691335,1.43663815923183,1.1998224909360289,0.6439719493393223
0.8776679786691335,1.43663815923183,0.9884524656937116,0.6439719493393223
0.8776679786691335,1.43663815923183,1.0086311097488287,0.6439719493393223
0.8776679786691335,1.43663815923183,1.0235069923786155,0.6439719493393223
0.8776679786691335,1.43663815923183,1.0659824256999608,0.6439719493393223
0.8776679786691335,1.43663815923183,1.0366416459133974,0.6439719493393223
0.8776679786691335,1.43663815923183,1.133866918218388,0.6439719493393223
0.8776679786691335,1.43663815923183,1.070573371779453,0.6439719493393223
0.8776679786691335,1.43663815923183,1.044063547923489,0.6439719493393223
0.8776679786691335,1.43663815923183,1.1472991184274886,0.6439719493393223
0.8776679786691335,1.43663815923183,1.0538938687751684,0.6439719493393223
0.8776679786691335,1.43663815923183,1.1058566021376446,0.6439719493393223
0.8776679786691335,1.43663815923183,1.0916813090058455,0.6439719493393223
0.8776679786691335,1.43663815923183,1.1036740324210998,0.6439719493393223
0.8776679786691335,1.43663815923183,1.0191324316842196,0.6439719493393223
0.8776679786691335,1.43663815923183,0.9492722713969138,0.6439719493393223
0.8776679786691335,1.43663815923183,1.0231865102388562,0.6439719493393223
0.8776679786691335,1.43663815923183,1.0958570989029592,0.6439719493393223
0.8776679786691335,1.43663815923183,1.1161617726509145,0.6439719493393223
0.8776679786691335,1.43663815923183,1.035316342474542,0.6439719493393223
0.8776679786691335,1.43663815923183,1.1565134448711034,0.6439719493393223
0.8776679786691335,1.43663815923183,0.9855839220581195,0.6439719493393223
0.8776679786691335,1.43663815923183,1.0839783627205493,0.6439719493393223
0.8776679786691335,1.43663815923183,1.0455607700524616,0.6689164075436641
0.8776679786691335,1.43663815923183,1.1102374262492647,0.6689164075436641
0.8776679786691335,1.43663815923183,1.0893628276586849,0.6689164075436641
0.8776679786691335,1.43663815923183,1.1114041550872977,0.6689164075436641
0.8776679786691335,1.43663815923183,1.057504591027793,0.6689164075436641
0.8776679786691335,1.43663815923183,1.091234886155485,0.6689164075436641
0.8776679786691335,1.43663815923183,1.0942874003728607,0.6689164075436641
0.8776679786691335,1.43663815923183,1.087982862587179,0.6689164075436641
0.8776679786691335,1.43663815923183,1.0559694108385747,0.6689164075436641
0.8776679786691335,1.43663815923183,1.1257285967352884,0.6689164075436641
0.8776679786691335,1.43663815923183,1.185568923314609,0.6689164075436641
0.8776679786691335,1.43663815923183,1.0351484032969698,0.6689164075436641
0.8776679786691335,1.43663815923183,1.0991921182195088,0.6689164075436641
0.8776679786691335,1.43663815923183,1.122011417899834,0.6689164075436641
0.8776679786691335,1.43663815923183,1.1491049067629704,0.6689164075436641
0.8776679786691335,1.43663815923183,1.0028332908361852,0.6689164075436641
0.850444871809905,1.43663815923183,1.1363846607554786,0.6689164075436641
0.850444871809905,1.43663815923183,1.158709545913137,0.6689164075436641
0.850444871809905,1.43663815923183,1.0196778406448899,0.6689164075436641
0.850444871809905,1.43663815923183,1.0859254202113957,0.6648484958399542
0.850444871809905,1.43663815923183,1.1350827240970371,0.6648484958399542
0.850444871809905,1.43663815923183,1.1857797964233836,0.6648484958399542
0.850444871809905,1.43663815923183,1.0767016450679903,0.6648484958399542
0.850444871809905,1.43663815923183,1.153011508515147,0.6648484958399542
0.850444871809905,1.43663815923183,1.205022529672442,0.6648484958399542
0.850444871809905,1.43663815923183,1.2192810024084493,0.6648484958399542
0.850444871809905,1.43663815923183,1.1648499327076278,0.6648484958399542
0.850444871809905,1.43663815923183,1.1043749752321952,0.6683535535309171
0.850444871809905,1.43663815923183,1.1767440273579453,0.6683535535309171
0.850444871809905,1.43663815923183,1.2672966618955877,0.6683535535309171
0.850444871809905,1.43663815923183,1.1514495562146634,0.6683535535309171
0.850444871809905,1.43663815923183,1.1845781028197189,0.6683535535309171
0.850444871809905,1.43663815923183,1.2361872842214041,0.6683535535309171
0.850444871809905,1.43663815923183,1.1165942982903143,0.6683535535309171
0.850444871809905,1.43663815923183,1.2192247534328122,0.6683535535309171
0.850444871809905,1.43663815923183,1.1030153408293133,0.6683535535309171
0.850444871809905,1.43663815923183,1.0597701223604503,0.6683535535309171
0.850444871809905,1.43663815923183,1.1519941766461708,0.6683535535309171
0.850444871809905,1.43663815923183,1.0814416148431927,0.6683535535309171
0.850444871809905,1.43663815923183,1.1109582928968988,0.6683535535309171
0.850444871809905,1.43663815923183,1.139348088156729,0.6683535535309171
0.850444871809905,1.43663815923183,1.0953607107877874,0.6683535535309171
0.850444871809905,1.43663815923183,1.197073917094697,0.6683535535309171
0.850444871809905,1.43663815923183,1.115064388333969,0.6683535535309171
0.850444871809905,1.43663815923183,1.2397701663317438,0.6683535535309171
0.850444871809905,1.43663815923183,1.210518584150538,0.6683535535309171
0.850444871809905,1.43663815923183,1.11139201608636,0.6683535535309171
0.850444871809905,1.43663815923183,1.0739474637904767,0.6683535535309171
0.850444871809905,1.43663815923183,1.118486662144012,0.6683535535309171
0.850444871809905,1.43663815923183,1.0427484201272161,0.6683535535309171
0.850444871809905,1.43663815923183,1.2680703230359138,0.6683535535309171
0.850444871809905,1.43663815923183,1.0702298299527535,0.6683535535309171
0.850444871809905,1.43663815923183,1.1895937397119773,0.6683535535309171
0.850444871809905,1.43663815923183,1.0432051569421363,0.6683535535309171
0.850444871809905,1.43663815923183,1.1696956582333708,0.6683535535309171
0.850444871809905,1.43663815923183,1.2078676390397498,0.6683535535309171
0.850444871809905,1.43663815923183,1.1958465532359304,0.6683535535309171
0.850444871809905,1.43663815923183,1.1205246642444413,0.6683535535309171
0.850444871809905,1.43663815923183,1.2248036216668237,0.6683535535309171
0.850444871809905,1.4491492283136795,1.1112296606595766,0.6683535535309171
0.850444871809905,1.4491492283136795,1.0825423090343458,0.6683535535309171
0.850444871809905,1.4491492283136795,1.0295494037256505,0.6683535535309171
0.850444871809905,1.4491492283136795,1.0728043015040645,0.6683535535309171
0.850444871809905,1.4491492283136795,1.0521275003036639,0.6683535535309171
0.850444871809905,1.4491492283136795,1.0760727581038283,0.6683535535309171
0.850444871809905,1.4491492283136795,1.1714116286697487,0.6683535535309171
0.850444871809905,1.4491492283136795,1.2309204642453007,0.6683535535309171
0.850444871809905,1.4491492283136795,1.047310796179818,0.6343507867656784
0.850444871809905,1.4491492283136795,1.0590400362822912,0.6343507867656784
0.850444871809905,1.4491492283136795,1.0472890747599803,0.6343507867656784
0.850444871809905,1.4491492283136795,1.0277749076222524,0.6343507867656784
0.850444871809905,1.4491492283136795,1.0094626977228593,0.6343507867656784
0.850444871809905,1.4491492283136795,1.105632160532534,0.6343507867656784
0.850444871809905,1.4491492283136795,1.0800643761908082,0.6343507867656784
0.850444871809905,1.4491492283136795,1.0782350184516942,0.6343507867656784
0.850444871809905,1.4491492283136795,1.0611126010805385,0.683202454473415
0.7162915805556329,1.4491492283136795,1.1825931839163013,0.683202454473415
0.7162915805556329,1.4491492283136795,1.38952890640726,0.683202454473415
0.7162915805556329,1.4491492283136795,1.284388704152705,0.683202454473415
0.7162915805556329,1.4491492283136795,1.2506148108988224,0.683202454473415
0.7162915805556329,1.4491492283136795,1.28069115454347,0.683202454473415
0.7162915805556329,1.4491492283136795,1.2416836348849107,0.683202454473415
0.7162915805556329,1.4491492283136795,1.2841094951787908,0.683202454473415
0.7162915805556329,1.4491492283136795,1.2728171079271724,0.683202454473415
0.7162915805556329,1.4491492283136795,1.383069294910171,0.683202454473415
0.7162915805556329,1.4491492283136795,1.3733331511897526,0.683202454473415
0.7162915805556329,1.4491492283136795,1.289637556632712,0.683202454473415
0.7162915805556329,1.4491492283136795,1.276936890554692,0.683202454473415
0.7162915805556329,1.4491492283136795,1.2653484846535048,0.683202454473415
0.7162915805556329,1.4491492283136795,1.3794250700345225,0.683202454473415
0.7162915805556329,1.4491492283136795,1.3478521815522897,0.6666624317614033
0.7162915805556329,1.4491492283136795,1.4460222949878143,0.6666624317614033
0.7162915805556329,1.4491492283136795,1.206522400244767,0.6666624317614033
0.7162915805556329,1.4491492283136795,1.4257983212570182,0.6666624317614033
0.7162915805556329,1.4491492283136795,1.317008504219392,0.6666624317614033
0.7162915805556329,1.4491492283136795,1.2882801029125468,0.6666624317614033
0.7162915805556329,1.4491492283136795,1.2890356812364592,0.6666624317614033
0.7162915805556329,1.4491492283136795,1.269192856388618,0.6666624317614033
0.7162915805556329,1.4491492283136795,1.260672336721606,0.6666624317614033
0.7162915805556329,1.4491492283136795,1.296746321522335,0.6286006817265727
0.7162915805556329,1.4491492283136795,1.3493945479847982,0.6787118661594722
0.7162915805556329,1.4491492283136795,1.4193143570378657,0.6787118661594722
0.7162915805556329,1.4491492283136795,1.26099571401576,0.6787118661594722
0.7434014167494634,1.4491492283136795,1.233179262135575,0.6787118661594722
0.7434014167494634,1.4491492283136795,1.4644700443604441,0.6787118661594722
0.7434014167494634,1.4491492283136795,1.1857577486689457,0.6787118661594722
0.7434014167494634,1.4491492283136795,1.2826466071396114,0.6787118661594722
0.7434014167494634,1.4491492283136795,1.1970060487234373,0.6787118661594722
0.7434014167494634,1.4491492283136795,1.2762210415309112,0.6787118661594722
0.7434014167494634,1.4491492283136795,1.2510733288757592,0.6787118661594722
0.7434014167494634,1.4491492283136795,1.2741990475106506,0.6787118661594722
0.7434014167494634,1.4491492283136795,1.327889003367101,0.6787118661594722
0.7434014167494634,1.4491492283136795,1.286086946673264,0.6787118661594722
0.7434014167494634,1.4491492283136795,1.3298284514771397,0.6787118661594722
0.7434014167494634,1.4491492283136795,1.210032809077756,0.6787118661594722
0.7434014167494634,1.4491492283136795,1.251397219294417,0.6787118661594722
0.7434014167494634,1.4491492283136795,1.4585409533496585,0.6787118661594722
0.7434014167494634,1.4491492283136795,1.4269077131990748,0.6787118661594722
0.7434014167494634,1.4491492283136795,1.2266122821882137,0.6787118661594722
0.7434014167494634,1.4491492283136795,1.2559698027893418,0.6280188196176381
0.7434014167494634,1.4491492283136795,1.2655818578670626,0.6280188196176381
0.7434014167494634,1.4491492283136795,1.2288981415827187,0.6280188196176381
0.7434014167494634,1.4491492283136795,1.4063945928425428,0.6280188196176381
0.7434014167494634,1.4491492283136795,1.076879500139,0.6280188196176381
0.7434014167494634,1.4491492283136795,1.2346330279019069,0.6280188196176381
0.7434014167494634,1.4491492283136795,1.1896454386036002,0.6280188196176381
0.7434014167494634,1.4491492283136795,1.1852475938367972,0.6280188196176381
0.7434014167494634,1.4491492283136795,1.0941548674043677,0.6280188196176381
0.7434014167494634,1.4491492283136795,1.0996032851675077,0.6280188196176381
0.7434014167494634,1.3907387687228001,1.1736131725941938,0.6280188196176381
0.7434014167494634,1.3907387687228001,1.385792287473892,0.6280188196176381
0.7434014167494634,1.3907387687228001,1.349612871652497,0.6280188196176381
0.7434014167494634,1.3907387687228001,1.5118831923802163,0.6280188196176381
0.7434014167494634,1.3907387687228001,1.3917686696275366,0.6280188196176381
0.7434014167494634,1.3907387687228001,1.4762488744216629,0.6280188196176381
0.7434014167494634,1.3907387687228001,1.3253674038059047,0.6280188196176381
0.7434014167494634,1.3907387687228001,1.3447951153736615,0.6280188196176381
0.7434014167494634,1.4184971122890433,1.2694698182890776,0.6280188196176381
0.7434014167494634,1.4184971122890433,1.3576742011100047,0.6280188196176381
0.7434014167494634,1.4184971122890433,1.2052718711658674,0.608981867964474
0.7434014167494634,1.4184971122890433,1.276680532798987,0.608981867964474
0.7434014167494634,1.4184971122890433,1.2738734481865857,0.608981867964474
0.7532425493001315,1.4184971122890433,1.3019971259880274,0.608981867964474
0.7532425493001315,1.4184971122890433,1.2714984929716275,0.608981867964474
0.7532425493001315,1.4184971122890433,1.1821061774650858,0.608981867964474
0.869560826810784,1.4184971122890433,1.1397027671067588,0.608981867964474
0.869560826810784,1.4184971122890433,0.9741962271473738,0.608981867964474
0.869560826810784,1.4184971122890433,1.0867375472118,0.608981867964474
0.869560826810784,1.4184971122890433,1.0835556245275628,0.608981867964474
0.8916520542475261,1.4184971122890433,1.0971481351512822,0.608981867964474
0.8916520542475261,1.4184971122890433,1.1077209618540864,0.68370976018324
0.8916520542475261,1.4184971122890433,1.285123427153164,0.68370976018324
0.8916520542475261,1.4184971122890433,1.1681234634186621,0.68370976018324
0.920287728060618,1.4184971122890433,1.0758676992303264,0.68370976018324
0.920287728060618,1.4184971122890433,0.9912275115550103,0.68370976018324
0.920287728060618,1.4184971122890433,1.186035936858889,0.68370976018324
0.920287728060618,1.4184971122890433,1.1469180666827288,0.68370976018324
0.920287728060618,1.4184971122890433,1.1258153546570835,0.68370976018324
0.920287728060618,1.4184971122890433,1.2570664569521006,0.68370976018324
0.920287728060618,1.4184971122890433,1.0497367975479424,0.68370976018324
0.920287728060618,1.4184971122890433,1.0484117415115375,0.68370976018324
0.920287728060618,1.4184971122890433,1.0804959363907136,0.68370976018324
0.920287728060618,1.4184971122890433,1.1217415097442478,0.68370976018324
0.920287728060618,1.4184971122890433,1.108418549099206,0.68370976018324
0.920287728060618,1.4184971122890433,1.0209628919245353,0.68370976018324
0.920287728060618,1.4184971122890433,1.1246085306530096,0.68370976018324
0.920287728060618,1.4331817624214453,1.043555514836167,0.68370976018324
0.920287728060618,1.4331817624214453,1.0331138846438719,0.68370976018324
0.920287728060618,1.4331817624214453,1.0263373241770155,0.68370976018324
0.920287728060618,1.4331817624214453,1.0202537396108649,0.68370976018324
0.920287728060618,1.4331817624214453,1.033794712461541,0.68370976018324
0.920287728060618,1.4331817624214453,1.1523159947435286,0.68370976018324
0.920287728060618,1.4331817624214453,1.04992660792071,0.68370976018324
0.920287728060618,1.4331817624214453,1.236413583276115,0.68370976018324
0.920287728060618,1.4331817624214453,1.0062194297326268,0.68370976018324
0.920287728060618,1.4331817624214453,1.0342847988843797,0.68370976018324
0.920287728060618,1.4331817624214453,1.115059045450178,0.68370976018324
0.920287728060618,1.4331817624214453,1.0999181100229174,0.68370976018324
0.920287728060618,1.4331817624214453,1.0777773532167756,0.68370976018324
0.920287728060618,1.4331817624214453,0.9663768711576816,0.68370976018324
0.920287728060618,1.4331817624214453,1.0759213117128708,0.68370976018324
0.920287728060618,1.4331817624214453,0.952061640097001,0.68370976018324
0.920287728060618,1.4331817624214453,1.039210563456895,0.68370976018324
0.920287728060618,1.4331817624214453,1.0794757380753812,0.68370976018324
0.920287728060618,1.4331817624214453,1.0237729389714718,0.68370976018324
0.920287728060618,1.4331817624214453,1.1257995781062393,0.68370976018324
0.920287728060618,1.4331817624214453,1.0241524555112955,0.68370976018324
0.920287728060618,1.4058080449447645,1.1612967510036418,0.68370976018324
0.920287728060618,1.4058080449447645,0.9949052687934063,0.68370976018324
0.8923968658691916,1.4058080449447645,1.1906852171684603,0.68370976018324
0.8923968658691916,1.4058080449447645,1.200742573095061,0.68370976018324
0.8923968658691916,1.4058080449447645,1.1228899650246802,0.68370976018324
0.8923968658691916,1.4058080449447645,1.1735011444770065,0.68370976018324
0.8923968658691916,1.4058080449447645,1.0470842138857102,0.68370976018324
0.8923968658691916,1.4058080449447645,1.2332782817651289,0.7020914249420351
0.8923968658691916,1.4058080449447645,1.1719685681628147,0.7020914249420351
0.8923968658691916,1.4058080449447645,1.1108354627933072,0.7020914249420351
0.8923968658691916,1.4058080449447645,1.2167135866071452,0.7020914249420351
0.8923968658691916,1.4058080449447645,1.157598119429512,0.7020914249420351
0.8923968658691916,1.4058080449447645,1.1833441640062567,0.7020914249420351
0.8923968658691916,1.4058080449447645,1.2075475499366455,0.7020914249420351
0.8923968658691916,1.4058080449447645,1.181610914629137,0.7020914249420351
0.8923968658691916,1.4058080449447645,1.1825640791625347,0.6703806557313924
0.8923968658691916,1.4058080449447645,1.093180401102428,0.6703806557313924
0.8923968658691916,1.4058080449447645,1.1390459186459152,0.6703806557313924
0.8923968658691916,1.4058080449447645,1.025743868220734,0.6703806557313924
0.8923968658691916,1.4058080449447645,1.1562940104518107,0.6703806557313924
0.8923968658691916,1.4058080449447645,1.0991594622074834,0.6703806557313924
0.8923968658691916,1.4058080449447645,1.0538997434642903,0.6703806557313924
0.8923968658691916,1.4058080449447645,1.1852038798264641,0.7407284826738696
0.8923968658691916,1.4058080449447645,1.158111273832785,0.6618413164888456
0.8923968658691916,1.4058080449447645,1.141551361039742,0.6618413164888456
0.8923968658691916,1.4058080449447645,1.1583157903492722,0.6618413164888456
0.8923968658691916,1.4058080449447645,1.1921923402091932,0.6790190907093554
0.9755377241977583,1.4058080449447645,1.1261141610255123,0.6790190907093554
0.9755377241977583,1.4058080449447645,1.00196872272358,0.6790190907093554
0.9755377241977583,1.4058080449447645,1.2006526008752851,0.6790190907093554
0.9755377241977583,1.4058080449447645,1.1147611348742936,0.6790190907093554
0.9755377241977583,1.4058080449447645,1.0402588345477184,0.6790190907093554
0.9755377241977583,1.4058080449447645,1.0462354357815042,0.6790190907093554
0.9755377241977583,1.4058080449447645,1.0898801744011377,0.6790190907093554
0.9755377241977583,1.4058080449447645,0.9942429671174029,0.6790190907093554
0.9755377241977583,1.4058080449447645,1.0895469663851522,0.6790190907093554
0.9755377241977583,1.4058080449447645,1.1379349552402542,0.6790190907093554
0.9755377241977583,1.4058080449447645,1.0024887611047342,0.6790190907093554
0.9755377241977583,1.4058080449447645,1.1312347919432006,0.6790190907093554
0.9755377241977583,1.4058080449447645,1.057111932422826,0.6790190907093554
0.9755377241977583,1.4058080449447645,1.1325768978692088,0.6790190907093554
0.9755377241977583,1.4058080449447645,1.1194746294835898,0.6790190907093554
0.9755377241977583,1.4058080449447645,1.1503708008145745,0.6790190907093554
1.1143567116455788,1.4058080449447645,0.9934217491155602,0.7196387062181636
1.1143567116455788,1.4058080449447645,0.9872231338237625,0.7196387062181636
1.1143567116455788,1.4058080449447645,0.9189980444174746,0.7196387062181636
1.1143567116455788,1.4058080449447645,0.9962721317663855,0.7196387062181636
1.1143567116455788,1.4058080449447645,0.9685024128866834,0.7196387062181636
1.1143567116455788,1.4058080449447645,0.9788198878278812,0.7196387062181636
1.1143567116455788,1.4058080449447645,1.0166022237534575,0.7196387062181636
1.1143567116455788,1.4058080449447645,0.9959928670227685,0.7196387062181636
1.1143567116455788,1.4058080449447645,0.9564834032922609,0.7196387062181636
1.1143567116455788,1.4058080449447645,0.9907596932309931,0.7196387062181636
1.1143567116455788,1.4058080449447645,0.9866917641752364,0.7196387062181636
1.0483270287494537,1.4058080449447645,0.9682498734212727,0.7196387062181636
1.0483270287494537,1.4058080449447645,0.8893351021069215,0.7196387062181636
1.0483270287494537,1.4058080449447645,1.0794666977003269,0.7196387062181636
1.0483270287494537,1.4058080449447645,1.0935451320036778,0.7196387062181636
1.0483270287494537,1.4058080449447645,1.0099651599159336,0.7196387062181636
1.0483270287494537,1.4058080449447645,0.9302752181564908,0.6975892262738518
1.0483270287494537,1.4058080449447645,0.9819122754040428,0.6975892262738518
1.0483270287494537,1.4058080449447645,1.0372906232661088,0.6975892262738518
1.0807374819819586,1.4058080449447645,1.0889095740036696,0.76546559955739
1.0807374819819586,1.4058080449447645,0.9729272448102515,0.76546559955739
1.0807374819819586,1.4058080449447645,1.1478924072533085,0.76546559955739
1.0807374819819586,1.4058080449447645,1.0713323493458207,0.76546559955739
1.0807374819819586,1.4058080449447645,1.0859619750025264,0.76546559955739
1.0807374819819586,1.4058080449447645,0.9948428026596013,0.76546559955739
1.0807374819819586,1.4058080449447645,0.9869848026228807,0.76546559955739
1.069175997741596,1.4058080449447645,1.1210293446076962,0.7770171907309252
1.069175997741596,1.4058080449447645,1.0266969342319567,0.7770171907309252
1.069175997741596,1.4058080449447645,1.0232175704717266,0.7770171907309252
1.069175997741596,1.4058080449447645,1.0352359537212121,0.7770171907309252
1.069175997741596,1.4058080449447645,1.081754011948076,0.7770171907309252
1.069175997741596,1.4058080449447645,1.1092835837036692,0.7770171907309252
1.069175997741596,1.4058080449447645,1.0365181297589678,0.7770171907309252
1.069175997741596,1.4058080449447645,1.1084458411169325,0.7770171907309252
1.069175997741596,1.4058080449447645,1.1178882656422182,0.7770171907309252
1.069175997741596,1.4058080449447645,1.0253080685768559,0.7770171907309252
1.1863246799202454,1.4058080449447645,0.952562558108951,0.7770171907309252
1.1863246799202454,1.4058080449447645,0.9396576841723555,0.7770171907309252
1.1687360755326515,1.4058080449447645,0.9623895056361774,0.7770171907309252
1.0075651235704328,1.4058080449447645,1.0085438231176063,0.7770171907309252
1.0075651235704328,1.4058080449447645,1.127207320341968,0.7770171907309252
1.0075651235704328,1.4058080449447645,1.1371744238515253,0.7770171907309252
0.8664715749735264,1.4058080449447645,1.2317256592565617,0.7770171907309252
0.8664715749735264,1.4058080449447645,1.2877556203641947,0.7770171907309252
0.8664715749735264,1.4058080449447645,1.3526610568117965,0.7770171907309252
0.8664715749735264,1.4058080449447645,1.362080484334881,0.7770171907309252
0.8664715749735264,1.4058080449447645,1.4155633722818206,0.7770171907309252
0.8664715749735264,1.4058080449447645,1.3385589792834152,0.6612328534416407
0.8664715749735264,1.4058080449447645,1.205649145383059,0.6612328534416407
0.8664715749735264,1.4058080449447645,1.3289307545065863,0.6612328534416407
0.8664715749735264,1.4058080449447645,1.0915370516737388,0.6612328534416407
0.8664715749735264,1.4058080449447645,1.2260057262179893,0.6612328534416407
0.8664715749735264,1.4058080449447645,1.2106138152569255,0.6612328534416407
0.8664715749735264,1.4058080449447645,1.0866609016875752,0.6612328534416407
0.8664715749735264,1.4058080449447645,1.103912305851735,0.6612328534416407
0.8664715749735264,1.4058080449447645,1.213685232197469,0.6612328534416407
0.7501576291508266,1.4058080449447645,1.270901573559267,0.6612328534416407
0.7501576291508266,1.4058080449447645,1.3909486236757647,0.6612328534416407
0.7501576291508266,1.4058080449447645,1.3943534278048788,0.6612328534416407
0.7501576291508266,1.4058080449447645,1.3777434411052034,0.6612328534416407
0.7501576291508266,1.4058080449447645,1.5072847933779043,0.6612328534416407
0.7501576291508266,1.4058080449447645,1.2944284118220997,0.6612328534416407
0.7501576291508266,1.4058080449447645,1.4708805614849048,0.6612328534416407
0.7501576291508266,1.4058080449447645,1.3841692652401967,0.6612328534416407
0.7501576291508266,1.4058080449447645,1.3952127611334686,0.6612328534416407
0.7501576291508266,1.4058080449447645,1.3921047477768695,0.6612328534416407
0.7501576291508266,1.4058080449447645,1.4338545190240155,0.6612328534416407
0.7501576291508266,1.4058080449447645,1.4067520799278008,0.6612328534416407
0.7501576291508266,1.4058080449447645,1.3569617937591658,0.6612328534416407
0.7501576291508266,1.462498181727169,1.2128683244203171,0.6612328534416407
0.7501576291508266,1.462498181727169,1.095216547015076,0.6144405491078014
0.7501576291508266,1.462498181727169,1.213923996188561,0.6144405491078014
0.7501576291508266,1.462498181727169,1.038419394981392,0.6428377780680651
0.7501576291508266,1.462498181727169,1.2327349703242447,0.6428377780680651
0.7501576291508266,1.462498181727169,1.1700186066301357,0.6428377780680651
0.7501576291508266,1.462498181727169,1.3252690233278719,0.6624975436361671
0.7501576291508266,1.462498181727169,1.093883821973244,0.6624975436361671
0.7501576291508266,1.462498181727169,1.0967280758198734,0.6624975436361671
0.7501576291508266,1.462498181727169,1.086655090277204,0.6624975436361671
0.7501576291508266,1.462498181727169,1.2211449699343504,0.6624975436361671
0.7501576291508266,1.47159844656387,1.1576473698633416,0.6624975436361671
0.7501576291508266,1.47159844656387,1.1028198901038426,0.6624975436361671
0.7501576291508266,1.47159844656387,1.086985916484434,0.6624975436361671
0.7543559223812374,1.47159844656387,1.1951586821855522,0.6624975436361671
0.7543559223812374,1.47159844656387,1.1049204892710855,0.6624975436361671
0.7543559223812374,1.47159844656387,1.0681576487989004,0.6624975436361671
0.7543559223812374,1.47159844656387,1.2469281416458236,0.6624975436361671
0.7543559223812374,1.47159844656387,1.231496333781348,0.6624975436361671
0.7543559223812374,1.47159844656387,1.236055299106425,0.711732241985731
0.7543559223812374,1.47159844656387,1.3231773311409376,0.711732241985731
0.7543559223812374,1.47159844656387,1.2824084701613059,0.711732241985731
0.7543559223812374,1.47159844656387,1.229351685022646,0.711732241985731
0.7543559223812374,1.47159844656387,1.3473488262843707,0.711732241985731
0.7543559223812374,1.47159844656387,1.1935185774853894,0.711732241985731
0.7543559223812374,1.47159844656387,1.2432796435588207,0.6216258269235567
0.7543559223812374,1.47159844656387,1.1622948685692858,0.6216258269235567
0.7543559223812374,1.47159844656387,1.2156575200427584,0.6216258269235567
0.7543559223812374,1.420109705693057,1.1643294282548293,0.6216258269235567
0.7543559223812374,1.420109705693057,1.2064053130427732,0.6216258269235567
0.7543559223812374,1.420109705693057,1.2596952787225717,0.6216258269235567
0.7543559223812374,1.420109705693057,1.1681370022672533,0.6216258269235567
0.7543559223812374,1.420109705693057,1.289935671336352,0.6216258269235567
0.7543559223812374,1.420109705693057,1.225989643348045,0.6216258269235567
0.7543559223812374,1.420109705693057,1.216149250874125,0.6216258269235567
0.7202240077656069,1.420109705693057,1.369607055444144,0.6216258269235567
0.7202240077656069,1.420109705693057,1.1978406908866828,0.6216258269235567
0.7202240077656069,1.420109705693057,1.2682743542251453,0.6352221646253479
0.7202240077656069,1.4314218224239301,1.3047220685785708,0.6352221646253479
0.7202240077656069,1.4314218224239301,1.3164582407303018,0.6352221646253479
0.7202240077656069,1.4314218224239301,1.2699485196587523,0.6352221646253479
0.7202240077656069,1.4314218224239301,1.3139426162629386,0.6352221646253479
0.7202240077656069,1.4314218224239301,1.3022720905343115,0.6352221646253479
0.7202240077656069,1.4314218224239301,1.357209185040306,0.6352221646253479
0.7202240077656069,1.4314218224239301,1.31594717252967,0.6352221646253479
0.7202240077656069,1.4314218224239301,1.3288941264574357,0.6352221646253479
0.7202240077656069,1.4314218224239301,1.1762837918033402,0.6352221646253479
0.7202240077656069,1.4314218224239301,1.387169279633001,0.6352221646253479
0.7202240077656069,1.4314218224239301,1.2662649315210184,0.6352221646253479
0.7202240077656069,1.4314218224239301,1.213237934747803,0.6352221646253479
0.7202240077656069,1.4314218224239301,1.2294327037301944,0.6352221646253479
0.7202240077656069,1.4314218224239301,1.3583288937801183,0.6352221646253479
0.7202240077656069,1.4314218224239301,1.359203355475714,0.6352221646253479
0.7202240077656069,1.4364766121502712,1.2981902095737914,0.6352221646253479
0.7202240077656069,1.4364766121502712,1.2260797173223523,0.6352221646253479
0.7202240077656069,1.4364766121502712,1.1880462836382761,0.6352221646253479
0.7202240077656069,1.4364766121502712,1.3555813941411714,0.6352221646253479
0.7202240077656069,1.4364766121502712,1.3518218165113611,0.6352221646253479
0.7202240077656069,1.4364766121502712,1.2593869497477268,0.6352221646253479
0.7202240077656069,1.4364766121502712,1.291430147152631,0.6352221646253479
0.7202240077656069,1.4364766121502712,1.3285477417065965,0.6352221646253479
0.7202240077656069,1.4149199321337487,1.3181114232183726,0.6352221646253479
0.7202240077656069,1.4149199321337487,1.42294355106393,0.6352221646253479
0.7202240077656069,1.4149199321337487,1.460592160598228,0.6352221646253479
0.7305583479019645,1.4149199321337487,1.353992433803903,0.6352221646253479
0.7305583479019645,1.4149199321337487,1.4296614159387238,0.6352221646253479
0.7305583479019645,1.4149199321337487,1.4006162843414887,0.6329180629163018
0.7305583479019645,1.4149199321337487,1.0906552334053274,0.6329180629163018
0.7305583479019645,1.4149199321337487,1.447198011645121,0.6329180629163018
0.7305583479019645,1.4149199321337487,1.3196698725780025,0.6329180629163018
0.7305583479019645,1.4149199321337487,1.4354639816036503,0.6329180629163018
0.7305583479019645,1.4149199321337487,1.3578035124643557,0.6329180629163018
0.7305583479019645,1.4149199321337487,1.2873772291038887,0.6329180629163018
0.7305583479019645,1.4149199321337487,1.3514120015479134,0.6329180629163018
0.7305583479019645,1.4149199321337487,1.3373647777672022,0.6329180629163018
0.7305583479019645,1.4149199321337487,1.414796751047247,0.6329180629163018
0.7305583479019645,1.4149199321337487,1.2581960512147043,0.6329180629163018
0.7305583479019645,1.4149199321337487,1.2704705994076042,0.6329180629163018
0.7305583479019645,1.4149199321337487,1.3822406859629894,0.6329180629163018
0.7305583479019645,1.4149199321337487,1.3669710387506278,0.6329180629163018
0.7305583479019645,1.4149199321337487,1.4023197831344472,0.6329180629163018
0.7305583479019645,1.4149199321337487,1.3156164987265062,0.6329180629163018
0.7046792967524756,1.4149199321337487,1.3202060567877727,0.6329180629163018
0.7046792967524756,1.4149199321337487,1.4694972591457451,0.6329180629163018
0.7046792967524756,1.4149199321337487,1.4499386157085263,0.6329180629163018
0.7046792967524756,1.4149199321337487,1.4191093420211054,0.6329180629163018
0.7046792967524756,1.4149199321337487,1.4241304127467718,0.6329180629163018
0.7046792967524756,1.4149199321337487,1.3784193199181285,0.6329180629163018
0.7046792967524756,1.4149199321337487,1.362702570845552,0.6329180629163018
0.7046792967524756,1.4149199321337487,1.246916220855286,0.6329180629163018
0.7046792967524756,1.4149199321337487,1.4529253328034675,0.6329180629163018
0.7972416177988189,1.4289483844098199,1.1962066540988336,0.6329180629163018
0.7972416177988189,1.4289483844098199,1.1690481992660673,0.6329180629163018
0.7972416177988189,1.4289483844098199,1.189253711401039,0.6329180629163018
0.7972416177988189,1.4289483844098199,1.2490609132488124,0.6329180629163018
0.7972416177988189,1.4289483844098199,1.181163833772518,0.6329180629163018
0.7972416177988189,1.4289483844098199,1.0768908898314402,0.6329180629163018
0.797720246550576,1.4289483844098199,1.1044950654063417,0.6329180629163018
0.797720246550576,1.4289483844098199,1.1696965142540423,0.6329180629163018
0.797720246550576,1.4289483844098199,1.12195607731827,0.6329180629163018
0.797720246550576,1.4289483844098199,1.2348400067514558,0.6329180629163018
0.797720246550576,1.4289483844098199,1.2090855392165396,0.6329180629163018
0.797720246550576,1.4289483844098199,1.2608247179500625,0.6329180629163018
0.797720246550576,1.4289483844098199,1.2861721831883501,0.6329180629163018
0.797720246550576,1.4289483844098199,1.0444420580815676,0.6329180629163018
0.797720246550576,1.4289483844098199,1.1347249964366701,0.6329180629163018
0.797720246550576,1.4289483844098199,1.0755407901703709,0.6329180629163018
0.797720246550576,1.4289483844098199,1.1892921515002763,0.6329180629163018
0.797720246550576,1.4289483844098199,1.1413091298090465,0.6329180629163018
0.797720246550576,1.4289483844098199,1.090800146942848,0.6329180629163018
0.797720246550576,1.4289483844098199,1.231841647823231,0.6329180629163018
0.797720246550576,1.4289483844098199,1.0897479268502992,0.6329180629163018
0.7802606427353228,1.4289483844098199,1.2498094700180697,0.6329180629163018
0.7802606427353228,1.4289483844098199,1.2639064111096423,0.6329180629163018
0.7802606427353228,1.4289483844098199,1.228948826986528,0.6329180629163018
0.7802606427353228,1.4289483844098199,1.173703546654658,0.6329180629163018
0.7802606427353228,1.4289483844098199,1.1738645309670344,0.6329180629163018
0.7802606427353228,1.4289483844098199,1.3148248184837923,0.6329180629163018
0.7802606427353228,1.4289483844098199,1.1396394666118232,0.6329180629163018
0.7802606427353228,1.4289483844098199,1.3118296635062645,0.6329180629163018
0.7802606427353228,1.4289483844098199,1.1757565081908103,0.6207996995949612
0.7802606427353228,1.4289483844098199,1.1548564355143678,0.6207996995949612
0.7908393680193644,1.4289483844098199,1.1961547285013132,0.6207996995949612
0.7908393680193644,1.4289483844098199,1.1436746997563403,0.6207996995949612
0.7908393680193644,1.4289483844098199,1.1969795348153625,0.6207996995949612
0.7908393680193644,1.4289483844098199,1.1172117660420848,0.6207996995949612
0.7908393680193644,1.4289483844098199,1.2848936351122178,0.6207996995949612
0.7908393680193644,1.4289483844098199,1.2995591955873027,0.6207996995949612
0.7036988763171929,1.4289483844098199,1.2707741799564485,0.6207996995949612
0.7036988763171929,1.4289483844098199,1.2729249057485454,0.6207996995949612
0.7036988763171929,1.4289483844098199,1.1538928364883578,0.6207996995949612
0.7036988763171929,1.4289483844098199,1.234350489291999,0.6207996995949612
0.7036988763171929,1.4289483844098199,1.354456112441597,0.6207996995949612
0.7036988763171929,1.4289483844098199,1.4547977271445725,0.6207996995949612
0.7036988763171929,1.4289483844098199,1.3970855635173345,0.6207996995949612
0.7036988763171929,1.4289483844098199,1.3030619492718944,0.6207996995949612
0.7036988763171929,1.4289483844098199,1.2789399931441083,0.6207996995949612
0.7036988763171929,1.4289483844098199,1.3686658008664407,0.6207996995949612
0.7036988763171929,1.4289483844098199,1.255488467485264,0.6207996995949612
0.7036988763171929,1.4289483844098199,1.4065665877618931,0.6207996995949612
0.7036988763171929,1.4289483844098199,1.228517852217223,0.6207996995949612
0.7036988763171929,1.4289483844098199,1.4369297180233642,0.6207996995949612
0.7036988763171929,1.4289483844098199,1.427484737992556,0.6207996995949612
0.7036988763171929,1.4289483844098199,1.2564863275374902,0.6207996995949612
0.7036988763171929,1.4289483844098199,1.410840795688256,0.6207996995949612
0.7036988763171929,1.4289483844098199,1.1966702525136585,0.6207996995949612
0.7036988763171929,1.4289483844098199,1.494975294697728,0.7053301958959741
0.7036988763171929,1.4289483844098199,1.5049668606637576,0.7053301958959741
0.7036988763171929,1.4289483844098199,1.3719681446611953,0.7053301958959741
0.7036988763171929,1.4319111481722757,1.372923641009163,0.7053301958959741
0.7036988763171929,1.4319111481722757,1.4072025571130458,0.7169972797420096
0.7036988763171929,1.4319111481722757,1.4113127023971654,0.7169972797420096
0.7036988763171929,1.4319111481722757,1.4670478081814289,0.7169972797420096
0.7343167309771523,1.4319111481722757,1.4980478540384656,0.7169972797420096
0.7343167309771523,1.4319111481722757,1.4351840229566541,0.7169972797420096
0.7343167309771523,1.4319111481722757,1.4952907063861636,0.7169972797420096
0.7343167309771523,1.4319111481722757,1.4434888422823482,0.7169972797420096
0.7343167309771523,1.4319111481722757,1.265709575295504,0.7169972797420096
0.7343167309771523,1.4319111481722757,1.2358587550259252,0.7169972797420096
0.7343167309771523,1.4319111481722757,1.4135476588809257,0.7169972797420096
0.7343167309771523,1.4319111481722757,1.3890124003374202,0.7169972797420096
0.7343167309771523,1.4319111481722757,1.3905155471595945,0.7169972797420096
0.7343167309771523,1.4319111481722757,1.3107098831449682,0.7169972797420096
0.7429585612964672,1.4319111481722757,1.4245418851879743,0.6656500528801372
0.7429585612964672,1.4319111481722757,1.40014945746935,0.6656500528801372
0.7429585612964672,1.4319111481722757,1.3320308091269581,0.6656500528801372
0.7429585612964672,1.4319111481722757,1.2592259080669883,0.6656500528801372
0.7429585612964672,1.4319111481722757,1.3102488723593717,0.6656500528801372
0.7429585612964672,1.4319111481722757,1.3676141677279672,0.6656500528801372
0.7429585612964672,1.4319111481722757,1.3058725906271171,0.6656500528801372
0.7429585612964672,1.4319111481722757,1.3397380636970049,0.6656500528801372
0.7429585612964672,1.4319111481722757,1.3097446621584539,0.6656500528801372
0.7429585612964672,1.4319111481722757,1.3834576925572415,0.6656500528801372
0.7429585612964672,1.4319111481722757,1.3094984584927232,0.6656500528801372
0.7429585612964672,1.4319111481722757,1.3578238425429823,0.7316634572161027
0.7429585612964672,1.4319111481722757,1.4340075588333367,0.7316634572161027
0.7429585612964672,1.4319111481722757,1.4107605777092977,0.7316634572161027
0.7429585612964672,1.4319111481722757,1.4598449290221205,0.7316634572161027
0.7429585612964672,1.4319111481722757,1.4007164307525861,0.7316634572161027
0.7429585612964672,1.4319111481722757,1.3392981012903404,0.7316634572161027
0.7429585612964672,1.4319111481722757,1.4422069064723837,0.7316634572161027
0.7429585612964672,1.4319111481722757,1.4385269365776419,0.7316634572161027
0.7429585612964672,1.4319111481722757,1.45325329941236,0.7316634572161027
0.7429585612964672,1.4319111481722757,1.3304622859355206,0.7316634572161027
0.7429585612964672,1.4032059535613,1.3785158119072456,0.6341750310035328
0.7429585612964672,1.4032059535613,1.264776719900661,0.6341750310035328
0.7429585612964672,1.4032059535613,1.2837924402654854,0.6341750310035328
0.7429585612964672,1.4041556734497591,1.3822723698244361,0.6341750310035328
0.7429585612964672,1.420565190035846,1.3187246910587038,0.6341750310035328
0.7429585612964672,1.420565190035846,1.4308230638917376,0.6341750310035328
0.7429585612964672,1.420565190035846,1.426974071504582,0.6341750310035328
0.7429585612964672,1.420565190035846,1.442291559908376,0.6341750310035328
0.7429585612964672,1.420565190035846,1.253111664880599,0.6341750310035328
0.7429585612964672,1.420565190035846,1.2949818861416094,0.6209485575584763
0.7608101554635546,1.420565190035846,1.300978072893172,0.6209485575584763
0.8264324886911096,1.420565190035846,1.1054284143172315,0.6808760103951699
0.8264324886911096,1.420565190035846,1.1395991952968945,0.6808760103951699
0.8264324886911096,1.420565190035846,1.236462597732299,0.6808760103951699
0.8264324886911096,1.420565190035846,1.2386639973001599,0.6808760103951699
0.8264324886911096,1.420565190035846,1.3230022353935573,0.6687294498212103
0.8264324886911096,1.420565190035846,1.2827529208768271,0.6687294498212103
0.8264324886911096,1.420565190035846,1.1168705871238482,0.6687294498212103
0.8264324886911096,1.4425405292447915,1.2361203017868572,0.6687294498212103
0.8264324886911096,1.4425405292447915,1.366045988610633,0.6687294498212103
0.8264324886911096,1.4425405292447915,1.0849616319004272,0.6687294498212103
0.8264324886911096,1.4425405292447915,1.167854154779391,0.6687294498212103
0.8264324886911096,1.4425405292447915,1.111284925353584,0.6687294498212103
0.8264324886911096,1.4425405292447915,1.0160185929126635,0.6687294498212103
0.8264324886911096,1.4425405292447915,1.0496011915800831,0.6687294498212103
0.8264324886911096,1.4425405292447915,1.1667203926933785,0.6687294498212103
0.8264324886911096,1.4425405292447915,1.1385825213563074,0.6687294498212103
0.8264324886911096,1.4425405292447915,1.0313744499607402,0.6687294498212103
0.8264324886911096,1.4425405292447915,1.2346659922446872,0.6687294498212103
0.8264324886911096,1.4425405292447915,1.1542881707814585,0.6687294498212103
0.8264324886911096,1.4425405292447915,1.0800019223472983,0.6687294498212103
0.8264324886911096,1.4425405292447915,1.297552616887176,0.6687294498212103
0.8264324886911096,1.4425405292447915,1.1893965792264136,0.6687294498212103
0.8264324886911096,1.4425405292447915,1.1214903287416544,0.6687294498212103
0.8264324886911096,1.4425405292447915,1.165403938436007,0.6687294498212103
0.8264324886911096,1.4425405292447915,1.2254826121670803,0.6687294498212103
0.8264324886911096,1.4425405292447915,1.1758652042963413,0.6687294498212103
0.8264324886911096,1.4425405292447915,1.1396367556192155,0.6687294498212103
0.8264324886911096,1.4425405292447915,1.21152451368413,0.6687294498212103
0.8264324886911096,1.4425405292447915,1.1858978240532778,0.6687294498212103
0.9702899002087542,1.4425405292447915,1.0830658914398563,0.6687294498212103
1.0103284135686965,1.4425405292447915,0.9537355775141888,0.6687294498212103
1.0103284135686965,1.4425405292447915,0.9363827163777962,0.6687294498212103
1.0103284135686965,1.4425405292447915,0.903507138085486,0.6687294498212103
1.0103284135686965,1.4425405292447915,0.9635094665589073,0.6687294498212103
1.0103284135686965,1.4425405292447915,0.925550085536017,0.6687294498212103
1.0103284135686965,1.4425405292447915,0.932876636331718,0.6687294498212103
1.0103284135686965,1.4425405292447915,0.8813580993201039,0.6687294498212103
1.0103284135686965,1.4425405292447915,0.973543077626448,0.6687294498212103
1.0103284135686965,1.3884411268544603,0.9960336835455007,0.6687294498212103
1.0103284135686965,1.3884411268544603,1.164874252085942,0.6687294498212103
1.0103284135686965,1.3884411268544603,1.2254376230027655,0.6687294498212103
1.0103284135686965,1.3884411268544603,1.0903687924512,0.6687294498212103
1.0103284135686965,1.3884411268544603,1.110566676707154,0.6687294498212103
1.0103284135686965,1.3884411268544603,1.0347031663850597,0.6687294498212103
1.0103284135686965,1.3884411268544603,1.0177142247878126,0.6687294498212103
1.0103284135686965,1.3884411268544603,1.0389039014494632,0.6687294498212103
1.0103284135686965,1.3884411268544603,1.0116358347515222,0.6687294498212103
1.0103284135686965,1.3884411268544603,1.0847012421850823,0.6687294498212103
1.0103284135686965,1.3884411268544603,1.0586015885827214,0.6687294498212103
1.0103284135686965,1.3884411268544603,1.0336416489367375,0.6687294498212103
1.0103284135686965,1.3884411268544603,1.047919433110455,0.6687294498212103
1.0103284135686965,1.3884411268544603,1.0688089840524575,0.6687294498212103
1.0103284135686965,1.3884411268544603,1.0825738497304669,0.6687294498212103
1.0103284135686965,1.3884411268544603,1.1247708398366054,0.6926287385184531
1.0103284135686965,1.3884411268544603,1.1272404062859933,0.6926287385184531
1.0103284135686965,1.3884411268544603,1.125512213050765,0.6926287385184531
1.0103284135686965,1.3884411268544603,1.068756461172658,0.6926287385184531
1.0103284135686965,1.3884411268544603,1.1048481913111874,0.6926287385184531
1.0103284135686965,1.3884411268544603,1.146333377535266,0.6899224702342797
1.0103284135686965,1.3884411268544603,1.1331192295314958,0.6899224702342797
1.0103284135686965,1.3884411268544603,1.0837330091954953,0.6899224702342797
1.0103284135686965,1.3884411268544603,1.0817000057432513,0.6614300583573658
1.0103284135686965,1.3884411268544603,1.0148767460520907,0.6614300583573658
1.0103284135686965,1.3884411268544603,1.0714330497700926,0.6614300583573658
0.990293405588318,1.3884411268544603,0.9897669116979106,0.6614300583573658
0.990293405588318,1.3884411268544603,1.2123374858191127,0.6614300583573658
0.990293405588318,1.3884411268544603,1.1168988109691251,0.6389287175053102
0.990293405588318,1.3884411268544603,1.010081305241641,0.6389287175053102
0.990293405588318,1.3884411268544603,1.0565427719896985,0.6389287175053102
0.990293405588318,1.3884411268544603,1.0950164048004838,0.6389287175053102
0.990293405588318,1.3884411268544603,0.9922150646474988,0.6389287175053102
0.990293405588318,1.3884411268544603,1.0477997599901467,0.6389287175053102
0.990293405588318,1.3884411268544603,1.079590335276419,0.6389287175053102
0.990293405588318,1.3884411268544603,1.0447390400474887,0.6389287175053102
0.990293405588318,1.3884411268544603,1.1368007651271237,0.6367379352541087
0.990293405588318,1.3884411268544603,1.0360290363593472,0.6367379352541087
0.990293405588318,1.3884411268544603,0.9348850530383447,0.6367379352541087
0.990293405588318,1.3884411268544603,1.0189036703879462,0.6367379352541087
0.990293405588318,1.3884411268544603,1.0164455361777065,0.6367379352541087
0.990293405588318,1.3884411268544603,1.079843795958687,0.6367379352541087
0.990293405588318,1.3884411268544603,0.9826762155717174,0.6367379352541087
0.990293405588318,1.3884411268544603,1.0926662265965128,0.6367379352541087
0.990293405588318,1.3884411268544603,0.97774926998305,0.6367379352541087
0.990293405588318,1.3884411268544603,1.0642207945908682,0.6367379352541087
0.990293405588318,1.3884411268544603,1.0698813471242514,0.6367379352541087
0.990293405588318,1.3884411268544603,1.0101134172485677,0.6367379352541087
0.9821225739075469,1.3884411268544603,1.0520316077941956,0.6367379352541087
0.9821225739075469,1.3625649214383255,1.0263494574118854,0.6367379352541087
0.9821225739075469,1.3625649214383255,1.1601884366140536,0.6367379352541087
1.0541856407025105,1.3625649214383255,1.0089357188333836,0.6367379352541087
1.0541856407025105,1.3625649214383255,1.108799289722946,0.6367379352541087
1.0541856407025105,1.3625649214383255,0.9794870940650023,0.6367379352541087
1.0541856407025105,1.3625649214383255,0.9760011099520982,0.6367379352541087
1.0541856407025105,1.3625649214383255,1.1584949436542302,0.6367379352541087
1.0541856407025105,1.3625649214383255,1.0302768376109275,0.6367379352541087
1.0541856407025105,1.3625649214383255,1.076537265540901,0.6367379352541087
1.0541856407025105,1.3830930597684161,0.8874171243454803,0.6367379352541087
1.0541856407025105,1.3830930597684161,1.0370718677599602,0.6367379352541087
1.0541856407025105,1.3830930597684161,1.0470914445192834,0.6367379352541087
1.0541856407025105,1.3830930597684161,1.0460738883845893,0.6367379352541087
1.0541856407025105,1.3830930597684161,0.9786702626564782,0.6367379352541087
1.0541856407025105,1.3830930597684161,1.0002427413303325,0.6367379352541087
1.0541856407025105,1.3830930597684161,0.9912081390449596,0.6367379352541087
1.0541856407025105,1.3830930597684161,1.0118794153442676,0.6367379352541087
1.009369272398242,1.3830930597684161,0.975982794018946,0.6367379352541087
1.009369272398242,1.3830930597684161,1.1555646520876364,0.6367379352541087
1.009369272398242,1.3830930597684161,0.9937018573063251,0.6367379352541087
1.009369272398242,1.3830930597684161,1.0278021639006805,0.6367379352541087
1.009369272398242,1.3830930597684161,1.124037221310584,0.6367379352541087
1.009369272398242,1.3830930597684161,1.0181038013862556,0.6367379352541087
1.009369272398242,1.3830930597684161,0.965097878923672,0.6367379352541087
1.009369272398242,1.3830930597684161,1.013466022544733,0.6367379352541087
1.009369272398242,1.3830930597684161,1.0118615918300662,0.6367379352541087
1.0438224917376857,1.3830930597684161,0.9787468002540296,0.6367379352541087
1.0438224917376857,1.3830930597684161,0.9863403885616869,0.6429036960774042
1.0438224917376857,1.3830930597684161,1.019922536619365,0.6429036960774042
1.0438224917376857,1.3830930597684161,1.038268937042719,0.6429036960774042
1.0438224917376857,1.3830930597684161,1.0186112495315278,0.6429036960774042
1.0438224917376857,1.3830930597684161,0.9609086190972584,0.6429036960774042
1.0438224917376857,1.3830930597684161,0.9969545337888224,0.6429036960774042
1.0438224917376857,1.3830930597684161,1.0195588350663576,0.6429036960774042
1.0438224917376857,1.3830930597684161,0.9753771636616999,0.6429036960774042
1.0438224917376857,1.3830930597684161,1.024482553500678,0.6343225031062777
1.0438224917376857,1.3830930597684161,0.9901131580149138,0.6343225031062777
1.0438224917376857,1.3830930597684161,1.0045880765203046,0.6343225031062777
1.0438224917376857,1.3830930597684161,0.9899101457241944,0.6736847621019175
1.0438224917376857,1.3830930597684161,1.029189329255284,0.6736847621019175
1.0438224917376857,1.3830930597684161,1.1689913905540321,0.6736847621019175
1.0438224917376857,1.3830930597684161,1.0008814064773939,0.6736847621019175
1.0438224917376857,1.3830930597684161,1.0561962801493938,0.6736847621019175
1.0438224917376857,1.3830930597684161,1.069246904454471,0.6736847621019175
1.0438224917376857,1.3830930597684161,0.9824833717771683,0.6736847621019175
1.0438224917376857,1.3830930597684161,1.1163489017854629,0.6736847621019175
1.0438224917376857,1.3830930597684161,1.040494278084279,0.6736847621019175
1.0438224917376857,1.3830930597684161,0.9606327667042006,0.6736847621019175
1.0438224917376857,1.3830930597684161,0.9891063549825747,0.6736847621019175
1.0438224917376857,1.3830930597684161,0.9752724137212992,0.6736847621019175
1.0438224917376857,1.3830930597684161,1.0341395793889603,0.6736847621019175
1.0438224917376857,1.3830930597684161,1.1185380575025596,0.6736847621019175
1.0438224917376857,1.3830930597684161,0.9956719531672115,0.6736847621019175
1.0438224917376857,1.3830930597684161,1.1259609795752399,0.7039830723268429
1.0438224917376857,1.3830930597684161,1.0711635204835115,0.7039830723268429
1.0438224917376857,1.3830930597684161,1.1191216662061985,0.7039830723268429
1.0438224917376857,1.3830930597684161,1.0620377316178682,0.7039830723268429
1.0438224917376857,1.3830930597684161,1.0804914708356679,0.7039830723268429
1.0438224917376857,1.3730845148860544,1.0128372739570637,0.7039830723268429
1.0438224917376857,1.3730845148860544,1.106197343476125,0.7039830723268429
1.0438224917376857,1.3730845148860544,1.1311710104016997,0.7039830723268429
1.0438224917376857,1.3730845148860544,1.045462926183959,0.7039830723268429
1.0438224917376857,1.3730845148860544,1.1681667552212145,0.7039830723268429
1.0438224917376857,1.3730845148860544,1.1540491366229488,0.7039830723268429
1.0438224917376857,1.3730845148860544,0.9954536949998922,0.7039830723268429
0.916413344791089,1.3711954615441677,1.1822356887236993,0.7039830723268429
0.916413344791089,1.3711954615441677,1.1593117278139955,0.7039830723268429
0.916413344791089,1.3711954615441677,1.2993618075933293,0.7039830723268429
0.916413344791089,1.3711954615441677,1.334935604034881,0.7039830723268429
0.916413344791089,1.3711954615441677,1.294314129338734,0.7039830723268429
0.916413344791089,1.3711954615441677,1.232271693808235,0.7039830723268429
0.916413344791089,1.3711954615441677,1.308141985881601,0.7039830723268429
0.916413344791089,1.3711954615441677,1.2090270028889503,0.7039830723268429
0.916413344791089,1.3711954615441677,1.3514585050520393,0.7039830723268429
0.916413344791089,1.3711954615441677,1.164469668566315,0.7039830723268429
0.916413344791089,1.3711954615441677,1.2545426120752925,0.7039830723268429
0.916413344791089,1.3711954615441677,1.1893259010137676,0.7103681752657081
0.916413344791089,1.3711954615441677,1.2264008526360666,0.7103681752657081
0.916413344791089,1.3711954615441677,1.3652895221965433,0.7103681752657081
0.916413344791089,1.3711954615441677,1.3198180615898492,0.7103681752657081
0.916413344791089,1.3711954615441677,1.3115814916928614,0.7103681752657081
0.916413344791089,1.3711954615441677,1.2528278508444217,0.7103681752657081
0.916413344791089,1.3711954615441677,1.3078447703798561,0.7103681752657081
0.916413344791089,1.3711954615441677,1.1831461742218587,0.7103681752657081
0.916413344791089,1.3711954615441677,1.2650406667017664,0.7103681752657081
0.916413344791089,1.3711954615441677,1.2366250527024867,0.7103681752657081
0.916413344791089,1.3711954615441677,1.2606225188437614,0.7103681752657081
0.916413344791089,1.3711954615441677,1.4520734265779442,0.7103681752657081
0.916413344791089,1.3711954615441677,1.3972014194263194,0.7103681752657081
0.916413344791089,1.3711954615441677,1.2895685777993144,0.7103681752657081
0.916413344791089,1.3711954615441677,1.225145571282022,0.7103681752657081
0.916413344791089,1.3711954615441677,1.225948248718587,0.7103681752657081
0.916413344791089,1.3711954615441677,1.2721483253926784,0.7103681752657081
0.916413344791089,1.3711954615441677,1.3049580994817884,0.6915426575769871
0.916413344791089,1.3550793952140876,1.2677320191610435,0.6915426575769871
0.916413344791089,1.3550793952140876,1.2372031963386017,0.6915426575769871
0.916413344791089,1.3550793952140876,1.3425734899934336,0.6915426575769871
0.916413344791089,1.3550793952140876,1.278417161207964,0.6390182678456239
0.916413344791089,1.3550793952140876,1.3030559153692722,0.6390182678456239
0.916413344791089,1.3550793952140876,1.2977504893115315,0.6390182678456239
0.916413344791089,1.3550793952140876,1.1768336925114231,0.6390182678456239
0.879072301236048,1.3550793952140876,1.2174351606477278,0.6390182678456239
0.879072301236048,1.3550793952140876,1.3911108063308804,0.6390182678456239
0.879072301236048,1.3550793952140876,1.3215974400673693,0.6390182678456239
0.879072301236048,1.3550793952140876,1.3822994896480079,0.6390182678456239
0.879072301236048,1.3550793952140876,1.3037315611831666,0.6390182678456239
0.879072301236048,1.3550793952140876,1.2215409082218875,0.6531797683921531
0.879072301236048,1.3550793952140876,1.1989955581009581,0.6552075539371077
0.879072301236048,1.3550793952140876,1.3295855824655802,0.6552075539371077
0.879072301236048,1.3550793952140876,1.223403357345534,0.6552075539371077
0.879072301236048,1.3550793952140876,1.2236040156701935,0.6552075539371077
0.879072301236048,1.3550793952140876,1.228222768095879,0.6552075539371077
0.879072301236048,1.3550793952140876,1.296491662181965,0.6552075539371077
0.879072301236048,1.3550793952140876,1.214084830098487,0.6552075539371077
0.879072301236048,1.3550793952140876,1.1783354737750036,0.6552075539371077
0.879072301236048,1.3550793952140876,1.2141940867704992,0.6552075539371077
0.879072301236048,1.3550793952140876,1.3496558459282435,0.6552075539371077
0.879072301236048,1.3894019850278607,1.2651476703666034,0.6552075539371077
0.879072301236048,1.3894019850278607,1.0892177216299066,0.6552075539371077
0.879072301236048,1.3894019850278607,1.1748538617091449,0.6552075539371077
0.879072301236048,1.3894019850278607,1.1769336637197787,0.6552075539371077
0.879072301236048,1.3894019850278607,1.1592976827021402,0.6552075539371077
0.879072301236048,1.3894019850278607,1.1808726466456827,0.6552075539371077
0.879072301236048,1.3894019850278607,1.2085466547917387,0.6552075539371077
0.879072301236048,1.3894019850278607,1.2554506513566897,0.6552075539371077
0.879072301236048,1.3894019850278607,1.087410115326773,0.6552075539371077
0.879072301236048,1.3894019850278607,1.1413247212634148,0.6552075539371077
0.879072301236048,1.3894019850278607,1.2499969236137054,0.6552075539371077
0.879072301236048,1.3894019850278607,1.1875943435957754,0.6552075539371077
0.879072301236048,1.3894019850278607,1.20768236103396,0.6552075539371077
0.879072301236048,1.3894019850278607,1.1883724380542475,0.6552075539371077
0.879072301236048,1.3894019850278607,1.2050821164197278,0.6552075539371077
0.879072301236048,1.3894019850278607,1.2316077681104813,0.6552075539371077
0.879072301236048,1.3894019850278607,1.2259195369314382,0.6552075539371077
0.879072301236048,1.3894019850278607,1.2387871550932807,0.637063573591211
0.879072301236048,1.3894019850278607,1.1083911392348504,0.637063573591211
0.879072301236048,1.3894019850278607,1.1989344846457328,0.637063573591211
0.879072301236048,1.3894019850278607,1.146654752734988,0.637063573591211
0.879072301236048,1.3894019850278607,1.077484477936485,0.637063573591211
0.879072301236048,1.3894019850278607,1.1414808826910847,0.637063573591211
0.879072301236048,1.3894019850278607,1.2303183364763859,0.637063573591211
0.879072301236048,1.3894019850278607,1.2713418095221436,0.637063573591211
0.879072301236048,1.3894019850278607,1.3002769585290492,0.637063573591211
0.879072301236048,1.3894019850278607,1.2555695900652042,0.637063573591211
0.879072301236048,1.3894019850278607,1.2001563829028115,0.637063573591211
0.8347802820026003,1.3894019850278607,1.1778955228068149,0.637063573591211
0.8347802820026003,1.3894019850278607,1.303139142431062,0.637063573591211
0.8347802820026003,1.3894019850278607,1.0956657278807258,0.637063573591211
0.8347802820026003,1.3894019850278607,1.1171075925808607,0.637063573591211
0.8347802820026003,1.3894019850278607,1.2166693006573175,0.637063573591211
0.8347802820026003,1.3894019850278607,1.313837856573004,0.637063573591211
0.8347802820026003,1.3894019850278607,1.304512256574399,0.637063573591211
0.8347802820026003,1.3894019850278607,1.2051340391605456,0.6525772592307896
0.8347802820026003,1.3894019850278607,1.3677941182410134,0.6525772592307896
0.8347802820026003,1.3894019850278607,1.2234158933862738,0.6525772592307896
0.8347802820026003,1.3894019850278607,1.2480193197105496,0.6525772592307896
0.8347802820026003,1.465793920872623,1.1524166614962865,0.6525772592307896
0.8347802820026003,1.465793920872623,1.016440676498158,0.6525772592307896
0.8347802820026003,1.465793920872623,1.153857233023215,0.6525772592307896
0.8347802820026003,1.465793920872623,1.0240782772462405,0.6525772592307896
0.8347802820026003,1.465793920872623,1.1171222027503986,0.6525772592307896
0.8347802820026003,1.465793920872623,1.1531286347123062,0.6525772592307896
0.8347802820026003,1.465793920872623,1.1409967725568473,0.6525772592307896
0.8347802820026003,1.465793920872623,1.1547377926062878,0.6525772592307896
0.8347802820026003,1.465793920872623,1.1700961916281036,0.6525772592307896
0.8347802820026003,1.465793920872623,1.005437479634239,0.6525772592307896
0.8347802820026003,1.465793920872623,1.1336472562598279,0.6525772592307896
0.8347802820026003,1.465793920872623,1.1706270445012479,0.6525772592307896
0.8347802820026003,1.465793920872623,1.0614045317321965,0.6525772592307896
0.8347802820026003,1.465793920872623,1.1236826507802957,0.6525772592307896
0.8347802820026003,1.465793920872623,0.9719628947805913,0.6525772592307896
0.8347802820026003,1.465793920872623,1.122656784895494,0.6525772592307896
0.8347802820026003,1.465793920872623,1.0296263375698338,0.6687118667113473
0.8347802820026003,1.465793920872623,1.1041114222582151,0.6687118667113473
0.8347802820026003,1.465793920872623,1.057414943208859,0.6687118667113473
0.8347802820026003,1.465793920872623,1.0787541824998996,0.6687118667113473
0.8347802820026003,1.465793920872623,1.1415970421732609,0.6687118667113473
0.8347802820026003,1.465793920872623,1.0458023321818593,0.6687118667113473
0.8347802820026003,1.465793920872623,1.0185753352987372,0.6687118667113473
0.8347802820026003,1.465793920872623,1.0681572435713775,0.6687118667113473
0.8347802820026003,1.465793920872623,0.9982545785889019,0.6687118667113473
0.8347802820026003,1.465793920872623,1.0162203496977589,0.6687118667113473
0.8347802820026003,1.465793920872623,1.2562731526267028,0.6687118667113473
0.8347802820026003,1.465793920872623,1.035797164540954,0.6687118667113473
0.8347802820026003,1.465793920872623,1.0950592733744435,0.6687118667113473
0.8347802820026003,1.465793920872623,1.078861233852493,0.6687118667113473
0.8347802820026003,1.465793920872623,1.024955077486101,0.6687118667113473
0.8347802820026003,1.465793920872623,1.0911519363710662,0.6687118667113473
0.8347802820026003,1.465793920872623,1.0671952682433519,0.6687118667113473
0.8347802820026003,1.465793920872623,1.0504857944783812,0.6687118667113473
0.8347802820026003,1.465793920872623,1.0949199709832218,0.6687118667113473
0.8347802820026003,1.465793920872623,1.0624619770593982,0.6687118667113473
0.8347802820026003,1.465793920872623,1.0395245766857795,0.6687118667113473
0.8347802820026003,1.465793920872623,1.0370178103181464,0.6687118667113473
0.8347802820026003,1.465793920872623,1.1518042425660748,0.6687118667113473
0.8347802820026003,1.465793920872623,1.0408096359153425,0.6687118667113473
0.8347802820026003,1.465793920872623,1.141126225385387,0.6687118667113473
0.8347802820026003,1.465793920872623,1.0621872003566413,0.6687118667113473
0.8347802820026003,1.465793920872623,1.1064893490200327,0.7145749521320224
0.853620570621562,1.465793920872623,1.1076635209655625,0.7145749521320224
0.853620570621562,1.465793920872623,0.9734797386725732,0.7145749521320224
0.853620570621562,1.465793920872623,1.233597741262766,0.7145749521320224
0.853620570621562,1.465793920872623,1.1512124070352519,0.7145749521320224
0.853620570621562,1.465793920872623,1.0540731043624718,0.7290717115185891
0.8696220419313077,1.465793920872623,1.0305626211422254,0.7290717115185891
0.8696220419313077,1.465793920872623,1.045063840269048,0.7290717115185891
0.8696220419313077,1.465793920872623,1.0295863282415874,0.7290717115185891
0.8696220419313077,1.465793920872623,1.0972895260598783,0.7290717115185891
0.8715665190842813,1.465793920872623,1.0549465850027657,0.7290717115185891
0.8715665190842813,1.465793920872623,1.3480885582211068,0.7290717115185891
0.8715665190842813,1.465793920872623,1.0781917302503166,0.7290717115185891
0.8715665190842813,1.465793920872623,1.0875419436778184,0.7290717115185891
0.8715665190842813,1.465793920872623,1.163004503031569,0.7290717115185891
0.8715665190842813,1.465793920872623,1.0322560980682984,0.7290717115185891
0.8715665190842813,1.465793920872623,1.050089238784883,0.7290717115185891
0.8715665190842813,1.465793920872623,1.0201064741594417,0.7290717115185891
0.8715665190842813,1.465793920872623,1.164440947391296,0.7290717115185891
0.8715665190842813,1.465793920872623,1.0857572595267153,0.7290717115185891
0.8715665190842813,1.465793920872623,1.0314830625239697,0.7290717115185891
0.8715665190842813,1.465793920872623,1.0609987690691098,0.7290717115185891
0.8715665190842813,1.465793920872623,1.130218564574477,0.7290717115185891
0.8715665190842813,1.465793920872623,1.108060163649239,0.7290717115185891
0.8715665190842813,1.465793920872623,1.03279831196359,0.7290717115185891
0.8607741347562717,1.465793920872623,1.1405433017922983,0.7290717115185891
0.8607741347562717,1.465793920872623,1.1295261241578074,0.7290717115185891
0.8607741347562717,1.465793920872623,1.0914984173501117,0.7290717115185891
0.8607741347562717,1.465793920872623,1.102178611631935,0.7290717115185891
0.8607741347562717,1.465793920872623,1.0634766879918276,0.7290717115185891
0.8607741347562717,1.4349479749018557,1.1454296375192363,0.7290717115185891
0.8607741347562717,1.4349479749018557,1.3302289680986397,0.7290717115185891
0.8607741347562717,1.4349479749018557,1.360498662505254,0.7290717115185891
0.8607741347562717,1.4349479749018557,1.2058617598146228,0.7290717115185891
0.8607741347562717,1.4349479749018557,1.2224532888168118,0.7290717115185891
0.8607741347562717,1.4349479749018557,1.1083432110271683,0.7290717115185891
0.8607741347562717,1.4349479749018557,1.2321255064046703,0.7290717115185891
0.8607741347562717,1.4349479749018557,1.2373528372521991,0.7290717115185891
0.8607741347562717,1.4349479749018557,1.157148145026676,0.7290717115185891
0.8607741347562717,1.4550133890703225,1.1849019802506118,0.7290717115185891
0.8607741347562717,1.4550133890703225,1.1933712151295424,0.7290717115185891
0.8306478637958132,1.4550133890703225,1.1368864364483862,0.7290717115185891
0.8306478637958132,1.4550133890703225,1.169906817570437,0.6407569889964381
0.8306478637958132,1.4550133890703225,1.0476276121390329,0.6684836411363961
0.8306478637958132,1.4550133890703225,1.047439695852603,0.6684836411363961
0.8306478637958132,1.4550133890703225,1.0893711949150875,0.6684836411363961
0.8306478637958132,1.4550133890703225,1.0332300368703142,0.6684836411363961
0.8306478637958132,1.4550133890703225,1.0130871814694868,0.6684836411363961
0.8306478637958132,1.4550133890703225,1.1107220492729981,0.6684836411363961
0.8306478637958132,1.4550133890703225,1.1108645995639723,0.6684836411363961
0.8306478637958132,1.4550133890703225,1.1197699832089105,0.6684836411363961
0.8306478637958132,1.4550133890703225,1.0576540422349254,0.6529071910183329
0.8306478637958132,1.4550133890703225,1.0738945015148766,0.6529071910183329
0.9366628998285543,1.4550133890703225,0.9729411464678743,0.7416472809139264
0.9366628998285543,1.4550133890703225,1.0468193438743982,0.7416472809139264
0.9366628998285543,1.4550133890703225,1.114672563004594,0.7416472809139264
0.9366628998285543,1.4550133890703225,1.1117540671664676,0.7416472809139264
0.9366628998285543,1.4550133890703225,1.0472797804523242,0.7416472809139264
0.9366628998285543,1.4550133890703225,1.1739736589392038,0.7416472809139264
0.9366628998285543,1.4550133890703225,1.15665777241265,0.7416472809139264
0.9375635501660016,1.4550133890703225,1.0992791362386614,0.7416472809139264
0.9375635501660016,1.4550133890703225,1.0570827096247706,0.7416472809139264
0.9375635501660016,1.4550133890703225,0.9853371354511974,0.7416472809139264
0.9375635501660016,1.4550133890703225,1.1241450337218857,0.7416472809139264
0.9375635501660016,1.4550133890703225,1.0292508733691514,0.7416472809139264
0.9375635501660016,1.4550133890703225,1.0930230812927582,0.7416472809139264
0.9375635501660016,1.4550133890703225,1.0535207083449023,0.7416472809139264
0.9375635501660016,1.4550133890703225,0.8893638165970655,0.7416472809139264
0.9375635501660016,1.4550133890703225,1.0204460020187298,0.7416472809139264
0.9375635501660016,1.4550133890703225,1.0291857244989664,0.7416472809139264
0.9375635501660016,1.4550133890703225,0.9968560147046379,0.7416472809139264
0.9375635501660016,1.4550133890703225,1.0275032972308262,0.7416472809139264
0.9375635501660016,1.4550133890703225,1.0166579788977768,0.6337472885945827
0.9375635501660016,1.4550133890703225,1.0332773785965068,0.6337472885945827
0.9375635501660016,1.4550133890703225,0.9084010342481935,0.6337472885945827
0.9375635501660016,1.4550133890703225,0.8995773573256578,0.6527796451064902
0.9375635501660016,1.4550133890703225,0.9753240253068334,0.6527796451064902
0.9375635501660016,1.4550133890703225,0.9539616751374572,0.6527796451064902
0.9375635501660016,1.4550133890703225,1.0129580123378081,0.6527796451064902
0.9375635501660016,1.4550133890703225,0.9668553273827054,0.6527796451064902
0.9375635501660016,1.4550133890703225,0.9524241910778778,0.6527796451064902
0.9375635501660016,1.4550133890703225,1.0981212583950213,0.658119018993352
0.9569297850795889,1.4550133890703225,0.8816125295497572,0.658119018993352
0.9569297850795889,1.4550133890703225,0.9849498976502783,0.658119018993352
0.9569297850795889,1.4550133890703225,0.8405128905179593,0.658119018993352
0.9569297850795889,1.4550133890703225,0.9322363351125236,0.658119018993352
0.9569297850795889,1.4550133890703225,1.0027293987837382,0.658119018993352
0.9569297850795889,1.4550133890703225,0.9865662675174091,0.658119018993352
0.9569297850795889,1.4550133890703225,0.9832056455088867,0.658119018993352
0.9569297850795889,1.4550133890703225,0.9176648415850371,0.658119018993352
0.9569297850795889,1.4550133890703225,1.000233326075958,0.658119018993352
0.9736575425790406,1.4550133890703225,0.8957071224488593,0.658119018993352
0.9736575425790406,1.4550133890703225,0.9480593099914093,0.658119018993352
0.9736575425790406,1.4550133890703225,0.9479104647410403,0.658119018993352
0.9736575425790406,1.4550133890703225,0.9659473308437776,0.658119018993352
0.9736575425790406,1.4550133890703225,0.9235381737420463,0.658119018993352
0.9736575425790406,1.4550133890703225,0.9365891169721785,0.658119018993352
0.9736575425790406,1.4550133890703225,0.978271990330497,0.658119018993352
0.9736575425790406,1.3991108193913484,1.0477851301188172,0.658119018993352
0.9736575425790406,1.3991108193913484,1.0387924073940091,0.658119018993352
0.9736575425790406,1.3991108193913484,1.1287770924789489,0.7400660083318952
0.9736575425790406,1.3991108193913484,1.1778761921016336,0.7400660083318952
0.9736575425790406,1.3991108193913484,1.0973530194089718,0.7400660083318952
0.9736575425790406,1.3991108193913484,1.0802004144616613,0.7400660083318952
0.9736575425790406,1.3991108193913484,1.0958494759190898,0.7400660083318952
0.9736575425790406,1.3991108193913484,1.1599729603519568,0.7400660083318952
0.9736575425790406,1.3991108193913484,1.1625231517848325,0.7400660083318952
0.9736575425790406,1.3991108193913484,0.9900859402525639,0.7400660083318952
0.9736575425790406,1.3991108193913484,1.1730708650198771,0.7400660083318952
0.9736575425790406,1.3991108193913484,1.143624895585312,0.7400660083318952
0.9736575425790406,1.3991108193913484,1.176030524518186,0.7400660083318952
0.9736575425790406,1.3991108193913484,1.0873414929975853,0.6375363808748443
0.9736575425790406,1.3991108193913484,1.0529482224191067,0.6375363808748443
0.9736575425790406,1.3991108193913484,1.0447841857065754,0.6375363808748443
0.9736575425790406,1.3076232792059412,1.1500040876648612,0.6375363808748443
0.9089723344952793,1.3076232792059412,1.4019623630970743,0.6375363808748443
0.9089723344952793,1.3076232792059412,1.2143730452370347,0.6375363808748443
0.8375061345544916,1.3076232792059412,1.5059363978838964,0.6375363808748443
0.8375061345544916,1.3076232792059412,1.4622570198018225,0.6375363808748443
0.8375061345544916,1.3076232792059412,1.4981371542572623,0.6375363808748443
0.8375061345544916,1.3076232792059412,1.3873534940419336,0.6375363808748443
0.8375061345544916,1.3076232792059412,1.489871689506919,0.6375363808748443
0.8375061345544916,1.3076232792059412,1.3191808443457604,0.6375363808748443
0.8375061345544916,1.3076232792059412,1.4335807669141436,0.6375363808748443
0.8375061345544916,1.3076232792059412,1.4230351733978215,0.6375363808748443
0.8375061345544916,1.3076232792059412,1.386511764408651,0.6375363808748443
0.8375061345544916,1.3076232792059412,1.4696145628317077,0.6375363808748443
0.8768714107843678,1.3076232792059412,1.5835241423115014,0.6375363808748443
0.8768714107843678,1.3076232792059412,1.303866667652895,0.6111296594067827
0.8768714107843678,1.3076232792059412,1.5741488874433684,0.6111296594067827
0.8768714107843678,1.3076232792059412,1.2214946368667914,0.6111296594067827
0.8768714107843678,1.3076232792059412,1.4234493362663831,0.6111296594067827
0.8768714107843678,1.3076232792059412,1.506488435398823,0.6111296594067827
0.8768714107843678,1.3076232792059412,1.4536581403354287,0.6111296594067827
0.8768714107843678,1.3076232792059412,1.2163249132884384,0.6111296594067827
0.8768714107843678,1.3076232792059412,1.4766758650181504,0.6111296594067827
0.8768714107843678,1.3076232792059412,1.3467062350032544,0.6111296594067827
0.8768714107843678,1.3400648361516998,1.4271543967910156,0.6111296594067827
0.8768714107843678,1.3400648361516998,1.2452838674672861,0.6111296594067827
0.8768714107843678,1.3400648361516998,1.2768561251587802,0.6111296594067827
0.8768714107843678,1.3400648361516998,1.3323119276307587,0.6111296594067827
0.8768714107843678,1.3400648361516998,1.2625707664393124,0.6111296594067827
0.8768714107843678,1.3400648361516998,1.343870486484275,0.6111296594067827
0.8768714107843678,1.3400648361516998,1.2908796655848263,0.6111296594067827
0.8768714107843678,1.3400648361516998,1.310190728353234,0.6111296594067827
0.8768714107843678,1.3400648361516998,1.2470319560531142,0.6111296594067827
0.8768714107843678,1.3400648361516998,1.2714703672788925,0.6111296594067827
0.8768714107843678,1.3400648361516998,1.153109974488295,0.6111296594067827
0.8768714107843678,1.3400648361516998,1.255966574495524,0.6111296594067827
0.8768714107843678,1.3400648361516998,1.216320345310927,0.6111296594067827
0.8768714107843678,1.3400648361516998,1.3783698499326986,0.6111296594067827
0.8982855850421669,1.3400648361516998,1.3205762218710395,0.6111296594067827
0.8982855850421669,1.3400648361516998,1.2889328761360928,0.6111296594067827
0.8982855850421669,1.3400648361516998,1.2672150650370542,0.6111296594067827
0.8982855850421669,1.3400648361516998,1.2277101312596181,0.6111296594067827
0.8982855850421669,1.3400648361516998,1.1385564913427053,0.6111296594067827
0.8982855850421669,1.3400648361516998,1.263356423169535,0.6111296594067827
0.8982855850421669,1.3400648361516998,1.311280405416224,0.6111296594067827
0.9850832989716043,1.3400648361516998,1.1276922842733168,0.6111296594067827
0.9850832989716043,1.3400648361516998,1.118322639215156,0.6111296594067827
0.9850832989716043,1.3400648361516998,1.1172007487472937,0.6170067109797647
0.9850832989716043,1.3400648361516998,1.195029418115885,0.6170067109797647
0.9850832989716043,1.3400648361516998,1.162031996507369,0.6170067109797647
0.9849849771755903,1.3400648361516998,1.0850443620119994,0.6170067109797647
0.9849849771755903,1.3400648361516998,1.0889176785287846,0.6170067109797647
0.9849849771755903,1.3400648361516998,1.1787107150919343,0.6170067109797647
0.9849849771755903,1.3400648361516998,1.2532857134595479,0.6170067109797647
0.9849849771755903,1.3400648361516998,1.118044334339525,0.6170067109797647
1.0019636174184798,1.3400648361516998,1.1908580183068143,0.6170067109797647
1.0019636174184798,1.3400648361516998,1.1294314054339631,0.6797892037094961
1.0019636174184798,1.3400648361516998,1.3151711404090203,0.6797892037094961
1.0019636174184798,1.3400648361516998,1.1962681480796586,0.6797892037094961
1.0019636174184798,1.3400648361516998,1.2937895461377318,0.6797892037094961
1.0019636174184798,1.3400648361516998,1.1633475842354823,0.6797892037094961
1.0019636174184798,1.3400648361516998,1.1527535058360727,0.6797892037094961
1.0019636174184798,1.3400648361516998,1.212314764555913,0.6797892037094961
1.0068714119643936,1.3400648361516998,1.248839607284174,0.6797892037094961
1.0068714119643936,1.3400648361516998,1.2275850224758396,0.6797892037094961
1.0068714119643936,1.3400648361516998,1.1831196345836863,0.6797892037094961
1.0068714119643936,1.3428888155349408,1.1672411339304738,0.6797892037094961
1.0068714119643936,1.3428888155349408,1.1876573040046157,0.6797892037094961
1.0068714119643936,1.3428888155349408,1.1208496944299637,0.6797892037094961
1.0068714119643936,1.3428888155349408,1.2677395146098736,0.6797892037094961
1.0068714119643936,1.3428888155349408,1.2492741355539143,0.6880923021034403
1.0068714119643936,1.3428888155349408,1.1352842247473616,0.6880923021034403
1.0068714119643936,1.3428888155349408,1.1914754481716767,0.6880923021034403
1.0068714119643936,1.3428888155349408,1.2673915179954098,0.6880923021034403
1.0068714119643936,1.3428888155349408,1.237434886065496,0.6880923021034403
1.0068714119643936,1.3428888155349408,1.149404758654028,0.6880923021034403
1.0068714119643936,1.3428888155349408,1.3195982555077899,0.6880923021034403
1.0068714119643936,1.3428888155349408,1.1942767442921245,0.6880923021034403
1.0068714119643936,1.3428888155349408,1.1440044930336493,0.6880923021034403
1.0068714119643936,1.3428888155349408,1.206068734542214,0.6880923021034403
1.0068714119643936,1.3428888155349408,1.1018457608448988,0.6880923021034403
1.0068714119643936,1.3428888155349408,1.2365216311388605,0.6880923021034403
1.0068714119643936,1.3428888155349408,1.0819409758041938,0.6801249411659306
1.0068714119643936,1.3428888155349408,1.2670442812078786,0.6801249411659306
1.0068714119643936,1.3428888155349408,1.1888170189795988,0.6801249411659306
1.0068714119643936,1.3428888155349408,1.3149733398619812,0.6801249411659306
1.0068714119643936,1.3428888155349408,1.148564580010165,0.6643119764689867
1.0068714119643936,1.3428888155349408,1.1805327581903127,0.6643119764689867
1.0068714119643936,1.3428888155349408,1.1798381430455083,0.6643119764689867
1.0068714119643936,1.3428888155349408,1.165067108738422,0.6643119764689867
1.0068714119643936,1.3428888155349408,1.2347282664852552,0.6643119764689867
1.0068714119643936,1.3566547700596425,1.1184319171001282,0.6643119764689867
1.0068714119643936,1.3566547700596425,1.1297456521992995,0.6643119764689867
1.0068714119643936,1.3566547700596425,1.1514051645259094,0.6643119764689867
1.0068714119643936,1.3566547700596425,1.2118900509800639,0.6643119764689867
1.0068714119643936,1.3566547700596425,1.2002273869265445,0.6643119764689867
1.0068714119643936,1.3566547700596425,1.2087962096158231,0.7079344957217348
1.0068714119643936,1.3566547700596425,1.28350058312305,0.7079344957217348
1.0068714119643936,1.3566547700596425,1.1884669703790314,0.7079344957217348
1.0068714119643936,1.3566547700596425,1.1903925000583064,0.7079344957217348
1.0068714119643936,1.3566547700596425,1.2054839860152646,0.7079344957217348
1.0068714119643936,1.3339074032276002,1.183563043102156,0.7079344957217348
1.0068714119643936,1.3339074032276002,1.2135028944521504,0.7079344957217348
1.0068714119643936,1.3339074032276002,1.2370568769176207,0.7079344957217348
1.0068714119643936,1.3339074032276002,1.2658055097760361,0.7079344957217348
1.0068714119643936,1.3339074032276002,1.203407027683283,0.7079344957217348
1.0068714119643936,1.3339074032276002,1.145300705005727,0.7079344957217348
1.0068714119643936,1.3339074032276002,1.1815194497911288,0.7079344957217348
1.0068714119643936,1.3339074032276002,1.2294107002602273,0.7079344957217348
1.0068714119643936,1.3339074032276002,1.3326991086046702,0.7079344957217348
1.0068714119643936,1.3339074032276002,1.1123630956383572,0.7079344957217348
1.0068714119643936,1.3339074032276002,1.2504363672200367,0.7079344957217348
1.0068714119643936,1.3339074032276002,1.2133952281653753,0.7079344957217348
1.0068714119643936,1.3339074032276002,1.1404546542375247,0.7079344957217348
1.0068714119643936,1.3339074032276002,1.2042491038493675,0.7079344957217348
1.0068714119643936,1.3339074032276002,1.2858343413378883,0.7079344957217348
1.0068714119643936,1.3339074032276002,1.2982677722346114,0.7079344957217348
1.0068714119643936,1.3339074032276002,1.1822486436430666,0.7079344957217348
1.0068714119643936,1.3339074032276002,1.2302844526525272,0.7079344957217348
1.0068714119643936,1.3339074032276002,1.2874267081198627,0.7079344957217348
1.0068714119643936,1.3339074032276002,1.2328772793687077,0.7079344957217348
1.0068714119643936,1.3339074032276002,1.1714304678483132,0.7079344957217348
1.0068714119643936,1.3339074032276002,1.1945383720290723,0.7079344957217348
1.0068714119643936,1.3339074032276002,1.2853561535819975,0.7079344957217348
1.0068714119643936,1.3339074032276002,1.2971354686681513,0.7079344957217348
1.0068714119643936,1.3339074032276002,1.2053916063880448,0.7079344957217348
1.0068714119643936,1.3339074032276002,1.10357997091269,0.7079344957217348
1.0068714119643936,1.3339074032276002,1.1465032955077965,0.6612882604640417
1.0068714119643936,1.3339074032276002,1.2531313508309279,0.6612882604640417
0.9461054087212148,1.3339074032276002,1.2613218619530766,0.6612882604640417
0.9461054087212148,1.3339074032276002,1.3360877318621411,0.6612882604640417
0.9461054087212148,1.3339074032276002,1.2348012796607957,0.6612882604640417
0.9461054087212148,1.3339074032276002,1.330795601759168,0.6612882604640417
0.9461054087212148,1.3339074032276002,1.196272325727518,0.6612882604640417
0.9461054087212148,1.3339074032276002,1.3318305434371165,0.6612882604640417
0.9488938850149672,1.3339074032276002,1.2558846334106457,0.6438657850592782
0.9488938850149672,1.3339074032276002,1.2180941712375506,0.6438657850592782
0.9488938850149672,1.3339074032276002,1.1536187150146018,0.6438657850592782
0.9488938850149672,1.3339074032276002,1.2890636192531857,0.6438657850592782
0.9488938850149672,1.3339074032276002,1.3691857289858327,0.6438657850592782
0.9488938850149672,1.3339074032276002,1.211254512754558,0.6438657850592782
0.9488938850149672,1.3339074032276002,1.1132401152120812,0.6438657850592782
0.9488938850149672,1.3339074032276002,1.2274905074473108,0.6438657850592782
0.9488938850149672,1.3339074032276002,1.2981428369338015,0.6438657850592782
0.9488938850149672,1.3339074032276002,1.337557000978154,0.6438657850592782
0.955249824512223,1.3339074032276002,1.1906521922672408,0.6438657850592782
0.955249824512223,1.3339074032276002,1.2251346284095488,0.6438657850592782
0.955249824512223,1.3339074032276002,1.183081131012161,0.6438657850592782
0.955249824512223,1.3339074032276002,1.299826539604332,0.6438657850592782
0.955249824512223,1.3237053777939145,1.2456007740418742,0.6438657850592782
0.955249824512223,1.3427993063829304,1.211027900107314,0.6424458638168837
0.955249824512223,1.3427993063829304,1.098379233366412,0.6424458638168837
0.955249824512223,1.3427993063829304,1.3005365361725985,0.638730077754024
0.955249824512223,1.3427993063829304,1.2017908413626395,0.638730077754024
0.955249824512223,1.3427993063829304,1.381673614183209,0.638730077754024
0.9571177885938379,1.3427993063829304,1.187330189979331,0.638730077754024
0.9571177885938379,1.3427993063829304,1.224592371561191,0.638730077754024
0.9571177885938379,1.3427993063829304,1.2584742995214189,0.638730077754024
0.9571177885938379,1.3427993063829304,1.1094953973803314,0.638730077754024
0.9571177885938379,1.3427993063829304,1.189402936919269,0.638730077754024
0.9571177885938379,1.3427993063829304,1.1342240569760793,0.638730077754024
1.2466803152223611,1.3427993063829304,1.0066779819067793,0.638730077754024
1.2466803152223611,1.3427993063829304,0.9460280619449837,0.638730077754024
1.2466803152223611,1.3427993063829304,0.9145292298475406,0.638730077754024
1.2466803152223611,1.3427993063829304,0.9505928805931944,0.638730077754024
1.2466803152223611,1.3427993063829304,0.9778796639099178,0.7479409007132107
1.2466803152223611,1.3427993063829304,1.0667915924311906,0.7479409007132107
1.2466803152223611,1.3427993063829304,0.9880519811603637,0.6920824182685434
1.2466803152223611,1.3427993063829304,0.9802599438879404,0.6920824182685434
1.2466803152223611,1.3427993063829304,0.9363107391328839,0.6920824182685434
1.2466803152223611,1.3427993063829304,0.9634952247278772,0.6920824182685434
1.2466803152223611,1.3427993063829304,0.9699253256880013,0.6839754737564736
1.2466803152223611,1.3427993063829304,0.9149277789208023,0.6839754737564736
1.2466803152223611,1.3427993063829304,0.7876459662194688,0.6540178915900883
1.2466803152223611,1.2467390515245598,1.0139891541099342,0.6540178915900883
1.2153576712929863,1.2467390515245598,1.192060251801358,0.6540178915900883
1.2153576712929863,1.2467390515245598,1.045107642805077,0.6540178915900883
1.2153576712929863,1.2467390515245598,1.172521978146677,0.6540178915900883
1.2153576712929863,1.2467390515245598,1.2246059890953813,0.6540178915900883
1.2153576712929863,1.2467390515245598,1.0954972376855026,0.6540178915900883
1.2153576712929863,1.2467390515245598,1.222230389502281,0.6540178915900883
1.2153576712929863,1.2467390515245598,1.312009766374765,0.6540178915900883
1.2153576712929863,1.2467390515245598,1.2124343295799656,0.6540178915900883
1.2153576712929863,1.2467390515245598,1.1058406001120125,0.6540178915900883
1.2153576712929863,1.2467390515245598,1.259244182239195,0.6540178915900883
1.2153576712929863,1.2467390515245598,1.033991487990927,0.6540178915900883
1.2153576712929863,1.3334825355625193,1.0611422340631318,0.6540178915900883
1.2153576712929863,1.3334825355625193,0.9353200948279363,0.6540178915900883
1.2153576712929863,1.3334825355625193,0.9994218567270469,0.7385031755674661
1.2153576712929863,1.3334825355625193,1.0402201365480717,0.7385031755674661
1.2153576712929863,1.3334825355625193,1.0362566388143406,0.7385031755674661
1.2153576712929863,1.3334825355625193,1.030572917827159,0.7385031755674661
1.2153576712929863,1.3334825355625193,1.1739919881333012,0.7350108187578739
1.2153576712929863,1.3334825355625193,1.0216141082619572,0.7350108187578739
1.2153576712929863,1.3334825355625193,1.0795991901475304,0.7350108187578739
1.2153576712929863,1.3334825355625193,1.0217160268508683,0.7350108187578739
1.2153576712929863,1.3334825355625193,1.063915886839252,0.7078798842702189
1.2803850553208358,1.3334825355625193,0.9743205939933646,0.7078798842702189
1.2803850553208358,1.3334825355625193,0.8924338316223398,0.7078798842702189
1.2803850553208358,1.3334825355625193,0.9490083647506463,0.7078798842702189
1.2803850553208358,1.3334825355625193,0.9020347313156546,0.7078798842702189
1.2803850553208358,1.3334825355625193,1.0512446075694528,0.7078798842702189
1.2803850553208358,1.3334825355625193,0.9612090147784881,0.7078798842702189
1.2803850553208358,1.3334825355625193,1.0144334125358605,0.7078798842702189
1.2803850553208358,1.3334825355625193,0.9504917548398069,0.7078798842702189
1.2803850553208358,1.3334825355625193,0.9523496256296926,0.7078798842702189
1.2091975564423032,1.3334825355625193,1.0057468046042815,0.7078798842702189
1.2091975564423032,1.3334825355625193,1.0284475290426036,0.7078798842702189
1.2091975564423032,1.3334825355625193,1.02690800914135,0.7078798842702189
1.181566251286378,1.3334825355625193,1.051978580204682,0.7078798842702189
1.181566251286378,1.3334825355625193,0.9855468473956385,0.7078798842702189
1.181566251286378,1.3362262241964427,1.0437388366456903,0.7078798842702189
1.181566251286378,1.3362262241964427,1.046656496116871,0.7078798842702189
0.8629902543146639,1.3362262241964427,1.2233127693816281,0.7078798842702189
0.8629902543146639,1.3362262241964427,1.441634255331503,0.7078798842702189
0.8629902543146639,1.3362262241964427,1.609099345132925,0.7078798842702189
0.8629902543146639,1.3362262241964427,1.420648040894425,0.7078798842702189
0.8629902543146639,1.3362262241964427,1.4756033602943375,0.7078798842702189
0.8629902543146639,1.3362262241964427,1.2556980458809215,0.7078798842702189
0.8629902543146639,1.3362262241964427,1.4268798273776344,0.7078798842702189
0.8629902543146639,1.3362262241964427,1.4165564316606778,0.7078798842702189
0.8629902543146639,1.3362262241964427,1.360200587212557,0.7078798842702189
0.8629902543146639,1.3362262241964427,1.5127469621448004,0.7078798842702189
0.8629902543146639,1.3362262241964427,1.545565168434464,0.7078798842702189
0.8629902543146639,1.3362262241964427,1.495322982711762,0.7078798842702189
0.8629902543146639,1.3362262241964427,1.31345901887248,0.7078798842702189
0.8629902543146639,1.3362262241964427,1.322643678448199,0.7078798842702189
0.8629902543146639,1.3362262241964427,1.3528973846681727,0.6440288590466657
0.8629902543146639,1.3362262241964427,1.3981403049300583,0.6440288590466657
0.8629902543146639,1.3362262241964427,1.31118275175555,0.6440288590466657
0.8629902543146639,1.3362262241964427,1.2943676644369089,0.6440288590466657
0.8629902543146639,1.3362262241964427,1.2731597481944075,0.6440288590466657
0.8629902543146639,1.3362262241964427,1.3508012946053773,0.6440288590466657
0.8629902543146639,1.3362262241964427,1.4292446137516266,0.6440288590466657
0.8629902543146639,1.3445163498347055,1.3068336349272063,0.6440288590466657
0.8629902543146639,1.3445163498347055,1.3065896662924785,0.6440288590466657
0.8629902543146639,1.3445163498347055,1.2240454811195636,0.6440288590466657
0.8629902543146639,1.3445163498347055,1.3027710764358624,0.6440288590466657
0.8629902543146639,1.3445163498347055,1.350311775338227,0.6440288590466657
0.8629902543146639,1.3445163498347055,1.303578066405432,0.6440288590466657
0.8629902543146639,1.3445163498347055,1.3879918454508218,0.6440288590466657
0.8629902543146639,1.3445163498347055,1.2909674165390699,0.6440288590466657
0.8629902543146639,1.3445163498347055,1.338323109533309,0.7020632784824793
0.8629902543146639,1.3445163498347055,1.3510770611941252,0.6741493284954688
0.8629902543146639,1.3445163498347055,1.2724322593378803,0.6741493284954688
0.8629902543146639,1.3445163498347055,1.400097487770401,0.6741493284954688
0.8960469505889112,1.3445163498347055,1.4477048488343087,0.6983072327129334
0.8960469505889112,1.3445163498347055,1.44349014016217,0.6983072327129334
0.8960469505889112,1.3445163498347055,1.3013645877683926,0.6983072327129334
0.8960469505889112,1.3445163498347055,1.2567198739197791,0.6983072327129334
0.8960469505889112,1.3445163498347055,1.1885149016357746,0.6983072327129334
0.8960469505889112,1.3445163498347055,1.5092862961132372,0.6983072327129334
0.8960469505889112,1.3445163498347055,1.2837428531561206,0.6983072327129334
0.8960469505889112,1.3445163498347055,1.3137018158708669,0.6983072327129334
0.8960469505889112,1.3445163498347055,1.4596300890630474,0.6983072327129334
0.8960469505889112,1.3445163498347055,1.3406339062586377,0.6983072327129334
1.0141887787307686,1.3445163498347055,1.2605931200684022,0.6983072327129334
0.993172558950986,1.3445163498347055,1.1196860612989596,0.6983072327129334
1.0519243438219599,1.3445163498347055,1.204148670583668,0.6983072327129334
1.0519243438219599,1.3445163498347055,1.1854103634209072,0.6983072327129334
1.0519243438219599,1.3445163498347055,1.0132413194079248,0.6983072327129334
1.0519243438219599,1.3445163498347055,1.0940879308605935,0.6983072327129334
1.0519243438219599,1.3445163498347055,1.0529342088761706,0.6983072327129334
1.0519243438219599,1.3445163498347055,1.2931502576428315,0.6983072327129334
1.0519243438219599,1.3445163498347055,1.0970283696868404,0.6983072327129334
1.0519243438219599,1.3445163498347055,1.1093584998490824,0.6983072327129334
1.0519243438219599,1.3445163498347055,1.0302496085541946,0.6983072327129334
1.0519243438219599,1.3445163498347055,1.1140721661574968,0.6983072327129334
1.0519243438219599,1.3445163498347055,1.1685758593751636,0.6983072327129334
1.0519243438219599,1.3445163498347055,1.1905871446784095,0.6983072327129334
1.0519243438219599,1.3445163498347055,1.1692428353545334,0.6983072327129334
1.0519243438219599,1.3445163498347055,1.2834474327041265,0.6983072327129334
1.0519243438219599,1.3445163498347055,1.1679888897791673,0.6983072327129334
1.0519243438219599,1.3445163498347055,1.1074016965970925,0.6983072327129334
1.0519243438219599,1.3445163498347055,1.2512061455686356,0.6983072327129334
1.0519243438219599,1.3445163498347055,1.168778100406765,0.6983072327129334
1.0519243438219599,1.3445163498347055,1.0826453435897208,0.6983072327129334
1.0519243438219599,1.3445163498347055,1.1446242675275666,0.6983072327129334
1.0519243438219599,1.3445163498347055,1.1779260992649714,0.6983072327129334
1.0519243438219599,1.3956740376462,1.1121371335535826,0.6983072327129334
1.0519243438219599,1.3956740376462,1.00849392628113,0.6983072327129334
1.0519243438219599,1.3956740376462,0.9558482665513816,0.6983072327129334
1.0519243438219599,1.3956740376462,1.062416405239324,0.6983072327129334
1.0519243438219599,1.3956740376462,1.01605307762009,0.6983072327129334
1.0519243438219599,1.4535523965627903,0.9632882122728651,0.6983072327129334
1.0519243438219599,1.4535523965627903,0.8826459778136423,0.6983072327129334
1.0519243438219599,1.4535523965627903,0.9107915535083659,0.6983072327129334
1.0519243438219599,1.4535523965627903,0.9621176858216409,0.6983072327129334
1.0519243438219599,1.4535523965627903,0.9448713766612916,0.7302507165613158
1.0519243438219599,1.4535523965627903,0.8380429452234252,0.7302507165613158
1.0519243438219599,1.4535523965627903,0.8921942286683145,0.7302507165613158
1.0519243438219599,1.4535523965627903,0.9058820584304972,0.7302507165613158
1.0519243438219599,1.4535523965627903,0.9907445230778181,0.7302507165613158
1.0519243438219599,1.4535523965627903,0.9583254159629131,0.7302507165613158
1.0519243438219599,1.4535523965627903,0.9254219115458533,0.7302507165613158
0.9515168842666859,1.4535523965627903,0.9996395308868741,0.7302507165613158
0.9515168842666859,1.4535523965627903,1.1394567365660362,0.7302507165613158
0.9515168842666859,1.4535523965627903,1.1137189245687387,0.7331276169178398
0.9515168842666859,1.4535523965627903,0.9728244842640112,0.7331276169178398
0.9515168842666859,1.4535523965627903,1.0579726814978239,0.7331276169178398
0.9515168842666859,1.4543280952487858,1.0331956395625137,0.7331276169178398
0.9515168842666859,1.4543280952487858,1.085295457996373,0.7331276169178398
0.9515168842666859,1.4543280952487858,1.041744039564963,0.7331276169178398
0.9515168842666859,1.4543280952487858,1.0464464320386146,0.7331276169178398
0.9515168842666859,1.4543280952487858,1.038542098415813,0.7331276169178398
0.9515168842666859,1.4543280952487858,1.0625300859541853,0.7331276169178398
0.9515168842666859,1.4543280952487858,1.0420759693100137,0.7331276169178398
0.944853940593695,1.4543280952487858,1.0835688616203323,0.7331276169178398
0.944853940593695,1.4543280952487858,1.0560949863741378,0.7331276169178398
0.944853940593695,1.4543280952487858,1.0260366361152342,0.7331276169178398
0.944853940593695,1.4543280952487858,1.0605785022157266,0.72439752246587
0.944853940593695,1.4543280952487858,1.0186733235318464,0.72439752246587
0.944853940593695,1.4543280952487858,1.0206923657380271,0.72439752246587
0.944853940593695,1.4543280952487858,1.1117470270707825,0.72439752246587
0.9621994070142925,1.4543280952487858,1.0563247768534343,0.7211898390923231
0.9621994070142925,1.4543280952487858,1.0210582956476382,0.7211898390923231
1.0138020503964844,1.4543280952487858,0.9543544749316342,0.7211898390923231
1.0138020503964844,1.4543280952487858,0.8547360424545049,0.7211898390923231
1.0138020503964844,1.4543280952487858,0.9063981835948534,0.7211898390923231
1.0138020503964844,1.4543280952487858,0.8929713638066316,0.7211898390923231
1.0138020503964844,1.4543280952487858,0.9072419764389162,0.7319426805598852
1.0138020503964844,1.4543280952487858,0.9784442804228893,0.7319426805598852
1.0138020503964844,1.4543280952487858,0.9304938009037221,0.7319426805598852
1.0138020503964844,1.4543280952487858,0.975265014762529,0.7319426805598852
1.0138020503964844,1.4543280952487858,0.9541604403165739,0.7319426805598852
1.0138020503964844,1.4543280952487858,0.920630537533863,0.7319426805598852
0.9767385890158041,1.4543280952487858,0.9161816447993185,0.7319426805598852
0.9767385890158041,1.4543280952487858,1.0517759938004505,0.6924193324751599
0.9767385890158041,1.4543280952487858,1.0332013510240143,0.6924193324751599
0.9767385890158041,1.4543280952487858,0.9705490733359464,0.6924193324751599
0.9767385890158041,1.4543280952487858,0.9862041708966367,0.6924193324751599
0.9767385890158041,1.4543280952487858,0.9024226751636447,0.6924193324751599
0.9767385890158041,1.4543280952487858,0.9921410640430727,0.6924193324751599
0.9767385890158041,1.4543280952487858,0.8859453123489728,0.6924193324751599
0.9767385890158041,1.4543280952487858,0.9839053841546508,0.6924193324751599
0.9767385890158041,1.4543280952487858,0.978453934730702,0.7520631459219442
0.9767385890158041,1.4543280952487858,1.0013747973961216,0.7520631459219442
0.9767385890158041,1.4543280952487858,0.9611408549352364,0.7520631459219442
0.9767385890158041,1.4543280952487858,0.9720926602416295,0.7520631459219442
0.9767385890158041,1.4543280952487858,0.9459835521111536,0.7520631459219442
0.9767385890158041,1.4543280952487858,1.113059032517223,0.7520631459219442
0.9767385890158041,1.4543280952487858,1.1105045257128883,0.7520631459219442
0.9767385890158041,1.4543280952487858,1.1278888008647814,0.7520631459219442
0.9767385890158041,1.4543280952487858,1.0405854563289088,0.7520631459219442
0.9767385890158041,1.4543280952487858,0.9837515310425723,0.6555837466227692
0.9767385890158041,1.4543280952487858,1.0561000385889663,0.6555837466227692
0.9767385890158041,1.4543280952487858,0.9509007809339669,0.6555837466227692
0.9767385890158041,1.4543280952487858,0.9638427891429506,0.6555837466227692
0.9767385890158041,1.4543280952487858,1.0272901312406233,0.6555837466227692
0.9767385890158041,1.4543280952487858,0.9549868717093295,0.6555837466227692
0.9767385890158041,1.4543280952487858,0.998344039620945,0.6555837466227692
0.9767385890158041,1.4543280952487858,0.9492642683755508,0.6555837466227692
0.9767385890158041,1.4543280952487858,0.8757599531198635,0.6555837466227692
0.9767385890158041,1.4543280952487858,1.0006561110977326,0.6555837466227692
0.9767385890158041,1.4543280952487858,0.9351221782093732,0.6797728151091954
0.9767385890158041,1.4543280952487858,0.9446289601407899,0.6797728151091954
0.9767385890158041,1.4543280952487858,0.9242485235672367,0.6797728151091954
0.9767385890158041,1.4543280952487858,0.9916717747744201,0.7545286984209282
0.9767385890158041,1.4543280952487858,1.0069334283531068,0.7545286984209282
0.9767385890158041,1.4543280952487858,1.026739323111441,0.7545286984209282
0.9767385890158041,1.4543280952487858,0.962746119318953,0.7545286984209282
0.9767385890158041,1.468052035356806,0.9087982387231711,0.7545286984209282
0.9767385890158041,1.468052035356806,0.9733403748417497,0.7545286984209282
0.9767385890158041,1.468052035356806,0.9925272091697762,0.7545286984209282
0.9957873820404215,1.468052035356806,0.9330730830597163,0.7390735571666649
0.9957873820404215,1.468052035356806,0.8709006499734314,0.7390735571666649
0.9957873820404215,1.468052035356806,0.9073546809995763,0.7390735571666649
0.9957873820404215,1.468052035356806,0.9669093826793111,0.7390735571666649
0.9957873820404215,1.468052035356806,1.040798103200739,0.7390735571666649
0.9957873820404215,1.468052035356806,0.9415585352463669,0.7390735571666649
0.9957873820404215,1.468052035356806,1.0743344280641092,0.7390735571666649
0.9957873820404215,1.468052035356806,0.8871839784346739,0.7390735571666649
0.9957873820404215,1.468052035356806,1.029113823437675,0.7390735571666649
0.9957873820404215,1.468052035356806,0.949703667311841,0.7390735571666649
0.9938220674615896,1.468052035356806,0.9017024003322203,0.7390735571666649
0.9938220674615896,1.468052035356806,0.9265543881496839,0.7390735571666649
0.9938220674615896,1.4648621608697616,0.9727912330128484,0.7390735571666649
0.9938220674615896,1.4648621608697616,0.9970212923416388,0.7390735571666649
0.9938220674615896,1.4542494657057823,0.8463571161313282,0.7390735571666649
0.9938220674615896,1.4542494657057823,0.9300725685788017,0.7390735571666649
0.9938220674615896,1.4542494657057823,1.0485404269094705,0.7390735571666649
0.9938220674615896,1.4542494657057823,0.9583519891416196,0.7390735571666649
0.9938220674615896,1.4542494657057823,0.9841099911404988,0.7390735571666649
0.9938220674615896,1.4353519026049852,0.9784540001201283,0.7390735571666649
0.9938220674615896,1.4353519026049852,1.0682633952799139,0.7390735571666649
0.9938220674615896,1.4353519026049852,1.1090769514791639,0.7390735571666649
0.9938220674615896,1.4353519026049852,0.9609458245087823,0.6727660409826168
0.9938220674615896,1.4353519026049852,0.9689827998003078,0.6727660409826168
0.9938220674615896,1.4353519026049852,0.9601627656337463,0.6474512406499308
0.9938220674615896,1.4353519026049852,0.9078511213253018,0.6540283812015374
0.9938220674615896,1.4353519026049852,0.9694676672026028,0.6540283812015374
0.9938220674615896,1.4353519026049852,1.0112654081586128,0.6540283812015374
0.9938220674615896,1.4353519026049852,0.9414697098595394,0.6540283812015374
0.9938220674615896,1.4353519026049852,0.9327456994376224,0.6540283812015374
0.9938220674615896,1.4353519026049852,0.9207722488048685,0.6540283812015374
0.9938220674615896,1.4353519026049852,0.9921455895430119,0.6540283812015374
0.9938220674615896,1.4353519026049852,0.9220389926219642,0.6540283812015374
0.9938220674615896,1.4353519026049852,1.0390267223613632,0.6540283812015374
0.9938220674615896,1.4353519026049852,0.9757022671504779,0.6540283812015374
0.9938220674615896,1.4353519026049852,0.9783419504091827,0.6540283812015374
0.9938220674615896,1.4353519026049852,0.9884679526897328,0.6540283812015374
0.9938220674615896,1.4353519026049852,1.0525700971007885,0.6540283812015374
0.9938220674615896,1.4353519026049852,0.9594246762104942,0.6540283812015374
0.9938220674615896,1.4353519026049852,0.9689222731009843,0.6540283812015374
0.9938220674615896,1.4353519026049852,0.8909160466936077,0.6540283812015374
0.9938220674615896,1.4353519026049852,0.9505741426874413,0.7197548438501687
1.058209779168474,1.4353519026049852,0.9747421247399629,0.7197548438501687
1.0396131663885946,1.4353519026049852,0.9877266405091722,0.7197548438501687
1.0396131663885946,1.4353519026049852,0.9868004117574031,0.6666387909989041
1.0396131663885946,1.4353519026049852,0.9247269762540342,0.6666387909989041
1.0396131663885946,1.343865401704334,1.0076762947995266,0.6666387909989041
1.0396131663885946,1.343865401704334,1.184536177292234,0.6666387909989041
1.0396131663885946,1.343865401704334,1.078414320298928,0.6666387909989041
1.0396131663885946,1.343865401704334,1.0042668630132543,0.6666387909989041
1.0396131663885946,1.343865401704334,1.0073192964350084,0.6666387909989041
1.0396131663885946,1.343865401704334,1.124004362495162,0.6666387909989041
1.0396131663885946,1.343865401704334,1.1618790393552916,0.6666387909989041
1.0396131663885946,1.343865401704334,1.2873346342951029,0.6666387909989041
1.0396131663885946,1.343865401704334,1.0900447090896463,0.6666387909989041
1.0396131663885946,1.343865401704334,1.1551986782581591,0.6666387909989041
1.0396131663885946,1.343865401704334,1.1980508143375752,0.6666387909989041
1.0396131663885946,1.343865401704334,1.104594481065189,0.6666387909989041
1.0396131663885946,1.343865401704334,1.1858395676814104,0.6666387909989041
1.0396131663885946,1.343865401704334,1.0617115709673823,0.6666387909989041
1.0396131663885946,1.343865401704334,1.0723132793401635,0.6666387909989041
1.0396131663885946,1.343865401704334,1.1453290007392662,0.6666387909989041
1.0396131663885946,1.343865401704334,1.156038103544143,0.6666387909989041
1.1213413769797418,1.343865401704334,1.1494574844807892,0.6666387909989041
1.1213413769797418,1.343865401704334,1.0865966580191755,0.6666387909989041
1.1213413769797418,1.343865401704334,1.0312880430439477,0.6666387909989041
1.1213413769797418,1.343865401704334,1.0421699946498069,0.6666387909989041
1.1213413769797418,1.343865401704334,0.9749245936860503,0.6666387909989041
1.1213413769797418,1.343865401704334,1.070765488142252,0.6666387909989041
1.1213413769797418,1.343865401704334,1.1199417736164126,0.6666387909989041
1.1213413769797418,1.343865401704334,1.0693366504629316,0.6708222543612734
1.1213413769797418,1.343865401704334,0.9995316091828038,0.6708222543612734
1.1213413769797418,1.343865401704334,1.0160915105467299,0.6708222543612734
1.1213413769797418,1.343865401704334,1.0996037795833031,0.6664276865350823
1.1213413769797418,1.343865401704334,1.0554414764849165,0.6664276865350823
1.1213413769797418,1.343865401704334,1.033888833457925,0.6664276865350823
1.1213413769797418,1.343865401704334,0.9876232062475941,0.6664276865350823
1.1213413769797418,1.343865401704334,0.9974432494544808,0.6664276865350823
1.1213413769797418,1.343865401704334,1.1742859624746416,0.6664276865350823
1.1213413769797418,1.343865401704334,1.0857859248289548,0.6664276865350823
1.019417389017908,1.343865401704334,1.0248572954373523,0.6664276865350823
1.019417389017908,1.343865401704334,1.0268771161211425,0.6664276865350823
1.019417389017908,1.343865401704334,1.0680157452803853,0.6664276865350823
1.019417389017908,1.343865401704334,1.177154648315329,0.6664276865350823
1.019417389017908,1.343865401704334,1.10850741245979,0.6664276865350823
1.019417389017908,1.343865401704334,1.0876294973107072,0.6664276865350823
1.019417389017908,1.343865401704334,1.2300995129099805,0.6664276865350823
1.019417389017908,1.343865401704334,1.1615395825841044,0.6664276865350823
1.019417389017908,1.343865401704334,1.0502074950678866,0.6664276865350823
1.019417389017908,1.343865401704334,1.136415858106687,0.6664276865350823
1.019417389017908,1.343865401704334,1.1690864608589078,0.6664276865350823
1.019417389017908,1.343865401704334,1.1608803146376072,0.6470766930749458
1.019417389017908,1.343865401704334,1.1085199312909397,0.6470766930749458
1.019417389017908,1.343865401704334,1.1571599238182257,0.6470766930749458
1.019417389017908,1.343865401704334,1.0976292310350948,0.6470766930749458
1.019417389017908,1.343865401704334,1.1034142036591352,0.6470766930749458
1.019417389017908,1.343865401704334,1.1401144304552784,0.6470766930749458
1.019417389017908,1.343865401704334,1.1238611467593225,0.6470766930749458
1.1656555466997072,1.343865401704334,1.017595152319174,0.6470766930749458
1.1656555466997072,1.343865401704334,0.8796437802856895,0.6470766930749458
1.1656555466997072,1.343865401704334,1.1064247636127846,0.6470766930749458
1.1656555466997072,1.343865401704334,0.9778674979548108,0.6470766930749458
1.1656555466997072,1.343865401704334,1.034950810192018,0.6470766930749458
1.1656555466997072,1.343865401704334,0.97240642031215,0.6470766930749458
1.1656555466997072,1.343865401704334,0.9436267747640573,0.6470766930749458
1.1465204121832824,1.343865401704334,1.0221734491898515,0.6470766930749458
1.1465204121832824,1.343865401704334,0.9273190785344229,0.6470766930749458
1.1465204121832824,1.343865401704334,1.0327300990669106,0.6470766930749458
1.1465204121832824,1.343865401704334,1.0613242038505502,0.6470766930749458
1.1465204121832824,1.343865401704334,1.0586754698388503,0.6470766930749458
1.1465204121832824,1.343865401704334,0.9998684967923333,0.6470766930749458
1.1465204121832824,1.343865401704334,0.969281060775694,0.6470766930749458
1.1465204121832824,1.343865401704334,0.9527827140348465,0.6470766930749458
1.0854405426546732,1.343865401704334,0.9682584017837448,0.6470766930749458
1.0854405426546732,1.343865401704334,1.0633394714149398,0.6470766930749458
1.0854405426546732,1.343865401704334,1.0581404579327882,0.6470766930749458
1.1861555878252261,1.343865401704334,0.922305133823421,0.6470766930749458
1.1861555878252261,1.343865401704334,0.9599309772813969,0.6470766930749458
1.1861555878252261,1.343865401704334,1.0180185415165526,0.6470766930749458
1.0917776734780924,1.343865401704334,0.9563962552968011,0.6470766930749458
1.0917776734780924,1.343865401704334,1.091730158014334,0.6470766930749458
1.0917776734780924,1.343865401704334,1.0696879767577925,0.6470766930749458
1.0917776734780924,1.343865401704334,1.0880510041922589,0.6470766930749458
1.0917776734780924,1.343865401704334,0.97247643341839,0.6470766930749458
1.0917776734780924,1.343865401704334,0.9671901891989894,0.6470766930749458
1.0917776734780924,1.343865401704334,1.0606461899745785,0.6470766930749458
1.0917776734780924,1.343865401704334,1.1270551514889475,0.6470766930749458
1.0917776734780924,1.315718469411839,1.105650758810314,0.6470766930749458
1.0917776734780924,1.315718469411839,1.2119416949590125,0.6470766930749458
1.0917776734780924,1.315718469411839,1.1084403275947126,0.6470766930749458
1.0917776734780924,1.315718469411839,1.1445270519139166,0.6470766930749458
1.0917776734780924,1.315718469411839,1.0848244673773715,0.6470766930749458
1.0917776734780924,1.3503786667946214,1.1113940163088023,0.6470766930749458
1.0917776734780924,1.3503786667946214,0.9964167568822286,0.6470766930749458
1.0917776734780924,1.3503786667946214,1.031490677779348,0.6470766930749458
1.0821661867176655,1.3503786667946214,1.065939831304913,0.6470766930749458
1.0821661867176655,1.3503786667946214,0.9855479997806974,0.6470766930749458
1.0821661867176655,1.3503786667946214,1.0774255940883848,0.6470766930749458
1.0821661867176655,1.3503786667946214,0.9808440474147695,0.6470766930749458
1.0821661867176655,1.3503786667946214,1.087080954408443,0.6470766930749458
1.0821661867176655,1.3503786667946214,1.100768735313319,0.6633618041834528
1.0821661867176655,1.3503786667946214,1.0710891287793716,0.6633618041834528
1.0821661867176655,1.3503786667946214,1.0292868295496942,0.6633618041834528
1.0674033317288323,1.3503786667946214,1.1178401095561428,0.6633618041834528
1.0674033317288323,1.3503786667946214,1.2108291824446078,0.6633618041834528
1.0674033317288323,1.3503786667946214,1.1574819253660622,0.6633618041834528
1.0674033317288323,1.3503786667946214,1.098927428269369,0.6482857277747648
1.0674033317288323,1.3503786667946214,1.0165232833796987,0.6482857277747648
1.0674033317288323,1.3503786667946214,1.0524083751409783,0.6482857277747648
1.0674033317288323,1.3503786667946214,1.0850905677947091,0.6482857277747648
1.0674033317288323,1.3503786667946214,1.0365296058620783,0.6482857277747648
1.0674033317288323,1.3503786667946214,1.0755921957200125,0.6482857277747648
1.0674033317288323,1.3503786667946214,1.0378273573313062,0.6482857277747648
1.0674033317288323,1.3503786667946214,1.1226462337576408,0.6482857277747648
1.0674033317288323,1.3503786667946214,1.1109794968226463,0.6482857277747648
1.0674033317288323,1.3503786667946214,1.0705283635319103,0.6482857277747648
1.0674033317288323,1.3503786667946214,1.0520578460171177,0.6482857277747648
1.0674033317288323,1.3503786667946214,1.0326149264106474,0.6482857277747648
1.0674033317288323,1.3503786667946214,1.02950030611172,0.6482857277747648
1.0674033317288323,1.3503786667946214,1.1510742426941372,0.6482857277747648
1.0674033317288323,1.3503786667946214,0.9831637662180722,0.6482857277747648
1.12379445695309,1.3503786667946214,1.1099265075477145,0.6482857277747648
1.12379445695309,1.3502128854148325,1.03915844726351,0.6482857277747648
1.12379445695309,1.3502128854148325,1.0369532818695724,0.6482857277747648
1.12379445695309,1.3502128854148325,1.0038311288623833,0.6482857277747648
1.12379445695309,1.3502128854148325,1.0583271591228482,0.6482857277747648
1.12379445695309,1.3502128854148325,0.8711650242598344,0.643664520936165
1.12379445695309,1.3502128854148325,1.0365806840154361,0.643664520936165
1.12379445695309,1.3502128854148325,0.9554951019864585,0.6712258983497567
1.0196858805095588,1.3502128854148325,1.1184770706663947,0.6712258983497567
1.0196858805095588,1.3502128854148325,1.1801685501442287,0.6712258983497567
1.0196858805095588,1.3502128854148325,1.176954854260371,0.6712258983497567
1.0196858805095588,1.3502128854148325,1.107887736192565,0.6712258983497567
1.0196858805095588,1.3502128854148325,1.1077852107997226,0.6712258983497567
1.0196858805095588,1.3502128854148325,1.163644864469686,0.6712258983497567
1.0196858805095588,1.3502128854148325,1.1387517104211664,0.6712258983497567
1.0196858805095588,1.3502128854148325,1.0478012896038018,0.6712258983497567
1.0196858805095588,1.3502128854148325,1.113572560536512,0.6712258983497567
1.0196858805095588,1.3502128854148325,1.1247015798134874,0.6712258983497567
1.0196858805095588,1.3432250790557294,1.0379880058774122,0.6712258983497567
1.0196858805095588,1.3432250790557294,1.2754085247578075,0.6712258983497567
1.0196858805095588,1.3432250790557294,1.16436478065424,0.6712258983497567
1.0196858805095588,1.3432250790557294,1.1088686201972748,0.6712258983497567
1.0196858805095588,1.3432250790557294,1.1966733132763387,0.6712258983497567
1.1526455855576834,1.3432250790557294,1.053758055864209,0.6712258983497567
1.1526455855576834,1.3432250790557294,1.1132386580057025,0.6712258983497567
1.1526455855576834,1.3432250790557294,1.0165047066778596,0.6712258983497567
1.1526455855576834,1.3432250790557294,1.0208014733872508,0.6712258983497567
1.095951749419906,1.3432250790557294,1.1070457462986198,0.6712258983497567
1.095951749419906,1.3432250790557294,1.0998133359595919,0.6712258983497567
1.095951749419906,1.3432250790557294,1.096169046513727,0.6712258983497567
1.095951749419906,1.3432250790557294,1.1323245038866956,0.6712258983497567
1.095951749419906,1.3432250790557294,1.1111867256533345,0.6712258983497567
1.095951749419906,1.3432250790557294,1.1169132423322135,0.6712258983497567
1.095951749419906,1.3450441130687298,1.1374003634964827,0.6712258983497567
1.095951749419906,1.3450441130687298,1.1786132793715594,0.7270443604046992
1.095951749419906,1.3450441130687298,1.1156950051241876,0.7270443604046992
1.095951749419906,1.3450441130687298,1.1631597820887496,0.7270443604046992
1.2223535227322788,1.3450441130687298,1.0420876390086347,0.7270443604046992
1.2223535227322788,1.3450441130687298,1.0004716103642655,0.7270443604046992
1.2223535227322788,1.3450441130687298,0.998165551859414,0.6693415748525924
1.2223535227322788,1.3450441130687298,0.9629380031371572,0.6693415748525924
1.2223535227322788,1.3450441130687298,1.1167733461137965,0.6693415748525924
1.2223535227322788,1.330839804870601,0.9518853122086163,0.6693415748525924
1.2223535227322788,1.330839804870601,0.9875947870039333,0.6693415748525924
1.2223535227322788,1.330839804870601,0.9719608381118031,0.6693415748525924
1.2223535227322788,1.330839804870601,0.9777622754700961,0.6693415748525924
1.0995013279501595,1.330839804870601,1.094349643029126,0.6693415748525924
1.0995013279501595,1.330839804870601,1.184687118407203,0.6693415748525924
1.0995013279501595,1.330839804870601,1.0481249135439175,0.6693415748525924
1.0995013279501595,1.330839804870601,1.1882834605937873,0.6693415748525924
1.16796239337424,1.330839804870601,1.0580195774879073,0.6693415748525924
1.0763902324859835,1.330839804870601,1.0167919121832738,0.6693415748525924
1.0763902324859835,1.330839804870601,1.1401517632021034,0.6693415748525924
1.0763902324859835,1.330839804870601,1.1791156145643902,0.6693415748525924
1.0763902324859835,1.330839804870601,1.0688012650196348,0.6693415748525924
1.0763902324859835,1.330839804870601,1.1652184670023331,0.6693415748525924
1.0763902324859835,1.330839804870601,1.0976142400064244,0.6693415748525924
1.0763902324859835,1.330839804870601,1.194716632034791,0.6693415748525924
1.0763902324859835,1.330839804870601,1.113547365170221,0.6693415748525924
1.0763902324859835,1.330839804870601,1.0491497551179834,0.6693415748525924
1.0763902324859835,1.390345387865072,1.121261424195748,0.6693415748525924
1.0763902324859835,1.390345387865072,0.9648024209727721,0.6693415748525924
1.042603414694426,1.390345387865072,1.0087649040109512,0.6693415748525924
1.042603414694426,1.320749532499403,1.0698951456268664,0.6978520325023977
1.042603414694426,1.320749532499403,1.273267049525455,0.6978520325023977
1.042603414694426,1.320749532499403,1.1319078465082495,0.6978520325023977
1.0568206249101555,1.320749532499403,1.1989131646040356,0.6978520325023977
1.0568206249101555,1.3354758343073612,1.122804179245743,0.6978520325023977
1.0568206249101555,1.3354758343073612,1.0763930242716924,0.6978520325023977
1.0568206249101555,1.3354758343073612,1.0947849493737094,0.7024606664446807
1.0568206249101555,1.3354758343073612,1.2216473266881447,0.7024606664446807
1.0568206249101555,1.3354758343073612,1.2671180259211143,0.7024606664446807
1.0568206249101555,1.3354758343073612,1.0019822308226256,0.7024606664446807
1.0568206249101555,1.3354758343073612,1.2657638801761149,0.7024606664446807
1.0568206249101555,1.3354758343073612,1.1164021425007977,0.7024606664446807
1.0568206249101555,1.3354758343073612,1.1540537039405245,0.7024606664446807
1.0568206249101555,1.3354758343073612,1.2554524388698205,0.7024606664446807
1.0568206249101555,1.3354758343073612,1.1969066531390289,0.6731886250019151
1.0568206249101555,1.3354758343073612,1.056113599419918,0.6731886250019151
1.0568206249101555,1.3354758343073612,1.216484712671092,0.6731886250019151
1.0568206249101555,1.3354758343073612,1.1034888332075061,0.6731886250019151
1.0568206249101555,1.3354758343073612,1.225186017006024,0.6731886250019151
1.0568206249101555,1.3354758343073612,1.1129233876195574,0.6731886250019151
1.0568206249101555,1.3354758343073612,1.1890355316245214,0.6731886250019151
1.0568206249101555,1.3354758343073612,1.1463913123109057,0.6731886250019151
1.0568206249101555,1.3354758343073612,1.1977616964815667,0.6731886250019151
1.0568206249101555,1.3354758343073612,1.0710976986456788,0.6731886250019151
1.0568206249101555,1.3354758343073612,1.1215683653009894,0.6731886250019151
1.0568206249101555,1.3354758343073612,1.1334516501891547,0.6731886250019151
1.0568206249101555,1.3354758343073612,1.0626076572819185,0.6731886250019151
1.0568206249101555,1.3354758343073612,1.1122165527570647,0.6603884617894475
1.0568206249101555,1.3354758343073612,1.2279946897343053,0.6603884617894475
0.9757878246340598,1.3354758343073612,1.2072589406578873,0.6603884617894475
0.9757878246340598,1.3354758343073612,1.2816673765933067,0.6603884617894475
0.9757878246340598,1.3354758343073612,1.1603768385675395,0.6603884617894475
0.9757878246340598,1.3354758343073612,1.1775080732761176,0.6638940383420848
0.9757878246340598,1.3354758343073612,1.1984953036285515,0.6126072456208528
0.9757878246340598,1.3354758343073612,1.1866734205287035,0.6126072456208528
0.9757878246340598,1.3354758343073612,1.256613310352261,0.6126072456208528
0.9757878246340598,1.3354758343073612,1.299214655239081,0.6956402050014027
0.9757878246340598,1.3354758343073612,1.2326220838124984,0.6956402050014027
0.9757878246340598,1.3354758343073612,1.20159498673449,0.6956402050014027
0.9757878246340598,1.3354758343073612,1.1571799391776605,0.6956402050014027
0.9757878246340598,1.3354758343073612,1.307597449814105,0.6956402050014027
0.9757878246340598,1.3354758343073612,1.3180069493516322,0.6956402050014027
0.9757878246340598,1.3354758343073612,1.2580027836554697,0.6956402050014027
0.9611821346100541,1.3354758343073612,1.2798844964095646,0.6956402050014027
0.9611821346100541,1.3354758343073612,1.21388113192305,0.6956402050014027
0.9611821346100541,1.3354758343073612,1.3605076177038844,0.6956402050014027
0.9726827579028736,1.3354758343073612,1.2011149854775314,0.6956402050014027
0.9726827579028736,1.3354758343073612,1.2812083837715766,0.6409980794401086
0.9726827579028736,1.3354758343073612,1.1382666213811792,0.6409980794401086
0.9726827579028736,1.3354758343073612,1.2549818972911002,0.6409980794401086
0.9726827579028736,1.3354758343073612,1.2358663808301598,0.6409980794401086
0.9726827579028736,1.3354758343073612,1.2043454563139449,0.6409980794401086
0.9726827579028736,1.3354758343073612,1.1280129719572303,0.6409980794401086
0.9726827579028736,1.3354758343073612,1.0159803764399364,0.6409980794401086
0.9726827579028736,1.3354758343073612,1.1662970931872072,0.6409980794401086
0.9726827579028736,1.3354758343073612,1.1773026243854348,0.6409980794401086
0.8231977062567787,1.3354758343073612,1.3441451716127741,0.6409980794401086
0.8231977062567787,1.3354758343073612,1.2872931750384535,0.6409980794401086
0.8231977062567787,1.3354758343073612,1.6291084440107115,0.6409980794401086
0.8231977062567787,1.3354758343073612,1.434749534601111,0.6409980794401086
0.8231977062567787,1.3354758343073612,1.3274258891172437,0.6409980794401086
0.8231977062567787,1.3354758343073612,1.4178118454732185,0.6409980794401086
0.8300831767497552,1.3354758343073612,1.513825719846812,0.6409980794401086
0.8300831767497552,1.361184573139858,1.4315145599112715,0.6409980794401086
0.8300831767497552,1.361184573139858,1.4242208779261278,0.6409980794401086
0.8300831767497552,1.361184573139858,1.3557265748381564,0.6409980794401086
0.8300831767497552,1.361184573139858,1.3438331775051318,0.6409980794401086
0.8439295886854625,1.361184573139858,1.3213115996424696,0.6409980794401086
0.8439295886854625,1.361184573139858,1.2646093108706529,0.6409980794401086
0.8439295886854625,1.361184573139858,1.2896259764242064,0.6409980794401086
0.8439295886854625,1.361184573139858,1.2246828460778998,0.6068996558550949
0.8439295886854625,1.3632932153509714,1.2420977504401083,0.6068996558550949
0.8439295886854625,1.3632932153509714,1.3574311869994078,0.6068996558550949
0.8439295886854625,1.3632932153509714,1.252411901057206,0.6068996558550949
0.8439295886854625,1.3632932153509714,1.263880916114071,0.6068996558550949
0.8439295886854625,1.3632932153509714,1.3257771378949368,0.6068996558550949
0.8439295886854625,1.3632932153509714,1.3073716518623684,0.6068996558550949
0.8439295886854625,1.3632932153509714,1.240994200145308,0.6068996558550949
0.8439295886854625,1.3632932153509714,1.2958649460924139,0.6068996558550949
0.8439295886854625,1.3632932153509714,1.3842531587267495,0.6068996558550949
0.8439295886854625,1.3632932153509714,1.4259160904168844,0.6068996558550949
0.8439295886854625,1.3632932153509714,1.334907873555819,0.6068996558550949
0.8439295886854625,1.3632932153509714,1.2330083803627436,0.6068996558550949
0.8439295886854625,1.3632932153509714,1.293707007255961,0.6068996558550949
0.8439295886854625,1.3370326121404545,1.2334512972106262,0.6068996558550949
0.8439295886854625,1.3370326121404545,1.1558466255158826,0.6068996558550949
0.8814979951282307,1.3370326121404545,1.3400695644567457,0.6068996558550949
0.8814979951282307,1.3370326121404545,1.2751344208958417,0.6068996558550949
0.8814979951282307,1.3370326121404545,1.2784647580889057,0.6068996558550949
0.8814979951282307,1.3370326121404545,1.1491590751699718,0.6068996558550949
0.8814979951282307,1.3370326121404545,1.2854433861936951,0.6068996558550949
0.8814979951282307,1.3370326121404545,1.3000698391813028,0.6215155817568597
0.8814979951282307,1.3370326121404545,1.2126706322874365,0.6215155817568597
0.8814979951282307,1.3370326121404545,1.2952828528307148,0.6215155817568597
0.8814979951282307,1.3370326121404545,1.2945591558177902,0.6215155817568597
0.8814979951282307,1.3370326121404545,1.3943436034583154,0.6215155817568597
0.8814979951282307,1.3370326121404545,1.2712981456206986,0.6215155817568597
0.8814979951282307,1.3370326121404545,1.283373782648732,0.6608685009375407
0.8814979951282307,1.3370326121404545,1.4575449785060297,0.6608685009375407
0.8814979951282307,1.3370326121404545,1.2446685934146324,0.6608685009375407
0.8814979951282307,1.3370326121404545,1.239536953620851,0.6608685009375407
0.8814979951282307,1.3370326121404545,1.2544468473858914,0.6608685009375407
0.8814979951282307,1.3370326121404545,1.421809678918004,0.6608685009375407
0.8814979951282307,1.3370326121404545,1.5136103798826754,0.6608685009375407
0.8814979951282307,1.3370326121404545,1.3837832960171639,0.6608685009375407
0.8814979951282307,1.3370326121404545,1.5015118539556351,0.6608685009375407
0.8814979951282307,1.3370326121404545,1.357538413243316,0.6608685009375407
0.8814979951282307,1.3370326121404545,1.336769623016734,0.6608685009375407
0.8814979951282307,1.3370326121404545,1.3845176793731453,0.6608685009375407
0.8814979951282307,1.3370326121404545,1.4325605588363368,0.6608685009375407
0.8814979951282307,1.3370326121404545,1.3423834456129222,0.6608685009375407
0.8814979951282307,1.3370326121404545,1.4476633337941776,0.6608685009375407
0.8814979951282307,1.3370326121404545,1.3531701489572747,0.6608685009375407
0.8814979951282307,1.3370326121404545,1.3193665933641332,0.6608685009375407
0.8814979951282307,1.3370326121404545,1.3577443444365085,0.6608685009375407
0.8814979951282307,1.3370326121404545,1.4522963563055258,0.681958755527273
0.8814979951282307,1.3370326121404545,1.4229406139081127,0.681958755527273
0.8814979951282307,1.3370326121404545,1.3681253917293823,0.681958755527273
0.8814979951282307,1.3370326121404545,1.4153785530507206,0.681958755527273
0.8814979951282307,1.3370326121404545,1.3931571446609603,0.681958755527273
0.8814979951282307,1.3370326121404545,1.4077051796447588,0.681958755527273
0.8814979951282307,1.3370326121404545,1.3852786268569504,0.681958755527273
0.9595993687943828,1.3370326121404545,1.2501621993857166,0.681958755527273
0.9595993687943828,1.3370326121404545,1.1999066974961945,0.681958755527273
0.9595993687943828,1.3370326121404545,1.1783331048179653,0.681958755527273
0.9595993687943828,1.3370326121404545,1.3625531642455486,0.681958755527273
0.9595993687943828,1.3370326121404545,1.3013482274483592,0.681958755527273
0.9595993687943828,1.3370326121404545,1.4283451119133541,0.681958755527273
0.9595993687943828,1.3370326121404545,1.414833273986787,0.681958755527273
0.9595993687943828,1.3370326121404545,1.30653833811658,0.681958755527273
0.9595993687943828,1.3370326121404545,1.2690724550673373,0.681958755527273
0.9595993687943828,1.3370326121404545,1.2385427673657985,0.6100833095118463
0.9595993687943828,1.3370326121404545,1.1445161575864753,0.6100833095118463
0.9595993687943828,1.3370326121404545,1.196681870921776,0.6100833095118463
0.9595993687943828,1.3370326121404545,1.1261872393887296,0.6100833095118463
0.9595993687943828,1.3370326121404545,1.25524759802408,0.6100833095118463
0.9595993687943828,1.3370326121404545,1.3121650281476196,0.6100833095118463
0.9595993687943828,1.3370326121404545,1.3288727262778033,0.6100833095118463
0.9595993687943828,1.3370326121404545,1.1823985438738034,0.6100833095118463
0.9595993687943828,1.3370326121404545,1.0917224599656812,0.6643370194994982
0.9595993687943828,1.3370326121404545,1.2093505854727848,0.6643370194994982
0.9595993687943828,1.3370326121404545,1.3228386151638056,0.6643370194994982
0.9595993687943828,1.3370326121404545,1.289593803942214,0.6643370194994982
0.9595993687943828,1.3370326121404545,1.2735863051303618,0.6643370194994982
0.9595993687943828,1.3370326121404545,1.2412451291155613,0.6643370194994982
0.9595993687943828,1.3370326121404545,1.3105968154557472,0.6643370194994982
0.9595993687943828,1.3370326121404545,1.1701071577644895,0.66138415057068
0.9595993687943828,1.3370326121404545,1.28971536490638,0.66138415057068
0.9595993687943828,1.3370326121404545,1.2332479542530996,0.66138415057068
0.9595993687943828,1.3370326121404545,1.2723384599735232,0.66138415057068
0.9595993687943828,1.3370326121404545,1.2419198987306235,0.66138415057068
0.9595993687943828,1.3370326121404545,1.306918721874767,0.66138415057068
0.9595993687943828,1.3370326121404545,1.386050350410847,0.66138415057068
0.9595993687943828,1.3370326121404545,1.178157915190449,0.66138415057068
0.9595993687943828,1.3370326121404545,1.2620065205160746,0.66138415057068
0.9595993687943828,1.3370326121404545,1.2529237854614448,0.66138415057068
0.9595993687943828,1.3370326121404545,1.2726852630697052,0.66138415057068
0.9595993687943828,1.3370326121404545,1.2792417293096672,0.66138415057068
0.9595993687943828,1.3370326121404545,1.1497739229671111,0.66138415057068
0.9595993687943828,1.3370326121404545,1.070154554719501,0.66138415057068
0.9595993687943828,1.3370326121404545,1.2614769511754398,0.66138415057068
0.9595993687943828,1.3370326121404545,1.1846038095833045,0.66138415057068
0.9595993687943828,1.3500884805181166,1.1156704887486784,0.66138415057068
0.9595993687943828,1.3500884805181166,1.2508531647769092,0.66138415057068
0.9595993687943828,1.3500884805181166,1.2648083166705175,0.66138415057068
0.9595993687943828,1.3500884805181166,1.1642454631117598,0.66138415057068
0.9595993687943828,1.3500884805181166,1.2850745260041185,0.66138415057068
0.9595993687943828,1.3500884805181166,1.2911802723948265,0.66138415057068
0.9595993687943828,1.416034663780514,1.0836690291711875,0.7068394578949185
0.9595993687943828,1.416034663780514,1.1918771468983065,0.7068394578949185
0.9595993687943828,1.416034663780514,1.148923793023829,0.7068394578949185
0.9595993687943828,1.416034663780514,1.1279328259702335,0.7068394578949185
0.9595993687943828,1.416034663780514,1.1392372473132488,0.7068394578949185
0.9595993687943828,1.416034663780514,1.1030640223710266,0.7068394578949185
0.9595993687943828,1.416034663780514,1.1392114029447507,0.7068394578949185
0.9595993687943828,1.416034663780514,1.0431922752503138,0.7068394578949185
0.9595993687943828,1.416034663780514,1.1343892943668465,0.7068394578949185
0.9595993687943828,1.416034663780514,1.034746270111561,0.7068394578949185
0.9595993687943828,1.416034663780514,1.1376151163866046,0.7068394578949185
0.9595993687943828,1.416034663780514,1.1297035557786916,0.7068394578949185
0.9595993687943828,1.416034663780514,1.0801698084382527,0.7068394578949185
0.9595993687943828,1.416034663780514,1.1477474666708527,0.7068394578949185
0.9595993687943828,1.416034663780514,1.1342874398321185,0.7068394578949185
0.9595993687943828,1.416034663780514,1.0468377858225688,0.7068394578949185
0.9637369246030499,1.416034663780514,1.1503782146289159,0.7068394578949185
0.9637369246030499,1.416034663780514,1.1423351679690843,0.7068394578949185
0.9637369246030499,1.416034663780514,1.004357837263279,0.7068394578949185
0.9637369246030499,1.416034663780514,1.0728100148740287,0.7068394578949185
0.9637369246030499,1.416034663780514,1.208990584395098,0.7068394578949185
0.9637369246030499,1.3853752848467278,1.0862037082811724,0.7068394578949185
0.9637369246030499,1.3853752848467278,1.2279300104207425,0.7068394578949185
1.0469546529198575,1.3853752848467278,1.1013530272881593,0.7068394578949185
1.0469546529198575,1.3853752848467278,1.0186946977369205,0.7068394578949185
1.0469546529198575,1.3853752848467278,1.0885598556892286,0.7068394578949185
1.0469546529198575,1.3853752848467278,0.9647394877463488,0.7068394578949185
1.0469546529198575,1.3853752848467278,1.1500207447736646,0.6972234923988193
1.0469546529198575,1.3853752848467278,1.0646257279089821,0.6972234923988193
1.0269238097221325,1.3853752848467278,1.0681052084529004,0.6972234923988193
1.0269238097221325,1.3853752848467278,1.089996583404591,0.6972234923988193
1.0269238097221325,1.3853752848467278,1.1226480928954543,0.6972234923988193
1.0269238097221325,1.3853752848467278,1.1314417477971932,0.6972234923988193
1.0269238097221325,1.3853752848467278,1.0679424712171812,0.6972234923988193
1.0269238097221325,1.3853752848467278,1.0278889728247624,0.6972234923988193
1.0269238097221325,1.3853752848467278,1.1440905765872766,0.6972234923988193
1.0269238097221325,1.3853752848467278,0.9509215873548176,0.6972234923988193
1.0269238097221325,1.3853752848467278,1.0987151834848186,0.6972234923988193
1.0269238097221325,1.3853752848467278,1.1588938298222076,0.6972234923988193
1.0269238097221325,1.3853752848467278,1.0915544139125046,0.6730119193999794
1.0269238097221325,1.3853752848467278,1.0352908377123105,0.6730119193999794
1.0269238097221325,1.3853752848467278,0.9893610731209221,0.6730119193999794
1.0269238097221325,1.3853752848467278,1.101883441148904,0.6730119193999794
1.0269238097221325,1.3853752848467278,1.0399988242773426,0.6730119193999794
1.0269238097221325,1.3853752848467278,1.0972066673396588,0.6730119193999794
1.0269238097221325,1.3853752848467278,1.0146191071458266,0.6730119193999794
1.0269238097221325,1.3853752848467278,1.0319187158454768,0.6730119193999794
1.0269238097221325,1.3853752848467278,1.1064286368075125,0.6730119193999794
1.0269238097221325,1.3853752848467278,1.0581659755359194,0.6730119193999794
1.0269238097221325,1.3853752848467278,1.0857007332742612,0.6730119193999794
1.0269238097221325,1.3853752848467278,1.012097922504097,0.6730119193999794
1.0269238097221325,1.3853752848467278,0.9533275646723683,0.6730119193999794
1.0269238097221325,1.3853752848467278,1.0198459292016822,0.6730119193999794
1.0269238097221325,1.3853752848467278,1.0510428924317314,0.6730119193999794
1.0269238097221325,1.3853752848467278,0.9763300568648532,0.6687454882612752
1.0269238097221325,1.3853752848467278,1.0362676657543077,0.6687454882612752
1.0551953782534969,1.3853752848467278,1.0582033747651796,0.6687454882612752
0.9668686204426702,1.3853752848467278,1.0421019193735435,0.6687454882612752
0.9668686204426702,1.3853752848467278,1.2018793581630707,0.6687454882612752
0.9668686204426702,1.3853752848467278,1.129230183525388,0.6687454882612752
0.9668686204426702,1.3853752848467278,1.1033441841270777,0.6687454882612752
0.9668686204426702,1.3853752848467278,1.1324682351901034,0.6687454882612752
0.9668686204426702,1.3853752848467278,1.1209714793025312,0.6687454882612752
0.9668686204426702,1.3853752848467278,1.0083634201464455,0.6687454882612752
0.9668686204426702,1.3853752848467278,1.1534416794346205,0.6687454882612752
0.9668686204426702,1.3853752848467278,1.1627277331432377,0.6687454882612752
0.9668686204426702,1.3853752848467278,1.1039240402362764,0.6687454882612752
0.9668686204426702,1.3853752848467278,1.1070590762552386,0.6687454882612752
0.9061933573062052,1.3853752848467278,1.2194615397743045,0.6687454882612752
0.9061933573062052,1.3853752848467278,1.2509032339456931,0.6687454882612752
0.9061933573062052,1.3853752848467278,1.1619119170198724,0.6309158253385285
0.9061933573062052,1.3853752848467278,1.1018835631336252,0.6309158253385285
0.9061933573062052,1.3853752848467278,1.1883609609933692,0.6309158253385285
0.9061933573062052,1.3853752848467278,1.2393536295503087,0.6309158253385285
0.9061933573062052,1.3853752848467278,1.1763524916787342,0.6309158253385285
0.9061933573062052,1.3853752848467278,1.149208363925543,0.6309158253385285
0.9061933573062052,1.3853752848467278,1.2999129209833928,0.6309158253385285
0.9061933573062052,1.3853752848467278,1.1365902643475205,0.6309158253385285
0.9061933573062052,1.3853752848467278,1.0872626203052016,0.6309158253385285
0.9061933573062052,1.3853752848467278,1.2831512343818936,0.6309158253385285
0.9061933573062052,1.3853752848467278,1.216813330262684,0.6608431619045435
0.9061933573062052,1.3853752848467278,1.1981698343272371,0.6608431619045435
0.9061933573062052,1.3853752848467278,1.1459501964154404,0.6608431619045435
0.9061933573062052,1.3853752848467278,1.2237412333915894,0.6608431619045435
0.8961954385595402,1.3853752848467278,1.1829762985035683,0.6608431619045435
0.8961954385595402,1.3853752848467278,1.2539694880280192,0.6608431619045435
0.8961954385595402,1.3853752848467278,1.1345489497967387,0.6608431619045435
0.8961954385595402,1.3853752848467278,1.169388388693016,0.6608431619045435
0.8961954385595402,1.3853752848467278,1.1238303287393119,0.6476959122880267
0.8961954385595402,1.3853752848467278,1.137231937690163,0.6476959122880267
0.8961954385595402,1.3853752848467278,1.2262633378262398,0.6476959122880267
0.8961954385595402,1.3853752848467278,1.1502784004144573,0.6476959122880267
0.8961954385595402,1.3853752848467278,1.2653448852985754,0.6476959122880267
0.8961954385595402,1.3853752848467278,1.1094453967739326,0.6476959122880267
0.8961954385595402,1.3853752848467278,1.205373815194891,0.6476959122880267
0.949504197820322,1.3853752848467278,1.027930561533084,0.6476959122880267
0.949504197820322,1.3853752848467278,1.0947121596435525,0.6476959122880267
0.949504197820322,1.3853752848467278,1.1794382108399868,0.6476959122880267
0.949504197820322,1.3853752848467278,1.0761771749870064,0.6476959122880267
0.949504197820322,1.3853752848467278,1.075362411813568,0.6476959122880267
0.949504197820322,1.3853752848467278,1.1110245548873265,0.6476959122880267
0.949504197820322,1.3853752848467278,1.1156856352411075,0.6476959122880267
0.949504197820322,1.3853752848467278,1.135382041027141,0.6476959122880267
0.949504197820322,1.3853752848467278,1.225074708110756,0.6476959122880267
0.949504197820322,1.3853752848467278,1.2288028889808564,0.6476959122880267
0.949504197820322,1.3853752848467278,1.042162640129143,0.6476959122880267
0.949504197820322,1.3853752848467278,0.9921788374643038,0.6476959122880267
0.949504197820322,1.3853752848467278,1.0084289593188638,0.6476959122880267
0.949504197820322,1.3853752848467278,1.1608261331032719,0.6476959122880267
0.949504197820322,1.3853752848467278,1.0885819193587694,0.6476959122880267
0.949504197820322,1.3853752848467278,1.1209584095832932,0.6476959122880267
0.949504197820322,1.3853752848467278,1.2513251114242845,0.6476959122880267
0.949504197820322,1.3853752848467278,1.0140961749103583,0.6476959122880267
0.949504197820322,1.3853752848467278,1.2152100932608576,0.6476959122880267
0.949504197820322,1.3853752848467278,1.119224768853339,0.6476959122880267
0.949504197820322,1.362557402489239,1.0648239497860104,0.6476959122880267
0.949504197820322,1.3688930945833073,1.1963142224365906,0.6476959122880267
0.949504197820322,1.3688930945833073,1.2674036436300946,0.6476959122880267
0.949504197820322,1.3688930945833073,1.1540911394820947,0.6476959122880267
0.949504197820322,1.3688930945833073,1.1282680287531774,0.6476959122880267
0.949504197820322,1.3688930945833073,1.175914946012957,0.6476959122880267
0.949504197820322,1.3688930945833073,1.0842613150019162,0.6476959122880267
0.949504197820322,1.3688930945833073,1.0833968019022677,0.6476959122880267
0.991412312841288,1.3688930945833073,1.1385484145382796,0.6476959122880267
0.991412312841288,1.3688930945833073,1.178412933880966,0.72410273765538
0.991412312841288,1.3688930945833073,1.1372951369809523,0.6206567891457103
0.991412312841288,1.3688930945833073,1.0020505908460708,0.6206567891457103
0.991412312841288,1.3688930945833073,1.0975773052513644,0.6206567891457103
0.991412312841288,1.3688930945833073,0.9706714705909517,0.6206567891457103
0.991412312841288,1.3688930945833073,1.1389896918548827,0.6206567891457103
0.991412312841288,1.3688930945833073,1.024877104729341,0.6206567891457103
0.991412312841288,1.3688930945833073,1.1354586618431197,0.7110866393303528
0.991412312841288,1.3688930945833073,1.2013298980520513,0.7110866393303528
0.991412312841288,1.3688930945833073,1.154113499086078,0.7110866393303528
0.991412312841288,1.3688930945833073,1.146825963591091,0.7110866393303528
0.991412312841288,1.3688930945833073,1.1079382972734464,0.7110866393303528
0.9188797516118634,1.3688930945833073,1.225717744489498,0.7110866393303528
0.9188797516118634,1.3688930945833073,1.3581711740690008,0.7110866393303528
0.9188797516118634,1.3688930945833073,1.238809496413439,0.7110866393303528
0.9188797516118634,1.3688930945833073,1.4086639295948997,0.7110866393303528
1.0297927937730502,1.3688930945833073,1.3139537167776874,0.7110866393303528
1.0297927937730502,1.3688930945833073,1.0964669081117737,0.7110866393303528
1.0297927937730502,1.3688930945833073,1.2072041720665798,0.7110866393303528
1.0297927937730502,1.3688930945833073,1.090239195339473,0.7110866393303528
1.0297927937730502,1.3688930945833073,1.082957670390602,0.7110866393303528
0.9333314253535734,1.3688930945833073,1.1381022694152843,0.7110866393303528
0.9333314253535734,1.3688930945833073,1.1237510463603044,0.7110866393303528
0.9333314253535734,1.3688930945833073,1.2107685193772724,0.7110866393303528
0.9333314253535734,1.3688930945833073,1.1472266020808388,0.6697784696408776
1.0129888427375697,1.3688930945833073,1.2519303374582744,0.6697784696408776
1.0129888427375697,1.3688930945833073,1.0412866528531253,0.6697784696408776
1.0129888427375697,1.3688930945833073,1.1185861051640547,0.6697784696408776
1.0129888427375697,1.3688930945833073,1.0618776519038664,0.6697784696408776
1.0129888427375697,1.3688930945833073,1.0636348909077935,0.6697784696408776
