α,β,θ,ρ
0.7165577174767433,1.6764293108303217,0.8039017546241991,0.3078503903913161
0.7165577174767433,1.6764293108303217,0.9271811350045096,0.3078503903913161
0.7165577174767433,1.6764293108303217,0.8801462159040784,0.3078503903913161
0.7165577174767433,1.6764293108303217,0.804642208538628,0.3078503903913161
0.7165577174767433,1.6764293108303217,0.8487767748421134,0.3078503903913161
0.7165577174767433,1.6764293108303217,0.84069615775819,0.3078503903913161
0.7165577174767433,1.6764293108303217,0.959488993782867,0.3078503903913161
0.7165577174767433,1.6764293108303217,0.894100680387654,0.3078503903913161
0.7165577174767433,1.6764293108303217,0.860503257974691,0.3078503903913161
0.7165577174767433,1.6764293108303217,0.9283360005933444,0.3078503903913161
0.7165577174767433,1.6764293108303217,0.874529634166931,0.3078503903913161
0.7165577174767433,1.6764293108303217,0.908387187205033,0.3078503903913161
0.7165577174767433,1.6527162370349944,0.881132039450391,0.3078503903913161
0.7165577174767433,1.6527162370349944,0.927856562834416,0.3078503903913161
0.7165577174767433,1.6527162370349944,0.8621651804554411,0.3078503903913161
0.7165577174767433,1.6527162370349944,0.9500901255590566,0.3078503903913161
0.7165577174767433,1.6527162370349944,0.9575362667038396,0.30023123025616
0.7165577174767433,1.6527162370349944,0.9573399958668739,0.30023123025616
0.7165577174767433,1.6527162370349944,0.9516133447088996,0.30023123025616
0.7165577174767433,1.6527162370349944,0.9284375524808667,0.30023123025616
0.7165577174767433,1.6527162370349944,0.9215546457022957,0.30023123025616
0.7165577174767433,1.6527162370349944,0.9421171702920341,0.30023123025616
0.7165577174767433,1.6527162370349944,0.888301726144672,0.30023123025616
0.7165577174767433,1.6527162370349944,0.8542435011540122,0.30023123025616
0.6795203058420799,1.6527162370349944,0.9807189089544215,0.30023123025616
0.6795203058420799,1.6527162370349944,1.0082556844444133,0.30023123025616
0.6795203058420799,1.6527162370349944,0.9942668380943798,0.30023123025616
0.6795203058420799,1.6527162370349944,0.9952889306726225,0.30023123025616
0.6795203058420799,1.6527162370349944,0.8382888875449366,0.19664097799955543
0.6795203058420799,1.6527162370349944,0.9185035931047268,0.19664097799955543
0.6795203058420799,1.6527162370349944,0.8576643786232975,0.19664097799955543
0.6795203058420799,1.6527162370349944,0.8758845507431163,0.19664097799955543
0.6795203058420799,1.6527162370349944,0.792234022960067,0.19664097799955543
0.6795203058420799,1.6527162370349944,0.9279725922937848,0.19664097799955543
0.6795203058420799,1.6527162370349944,0.8652340905720073,0.19664097799955543
0.6795203058420799,1.6527162370349944,0.8526253571094718,0.19664097799955543
0.6810527781854742,1.6527162370349944,0.8937335258546941,0.2939015768576485
0.6810527781854742,1.7116772004484888,0.9158761533434802,0.2939015768576485
0.6810527781854742,1.7116772004484888,0.8910704231967607,0.2939015768576485
0.6810527781854742,1.7116772004484888,0.8348259961967643,0.2939015768576485
0.6810527781854742,1.7116772004484888,0.8687667237063508,0.2939015768576485
0.6810527781854742,1.7116772004484888,0.8707993780586423,0.2939015768576485
0.6810527781854742,1.7116772004484888,0.8216931863961257,0.2939015768576485
0.6810527781854742,1.7116772004484888,0.9103883748879626,0.3042220445458655
0.6392937427493203,1.7116772004484888,0.8211643342130434,0.3042220445458655
0.6392937427493203,1.7116772004484888,0.8937928046860836,0.269532022146076
0.6392937427493203,1.7116772004484888,0.9050909049416687,0.269532022146076
0.6392937427493203,1.7116772004484888,0.9617237579570144,0.269532022146076
0.6392937427493203,1.7116772004484888,0.9504514539981515,0.269532022146076
0.6392937427493203,1.7116772004484888,0.9190854266609454,0.269532022146076
0.6392937427493203,1.7116772004484888,0.9686853741612934,0.269532022146076
0.6392937427493203,1.7116772004484888,0.8402309366445101,0.269532022146076
0.6392937427493203,1.7116772004484888,0.8743412156093878,0.269532022146076
0.6392937427493203,1.7116772004484888,0.9706483610487888,0.269532022146076
0.689407952857587,1.7116772004484888,0.8816148864196253,0.269532022146076
0.689407952857587,1.7116772004484888,0.817818868416742,0.269532022146076
0.689407952857587,1.7116772004484888,0.826389966488067,0.27600831718093843
0.689407952857587,1.7116772004484888,0.8339819937775508,0.27600831718093843
0.689407952857587,1.7116772004484888,0.8602736623889726,0.27600831718093843
0.689407952857587,1.7116772004484888,0.8543121371202117,0.27600831718093843
0.689407952857587,1.7116772004484888,0.8546548898342838,0.27600831718093843
0.689407952857587,1.6885117844185518,0.8355544047165935,0.27600831718093843
0.689407952857587,1.6885117844185518,0.8086874371325904,0.27600831718093843
0.689407952857587,1.6885117844185518,0.862781279909895,0.27600831718093843
0.689407952857587,1.6885117844185518,0.8841404152988502,0.27600831718093843
0.689407952857587,1.6885117844185518,0.8660693082298757,0.27600831718093843
0.689407952857587,1.6885117844185518,0.8276233465950964,0.2895133190777253
0.689407952857587,1.6885117844185518,0.8039709218888482,0.2895133190777253
0.689407952857587,1.6885117844185518,0.9002646382198618,0.2895133190777253
0.689407952857587,1.6885117844185518,0.8934651226146251,0.2895133190777253
0.689407952857587,1.6885117844185518,0.8769370426861635,0.2895133190777253
0.689407952857587,1.6885117844185518,0.9373562365119422,0.2895133190777253
0.689407952857587,1.6885117844185518,0.9034182153407126,0.2895133190777253
0.689407952857587,1.6885117844185518,0.8753475627445032,0.2266121710942691
0.689407952857587,1.6885117844185518,0.9329928068402636,0.2266121710942691
0.689407952857587,1.6885117844185518,0.8642405103077936,0.2266121710942691
0.689407952857587,1.6885117844185518,0.8517327921517713,0.2266121710942691
0.689407952857587,1.6885117844185518,0.9058040070142322,0.2266121710942691
0.689407952857587,1.6885117844185518,0.8418802218764687,0.2266121710942691
0.689407952857587,1.6885117844185518,0.8813302303715506,0.2266121710942691
0.689407952857587,1.6885117844185518,0.826684534921367,0.2266121710942691
0.689407952857587,1.6885117844185518,0.8328077478516195,0.2266121710942691
0.689407952857587,1.6885117844185518,0.8950786223130348,0.2266121710942691
0.689407952857587,1.6885117844185518,0.8669588596149812,0.2266121710942691
0.689407952857587,1.6885117844185518,0.8807163124541775,0.2266121710942691
0.689407952857587,1.6051738837603793,0.872482735937609,0.2266121710942691
0.689407952857587,1.6051738837603793,1.008924498802205,0.2266121710942691
0.689407952857587,1.6051738837603793,1.0433798753773684,0.2266121710942691
0.689407952857587,1.6051738837603793,1.0269270218402369,0.2266121710942691
0.689407952857587,1.553066464050943,0.9731864934059458,0.2266121710942691
0.689407952857587,1.5414735105517765,1.0847230392713383,0.2266121710942691
0.689407952857587,1.5414735105517765,1.0252149304959566,0.2266121710942691
0.689407952857587,1.5247681746758754,1.0847180159687944,0.2266121710942691
0.689407952857587,1.5247681746758754,1.1687071531599569,0.2266121710942691
0.689407952857587,1.5247681746758754,1.1828214546662388,0.2266121710942691
0.689407952857587,1.5247681746758754,1.0698900117774996,0.2266121710942691
0.689407952857587,1.5247681746758754,1.1635469181609477,0.2266121710942691
0.689407952857587,1.5247681746758754,1.1337161377457763,0.2266121710942691
0.689407952857587,1.5247681746758754,1.0433906123198986,0.2266121710942691
0.689407952857587,1.5247681746758754,1.099632682084114,0.2266121710942691
0.689407952857587,1.5247681746758754,1.1415374803935103,0.2266121710942691
0.689407952857587,1.658352122350487,0.9762770600459022,0.2266121710942691
0.689407952857587,1.658352122350487,0.911239898545167,0.2266121710942691
0.689407952857587,1.658352122350487,0.9366548258817248,0.2266121710942691
0.689407952857587,1.658352122350487,0.8369545389813029,0.2266121710942691
0.689407952857587,1.658352122350487,0.8886215064369545,0.2266121710942691
0.689407952857587,1.658352122350487,0.8440900155828013,0.2266121710942691
0.689407952857587,1.658352122350487,0.9199555751705525,0.2266121710942691
0.689407952857587,1.658352122350487,0.8903878341915772,0.2266121710942691
0.689407952857587,1.658352122350487,0.857470986037477,0.2266121710942691
0.689407952857587,1.658352122350487,0.9076181078863812,0.2266121710942691
0.6875946923427649,1.658352122350487,0.8844066998052628,0.2266121710942691
0.6875946923427649,1.658352122350487,0.8351606130054856,0.2266121710942691
0.6875946923427649,1.658352122350487,0.9975059016737969,0.2266121710942691
0.6875946923427649,1.658352122350487,0.8878399155092066,0.2266121710942691
0.5791968550037321,1.658352122350487,0.9580137494287946,0.2266121710942691
0.5791968550037321,1.658352122350487,1.0380724838142719,0.2266121710942691
0.5791968550037321,1.658352122350487,1.0055004477977547,0.2266121710942691
0.5791968550037321,1.658352122350487,1.0974890274440952,0.2266121710942691
0.5791968550037321,1.658352122350487,1.0472247148883433,0.2266121710942691
0.5791968550037321,1.658352122350487,1.1108006458791269,0.2266121710942691
0.5791968550037321,1.658352122350487,1.0341609394982556,0.2266121710942691
0.5791968550037321,1.658352122350487,0.9591080749097133,0.2266121710942691
0.5791968550037321,1.658352122350487,1.01978461435931,0.2266121710942691
0.5791968550037321,1.658352122350487,0.9897981820297301,0.2266121710942691
0.5791968550037321,1.658352122350487,1.0591820001077115,0.2266121710942691
0.5791968550037321,1.658352122350487,1.0326506617678266,0.2266121710942691
0.5791968550037321,1.658352122350487,1.055268898355758,0.2266121710942691
0.5791968550037321,1.658352122350487,1.1498102688795988,0.2266121710942691
0.5791968550037321,1.658352122350487,1.0263610668095564,0.2266121710942691
0.5791968550037321,1.658352122350487,1.1388618699561643,0.2266121710942691
0.5791968550037321,1.658352122350487,1.1245342862979857,0.2266121710942691
0.5791968550037321,1.658352122350487,1.0747341330720444,0.2266121710942691
0.6278086345092118,1.658352122350487,1.0311428627199928,0.2266121710942691
0.6278086345092118,1.658352122350487,0.983772515150269,0.2266121710942691
0.6278086345092118,1.658352122350487,1.0297299154441883,0.2266121710942691
0.6278086345092118,1.658352122350487,0.9525222276633902,0.2266121710942691
0.6278086345092118,1.658352122350487,0.9598024273615522,0.2266121710942691
0.6278086345092118,1.658352122350487,0.9769625289477499,0.2266121710942691
0.6278086345092118,1.658352122350487,0.9004113403597829,0.1761035452821529
0.6278086345092118,1.658352122350487,0.9352958727222369,0.1761035452821529
0.6278086345092118,1.658352122350487,0.8707284723203177,0.1761035452821529
0.6278086345092118,1.658352122350487,0.9135466626850131,0.1761035452821529
0.6278086345092118,1.658352122350487,0.8806024856654496,0.1761035452821529
0.6278086345092118,1.658352122350487,0.8537166471796332,0.1761035452821529
0.6278086345092118,1.658352122350487,0.8544360968322207,0.1813496985697844
0.6278086345092118,1.658352122350487,0.9140563441432642,0.1813496985697844
0.6278086345092118,1.658352122350487,0.8968165831137218,0.18921631183840867
0.6278086345092118,1.658352122350487,0.9928706920948985,0.18921631183840867
0.6278086345092118,1.658352122350487,0.9632392281393333,0.18921631183840867
0.6278086345092118,1.658352122350487,0.9773496483399806,0.2299470914306023
0.6278086345092118,1.6410006973490574,0.9017597407298699,0.2299470914306023
0.6278086345092118,1.6410006973490574,0.8632890146696733,0.2299470914306023
0.6278086345092118,1.6410006973490574,0.9407649584023163,0.2299470914306023
0.6278086345092118,1.6410006973490574,1.0644096466036232,0.2299470914306023
0.6278086345092118,1.6410006973490574,1.0220511453068897,0.2299470914306023
0.6278086345092118,1.6410006973490574,1.0098387290846067,0.2299470914306023
0.6278086345092118,1.6410006973490574,1.0310065521436576,0.2299470914306023
0.6278086345092118,1.6410006973490574,0.9951552232941603,0.2299470914306023
0.6278086345092118,1.6410006973490574,1.0114171143444608,0.2299470914306023
0.6278086345092118,1.6410006973490574,0.9831465441560308,0.2299470914306023
0.6278086345092118,1.6410006973490574,0.9267034978218179,0.2299470914306023
0.6278086345092118,1.6410006973490574,1.0860445196321566,0.2299470914306023
0.6278086345092118,1.6410006973490574,0.9380479930907368,0.2299470914306023
0.6278086345092118,1.6410006973490574,0.9400287213716,0.18907583308851514
0.6278086345092118,1.6410006973490574,0.9152993249137221,0.18907583308851514
0.6278086345092118,1.6410006973490574,1.0504473202489109,0.2052954446531552
0.6278086345092118,1.6410006973490574,1.045451527763362,0.2052954446531552
0.6278086345092118,1.6410006973490574,1.020838333863139,0.2052954446531552
0.6278086345092118,1.6410006973490574,1.0386477227881654,0.2052954446531552
0.6278086345092118,1.6410006973490574,1.0299100604074571,0.2052954446531552
0.6625337545598791,1.6410006973490574,0.9220653510077953,0.2052954446531552
0.6625337545598791,1.6410006973490574,0.9192353032745707,0.2052954446531552
0.6625337545598791,1.6410006973490574,0.8687055633069557,0.2052954446531552
0.6625337545598791,1.6410006973490574,0.8798504173519598,0.2052954446531552
0.6625337545598791,1.6410006973490574,0.8877712124051523,0.2052954446531552
0.6625337545598791,1.661592964118588,0.9188969074869057,0.2096093266670334
0.6625337545598791,1.661592964118588,0.8908162441911186,0.2096093266670334
0.6625337545598791,1.661592964118588,0.8872837222142524,0.2096093266670334
0.6625337545598791,1.661592964118588,0.9772152077554812,0.2096093266670334
0.6625337545598791,1.661592964118588,0.9089951409122378,0.32815553606166015
0.6625337545598791,1.661592964118588,1.1086377240228726,0.32815553606166015
0.6625337545598791,1.661592964118588,1.0022046148958876,0.32815553606166015
0.6625337545598791,1.661592964118588,1.0056308786127037,0.28528536903919033
0.6625337545598791,1.661592964118588,0.9721517577668195,0.28528536903919033
0.6625337545598791,1.661592964118588,1.011982466567956,0.28528536903919033
0.6625337545598791,1.713903472202328,0.9383589917427659,0.28528536903919033
0.6625337545598791,1.713903472202328,0.8418555520322583,0.28528536903919033
0.6625337545598791,1.713903472202328,0.8908792522824396,0.28528536903919033
0.6625337545598791,1.713903472202328,0.8888510669439407,0.28528536903919033
0.6625337545598791,1.713903472202328,0.9308826904405709,0.28528536903919033
0.6625337545598791,1.713903472202328,0.9069023431397253,0.28528536903919033
0.6625337545598791,1.713903472202328,0.8364558190870721,0.28528536903919033
0.6625337545598791,1.713903472202328,0.8774132266406413,0.28528536903919033
0.6625337545598791,1.713903472202328,0.9057855235525683,0.28528536903919033
0.6625337545598791,1.713903472202328,0.8034576810639947,0.28528536903919033
0.6625337545598791,1.713903472202328,0.8562813401719797,0.28528536903919033
0.6625337545598791,1.713903472202328,0.9045847552398062,0.28528536903919033
0.6625337545598791,1.6635430801125886,0.9149121113114743,0.28528536903919033
0.6625337545598791,1.6635430801125886,0.8706142896684171,0.28528536903919033
0.6625337545598791,1.6635430801125886,0.8486584749180182,0.28528536903919033
0.6625337545598791,1.6635430801125886,0.9799738072857195,0.28528536903919033
0.6625337545598791,1.6635430801125886,0.9140618634631023,0.22155176154849845
0.6625337545598791,1.6635430801125886,0.8974144788612145,0.22155176154849845
0.6625337545598791,1.6635430801125886,0.8757985431411579,0.22155176154849845
0.6625337545598791,1.6635430801125886,0.9947866681087943,0.22155176154849845
0.6625337545598791,1.6635430801125886,0.9210311296510504,0.22155176154849845
0.6625337545598791,1.6635430801125886,0.840973145877564,0.22155176154849845
0.6625337545598791,1.6635430801125886,0.9710272711791533,0.28148953294310214
0.6625337545598791,1.6635430801125886,0.9683854557294499,0.253698931233427
0.6625337545598791,1.6635430801125886,0.9440629112207496,0.253698931233427
0.6625337545598791,1.6635430801125886,0.9404941295749875,0.2717481029747391
0.6625337545598791,1.6635430801125886,0.9114735974064317,0.2717481029747391
0.6625337545598791,1.6635430801125886,0.9875053228064178,0.2717481029747391
0.6625337545598791,1.6635430801125886,0.9727753189050278,0.2717481029747391
0.6625337545598791,1.6635430801125886,0.9392468705310366,0.2717481029747391
0.6625337545598791,1.6635430801125886,0.9081308775897321,0.2717481029747391
0.6625337545598791,1.6635430801125886,1.0396904091258123,0.2717481029747391
0.6625337545598791,1.6635430801125886,0.9839184288463125,0.2717481029747391
0.6625337545598791,1.6524356196273862,0.8818682750301168,0.2717481029747391
0.6625337545598791,1.6872150571099205,0.9574692129730751,0.2717481029747391
0.6625337545598791,1.6872150571099205,0.9864918419605931,0.27377354489322325
0.6625337545598791,1.6872150571099205,0.900926162794247,0.27377354489322325
0.6625337545598791,1.6872150571099205,0.8309618489603218,0.27377354489322325
0.6625337545598791,1.6872150571099205,0.8459756360631572,0.27377354489322325
0.6625337545598791,1.6872150571099205,0.9601330923000528,0.27377354489322325
0.6625337545598791,1.6872150571099205,0.8619057427756509,0.23629101931081614
0.6625337545598791,1.6872150571099205,0.8807820990711457,0.23629101931081614
0.6625337545598791,1.6764874237441318,0.8567644824339042,0.23629101931081614
0.6625337545598791,1.6764874237441318,0.9466753172743271,0.23629101931081614
0.6625337545598791,1.6764874237441318,0.8546719548698272,0.23629101931081614
0.6625337545598791,1.6764874237441318,1.0286872926785025,0.23629101931081614
0.6625337545598791,1.6764874237441318,0.9464739290829249,0.23629101931081614
0.6625337545598791,1.6764874237441318,0.9269406204565679,0.23629101931081614
0.6625337545598791,1.6764874237441318,0.9117130277479263,0.23629101931081614
0.6625337545598791,1.6764874237441318,0.8863763633773998,0.23629101931081614
0.6625337545598791,1.6764874237441318,0.9603484043035954,0.23629101931081614
0.6625337545598791,1.6764874237441318,0.8335839729027439,0.23629101931081614
0.6625337545598791,1.6764874237441318,0.9785741224605872,0.23629101931081614
0.6625337545598791,1.6764874237441318,0.9673935016626682,0.23629101931081614
0.6625337545598791,1.6764874237441318,0.9848649639242522,0.23629101931081614
0.6625337545598791,1.6764874237441318,0.8771492695228892,0.23629101931081614
0.6625337545598791,1.6764874237441318,0.8681959336462031,0.23629101931081614
0.6625337545598791,1.6764874237441318,0.8952856347059978,0.23629101931081614
0.6625337545598791,1.6764874237441318,0.8427183729726172,0.23629101931081614
0.6625337545598791,1.6764874237441318,0.930256131510877,0.23629101931081614
0.6625337545598791,1.6764874237441318,0.8178006100207057,0.23629101931081614
0.6625337545598791,1.6764874237441318,0.8921158406259868,0.23629101931081614
0.6625337545598791,1.6764874237441318,0.88727694176971,0.23629101931081614
0.6625337545598791,1.6764874237441318,0.9383964652819186,0.23629101931081614
0.6625337545598791,1.6764874237441318,0.8687703600398609,0.2772448481081561
0.6625337545598791,1.6764874237441318,0.878358111774222,0.2772448481081561
0.6625337545598791,1.6764874237441318,0.9109198878911051,0.2772448481081561
0.6625337545598791,1.6764874237441318,0.9579077530657271,0.2772448481081561
0.6625337545598791,1.6764874237441318,0.9864109980869382,0.2772448481081561
0.6625337545598791,1.6764874237441318,0.9369835843011612,0.2772448481081561
0.6625337545598791,1.6764874237441318,0.9286144543280994,0.2772448481081561
0.6625337545598791,1.6764874237441318,0.9128711125825792,0.2772448481081561
0.6625337545598791,1.6764874237441318,0.92548724306342,0.2772448481081561
0.6625337545598791,1.6764874237441318,0.9422725489494139,0.2772448481081561
0.6625337545598791,1.6764874237441318,0.9957596803704258,0.2772448481081561
0.6625337545598791,1.6764874237441318,1.063780276335401,0.2772448481081561
0.6625337545598791,1.6764874237441318,0.8699847404378486,0.2772448481081561
0.6625337545598791,1.6764874237441318,0.9187168087555914,0.2772448481081561
0.6625337545598791,1.6764874237441318,0.9367158231794912,0.2772448481081561
0.7821537087173911,1.6764874237441318,0.8293493100861107,0.2772448481081561
0.7821537087173911,1.6764874237441318,0.8623248131129065,0.2772448481081561
0.7821537087173911,1.6764874237441318,0.7461769498265045,0.2772448481081561
0.7821537087173911,1.6764874237441318,0.7574006181224059,0.2772448481081561
0.7821537087173911,1.6764874237441318,0.8067770648324296,0.2772448481081561
0.7821537087173911,1.6764874237441318,0.7810229269720917,0.2772448481081561
0.7821537087173911,1.6764874237441318,0.8301809163809571,0.2772448481081561
0.7821537087173911,1.6764874237441318,0.8007078160807009,0.2772448481081561
0.7821537087173911,1.6764874237441318,0.7581379195637402,0.2772448481081561
0.7821537087173911,1.6764874237441318,0.8468000594233265,0.2772448481081561
0.7821537087173911,1.6764874237441318,0.8476505301376431,0.2772448481081561
0.7821537087173911,1.6764874237441318,0.8252079058878466,0.2772448481081561
0.7821537087173911,1.6764874237441318,0.7893345629259304,0.2772448481081561
0.7821537087173911,1.6764874237441318,0.7780114556879224,0.2772448481081561
0.7821537087173911,1.6764874237441318,0.8171886899650667,0.2772448481081561
0.7821537087173911,1.6764874237441318,0.8123376028141607,0.2772448481081561
0.7821537087173911,1.6764874237441318,0.780198146274684,0.2772448481081561
0.7821537087173911,1.6764874237441318,0.8367064609363641,0.2772448481081561
0.7821537087173911,1.6764874237441318,0.8499456550420987,0.2772448481081561
0.7821537087173911,1.6764874237441318,0.8860480481372613,0.2772448481081561
0.7821537087173911,1.6764874237441318,0.8330075349126163,0.2772448481081561
0.7821537087173911,1.6764874237441318,0.8265739106447481,0.2772448481081561
0.7821537087173911,1.6764874237441318,0.8045355892505001,0.2772448481081561
0.7757414317053482,1.6764874237441318,0.8209433009609837,0.2772448481081561
0.7757414317053482,1.6764874237441318,0.83714658177424,0.2772448481081561
0.7757414317053482,1.6764874237441318,0.817613247632757,0.2772448481081561
0.7757414317053482,1.6764874237441318,0.7768129826698992,0.2772448481081561
0.7757414317053482,1.6764874237441318,0.799442021490258,0.2772448481081561
0.7757414317053482,1.6764874237441318,0.8318977169749372,0.2772448481081561
0.7757414317053482,1.6764874237441318,0.7882196969961519,0.2772448481081561
0.7757414317053482,1.6764874237441318,0.7708665710404602,0.2772448481081561
0.7757414317053482,1.6764874237441318,0.8255371129806821,0.2772448481081561
0.7757414317053482,1.6764874237441318,0.7659515116673496,0.2772448481081561
0.7757414317053482,1.6764874237441318,0.7810209055341767,0.282911698493494
0.7757414317053482,1.6764874237441318,0.8235843799595537,0.282911698493494
0.7757414317053482,1.6764874237441318,0.82149554233316,0.282911698493494
0.7274286147681772,1.6764874237441318,0.8568129457697152,0.282911698493494
0.7274286147681772,1.6764874237441318,0.8772497105822564,0.282911698493494
0.7274286147681772,1.6764874237441318,0.8241361826671506,0.282911698493494
0.7274286147681772,1.6764874237441318,0.849891685147824,0.282911698493494
0.7274286147681772,1.6764874237441318,0.9113176674322326,0.282911698493494
0.833840629905478,1.685061122355614,0.7719940479251787,0.282911698493494
0.833840629905478,1.685061122355614,0.695284781120661,0.22718358372897632
0.833840629905478,1.685061122355614,0.6874033129783446,0.22718358372897632
0.833840629905478,1.685061122355614,0.7702915569360295,0.22718358372897632
0.833840629905478,1.685061122355614,0.6634574984885434,0.22718358372897632
0.833840629905478,1.685061122355614,0.6943978729719078,0.22718358372897632
0.833840629905478,1.685061122355614,0.7104177645564406,0.22718358372897632
0.833840629905478,1.685061122355614,0.6674858394563995,0.22718358372897632
0.833840629905478,1.685061122355614,0.7459851580283313,0.22718358372897632
0.833840629905478,1.685061122355614,0.7271122513309805,0.22718358372897632
0.6779761411041307,1.685061122355614,0.7850314534379735,0.22718358372897632
0.6779761411041307,1.685061122355614,0.8657481440542619,0.22718358372897632
0.6779761411041307,1.685061122355614,0.7746742183221581,0.22718358372897632
0.6779761411041307,1.685061122355614,0.8077298179242511,0.22718358372897632
0.6779761411041307,1.685061122355614,0.8648674174407159,0.2535077963439921
0.6779761411041307,1.685061122355614,0.8481950272882205,0.2535077963439921
0.6779761411041307,1.685061122355614,0.8527352510190538,0.2535077963439921
0.6779761411041307,1.685061122355614,0.9190390287883462,0.2535077963439921
0.6779761411041307,1.685061122355614,0.8567432417545896,0.2535077963439921
0.6779761411041307,1.685061122355614,0.8956845484424834,0.2535077963439921
0.6779761411041307,1.685061122355614,0.9119340238231642,0.2535077963439921
0.6779761411041307,1.685061122355614,0.858346213061178,0.2535077963439921
0.6779761411041307,1.685061122355614,0.9195503977819218,0.2535077963439921
0.6779761411041307,1.685061122355614,0.8526671853869183,0.2517760467033516
0.6779761411041307,1.685061122355614,0.9072001392353616,0.2517760467033516
0.6779761411041307,1.6573031453654505,0.9347264564393052,0.2517760467033516
0.6779761411041307,1.6573031453654505,0.9463534505640891,0.2517760467033516
0.6779761411041307,1.6573031453654505,0.9082127885700341,0.2517760467033516
0.6779761411041307,1.6573031453654505,0.9114974839123671,0.2517760467033516
0.6779761411041307,1.6573031453654505,0.9189838376779924,0.2517760467033516
0.6779761411041307,1.6573031453654505,0.9404798338140932,0.2517760467033516
0.6779761411041307,1.6573031453654505,0.9607837352573726,0.2517760467033516
0.6779761411041307,1.6573031453654505,0.8973110783607441,0.2517760467033516
0.6779761411041307,1.6573031453654505,0.9289143837603883,0.2517760467033516
0.6852336209690539,1.6573031453654505,1.0188358467405028,0.2517760467033516
0.6852336209690539,1.6573031453654505,1.0199315717442512,0.2517760467033516
0.6852336209690539,1.6573031453654505,0.9322118384575994,0.2517760467033516
0.6852336209690539,1.6573031453654505,0.9777582279973708,0.25304232251718467
0.6852336209690539,1.6573031453654505,0.9273316779787265,0.25304232251718467
0.6852336209690539,1.6573031453654505,0.9362108111431257,0.25304232251718467
0.6852336209690539,1.6573031453654505,0.957718885907265,0.25304232251718467
0.6852336209690539,1.6573031453654505,0.9622432829640644,0.25304232251718467
0.6852336209690539,1.6573031453654505,0.9468518200863294,0.25304232251718467
0.6852336209690539,1.6573031453654505,0.9822564500705288,0.25304232251718467
0.6852336209690539,1.6573031453654505,0.9075057034986136,0.25304232251718467
0.6852336209690539,1.6573031453654505,0.8904432070162507,0.25304232251718467
0.6852336209690539,1.6573031453654505,0.9135245472612947,0.25304232251718467
0.6852336209690539,1.6573031453654505,0.9032625064856419,0.25304232251718467
0.6852336209690539,1.6573031453654505,0.9104296102256336,0.25304232251718467
0.6852336209690539,1.6573031453654505,0.9641256365903492,0.25304232251718467
0.6852336209690539,1.6573031453654505,0.9377783276071392,0.25304232251718467
0.6852336209690539,1.6573031453654505,0.9341585406267937,0.25304232251718467
0.6852336209690539,1.6573031453654505,0.9239596589591123,0.25304232251718467
0.6852336209690539,1.6573031453654505,0.9138957758084182,0.25304232251718467
0.6852336209690539,1.6573031453654505,0.907318364709343,0.25304232251718467
0.6852336209690539,1.6573031453654505,0.8314684270997907,0.25304232251718467
0.6852336209690539,1.6573031453654505,0.8710776733388577,0.25304232251718467
0.6852336209690539,1.6573031453654505,0.9228325458943222,0.25304232251718467
0.6852336209690539,1.6573031453654505,0.8677098617607413,0.25304232251718467
0.6852336209690539,1.6573031453654505,0.9707794046193138,0.25304232251718467
0.6852336209690539,1.6573031453654505,0.8740756658026051,0.25304232251718467
0.6852336209690539,1.6573031453654505,0.911506770150943,0.25304232251718467
0.6852336209690539,1.6573031453654505,0.8919450303069155,0.25304232251718467
0.6852336209690539,1.6573031453654505,0.9996194446955968,0.25304232251718467
0.6852336209690539,1.6573031453654505,0.8565905815601053,0.25304232251718467
0.6604650002161766,1.6573031453654505,0.8655404576956949,0.25304232251718467
0.6604650002161766,1.6573031453654505,0.9533155047439131,0.25304232251718467
0.6604650002161766,1.6573031453654505,1.0436537284096978,0.2587014829871306
0.6604650002161766,1.6573031453654505,0.9143441398743999,0.2587014829871306
0.6604650002161766,1.6573031453654505,0.935661912548167,0.2587014829871306
0.6604650002161766,1.6573031453654505,0.9438513712689358,0.2587014829871306
0.6604650002161766,1.6573031453654505,0.8502076328505074,0.2587014829871306
0.6604650002161766,1.6573031453654505,0.8677612470483791,0.2587014829871306
0.6604650002161766,1.6573031453654505,1.0711410186201333,0.2587014829871306
0.6604650002161766,1.6573031453654505,0.9730305835329943,0.2587014829871306
0.6604650002161766,1.6573031453654505,1.0770476533716224,0.2587014829871306
0.6604650002161766,1.6573031453654505,0.9106987728213185,0.2587014829871306
0.6604650002161766,1.6573031453654505,0.8654902996014944,0.2587014829871306
0.6604650002161766,1.6573031453654505,0.9500594027996971,0.2587014829871306
0.6604650002161766,1.6573031453654505,0.9692712833401036,0.2167374766427283
0.6604650002161766,1.6573031453654505,0.9394411991117906,0.2167374766427283
0.6604650002161766,1.6573031453654505,0.9507474427949102,0.2167374766427283
0.6604650002161766,1.6573031453654505,0.9689095782267834,0.2167374766427283
0.6604650002161766,1.6573031453654505,0.8704917718227094,0.2167374766427283
0.6604650002161766,1.6573031453654505,0.9195220465294727,0.2167374766427283
0.6604650002161766,1.6573031453654505,0.9221370235000358,0.2167374766427283
0.6604650002161766,1.6573031453654505,0.9903408247843375,0.2167374766427283
0.6604650002161766,1.659332382166839,0.8800794931709292,0.2167374766427283
0.6604650002161766,1.659332382166839,0.9372674996185278,0.2167374766427283
0.6604650002161766,1.659332382166839,0.9504868856923532,0.2167374766427283
0.6604650002161766,1.659332382166839,0.9293818748874698,0.2167374766427283
0.6604650002161766,1.659332382166839,0.8585128167257042,0.2167374766427283
0.6604650002161766,1.659332382166839,0.9348248933195995,0.2167374766427283
0.6604650002161766,1.659332382166839,0.8711559055732555,0.2167374766427283
0.6604650002161766,1.659332382166839,0.9945715126543259,0.2167374766427283
0.6604650002161766,1.659332382166839,0.9410658475682728,0.2167374766427283
0.6604650002161766,1.6707040591138818,0.8676802142216338,0.2167374766427283
0.6604650002161766,1.6707040591138818,0.9597569326219243,0.2167374766427283
0.6604650002161766,1.6707040591138818,0.9009590419970989,0.2167374766427283
0.6604650002161766,1.6707040591138818,0.9411291457997899,0.2167374766427283
0.6604650002161766,1.696194982746396,0.9542210627481509,0.2167374766427283
0.6604650002161766,1.696194982746396,0.8732406000809119,0.2167374766427283
0.6604650002161766,1.696194982746396,0.8314152346288269,0.2167374766427283
0.6604650002161766,1.696194982746396,0.8132356969216515,0.2167374766427283
0.6604650002161766,1.696194982746396,0.8879206177982417,0.2167374766427283
0.6604650002161766,1.696194982746396,0.8259736739980063,0.2167374766427283
0.6604650002161766,1.696194982746396,0.9021710756577603,0.2167374766427283
0.6604650002161766,1.696194982746396,0.9334895031258097,0.2167374766427283
0.6604650002161766,1.696194982746396,0.877695771365578,0.2167374766427283
0.6604650002161766,1.696194982746396,0.8423616262512668,0.29123286563452205
0.6604650002161766,1.696194982746396,0.9251031411911955,0.29123286563452205
0.6604650002161766,1.696194982746396,0.9636016825062003,0.29123286563452205
0.6604650002161766,1.696194982746396,0.9990662712187287,0.29123286563452205
0.6604650002161766,1.696194982746396,0.9071159414621679,0.29123286563452205
0.6604650002161766,1.696194982746396,1.0833979252519885,0.29123286563452205
0.6604650002161766,1.696194982746396,0.8705545079041206,0.29123286563452205
0.6604650002161766,1.696194982746396,0.8948267441874337,0.29123286563452205
0.6604650002161766,1.696194982746396,0.9341000643025509,0.29123286563452205
0.6604650002161766,1.696194982746396,0.9624457504168831,0.29123286563452205
0.6604650002161766,1.696194982746396,0.9179006819390692,0.29123286563452205
0.6604650002161766,1.696194982746396,0.9723265525127863,0.29123286563452205
0.6604650002161766,1.696194982746396,0.8156732867713968,0.29123286563452205
0.6604650002161766,1.696194982746396,0.8685523996635243,0.29123286563452205
0.6604650002161766,1.696194982746396,0.8774749215399331,0.29123286563452205
0.6604650002161766,1.6769048064574246,0.9993738692066602,0.29123286563452205
0.6604650002161766,1.6769048064574246,0.9170610867242854,0.29123286563452205
0.6604650002161766,1.6769048064574246,0.9722173587994252,0.29123286563452205
0.6604650002161766,1.6769048064574246,0.9586448478642355,0.29123286563452205
0.6604650002161766,1.6769048064574246,0.9526881097815949,0.29123286563452205
0.6604650002161766,1.6769048064574246,1.0192677817375464,0.29123286563452205
0.6604650002161766,1.6769048064574246,1.003939260505657,0.29123286563452205
0.6604650002161766,1.6769048064574246,1.013408649055394,0.30254193531768236
0.6604650002161766,1.6769048064574246,0.9952804896486056,0.24248428216216847
0.6604650002161766,1.6769048064574246,0.9133826491279342,0.24248428216216847
0.6604650002161766,1.6186765381361363,0.9399968132728294,0.2478855098318836
0.6604650002161766,1.6186765381361363,0.9654229887925493,0.2478855098318836
0.6604650002161766,1.6186765381361363,0.9682318324981231,0.2478855098318836
0.6604650002161766,1.6186765381361363,0.899259669325625,0.2478855098318836
0.6604650002161766,1.6186765381361363,1.0121228395361948,0.2478855098318836
0.6604650002161766,1.6186765381361363,1.0058221862112346,0.2478855098318836
0.6604650002161766,1.6186765381361363,0.995699619344493,0.2478855098318836
0.6604650002161766,1.6186765381361363,1.0004887264759463,0.2478855098318836
0.6604650002161766,1.6186765381361363,1.098272804571621,0.2478855098318836
0.6604650002161766,1.6186765381361363,0.997463392941422,0.2478855098318836
0.6604650002161766,1.6186765381361363,1.0398933670642865,0.2478855098318836
0.6604650002161766,1.6186765381361363,0.9979650296449352,0.2478855098318836
0.6604650002161766,1.6186765381361363,1.0499110732678778,0.2478855098318836
0.6604650002161766,1.6186765381361363,0.9952942416502423,0.2478855098318836
0.6604650002161766,1.6186765381361363,0.9986360997808458,0.2478855098318836
0.6604650002161766,1.6186765381361363,0.9772540374189512,0.2478855098318836
0.6604650002161766,1.6186765381361363,1.0999823882065258,0.2478855098318836
0.6604650002161766,1.6186765381361363,0.997746035712102,0.2478855098318836
0.6604650002161766,1.6186765381361363,1.0748693395047344,0.2478855098318836
0.6604650002161766,1.6186765381361363,1.0297921217664523,0.2478855098318836
0.7406392571115668,1.6186765381361363,0.9891074873566683,0.2478855098318836
0.7406392571115668,1.6186765381361363,0.8410657831126677,0.2478855098318836
0.7406392571115668,1.6186765381361363,0.825685936837396,0.2478855098318836
0.7406392571115668,1.6186765381361363,0.8276135273091281,0.2478855098318836
0.7406392571115668,1.6186765381361363,0.9387289988661872,0.2478855098318836
0.7406392571115668,1.6186765381361363,0.9014505496931698,0.2478855098318836
0.7406392571115668,1.6186765381361363,0.9470880803696491,0.2478855098318836
0.7643906288193879,1.6186765381361363,0.7898225687641288,0.2478855098318836
0.7643906288193879,1.6186765381361363,0.8561110991088542,0.2478855098318836
0.7643906288193879,1.6186765381361363,0.8486163277254215,0.2478855098318836
0.7643906288193879,1.6186765381361363,0.8163930825533237,0.2478855098318836
0.7643906288193879,1.6186765381361363,0.9282889156563945,0.2478855098318836
0.7643906288193879,1.6186765381361363,0.8603300858794394,0.2478855098318836
0.7643906288193879,1.6186765381361363,0.8927818623223167,0.2478855098318836
0.7643906288193879,1.6186765381361363,0.9015624922869513,0.2478855098318836
0.7643906288193879,1.6186765381361363,0.8864533481309244,0.2478855098318836
0.7643906288193879,1.6186765381361363,0.8563513344625265,0.2478855098318836
0.7643906288193879,1.6186765381361363,0.8897563352246115,0.2478855098318836
0.7643906288193879,1.6186765381361363,0.851125564262271,0.2478855098318836
0.7643906288193879,1.6186765381361363,0.8288486850845146,0.25600207179643397
0.7643906288193879,1.6186765381361363,0.9217962881480016,0.25600207179643397
0.7643906288193879,1.6186765381361363,0.9016601604520175,0.25600207179643397
0.7643906288193879,1.6186765381361363,0.8744500193350604,0.25600207179643397
0.7643906288193879,1.6186765381361363,0.7836214496070697,0.25600207179643397
0.7643906288193879,1.6186765381361363,0.8734016185821113,0.25600207179643397
0.7643906288193879,1.6186765381361363,0.9553856154301251,0.25600207179643397
0.7643906288193879,1.6186765381361363,0.9482150877447273,0.25600207179643397
0.7643906288193879,1.6186765381361363,1.0003103060540188,0.35624154679103914
0.7643906288193879,1.6186765381361363,0.9751112450269493,0.35624154679103914
0.7643906288193879,1.6186765381361363,0.9209156934587903,0.35624154679103914
0.7643906288193879,1.6186765381361363,1.0564686925267377,0.35624154679103914
0.7643906288193879,1.6241587339684294,1.026392588055145,0.35624154679103914
0.7643906288193879,1.6241587339684294,1.0215848866340327,0.35624154679103914
0.7643906288193879,1.6241587339684294,0.9031034954630693,0.35624154679103914
0.7643906288193879,1.6241587339684294,0.9276057849589,0.35624154679103914
0.7643906288193879,1.6241587339684294,0.9419582850912166,0.35624154679103914
0.7643906288193879,1.6241587339684294,0.9623087888869131,0.2236228353942523
0.7643906288193879,1.6241587339684294,0.8297547901499146,0.2236228353942523
0.7643906288193879,1.6241587339684294,0.8399701280419468,0.2236228353942523
0.7643906288193879,1.6241587339684294,0.8228828466594765,0.2236228353942523
0.7643906288193879,1.5897441048442043,0.8724212755980509,0.2236228353942523
0.7643906288193879,1.5897441048442043,0.8707676885990894,0.2236228353942523
0.7643906288193879,1.5897441048442043,0.8848321147781717,0.2236228353942523
0.7643906288193879,1.5897441048442043,0.8948801479149221,0.2236228353942523
0.7643906288193879,1.5897441048442043,0.8595660559821712,0.2236228353942523
0.7643906288193879,1.5897441048442043,0.9317789796488655,0.2236228353942523
0.7643906288193879,1.5897441048442043,0.8553302275331234,0.2236228353942523
0.7643906288193879,1.5897441048442043,0.8732489677846679,0.2236228353942523
0.7643906288193879,1.5897441048442043,0.8643909353404506,0.2236228353942523
0.7643906288193879,1.5897441048442043,0.8301636670384801,0.2236228353942523
0.7643906288193879,1.5897441048442043,0.8320212815040768,0.2236228353942523
0.7643906288193879,1.5910150267280905,0.9522667960798951,0.2236228353942523
0.7643906288193879,1.5910150267280905,0.8620523790761736,0.2236228353942523
0.7643906288193879,1.5910150267280905,0.8330084243993793,0.2236228353942523
0.7643906288193879,1.5910150267280905,0.9234063461964696,0.2236228353942523
0.7643906288193879,1.5910150267280905,0.8772687474060527,0.2236228353942523
0.7643906288193879,1.5910150267280905,0.8336910397153566,0.2236228353942523
0.7643906288193879,1.5910150267280905,0.8829483237464447,0.2236228353942523
0.7643906288193879,1.5910150267280905,0.8295461288051698,0.2236228353942523
0.7643906288193879,1.5950738881173634,0.8867897035863309,0.2236228353942523
0.7643906288193879,1.5950738881173634,0.9056536218298494,0.2236228353942523
0.7643906288193879,1.5950738881173634,0.8510779519687299,0.23165760822349232
0.7643906288193879,1.5950738881173634,0.9366891471512667,0.23165760822349232
0.7643906288193879,1.5950738881173634,0.839711667299397,0.23165760822349232
0.7643906288193879,1.5950738881173634,0.9701416256022615,0.23165760822349232
0.7643906288193879,1.5950738881173634,0.8469267961770024,0.23165760822349232
0.7145437684359108,1.5950738881173634,0.928716474601033,0.23165760822349232
0.7145437684359108,1.5950738881173634,1.0355007048206362,0.23165760822349232
0.7145437684359108,1.5950738881173634,0.9379450931962784,0.23165760822349232
0.7145437684359108,1.5950738881173634,0.945065337840601,0.23165760822349232
0.7145437684359108,1.5950738881173634,0.8797303444546674,0.23165760822349232
0.7145437684359108,1.5950738881173634,0.9897888637263819,0.23165760822349232
0.7145437684359108,1.5950738881173634,0.964154579912596,0.23165760822349232
0.7145437684359108,1.5950738881173634,0.9470624643007637,0.23165760822349232
0.7145437684359108,1.5950738881173634,0.9492999162457476,0.23165760822349232
0.7709486318085931,1.5950738881173634,0.984513279287289,0.23165760822349232
0.7709486318085931,1.5950738881173634,0.8522078881193684,0.23165760822349232
0.7709486318085931,1.5950738881173634,0.8596410227927528,0.23165760822349232
0.7709486318085931,1.5950738881173634,0.9338934541174915,0.19288781099635974
0.80052459149094,1.5950738881173634,0.8729593580214888,0.19288781099635974
0.80052459149094,1.5950738881173634,0.8538321422830526,0.19288781099635974
0.80052459149094,1.5950738881173634,0.8516023910266998,0.1926485867215124
0.80052459149094,1.5950738881173634,0.8012967228692636,0.1926485867215124
0.80052459149094,1.5950738881173634,0.8787760471564466,0.1926485867215124
0.80052459149094,1.5950738881173634,0.7419779501887419,0.1926485867215124
0.80052459149094,1.5950738881173634,0.7777504470675632,0.1926485867215124
0.80052459149094,1.5950738881173634,0.8314808536398606,0.1926485867215124
0.80052459149094,1.5950738881173634,0.8811467603322392,0.1926485867215124
0.80052459149094,1.5950738881173634,0.8730767723646617,0.1926485867215124
0.80052459149094,1.5950738881173634,0.7893993802264339,0.1926485867215124
0.80052459149094,1.5046211241672072,0.8538394620078935,0.1926485867215124
0.80052459149094,1.5046211241672072,0.9216551775802759,0.1926485867215124
0.80052459149094,1.5046211241672072,0.9233783395886112,0.1926485867215124
0.80052459149094,1.5046211241672072,0.9391076963056393,0.1926485867215124
0.80052459149094,1.5046211241672072,1.0275087416124928,0.261125274091282
0.80052459149094,1.5747938267741222,0.9870183057002,0.261125274091282
0.80052459149094,1.5747938267741222,0.8779066381799796,0.261125274091282
0.80052459149094,1.5747938267741222,0.9312594400876706,0.261125274091282
0.7366337841176835,1.5747938267741222,0.9209110247532636,0.261125274091282
0.7366337841176835,1.5747938267741222,1.0748585877669419,0.261125274091282
0.7366337841176835,1.5455112701085667,1.0738647621260446,0.261125274091282
0.7366337841176835,1.5627795938393396,1.0442809971635252,0.2353370630726018
0.7366337841176835,1.5627795938393396,0.993174122214385,0.2353370630726018
0.7366337841176835,1.5627795938393396,0.9485834523898606,0.2353370630726018
0.7366337841176835,1.5627795938393396,1.0229268755322574,0.2353370630726018
0.7366337841176835,1.5627795938393396,1.0049379639340117,0.2353370630726018
0.7366337841176835,1.5627795938393396,0.9845817051985448,0.2353370630726018
0.7366337841176835,1.5627795938393396,0.9062588536116671,0.2353370630726018
0.7366337841176835,1.5627795938393396,1.0254051320759874,0.2353370630726018
0.7366337841176835,1.5627795938393396,1.0527915671813288,0.2353370630726018
0.7366337841176835,1.5627795938393396,1.089350906148803,0.2353370630726018
0.7366337841176835,1.5627795938393396,0.9141296359899745,0.2353370630726018
0.7366337841176835,1.5627795938393396,1.0510290979163586,0.2353370630726018
0.7366337841176835,1.5627795938393396,0.9725082990668337,0.2353370630726018
0.7366337841176835,1.5496937842640526,0.9983652492843386,0.2353370630726018
0.7366337841176835,1.5496937842640526,1.0346321877653437,0.2353370630726018
0.7366337841176835,1.5496937842640526,1.0575747962961435,0.2353370630726018
0.7366337841176835,1.5496937842640526,0.972460340589002,0.2353370630726018
0.7366337841176835,1.5496937842640526,1.041623647032649,0.2353370630726018
0.7366337841176835,1.5496937842640526,0.980581141084869,0.2353370630726018
0.7366337841176835,1.5496937842640526,0.9943987904811836,0.2353370630726018
0.7366337841176835,1.5496937842640526,1.0004312643014446,0.2353370630726018
0.7366337841176835,1.5768997418841555,0.9798542090063351,0.2353370630726018
0.7366337841176835,1.5768997418841555,0.8920350128827877,0.2353370630726018
0.7366337841176835,1.5768997418841555,1.0382826878240465,0.2353370630726018
0.7366337841176835,1.5768997418841555,0.9657199976103459,0.2353370630726018
0.7366337841176835,1.5768997418841555,1.0092083833759993,0.2353370630726018
0.7366337841176835,1.5768997418841555,0.9714439900024775,0.2353370630726018
0.7366337841176835,1.5768997418841555,0.9231789985604674,0.2353370630726018
0.7366337841176835,1.5768997418841555,0.9383582101977815,0.2353370630726018
0.7366337841176835,1.5768997418841555,1.0101813817900698,0.2353370630726018
0.7366337841176835,1.5768997418841555,1.025785964834199,0.2353370630726018
0.7366337841176835,1.5768997418841555,0.9042569803650413,0.2353370630726018
0.7366337841176835,1.5768997418841555,0.9456327001665292,0.2353370630726018
0.7366337841176835,1.5768997418841555,0.9500781865946925,0.2353370630726018
0.7366337841176835,1.5768997418841555,0.9650638560261096,0.2135492588913761
0.7366337841176835,1.5768997418841555,0.9381722102301511,0.2135492588913761
0.7366337841176835,1.5768997418841555,0.9145281021456335,0.2135492588913761
0.7366337841176835,1.5768997418841555,0.9598875815698542,0.2135492588913761
0.7366337841176835,1.5768997418841555,0.9263800188028167,0.2135492588913761
0.7366337841176835,1.5768997418841555,0.9273241594477518,0.2135492588913761
0.7366337841176835,1.5768997418841555,0.9716656225352336,0.2135492588913761
0.7366337841176835,1.5768997418841555,1.0135899955517433,0.2135492588913761
0.7366337841176835,1.5768997418841555,1.0027265483808832,0.2135492588913761
0.7366337841176835,1.5768997418841555,0.8957069109753171,0.2135492588913761
0.7366337841176835,1.5768997418841555,0.9004261630195544,0.2135492588913761
0.7366337841176835,1.5768997418841555,0.9272740866205039,0.2135492588913761
0.7366337841176835,1.5768997418841555,0.8976969565864764,0.2135492588913761
0.7366337841176835,1.5768997418841555,0.9851789600225463,0.2135492588913761
0.7366337841176835,1.5768997418841555,1.010806027808446,0.2135492588913761
0.7366337841176835,1.5768997418841555,0.9256622574665823,0.2135492588913761
0.7366337841176835,1.5768997418841555,0.9266685855206677,0.2135492588913761
0.7366337841176835,1.5768997418841555,0.9484789597575183,0.20744624308117407
0.7366337841176835,1.5768997418841555,0.8776912935317214,0.20744624308117407
0.7366337841176835,1.5768997418841555,0.9211371290705324,0.20744624308117407
0.7366337841176835,1.5768997418841555,0.9457571651241302,0.20744624308117407
0.7366337841176835,1.5586224640432897,1.0007047937004254,0.20744624308117407
0.7366337841176835,1.5586224640432897,1.0113283260273918,0.20744624308117407
0.7366337841176835,1.5884168058818018,0.8992480247511193,0.20744624308117407
0.7366337841176835,1.5884168058818018,0.9822530519566858,0.20744624308117407
0.7366337841176835,1.5884168058818018,0.9157956468184824,0.20744624308117407
0.7366337841176835,1.5884168058818018,0.9039478707946872,0.20744624308117407
0.7366337841176835,1.5884168058818018,0.9737369555291372,0.20744624308117407
0.7366337841176835,1.5884168058818018,0.9107661073574791,0.20744624308117407
0.7366337841176835,1.5884168058818018,0.9761775062316055,0.20744624308117407
0.7366337841176835,1.5884168058818018,0.8604614094415632,0.20744624308117407
0.7366337841176835,1.5884168058818018,0.9187315429388447,0.20744624308117407
0.7366337841176835,1.5884168058818018,0.9122950226780303,0.20744624308117407
0.7366337841176835,1.5884168058818018,0.8659425952913551,0.20744624308117407
0.7366337841176835,1.5884168058818018,0.9001892213333526,0.20744624308117407
0.7366337841176835,1.5884168058818018,0.8954702914634081,0.20744624308117407
0.7366337841176835,1.5884168058818018,0.8541822918316245,0.20744624308117407
0.7366337841176835,1.5884168058818018,0.9614656393049599,0.20744624308117407
0.7366337841176835,1.5884168058818018,0.8757760807829431,0.19508521562482495
0.7366337841176835,1.5884168058818018,0.8727657910268283,0.19508521562482495
0.7366337841176835,1.5884168058818018,0.923975469681131,0.19508521562482495
0.7366337841176835,1.5884168058818018,0.9349380636537797,0.19508521562482495
0.7366337841176835,1.5884168058818018,0.9727343225413624,0.19508521562482495
0.7366337841176835,1.5884168058818018,0.943696925051953,0.19508521562482495
0.7366337841176835,1.5884168058818018,0.9365939399642221,0.19508521562482495
0.7366337841176835,1.5884168058818018,0.8544673048653295,0.19508521562482495
0.7366337841176835,1.5884168058818018,0.9665301021997975,0.19508521562482495
0.7366337841176835,1.5884168058818018,0.8478908262157129,0.19508521562482495
0.7366337841176835,1.5884168058818018,0.9007968300182524,0.16391674235057907
0.7366337841176835,1.5884168058818018,0.9093886531740507,0.16391674235057907
0.7366337841176835,1.5884168058818018,0.8815084787512419,0.16391674235057907
0.7366337841176835,1.5884168058818018,0.874632600670354,0.16391674235057907
0.7366337841176835,1.5884168058818018,0.8290978726365871,0.16391674235057907
0.7366337841176835,1.5884168058818018,0.9146771825571376,0.18832773380558793
0.7366337841176835,1.5884168058818018,0.8481321340627159,0.18832773380558793
0.7366337841176835,1.5884168058818018,0.8382952951768042,0.18832773380558793
0.7366337841176835,1.5884168058818018,0.8852289750295019,0.18832773380558793
0.7366337841176835,1.5884168058818018,0.8377419554286166,0.18832773380558793
0.7366337841176835,1.5884168058818018,0.8709443914533114,0.18832773380558793
0.7366337841176835,1.5884168058818018,0.8652939283672813,0.20270838960927462
0.7366337841176835,1.5884168058818018,0.9005825405734608,0.20270838960927462
0.7366337841176835,1.5884168058818018,0.9536669539488676,0.20270838960927462
0.7366337841176835,1.5884168058818018,0.8682439932043139,0.20270838960927462
0.7366337841176835,1.5884168058818018,0.9026784121354688,0.2694175524037915
0.7366337841176835,1.5884168058818018,0.9214373005830716,0.2694175524037915
0.7366337841176835,1.5884168058818018,1.0622605787651962,0.2694175524037915
0.7366337841176835,1.5884168058818018,0.9289015591308656,0.2694175524037915
0.7366337841176835,1.5884168058818018,0.9854289074976954,0.2694175524037915
0.7366337841176835,1.5884168058818018,0.9502194911208878,0.2694175524037915
0.7366337841176835,1.5884168058818018,0.9551925950826484,0.2694175524037915
0.7366337841176835,1.5884168058818018,0.8693432928601871,0.2694175524037915
0.7366337841176835,1.5884168058818018,1.058204386100835,0.2694175524037915
0.7366337841176835,1.5884168058818018,1.0763223436685894,0.2694175524037915
0.7366337841176835,1.5884168058818018,0.9933032144130401,0.2694175524037915
0.7366337841176835,1.5959335620630346,0.9611992974927982,0.2694175524037915
0.7366337841176835,1.586641022028629,1.0045009530654885,0.2694175524037915
0.7366337841176835,1.586641022028629,0.98690423061736,0.2609058396802244
0.7366337841176835,1.586641022028629,0.9036425638676823,0.2609058396802244
0.7366337841176835,1.586641022028629,0.9735651309489037,0.2609058396802244
0.7366337841176835,1.586641022028629,0.887555480138275,0.2609058396802244
0.7493746544979186,1.5962009222679814,0.9996246699152425,0.2609058396802244
0.7493746544979186,1.5962009222679814,0.9871012515081089,0.26877020316435646
0.7493746544979186,1.5962009222679814,0.9030863415497664,0.26877020316435646
0.7493746544979186,1.5962009222679814,0.9571532423036399,0.26877020316435646
0.7493746544979186,1.5962009222679814,0.874261680105458,0.26877020316435646
0.7493746544979186,1.5962009222679814,1.004596443757484,0.26877020316435646
0.7493746544979186,1.5776414063454935,0.9226699873386578,0.21550232447303408
0.7493746544979186,1.5776414063454935,0.9003663859881903,0.21550232447303408
0.7493746544979186,1.5776414063454935,1.0248599820452378,0.21550232447303408
0.7493746544979186,1.5776414063454935,0.9568274918182268,0.21550232447303408
0.7493746544979186,1.5776414063454935,0.9351403321435403,0.21550232447303408
0.7493746544979186,1.5776414063454935,0.9208855621117207,0.21550232447303408
0.7493746544979186,1.5776414063454935,0.9367021607947982,0.21550232447303408
0.7493746544979186,1.5776414063454935,0.9132676961557752,0.23604220529166206
0.6785341385109245,1.5776414063454935,1.0586857531253169,0.23604220529166206
0.6785341385109245,1.5776414063454935,1.002655848676502,0.23604220529166206
0.6785341385109245,1.5776414063454935,1.1535610482314131,0.23604220529166206
0.6785341385109245,1.5776414063454935,1.1525381427004489,0.23604220529166206
0.6785341385109245,1.5776414063454935,1.0606334485088462,0.23604220529166206
0.6785341385109245,1.5776414063454935,1.0609332251882888,0.23604220529166206
0.6785341385109245,1.5776414063454935,0.9921906188340635,0.23604220529166206
0.6785341385109245,1.5776414063454935,1.1130215323706654,0.23604220529166206
0.6785341385109245,1.5776414063454935,1.056161989160967,0.23604220529166206
0.6785341385109245,1.5776414063454935,1.011753619548568,0.23604220529166206
0.6785341385109245,1.5776414063454935,1.0633051406279876,0.23604220529166206
0.6785341385109245,1.5776414063454935,0.9946746079746762,0.23604220529166206
0.6785341385109245,1.5776414063454935,1.089686311076576,0.23604220529166206
0.6785341385109245,1.5776414063454935,1.053058748692289,0.23604220529166206
0.6785341385109245,1.5776414063454935,0.9670136817430754,0.23604220529166206
0.6785341385109245,1.5776414063454935,1.0409225990513087,0.23604220529166206
0.6785341385109245,1.5776414063454935,1.1087425989631927,0.23604220529166206
0.6785341385109245,1.5776414063454935,1.0351645671016458,0.23604220529166206
0.6785341385109245,1.5776414063454935,1.1435213703554434,0.2872587704616724
0.6785341385109245,1.5776414063454935,1.1459491766613144,0.2872587704616724
0.6785341385109245,1.5776414063454935,1.1224814074686855,0.2872587704616724
0.6785341385109245,1.5776414063454935,1.05832517304633,0.2872587704616724
0.6785341385109245,1.5776414063454935,1.1023447579847483,0.2872587704616724
0.6785341385109245,1.5776414063454935,1.1208046315424955,0.25803984546004965
0.6785341385109245,1.5822371378617728,1.1042781785352316,0.25803984546004965
0.6785341385109245,1.5822371378617728,1.1359661372581291,0.25803984546004965
0.6785341385109245,1.5822371378617728,1.0527170331737636,0.25803984546004965
0.6785341385109245,1.5822371378617728,1.0511406149311044,0.25803984546004965
0.6785341385109245,1.5822371378617728,1.047307563251515,0.25803984546004965
0.6785341385109245,1.5822371378617728,1.209359108860454,0.25803984546004965
0.6785341385109245,1.5822371378617728,1.0805765335233035,0.25803984546004965
0.6785341385109245,1.5822371378617728,1.0926166457230058,0.2714784308809969
0.6785341385109245,1.5822371378617728,1.1148528622574745,0.2714784308809969
0.6785341385109245,1.5822371378617728,1.0010202670511863,0.2714784308809969
0.6785341385109245,1.5822371378617728,1.1483556748398602,0.2714784308809969
0.6785341385109245,1.5822371378617728,1.0681425774621602,0.2714784308809969
0.6785341385109245,1.5822371378617728,1.0678511798319694,0.2714784308809969
0.7337266435791037,1.5822371378617728,0.9680434805866883,0.2714784308809969
0.7337266435791037,1.5822371378617728,1.00944756327734,0.2714784308809969
0.7337266435791037,1.5822371378617728,0.9595552116937556,0.2714784308809969
0.7337266435791037,1.5822371378617728,1.084150910907568,0.2714784308809969
0.7337266435791037,1.5822371378617728,1.039609905665785,0.2714784308809969
0.7337266435791037,1.5822371378617728,0.9861852703464553,0.2714784308809969
0.7337266435791037,1.5822371378617728,1.0604493201565324,0.247182964730981
0.7337266435791037,1.5822371378617728,0.9761083985858123,0.247182964730981
0.7106474837677308,1.5822371378617728,1.0293717096766843,0.247182964730981
0.7106474837677308,1.5822371378617728,1.0589406614958565,0.247182964730981
0.7106474837677308,1.5822371378617728,1.004363355178059,0.247182964730981
0.7106474837677308,1.5822371378617728,0.9927616670134367,0.21549479310613615
0.7106474837677308,1.5822371378617728,0.9454796604736464,0.23079987584031159
0.7106474837677308,1.5822371378617728,0.9954514178990008,0.23079987584031159
0.7106474837677308,1.5822371378617728,1.0421151664295039,0.23079987584031159
0.7106474837677308,1.5822371378617728,1.022428282480495,0.23079987584031159
0.7106474837677308,1.5822371378617728,0.9550352150532255,0.23079987584031159
0.7106474837677308,1.5822371378617728,0.8333360624998819,0.23079987584031159
0.7106474837677308,1.5822371378617728,0.9663086825566268,0.23079987584031159
0.7106474837677308,1.5822371378617728,1.0172016436253957,0.23079987584031159
0.7106474837677308,1.5822371378617728,0.9831278566441537,0.23079987584031159
0.7106474837677308,1.5822371378617728,1.048309535417567,0.23079987584031159
0.7106474837677308,1.5822371378617728,0.9730823799938615,0.23079987584031159
0.7106474837677308,1.4669131717326431,1.116253802557893,0.23079987584031159
0.7106474837677308,1.4669131717326431,1.4110671779597186,0.23079987584031159
0.7106474837677308,1.4669131717326431,1.2203096418581345,0.23079987584031159
0.7106474837677308,1.4669131717326431,1.0827404361910962,0.23079987584031159
0.7106474837677308,1.4669131717326431,1.1715163779694473,0.17981646073639665
0.7106474837677308,1.4669131717326431,1.1599660428762777,0.17981646073639665
0.7106474837677308,1.4669131717326431,1.2015605297145104,0.17981646073639665
0.7106474837677308,1.4669131717326431,1.0378434662991847,0.17981646073639665
0.7106474837677308,1.4669131717326431,1.0638609667374221,0.17981646073639665
0.7106474837677308,1.4669131717326431,1.196520580146113,0.17981646073639665
0.7106474837677308,1.4687525371061136,1.1791385454417644,0.17981646073639665
0.7106474837677308,1.3653807613449902,1.350882416016817,0.17981646073639665
0.7106474837677308,1.3653807613449902,1.4035587815139372,0.17981646073639665
0.7106474837677308,1.3653807613449902,1.2713501953374364,0.17981646073639665
0.7106474837677308,1.3653807613449902,1.5461752456074405,0.17981646073639665
0.7106474837677308,1.3653807613449902,1.4291970458336725,0.17981646073639665
0.7106474837677308,1.3653807613449902,1.3368533154027509,0.17981646073639665
0.7106474837677308,1.3653807613449902,1.3216857714259902,0.17981646073639665
0.7078110102781732,1.3653807613449902,1.4542372253475198,0.17981646073639665
0.7078110102781732,1.3653807613449902,1.5499467734371561,0.17981646073639665
0.7401205062413492,1.3653807613449902,1.3781361243079917,0.17981646073639665
0.7401205062413492,1.3653807613449902,1.3322055972672497,0.17981646073639665
0.7401205062413492,1.3653807613449902,1.2088753585096708,0.17981646073639665
0.7401205062413492,1.3735585530361973,1.3849427940566168,0.17981646073639665
0.7401205062413492,1.3735585530361973,1.3686893857667362,0.17981646073639665
0.7401205062413492,1.3735585530361973,1.2942251129730884,0.1817546781392682
0.7401205062413492,1.3735585530361973,1.3523908739975843,0.1817546781392682
0.7401205062413492,1.3735585530361973,1.346911016488208,0.1817546781392682
0.7401205062413492,1.3735585530361973,1.146980552772631,0.1817546781392682
0.7401205062413492,1.3735585530361973,1.222172271408141,0.1817546781392682
0.7401205062413492,1.3735585530361973,1.1952207463483462,0.1817546781392682
0.7401205062413492,1.3735585530361973,1.4664445952487808,0.1817546781392682
0.7401205062413492,1.3735585530361973,1.3424777325382977,0.1817546781392682
0.7401205062413492,1.3735585530361973,1.3599636982369008,0.1817546781392682
0.7401205062413492,1.3735585530361973,1.2982750391692754,0.1817546781392682
0.7401205062413492,1.3735585530361973,1.3474027094430923,0.1817546781392682
0.7401205062413492,1.3735585530361973,1.2065261130350071,0.1817546781392682
0.7401205062413492,1.3735585530361973,1.295061179235314,0.1817546781392682
0.7401205062413492,1.3735585530361973,1.20923419655397,0.1817546781392682
0.7401205062413492,1.3735585530361973,1.1651778679566205,0.1817546781392682
0.7660088646662474,1.3735585530361973,1.4361304709348186,0.1817546781392682
0.7660088646662474,1.3735585530361973,1.2286417579664024,0.1817546781392682
0.7660088646662474,1.3735585530361973,1.2281826631786037,0.1817546781392682
0.7660088646662474,1.3735585530361973,1.1713328137517833,0.1817546781392682
0.7660088646662474,1.3735585530361973,1.2201377041116943,0.1817546781392682
0.8521039776021351,1.3735585530361973,1.2306597648375788,0.1817546781392682
0.8521039776021351,1.3735585530361973,0.9995364629099398,0.1817546781392682
0.8521039776021351,1.3735585530361973,1.0477842477189465,0.1817546781392682
0.8521039776021351,1.3735585530361973,1.2868086541503971,0.1817546781392682
0.8521039776021351,1.3735585530361973,1.1016025424456186,0.1817546781392682
0.8521039776021351,1.3735585530361973,1.219942369599611,0.1817546781392682
0.8521039776021351,1.3735585530361973,1.1998104055372045,0.1817546781392682
0.8521039776021351,1.3735585530361973,1.1725434318870933,0.1817546781392682
0.8521039776021351,1.3735585530361973,1.024435557685463,0.1817546781392682
0.8521039776021351,1.3735585530361973,1.0243546675173736,0.1817546781392682
0.8521039776021351,1.3735585530361973,1.1645859624257842,0.20548585858070134
0.8521039776021351,1.3735585530361973,1.2424750996220795,0.20548585858070134
0.8521039776021351,1.3735585530361973,1.1065152772076867,0.20548585858070134
0.8521039776021351,1.3735585530361973,1.241829109215606,0.20548585858070134
0.8521039776021351,1.3735585530361973,1.1132337269814332,0.20548585858070134
0.8521039776021351,1.3735585530361973,1.149930768831681,0.20548585858070134
0.8521039776021351,1.3735585530361973,1.035931212426552,0.20548585858070134
0.8521039776021351,1.3735585530361973,1.0989511797360332,0.20548585858070134
0.8521039776021351,1.3735585530361973,1.3226921060896533,0.20548585858070134
0.8521039776021351,1.4111409874749403,1.1753622881987529,0.22454042707759353
0.8521039776021351,1.4111409874749403,1.0107236344943007,0.22454042707759353
0.8521039776021351,1.4111409874749403,1.0301944729248413,0.22454042707759353
0.8521039776021351,1.4111409874749403,1.1844066347567976,0.18661346577039328
0.8521039776021351,1.4573584092717007,1.0065394601180282,0.18661346577039328
0.8521039776021351,1.4573584092717007,0.9716475342881078,0.18661346577039328
0.8521039776021351,1.4573584092717007,0.9668501737955995,0.18661346577039328
0.8521039776021351,1.4573584092717007,0.8854661007131571,0.18661346577039328
0.8521039776021351,1.4573584092717007,0.956121107243582,0.18661346577039328
0.8521039776021351,1.4573584092717007,0.9651185287051786,0.18661346577039328
0.8521039776021351,1.4573584092717007,0.9024087030651469,0.18661346577039328
0.8521039776021351,1.4573584092717007,0.9161364471588106,0.18661346577039328
0.8521039776021351,1.4573584092717007,1.0804359598430013,0.18661346577039328
0.8521039776021351,1.4573584092717007,0.9817188525999926,0.18661346577039328
0.8521039776021351,1.4573584092717007,0.9619293737307484,0.18661346577039328
0.8521039776021351,1.4573584092717007,0.9519976747180942,0.18661346577039328
0.8521039776021351,1.4573584092717007,0.9750391511455064,0.18661346577039328
0.8521039776021351,1.485730502983322,0.9519619243747173,0.18661346577039328
0.8521039776021351,1.485730502983322,0.9119932707532862,0.18661346577039328
0.8521039776021351,1.494277609719472,0.9282240246147713,0.18661346577039328
0.8521039776021351,1.4688959918939013,0.9097379989788852,0.18661346577039328
0.8521039776021351,1.4688959918939013,1.00960728653271,0.18661346577039328
0.8521039776021351,1.4688959918939013,0.9511507848016181,0.18661346577039328
0.8521039776021351,1.4688959918939013,1.0258008935819822,0.18661346577039328
0.8521039776021351,1.4688959918939013,1.0229041125829648,0.18661346577039328
0.8521039776021351,1.4688959918939013,0.9686967033656806,0.18661346577039328
0.8521039776021351,1.4688959918939013,0.8975205300194742,0.18661346577039328
0.8521039776021351,1.4688959918939013,1.0334794142646884,0.18661346577039328
0.8521039776021351,1.4688959918939013,1.0328573352080774,0.18661346577039328
0.8521039776021351,1.4688959918939013,1.0509456024335713,0.18661346577039328
0.8521039776021351,1.4688959918939013,0.9859706180900044,0.18661346577039328
0.8521039776021351,1.4688959918939013,1.059232111032983,0.18661346577039328
0.8521039776021351,1.4688959918939013,0.937931120326117,0.18661346577039328
0.8521039776021351,1.4688959918939013,0.8941736810666996,0.18661346577039328
0.8521039776021351,1.4688959918939013,0.9833376356642461,0.18661346577039328
0.8521039776021351,1.4688959918939013,0.9569588133446596,0.18661346577039328
0.8521039776021351,1.4688959918939013,0.8720833501865277,0.18661346577039328
0.8521039776021351,1.4688959918939013,0.937606491740307,0.18661346577039328
0.8521039776021351,1.4688959918939013,0.9627619042663181,0.18661346577039328
0.8521039776021351,1.4688959918939013,0.9274086382508038,0.18661346577039328
0.8521039776021351,1.4688959918939013,0.9303009741697404,0.18661346577039328
0.8308942848612021,1.4688959918939013,0.9668770105023672,0.18661346577039328
0.8308942848612021,1.4688959918939013,0.9469977022041985,0.18661346577039328
0.8308942848612021,1.4688959918939013,0.9444737215483475,0.18661346577039328
0.8308942848612021,1.4688959918939013,0.9510431777303259,0.18661346577039328
0.8308942848612021,1.4688959918939013,0.8576788073351703,0.18661346577039328
0.8308942848612021,1.4688959918939013,0.9663451442611781,0.18661346577039328
0.8308942848612021,1.4688959918939013,1.0146631744113574,0.18661346577039328
0.8308942848612021,1.4688959918939013,1.0302306917796844,0.18661346577039328
0.8308942848612021,1.4688959918939013,0.9509148920398379,0.18661346577039328
0.8308942848612021,1.4838038975678536,0.9352559424728825,0.18661346577039328
0.8308942848612021,1.4838038975678536,0.96056986499294,0.18661346577039328
0.8308942848612021,1.4838038975678536,0.9117221248861729,0.18661346577039328
0.8308942848612021,1.4838038975678536,0.9829974023989033,0.18661346577039328
0.8308942848612021,1.4620954641003392,1.006753200200283,0.18661346577039328
0.8308942848612021,1.4620954641003392,1.0127979812621943,0.18661346577039328
0.8308942848612021,1.4620954641003392,0.966065933155034,0.2166724455305047
0.8308942848612021,1.4620954641003392,1.0875413150820818,0.2166724455305047
0.8308942848612021,1.4620954641003392,1.0936127671527014,0.2166724455305047
0.8308942848612021,1.4620954641003392,0.9526528072471641,0.2166724455305047
0.8308942848612021,1.4620954641003392,0.9003503418312954,0.2166724455305047
0.8308942848612021,1.4620954641003392,1.0526991822881755,0.2166724455305047
0.8308942848612021,1.4620954641003392,0.9969977750815557,0.2166724455305047
0.8308942848612021,1.4620954641003392,0.9700902255309136,0.19917136612484473
0.8308942848612021,1.4620954641003392,1.0250316852650374,0.19917136612484473
0.8308942848612021,1.4620954641003392,1.0658756735260124,0.19917136612484473
0.8308942848612021,1.4620954641003392,0.9683817904030526,0.19917136612484473
0.8308942848612021,1.4696568157613885,1.0038206121448237,0.19917136612484473
0.8308942848612021,1.5029940794752097,0.890530504522772,0.22320791296260797
0.8308942848612021,1.5029940794752097,0.9589161950289095,0.22320791296260797
0.8308942848612021,1.5029940794752097,0.938028241366215,0.22320791296260797
0.8308942848612021,1.5029940794752097,1.056756382123966,0.22320791296260797
0.8308942848612021,1.5029940794752097,0.9454292986989025,0.22320791296260797
0.8308942848612021,1.5029940794752097,0.9796318637970948,0.22320791296260797
0.8308942848612021,1.5029940794752097,0.9621155073580943,0.22320791296260797
0.8308942848612021,1.5029940794752097,1.0082636027287446,0.22320791296260797
0.8308942848612021,1.5029940794752097,0.9380292027202312,0.2239932740135449
0.8308942848612021,1.5029940794752097,0.938485978118715,0.2239932740135449
0.8308942848612021,1.5029940794752097,0.9802525285218523,0.2239932740135449
0.8308942848612021,1.5029940794752097,0.9717608531775457,0.2686954634420145
0.8308942848612021,1.5029940794752097,1.0296453421621807,0.2619891735271766
0.8308942848612021,1.5029940794752097,0.9914510435772032,0.2619891735271766
0.8308942848612021,1.5029940794752097,0.9004299616198763,0.2619891735271766
0.8308942848612021,1.5029940794752097,1.0770101004832533,0.2619891735271766
0.8308942848612021,1.5029940794752097,0.9222690814290605,0.2619891735271766
0.8308942848612021,1.5029940794752097,0.9844565433390003,0.2619891735271766
0.8308942848612021,1.5029940794752097,0.9458262695472154,0.2619891735271766
0.8308942848612021,1.5029940794752097,1.0378550316930677,0.2619891735271766
0.8308942848612021,1.5029940794752097,0.9444591658135731,0.19671412291738866
0.8308942848612021,1.5029940794752097,0.9246450178810859,0.19671412291738866
0.8308942848612021,1.5029940794752097,0.8860286066346913,0.19671412291738866
0.8308942848612021,1.5029940794752097,1.0256254929375455,0.19671412291738866
0.8308942848612021,1.5029940794752097,0.9648409503160672,0.19671412291738866
0.8201786477499771,1.511251669051898,0.9174755340316131,0.19671412291738866
0.8201786477499771,1.511251669051898,0.9310486197434678,0.19671412291738866
0.8201786477499771,1.511251669051898,0.9192818090050053,0.19671412291738866
0.8201786477499771,1.511251669051898,0.9392310138529286,0.19671412291738866
0.8201786477499771,1.511251669051898,0.9356894911208086,0.19671412291738866
0.8201786477499771,1.511251669051898,0.9198546721432346,0.19671412291738866
0.8201786477499771,1.511251669051898,0.9057308888248291,0.19671412291738866
0.8201786477499771,1.511251669051898,1.0065842619584,0.24881772699419483
0.8201786477499771,1.511251669051898,0.9566147370679803,0.24881772699419483
0.8201786477499771,1.511251669051898,1.0032933844185683,0.24881772699419483
0.8691152256790895,1.511251669051898,0.9635601098187698,0.24881772699419483
0.8691152256790895,1.4720344175738345,1.0368342734571792,0.24881772699419483
0.8691152256790895,1.4720344175738345,0.9320132181001513,0.24881772699419483
0.8691152256790895,1.4720344175738345,0.967736613208549,0.24881772699419483
0.8691152256790895,1.4720344175738345,0.9940487961722311,0.24881772699419483
0.8691152256790895,1.4720344175738345,1.0666178687061862,0.24881772699419483
0.8691152256790895,1.5118652582550023,0.9324620153616056,0.24881772699419483
0.8691152256790895,1.5118652582550023,1.0106462870094497,0.24881772699419483
0.8691152256790895,1.5118652582550023,0.9033610896536528,0.24881772699419483
0.8691152256790895,1.5118652582550023,1.027635585560706,0.24881772699419483
0.8691152256790895,1.5118652582550023,0.9680145782073043,0.24881772699419483
0.8691152256790895,1.5118652582550023,0.9765226241061862,0.24881772699419483
0.8691152256790895,1.5118652582550023,0.9434989048471463,0.24881772699419483
0.8691152256790895,1.5118652582550023,1.0007784494384326,0.24881772699419483
0.8691152256790895,1.5118652582550023,0.9600748321449053,0.24881772699419483
0.8691152256790895,1.5118652582550023,0.9228348649211067,0.24881772699419483
0.8691152256790895,1.5482597868111656,0.8859637016273705,0.24881772699419483
0.8691152256790895,1.5482597868111656,0.9419298048738906,0.24881772699419483
0.8691152256790895,1.5482597868111656,0.8583303396547356,0.24881772699419483
0.8691152256790895,1.5482597868111656,0.874818815296323,0.24881772699419483
0.8691152256790895,1.5482597868111656,0.9155002930743912,0.24881772699419483
0.9057145997386064,1.5482597868111656,0.8652301575240797,0.24881772699419483
0.9057145997386064,1.5191549920246519,0.8603456425662422,0.24881772699419483
0.9057145997386064,1.5191549920246519,0.8643637639229392,0.24881772699419483
0.9057145997386064,1.5191549920246519,0.8727591679825887,0.24881772699419483
0.9057145997386064,1.5191549920246519,0.8089942441896889,0.24881772699419483
0.9733778120995249,1.5191549920246519,0.8117543001413643,0.24881772699419483
0.9733778120995249,1.5191549920246519,0.8124388223909926,0.24881772699419483
0.9733778120995249,1.5191549920246519,0.8348747886284705,0.24881772699419483
0.9733778120995249,1.5191549920246519,0.7796618908674542,0.24881772699419483
0.9733778120995249,1.5191549920246519,0.879899661135243,0.24881772699419483
0.9733778120995249,1.5191549920246519,0.7707497311183283,0.24881772699419483
0.9733778120995249,1.5191549920246519,0.7723380433308891,0.24881772699419483
0.9733778120995249,1.5191549920246519,0.7522627785978403,0.24881772699419483
0.9733778120995249,1.5191549920246519,0.7895709736278499,0.24881772699419483
0.9733778120995249,1.5191549920246519,0.8537285653684116,0.24881772699419483
0.9733778120995249,1.5191549920246519,0.8305456025180216,0.24881772699419483
0.9733778120995249,1.5191549920246519,0.8246503934575564,0.24881772699419483
0.9733778120995249,1.5191549920246519,0.8213143983517944,0.24881772699419483
0.9847592733701049,1.5191549920246519,0.8494120931404291,0.24881772699419483
0.9847592733701049,1.5191549920246519,0.724533700579068,0.24881772699419483
0.9847592733701049,1.5191549920246519,0.8532997175754851,0.24881772699419483
0.9847592733701049,1.5191549920246519,0.7961539465539348,0.24881772699419483
0.9847592733701049,1.5191549920246519,0.8778676805969606,0.24881772699419483
0.9847592733701049,1.5191549920246519,0.7915251870132909,0.24881772699419483
0.9847592733701049,1.5191549920246519,0.7870059227620848,0.24881772699419483
0.9847592733701049,1.5191549920246519,0.8938088192333355,0.24881772699419483
0.9847592733701049,1.5191549920246519,0.8064145050934703,0.24881772699419483
0.9847592733701049,1.5191549920246519,0.79298287411052,0.24881772699419483
0.985869064252444,1.5191549920246519,0.8290965010661933,0.24881772699419483
0.985869064252444,1.5191549920246519,0.8703302828368478,0.24881772699419483
0.985869064252444,1.5191549920246519,0.7865665935264893,0.24881772699419483
0.985869064252444,1.5191549920246519,0.8152575361872179,0.24881772699419483
0.985869064252444,1.5191549920246519,0.7518159095712642,0.24881772699419483
0.985869064252444,1.5191549920246519,0.79935610966921,0.24881772699419483
0.985869064252444,1.5191549920246519,0.8010593068135348,0.22528572129857527
0.985869064252444,1.5191549920246519,0.7857406782404175,0.22528572129857527
0.985869064252444,1.5191549920246519,0.7578167464899466,0.22528572129857527
0.985869064252444,1.5191549920246519,0.8306681302530545,0.22528572129857527
0.985869064252444,1.5191549920246519,0.8715674216774592,0.22528572129857527
0.985869064252444,1.5191549920246519,0.8032645460778475,0.22528572129857527
0.985869064252444,1.5191549920246519,0.8381234660023242,0.22528572129857527
0.985869064252444,1.5191549920246519,0.7422718988945834,0.22528572129857527
0.985869064252444,1.5191549920246519,0.7498248184298067,0.22528572129857527
0.985869064252444,1.5191549920246519,0.7484878843153723,0.22528572129857527
0.985869064252444,1.5191549920246519,0.8749950850125843,0.22528572129857527
0.985869064252444,1.5191549920246519,0.7416165616596323,0.22528572129857527
0.985869064252444,1.5191549920246519,0.8386101353301245,0.22528572129857527
0.985869064252444,1.5191549920246519,0.7334948898479773,0.22528572129857527
0.985869064252444,1.5191549920246519,0.751713806513738,0.2943183921218917
0.985869064252444,1.5316877917440401,0.8094255813295406,0.2943183921218917
0.985869064252444,1.5316877917440401,0.8075586766455245,0.2943183921218917
0.985869064252444,1.5316877917440401,0.7751862236362069,0.2943183921218917
0.985869064252444,1.5316877917440401,0.8579524825543415,0.2943183921218917
0.985869064252444,1.5316877917440401,0.8391165568870367,0.2943183921218917
0.985869064252444,1.5316877917440401,0.8551758596732095,0.2943183921218917
0.985869064252444,1.5316877917440401,0.8368360877683104,0.2943183921218917
0.985869064252444,1.5316877917440401,0.8352552970635262,0.2943183921218917
0.985869064252444,1.5316877917440401,0.8035336768009295,0.2943183921218917
0.985869064252444,1.5316877917440401,0.8397001071073856,0.2943183921218917
0.985869064252444,1.5316877917440401,0.8130635238323924,0.2943183921218917
0.985869064252444,1.5316877917440401,0.7773200882275181,0.2943183921218917
0.985869064252444,1.5316877917440401,0.8606038654631074,0.33399460652560375
0.985869064252444,1.5316877917440401,0.8870511667074328,0.33399460652560375
0.985869064252444,1.5316877917440401,0.7713505142550369,0.33399460652560375
0.985869064252444,1.5316877917440401,0.8370155892654725,0.33399460652560375
0.985869064252444,1.5316877917440401,0.7981588154912013,0.33399460652560375
0.985869064252444,1.5316877917440401,0.8660186292630838,0.33399460652560375
0.985869064252444,1.5316877917440401,0.8284900240301192,0.33399460652560375
0.985869064252444,1.5316877917440401,0.7988989091901592,0.33399460652560375
0.985869064252444,1.5316877917440401,0.8090899904103992,0.33399460652560375
0.985869064252444,1.5316877917440401,0.8146497028373693,0.33399460652560375
0.985869064252444,1.5316877917440401,0.8416546455501615,0.33399460652560375
0.985869064252444,1.5316877917440401,0.8775022922452714,0.30905326773349895
0.985869064252444,1.5316877917440401,0.7805219901091617,0.30905326773349895
0.9479589791788033,1.5316877917440401,0.8530094049678606,0.2357804095485186
0.9479589791788033,1.5316877917440401,0.8023727069112204,0.2357804095485186
0.9479589791788033,1.5316877917440401,0.8006564052332628,0.2357804095485186
0.9479589791788033,1.5316877917440401,0.8340309195898602,0.2357804095485186
0.9479589791788033,1.5316877917440401,0.8281499309535242,0.2357804095485186
0.9479589791788033,1.5316877917440401,0.7978687580764631,0.2357804095485186
0.9479589791788033,1.5316877917440401,0.8018244220903178,0.2357804095485186
0.9479589791788033,1.5316877917440401,0.8247728417267046,0.2357804095485186
0.9479589791788033,1.5316877917440401,0.8384534745307928,0.2357804095485186
0.9479589791788033,1.5316877917440401,0.7992901480794145,0.2357804095485186
0.9479589791788033,1.5316877917440401,0.8195650432362893,0.2357804095485186
0.9570890117766906,1.4907814508521817,0.8521173478121524,0.2357804095485186
0.9570890117766906,1.4907814508521817,0.9434711562809122,0.2357804095485186
0.9570890117766906,1.4907814508521817,0.7943663249643876,0.2357804095485186
0.9570890117766906,1.4907814508521817,0.8314272335781211,0.2357804095485186
0.9570890117766906,1.4907814508521817,0.8456603794064141,0.2357804095485186
0.9570890117766906,1.4907814508521817,0.8753298302806154,0.2357804095485186
0.9570890117766906,1.4907814508521817,0.9638346101745464,0.2357804095485186
0.9570890117766906,1.4907814508521817,0.931697766720498,0.2357804095485186
0.9570890117766906,1.4907814508521817,0.8385390326436123,0.2357804095485186
0.9570890117766906,1.4907814508521817,0.8114491038723743,0.2357804095485186
0.9570890117766906,1.4907814508521817,0.8980639438123212,0.2357804095485186
0.9570890117766906,1.4907814508521817,0.7917844884629195,0.23054112396202572
0.9570890117766906,1.4907814508521817,0.8656481399382545,0.23054112396202572
0.9570890117766906,1.4907814508521817,0.9121803247724141,0.23054112396202572
0.9570890117766906,1.4907814508521817,0.8863831497150356,0.23054112396202572
0.9570890117766906,1.4907814508521817,0.8211736297047223,0.23054112396202572
0.9570890117766906,1.4907814508521817,0.8528640619057055,0.23054112396202572
0.9570890117766906,1.4907814508521817,0.8599549436205695,0.23054112396202572
0.9570890117766906,1.4907814508521817,0.7974472354816355,0.23054112396202572
0.9570890117766906,1.4907814508521817,0.8107884411717949,0.23054112396202572
0.9570890117766906,1.4907814508521817,0.8193127234159846,0.23054112396202572
0.9570890117766906,1.4907814508521817,0.9592181451866237,0.23054112396202572
0.9570890117766906,1.4907814508521817,0.8110704590364999,0.23054112396202572
0.9570890117766906,1.5198868522303677,0.8549797170799324,0.23054112396202572
0.9570890117766906,1.5198868522303677,0.8281235287412557,0.23054112396202572
0.9570890117766906,1.5198868522303677,0.9431219611317239,0.23054112396202572
0.9570890117766906,1.5198868522303677,0.8150064038068002,0.23054112396202572
0.9570890117766906,1.5198868522303677,0.80994896637913,0.23054112396202572
0.9570890117766906,1.5198868522303677,0.8636617457789683,0.23054112396202572
0.9570890117766906,1.5198868522303677,0.7894300567472176,0.23054112396202572
0.9570890117766906,1.5198868522303677,0.780397930676623,0.23054112396202572
0.9570890117766906,1.5198868522303677,0.8301317078435687,0.23054112396202572
0.9950860042854383,1.5198868522303677,0.7880172417282852,0.23054112396202572
0.8852359868563157,1.5198868522303677,0.8186328600460208,0.23054112396202572
0.8852359868563157,1.5987123168795054,0.7859167857137758,0.23054112396202572
0.8852359868563157,1.5987123168795054,0.7148651465905198,0.23054112396202572
0.8852359868563157,1.5987123168795054,0.7631268013834768,0.23054112396202572
0.8852359868563157,1.5987123168795054,0.8279754667105403,0.3157056278307355
0.8852359868563157,1.5987123168795054,0.8096447681226134,0.3157056278307355
0.8852359868563157,1.5987123168795054,0.7701097458380345,0.292621525325696
0.8852359868563157,1.5987123168795054,0.8184302589790146,0.292621525325696
0.8852359868563157,1.5987123168795054,0.7784342224757328,0.292621525325696
0.8852359868563157,1.5987123168795054,0.816193838233815,0.292621525325696
0.8852359868563157,1.5987123168795054,0.8182672825228227,0.292621525325696
0.8852359868563157,1.5987123168795054,0.8450007956215558,0.292621525325696
0.8852359868563157,1.5987123168795054,0.7773079774022006,0.292621525325696
0.8852359868563157,1.5987123168795054,0.8954872960459492,0.292621525325696
0.8852359868563157,1.5987123168795054,0.8306501559042151,0.292621525325696
0.8852359868563157,1.5987123168795054,0.781922131377541,0.292621525325696
0.8852359868563157,1.5987123168795054,0.7794029992123082,0.292621525325696
0.8852359868563157,1.5987123168795054,0.8127898808464581,0.292621525325696
0.8852359868563157,1.5987123168795054,0.8250463633390924,0.292621525325696
0.8852359868563157,1.5987123168795054,0.7879819753977737,0.292621525325696
0.8852359868563157,1.5987123168795054,0.8572945539760184,0.292621525325696
0.8852359868563157,1.5987123168795054,0.8182630775468298,0.29524169143622686
0.8852359868563157,1.5987123168795054,0.8033004344775014,0.29524169143622686
0.8852359868563157,1.5987123168795054,0.9313872406943695,0.29524169143622686
0.8675198803477958,1.5987123168795054,0.8000498376744033,0.29524169143622686
0.8675198803477958,1.620432099773437,0.7816700419810405,0.29524169143622686
0.8675198803477958,1.620432099773437,0.7871371689627139,0.29524169143622686
0.8675198803477958,1.620432099773437,0.7852084124200833,0.29524169143622686
0.8675198803477958,1.620432099773437,0.7996613782516488,0.29524169143622686
0.8675198803477958,1.620432099773437,0.7856349199481147,0.29524169143622686
0.8675198803477958,1.620432099773437,0.8271669940625045,0.29524169143622686
0.8675198803477958,1.620432099773437,0.712603442415052,0.29524169143622686
0.8675198803477958,1.620432099773437,0.7842277559559706,0.29524169143622686
0.8675198803477958,1.620432099773437,0.8168833834577992,0.29524169143622686
0.8675198803477958,1.620432099773437,0.8330373573850279,0.29524169143622686
0.8675198803477958,1.620432099773437,0.8828397884269816,0.29524169143622686
0.8675198803477958,1.620432099773437,0.7948947747845827,0.29524169143622686
0.8675198803477958,1.620432099773437,0.7466656062701684,0.29524169143622686
0.8675198803477958,1.6181191340147485,0.7879148629187516,0.29524169143622686
0.8675198803477958,1.6181191340147485,0.8416491815210632,0.29524169143622686
0.8675198803477958,1.6181191340147485,0.8206401682912865,0.29524169143622686
0.8675198803477958,1.6181191340147485,0.8206998183254591,0.29524169143622686
0.8675198803477958,1.6181191340147485,0.7373755641901488,0.29524169143622686
0.8675198803477958,1.6181191340147485,0.8304487859901887,0.29524169143622686
0.8675198803477958,1.6181191340147485,0.8295839886268342,0.29524169143622686
0.8675198803477958,1.6181191340147485,0.7404469814156659,0.29524169143622686
0.8675198803477958,1.6181191340147485,0.7930446280419201,0.29524169143622686
0.8675198803477958,1.6181191340147485,0.7952050867238143,0.29524169143622686
0.8675198803477958,1.6181191340147485,0.835331364691583,0.29524169143622686
0.8675198803477958,1.6181191340147485,0.809772937776355,0.29524169143622686
0.8675198803477958,1.6181191340147485,0.7989502763555542,0.29524169143622686
0.8675198803477958,1.6181191340147485,0.8682037123156611,0.29524169143622686
0.8675198803477958,1.6181191340147485,0.8895459190756622,0.29524169143622686
0.8675198803477958,1.6181191340147485,0.7903165489111363,0.29524169143622686
0.8675198803477958,1.6181191340147485,0.8172404033828081,0.3011611775521331
0.8675198803477958,1.6181191340147485,0.7691200246018666,0.3011611775521331
0.8675198803477958,1.6181191340147485,0.7766637853621083,0.3011611775521331
0.8675198803477958,1.6181191340147485,0.8130868496473159,0.3011611775521331
0.8675198803477958,1.6181191340147485,0.73288039172801,0.3011611775521331
0.8675198803477958,1.6181191340147485,0.8743790188640289,0.3011611775521331
0.7828984494255578,1.6181191340147485,0.7735099000248675,0.3011611775521331
0.7828984494255578,1.6181191340147485,0.925277243166751,0.3011611775521331
0.7828984494255578,1.6181191340147485,0.8878625389654465,0.3011611775521331
0.7828984494255578,1.6181191340147485,0.9626202989858031,0.3011611775521331
0.7828984494255578,1.6181191340147485,0.8870474382339377,0.2677516432157823
0.6720937343353243,1.6181191340147485,0.9550092422819155,0.2677516432157823
0.6720937343353243,1.6181191340147485,1.0531940959942627,0.2677516432157823
0.6720937343353243,1.6181191340147485,0.8984485486965138,0.2677516432157823
0.6720937343353243,1.6181191340147485,1.0230552793405687,0.2677516432157823
0.6720937343353243,1.6181191340147485,1.030796430478544,0.2677516432157823
0.6720937343353243,1.6181191340147485,1.061356154661827,0.2677516432157823
0.6720937343353243,1.6181191340147485,0.9774883766827277,0.2677516432157823
0.6720937343353243,1.6181191340147485,0.9575969075046342,0.2677516432157823
0.6720937343353243,1.6181191340147485,1.0806847477674006,0.2677516432157823
0.6720937343353243,1.6181191340147485,0.9716072563697324,0.2677516432157823
0.6753904168559427,1.6181191340147485,0.9935062731558697,0.2677516432157823
0.6753904168559427,1.6181191340147485,1.0180251148857773,0.2677516432157823
0.6753904168559427,1.6181191340147485,0.9981856067645285,0.2677516432157823
0.6753904168559427,1.6181191340147485,1.0378854646488314,0.2677516432157823
0.6753904168559427,1.6181191340147485,1.0711969424190206,0.2677516432157823
0.6753904168559427,1.650196062189822,0.9722719214971008,0.2677516432157823
0.6753904168559427,1.650196062189822,1.0078921681853703,0.2677516432157823
0.6753904168559427,1.650196062189822,1.0406230691906813,0.2677516432157823
0.6753904168559427,1.650196062189822,0.9454626037143464,0.2677516432157823
0.6753904168559427,1.650196062189822,0.9418772680810386,0.2677516432157823
0.6753904168559427,1.650196062189822,1.0220960093140201,0.26000123675216574
0.6753904168559427,1.650196062189822,0.9869634786134526,0.278860859569088
0.6753904168559427,1.6551772256593411,1.010984740649074,0.278860859569088
0.6753904168559427,1.6551772256593411,1.0714285648341981,0.278860859569088
0.6753904168559427,1.6551772256593411,0.9215677682501521,0.278860859569088
0.6753904168559427,1.6551772256593411,0.9882615172223286,0.278860859569088
0.6753904168559427,1.6551772256593411,0.988783277757569,0.278860859569088
0.6753904168559427,1.6551772256593411,0.8547818564909292,0.278860859569088
0.6753904168559427,1.6418701149833723,0.9506950389104482,0.278860859569088
0.6753904168559427,1.6418701149833723,1.0160258350664129,0.278860859569088
0.6753904168559427,1.6418701149833723,1.0989453879932307,0.278860859569088
0.6753904168559427,1.6418701149833723,0.9514266745984868,0.278860859569088
0.6753904168559427,1.6418701149833723,0.9551091253988024,0.278860859569088
0.6753904168559427,1.6418701149833723,0.9530532242379537,0.278860859569088
0.6753904168559427,1.6418701149833723,0.9665195515356826,0.278860859569088
0.6753904168559427,1.6418701149833723,0.9580314618756035,0.278860859569088
0.6753904168559427,1.6418701149833723,0.9500560691503044,0.278860859569088
0.6753904168559427,1.6418701149833723,0.9348538395223803,0.278860859569088
0.6753904168559427,1.6418701149833723,0.9670919772832581,0.2692038504044446
0.6753904168559427,1.6418701149833723,0.990196824641866,0.2692038504044446
0.6753904168559427,1.6418701149833723,1.012126172392808,0.2692038504044446
0.6753904168559427,1.6418701149833723,1.103067675178618,0.2692038504044446
0.6753904168559427,1.6418701149833723,1.0016892277481602,0.2254906958569248
0.6753904168559427,1.6418701149833723,0.9276911073036548,0.2254906958569248
0.6753904168559427,1.6305325332469933,0.9070884521653237,0.2254906958569248
0.6753904168559427,1.6305325332469933,0.9123780812434872,0.2254906958569248
0.6753904168559427,1.6305325332469933,1.0381781773514585,0.2254906958569248
0.6753904168559427,1.6305325332469933,1.018860633298518,0.2254906958569248
0.6753904168559427,1.6305325332469933,0.9783842477860393,0.2338278632437663
0.6753904168559427,1.6305325332469933,0.9125278218841613,0.2338278632437663
0.6753904168559427,1.6305325332469933,0.9860337905724575,0.2338278632437663
0.6753904168559427,1.6305325332469933,0.9192655483023009,0.2338278632437663
0.6753904168559427,1.6305325332469933,0.9936044775434822,0.2338278632437663
0.6753904168559427,1.5798327017443148,0.9386289019240877,0.2338278632437663
0.6753904168559427,1.5798327017443148,1.065339899521137,0.2338278632437663
0.6753904168559427,1.5798327017443148,1.0354147938759402,0.2338278632437663
0.6753904168559427,1.5798327017443148,1.1550730015862378,0.2338278632437663
0.6753904168559427,1.5798327017443148,0.9938585841012312,0.2338278632437663
0.6753904168559427,1.5798327017443148,1.150711246329502,0.2338278632437663
0.6753904168559427,1.5798327017443148,1.052993416294458,0.22977487497689447
0.6753904168559427,1.5798327017443148,0.9264454818655103,0.22977487497689447
0.6753904168559427,1.5798327017443148,1.1419550568748327,0.22977487497689447
0.6753904168559427,1.5798327017443148,0.9866207276935492,0.22977487497689447
0.6753904168559427,1.5798327017443148,1.0652486070306617,0.2595639265775547
0.6753904168559427,1.5798327017443148,0.9873900531071284,0.2595639265775547
0.6753904168559427,1.5798327017443148,1.0796166906678004,0.2595639265775547
0.6753904168559427,1.5798327017443148,1.0305330050222468,0.2595639265775547
0.6753904168559427,1.5798327017443148,1.0472356306835993,0.2595639265775547
0.6753904168559427,1.5798327017443148,1.0054987990332327,0.2595639265775547
0.6753904168559427,1.5798327017443148,0.9648395146080707,0.2595639265775547
0.6753904168559427,1.5798327017443148,1.0221209857121285,0.23570130515320084
0.6753904168559427,1.5798327017443148,1.009546068575525,0.23570130515320084
0.6753904168559427,1.5798327017443148,1.0680059208264834,0.23570130515320084
0.6753904168559427,1.5798327017443148,0.9471262561714191,0.23570130515320084
0.6753904168559427,1.5798327017443148,0.9432465263026268,0.23570130515320084
0.6753904168559427,1.639098264031146,0.9329711876461652,0.23570130515320084
0.6753904168559427,1.639098264031146,0.9634934865539123,0.23570130515320084
0.6753904168559427,1.639098264031146,0.81945173288583,0.23570130515320084
0.6753904168559427,1.639098264031146,0.883780319973511,0.23570130515320084
0.6753904168559427,1.640349726974164,0.8817756930762304,0.23570130515320084
0.6753904168559427,1.640349726974164,1.0132581243973497,0.23570130515320084
0.6753904168559427,1.640349726974164,0.9145183647144014,0.23570130515320084
0.6753904168559427,1.640349726974164,0.8538445456221528,0.2015972755517694
0.6753904168559427,1.640349726974164,0.8831899971991175,0.2015972755517694
0.6753904168559427,1.640349726974164,0.880281610026087,0.2015972755517694
0.6753904168559427,1.640349726974164,0.9477246403537721,0.2015972755517694
0.6753904168559427,1.640349726974164,0.941733536142173,0.22997593849789336
0.6753904168559427,1.640349726974164,1.037732741846208,0.22997593849789336
0.6753904168559427,1.640349726974164,0.9379895148276036,0.22997593849789336
0.6753904168559427,1.640349726974164,0.914819619527108,0.22997593849789336
0.6753904168559427,1.640349726974164,0.8259154919445866,0.22997593849789336
0.6753904168559427,1.640349726974164,0.8783172969372728,0.22997593849789336
0.6753904168559427,1.640349726974164,1.000225909166971,0.22997593849789336
0.6753904168559427,1.640349726974164,0.8914198970672441,0.22997593849789336
0.6753904168559427,1.6964934374814915,0.8603855589580268,0.22997593849789336
0.6753904168559427,1.6964934374814915,0.8539625959542022,0.22997593849789336
0.6753904168559427,1.6964934374814915,0.9521885105203834,0.22997593849789336
0.6753904168559427,1.6964934374814915,0.8385692422000268,0.22997593849789336
0.6753904168559427,1.6964934374814915,0.8289758257584531,0.22997593849789336
0.6753904168559427,1.6964934374814915,0.7808840401510659,0.22997593849789336
0.6753904168559427,1.6964934374814915,0.8374294930827749,0.22997593849789336
0.6753904168559427,1.6964934374814915,0.8513637359378798,0.22997593849789336
0.6753904168559427,1.6964934374814915,0.9248883254556364,0.22997593849789336
0.6753904168559427,1.6964934374814915,0.8887659344969961,0.22997593849789336
0.6753904168559427,1.6964934374814915,0.8668434082021247,0.22997593849789336
0.6753904168559427,1.6964934374814915,0.8433042524445318,0.22997593849789336
0.6753904168559427,1.6964934374814915,0.805845637048046,0.2531586273227461
0.6753904168559427,1.6964934374814915,0.881738125533965,0.2896849134514272
0.6753904168559427,1.6964934374814915,0.8311249784741759,0.2896849134514272
0.6753904168559427,1.6964934374814915,0.8797134578715462,0.2896849134514272
0.6753904168559427,1.6964934374814915,0.907269004884098,0.2896849134514272
0.6753904168559427,1.6964934374814915,0.9423843072180494,0.30845539216155204
0.6753904168559427,1.6964934374814915,0.9026512856679925,0.30845539216155204
0.6753904168559427,1.6964934374814915,0.9253352384041758,0.30845539216155204
0.6958417939659719,1.6964934374814915,0.9225329700981759,0.30845539216155204
0.6958417939659719,1.6964934374814915,0.940879833153328,0.30845539216155204
0.6958417939659719,1.6964934374814915,0.9646568692129673,0.30845539216155204
0.6958417939659719,1.6964934374814915,0.8758989708328135,0.30845539216155204
0.7179911127105216,1.6964934374814915,0.8301546607684036,0.30845539216155204
0.7179911127105216,1.6964934374814915,0.9040303772099517,0.30845539216155204
0.7179911127105216,1.6964934374814915,0.8234272464110308,0.30845539216155204
0.7179911127105216,1.6964934374814915,0.8282847799103719,0.283588269993612
0.7179911127105216,1.694194104006902,0.8637352856117684,0.283588269993612
0.7179911127105216,1.694194104006902,0.9105182963110721,0.283588269993612
0.7179911127105216,1.694194104006902,0.8291801873327795,0.283588269993612
0.7179911127105216,1.694194104006902,0.8318861423645064,0.283588269993612
0.7179911127105216,1.694194104006902,0.8806849921197137,0.283588269993612
0.7179911127105216,1.694194104006902,0.8268235313797668,0.283588269993612
0.7179911127105216,1.694194104006902,0.863077289616794,0.283588269993612
0.7179911127105216,1.694194104006902,0.8103538390831817,0.283588269993612
0.7179911127105216,1.694194104006902,0.7837218974537076,0.283588269993612
0.7179911127105216,1.694194104006902,0.8348481017022071,0.283588269993612
0.7179911127105216,1.694194104006902,0.7825360866288497,0.283588269993612
0.7179911127105216,1.694194104006902,0.9256771079447232,0.283588269993612
0.7179911127105216,1.694194104006902,0.8222776471363373,0.283588269993612
0.7179911127105216,1.694194104006902,0.8912719382997452,0.283588269993612
0.7355589795471548,1.694194104006902,0.8368571801798488,0.283588269993612
0.7355589795471548,1.694194104006902,0.8407335953294132,0.283588269993612
0.7355589795471548,1.694194104006902,0.8609423605023881,0.283588269993612
0.7717310592443346,1.694194104006902,0.8173792892642371,0.283588269993612
0.7717310592443346,1.694194104006902,0.7664294504071227,0.283588269993612
0.7717310592443346,1.694194104006902,0.8077654786266709,0.283588269993612
0.7717310592443346,1.694194104006902,0.7358838850131301,0.283588269993612
0.7717310592443346,1.694194104006902,0.79589180986676,0.283588269993612
0.7717310592443346,1.7207778414965664,0.7282187824825559,0.283588269993612
0.7717310592443346,1.7207778414965664,0.7766988652800071,0.283588269993612
0.7717310592443346,1.7207778414965664,0.7115030275344932,0.283588269993612
0.7049593793786435,1.7207778414965664,0.7894026381333669,0.283588269993612
0.7049593793786435,1.7207778414965664,0.8093479747684927,0.283588269993612
0.7049593793786435,1.7207778414965664,0.8081277973656424,0.283588269993612
0.7049593793786435,1.7207778414965664,0.8607881637778534,0.283588269993612
0.7049593793786435,1.7207778414965664,0.8308684351631028,0.283588269993612
0.7049593793786435,1.7207778414965664,0.8535820469206556,0.283588269993612
0.7049593793786435,1.7207778414965664,0.8220765755898615,0.283588269993612
0.7049593793786435,1.7207778414965664,0.746829798948773,0.283588269993612
0.7049593793786435,1.7207778414965664,0.8370090158481351,0.283588269993612
0.7049593793786435,1.7207778414965664,0.7817149561263123,0.283588269993612
0.7049593793786435,1.7207778414965664,0.8313284697578264,0.283588269993612
0.7049593793786435,1.7207778414965664,0.8109971193140733,0.283588269993612
0.7049593793786435,1.7207778414965664,0.8286648701520247,0.283588269993612
0.7049593793786435,1.7207778414965664,0.8110007624448815,0.283588269993612
0.7049593793786435,1.7207778414965664,0.8153188917556751,0.283588269993612
0.7049593793786435,1.7207778414965664,0.79918747563728,0.283588269993612
0.7049593793786435,1.7207778414965664,0.7840193613772674,0.283588269993612
0.7049593793786435,1.7207778414965664,0.8259550616728226,0.283588269993612
0.7049593793786435,1.7207778414965664,0.8720329625926494,0.283588269993612
0.7049593793786435,1.7207778414965664,0.8429857980981807,0.283588269993612
0.7049593793786435,1.7207778414965664,0.8012088609725311,0.283588269993612
0.7049593793786435,1.7207778414965664,0.7854978440727366,0.283588269993612
0.7049593793786435,1.7207778414965664,0.8046696483722054,0.283588269993612
0.7049593793786435,1.7207778414965664,0.8552430583042641,0.283588269993612
0.7049593793786435,1.7207778414965664,0.759151820301628,0.283588269993612
0.7049593793786435,1.7207778414965664,0.7990211874254758,0.283588269993612
0.7049593793786435,1.7207778414965664,0.8373479825246541,0.283588269993612
0.7049593793786435,1.7207778414965664,0.7610276566805313,0.3085098613342067
0.7049593793786435,1.7207778414965664,0.8318281196329522,0.3085098613342067
0.7049593793786435,1.7207778414965664,0.816781850139102,0.3085098613342067
0.7049593793786435,1.7207778414965664,0.8586326267399289,0.3085098613342067
0.7049593793786435,1.7207778414965664,0.8502017100981067,0.3085098613342067
0.7049593793786435,1.7207778414965664,0.9180566113438919,0.3085098613342067
0.7049593793786435,1.7207778414965664,0.7825674749782482,0.27944649048343984
0.7049593793786435,1.7207778414965664,0.7873132027731415,0.27944649048343984
0.7049593793786435,1.7207778414965664,0.754815403725854,0.27944649048343984
0.7049593793786435,1.7207778414965664,0.8362016046278428,0.27944649048343984
0.7049593793786435,1.7207778414965664,0.8177675598387453,0.27944649048343984
0.7049593793786435,1.7207778414965664,0.79300343853517,0.27944649048343984
0.7049593793786435,1.7207778414965664,0.7697404766922145,0.27944649048343984
0.7049593793786435,1.7207778414965664,0.8128505801856557,0.27944649048343984
0.7049593793786435,1.7207778414965664,0.7940095203556429,0.27944649048343984
0.7049593793786435,1.7207778414965664,0.8329999519200968,0.27944649048343984
0.7049593793786435,1.7207778414965664,0.9033232704086736,0.279854188440091
0.7049593793786435,1.7207778414965664,0.8010163627204963,0.279854188440091
0.7049593793786435,1.7207778414965664,0.7663238554562641,0.279854188440091
0.7049593793786435,1.7207778414965664,0.8384040017322006,0.279854188440091
0.7049593793786435,1.7207778414965664,0.7899539258725735,0.279854188440091
0.7049593793786435,1.7207778414965664,0.8003102073287092,0.279854188440091
0.7049593793786435,1.7207778414965664,0.7870586071167123,0.279854188440091
0.7049593793786435,1.7207778414965664,0.8750398620926959,0.279854188440091
0.7049593793786435,1.7207778414965664,0.8403533462684729,0.279854188440091
0.7376722110426507,1.7207778414965664,0.7883558263135308,0.279854188440091
0.7376722110426507,1.7207778414965664,0.789332468166237,0.279854188440091
0.7376722110426507,1.7207778414965664,0.8190775317516956,0.279854188440091
0.7376722110426507,1.7389647736052856,0.7501300834883999,0.279854188440091
0.7376722110426507,1.7389647736052856,0.7907836527450203,0.36035385335273185
0.7376722110426507,1.7389647736052856,0.7742245876513009,0.31330350867478085
0.7376722110426507,1.7389647736052856,0.8007621890853918,0.3696482343463191
0.7376722110426507,1.7389647736052856,0.8523206697639767,0.3696482343463191
0.7376722110426507,1.7389647736052856,0.7628351831917916,0.3696482343463191
0.7376722110426507,1.7389647736052856,0.7972304382292968,0.3696482343463191
0.7376722110426507,1.7389647736052856,0.808487267308425,0.3696482343463191
0.7376722110426507,1.7389647736052856,0.8620161496820502,0.3696482343463191
0.7376722110426507,1.7389647736052856,0.7892640784680122,0.34980739733653443
0.7420825863402396,1.7389647736052856,0.7690999032965194,0.34980739733653443
0.7420825863402396,1.7389647736052856,0.7866623301343092,0.34980739733653443
0.7420825863402396,1.7389647736052856,0.8167246760552495,0.34980739733653443
0.7420825863402396,1.7389647736052856,0.7870375320353095,0.34980739733653443
0.7420825863402396,1.7389647736052856,0.8123351156787105,0.34980739733653443
0.7420825863402396,1.7389647736052856,0.8121891422555488,0.34980739733653443
0.7420825863402396,1.7389647736052856,0.7676889165918359,0.3376512011690836
0.7420825863402396,1.7389647736052856,0.795932648016974,0.3376512011690836
0.7420825863402396,1.7389647736052856,0.8141025261261949,0.3376512011690836
0.7420825863402396,1.7389647736052856,0.7851597927200545,0.3376512011690836
0.6518095954839602,1.7389647736052856,0.8383202801981974,0.3376512011690836
0.6518095954839602,1.7389647736052856,0.8766193999322748,0.3376512011690836
0.6518095954839602,1.7389647736052856,0.9301383461000661,0.3376512011690836
0.6518095954839602,1.7389647736052856,0.9541842703814802,0.3376512011690836
0.6518095954839602,1.7389647736052856,0.9597628829613271,0.3376512011690836
0.6518095954839602,1.7389647736052856,0.928490320245753,0.3376512011690836
0.6518095954839602,1.7389647736052856,0.8897537790448197,0.3376512011690836
0.6518095954839602,1.7389647736052856,0.9277821392636573,0.3376512011690836
0.6518095954839602,1.7389647736052856,0.9564124436938671,0.3376512011690836
0.6518095954839602,1.7389647736052856,0.8605928605351648,0.3376512011690836
0.6518095954839602,1.6692191194439265,0.9513479278943373,0.3376512011690836
0.6518095954839602,1.6692191194439265,1.0560303038517125,0.3376512011690836
0.6518095954839602,1.6692191194439265,1.1296303001828105,0.3376512011690836
0.6518095954839602,1.6768013404267281,1.0413245111752512,0.3376512011690836
0.6518095954839602,1.6768013404267281,1.0010642382741024,0.3376512011690836
0.6518095954839602,1.6768013404267281,0.9368383424733631,0.32271259412092146
0.6518095954839602,1.6768013404267281,0.993581685083385,0.32271259412092146
0.6518095954839602,1.6768013404267281,0.9813833210797871,0.2185563003295439
0.6518095954839602,1.6768013404267281,0.8107831616623933,0.2185563003295439
0.6518095954839602,1.6768013404267281,0.8724809601464489,0.2185563003295439
0.6518095954839602,1.6681468985210395,0.9593805907169629,0.2185563003295439
0.6518095954839602,1.6681468985210395,0.9373579348494715,0.2185563003295439
0.6767818103979093,1.6681468985210395,0.8796845832830077,0.2185563003295439
0.6767818103979093,1.6681468985210395,0.9426353299395721,0.2185563003295439
0.6767818103979093,1.6681468985210395,0.9301418943549056,0.2185563003295439
0.6767818103979093,1.6681468985210395,0.8824406558201084,0.2185563003295439
0.6767818103979093,1.6681468985210395,0.8395951482658797,0.2185563003295439
0.6767818103979093,1.6681468985210395,0.8480418089587426,0.2185563003295439
0.6767818103979093,1.6681468985210395,0.9093722486700652,0.2185563003295439
0.6767818103979093,1.6681468985210395,0.8719990592945461,0.22624952981684185
0.6867390013229464,1.6681468985210395,0.8249917766774899,0.22624952981684185
0.6867390013229464,1.6681468985210395,0.8894842512362529,0.22624952981684185
0.6867390013229464,1.6681468985210395,0.8548349808386718,0.22624952981684185
0.6867390013229464,1.6681468985210395,0.9078705081270115,0.22624952981684185
0.7285079732992369,1.6681468985210395,0.8307859820519263,0.22624952981684185
0.7285079732992369,1.6681468985210395,0.8234467630273167,0.22624952981684185
0.7285079732992369,1.6681468985210395,0.8412752111753251,0.22624952981684185
0.7285079732992369,1.6681468985210395,0.8126553327706345,0.22624952981684185
0.7285079732992369,1.6681468985210395,0.8429917526128633,0.22624952981684185
0.7285079732992369,1.6681468985210395,0.8339247439432285,0.22624952981684185
0.7285079732992369,1.6681468985210395,0.7826257775826335,0.22624952981684185
0.7285079732992369,1.6681468985210395,0.7913258844116176,0.22624952981684185
0.7285079732992369,1.6681468985210395,0.7971349545555987,0.22624952981684185
0.7285079732992369,1.6781283489792096,0.887268548031163,0.22624952981684185
0.7285079732992369,1.6781283489792096,0.7998193252336997,0.22624952981684185
0.7285079732992369,1.6781283489792096,0.8527968928876277,0.343256051235493
0.7285079732992369,1.6781283489792096,0.8931487614446303,0.343256051235493
0.7285079732992369,1.6781283489792096,0.9274784717868514,0.343256051235493
0.7285079732992369,1.6781283489792096,0.96436550706362,0.343256051235493
0.7285079732992369,1.6781283489792096,0.8623774016156207,0.343256051235493
0.7285079732992369,1.6781283489792096,1.0054852054976746,0.3435805031658892
0.7285079732992369,1.6781283489792096,0.8498518464381953,0.33561399452117796
0.7285079732992369,1.6781283489792096,0.8239249951499594,0.33561399452117796
0.7285079732992369,1.6781283489792096,0.876836774156315,0.33561399452117796
0.7285079732992369,1.6781283489792096,0.8456524003769651,0.33561399452117796
0.7285079732992369,1.6781283489792096,0.8375824954498133,0.33561399452117796
0.7285079732992369,1.6781283489792096,0.9030477339799948,0.33561399452117796
0.7285079732992369,1.6781283489792096,0.8826790426365443,0.33561399452117796
0.7285079732992369,1.6781283489792096,0.9731340595909359,0.33561399452117796
0.7285079732992369,1.6781283489792096,0.8469867148067745,0.33561399452117796
0.7285079732992369,1.6781283489792096,0.9611409944805458,0.3272317385397911
0.7285079732992369,1.6781283489792096,0.932645094336067,0.3272317385397911
0.7285079732992369,1.6781283489792096,0.9031497099912216,0.3272317385397911
0.7285079732992369,1.6781283489792096,0.9078268506361484,0.3272317385397911
0.7430851731769261,1.6999122635670538,0.8493002141750504,0.3272317385397911
0.7430851731769261,1.6999122635670538,0.7713185281517302,0.3272317385397911
0.7430851731769261,1.6999122635670538,0.7611266854292433,0.3272317385397911
0.7430851731769261,1.6999122635670538,0.8508902599772475,0.3272317385397911
0.7430851731769261,1.6999122635670538,0.8198802009639353,0.3272317385397911
0.7430851731769261,1.6999122635670538,0.8373900826470342,0.3272317385397911
0.7430851731769261,1.6999122635670538,0.9069838743641099,0.3272317385397911
0.7430851731769261,1.6999122635670538,0.8209762259489651,0.3272317385397911
0.7430851731769261,1.6999122635670538,0.8251465925121511,0.3272317385397911
0.7430851731769261,1.6999122635670538,0.8180836786821557,0.3272317385397911
0.7430851731769261,1.6999122635670538,0.9354001679942052,0.3272317385397911
0.7430851731769261,1.6999122635670538,0.80083858111771,0.28329863340096634
0.7430851731769261,1.6999122635670538,0.8109109105828476,0.28329863340096634
0.7430851731769261,1.6999122635670538,0.7833978915572681,0.28329863340096634
0.7430851731769261,1.6999122635670538,0.843117687022573,0.28329863340096634
0.7430851731769261,1.6999122635670538,0.807786827783053,0.28329863340096634
0.7430851731769261,1.6999122635670538,0.8808414315674489,0.28329863340096634
0.7430851731769261,1.6999122635670538,0.8577462918250371,0.28329863340096634
0.7430851731769261,1.6999122635670538,0.8430171350303942,0.28329863340096634
0.7430851731769261,1.6999122635670538,0.8882494912220884,0.28329863340096634
0.7430851731769261,1.6999122635670538,0.8149715349101383,0.28329863340096634
0.7430851731769261,1.6999122635670538,0.8236651199209487,0.28329863340096634
0.7430851731769261,1.6399168860190945,0.8523050444981631,0.28329863340096634
0.7430851731769261,1.6399168860190945,0.851192878943807,0.28329863340096634
0.7430851731769261,1.6399168860190945,0.943842461426463,0.28329863340096634
0.7430851731769261,1.6399168860190945,0.9516304232498298,0.28329863340096634
0.7430851731769261,1.6399168860190945,0.888205894930759,0.28329863340096634
0.7430851731769261,1.6399168860190945,0.9696452145398867,0.28329863340096634
0.7430851731769261,1.6399168860190945,0.9568659904606405,0.28329863340096634
0.7430851731769261,1.6399168860190945,0.8672258646898297,0.28329863340096634
0.7430851731769261,1.6399168860190945,0.9194020934824783,0.28329863340096634
0.7430851731769261,1.6399168860190945,0.8250339308510142,0.28329863340096634
0.7430851731769261,1.6399168860190945,0.9605498026793803,0.28329863340096634
0.7430851731769261,1.6399168860190945,0.8604639250413026,0.28329863340096634
0.7430851731769261,1.6399168860190945,0.8796710692898687,0.28329863340096634
0.7430851731769261,1.6399168860190945,0.8434282874605228,0.28329863340096634
0.7430851731769261,1.6399168860190945,0.8360789914933457,0.28329863340096634
0.7430851731769261,1.6399168860190945,0.848199252245468,0.28329863340096634
0.7430851731769261,1.6399168860190945,0.9025638068348918,0.28329863340096634
0.7430851731769261,1.6399168860190945,0.8894592995496723,0.28329863340096634
0.7430851731769261,1.6399168860190945,0.9086621167580204,0.28329863340096634
0.7430851731769261,1.6399168860190945,0.9012042751004857,0.28329863340096634
0.7430851731769261,1.6399168860190945,0.8519502211018932,0.28329863340096634
0.7430851731769261,1.6399168860190945,0.8560385935037081,0.25361789183831773
0.7430851731769261,1.6399168860190945,0.8363399237373441,0.25361789183831773
0.7430851731769261,1.6399168860190945,0.9094791457364696,0.25361789183831773
0.7430851731769261,1.6399168860190945,0.8436612121396599,0.25361789183831773
0.7430851731769261,1.6399168860190945,0.8454953872541483,0.25361789183831773
0.7430851731769261,1.6399168860190945,0.8387968774988834,0.25361789183831773
0.7430851731769261,1.6399168860190945,0.8691245843244728,0.2654743158290775
0.7430851731769261,1.6399168860190945,0.8616967899940049,0.2654743158290775
0.7430851731769261,1.6399168860190945,0.8482465136980571,0.2654743158290775
0.7430851731769261,1.6399168860190945,0.9062658732064486,0.2654743158290775
0.7430851731769261,1.6399168860190945,0.8930610669016179,0.2654743158290775
0.7430851731769261,1.6399168860190945,0.9250156537954516,0.2654743158290775
0.7430851731769261,1.6399168860190945,0.8341452920823655,0.2654743158290775
0.7430851731769261,1.6399168860190945,0.9288456954696682,0.2654743158290775
0.7430851731769261,1.6399168860190945,0.8659153564707944,0.2654743158290775
0.7430851731769261,1.6399168860190945,0.9102478147752274,0.2654743158290775
0.6926211677062797,1.6399168860190945,0.9457445211645942,0.2654743158290775
0.6926211677062797,1.6399168860190945,0.9052231312918794,0.2654743158290775
0.6926211677062797,1.6399168860190945,0.9159361049670565,0.2654743158290775
0.6926211677062797,1.6399168860190945,0.9844167209745553,0.2654743158290775
0.6926211677062797,1.6399168860190945,0.9399178886760986,0.2654743158290775
0.6926211677062797,1.6399168860190945,0.9003073619313278,0.2654743158290775
0.6926211677062797,1.6399168860190945,0.889032773350349,0.2654743158290775
0.6926211677062797,1.6399168860190945,0.9644962466400963,0.2654743158290775
0.6926211677062797,1.6399168860190945,0.9616853170813606,0.2654743158290775
0.6926211677062797,1.6399168860190945,0.8962363291275925,0.2654743158290775
0.6926211677062797,1.6399168860190945,0.965192323011546,0.2654743158290775
0.6926211677062797,1.6399168860190945,0.9029319212726274,0.2654743158290775
0.6926211677062797,1.6399168860190945,0.9752058954410253,0.2654743158290775
0.6926211677062797,1.6399168860190945,0.9350753458116805,0.2654743158290775
0.6926211677062797,1.6399168860190945,0.9112015222777484,0.2654743158290775
0.6926211677062797,1.6399168860190945,0.9480284217972799,0.2654743158290775
0.6926211677062797,1.6399168860190945,0.9682527453026767,0.2654743158290775
0.6926211677062797,1.6399168860190945,0.9292284558975323,0.2654743158290775
0.6926211677062797,1.6399168860190945,0.9334895377346007,0.2654743158290775
0.6926211677062797,1.6399168860190945,0.9046018413391074,0.2654743158290775
0.6926211677062797,1.6399168860190945,0.920920430789397,0.2654743158290775
0.6926211677062797,1.6399168860190945,0.8709209310383269,0.2654743158290775
0.6926211677062797,1.6399168860190945,0.9316056750421703,0.2654743158290775
0.6926211677062797,1.6399168860190945,0.9335578691500409,0.2654743158290775
0.6926211677062797,1.6399168860190945,0.9314700983348098,0.2654743158290775
0.6926211677062797,1.6399168860190945,0.9518273231279507,0.2654743158290775
0.6926211677062797,1.6399168860190945,1.000630604682634,0.2956243308346041
0.6926211677062797,1.6399168860190945,0.9649601519248987,0.2956243308346041
0.6926211677062797,1.6399168860190945,0.9490870690523306,0.2956243308346041
0.6926211677062797,1.6399168860190945,0.9346338768869051,0.2956243308346041
0.6926211677062797,1.6399168860190945,0.9393446039399908,0.2956243308346041
0.6926211677062797,1.6399168860190945,1.0336595555325871,0.2956243308346041
0.6926211677062797,1.6399168860190945,0.9419114645046529,0.2956243308346041
0.6926211677062797,1.6399168860190945,0.8378470173545327,0.2956243308346041
0.6926211677062797,1.6235053646620854,0.9247841983582413,0.2956243308346041
0.6926211677062797,1.6235053646620854,1.0108423293685942,0.2956243308346041
0.6926211677062797,1.6235053646620854,1.0351775447251874,0.2183512567952038
0.6926211677062797,1.6235053646620854,0.9494298665136788,0.2183512567952038
0.6926211677062797,1.6235053646620854,0.9163678580718341,0.2183512567952038
0.6926211677062797,1.6235053646620854,0.9398867224242591,0.2183512567952038
0.6926211677062797,1.6235053646620854,0.8991152128720489,0.2183512567952038
0.6926211677062797,1.6235053646620854,0.9283151640188693,0.2183512567952038
0.6926211677062797,1.6235053646620854,0.9559318985618995,0.2183512567952038
0.6926211677062797,1.6235053646620854,0.9816075910003905,0.2183512567952038
0.6926211677062797,1.6235053646620854,1.0257419536085934,0.2183512567952038
0.6926211677062797,1.6235053646620854,0.9847255108228509,0.2183512567952038
0.6926211677062797,1.6235053646620854,0.9193141741038009,0.2183512567952038
0.6926211677062797,1.6235053646620854,0.9391314070663301,0.21018262375059046
0.6037680027016044,1.6235053646620854,1.0134778236197348,0.21018262375059046
0.6037680027016044,1.6235053646620854,0.9377055191690995,0.21018262375059046
0.6037680027016044,1.6235053646620854,1.0029405813236727,0.21018262375059046
0.6037680027016044,1.6235053646620854,1.053889049992579,0.21018262375059046
0.6037680027016044,1.6235053646620854,1.041315223342738,0.21018262375059046
0.6037680027016044,1.6235053646620854,1.0997499872695753,0.21018262375059046
0.6037680027016044,1.6235053646620854,1.047852415420338,0.21018262375059046
0.6037680027016044,1.6235053646620854,1.1037299482324954,0.21018262375059046
0.6037680027016044,1.6235053646620854,1.1074714966679438,0.21018262375059046
0.6037680027016044,1.6235053646620854,1.1227504935134316,0.21018262375059046
0.6037680027016044,1.6235053646620854,1.0521728062517264,0.21018262375059046
0.6037680027016044,1.6235053646620854,1.0657037786464199,0.21018262375059046
0.6037680027016044,1.5789944758867636,1.0973466564081598,0.21018262375059046
0.6037680027016044,1.5789944758867636,1.1448452662405322,0.21018262375059046
0.6037680027016044,1.5789944758867636,1.146070980568056,0.21362016333913708
0.6037680027016044,1.5789944758867636,1.1012760104712933,0.21362016333913708
0.6037680027016044,1.5789944758867636,1.1574681546467995,0.2304545211715427
0.6037680027016044,1.6083333290247752,1.1714509851121562,0.2304545211715427
0.6037680027016044,1.6083333290247752,1.0460796579448486,0.2304545211715427
0.6037680027016044,1.6083333290247752,1.1000065959079568,0.2304545211715427
0.6037680027016044,1.6083333290247752,1.1532304444506134,0.2304545211715427
0.6037680027016044,1.6083333290247752,1.0798086213812768,0.2304545211715427
0.6037680027016044,1.5634602877400774,1.2305508469408013,0.2304545211715427
0.6037680027016044,1.5634602877400774,1.1891573700314118,0.2304545211715427
0.6037680027016044,1.5634602877400774,1.1704570546852815,0.2304545211715427
0.6037680027016044,1.5634602877400774,1.1725534607113113,0.2304545211715427
0.6037680027016044,1.5634602877400774,1.1519343955071186,0.2304545211715427
0.6037680027016044,1.5634602877400774,1.2370923465638586,0.2304545211715427
0.6037680027016044,1.5634602877400774,1.1162171150310771,0.2304545211715427
0.6037680027016044,1.5634602877400774,1.1511035625919266,0.2304545211715427
0.6811763866536026,1.5634602877400774,1.1800264910201208,0.2304545211715427
0.6811763866536026,1.5634602877400774,1.0265722532514705,0.2212930021302274
0.6811763866536026,1.5634602877400774,1.0806263746424631,0.2212930021302274
0.6811763866536026,1.5634602877400774,1.0886263873853472,0.2212930021302274
0.6811763866536026,1.5634602877400774,1.0168027460824882,0.2212930021302274
0.6811763866536026,1.5634602877400774,1.1158109952963478,0.2212930021302274
0.6811763866536026,1.5634602877400774,1.0752514433373743,0.2212930021302274
0.6811763866536026,1.5634602877400774,1.099145906152109,0.2212930021302274
0.6811763866536026,1.5634602877400774,1.0216222788139058,0.2212930021302274
0.6811763866536026,1.5634602877400774,1.0770163005305242,0.2212930021302274
0.6811763866536026,1.5634602877400774,0.9864952966072856,0.2212930021302274
0.6811763866536026,1.5634602877400774,0.9956731355768295,0.2212930021302274
0.6811763866536026,1.5634602877400774,1.1111494401183657,0.2212930021302274
0.6811763866536026,1.5634602877400774,1.1928429283125221,0.2212930021302274
0.6811763866536026,1.5634602877400774,1.1515221810838754,0.2212930021302274
0.6811763866536026,1.5634602877400774,0.987599263619335,0.2212930021302274
0.6811763866536026,1.5634602877400774,1.1256777318212785,0.2212930021302274
0.6811763866536026,1.5634602877400774,0.9583392723560965,0.2212930021302274
0.6811763866536026,1.5634602877400774,0.9530052735943728,0.2212930021302274
0.6811763866536026,1.5634602877400774,1.0852070131078375,0.2212930021302274
0.6811763866536026,1.6390042823323905,1.0429959302434009,0.2212930021302274
0.6811763866536026,1.6390042823323905,0.9930525954035844,0.2212930021302274
0.7204640068476903,1.6390042823323905,0.8994857946942836,0.2212930021302274
0.7204640068476903,1.6390042823323905,0.9318424119009462,0.2212930021302274
0.7204640068476903,1.6390042823323905,0.9015168963942986,0.2212930021302274
0.7204640068476903,1.6390042823323905,0.846195613556516,0.2212930021302274
0.7204640068476903,1.6390042823323905,0.8222409165167301,0.2212930021302274
0.7204640068476903,1.6390042823323905,0.9001851201531834,0.2212930021302274
0.7204640068476903,1.6390042823323905,0.9211428527672643,0.2494442701677961
0.7204640068476903,1.6390042823323905,0.8276966124381415,0.2494442701677961
0.7204640068476903,1.6390042823323905,0.9795465713543122,0.2494442701677961
0.7204640068476903,1.6390042823323905,0.9555511792076956,0.26802395181552247
0.7204640068476903,1.6390042823323905,0.9783940851345315,0.26802395181552247
0.7204640068476903,1.6390042823323905,0.9500040830067072,0.26802395181552247
0.7204640068476903,1.6390042823323905,0.8573319666449615,0.26802395181552247
0.7204640068476903,1.6390042823323905,0.8771110713046354,0.26802395181552247
0.7204640068476903,1.6390042823323905,0.8900320115281163,0.26802395181552247
0.7204640068476903,1.6390042823323905,0.8276791177906948,0.26802395181552247
0.7204640068476903,1.6390042823323905,0.9305109964055254,0.26802395181552247
0.7204640068476903,1.6390042823323905,0.934801469395789,0.26802395181552247
0.7204640068476903,1.6390042823323905,0.8953258928995899,0.26802395181552247
0.7204640068476903,1.6390042823323905,0.8994052441345216,0.26802395181552247
0.7204640068476903,1.6390042823323905,0.9091303741993071,0.26802395181552247
0.7204640068476903,1.6390042823323905,0.9025587287984168,0.26802395181552247
0.7204640068476903,1.6390042823323905,0.9668389419369424,0.26802395181552247
0.7204640068476903,1.6390042823323905,0.8289112796895355,0.26802395181552247
0.8442698621163575,1.6390042823323905,0.860300185915209,0.26802395181552247
0.8442698621163575,1.6390042823323905,0.7945089271811819,0.26802395181552247
0.8442698621163575,1.6400244297541458,0.7639850757294637,0.26802395181552247
0.8442698621163575,1.6400244297541458,0.76523751822684,0.26802395181552247
0.8442698621163575,1.6400244297541458,0.7700689681509917,0.26802395181552247
0.8442698621163575,1.6400244297541458,0.7841645221852762,0.26802395181552247
0.7939088168505208,1.6400244297541458,0.8118363763747752,0.26802395181552247
0.7939088168505208,1.6400244297541458,0.7944089664267127,0.25999898517964876
0.79530465567151,1.6400244297541458,0.7489382289055444,0.25999898517964876
0.79530465567151,1.6400244297541458,0.8398538891581229,0.25999898517964876
0.79530465567151,1.6400244297541458,0.804369917142872,0.25999898517964876
0.79530465567151,1.6400244297541458,0.7881812290596656,0.25999898517964876
0.79530465567151,1.6400244297541458,0.7819205653706871,0.25999898517964876
0.79530465567151,1.6102957292985396,0.8847234239206362,0.25999898517964876
0.79530465567151,1.6102957292985396,0.8005491477744421,0.25999898517964876
0.699447371145329,1.6369327285174884,0.8579208962699126,0.25999898517964876
0.699447371145329,1.6369327285174884,0.9340297073312671,0.25999898517964876
0.699447371145329,1.6369327285174884,0.8909358154977854,0.25999898517964876
0.699447371145329,1.6369327285174884,0.9476703461864511,0.25999898517964876
0.699447371145329,1.6369327285174884,0.9539172112963684,0.25999898517964876
0.699447371145329,1.6694444787589575,0.8781254607218577,0.25999898517964876
0.699447371145329,1.6694444787589575,0.8664713089700538,0.25999898517964876
0.699447371145329,1.6694444787589575,0.8370718859798119,0.25999898517964876
0.699447371145329,1.6694444787589575,0.776969012951732,0.25999898517964876
0.699447371145329,1.6694444787589575,0.8996599506508696,0.27085898626729954
0.699447371145329,1.6694444787589575,0.8538534677336921,0.27085898626729954
0.699447371145329,1.6694444787589575,0.8593442902115701,0.27085898626729954
0.699447371145329,1.6694444787589575,0.9354489108995787,0.27085898626729954
0.699447371145329,1.6694444787589575,0.9257142152096705,0.27085898626729954
0.699447371145329,1.6694444787589575,0.8990795339562405,0.27085898626729954
0.699447371145329,1.6694444787589575,0.8914626176391198,0.27085898626729954
0.699447371145329,1.6694444787589575,0.8333502512308514,0.27085898626729954
0.699447371145329,1.6694444787589575,0.9313894375228607,0.27085898626729954
0.699447371145329,1.6694444787589575,0.8714570138728365,0.27085898626729954
0.699447371145329,1.6694444787589575,0.916668893180542,0.27085898626729954
0.699447371145329,1.6694444787589575,0.8710819915556879,0.27085898626729954
0.699447371145329,1.6694444787589575,0.9166731876009061,0.27085898626729954
0.699447371145329,1.6694444787589575,0.9196791382458669,0.27085898626729954
0.699447371145329,1.6694444787589575,1.0170932194048796,0.27085898626729954
0.699447371145329,1.6694444787589575,0.8611242422912886,0.27085898626729954
0.699447371145329,1.6694444787589575,0.9475314042888023,0.27085898626729954
0.699447371145329,1.6694444787589575,0.8338749808392079,0.27085898626729954
0.699447371145329,1.6694444787589575,0.9164193358055538,0.27085898626729954
0.699447371145329,1.6694444787589575,0.8830472296707083,0.27085898626729954
0.699447371145329,1.6694444787589575,0.9208334650407647,0.27085898626729954
0.699447371145329,1.6694444787589575,0.8659003492020332,0.27085898626729954
0.699447371145329,1.6694444787589575,0.9018793500680474,0.2008024647124321
0.699447371145329,1.6694444787589575,0.7638363812891824,0.2008024647124321
0.699447371145329,1.6694444787589575,0.8098722779731758,0.2008024647124321
0.699447371145329,1.6694444787589575,0.8196619052362298,0.2008024647124321
0.699447371145329,1.6694444787589575,0.8043237639763302,0.2436805835299207
0.699447371145329,1.6694444787589575,0.9317446691076088,0.2436805835299207
0.699447371145329,1.6694444787589575,0.9130031832899324,0.2436805835299207
0.699447371145329,1.6694444787589575,0.8875559124660642,0.2436805835299207
0.699447371145329,1.6694444787589575,0.8591501954427249,0.2436805835299207
0.699447371145329,1.6694444787589575,0.9122230060962407,0.2436805835299207
0.699447371145329,1.6694444787589575,0.9304192983478499,0.2436805835299207
0.699447371145329,1.6694444787589575,0.8648599345289323,0.2436805835299207
0.699447371145329,1.6694444787589575,0.9533494935424627,0.2436805835299207
0.699447371145329,1.6694444787589575,0.9222067364314152,0.2436805835299207
0.699447371145329,1.6694444787589575,0.8755644037470354,0.2436805835299207
0.699447371145329,1.6694444787589575,0.8609952776979263,0.2436805835299207
0.699447371145329,1.6694444787589575,0.8763348438389601,0.2436805835299207
0.699447371145329,1.6694444787589575,0.8299598715218558,0.2436805835299207
0.699447371145329,1.6694444787589575,0.8672268943659395,0.3090183358618245
0.699447371145329,1.6694444787589575,0.9123632021650427,0.3090183358618245
0.699447371145329,1.6694444787589575,0.9727743111229411,0.3090183358618245
0.699447371145329,1.6694444787589575,0.8744042038065781,0.3090183358618245
0.699447371145329,1.6694444787589575,0.9512233149754789,0.3090183358618245
0.699447371145329,1.6694444787589575,1.0239317888100121,0.3090183358618245
0.699447371145329,1.6694444787589575,0.9701252016078434,0.3090183358618245
0.699447371145329,1.654878829945141,0.9882621000795553,0.3090183358618245
0.699447371145329,1.654878829945141,1.0088253392909292,0.3090183358618245
0.699447371145329,1.654878829945141,0.9507732953515955,0.3090183358618245
0.699447371145329,1.654878829945141,1.0418832937694906,0.3090183358618245
0.699447371145329,1.654878829945141,0.9551700675389101,0.3090183358618245
0.699447371145329,1.654878829945141,1.1566811392362206,0.3090183358618245
0.699447371145329,1.654878829945141,1.037191527928225,0.3090183358618245
0.699447371145329,1.654878829945141,0.9393311371402574,0.3090183358618245
0.699447371145329,1.654878829945141,1.019536697322464,0.3090183358618245
0.699447371145329,1.654878829945141,0.9598682932104401,0.3090183358618245
0.699447371145329,1.654878829945141,0.9398156241699156,0.3090183358618245
0.699447371145329,1.654878829945141,1.0201168790955362,0.3090183358618245
0.699447371145329,1.654878829945141,0.9240447710346701,0.3090183358618245
0.699447371145329,1.654878829945141,0.9216923418621581,0.3090183358618245
0.699447371145329,1.6241295847995698,0.995753237379722,0.3090183358618245
0.699447371145329,1.6241295847995698,1.0687903248065644,0.3090183358618245
0.699447371145329,1.6241295847995698,0.9582493612675972,0.3090183358618245
0.699447371145329,1.6241295847995698,0.9843261579340348,0.3090183358618245
0.699447371145329,1.6241295847995698,0.9455419262919074,0.3090183358618245
0.699447371145329,1.6241295847995698,0.9948464323887483,0.3090183358618245
0.699447371145329,1.6241295847995698,1.09603936009773,0.3090183358618245
0.699447371145329,1.6241295847995698,0.971144812084954,0.3090183358618245
0.699447371145329,1.6241295847995698,0.9417943603672502,0.28476882037755286
0.699447371145329,1.6241295847995698,0.974299075275953,0.2512586462210374
0.699447371145329,1.6128185194440454,0.9162955234455374,0.2512586462210374
0.699447371145329,1.686365976650952,0.8748724812166541,0.2512586462210374
0.699447371145329,1.686365976650952,0.8255559413841692,0.2512586462210374
0.699447371145329,1.686365976650952,0.8434023971175272,0.2512586462210374
0.699447371145329,1.686365976650952,0.8825619631024246,0.2512586462210374
0.699447371145329,1.686365976650952,0.8895921087065171,0.2512586462210374
0.699447371145329,1.686365976650952,0.9125757479226321,0.2512586462210374
0.699447371145329,1.676585148148904,0.8514877666202982,0.2512586462210374
0.699447371145329,1.676585148148904,0.7827879404044278,0.2512586462210374
0.699447371145329,1.676585148148904,0.9254145605431239,0.2512586462210374
0.699447371145329,1.676585148148904,0.889325782951788,0.2512586462210374
0.699447371145329,1.676585148148904,0.8581492596640871,0.2512586462210374
0.699447371145329,1.676585148148904,0.8751191748645573,0.2721245819402045
0.699447371145329,1.676585148148904,0.8635163825412855,0.2721245819402045
0.699447371145329,1.676585148148904,0.9238254457421528,0.2721245819402045
0.6655057140001424,1.676585148148904,0.9601316606239236,0.2721245819402045
0.6655057140001424,1.676585148148904,0.9036352783978229,0.2721245819402045
0.6655057140001424,1.676585148148904,0.9576409206029496,0.2721245819402045
0.6655057140001424,1.676585148148904,0.9219237746311717,0.2721245819402045
0.6890606852412646,1.676585148148904,0.858694365491031,0.2721245819402045
0.6890606852412646,1.676585148148904,0.8725752212589761,0.2721245819402045
0.6890606852412646,1.676585148148904,0.9603590751127669,0.3209294146382434
0.6890606852412646,1.676585148148904,0.9179301102325031,0.3209294146382434
0.6890606852412646,1.676585148148904,0.7969530086744623,0.3209294146382434
0.6890606852412646,1.676585148148904,0.9118038058268212,0.3209294146382434
0.6890606852412646,1.676585148148904,0.9451420811630122,0.3209294146382434
0.6890606852412646,1.676585148148904,0.9886847609924506,0.3209294146382434
0.6890606852412646,1.676585148148904,0.9311539539874523,0.3209294146382434
0.6890606852412646,1.676585148148904,0.9478215493002549,0.3209294146382434
0.6890606852412646,1.666789466880825,0.9460201331549826,0.3209294146382434
0.6890606852412646,1.666789466880825,0.9181440700389197,0.3209294146382434
0.6890606852412646,1.666789466880825,0.9514189405135124,0.3209294146382434
0.6890606852412646,1.666789466880825,0.9163951226307067,0.3209294146382434
0.6890606852412646,1.6818111702184912,0.9349714277578711,0.3209294146382434
0.6857329772930442,1.6818111702184912,0.9762097581837513,0.3209294146382434
0.6857329772930442,1.6461148274786075,1.0052632989969092,0.3209294146382434
0.6857329772930442,1.6461148274786075,1.0895129736457778,0.2459812563269178
0.6857329772930442,1.6461148274786075,0.927110295420558,0.2459812563269178
0.6857329772930442,1.6461148274786075,1.0071527695928963,0.2459812563269178
0.6857329772930442,1.6461148274786075,0.9155280605753644,0.2459812563269178
0.6857329772930442,1.6461148274786075,0.9820507726166164,0.2459812563269178
0.6857329772930442,1.6461148274786075,0.9622499837949176,0.2459812563269178
0.6857329772930442,1.6461148274786075,0.9583979933685228,0.2459812563269178
0.6857329772930442,1.6461148274786075,0.9325878815453803,0.2459812563269178
0.6857329772930442,1.6461148274786075,0.8746971323567407,0.2459812563269178
0.6857329772930442,1.6219114812739472,0.9570067623833117,0.2459812563269178
0.6857329772930442,1.6219114812739472,0.9976205924250197,0.2459812563269178
0.6857329772930442,1.6219114812739472,0.9290715650715566,0.2459812563269178
0.6857329772930442,1.6219114812739472,0.9770356440180111,0.2459812563269178
0.6857329772930442,1.6219114812739472,1.0245797060728634,0.2459812563269178
0.6857329772930442,1.6219114812739472,0.9352128313810997,0.2459812563269178
0.6857329772930442,1.6219114812739472,0.9131398638571689,0.2459812563269178
0.6857329772930442,1.6219114812739472,0.9868402874356387,0.2459812563269178
0.6857329772930442,1.6219114812739472,1.0517627649634358,0.2459812563269178
0.6857329772930442,1.6219114812739472,1.0675411689662164,0.2459812563269178
0.6857329772930442,1.6219114812739472,0.935786932097589,0.2459812563269178
0.6857329772930442,1.6219114812739472,0.9020642251821321,0.2459812563269178
0.6857329772930442,1.6219114812739472,1.0489790585118863,0.2459812563269178
0.6857329772930442,1.6219114812739472,0.9390266294976296,0.2459812563269178
0.6857329772930442,1.6219114812739472,1.0145132529733998,0.2459812563269178
0.6970765480851852,1.6219114812739472,0.9889496382846817,0.2459812563269178
0.7364448228481764,1.6219114812739472,0.9321391359614976,0.2459812563269178
0.7364448228481764,1.6219114812739472,0.9605364283202226,0.2459812563269178
0.7364448228481764,1.6219114812739472,0.9028464900209783,0.2459812563269178
0.7364448228481764,1.7119136645838011,0.7990474850031251,0.24128906797485786
0.7364448228481764,1.7119136645838011,0.8465949243535716,0.24128906797485786
0.7364448228481764,1.7119136645838011,0.7378237336662539,0.24128906797485786
0.7364448228481764,1.7119136645838011,0.7353965945878493,0.24128906797485786
0.7364448228481764,1.7119136645838011,0.7590352868164997,0.24128906797485786
0.7364448228481764,1.7119136645838011,0.7952128070080653,0.24128906797485786
0.7364448228481764,1.7119136645838011,0.7469008182077093,0.24128906797485786
0.7364448228481764,1.7119136645838011,0.731955956895568,0.239450637614207
0.7364448228481764,1.7119136645838011,0.7363054437512563,0.2931578433042157
0.7364448228481764,1.7119136645838011,0.8721576843933214,0.2931578433042157
0.7364448228481764,1.7119136645838011,0.7983470474695802,0.2931578433042157
0.7364448228481764,1.7119136645838011,0.7763501672859374,0.2931578433042157
0.7364448228481764,1.7119136645838011,0.7995225336447482,0.2931578433042157
0.7364448228481764,1.7119136645838011,0.8687305754511377,0.2931578433042157
0.7364448228481764,1.7119136645838011,0.8232077962122964,0.2931578433042157
0.7364448228481764,1.7119136645838011,0.763491186195931,0.2931578433042157
0.7364448228481764,1.7119136645838011,0.82187599110716,0.2931578433042157
0.7364448228481764,1.7119136645838011,0.8173817321618827,0.2931578433042157
0.7364448228481764,1.7119136645838011,0.8174132429436153,0.2931578433042157
0.7364448228481764,1.7119136645838011,0.7851502409154166,0.2931578433042157
0.7364448228481764,1.7119136645838011,0.7747368900411448,0.2931578433042157
0.7364448228481764,1.7119136645838011,0.796943672242877,0.2931578433042157
0.7364448228481764,1.7119136645838011,0.8247952097645611,0.2931578433042157
0.7364448228481764,1.7119136645838011,0.7992325590281066,0.2931578433042157
0.7364448228481764,1.7119136645838011,0.8147568447964731,0.2931578433042157
0.7364448228481764,1.7119136645838011,0.8232124145460026,0.2931578433042157
0.7364448228481764,1.7119136645838011,0.7901767726387645,0.2931578433042157
0.7364448228481764,1.7119136645838011,0.8313766095659512,0.2931578433042157
0.7364448228481764,1.7119136645838011,0.8184507537090011,0.2931578433042157
0.7364448228481764,1.7119136645838011,0.7610460204750318,0.2931578433042157
0.7364448228481764,1.7119136645838011,0.8374246962475232,0.2931578433042157
0.7364448228481764,1.7119136645838011,0.8358750923145315,0.2931578433042157
0.7364448228481764,1.7119136645838011,0.8742923685695944,0.2931578433042157
0.7364448228481764,1.7119136645838011,0.8071453310088408,0.2931578433042157
0.7364448228481764,1.7119136645838011,0.7622339618317618,0.2931578433042157
0.7364448228481764,1.7119136645838011,0.8507556807801997,0.2931578433042157
0.7364448228481764,1.7119136645838011,0.8229134521975068,0.2931578433042157
0.6881373380030018,1.7119136645838011,0.8114113102413866,0.2931578433042157
0.6881373380030018,1.7119136645838011,0.8594643181408074,0.285237948606108
0.6881373380030018,1.7119136645838011,0.8226640003714099,0.285237948606108
0.6881373380030018,1.7119136645838011,0.8208040610213791,0.26401060500481394
0.6881373380030018,1.7119136645838011,0.8623360093144418,0.26401060500481394
0.6881373380030018,1.7119136645838011,0.7563444401939046,0.26401060500481394
0.6881373380030018,1.7119136645838011,0.8136240225872963,0.26401060500481394
0.6881373380030018,1.7119136645838011,0.8475044398277733,0.26401060500481394
0.6881373380030018,1.7119136645838011,0.7938050236333918,0.26401060500481394
0.6881373380030018,1.7119136645838011,0.896623897120601,0.26401060500481394
0.6881373380030018,1.7119136645838011,0.8915917984750245,0.319777243556023
0.6881373380030018,1.7119136645838011,0.8541052930137575,0.319777243556023
0.6881373380030018,1.7119136645838011,0.9086769809300412,0.2817658412835796
0.6881373380030018,1.7119136645838011,0.7977990623829904,0.2817658412835796
0.6881373380030018,1.7119136645838011,0.8919375645182636,0.2817658412835796
0.6881373380030018,1.7119136645838011,0.8520507714423423,0.29204323026858464
0.6881373380030018,1.7119136645838011,0.8373234158637194,0.29204323026858464
0.6881373380030018,1.7119136645838011,0.8863527607502467,0.29204323026858464
0.6881373380030018,1.7119136645838011,0.8656502378747957,0.29204323026858464
0.6881373380030018,1.7119136645838011,0.791132954065651,0.29204323026858464
0.6881373380030018,1.7119136645838011,0.8093013973454912,0.29204323026858464
0.6881373380030018,1.681782036170357,0.8711336809311653,0.29204323026858464
0.6881373380030018,1.681782036170357,0.8436177594696995,0.19878634389469688
0.6881373380030018,1.681782036170357,0.8601461710550536,0.19878634389469688
0.6881373380030018,1.681782036170357,0.8566529013505696,0.19878634389469688
0.6881373380030018,1.681782036170357,0.8135524741512572,0.19878634389469688
0.6881373380030018,1.681782036170357,0.8031967080370024,0.19878634389469688
0.6881373380030018,1.681782036170357,0.8358730961226724,0.19878634389469688
0.6881373380030018,1.681782036170357,0.7999384731488043,0.19878634389469688
0.6881373380030018,1.681782036170357,0.8827981752545246,0.1926427981244602
0.6881373380030018,1.681782036170357,0.7810982631815088,0.1926427981244602
0.6881373380030018,1.681782036170357,0.8918638161596497,0.27904637461753484
0.6881373380030018,1.681782036170357,0.928324635171363,0.27904637461753484
0.7294706692435188,1.681782036170357,0.9660641194427193,0.322438584240438
0.7294706692435188,1.6735050914534901,0.8745796997438439,0.322438584240438
0.7294706692435188,1.6735050914534901,0.8383197224146453,0.322438584240438
0.7294706692435188,1.6735050914534901,0.8532596568446982,0.322438584240438
0.7294706692435188,1.6735050914534901,0.9170993019208639,0.322438584240438
0.7294706692435188,1.6735050914534901,0.8406134533776373,0.322438584240438
0.7294706692435188,1.6735050914534901,0.8726521416183861,0.322438584240438
0.7294706692435188,1.6735050914534901,0.8505328499832789,0.322438584240438
0.7294706692435188,1.6735050914534901,0.9085615598127408,0.322438584240438
0.7294706692435188,1.6735050914534901,0.9250536159750251,0.322438584240438
0.7294706692435188,1.6735050914534901,0.8572294925844147,0.322438584240438
0.7294706692435188,1.6735050914534901,0.8040841599510471,0.322438584240438
0.7294706692435188,1.6735050914534901,0.934574388064463,0.322438584240438
0.7294706692435188,1.6735050914534901,0.8379193166900308,0.23227290242196044
0.7294706692435188,1.6735050914534901,0.7620173972939732,0.23227290242196044
0.7294706692435188,1.6735050914534901,0.7680884355301127,0.23227290242196044
0.7294706692435188,1.6735050914534901,0.8547512058143705,0.23227290242196044
0.7294706692435188,1.6735050914534901,0.8114655676548331,0.23227290242196044
0.7294706692435188,1.6735050914534901,0.8250385103017814,0.23227290242196044
0.7294706692435188,1.6735050914534901,0.8277045064441944,0.23227290242196044
0.7294706692435188,1.6735050914534901,0.8299545847573464,0.23227290242196044
0.7294706692435188,1.6735050914534901,0.8541282967241226,0.23227290242196044
0.7294706692435188,1.6735050914534901,0.8164416993939023,0.24016277608960437
0.7294706692435188,1.6735050914534901,0.853002921084801,0.24016277608960437
0.7294706692435188,1.6735050914534901,0.8829384243480642,0.24016277608960437
0.7294706692435188,1.6735050914534901,0.8239992259541967,0.24016277608960437
0.7294706692435188,1.6735050914534901,0.8416804980673791,0.24016277608960437
0.7294706692435188,1.6735050914534901,0.8492287227874005,0.24016277608960437
0.7294706692435188,1.6735050914534901,0.869198089681428,0.24016277608960437
0.7294706692435188,1.6735050914534901,0.7819072704574757,0.24016277608960437
0.7294706692435188,1.629167068992085,0.8237947022738261,0.24016277608960437
0.7294706692435188,1.629167068992085,0.9407064154919133,0.24016277608960437
0.7294706692435188,1.629167068992085,0.8267112861956238,0.24016277608960437
0.7192473588095625,1.629167068992085,0.9584443428849873,0.24016277608960437
0.7192473588095625,1.6094480114377665,1.0080696461743563,0.24016277608960437
0.7192473588095625,1.6094480114377665,0.9077662104482577,0.24016277608960437
0.7192473588095625,1.6094480114377665,0.9762413995873304,0.2827306510506924
0.7192473588095625,1.6094480114377665,0.9303515472247917,0.2827306510506924
0.7192473588095625,1.6094480114377665,0.9387484174258903,0.2827306510506924
0.7192473588095625,1.6094480114377665,0.9650681365279792,0.2827306510506924
0.7192473588095625,1.6094480114377665,0.9923741728664218,0.2827306510506924
0.7192473588095625,1.6094480114377665,1.0498497292729099,0.2827306510506924
0.7192473588095625,1.6094480114377665,0.9461637819495057,0.2827306510506924
0.7192473588095625,1.6094480114377665,0.9553423980503726,0.2827306510506924
0.7192473588095625,1.6094480114377665,0.9691876263678975,0.2827306510506924
0.7192473588095625,1.6094480114377665,0.9323469085781474,0.2827306510506924
0.7192473588095625,1.6094480114377665,0.9711817085457287,0.26061443666837375
0.7192473588095625,1.6094480114377665,1.069625225922256,0.26061443666837375
0.7192473588095625,1.6094480114377665,0.9291382748630906,0.26061443666837375
0.7192473588095625,1.6094480114377665,0.9767580653384499,0.26061443666837375
0.7192473588095625,1.6094480114377665,0.9378150855165984,0.26061443666837375
0.7192473588095625,1.5737170712446533,0.9335065702288469,0.26061443666837375
0.7192473588095625,1.5737170712446533,1.0536713780087612,0.26061443666837375
0.7192473588095625,1.5737170712446533,1.010984456285926,0.26061443666837375
0.7192473588095625,1.5737170712446533,1.053531798421708,0.26061443666837375
0.7192473588095625,1.5737170712446533,1.0517028332037182,0.26061443666837375
0.7192473588095625,1.5737170712446533,0.9171395242248006,0.24911553963372285
0.7192473588095625,1.5737170712446533,1.0847265578999614,0.24911553963372285
0.7192473588095625,1.5737170712446533,1.0486175126363992,0.24911553963372285
0.7192473588095625,1.5737170712446533,0.96802003371876,0.24911553963372285
0.7192473588095625,1.5737170712446533,1.0041391993748003,0.24911553963372285
0.7192473588095625,1.5737170712446533,1.0543964348404986,0.24911553963372285
0.7192473588095625,1.5737170712446533,0.9390233323383542,0.24911553963372285
0.7192473588095625,1.5554065635651775,1.0920326951011623,0.24911553963372285
0.7192473588095625,1.5554065635651775,0.9950712060755478,0.24911553963372285
0.7192473588095625,1.5554065635651775,1.0344211810452164,0.24911553963372285
0.7192473588095625,1.5554065635651775,1.0284201493165104,0.24911553963372285
0.7192473588095625,1.5554065635651775,1.0443667840971405,0.24911553963372285
0.7192473588095625,1.5554065635651775,1.0152473516855107,0.24911553963372285
0.7192473588095625,1.5554065635651775,0.9888596131262452,0.24911553963372285
0.7192473588095625,1.5554065635651775,1.043438347324284,0.24911553963372285
0.7192473588095625,1.5554065635651775,1.1539531501478077,0.24911553963372285
0.7192473588095625,1.5554065635651775,1.0801555422966815,0.2915808249132612
0.7192473588095625,1.5554065635651775,1.170255844912629,0.2915808249132612
0.7192473588095625,1.5554065635651775,1.1799299887959793,0.2915808249132612
0.7192473588095625,1.5554065635651775,1.2281931140474551,0.2915808249132612
0.7192473588095625,1.5554065635651775,1.2343011892313382,0.2915808249132612
0.7192473588095625,1.5554065635651775,1.125745313320634,0.2915808249132612
0.7192473588095625,1.5554065635651775,1.0760503317406622,0.2915808249132612
0.7192473588095625,1.5367377024397195,1.0824348726390631,0.2915808249132612
0.7192473588095625,1.5367377024397195,1.1219112709881607,0.2915808249132612
0.7192473588095625,1.5367377024397195,0.9551510587668663,0.2915808249132612
0.7192473588095625,1.5367377024397195,1.0940943126042881,0.2915808249132612
0.7192473588095625,1.5616165912889004,1.0792469310657027,0.2915808249132612
0.7192473588095625,1.5616165912889004,1.1074900569588102,0.2915808249132612
0.7192473588095625,1.5616165912889004,1.090650148238405,0.2915808249132612
0.7192473588095625,1.5616165912889004,1.043563506362001,0.2915808249132612
0.7192473588095625,1.5616165912889004,0.9773267018407107,0.2915808249132612
0.7192473588095625,1.5616165912889004,1.1190405919261988,0.2915808249132612
0.7192473588095625,1.5616165912889004,1.0429873345841976,0.2915808249132612
0.7085539741748665,1.5616165912889004,1.054294840308082,0.2915808249132612
0.7085539741748665,1.5616165912889004,1.0560922991322583,0.2915808249132612
0.7085539741748665,1.5616165912889004,1.0927258624648089,0.2915808249132612
0.7085539741748665,1.5616165912889004,1.1641888210050657,0.2915808249132612
0.7085539741748665,1.5616165912889004,1.0382379503612058,0.2915808249132612
0.7085539741748665,1.5616165912889004,1.0759791177503906,0.2915808249132612
0.7085539741748665,1.5616165912889004,1.066897982992732,0.2915808249132612
0.7085539741748665,1.5616165912889004,1.0995588827857492,0.2915808249132612
0.7085539741748665,1.5616165912889004,1.0643881750850874,0.2915808249132612
0.7085539741748665,1.5616165912889004,1.1805932334656026,0.2915808249132612
0.7085539741748665,1.5616165912889004,1.1682688498201645,0.2915808249132612
0.7085539741748665,1.5616165912889004,1.063809045642836,0.2915808249132612
0.7085539741748665,1.5616165912889004,1.0191123835061138,0.2915808249132612
0.7085539741748665,1.5616165912889004,1.0656151348162,0.2915808249132612
0.7085539741748665,1.5616165912889004,0.9692162721832185,0.2915808249132612
0.7085539741748665,1.609105339039491,1.065699883757594,0.2873948856850312
0.7085539741748665,1.609105339039491,0.9505755305620371,0.2873948856850312
0.7085539741748665,1.609105339039491,0.8977045376313139,0.2873948856850312
0.7085539741748665,1.609105339039491,0.9747959822219437,0.2873948856850312
0.7344226397747439,1.609105339039491,0.9428641061297764,0.2873948856850312
0.7344226397747439,1.609105339039491,0.9643618157527909,0.2873948856850312
0.7344226397747439,1.609105339039491,0.9128875554332573,0.30283610935801386
0.7344226397747439,1.609105339039491,0.9732776620971942,0.30283610935801386
0.7344226397747439,1.609105339039491,0.9984080436936228,0.30283610935801386
0.7344226397747439,1.609105339039491,0.952201220647958,0.30283610935801386
0.7344226397747439,1.609105339039491,0.9531683377751373,0.30283610935801386
0.7344226397747439,1.609105339039491,0.9324144998546009,0.30283610935801386
0.7344226397747439,1.609105339039491,1.011602466354232,0.30283610935801386
0.7344226397747439,1.609105339039491,0.9044203228130231,0.30283610935801386
0.7344226397747439,1.609105339039491,1.077106990743209,0.30283610935801386
0.7344226397747439,1.609105339039491,1.0391874301239752,0.30283610935801386
0.7344226397747439,1.609105339039491,1.0241151204211694,0.30283610935801386
0.7344226397747439,1.609105339039491,1.0111602109636035,0.30283610935801386
0.7344226397747439,1.609105339039491,0.8986171090240235,0.30283610935801386
0.7344226397747439,1.609105339039491,0.9355352200611112,0.30283610935801386
0.7344226397747439,1.609105339039491,0.9913043952878409,0.30283610935801386
0.7344226397747439,1.609105339039491,0.9742282962478638,0.30283610935801386
0.7140697861259433,1.609105339039491,0.9272164409545438,0.30283610935801386
0.7140697861259433,1.609105339039491,0.9585923049738817,0.30283610935801386
0.708151348698571,1.609105339039491,0.952801206677543,0.30283610935801386
0.772782195814998,1.609105339039491,1.0132640610358892,0.2676080756477488
0.772782195814998,1.609105339039491,0.8788716119438816,0.2676080756477488
0.772782195814998,1.609105339039491,0.9309355259136016,0.2676080756477488
0.772782195814998,1.609105339039491,0.8803278341893417,0.2676080756477488
0.772782195814998,1.609105339039491,0.9838339875148148,0.2676080756477488
0.772782195814998,1.609105339039491,0.9820184445637917,0.2676080756477488
0.772782195814998,1.609105339039491,0.8587936362659925,0.2676080756477488
0.772782195814998,1.609105339039491,0.8864951474233158,0.2676080756477488
0.772782195814998,1.609105339039491,0.9172385335138991,0.2676080756477488
0.7958447807014822,1.609105339039491,0.8452428349853836,0.2676080756477488
0.7958447807014822,1.609105339039491,0.9448342376062885,0.2676080756477488
0.7958447807014822,1.609105339039491,0.864363546421189,0.2676080756477488
0.7958447807014822,1.609105339039491,0.9433925076113419,0.2676080756477488
0.7958447807014822,1.609105339039491,0.8812141693877926,0.2676080756477488
0.7958447807014822,1.609105339039491,0.8311221890643519,0.2676080756477488
0.7958447807014822,1.609105339039491,0.9285465289383978,0.2676080756477488
0.7958447807014822,1.609105339039491,0.9477511290380332,0.2676080756477488
0.7958447807014822,1.609105339039491,0.8826582394062061,0.2676080756477488
0.7958447807014822,1.609105339039491,0.8583099732050242,0.2676080756477488
0.7958447807014822,1.609105339039491,0.864772050451214,0.2676080756477488
0.7958447807014822,1.609105339039491,0.8593944123956934,0.2676080756477488
0.7958447807014822,1.609105339039491,0.8370448310201238,0.2676080756477488
0.7958447807014822,1.609105339039491,0.8347746854049339,0.2676080756477488
0.7958447807014822,1.609105339039491,0.8105518857741629,0.2676080756477488
0.7958447807014822,1.6192332551215978,0.8741978309522112,0.2676080756477488
0.7958447807014822,1.6192332551215978,0.8016256220490655,0.2676080756477488
0.7958447807014822,1.6192332551215978,0.9574690880057135,0.2676080756477488
0.7958447807014822,1.6192332551215978,0.8517324729975948,0.2676080756477488
0.7958447807014822,1.6192332551215978,0.867579379639211,0.2676080756477488
0.7400608622976848,1.6192332551215978,0.9817480283190775,0.2676080756477488
0.7400608622976848,1.6192332551215978,0.8688967894413876,0.24056527504352515
0.7400608622976848,1.6192332551215978,0.9082423780021106,0.3037291412268646
0.7400608622976848,1.6192332551215978,0.9300030401198872,0.2934928771277688
0.7400608622976848,1.6192332551215978,0.9491540239634523,0.2934928771277688
0.7400608622976848,1.6192332551215978,0.9008385838081306,0.2934928771277688
0.7400608622976848,1.6192332551215978,1.0195340483245874,0.2934928771277688
0.7400608622976848,1.6192332551215978,0.9130955174215789,0.2934928771277688
0.7400608622976848,1.6192332551215978,1.0330687352188987,0.2934928771277688
0.7400608622976848,1.6192332551215978,0.9518333198115448,0.2934928771277688
0.7400608622976848,1.6192332551215978,0.8969350669885112,0.2934928771277688
0.7400608622976848,1.6192332551215978,0.9097961189413073,0.2934928771277688
0.7400608622976848,1.6192332551215978,0.9229809908392874,0.2934928771277688
0.7400608622976848,1.6192332551215978,0.9823064864786976,0.2934928771277688
0.7400608622976848,1.6192332551215978,0.9819234887484249,0.2934928771277688
0.7400608622976848,1.6192332551215978,0.8810667625262375,0.2934928771277688
0.7400608622976848,1.6192332551215978,0.948352798015281,0.2934928771277688
0.7400608622976848,1.637113847897961,0.914055052158937,0.2934928771277688
0.7400608622976848,1.637113847897961,0.9295075853911369,0.2934928771277688
0.7400608622976848,1.637113847897961,0.8873976907502498,0.2934928771277688
0.7400608622976848,1.637113847897961,0.8954799764878387,0.2934928771277688
0.7400608622976848,1.637113847897961,0.918509808990961,0.2934928771277688
0.7400608622976848,1.637113847897961,0.853506996612739,0.22179621095636082
0.7400608622976848,1.637113847897961,0.8458393216800741,0.3364296793285667
0.7400608622976848,1.637113847897961,0.9401214927516071,0.3364296793285667
0.7400608622976848,1.637113847897961,0.9101817543623031,0.24278776279758726
0.7400608622976848,1.637113847897961,0.8120328502440531,0.24278776279758726
0.7400608622976848,1.637113847897961,0.8471422532712481,0.21955726727890842
0.7400608622976848,1.637113847897961,0.8402154817201468,0.21955726727890842
0.7400608622976848,1.637113847897961,0.8667312291583048,0.21955726727890842
0.7400608622976848,1.637113847897961,0.8516035065875147,0.21955726727890842
0.7400608622976848,1.637113847897961,0.8767348236710168,0.21955726727890842
0.7400608622976848,1.637113847897961,0.8745931539834482,0.21955726727890842
0.7400608622976848,1.637113847897961,0.8409413420877669,0.21955726727890842
0.7400608622976848,1.637113847897961,0.8439695203065475,0.21955726727890842
0.7400608622976848,1.637113847897961,0.8990088497891583,0.21955726727890842
0.7400608622976848,1.637113847897961,0.8598255081086736,0.21955726727890842
0.7400608622976848,1.637113847897961,0.8584813193176749,0.21955726727890842
0.7400608622976848,1.637113847897961,0.8183978609544603,0.21955726727890842
0.7400608622976848,1.637113847897961,0.7544334508263607,0.21955726727890842
0.7400608622976848,1.637113847897961,0.9112806001827013,0.3671630978809586
0.7400608622976848,1.6558581154553098,0.9483255263946713,0.3671630978809586
0.7400608622976848,1.6558581154553098,0.933138346431309,0.3671630978809586
0.7400608622976848,1.6558581154553098,0.8492170233446544,0.3671630978809586
0.7400608622976848,1.6558581154553098,1.0140217702816516,0.2626004514079353
0.7400608622976848,1.6558581154553098,0.9015959977243534,0.2626004514079353
0.7400608622976848,1.6558581154553098,0.891860573985799,0.2626004514079353
0.7400608622976848,1.6558581154553098,0.8214804476880203,0.2626004514079353
0.7400608622976848,1.6558581154553098,0.790220418208525,0.2626004514079353
0.7400608622976848,1.6558581154553098,0.8350664023936759,0.23245955282749683
0.7400608622976848,1.6558581154553098,0.8337949520912669,0.23245955282749683
0.7400608622976848,1.6558581154553098,0.8158689827510824,0.23245955282749683
0.7400608622976848,1.6558581154553098,0.9265068607498458,0.3054873826506104
0.7400608622976848,1.6558581154553098,0.887456523720284,0.3054873826506104
0.7400608622976848,1.6558581154553098,0.8856830068232665,0.3054873826506104
0.7400608622976848,1.6558581154553098,0.8053276543320168,0.3054873826506104
0.7400608622976848,1.6558581154553098,0.9549372320194405,0.3054873826506104
0.7400608622976848,1.6558581154553098,0.9074397289334971,0.3054873826506104
0.7400608622976848,1.6558581154553098,0.8515870485282492,0.3054873826506104
0.7400608622976848,1.6558581154553098,0.9664032672961747,0.3054873826506104
0.7400608622976848,1.6558581154553098,0.9143334076555674,0.3054873826506104
0.7400608622976848,1.6558581154553098,0.9094593158313788,0.3054873826506104
0.7400608622976848,1.6558581154553098,0.9125057423638717,0.3054873826506104
0.7400608622976848,1.6558581154553098,0.8400851205336942,0.3054873826506104
0.7400608622976848,1.6558581154553098,0.8970034260444107,0.3054873826506104
0.7400608622976848,1.6558581154553098,0.847772793061586,0.3054873826506104
0.7400608622976848,1.6558581154553098,0.999199699037401,0.3054873826506104
0.7400608622976848,1.6558581154553098,0.8839504207853058,0.3054873826506104
0.7400608622976848,1.6558581154553098,0.9275875908006382,0.3054873826506104
0.7400608622976848,1.6102880097823373,0.9224826832003138,0.3054873826506104
0.7400608622976848,1.6102880097823373,0.944871666201406,0.3054873826506104
0.7400608622976848,1.6102880097823373,0.9252777177579926,0.3054873826506104
0.7160246130741971,1.6102880097823373,0.9537468706847917,0.3054873826506104
0.7160246130741971,1.6102880097823373,1.0373255785696802,0.3054873826506104
0.7160246130741971,1.6102880097823373,0.9700880763074716,0.3054873826506104
0.7160246130741971,1.6102880097823373,1.0791210036928,0.3054873826506104
0.7160246130741971,1.6102880097823373,0.9785303109138731,0.3054873826506104
0.7160246130741971,1.6102880097823373,0.9767623585355251,0.3054873826506104
0.7160246130741971,1.6102880097823373,0.9862009969740807,0.3054873826506104
0.7160246130741971,1.6102880097823373,1.0973772589169355,0.3054873826506104
0.7160246130741971,1.6102880097823373,1.024810034836116,0.3054873826506104
0.7160246130741971,1.6102880097823373,1.0184723676565928,0.3054873826506104
0.7160246130741971,1.6102880097823373,1.0408574889265079,0.3054873826506104
0.7160246130741971,1.6102880097823373,0.9678871241866221,0.3054873826506104
0.7160246130741971,1.6102880097823373,1.027468597397192,0.3054873826506104
0.7160246130741971,1.6102880097823373,1.0249926768167763,0.3054873826506104
0.7160246130741971,1.6102880097823373,0.9840766674442789,0.3054873826506104
0.7160246130741971,1.6102880097823373,0.9715873563650087,0.3054873826506104
0.7160246130741971,1.6102880097823373,0.9559256312758216,0.3054873826506104
0.7160246130741971,1.6102880097823373,1.1304500439402148,0.21775574626687993
0.7160246130741971,1.6102880097823373,0.9276536157750109,0.21775574626687993
0.7160246130741971,1.6102880097823373,0.9614607513623473,0.24567908178849535
0.7160246130741971,1.6102880097823373,0.9013859179013284,0.24567908178849535
0.7160246130741971,1.6102880097823373,0.9809224635213171,0.24567908178849535
0.6926428425801203,1.6102880097823373,0.8559552955061505,0.24567908178849535
0.6926428425801203,1.6102880097823373,0.9989615867501883,0.2484392201438819
0.6926428425801203,1.6102880097823373,1.1672255394643252,0.2484392201438819
0.6926428425801203,1.6102880097823373,1.1467950608652642,0.2484392201438819
0.6926428425801203,1.6102880097823373,0.9250953747154516,0.2484392201438819
0.6926428425801203,1.6102880097823373,0.942562262611439,0.2484392201438819
0.6926428425801203,1.6102880097823373,0.9603655707782202,0.2484392201438819
0.6926428425801203,1.6102880097823373,1.0346975581869176,0.22083899904603033
0.6926428425801203,1.6102880097823373,0.9850810053731955,0.22083899904603033
0.6926428425801203,1.6102880097823373,0.9287166831224466,0.22083899904603033
0.6926428425801203,1.6102880097823373,0.9341557713934588,0.22083899904603033
0.6926428425801203,1.6102880097823373,0.9159404183922462,0.22083899904603033
0.6926428425801203,1.6102880097823373,0.9803649320067481,0.22083899904603033
0.6926428425801203,1.6102880097823373,0.9516275917591697,0.22083899904603033
0.6926428425801203,1.6102880097823373,1.0251563781287805,0.22083899904603033
0.6926428425801203,1.6102880097823373,0.995677062034052,0.22083899904603033
0.6926428425801203,1.6102880097823373,0.9887067094799363,0.2571261241784388
0.6926428425801203,1.6102880097823373,1.0467228783176106,0.2571261241784388
0.6926428425801203,1.6102880097823373,0.9610724191883158,0.2571261241784388
0.6926428425801203,1.6102880097823373,0.9305859588116449,0.2571261241784388
0.6926428425801203,1.6102880097823373,1.0665270075611948,0.2571261241784388
0.6926428425801203,1.6102880097823373,0.9036496294026289,0.2571261241784388
0.6926428425801203,1.6102880097823373,0.9231851146322827,0.2571261241784388
0.6926428425801203,1.6102880097823373,1.0187079602266662,0.2571261241784388
0.6926428425801203,1.6102880097823373,1.0367336399650249,0.2571261241784388
0.6926428425801203,1.6102880097823373,0.903063566105127,0.2571261241784388
0.6926428425801203,1.6102880097823373,0.947268452989762,0.2571261241784388
0.6926428425801203,1.6102880097823373,0.9643979288924547,0.2571261241784388
0.6926428425801203,1.6102880097823373,1.0751507138691778,0.2571261241784388
0.6926428425801203,1.6102880097823373,0.999091712037002,0.2738241806956924
0.6926428425801203,1.6102880097823373,0.9221555709955794,0.2738241806956924
0.6926428425801203,1.6102880097823373,1.0051571552081273,0.2738241806956924
0.6926428425801203,1.6102880097823373,0.9563435230006088,0.2738241806956924
0.6926428425801203,1.6102880097823373,1.0459451929672738,0.2738241806956924
0.6926428425801203,1.6102880097823373,0.9643041616956993,0.2738241806956924
0.6926428425801203,1.6102880097823373,1.0100832648885,0.2738241806956924
0.6926428425801203,1.6102880097823373,1.0343028346595153,0.2738241806956924
0.6926428425801203,1.6102880097823373,1.0010127997851974,0.2738241806956924
0.6926428425801203,1.6102880097823373,1.0598586678370174,0.2738241806956924
0.6926428425801203,1.6102880097823373,1.0041453908210445,0.24597707399560947
0.6926428425801203,1.6102880097823373,0.9438001601827507,0.24597707399560947
0.6926428425801203,1.6102880097823373,1.0272281955720197,0.24597707399560947
0.6926428425801203,1.6102880097823373,1.1076632040306782,0.24597707399560947
0.6926428425801203,1.6102880097823373,0.9663813104312399,0.24597707399560947
0.6926428425801203,1.6163657481752858,0.9399530127205679,0.24597707399560947
0.6322273075948882,1.6163657481752858,1.071163294881828,0.24597707399560947
0.6898080550170306,1.6163657481752858,0.9932438673804919,0.24597707399560947
0.6898080550170306,1.6163657481752858,1.0645320360337616,0.24597707399560947
0.6898080550170306,1.6163657481752858,0.9753690173670923,0.24597707399560947
0.6898080550170306,1.6163657481752858,0.9984855086089387,0.24597707399560947
0.6898080550170306,1.6163657481752858,0.9360567958254632,0.24597707399560947
0.6898080550170306,1.6163657481752858,0.9362047107264917,0.24597707399560947
0.6898080550170306,1.6163657481752858,0.9867695980214479,0.24597707399560947
0.6898080550170306,1.6163657481752858,0.9121672455064516,0.24597707399560947
0.6898080550170306,1.6163657481752858,0.9430102982315836,0.24597707399560947
0.6898080550170306,1.6163657481752858,1.035204249674084,0.25348090303672155
0.6898080550170306,1.6163657481752858,0.9752553681001869,0.25348090303672155
0.6898080550170306,1.6163657481752858,1.0841503052730554,0.25348090303672155
0.6898080550170306,1.6163657481752858,0.9686984898404899,0.25348090303672155
0.6898080550170306,1.6163657481752858,1.0312082612701126,0.25348090303672155
0.6898080550170306,1.6163657481752858,0.9938891181096989,0.25348090303672155
0.6898080550170306,1.6163657481752858,0.9773181419033419,0.25348090303672155
0.6898080550170306,1.6163657481752858,0.9852912367379775,0.25348090303672155
0.6898080550170306,1.6163657481752858,0.9600555920748869,0.25348090303672155
0.6898080550170306,1.6163657481752858,1.0309420473644462,0.25348090303672155
0.6898080550170306,1.6163657481752858,0.958314689836,0.25348090303672155
0.6898080550170306,1.6163657481752858,0.8684377442936151,0.25348090303672155
0.6898080550170306,1.6163657481752858,0.9216642964644459,0.25348090303672155
0.6898080550170306,1.6163657481752858,1.0004569372935779,0.25348090303672155
0.6898080550170306,1.6163657481752858,1.1033843420390492,0.2652456538510757
0.6898080550170306,1.6163657481752858,0.9229165541168828,0.2652456538510757
0.6898080550170306,1.6163657481752858,1.0503095825833866,0.2652456538510757
0.6898080550170306,1.6163657481752858,1.0835903173765185,0.2652456538510757
0.6898080550170306,1.6163657481752858,1.0819664876750146,0.2652456538510757
0.6898080550170306,1.6163657481752858,0.9900414792346939,0.2652456538510757
0.6898080550170306,1.6163657481752858,1.0017770084199535,0.2652456538510757
0.6898080550170306,1.6163657481752858,0.9417858219791553,0.2652456538510757
0.6898080550170306,1.6163657481752858,0.9329091442355668,0.2652456538510757
0.6898080550170306,1.6163657481752858,1.0024503878415516,0.2652456538510757
0.6898080550170306,1.6163657481752858,0.9693158392297712,0.2652456538510757
0.6898080550170306,1.6163657481752858,0.9241788149184795,0.2652456538510757
0.6898080550170306,1.6163657481752858,0.940996742920352,0.24984236443585864
0.6898080550170306,1.6163657481752858,0.9364917379922231,0.21629637130535956
0.6898080550170306,1.6163657481752858,0.930717279993686,0.21629637130535956
0.6898080550170306,1.6365009878899863,0.8998356578807424,0.21629637130535956
0.6898080550170306,1.6365009878899863,0.994857310408548,0.21629637130535956
0.6898080550170306,1.6365009878899863,0.8740322378692023,0.21629637130535956
0.6898080550170306,1.6035241933013475,0.9491561314849152,0.21629637130535956
0.6898080550170306,1.6035241933013475,0.9164151690119109,0.21629637130535956
0.6898080550170306,1.6035241933013475,0.9612823884780934,0.21629637130535956
0.6898080550170306,1.6035241933013475,0.949999179638301,0.21629637130535956
0.6898080550170306,1.6035241933013475,1.0318954440465193,0.21629637130535956
0.6898080550170306,1.6035241933013475,0.9950382961574993,0.21629637130535956
0.6898080550170306,1.6035241933013475,0.90701842258824,0.21629637130535956
0.6898080550170306,1.6035241933013475,1.0250803533835229,0.21629637130535956
0.6898080550170306,1.6035241933013475,0.9295862538567309,0.21629637130535956
0.6898080550170306,1.6035241933013475,0.9854003973030367,0.21629637130535956
0.6898080550170306,1.6035241933013475,0.9348799009660469,0.21629637130535956
0.6898080550170306,1.6035241933013475,0.9147774485367095,0.21629637130535956
0.6898080550170306,1.6035241933013475,0.9937714815231997,0.21629637130535956
0.6898080550170306,1.6035241933013475,0.9316926667517729,0.21629637130535956
0.6898080550170306,1.6035241933013475,0.8982099876711218,0.21629637130535956
0.6898080550170306,1.6035241933013475,0.9741986533934077,0.21629637130535956
0.6898080550170306,1.6035241933013475,0.8620800293803431,0.21629637130535956
0.7810739536623927,1.6035241933013475,0.8844215433501312,0.22951318135575952
0.7810739536623927,1.6035241933013475,0.829364399756019,0.22951318135575952
0.7810739536623927,1.6035241933013475,0.8163869807729304,0.22951318135575952
0.7810739536623927,1.6035241933013475,0.812291894948793,0.22951318135575952
0.7810739536623927,1.6035241933013475,0.8850951011636757,0.22951318135575952
0.7810739536623927,1.6035241933013475,0.885528791349678,0.22951318135575952
0.7810739536623927,1.6035241933013475,0.8988706438509114,0.22951318135575952
0.7810739536623927,1.6035241933013475,0.9087974013215054,0.22951318135575952
0.7810739536623927,1.6035241933013475,0.8656616587837991,0.22951318135575952
0.7810739536623927,1.6035241933013475,0.7632197729671856,0.22951318135575952
0.7810739536623927,1.6035241933013475,0.8625209678257915,0.22951318135575952
0.7810739536623927,1.6035241933013475,0.8689420661784514,0.2438507659819256
0.7810739536623927,1.6035241933013475,0.8607856991240372,0.2438507659819256
0.7810739536623927,1.6035241933013475,0.818925994714988,0.2438507659819256
0.7810739536623927,1.6035241933013475,0.8788910213331722,0.2438507659819256
0.7810739536623927,1.6035241933013475,0.8986198944561764,0.2438507659819256
0.7810739536623927,1.6035241933013475,0.9477800344481913,0.2438507659819256
0.7810739536623927,1.6035241933013475,0.8629093537836275,0.2438507659819256
0.7810739536623927,1.6035241933013475,0.8942167505729988,0.2438507659819256
0.7810739536623927,1.6035241933013475,0.8651557009960901,0.2438507659819256
0.7810739536623927,1.6035241933013475,0.8125601693961971,0.2438507659819256
0.7810739536623927,1.6035241933013475,0.9130048832693417,0.2438507659819256
0.7810739536623927,1.6035241933013475,0.8697310970057545,0.2438507659819256
0.7810739536623927,1.5782509308530397,0.9163163544827179,0.2438507659819256
0.7810739536623927,1.5782509308530397,0.9690290326703693,0.2438507659819256
0.7810739536623927,1.5782509308530397,0.9088159872569848,0.2438507659819256
0.7810739536623927,1.5782509308530397,0.9026245993795697,0.2438507659819256
0.7810739536623927,1.5782509308530397,0.8542467803823466,0.2438507659819256
0.7810739536623927,1.5782509308530397,0.9739533618628974,0.2438507659819256
0.7010184287432256,1.6278602372360125,0.8955416908551767,0.2438507659819256
0.7010184287432256,1.6278602372360125,0.955367531542379,0.2438507659819256
0.7010184287432256,1.6278602372360125,1.004818294937813,0.2438507659819256
0.7010184287432256,1.6278602372360125,0.9012219122021241,0.2438507659819256
0.7010184287432256,1.6278602372360125,0.9707592402086401,0.2438507659819256
0.7010184287432256,1.6278602372360125,0.9947560484142315,0.2438507659819256
0.7010184287432256,1.6278602372360125,0.8512702396945969,0.2438507659819256
0.7010184287432256,1.6278602372360125,0.8816871882981324,0.2438507659819256
0.7010184287432256,1.6278602372360125,0.93700181994325,0.2438507659819256
0.7010184287432256,1.6278602372360125,0.9918003751561475,0.2438507659819256
0.7010184287432256,1.6278602372360125,1.0362007519506191,0.2438507659819256
0.7010184287432256,1.6278602372360125,0.9236802653204342,0.2438507659819256
0.7010184287432256,1.6278602372360125,1.0056989082810432,0.2438507659819256
0.7010184287432256,1.6278602372360125,0.8865349277975902,0.2438507659819256
0.7010184287432256,1.6278602372360125,0.9160026364212538,0.2438507659819256
0.7010184287432256,1.6278602372360125,1.027415431895467,0.2438507659819256
0.7010184287432256,1.6278602372360125,0.9765784180102298,0.2438507659819256
0.7010184287432256,1.6278602372360125,0.9532950712551704,0.2438507659819256
0.7010184287432256,1.6278602372360125,0.8337082843812044,0.2438507659819256
0.7010184287432256,1.6792631314846844,0.8551205735153082,0.2438507659819256
0.7010184287432256,1.6792631314846844,0.8783510294201643,0.2438507659819256
0.7010184287432256,1.6792631314846844,0.8109091932749053,0.2438507659819256
0.7010184287432256,1.6792631314846844,0.8695830096792081,0.2438507659819256
0.7010184287432256,1.6792631314846844,0.8936809092937079,0.2438507659819256
0.7010184287432256,1.6792631314846844,0.7797015006859224,0.2438507659819256
0.7010184287432256,1.6792631314846844,0.9031084900481563,0.2438507659819256
0.7010184287432256,1.6792631314846844,0.8498816878021229,0.2438507659819256
0.7010184287432256,1.6792631314846844,0.8742073616345195,0.2438507659819256
0.7010184287432256,1.6792631314846844,0.8905733222766685,0.2500866986297549
0.7010184287432256,1.6792631314846844,0.8374959942274194,0.256555671984299
0.7010184287432256,1.6792631314846844,0.8118564507459225,0.256555671984299
0.7010184287432256,1.6792631314846844,0.82494883998371,0.256555671984299
0.7010184287432256,1.6792631314846844,0.8815964589947102,0.256555671984299
0.7010184287432256,1.6846950880526894,0.9040173072988764,0.256555671984299
0.7010184287432256,1.6846950880526894,0.8493752613927763,0.256555671984299
0.7010184287432256,1.6846950880526894,0.845891846864333,0.256555671984299
0.7010184287432256,1.6846950880526894,0.8853895244013971,0.256555671984299
0.7010184287432256,1.6726745383777741,0.9730825807332699,0.256555671984299
0.7010184287432256,1.6726745383777741,0.8542766600059357,0.256555671984299
0.7010184287432256,1.6726745383777741,0.9210275663344297,0.256555671984299
0.7010184287432256,1.6726745383777741,0.8997957893757604,0.3281440576202103
0.7010184287432256,1.6726745383777741,0.9168433221038831,0.3281440576202103
0.7010184287432256,1.6726745383777741,1.009121295089489,0.3281440576202103
0.7010184287432256,1.6726745383777741,0.9229577633929548,0.3281440576202103
0.7010184287432256,1.6726745383777741,0.8932095799938495,0.3281440576202103
0.7010184287432256,1.6726745383777741,0.940255336289572,0.3281440576202103
0.7010184287432256,1.6726745383777741,0.9125764324061112,0.3281440576202103
0.7010184287432256,1.6726745383777741,0.8677021685962848,0.3281440576202103
0.7010184287432256,1.6726745383777741,0.8018846873200858,0.3281440576202103
0.7010184287432256,1.6726745383777741,0.9656341564155583,0.3281440576202103
0.7010184287432256,1.6726745383777741,0.8544202383193887,0.23517702142560273
0.6826900157148013,1.6726745383777741,0.8378086273125269,0.23517702142560273
0.6826900157148013,1.6726745383777741,0.882527154986626,0.23517702142560273
0.6826900157148013,1.6726745383777741,0.8909316449854969,0.23517702142560273
0.6826900157148013,1.6726745383777741,0.8498199207864113,0.23517702142560273
0.6826900157148013,1.6726745383777741,0.890098555621833,0.23517702142560273
0.6826900157148013,1.6726745383777741,0.7928079247924679,0.23517702142560273
0.6826900157148013,1.6726745383777741,0.791391708942129,0.23517702142560273
0.6826900157148013,1.6726745383777741,0.8370115809138499,0.23517702142560273
0.6826900157148013,1.6726745383777741,0.8600581463350789,0.23517702142560273
0.6826900157148013,1.6726745383777741,0.8875409866081195,0.23517702142560273
0.6826900157148013,1.6726745383777741,0.9263567707344379,0.23517702142560273
0.6826900157148013,1.6726745383777741,0.8468279967663457,0.23517702142560273
0.6826900157148013,1.6726745383777741,0.9611436187181976,0.23517702142560273
0.6826900157148013,1.6726745383777741,0.9891646924639935,0.23517702142560273
0.6826900157148013,1.6726745383777741,0.8410532373468236,0.23517702142560273
0.6297823474058168,1.6726745383777741,0.9415264327293331,0.23517702142560273
0.6297823474058168,1.6726745383777741,0.9443820222986193,0.23517702142560273
0.6297823474058168,1.6726745383777741,0.9848944489100195,0.23517702142560273
0.6297823474058168,1.6726745383777741,1.0609109067206837,0.23517702142560273
0.6297823474058168,1.6726745383777741,0.9915713891178517,0.20260226911857762
0.6297823474058168,1.6726745383777741,0.9543192494017187,0.20260226911857762
0.6297823474058168,1.6726745383777741,0.9085975845746509,0.20260226911857762
0.6297823474058168,1.6726745383777741,0.9667955809448939,0.20260226911857762
0.6297823474058168,1.6726745383777741,1.0206642509943948,0.20260226911857762
0.6297823474058168,1.6726745383777741,0.9057051247151897,0.20260226911857762
0.6297823474058168,1.6726745383777741,0.8945870229314122,0.20260226911857762
0.6297823474058168,1.6726745383777741,0.8645825634324715,0.20260226911857762
0.6297823474058168,1.6726745383777741,0.8830045168067664,0.20260226911857762
0.6297823474058168,1.6726745383777741,0.9915938828343279,0.20260226911857762
0.6297823474058168,1.6726745383777741,0.8746333561465038,0.20260226911857762
0.6297823474058168,1.6726745383777741,0.8941446986403162,0.20260226911857762
0.6297823474058168,1.6726745383777741,0.9382985726673579,0.20260226911857762
0.6348727366280134,1.6726745383777741,0.8888863086674704,0.20260226911857762
0.6348727366280134,1.6726745383777741,0.8739135447417092,0.20260226911857762
0.6348727366280134,1.6726745383777741,0.9744858486644093,0.20260226911857762
0.6348727366280134,1.6726745383777741,0.944740632809647,0.20260226911857762
0.6348727366280134,1.6726745383777741,0.8492206119182704,0.20260226911857762
0.6348727366280134,1.6726745383777741,0.9116609888256444,0.20260226911857762
0.6348727366280134,1.6726745383777741,0.9861085467062066,0.20260226911857762
0.6348727366280134,1.6726745383777741,0.971102581347521,0.20260226911857762
0.6348727366280134,1.6726745383777741,0.9993194726559637,0.22917525106937592
0.6348727366280134,1.6726745383777741,0.9445023747012505,0.22917525106937592
0.6348727366280134,1.6726745383777741,0.9296449323836578,0.2267157232317185
0.6348727366280134,1.6172010976498659,1.004399466315007,0.2267157232317185
0.6348727366280134,1.6172010976498659,1.1381577109855796,0.2267157232317185
0.6348727366280134,1.6172010976498659,1.018006405775789,0.2267157232317185
0.6652021845592373,1.6172010976498659,0.9469103842109069,0.2267157232317185
0.6652021845592373,1.6451519632478409,1.0079959359751092,0.2267157232317185
0.6652021845592373,1.6451519632478409,0.9210667626747252,0.2267157232317185
0.6652021845592373,1.6451519632478409,0.9894285996246087,0.20537854157575666
0.6652021845592373,1.6451519632478409,1.0017397374910828,0.20537854157575666
0.6652021845592373,1.6451519632478409,0.8759289064609154,0.20537854157575666
0.6652021845592373,1.6451519632478409,0.9000779081597269,0.20537854157575666
0.6652021845592373,1.6451519632478409,0.9864185042542419,0.20537854157575666
0.6652021845592373,1.6451519632478409,0.9491481654012559,0.29524947708022525
0.6652021845592373,1.6451519632478409,0.9607645361255106,0.29524947708022525
0.6652021845592373,1.6451519632478409,0.9635859973383973,0.29524947708022525
0.6652021845592373,1.6451519632478409,1.0431162771192661,0.29524947708022525
0.6652021845592373,1.6451519632478409,0.9649734551121447,0.29524947708022525
0.6652021845592373,1.6451519632478409,1.024595061060594,0.29524947708022525
0.6652021845592373,1.6451519632478409,1.0607901872418748,0.29524947708022525
0.6652021845592373,1.6451519632478409,0.9998523981039457,0.29524947708022525
0.6652021845592373,1.6451519632478409,0.9663932347769372,0.27162585764147845
0.6652021845592373,1.6451519632478409,1.1345409666774264,0.36529847229442153
0.6652021845592373,1.6451519632478409,1.0484350017931714,0.36529847229442153
0.6652021845592373,1.6451519632478409,1.1028349167402982,0.36529847229442153
0.6652021845592373,1.6451519632478409,1.0385343544570318,0.36529847229442153
0.6652021845592373,1.6451519632478409,1.120152394646863,0.36529847229442153
0.6652021845592373,1.6451519632478409,1.05305632565869,0.36529847229442153
0.6652021845592373,1.6451519632478409,1.0575248695287778,0.36529847229442153
0.6652021845592373,1.6451519632478409,0.9761754641095887,0.36529847229442153
0.6652021845592373,1.6451519632478409,1.072232235762772,0.36529847229442153
0.6652021845592373,1.6451519632478409,1.0516185626772878,0.36529847229442153
0.6652021845592373,1.6451519632478409,0.9972228588004024,0.36529847229442153
0.6652021845592373,1.6451519632478409,1.2513458643822741,0.36529847229442153
0.6652021845592373,1.6451519632478409,1.0684452338527035,0.36529847229442153
0.6652021845592373,1.6451519632478409,1.0711705186823042,0.36529847229442153
0.6652021845592373,1.6451519632478409,1.0253322620121263,0.32066601160217617
0.6652021845592373,1.6451519632478409,1.0896920335846025,0.30529739099093606
0.6652021845592373,1.6762473224346734,1.0841382974182465,0.30529739099093606
0.6652021845592373,1.6762473224346734,0.9852818182430922,0.30529739099093606
0.6652021845592373,1.6762473224346734,0.9921658848253085,0.30529739099093606
0.6652021845592373,1.6762473224346734,0.9670120090554514,0.30529739099093606
0.6652021845592373,1.6762473224346734,0.9384637623228171,0.30529739099093606
0.6652021845592373,1.6762473224346734,0.9271504982330735,0.30529739099093606
0.6652021845592373,1.6762473224346734,0.9483351702100028,0.30529739099093606
0.6652021845592373,1.6762473224346734,0.9894192984137948,0.30529739099093606
0.6652021845592373,1.6762473224346734,1.0595497153439775,0.30529739099093606
0.6652021845592373,1.6762473224346734,0.8923661878291388,0.30529739099093606
0.6652021845592373,1.6762473224346734,0.9654396710728065,0.30529739099093606
0.6652021845592373,1.6762473224346734,0.9627251395862385,0.30529739099093606
0.6652021845592373,1.6762473224346734,0.9382652286187056,0.30529739099093606
0.6652021845592373,1.6762473224346734,0.9775112900058857,0.30529739099093606
0.6652021845592373,1.6392541051178313,0.9772423028911094,0.30529739099093606
0.6652021845592373,1.6392541051178313,1.020313736093492,0.30529739099093606
0.6652021845592373,1.6392541051178313,0.9996293474915766,0.30529739099093606
0.6652021845592373,1.6392541051178313,1.045896655204875,0.30529739099093606
0.6652021845592373,1.6392541051178313,0.9786988054467122,0.30529739099093606
0.6652021845592373,1.6392541051178313,1.0146777656594768,0.3049224334470459
0.6652021845592373,1.6392541051178313,1.0022604487238307,0.3049224334470459
0.6652021845592373,1.6392541051178313,0.9651508481559787,0.19112506565285534
0.6652021845592373,1.6392541051178313,0.9146038719339882,0.19112506565285534
0.6652021845592373,1.6392541051178313,0.8639111378794522,0.19112506565285534
0.6652021845592373,1.6392541051178313,0.9178445635183827,0.19112506565285534
0.6652021845592373,1.6392541051178313,0.9102513553181557,0.19112506565285534
0.6652021845592373,1.6392541051178313,0.8555874466544706,0.19112506565285534
0.6652021845592373,1.6392541051178313,0.9473543102591343,0.19112506565285534
0.6652021845592373,1.6052769625583483,1.0399287488151443,0.19112506565285534
0.6652021845592373,1.6052769625583483,0.9270810419722002,0.19112506565285534
0.6652021845592373,1.6052769625583483,1.0109833663396544,0.24138294820892495
0.6652021845592373,1.6052769625583483,0.9798817895511643,0.23413377191246723
0.6652021845592373,1.6052769625583483,1.1472346171212942,0.23413377191246723
0.7782575307595657,1.6052769625583483,0.9070200817885203,0.23413377191246723
0.7782575307595657,1.6052769625583483,0.9123734105639366,0.23413377191246723
0.7782575307595657,1.6052769625583483,0.8680686592892133,0.23413377191246723
0.7782575307595657,1.6052769625583483,0.891657281888624,0.23413377191246723
0.7782575307595657,1.6052769625583483,0.8568937221507159,0.23413377191246723
0.7782575307595657,1.6052769625583483,0.9565115337978489,0.23413377191246723
0.7782575307595657,1.6052769625583483,0.8520392251029838,0.23413377191246723
0.7782575307595657,1.6052769625583483,0.8506718349820689,0.23413377191246723
0.7782575307595657,1.6052769625583483,0.9174912926916596,0.23413377191246723
0.7782575307595657,1.6052769625583483,0.8699496310258313,0.23413377191246723
0.7782575307595657,1.6052769625583483,0.8285974882330542,0.23413377191246723
0.7782575307595657,1.6052769625583483,0.8482306581463985,0.23413377191246723
0.7782575307595657,1.6052769625583483,0.9230922910460589,0.23413377191246723
0.7782575307595657,1.6052769625583483,0.8734437159314137,0.23413377191246723
0.7782575307595657,1.6052769625583483,0.8445912243172315,0.23413377191246723
0.7782575307595657,1.6052769625583483,0.8412679552770984,0.23413377191246723
0.7782575307595657,1.6052769625583483,0.8683605629945191,0.23413377191246723
0.7782575307595657,1.6052769625583483,0.8597719253531846,0.23413377191246723
0.7782575307595657,1.6052769625583483,0.8588147041886632,0.23413377191246723
0.7782575307595657,1.6052769625583483,0.8398506292277523,0.23413377191246723
0.7782575307595657,1.6052769625583483,0.8633157243443187,0.23413377191246723
0.7782575307595657,1.6052769625583483,0.9009103413264005,0.23413377191246723
0.7077790721128232,1.6052769625583483,0.8963342524515693,0.23413377191246723
0.7077790721128232,1.6052769625583483,1.0176722744075675,0.21156754391961055
0.7077790721128232,1.6052769625583483,0.9320913923741685,0.21156754391961055
0.7077790721128232,1.6052769625583483,0.9591117496609992,0.21156754391961055
0.7077790721128232,1.6052769625583483,0.9431497639250329,0.21156754391961055
0.7077790721128232,1.6052769625583483,0.9326508976342649,0.21156754391961055
0.7077790721128232,1.6052769625583483,0.9372863991424365,0.21156754391961055
0.7077790721128232,1.631209558907759,0.8840679333371316,0.21156754391961055
0.7077790721128232,1.631209558907759,0.8729596738892696,0.21156754391961055
0.7077790721128232,1.631209558907759,0.9324730293549688,0.21156754391961055
0.7110764996258679,1.631209558907759,0.8283938937740899,0.21156754391961055
0.7110764996258679,1.631209558907759,0.8793690787973447,0.21156754391961055
0.7110764996258679,1.631209558907759,1.0418099582824083,0.21156754391961055
0.7110764996258679,1.631209558907759,0.8991782791122102,0.21156754391961055
0.7110764996258679,1.631209558907759,0.951383451702362,0.21156754391961055
0.7110764996258679,1.631209558907759,1.0358365884788119,0.21156754391961055
0.7110764996258679,1.6191754001989918,0.9063022617161821,0.21156754391961055
0.7110764996258679,1.6191754001989918,0.9284198830602395,0.21156754391961055
0.7110764996258679,1.6191754001989918,0.8916593683117298,0.21156754391961055
0.7110764996258679,1.6191754001989918,0.932990815308904,0.21156754391961055
0.7110764996258679,1.6333874753604096,0.9695330891823623,0.23154051013187582
0.7110764996258679,1.6333874753604096,0.9022869119635919,0.23154051013187582
0.7110764996258679,1.6333874753604096,0.9093127393941455,0.23154051013187582
0.7110764996258679,1.6333874753604096,0.8832030835837461,0.23154051013187582
0.7110764996258679,1.6333874753604096,0.9204404180873852,0.23154051013187582
0.7110764996258679,1.6333874753604096,0.9314655504150259,0.23154051013187582
0.7110764996258679,1.6169267395688918,0.8815245282437832,0.23154051013187582
0.7110764996258679,1.6169267395688918,0.9137382137941522,0.23154051013187582
0.7110764996258679,1.6169267395688918,0.9040801671352232,0.23154051013187582
0.7110764996258679,1.6169267395688918,0.9092093018184653,0.23154051013187582
0.7110764996258679,1.6169267395688918,0.8743374504628673,0.23154051013187582
0.7110764996258679,1.5406373035842786,1.040865595342558,0.23154051013187582
0.7110764996258679,1.5406373035842786,1.0694465141499276,0.20497500287765516
0.7110764996258679,1.5406373035842786,1.10077254361665,0.20497500287765516
0.7110764996258679,1.5406373035842786,1.0010905808016348,0.20497500287765516
0.7110764996258679,1.5406373035842786,1.1216239274088888,0.20497500287765516
0.7110764996258679,1.5406373035842786,1.0625850950301174,0.20497500287765516
0.6933409381196841,1.5406373035842786,1.057256259077329,0.20497500287765516
0.6933409381196841,1.5406373035842786,1.008537264488574,0.20497500287765516
0.6933409381196841,1.5406373035842786,1.0905771330071719,0.20497500287765516
0.6933409381196841,1.5406373035842786,0.9313349494703251,0.20497500287765516
0.6933409381196841,1.5406373035842786,1.1145277008375525,0.20497500287765516
0.6933409381196841,1.5406373035842786,1.0869317394632503,0.20497500287765516
0.6933409381196841,1.5406373035842786,1.0258620962966065,0.20497500287765516
0.6933409381196841,1.5406373035842786,0.9705918527623145,0.20497500287765516
0.6933409381196841,1.5406373035842786,1.001274689108428,0.20497500287765516
0.6933409381196841,1.5406373035842786,1.0602376240153206,0.20497500287765516
0.6933409381196841,1.5406373035842786,1.1040756038616735,0.20497500287765516
0.6933409381196841,1.5406373035842786,1.068576603383859,0.20497500287765516
0.6933409381196841,1.5406373035842786,1.0507979330932873,0.20497500287765516
0.6933409381196841,1.5406373035842786,1.0089242576459094,0.20497500287765516
0.6933409381196841,1.5406373035842786,0.9662671990479974,0.20497500287765516
0.6933409381196841,1.5406373035842786,1.0483401354255952,0.20497500287765516
0.6933409381196841,1.5406373035842786,1.1188929283867781,0.20497500287765516
0.6933409381196841,1.5406373035842786,1.080692267718638,0.20497500287765516
0.6933409381196841,1.5406373035842786,1.0185618811305397,0.18523845275883682
0.6933409381196841,1.390194521651733,1.2345476217392712,0.18523845275883682
0.6933409381196841,1.390194521651733,1.3835073200611399,0.18523845275883682
0.6933409381196841,1.390194521651733,1.4554613412601771,0.18523845275883682
0.6933409381196841,1.390194521651733,1.2335063564421171,0.18523845275883682
0.6933409381196841,1.390194521651733,1.2524907648948385,0.18523845275883682
0.6933409381196841,1.3615327433368272,1.3544920187021505,0.18523845275883682
0.6748105409615099,1.3615327433368272,1.43306927341694,0.18523845275883682
0.6748105409615099,1.3615327433368272,1.5684243000848448,0.18523845275883682
0.6748105409615099,1.3615327433368272,1.3353028045272806,0.18523845275883682
0.6748105409615099,1.4308528345508456,1.5078863181061823,0.18523845275883682
0.6748105409615099,1.4308528345508456,1.419992102874432,0.18523845275883682
0.6748105409615099,1.4308528345508456,1.3644738441539372,0.15484494434365034
0.6748105409615099,1.4308528345508456,1.3454079687083211,0.15484494434365034
0.7812799464448238,1.4308528345508456,1.2543282930424142,0.15484494434365034
0.8152688065708416,1.4308528345508456,1.0009779635418468,0.15484494434365034
0.8152688065708416,1.4308528345508456,1.1177555065804197,0.15484494434365034
0.8152688065708416,1.4308528345508456,1.0715806823762608,0.15484494434365034
0.8152688065708416,1.4308528345508456,1.0051844392039688,0.15484494434365034
0.8152688065708416,1.4308528345508456,1.0214613489033808,0.15484494434365034
0.8502749048449336,1.4308528345508456,0.9963497703596484,0.15484494434365034
0.925400920412862,1.4308528345508456,0.9484864585614029,0.15484494434365034
0.925400920412862,1.4308528345508456,1.0088361043685103,0.17994149364300244
0.9958450324227558,1.4308528345508456,0.8943386242065621,0.17994149364300244
0.9958450324227558,1.4308528345508456,0.895453049366041,0.17994149364300244
0.9958450324227558,1.4308528345508456,0.8143840103095021,0.17994149364300244
0.9958450324227558,1.4308528345508456,0.9354665835175114,0.17994149364300244
0.9958450324227558,1.4308528345508456,0.8373384796628827,0.17994149364300244
0.9958450324227558,1.4308528345508456,0.8957701335890212,0.17994149364300244
0.9958450324227558,1.4308528345508456,0.9107861912739964,0.17994149364300244
0.9958450324227558,1.4308528345508456,0.9144318221714223,0.17994149364300244
0.9958450324227558,1.4308528345508456,0.9155873274712348,0.17994149364300244
0.9958450324227558,1.4308528345508456,0.8282941268316788,0.17994149364300244
0.9958450324227558,1.4308528345508456,0.8905558737999817,0.17994149364300244
0.9700779990350094,1.4308528345508456,0.8108487455358633,0.20693936787716666
0.9700779990350094,1.4308528345508456,0.8642129906311274,0.20693936787716666
0.9700779990350094,1.4308528345508456,0.8448535914087991,0.20693936787716666
0.9700779990350094,1.4308528345508456,0.9903353732207791,0.20693936787716666
0.9700779990350094,1.41529258453247,0.9378337728837723,0.1855280185250837
0.9700779990350094,1.41529258453247,0.8319075142798575,0.1855280185250837
0.9700779990350094,1.41529258453247,0.9013410351011124,0.1855280185250837
0.9700779990350094,1.41529258453247,0.8613426661246885,0.1855280185250837
0.9700779990350094,1.41529258453247,0.9353310580222911,0.1855280185250837
0.9700779990350094,1.41529258453247,0.8952244262485851,0.1855280185250837
0.9700779990350094,1.41529258453247,0.9074332519238529,0.1855280185250837
0.9700779990350094,1.41529258453247,0.9107720585673286,0.1855280185250837
0.9700779990350094,1.41529258453247,0.97513541432746,0.1855280185250837
0.9700779990350094,1.41529258453247,1.0833201685929261,0.1855280185250837
0.9700779990350094,1.41529258453247,0.8435624649324384,0.1855280185250837
0.9700779990350094,1.41529258453247,0.9515231149163699,0.1855280185250837
0.9700779990350094,1.41529258453247,0.9012529339086983,0.17523987329716478
0.9700779990350094,1.41529258453247,0.9619792424890315,0.17523987329716478
0.9700779990350094,1.41529258453247,0.8552274920555023,0.17523987329716478
0.9700779990350094,1.41529258453247,0.9686112168775242,0.17523987329716478
0.9700779990350094,1.41529258453247,0.8417291564305495,0.17523987329716478
0.9700779990350094,1.41529258453247,0.9489143444175177,0.17523987329716478
0.9700779990350094,1.41529258453247,1.017882353425897,0.17523987329716478
0.9700779990350094,1.41529258453247,0.9572122222033856,0.17523987329716478
0.9700779990350094,1.41529258453247,0.9399606185964994,0.17523987329716478
0.9700779990350094,1.41529258453247,0.9664137328175888,0.25827379104896103
0.9181472601215196,1.41529258453247,0.9766812227213015,0.25827379104896103
0.9181472601215196,1.41529258453247,1.1009515996840442,0.25827379104896103
0.9181472601215196,1.41529258453247,1.0532720612795434,0.25827379104896103
0.9181472601215196,1.41529258453247,1.0051864667182469,0.25827379104896103
0.9181472601215196,1.41529258453247,1.0289993514719575,0.18678230304826915
0.9181472601215196,1.41529258453247,0.9629829042812418,0.18678230304826915
0.9181472601215196,1.41529258453247,1.0804212658616503,0.18678230304826915
0.9181472601215196,1.41529258453247,0.9249992036332183,0.18678230304826915
0.9181472601215196,1.41529258453247,1.0404531308012104,0.18678230304826915
0.9181472601215196,1.41529258453247,1.0812689148538013,0.18678230304826915
0.9181472601215196,1.41529258453247,0.8668772378511284,0.18678230304826915
0.9181472601215196,1.41529258453247,0.9520134789902922,0.18678230304826915
0.9181472601215196,1.41529258453247,0.9653665047737614,0.18678230304826915
0.9181472601215196,1.41529258453247,0.9925607997827303,0.17511771553532562
0.9181472601215196,1.41529258453247,0.9478228625314042,0.17511771553532562
0.9181472601215196,1.4150709508250041,1.000015514277793,0.17511771553532562
0.9181472601215196,1.4150709508250041,0.9695651082506755,0.18333913146243758
0.9181472601215196,1.4150709508250041,0.9995588056008543,0.18333913146243758
0.9181472601215196,1.4150709508250041,0.9463372235915679,0.18333913146243758
0.9181472601215196,1.4150709508250041,0.987516349881873,0.18333913146243758
0.9181472601215196,1.4150709508250041,0.9709217756731989,0.18333913146243758
0.9181472601215196,1.4150709508250041,0.9924630072314182,0.18333913146243758
0.9181472601215196,1.4150709508250041,1.0944479674153185,0.22489373454133194
0.7724210365303311,1.4627622770002733,1.024890715318492,0.22489373454133194
0.7724210365303311,1.4627622770002733,1.0924194581460274,0.22489373454133194
0.7724210365303311,1.4627622770002733,1.0459702892475684,0.22489373454133194
0.7724210365303311,1.4627622770002733,1.1484935471207582,0.22489373454133194
0.7724210365303311,1.4627622770002733,1.0461277484837255,0.22489373454133194
0.7724210365303311,1.4627622770002733,1.1789957385115066,0.22489373454133194
0.7724210365303311,1.4627622770002733,1.162155372255413,0.16213364658157234
0.7724210365303311,1.4627622770002733,1.0099656456425972,0.16213364658157234
0.7724210365303311,1.4627622770002733,1.1416628268382083,0.16213364658157234
0.7724210365303311,1.4649303265000928,0.8893263336971017,0.16213364658157234
0.7724210365303311,1.4649303265000928,1.0066000015209595,0.16213364658157234
0.7724210365303311,1.4649303265000928,1.0214385354303543,0.16213364658157234
0.7724210365303311,1.4649303265000928,1.002224908153001,0.16213364658157234
0.7724210365303311,1.4649303265000928,1.1173294461976906,0.16213364658157234
0.7724210365303311,1.4649303265000928,0.986135089507179,0.16213364658157234
0.7724210365303311,1.4649303265000928,1.0141688268189473,0.16213364658157234
0.7724210365303311,1.4649303265000928,1.1806327400881635,0.16213364658157234
0.7724210365303311,1.4649303265000928,1.0177537076767946,0.16213364658157234
0.7724210365303311,1.4649303265000928,1.1413998874918172,0.16213364658157234
0.7724210365303311,1.4649303265000928,1.1107582971834844,0.16213364658157234
0.7724210365303311,1.4649303265000928,1.0731284843563464,0.16213364658157234
0.7724210365303311,1.4649303265000928,1.0654281791762785,0.16213364658157234
0.7724210365303311,1.4649303265000928,1.11714579573425,0.16213364658157234
0.7724210365303311,1.4649303265000928,1.0709934162731012,0.16213364658157234
0.6788825681513317,1.4649303265000928,1.101214583788463,0.16213364658157234
0.6788825681513317,1.4649303265000928,1.2361026386689333,0.16213364658157234
0.6788825681513317,1.4649303265000928,1.16469929040446,0.16213364658157234
0.6788825681513317,1.4649303265000928,1.2477362471599218,0.16213364658157234
0.6788825681513317,1.4649303265000928,1.1457175222992824,0.16213364658157234
0.6788825681513317,1.4649303265000928,1.2062714751516488,0.16213364658157234
0.6788825681513317,1.4649303265000928,1.1516218210795295,0.16213364658157234
0.6788825681513317,1.4649303265000928,1.1990428708473466,0.16213364658157234
0.6788825681513317,1.4649303265000928,1.1673881229964498,0.16213364658157234
0.6788825681513317,1.4649303265000928,1.144389669862964,0.16213364658157234
0.6788825681513317,1.4649303265000928,1.193008664473357,0.16213364658157234
0.6788825681513317,1.42468945817654,1.2313996876834912,0.19483872441568584
0.6788825681513317,1.42468945817654,1.4736811065096476,0.19483872441568584
0.6788825681513317,1.42468945817654,1.1876957728665578,0.19483872441568584
0.6788825681513317,1.42468945817654,1.38375232723503,0.19483872441568584
0.6788825681513317,1.42468945817654,1.2004136194723913,0.19483872441568584
0.6788825681513317,1.42468945817654,1.2600035204302613,0.19483872441568584
0.6788825681513317,1.42468945817654,1.2437918208960286,0.19483872441568584
0.6788825681513317,1.42468945817654,1.3710599773995007,0.19483872441568584
0.6788825681513317,1.42468945817654,1.4015304816747924,0.19483872441568584
0.6788825681513317,1.42468945817654,1.281359800215672,0.19483872441568584
0.6788825681513317,1.42468945817654,1.2336854057211155,0.19483872441568584
0.6788825681513317,1.42468945817654,1.3786859419608475,0.19997715896497698
0.6788825681513317,1.42468945817654,1.4716785782895716,0.19997715896497698
0.6788825681513317,1.42468945817654,1.3643303023218398,0.19997715896497698
0.6788825681513317,1.42468945817654,1.2847630367370557,0.19997715896497698
0.6788825681513317,1.42468945817654,1.3242862238159934,0.19997715896497698
0.6788825681513317,1.42468945817654,1.3160862063135441,0.19997715896497698
0.6788825681513317,1.42468945817654,1.4943482263993497,0.19997715896497698
0.6788825681513317,1.42468945817654,1.4908038528312335,0.19997715896497698
0.6788825681513317,1.42468945817654,1.2335130493858721,0.19997715896497698
0.6788825681513317,1.42468945817654,1.311158360693863,0.19997715896497698
0.6788825681513317,1.42468945817654,1.3106755343400351,0.19997715896497698
0.6788825681513317,1.42468945817654,1.4205287852500623,0.19997715896497698
0.6788825681513317,1.42468945817654,1.4102420581742054,0.19997715896497698
0.6788825681513317,1.42468945817654,1.3099743629555953,0.19997715896497698
0.6788825681513317,1.546595926835131,1.2040671957800524,0.19997715896497698
0.6788825681513317,1.546595926835131,1.118318670638193,0.19997715896497698
0.6788825681513317,1.546595926835131,1.0529994928562978,0.19997715896497698
0.6788825681513317,1.546595926835131,1.062112104098439,0.19997715896497698
0.691069533438031,1.546595926835131,0.9937107738404962,0.1827529164590013
0.691069533438031,1.546595926835131,0.9958274222139165,0.1827529164590013
0.691069533438031,1.546595926835131,0.9828652831569612,0.1827529164590013
0.691069533438031,1.546595926835131,0.9567680567931229,0.1827529164590013
0.691069533438031,1.546595926835131,1.125819136362102,0.1827529164590013
0.691069533438031,1.53807363902928,1.0288416103578402,0.1827529164590013
0.691069533438031,1.53807363902928,1.1323230285223331,0.25656144949499693
0.691069533438031,1.53807363902928,1.181270063452704,0.17459760223958623
0.691069533438031,1.5022186858672013,1.1114463254893743,0.17459760223958623
0.691069533438031,1.5022186858672013,1.1259923440324802,0.17459760223958623
0.691069533438031,1.5022186858672013,1.1013620066738607,0.17459760223958623
0.691069533438031,1.5022186858672013,1.071179249266504,0.17459760223958623
0.691069533438031,1.5022186858672013,1.2425866985112357,0.17459760223958623
0.691069533438031,1.5022186858672013,1.1635446581588567,0.17459760223958623
0.691069533438031,1.5022186858672013,1.0083767879166918,0.17459760223958623
0.691069533438031,1.5022186858672013,0.9984628448880917,0.17459760223958623
0.691069533438031,1.5022186858672013,1.0170367468555397,0.17459760223958623
0.691069533438031,1.5022186858672013,1.0337570185234533,0.17459760223958623
0.691069533438031,1.5022186858672013,1.0437576240733262,0.17459760223958623
0.691069533438031,1.5022186858672013,1.1063065223411115,0.17459760223958623
0.691069533438031,1.5022186858672013,1.1632786178528405,0.17459760223958623
0.691069533438031,1.5022186858672013,1.0823874612759194,0.17459760223958623
0.691069533438031,1.5022186858672013,1.098617502210804,0.17459760223958623
0.691069533438031,1.5022186858672013,1.0972444515954651,0.17459760223958623
0.691069533438031,1.5022186858672013,1.1561142554044923,0.17459760223958623
0.691069533438031,1.5022186858672013,1.1587220281620259,0.22436785221674346
0.691069533438031,1.5022186858672013,1.2192089487964768,0.22436785221674346
0.691069533438031,1.5022186858672013,1.1720424975082047,0.22436785221674346
0.691069533438031,1.5022186858672013,1.2284256434261571,0.22436785221674346
0.691069533438031,1.5022186858672013,1.2561880959961693,0.22436785221674346
0.691069533438031,1.5022186858672013,1.1713846416096163,0.22436785221674346
0.691069533438031,1.5022186858672013,1.2110110766545314,0.22436785221674346
0.691069533438031,1.5022186858672013,1.0727563517976324,0.22436785221674346
0.691069533438031,1.5022186858672013,1.1600367906126148,0.22436785221674346
0.7904011572296592,1.5022186858672013,1.1166293994017618,0.22436785221674346
0.7904011572296592,1.5022186858672013,1.0258689849803337,0.22436785221674346
0.7904011572296592,1.4968306381753265,1.1053983548086717,0.22436785221674346
0.7904011572296592,1.4968306381753265,0.9113266180642894,0.22436785221674346
0.7904011572296592,1.4968306381753265,1.0476558055709742,0.22436785221674346
0.7904011572296592,1.4968306381753265,1.0179918061324649,0.22436785221674346
0.7904011572296592,1.4968306381753265,0.9521845322903681,0.22436785221674346
0.7904011572296592,1.4968306381753265,1.1795520246256577,0.22436785221674346
0.7904011572296592,1.4968306381753265,1.094154260560273,0.22436785221674346
0.7904011572296592,1.4968306381753265,0.9434132078580474,0.22436785221674346
0.7904011572296592,1.4968306381753265,0.9757145209553159,0.22436785221674346
0.7904011572296592,1.4968306381753265,0.9611496060195257,0.22436785221674346
0.7904011572296592,1.4968306381753265,1.1289348881972514,0.26513930857229134
0.7983417576073153,1.4968306381753265,0.979394332489404,0.26513930857229134
0.7983417576073153,1.5542183193399686,1.0209622993432033,0.26513930857229134
0.7983417576073153,1.5542183193399686,0.981421883909316,0.26513930857229134
0.7983417576073153,1.5542183193399686,0.9459540195900621,0.26513930857229134
0.7983417576073153,1.5542183193399686,0.9083657264350539,0.26513930857229134
0.7983417576073153,1.5542183193399686,1.0301824054005655,0.26513930857229134
0.7983417576073153,1.5542183193399686,0.8724129060120337,0.26513930857229134
0.7983417576073153,1.5542183193399686,0.9508425651032688,0.2437901709011893
0.7983417576073153,1.5542183193399686,0.9972384475397765,0.2437901709011893
0.7983417576073153,1.5542183193399686,0.8662145436593398,0.21086205011059253
0.7983417576073153,1.5542183193399686,0.8936574541595173,0.21086205011059253
0.7983417576073153,1.5542183193399686,0.8850727836488869,0.21086205011059253
0.7983417576073153,1.5542183193399686,1.0152791123658493,0.21086205011059253
0.7983417576073153,1.5542183193399686,0.9289327331427025,0.21086205011059253
0.7983417576073153,1.5542183193399686,0.8793757467098476,0.21086205011059253
0.7983417576073153,1.5542183193399686,0.8824373532900298,0.17823234675433006
0.7983417576073153,1.5542183193399686,0.8557683050766474,0.17823234675433006
0.7983417576073153,1.5542183193399686,0.9013659961595076,0.17823234675433006
0.7983417576073153,1.5542183193399686,0.9686081104145218,0.17823234675433006
0.7983417576073153,1.5542183193399686,0.8911579732252427,0.17823234675433006
0.8240816740262209,1.5542183193399686,0.8453578313026191,0.17823234675433006
0.8240816740262209,1.5542183193399686,0.8430286818420106,0.17823234675433006
0.8240816740262209,1.5542183193399686,0.7530405544981982,0.17823234675433006
0.8240816740262209,1.5542183193399686,0.8916474834021463,0.19380639059535845
0.8240816740262209,1.5542183193399686,0.8165703374668033,0.19380639059535845
0.8240816740262209,1.5542183193399686,0.8512682475754827,0.19380639059535845
0.8240816740262209,1.5542183193399686,0.8253408620907837,0.19380639059535845
0.8240816740262209,1.5542183193399686,0.8891348957508145,0.19380639059535845
0.8240816740262209,1.5542183193399686,0.8681903288918199,0.19380639059535845
0.8240816740262209,1.5542183193399686,0.7949205851591943,0.19380639059535845
0.8240816740262209,1.5542183193399686,0.8913205639962606,0.2293660601448142
0.8240816740262209,1.5542183193399686,0.8544837660797612,0.2293660601448142
0.8240816740262209,1.5542183193399686,0.8689865072215113,0.2293660601448142
0.8240816740262209,1.5542183193399686,0.9337258460224127,0.2293660601448142
0.8240816740262209,1.5542183193399686,0.8726351821111694,0.2293660601448142
0.8240816740262209,1.5542183193399686,0.8397454678617803,0.2293660601448142
0.8240816740262209,1.5542183193399686,0.8581885038541409,0.2293660601448142
0.8240816740262209,1.5542183193399686,0.9396292280159262,0.2293660601448142
0.8240816740262209,1.5542183193399686,0.8640471748210629,0.2293660601448142
0.8240816740262209,1.5542183193399686,0.9382013769226372,0.2293660601448142
0.8240816740262209,1.5542183193399686,0.9684004800582059,0.2293660601448142
0.8240816740262209,1.5542183193399686,0.9295352020638422,0.2293660601448142
0.8240816740262209,1.5542183193399686,0.8611681487074025,0.2293660601448142
0.8240816740262209,1.5542183193399686,0.8796263981201359,0.2293660601448142
0.8240816740262209,1.5542183193399686,0.9997394077543269,0.2293660601448142
0.8240816740262209,1.5542183193399686,0.8819775128242311,0.2293660601448142
0.8240816740262209,1.5542183193399686,0.8271327937777821,0.2293660601448142
0.8240816740262209,1.5542183193399686,0.9112826657442771,0.2293660601448142
0.8240816740262209,1.5542183193399686,0.9044352554878652,0.2293660601448142
0.8240816740262209,1.5596146599703107,0.9513321065803243,0.2293660601448142
0.8240816740262209,1.5596146599703107,0.8076784108048556,0.2293660601448142
0.8240816740262209,1.5596146599703107,0.884081559256767,0.2293660601448142
0.8240816740262209,1.5596146599703107,0.8229966194879063,0.2293660601448142
0.8130096366670692,1.5596146599703107,0.8745916009888599,0.2293660601448142
0.8130096366670692,1.5596146599703107,0.981651178210426,0.2293660601448142
0.8130096366670692,1.5596146599703107,0.9512987174321884,0.2782707373144928
0.8130096366670692,1.5596146599703107,0.9210445115214927,0.2782707373144928
0.8130096366670692,1.5596146599703107,0.9236987354688956,0.2782707373144928
0.8130096366670692,1.5596146599703107,0.9627378628918971,0.2782707373144928
0.8130096366670692,1.5596146599703107,0.9251000132179937,0.2782707373144928
0.8130096366670692,1.5596146599703107,0.9269913501350701,0.2782707373144928
0.8130096366670692,1.5596146599703107,0.8858500839623985,0.2782707373144928
0.8130096366670692,1.5596146599703107,1.0544692547567314,0.2782707373144928
0.8130096366670692,1.5596146599703107,0.9312588932550699,0.2782707373144928
0.8217620465851158,1.5596146599703107,0.9957336185048001,0.3135966614919865
0.8217620465851158,1.5596146599703107,0.9064690084930246,0.3135966614919865
0.8217620465851158,1.5867632207491191,0.9108283378197974,0.3135966614919865
0.8357755582148475,1.5867632207491191,0.9178529976529115,0.3135966614919865
0.8357755582148475,1.5867632207491191,0.911237675840794,0.3135966614919865
0.8357755582148475,1.5867632207491191,0.8957815210590364,0.3135966614919865
0.8357755582148475,1.5867632207491191,0.8446505292239896,0.3135966614919865
0.8357755582148475,1.5867632207491191,0.9701257544459551,0.3135966614919865
0.8357755582148475,1.5867632207491191,0.9195026261997764,0.3135966614919865
0.796266964295621,1.5867632207491191,0.926223310988383,0.3135966614919865
0.796266964295621,1.5867632207491191,0.9630699981885016,0.3135966614919865
0.796266964295621,1.5846030196912768,0.9474887595407313,0.3135966614919865
0.796266964295621,1.5910372675282725,0.8797069067840025,0.3135966614919865
0.796266964295621,1.5910372675282725,0.9116284654636901,0.3135966614919865
0.796266964295621,1.5910372675282725,0.9064426019430037,0.3135966614919865
0.796266964295621,1.5910372675282725,1.0718836966300924,0.3135966614919865
0.796266964295621,1.5910372675282725,1.0529662816044876,0.3135966614919865
0.796266964295621,1.5910372675282725,0.8667436538690008,0.3135966614919865
0.796266964295621,1.5910372675282725,0.997268219555825,0.3135966614919865
0.796266964295621,1.5910372675282725,0.9088198386133816,0.3135966614919865
0.796266964295621,1.5910372675282725,0.9739978940288628,0.3135966614919865
0.796266964295621,1.5910372675282725,0.9998537473688242,0.3135966614919865
0.796266964295621,1.5910372675282725,0.981675681258978,0.23549520414027997
0.796266964295621,1.5910372675282725,0.8473471795438934,0.23549520414027997
0.796266964295621,1.5910372675282725,0.9389190029628064,0.23549520414027997
0.796266964295621,1.5910372675282725,0.9229242081178434,0.23549520414027997
0.796266964295621,1.5910372675282725,0.829239066884685,0.23549520414027997
0.796266964295621,1.5910372675282725,0.8505341518230843,0.23549520414027997
0.796266964295621,1.5910372675282725,0.8771357464532811,0.23549520414027997
0.796266964295621,1.5910372675282725,0.9215026326080056,0.24794780684066717
0.796266964295621,1.5910372675282725,0.8714022665811132,0.24794780684066717
0.796266964295621,1.5910372675282725,0.8864161214039572,0.24794780684066717
0.796266964295621,1.5910372675282725,0.8256259292725497,0.24794780684066717
0.796266964295621,1.5910372675282725,0.7933931406760633,0.24794780684066717
0.796266964295621,1.5910372675282725,0.873148957500031,0.24794780684066717
0.796266964295621,1.5910372675282725,0.8452417224496573,0.24794780684066717
0.796266964295621,1.5910372675282725,0.8081785294897887,0.24794780684066717
0.796266964295621,1.5910372675282725,0.9539541156894488,0.24794780684066717
0.796266964295621,1.5910372675282725,0.869915448639532,0.24794780684066717
0.796266964295621,1.5910372675282725,0.8465051485144313,0.24794780684066717
0.796266964295621,1.5910372675282725,0.824383462383892,0.24794780684066717
0.796266964295621,1.5910372675282725,0.9001766217040575,0.24794780684066717
0.796266964295621,1.5910372675282725,0.962043923890411,0.24794780684066717
0.796266964295621,1.5910372675282725,0.8441593132245265,0.24794780684066717
0.796266964295621,1.5910372675282725,0.829623189282008,0.24794780684066717
0.796266964295621,1.5910372675282725,0.8608761754260761,0.24794780684066717
0.796266964295621,1.5910372675282725,0.8598581170055019,0.24794780684066717
0.796266964295621,1.5910372675282725,0.8589797162844169,0.24794780684066717
0.796266964295621,1.5910372675282725,0.9330839845056557,0.26695457468625866
0.796266964295621,1.5910372675282725,0.9265520816404967,0.26695457468625866
0.796266964295621,1.5910372675282725,0.8375190612858788,0.26695457468625866
0.796266964295621,1.5910372675282725,0.9825233322457984,0.26695457468625866
0.796266964295621,1.5910372675282725,0.9913932763647079,0.26695457468625866
0.796266964295621,1.5910372675282725,0.9052533473348696,0.26695457468625866
0.796266964295621,1.5910372675282725,0.9006468404147332,0.26695457468625866
0.7865023123675438,1.5910372675282725,0.9732078608871692,0.26695457468625866
0.7865023123675438,1.5910372675282725,0.8680251888821333,0.26695457468625866
0.7865023123675438,1.5910372675282725,0.9136628403032413,0.26695457468625866
0.7865023123675438,1.5910372675282725,0.8585979255105298,0.26695457468625866
0.7865023123675438,1.5910372675282725,0.887414959412995,0.26695457468625866
0.7865023123675438,1.5910372675282725,0.933124835770225,0.26695457468625866
0.7865023123675438,1.5910372675282725,0.903280906360077,0.26695457468625866
0.7865023123675438,1.5910372675282725,0.8942657419528672,0.26695457468625866
0.7865023123675438,1.5910372675282725,0.8962628406958034,0.26695457468625866
0.7865023123675438,1.5910372675282725,1.0196119607138894,0.26695457468625866
0.7865023123675438,1.5910372675282725,0.8887507507482335,0.26695457468625866
0.7865023123675438,1.5910372675282725,0.8807664901716736,0.26695457468625866
0.7865023123675438,1.5910372675282725,0.9707823232895829,0.26695457468625866
0.7865023123675438,1.5910372675282725,0.9643909400919626,0.26695457468625866
0.7865023123675438,1.5910372675282725,0.9557399419247931,0.26695457468625866
0.7865023123675438,1.5910372675282725,0.9042742954887613,0.26695457468625866
0.7865023123675438,1.5910372675282725,0.9242553279442963,0.26695457468625866
0.7865023123675438,1.5910372675282725,0.9181747662921432,0.26695457468625866
0.7865023123675438,1.5910372675282725,1.0066312324280713,0.26695457468625866
0.7865023123675438,1.5910372675282725,0.933817701868006,0.26695457468625866
0.7865023123675438,1.5910372675282725,0.9196278426176071,0.26695457468625866
0.7865023123675438,1.5910372675282725,0.8005768644045889,0.25611519693961593
0.7865023123675438,1.5910372675282725,0.9501834681284158,0.25611519693961593
0.7865023123675438,1.5910372675282725,0.9119350271964344,0.25611519693961593
0.7865023123675438,1.5910372675282725,0.8514346675925591,0.25611519693961593
0.7865023123675438,1.5910372675282725,0.9028036665257869,0.25611519693961593
0.7865023123675438,1.5910372675282725,0.8923407438869179,0.25611519693961593
0.7865023123675438,1.5910372675282725,0.9104900224555827,0.25611519693961593
0.7865023123675438,1.5910372675282725,0.9012018200969789,0.25611519693961593
0.7865023123675438,1.5910372675282725,0.9694869349871511,0.25611519693961593
0.7865023123675438,1.5910372675282725,0.9059241877230708,0.25611519693961593
0.7865023123675438,1.5910372675282725,0.878453028533808,0.25611519693961593
0.7865023123675438,1.5910372675282725,0.8404144061592028,0.25611519693961593
0.7865023123675438,1.5910372675282725,0.8585084033361492,0.25611519693961593
0.7865023123675438,1.5910372675282725,0.891667676553993,0.25611519693961593
0.7865023123675438,1.5910372675282725,0.915304998831403,0.25611519693961593
0.7865023123675438,1.5910372675282725,0.9193511236509959,0.25611519693961593
0.7865023123675438,1.5659551617440521,0.9401531098591382,0.25611519693961593
0.7865023123675438,1.5659551617440521,0.9023199398610475,0.25611519693961593
0.7865023123675438,1.5659551617440521,1.0016134808599353,0.25611519693961593
0.7865023123675438,1.5659551617440521,0.9487842567535141,0.25611519693961593
0.7991194295269753,1.5659551617440521,0.9927518093497314,0.25611519693961593
0.7991194295269753,1.5831666948104388,0.9111359677899906,0.25611519693961593
0.7991194295269753,1.5831666948104388,0.8247535693250998,0.25611519693961593
0.7991194295269753,1.5831666948104388,0.9182330958378095,0.25611519693961593
0.7991194295269753,1.5831666948104388,0.9334947991894406,0.25611519693961593
0.7991194295269753,1.5831666948104388,0.9306832258363996,0.25611519693961593
0.7991194295269753,1.5831666948104388,0.9626261966638131,0.25611519693961593
0.7991194295269753,1.5831666948104388,0.9543108614299587,0.25611519693961593
0.7991194295269753,1.5831666948104388,0.9525978796656339,0.25611519693961593
0.7991194295269753,1.5831666948104388,0.8769942794221144,0.25611519693961593
0.7991194295269753,1.5831666948104388,0.8725708346372607,0.25611519693961593
0.7991194295269753,1.5831666948104388,0.984427563117103,0.25611519693961593
0.7991194295269753,1.5831666948104388,0.9685033501324528,0.25611519693961593
0.7991194295269753,1.5831666948104388,0.9636853975082038,0.25611519693961593
0.7991194295269753,1.5831666948104388,0.9261128963994927,0.25611519693961593
0.7991194295269753,1.5831666948104388,0.8579752444081238,0.25611519693961593
0.7991194295269753,1.5831666948104388,0.9200954667295008,0.25611519693961593
0.7991194295269753,1.5831666948104388,0.8530723818807177,0.25611519693961593
0.7991194295269753,1.5831666948104388,0.9187812563508834,0.25611519693961593
0.7991194295269753,1.5831666948104388,0.8806746866223566,0.25611519693961593
0.7991194295269753,1.5831666948104388,0.915351566022403,0.25611519693961593
0.7991194295269753,1.5831666948104388,0.8449155094057755,0.28348016492481215
0.7991194295269753,1.5831666948104388,0.9431287630095193,0.28348016492481215
0.7991194295269753,1.5831666948104388,0.8943290836066073,0.28348016492481215
0.7991194295269753,1.5831666948104388,0.9418660141195403,0.28348016492481215
0.7991194295269753,1.5831666948104388,0.9236300726329986,0.28348016492481215
0.7991194295269753,1.5831666948104388,0.907782341302969,0.28348016492481215
0.7991194295269753,1.5831666948104388,0.812086933881356,0.28348016492481215
0.7991194295269753,1.5831666948104388,0.975332811183807,0.28348016492481215
0.7991194295269753,1.5831666948104388,0.8222408247518994,0.28348016492481215
0.7991194295269753,1.5831666948104388,0.9072985242085635,0.28348016492481215
0.7863294206367378,1.5831666948104388,0.936831677877469,0.28348016492481215
0.7863294206367378,1.5831666948104388,0.9263604884980534,0.28348016492481215
0.7394485792123486,1.5831666948104388,0.8873327404166114,0.28348016492481215
0.7394485792123486,1.5831666948104388,1.038070420064553,0.28348016492481215
0.7394485792123486,1.5831666948104388,0.98828307494537,0.28348016492481215
0.7394485792123486,1.5831666948104388,1.0029705025785378,0.28348016492481215
0.7394485792123486,1.5831666948104388,0.9900152196266978,0.28348016492481215
0.7394485792123486,1.5831666948104388,0.949113006370781,0.28348016492481215
0.7394485792123486,1.5831666948104388,1.0241093422503353,0.28348016492481215
0.7394485792123486,1.5831666948104388,0.9657123871418755,0.28348016492481215
0.7394485792123486,1.5831666948104388,1.0329548638009807,0.28348016492481215
0.7394485792123486,1.5831666948104388,1.0154380215095176,0.2797794732732946
0.7394485792123486,1.5831666948104388,1.0068835493289552,0.2797794732732946
0.7394485792123486,1.5831666948104388,0.9241982653594507,0.2797794732732946
0.7394485792123486,1.5831666948104388,0.9513030222647091,0.2797794732732946
0.7394485792123486,1.5831666948104388,0.8747986633861681,0.2797794732732946
0.7394485792123486,1.5831666948104388,1.0217881581313868,0.2797794732732946
0.7394485792123486,1.5831666948104388,0.9028470171492353,0.2780285009342571
0.7394485792123486,1.5831666948104388,1.0004608872535337,0.2780285009342571
0.7394485792123486,1.5831666948104388,0.8438333682010036,0.26545652663846714
0.7394485792123486,1.5831666948104388,0.9573630430011869,0.26545652663846714
0.7394485792123486,1.5831666948104388,1.011110169891779,0.26545652663846714
0.7394485792123486,1.5831666948104388,1.000307441493893,0.26545652663846714
0.7394485792123486,1.5831666948104388,1.0499926329401885,0.26545652663846714
0.7394485792123486,1.5831666948104388,1.0833278757216653,0.24379738168291312
0.7394485792123486,1.5831666948104388,0.928589315720067,0.24379738168291312
0.7394485792123486,1.5831666948104388,0.9797480397958807,0.24379738168291312
0.7394485792123486,1.680533103332875,0.855084505140681,0.24379738168291312
0.7394485792123486,1.680533103332875,0.7945188279470913,0.24379738168291312
0.7394485792123486,1.680533103332875,0.8121250526220906,0.24379738168291312
0.7166379626270397,1.680533103332875,0.8472362712066465,0.24379738168291312
0.7166379626270397,1.680533103332875,0.7504670989527997,0.24379738168291312
0.7166379626270397,1.680533103332875,0.7667322403373259,0.24379738168291312
0.7166379626270397,1.680533103332875,0.8338827150469543,0.24379738168291312
0.7166379626270397,1.680533103332875,0.8100481569278434,0.24379738168291312
0.7166379626270397,1.680533103332875,0.8644815264170818,0.24379738168291312
0.7166379626270397,1.680533103332875,0.7849758679094162,0.24379738168291312
0.7166379626270397,1.680533103332875,0.888504624931859,0.24379738168291312
0.7166379626270397,1.680533103332875,0.813703174633956,0.24258865309078959
0.7166379626270397,1.680533103332875,0.8518909235709083,0.24258865309078959
0.7166379626270397,1.680533103332875,0.9021291952747329,0.24258865309078959
0.7166379626270397,1.680533103332875,0.8746592180791041,0.24258865309078959
0.7166379626270397,1.680533103332875,0.7833408805911999,0.24258865309078959
0.7166379626270397,1.680533103332875,0.8578627423539872,0.24258865309078959
0.7166379626270397,1.680533103332875,0.8621397284646539,0.24258865309078959
0.7166379626270397,1.680533103332875,0.8387858552017232,0.24258865309078959
0.7166379626270397,1.680533103332875,0.8116829004290166,0.24258865309078959
0.7166379626270397,1.6812336417429485,0.798413649724743,0.24258865309078959
0.7166379626270397,1.6812336417429485,0.8381979724736679,0.24258865309078959
0.7166379626270397,1.6812336417429485,0.7533524302186482,0.24564478416982644
0.7166379626270397,1.6812336417429485,0.773528659556736,0.24564478416982644
0.7166379626270397,1.6643758084683196,0.8506615814424952,0.24564478416982644
0.7166379626270397,1.6643758084683196,0.8560045490337962,0.24564478416982644
0.7166379626270397,1.6643758084683196,0.831376083614684,0.24564478416982644
0.7166379626270397,1.6643758084683196,0.8469122564259557,0.24564478416982644
0.7166379626270397,1.6643758084683196,0.8241036557884923,0.2498667844764618
0.7166379626270397,1.6643758084683196,0.843006161725835,0.2498667844764618
0.7166379626270397,1.6643758084683196,0.8792928942127557,0.2498667844764618
0.7166379626270397,1.6643758084683196,0.9285782566010022,0.2498667844764618
0.7166379626270397,1.6643758084683196,0.8784950237689291,0.2498667844764618
0.7166379626270397,1.6643758084683196,0.8898449866075767,0.2498667844764618
0.7166379626270397,1.6592148044398995,0.8591877000932708,0.2498667844764618
0.7166379626270397,1.6592148044398995,0.8496971696337677,0.2498667844764618
0.7166379626270397,1.6592148044398995,0.8892163893231451,0.2498667844764618
0.7166379626270397,1.6592148044398995,0.8952454739518199,0.2375845386179833
0.7166379626270397,1.6592148044398995,0.8181792497380398,0.2375845386179833
0.7166379626270397,1.6592148044398995,0.8205737500984941,0.2375845386179833
0.7166379626270397,1.6592148044398995,0.929995082539113,0.25498576085043095
0.7166379626270397,1.6592148044398995,0.9235254790191599,0.25498576085043095
0.7166379626270397,1.6592148044398995,0.8479303169497183,0.25498576085043095
0.7166379626270397,1.6592148044398995,0.798398011968442,0.25498576085043095
0.7166379626270397,1.6592148044398995,0.8966489903077368,0.25498576085043095
0.7166379626270397,1.6592148044398995,0.924999036825447,0.25498576085043095
0.7166379626270397,1.6592148044398995,0.8493849320645412,0.25498576085043095
0.7166379626270397,1.6592148044398995,0.9133582477176634,0.25498576085043095
0.7166379626270397,1.6592148044398995,0.8292277782183303,0.25498576085043095
0.7166379626270397,1.662070887069786,0.8820869386311947,0.25498576085043095
0.7166379626270397,1.662070887069786,0.8806343546811105,0.25498576085043095
0.7166379626270397,1.6573715158197753,0.8325149793604038,0.25498576085043095
0.7166379626270397,1.6573715158197753,0.9642317421253346,0.25498576085043095
0.7166379626270397,1.6573715158197753,0.9753126566282602,0.25498576085043095
0.7166379626270397,1.6573715158197753,0.9354508062990995,0.25498576085043095
0.7166379626270397,1.6573715158197753,0.9015025782223819,0.25498576085043095
0.7166379626270397,1.6241932654387254,0.8960130413246845,0.25498576085043095
0.7166379626270397,1.6241932654387254,0.9285478969468712,0.25498576085043095
0.7166379626270397,1.6241932654387254,0.8303454552577164,0.25498576085043095
0.7166379626270397,1.6241932654387254,0.9980462292181927,0.25498576085043095
0.7166379626270397,1.6241932654387254,0.883896585526015,0.25498576085043095
0.7166379626270397,1.6241932654387254,0.9109417362449413,0.25498576085043095
0.7166379626270397,1.6241932654387254,0.9808737619342697,0.25498576085043095
0.7166379626270397,1.665696910170566,0.873078625411741,0.25498576085043095
0.7166379626270397,1.665696910170566,0.8158732292782944,0.25498576085043095
0.7166379626270397,1.665696910170566,0.8281214540559804,0.25498576085043095
0.7166379626270397,1.665696910170566,0.8591801776337531,0.25498576085043095
0.7166379626270397,1.665696910170566,0.8326834359722798,0.25498576085043095
0.7166379626270397,1.665696910170566,0.8417243613779194,0.25498576085043095
0.7166379626270397,1.665696910170566,0.806989108153175,0.25498576085043095
0.7166379626270397,1.665696910170566,0.8293151788793476,0.2771898089861355
0.7166379626270397,1.665696910170566,0.8493035257152949,0.2771898089861355
0.7166379626270397,1.665696910170566,0.9545215812567976,0.2771898089861355
0.7166379626270397,1.665696910170566,0.9941472896639669,0.2771898089861355
0.7166379626270397,1.665696910170566,0.9398465155006056,0.2771898089861355
0.7166379626270397,1.665696910170566,0.9992427882847559,0.2771898089861355
0.7166379626270397,1.665696910170566,0.9141487725270255,0.2771898089861355
0.7166379626270397,1.665696910170566,0.8626586768129981,0.2771898089861355
0.7166379626270397,1.665696910170566,0.8462278692016756,0.2771898089861355
0.7166379626270397,1.665696910170566,0.8559453851222492,0.2771898089861355
0.7166379626270397,1.6638637130970337,0.9384357600045868,0.2771898089861355
0.7166379626270397,1.6638637130970337,0.8780130542066782,0.2771898089861355
0.7166379626270397,1.6638637130970337,0.8263544295163918,0.2771898089861355
0.7166379626270397,1.6638637130970337,0.8807196184691075,0.2771898089861355
0.7166379626270397,1.6638637130970337,0.7832452279275782,0.2771898089861355
0.7166379626270397,1.6638637130970337,0.8129498610259235,0.2771898089861355
0.7166379626270397,1.6638637130970337,0.8884894428481339,0.2771898089861355
0.7166379626270397,1.6638637130970337,0.8978167806727814,0.2771898089861355
0.7166379626270397,1.6638637130970337,0.978680718287674,0.2771898089861355
0.7166379626270397,1.6638637130970337,0.8349862577243825,0.2771898089861355
0.7166379626270397,1.6638637130970337,0.8475161578899124,0.2771898089861355
0.7166379626270397,1.6638637130970337,0.8594048472710878,0.2771898089861355
0.7166379626270397,1.6638637130970337,0.8646175451072085,0.2771898089861355
0.7166379626270397,1.6638637130970337,0.9085134356252402,0.2771898089861355
0.7166379626270397,1.6638637130970337,0.8660864455719848,0.2771898089861355
0.7166379626270397,1.6638637130970337,0.9004645966337972,0.2771898089861355
0.7166379626270397,1.6638637130970337,0.9043247184465938,0.2771898089861355
0.7166379626270397,1.6638637130970337,0.889760209173595,0.2771898089861355
0.7166379626270397,1.6638637130970337,0.8912054308557377,0.2771898089861355
0.7166379626270397,1.6638637130970337,0.9017935614754076,0.2771898089861355
0.7166379626270397,1.6638637130970337,0.9204634049552065,0.2771898089861355
0.7166379626270397,1.6638637130970337,0.896113552540043,0.2771898089861355
0.7166379626270397,1.6638637130970337,0.8975460662349399,0.2771898089861355
0.7166379626270397,1.6638637130970337,0.9226121788009981,0.30606262703955084
0.7166379626270397,1.6638637130970337,0.8927536010619763,0.30606262703955084
0.7166379626270397,1.6638637130970337,0.9592705735075079,0.30606262703955084
0.7166379626270397,1.6638637130970337,0.9011851938403733,0.30606262703955084
0.7166379626270397,1.6638637130970337,0.9505310210478343,0.30606262703955084
0.7166379626270397,1.6638637130970337,1.0010217863031392,0.30606262703955084
0.7166379626270397,1.6638637130970337,0.923397906632153,0.30606262703955084
0.7166379626270397,1.6638637130970337,0.9378409614752957,0.2849311376993864
0.7166379626270397,1.6638637130970337,0.8618391462565169,0.2849311376993864
0.7166379626270397,1.6638637130970337,0.8514800498146036,0.28557642283207435
0.7166379626270397,1.6534002693580543,0.9164875039718576,0.28557642283207435
0.7166379626270397,1.6534002693580543,0.8716748696386319,0.28557642283207435
0.7166379626270397,1.6534002693580543,0.8944328244896372,0.28557642283207435
0.7166379626270397,1.6033382907654363,0.9464965390452059,0.28557642283207435
0.7166379626270397,1.5850618830486969,0.9923635698463709,0.28557642283207435
0.7166379626270397,1.5850618830486969,1.0460620093963262,0.28557642283207435
0.7166379626270397,1.5850618830486969,0.9619739763720945,0.28557642283207435
0.7166379626270397,1.5850618830486969,0.9685951116039703,0.28557642283207435
0.7166379626270397,1.5850618830486969,0.9606149083745952,0.28557642283207435
0.7166379626270397,1.5850618830486969,1.038855020564852,0.28557642283207435
0.7166379626270397,1.5850618830486969,1.143788934924278,0.28557642283207435
0.7166379626270397,1.5850618830486969,1.0053937465160592,0.28557642283207435
0.7166379626270397,1.5850618830486969,1.158063789374763,0.28557642283207435
0.7166379626270397,1.5850618830486969,0.9846620366911129,0.28557642283207435
0.7166379626270397,1.5850618830486969,0.9687104545644825,0.28557642283207435
0.7166379626270397,1.5850618830486969,1.014433872063236,0.28557642283207435
0.7166379626270397,1.5850618830486969,1.010942174874458,0.28557642283207435
0.7166379626270397,1.5850618830486969,1.0063172668426106,0.28557642283207435
0.7166379626270397,1.5850618830486969,1.058547194108861,0.28557642283207435
0.7166379626270397,1.5850618830486969,1.0375245947737908,0.28557642283207435
0.7166379626270397,1.5850618830486969,1.021086894305133,0.28557642283207435
0.7166379626270397,1.5850618830486969,1.0052065230213667,0.28557642283207435
0.7166379626270397,1.6228823345013594,0.9897631164708578,0.28557642283207435
0.7166379626270397,1.6228823345013594,1.0530666176340402,0.28557642283207435
0.7166379626270397,1.6228823345013594,0.9872518220032123,0.28557642283207435
0.7166379626270397,1.6228823345013594,0.9929670066385816,0.28557642283207435
0.7166379626270397,1.6228823345013594,0.8820620764363216,0.28557642283207435
0.7166379626270397,1.6228823345013594,0.9367589118654606,0.2657268543228941
0.7166379626270397,1.6228823345013594,0.9740279852323668,0.2657268543228941
0.7166379626270397,1.6228823345013594,0.8572551871458585,0.2657268543228941
0.7166379626270397,1.6082689646579393,0.9202160586841367,0.2657268543228941
0.7166379626270397,1.6082689646579393,0.9894611326220887,0.2657268543228941
0.7166379626270397,1.6082689646579393,0.9404240306847804,0.2657268543228941
0.7166379626270397,1.6082689646579393,0.9374376566118549,0.2657268543228941
0.7166379626270397,1.6082689646579393,1.0481730664402753,0.2657268543228941
0.7166379626270397,1.6082689646579393,0.9812433006539547,0.2657268543228941
0.7166379626270397,1.6082689646579393,1.031916306179442,0.2657268543228941
0.7166379626270397,1.6082689646579393,0.9293361814840218,0.2657268543228941
0.7166379626270397,1.6082689646579393,1.0441985208447422,0.2497282308606532
0.7166379626270397,1.6082689646579393,0.9336982095978854,0.2497282308606532
0.7166379626270397,1.6082689646579393,0.9439631247157636,0.2497282308606532
0.7166379626270397,1.6082689646579393,0.9220274258091679,0.2497282308606532
0.7166379626270397,1.6082689646579393,0.9614157296271941,0.2497282308606532
0.7166379626270397,1.6082689646579393,0.886597426910831,0.2497282308606532
0.7166379626270397,1.6082689646579393,0.9327037478268491,0.2497282308606532
0.7166379626270397,1.6082689646579393,0.9565722502612772,0.2497282308606532
0.7166379626270397,1.6082689646579393,0.8898596841818757,0.2497282308606532
0.7166379626270397,1.6082689646579393,0.9210380717226822,0.2497282308606532
0.7166379626270397,1.6082689646579393,0.8973689018694064,0.2497282308606532
0.7166379626270397,1.6082689646579393,0.8795560713720036,0.2497282308606532
0.7166379626270397,1.6082689646579393,0.9257535492200095,0.2497282308606532
0.7166379626270397,1.6082689646579393,0.9322675100451402,0.2497282308606532
0.7166379626270397,1.6082689646579393,0.8844426196453647,0.2497282308606532
0.7166379626270397,1.6082689646579393,0.9445543355964197,0.2497282308606532
0.7166379626270397,1.6082689646579393,1.0005346743825665,0.2497282308606532
0.7166379626270397,1.6082689646579393,0.8736288378245542,0.2497282308606532
0.7166379626270397,1.6082689646579393,0.9506662109974116,0.2497282308606532
0.7166379626270397,1.6082689646579393,0.9993353817856903,0.2497282308606532
0.7166379626270397,1.6082689646579393,0.975136146454139,0.2497282308606532
0.7166379626270397,1.6082689646579393,0.9935299657186224,0.2497282308606532
0.7166379626270397,1.6082689646579393,0.8663761094292742,0.2497282308606532
0.7166379626270397,1.6082689646579393,0.9435050618969959,0.2497282308606532
0.7166379626270397,1.6082689646579393,0.9222564113967435,0.2497282308606532
0.7166379626270397,1.6082689646579393,0.9941849117230114,0.2497282308606532
0.7166379626270397,1.6082689646579393,0.9214241846244781,0.2497282308606532
0.7166379626270397,1.5511320186204942,1.0286911349337633,0.2497282308606532
0.7166379626270397,1.5511320186204942,1.1505175214222412,0.2497282308606532
0.7166379626270397,1.5511320186204942,1.1551113869710352,0.2497282308606532
0.7166379626270397,1.5511320186204942,1.0148320280349095,0.2497282308606532
0.7166379626270397,1.5511320186204942,0.9892641433442049,0.2497282308606532
0.7166379626270397,1.554309829262962,1.127666971849833,0.24186427188635534
0.7166379626270397,1.554309829262962,1.0475283838448495,0.24186427188635534
0.7166379626270397,1.554309829262962,1.1001975952330252,0.24186427188635534
0.7166379626270397,1.554309829262962,1.0500766940378563,0.24186427188635534
0.7166379626270397,1.554309829262962,1.0400605694007763,0.24186427188635534
0.7166379626270397,1.554309829262962,1.0725183321817493,0.24186427188635534
0.7166379626270397,1.554309829262962,1.0933772627415506,0.24186427188635534
0.7166379626270397,1.554309829262962,0.9820315173250347,0.24186427188635534
0.7166379626270397,1.554309829262962,1.0276806207322715,0.24186427188635534
0.7166379626270397,1.554309829262962,0.9455186309016729,0.24186427188635534
0.7166379626270397,1.554309829262962,1.0784605868126096,0.24186427188635534
0.7166379626270397,1.554309829262962,0.9419365964839685,0.24186427188635534
0.7166379626270397,1.554309829262962,1.0967362217059713,0.24186427188635534
0.7166379626270397,1.554309829262962,1.1036138104232782,0.24186427188635534
0.7166379626270397,1.554309829262962,1.0635477618028837,0.24186427188635534
0.7166379626270397,1.554309829262962,0.966808338250518,0.24186427188635534
0.7166379626270397,1.554309829262962,1.114718027274755,0.24186427188635534
0.7166379626270397,1.554309829262962,1.068274024307418,0.24186427188635534
0.7166379626270397,1.554309829262962,1.1000291207988373,0.24186427188635534
0.7166379626270397,1.554309829262962,0.9912539365489348,0.24186427188635534
0.7166379626270397,1.554309829262962,1.0372866259439701,0.24186427188635534
0.7166379626270397,1.554309829262962,1.1008461611835973,0.24186427188635534
0.7166379626270397,1.554309829262962,1.037802599266351,0.24186427188635534
0.7166379626270397,1.554309829262962,0.9858535376361037,0.24186427188635534
0.7166379626270397,1.554309829262962,1.096459424886353,0.24186427188635534
0.7166379626270397,1.554309829262962,0.9644386227318366,0.24186427188635534
0.7166379626270397,1.554309829262962,1.1887090263566655,0.24186427188635534
0.7166379626270397,1.554309829262962,1.1232093517814419,0.25283841679016156
0.7166379626270397,1.554309829262962,1.0877487769930656,0.25283841679016156
0.7166379626270397,1.554309829262962,1.0795259133732873,0.25283841679016156
0.7166379626270397,1.554309829262962,1.0991766267223684,0.25283841679016156
0.7166379626270397,1.554309829262962,1.1378738459239535,0.25283841679016156
0.7166379626270397,1.554309829262962,1.0533611893030441,0.25283841679016156
0.7166379626270397,1.554309829262962,1.061804982419249,0.25283841679016156
0.7166379626270397,1.554309829262962,1.0505633591010415,0.25283841679016156
0.7166379626270397,1.554309829262962,1.0189457856004591,0.25283841679016156
0.7166379626270397,1.554309829262962,1.0002545364076685,0.25283841679016156
0.7166379626270397,1.554309829262962,1.094096065131235,0.25283841679016156
0.7166379626270397,1.554309829262962,1.1233703872919305,0.25283841679016156
0.7166379626270397,1.554309829262962,1.1812003034015819,0.25283841679016156
0.7166379626270397,1.554309829262962,1.0722100691244092,0.25283841679016156
0.7166379626270397,1.554309829262962,0.9999631780065592,0.25283841679016156
0.7166379626270397,1.554309829262962,1.0347642720850032,0.25283841679016156
0.7166379626270397,1.554309829262962,1.0237139745879995,0.25283841679016156
0.7166379626270397,1.554309829262962,1.0368839766326325,0.25283841679016156
0.7166379626270397,1.554309829262962,0.9946274982411215,0.25283841679016156
0.7166379626270397,1.554309829262962,1.0393396834282662,0.25283841679016156
0.7166379626270397,1.554309829262962,1.1404519537341307,0.25283841679016156
0.7166379626270397,1.554309829262962,0.986314317530326,0.25283841679016156
0.7166379626270397,1.554309829262962,1.0764447005405022,0.25283841679016156
0.7166379626270397,1.554309829262962,1.0683055489128717,0.25283841679016156
0.7166379626270397,1.554309829262962,1.0849674134693117,0.25283841679016156
0.7166379626270397,1.554309829262962,0.9899269440858119,0.25283841679016156
0.7166379626270397,1.554309829262962,1.0603906313214637,0.25283841679016156
0.7166379626270397,1.554309829262962,1.0271424609099054,0.25283841679016156
0.7166379626270397,1.554309829262962,1.0478934958144122,0.25283841679016156
0.7166379626270397,1.554309829262962,0.9393874451266826,0.25283841679016156
0.7166379626270397,1.554309829262962,1.0593258537904844,0.2540421834163816
0.7166379626270397,1.554309829262962,1.088437546843831,0.2540421834163816
0.7166379626270397,1.554309829262962,1.0893163917168314,0.2540421834163816
0.7166379626270397,1.554309829262962,0.9773382319773738,0.2540421834163816
0.7166379626270397,1.554309829262962,1.1654625554001974,0.2540421834163816
0.7544636647922529,1.554309829262962,1.0743873208064048,0.2540421834163816
0.7544636647922529,1.554309829262962,0.9746078668762519,0.2540421834163816
0.7544636647922529,1.554309829262962,0.9956147841884585,0.2540421834163816
0.7544636647922529,1.554309829262962,0.9739272053597682,0.2540421834163816
0.7544636647922529,1.554309829262962,0.9864561147449198,0.2540421834163816
0.7544636647922529,1.554309829262962,1.0084520232187657,0.2540421834163816
0.7544636647922529,1.554309829262962,0.99905918094094,0.2540421834163816
0.7544636647922529,1.554309829262962,0.9571290842996029,0.2540421834163816
0.7544636647922529,1.554309829262962,0.9249802761279918,0.2540421834163816
0.7544636647922529,1.554309829262962,1.0550395999206852,0.2540421834163816
0.7544636647922529,1.554309829262962,0.9667079195173605,0.2540421834163816
0.7544636647922529,1.554309829262962,1.0090479561318946,0.2540421834163816
0.7544636647922529,1.554309829262962,1.0097002196096572,0.2540421834163816
0.7544636647922529,1.554309829262962,0.987440517428654,0.2540421834163816
0.7544636647922529,1.554309829262962,0.9728124686720618,0.2540421834163816
0.7544636647922529,1.554309829262962,1.0298670913164087,0.2540421834163816
0.7544636647922529,1.571134398769733,1.0324534518458741,0.2502945774174181
0.7544636647922529,1.571134398769733,1.0116602137171289,0.2502945774174181
0.7544636647922529,1.571134398769733,0.9022966849919306,0.2502945774174181
0.7544636647922529,1.571134398769733,1.0285304127251254,0.2502945774174181
0.7544636647922529,1.571134398769733,0.9433967814603761,0.23091068834935416
0.7849502815089395,1.571134398769733,0.9256987205260329,0.23091068834935416
0.7849502815089395,1.571134398769733,0.8633196940527018,0.23091068834935416
0.7849502815089395,1.571134398769733,0.9531085984763783,0.23091068834935416
0.7849502815089395,1.571134398769733,0.906870235198071,0.23091068834935416
0.7849502815089395,1.571134398769733,0.9301307303656047,0.23091068834935416
0.7849502815089395,1.571134398769733,0.973875887015485,0.23091068834935416
0.7849502815089395,1.571134398769733,0.9601981771788443,0.23091068834935416
0.7849502815089395,1.571134398769733,0.8350688787062401,0.23091068834935416
0.7849502815089395,1.571134398769733,0.8801191421538228,0.23091068834935416
0.7849502815089395,1.571134398769733,0.8710738868953183,0.23091068834935416
0.7849502815089395,1.571134398769733,0.8589633406848912,0.23091068834935416
0.7849502815089395,1.571134398769733,0.9151538438069953,0.23091068834935416
0.8159724292965566,1.571134398769733,0.901072178750062,0.23091068834935416
0.8159724292965566,1.571134398769733,0.9115977653154135,0.23091068834935416
0.8159724292965566,1.507613496044982,0.9155279493900194,0.23091068834935416
0.8159724292965566,1.507613496044982,0.9493509889464198,0.23091068834935416
0.8159724292965566,1.507613496044982,0.9352005094827978,0.23091068834935416
0.8159724292965566,1.507613496044982,0.9571962962141323,0.23091068834935416
0.8159724292965566,1.507613496044982,0.9364763683547895,0.23091068834935416
0.8159724292965566,1.507613496044982,0.9400064577325098,0.23091068834935416
0.8159724292965566,1.4582435468315125,1.009295584312409,0.23091068834935416
0.8159724292965566,1.4582435468315125,1.0580186194766534,0.23091068834935416
0.8159724292965566,1.4582435468315125,1.1012556096954311,0.23091068834935416
0.8159724292965566,1.4582435468315125,1.0850417923784774,0.23091068834935416
0.8159724292965566,1.4582435468315125,1.0286850028149401,0.23091068834935416
0.8159724292965566,1.4582435468315125,1.1122874130469387,0.23091068834935416
0.8159724292965566,1.4582435468315125,0.9671938248349861,0.23091068834935416
0.8159724292965566,1.4582435468315125,1.1411371284835314,0.23091068834935416
0.8159724292965566,1.4582435468315125,1.0316753218345207,0.23091068834935416
0.8159724292965566,1.4582435468315125,1.0453016594859745,0.23091068834935416
0.8159724292965566,1.4582435468315125,1.0068900716102054,0.23091068834935416
0.8159724292965566,1.4582435468315125,1.0938707832232066,0.23091068834935416
0.8159724292965566,1.4582435468315125,1.1438885095098328,0.23091068834935416
0.8159724292965566,1.4582435468315125,1.1005820080039466,0.23091068834935416
0.8159724292965566,1.4582435468315125,1.0750996285721885,0.23091068834935416
0.8159724292965566,1.4582435468315125,1.0741784296111623,0.23091068834935416
0.8159724292965566,1.4582435468315125,1.0955850281393495,0.23091068834935416
0.8159724292965566,1.4582435468315125,1.128396211424289,0.18152425332477876
0.8159724292965566,1.4582435468315125,0.988280777371169,0.18152425332477876
0.8159724292965566,1.4582435468315125,1.0287530268365475,0.18152425332477876
0.8159724292965566,1.4582435468315125,1.0221166307553649,0.18152425332477876
0.8159724292965566,1.4582435468315125,1.0240325139107567,0.18152425332477876
0.8159724292965566,1.4582435468315125,1.0614250283429745,0.18152425332477876
0.8159724292965566,1.4582435468315125,0.9473985608602861,0.18152425332477876
0.8159724292965566,1.4582435468315125,1.0440143694393378,0.18152425332477876
0.8159724292965566,1.4582435468315125,1.0358375745479882,0.18152425332477876
0.8159724292965566,1.4582435468315125,1.0427773324391498,0.18152425332477876
0.8159724292965566,1.4582435468315125,1.0810731705157013,0.18152425332477876
0.8159724292965566,1.4582435468315125,1.0674143139557908,0.18152425332477876
0.8159724292965566,1.4582435468315125,0.9909929740580438,0.18152425332477876
0.8159724292965566,1.4582435468315125,0.9711102279888307,0.18152425332477876
0.8159724292965566,1.4582435468315125,1.0688846431969683,0.18152425332477876
0.8159724292965566,1.4582435468315125,1.044712271030782,0.18152425332477876
0.8159724292965566,1.4582435468315125,0.9833294661837997,0.18152425332477876
0.8159724292965566,1.4582435468315125,1.0754223225334887,0.18152425332477876
0.8159724292965566,1.4582435468315125,1.1183050092180007,0.18152425332477876
0.8159724292965566,1.4582435468315125,1.050063462547991,0.18152425332477876
0.8159724292965566,1.4582435468315125,0.9542578933362931,0.18152425332477876
0.8159724292965566,1.4582435468315125,1.077457061479547,0.18152425332477876
0.8159724292965566,1.4582435468315125,0.8983259934393889,0.18152425332477876
0.8159724292965566,1.4582435468315125,1.02746412198197,0.18152425332477876
0.8159724292965566,1.4582435468315125,0.9768376097318162,0.18152425332477876
0.8159724292965566,1.4582435468315125,1.0131850722960192,0.18152425332477876
0.8159724292965566,1.4582435468315125,1.0644337100340227,0.18152425332477876
0.8159724292965566,1.4582435468315125,1.0403702255927851,0.2200151767499502
0.8159724292965566,1.4582435468315125,1.0114350537739778,0.2200151767499502
0.8159724292965566,1.4582435468315125,1.211738373981866,0.2200151767499502
0.8159724292965566,1.4582435468315125,1.1196351111971987,0.2200151767499502
0.8159724292965566,1.4582435468315125,0.9957768456605498,0.2200151767499502
0.8159724292965566,1.4582435468315125,1.0767487177510082,0.2200151767499502
0.8159724292965566,1.4582435468315125,1.0193034736554885,0.2200151767499502
0.8159724292965566,1.4833177716579447,1.0093836973037782,0.2200151767499502
0.8159724292965566,1.4833177716579447,1.0131584821110973,0.2200151767499502
0.8159724292965566,1.4833177716579447,0.9319031278509049,0.2200151767499502
0.8159724292965566,1.4833177716579447,0.9216046273215769,0.2200151767499502
0.8159724292965566,1.4833177716579447,1.0402657039542522,0.2200151767499502
0.8159724292965566,1.4833177716579447,1.0216921805627381,0.2200151767499502
0.8159724292965566,1.4833177716579447,0.9657262682106826,0.2200151767499502
0.8159724292965566,1.4833177716579447,1.0208135592478846,0.2200151767499502
0.8159724292965566,1.4833177716579447,0.9704641752308067,0.2200151767499502
0.8159724292965566,1.606403129662983,0.8864140793705689,0.2200151767499502
0.8159724292965566,1.606403129662983,0.8583705979387666,0.2200151767499502
0.8159724292965566,1.606403129662983,0.8259199955276452,0.2200151767499502
0.8159724292965566,1.606403129662983,0.8425609685068616,0.2200151767499502
0.8159724292965566,1.606403129662983,0.9320620797882297,0.2200151767499502
0.8159724292965566,1.606403129662983,0.8221250866864432,0.2200151767499502
0.8159724292965566,1.606403129662983,0.7702943249930516,0.2200151767499502
0.8159724292965566,1.606403129662983,0.8652341943302253,0.2200151767499502
0.8159724292965566,1.606403129662983,0.8359870263060529,0.2200151767499502
0.8159724292965566,1.606403129662983,0.7852340301466005,0.2933085208588891
0.8159724292965566,1.606403129662983,0.8795504810556664,0.2933085208588891
0.8159724292965566,1.606403129662983,0.8710599950598723,0.2933085208588891
0.8159724292965566,1.606403129662983,0.9275791737988306,0.2933085208588891
0.8159724292965566,1.606403129662983,0.8483209607140151,0.2933085208588891
0.8159724292965566,1.633721777972783,0.8331794558032182,0.2933085208588891
0.788623088092208,1.633721777972783,0.8699611259063853,0.2933085208588891
0.774072358203938,1.633721777972783,0.7878862424013842,0.2933085208588891
0.774072358203938,1.633721777972783,0.8850253419546552,0.2933085208588891
0.774072358203938,1.633721777972783,0.8607419582886175,0.2933085208588891
0.774072358203938,1.633721777972783,0.8487602738130698,0.2933085208588891
0.774072358203938,1.633721777972783,0.8881983501487666,0.2933085208588891
0.774072358203938,1.633721777972783,0.9397928991887039,0.2933085208588891
0.774072358203938,1.633721777972783,0.9065126964754111,0.2933085208588891
0.774072358203938,1.633721777972783,0.9390970078799725,0.2933085208588891
0.7092695109767535,1.633721777972783,0.9192018805898089,0.2933085208588891
0.7092695109767535,1.633721777972783,0.936998052040965,0.2933085208588891
0.7092695109767535,1.633721777972783,0.9392199291524551,0.2933085208588891
0.7092695109767535,1.633721777972783,0.9355435816665291,0.2933085208588891
0.7092695109767535,1.633721777972783,1.0018117267129527,0.2933085208588891
0.7092695109767535,1.633721777972783,0.9716132650289238,0.2933085208588891
0.7092695109767535,1.633721777972783,1.0344908093499159,0.2933085208588891
0.7092695109767535,1.6542769059967533,0.9391962840476716,0.2933085208588891
0.7092695109767535,1.6542769059967533,0.8956662167733955,0.2933085208588891
0.7092695109767535,1.6542769059967533,0.9386973688441976,0.2933085208588891
0.7092695109767535,1.6542769059967533,0.9485920276939613,0.2933085208588891
0.7092695109767535,1.6542769059967533,0.9478698372001494,0.2933085208588891
0.7957949757642925,1.6542769059967533,0.7956095434350664,0.3024144419174652
0.7957949757642925,1.6542769059967533,0.8633248764800938,0.3024144419174652
0.7957949757642925,1.6542769059967533,0.8077714904732537,0.3024144419174652
0.7957949757642925,1.6542769059967533,0.7455824706184624,0.3024144419174652
0.7957949757642925,1.6542769059967533,0.8349743641404019,0.3024144419174652
0.7957949757642925,1.6542769059967533,0.8315481622856267,0.3024144419174652
0.7957949757642925,1.6542769059967533,0.8638009610126115,0.3024144419174652
0.7957949757642925,1.6542769059967533,0.819522733099458,0.3024144419174652
0.7957949757642925,1.6542769059967533,0.8196607629829793,0.3024144419174652
0.7957949757642925,1.6542769059967533,0.8164931296914374,0.3024144419174652
0.7957949757642925,1.6542769059967533,0.8103556185744176,0.3024144419174652
0.7957949757642925,1.6542769059967533,0.8035033635064315,0.3024144419174652
0.7957949757642925,1.6542769059967533,0.8622577407111445,0.3527867646417307
0.7957949757642925,1.6542769059967533,0.8531970559996864,0.3527867646417307
0.7957949757642925,1.6542769059967533,0.8439234855522808,0.3527867646417307
0.7957949757642925,1.6542769059967533,0.8533379317762925,0.3527867646417307
0.7957949757642925,1.6542769059967533,0.9024407782613716,0.3527867646417307
0.7957949757642925,1.6542769059967533,0.8609803877280777,0.3527867646417307
0.7957949757642925,1.6542769059967533,0.8790269593576017,0.3527867646417307
0.7957949757642925,1.6542769059967533,0.8402521317424079,0.23335662595758677
0.7957949757642925,1.6542769059967533,0.7962163395506529,0.24724731223289328
0.7957949757642925,1.6542769059967533,0.7562584594018676,0.24724731223289328
0.7957949757642925,1.6542769059967533,0.7682003637057765,0.24724731223289328
0.7957949757642925,1.6542769059967533,0.8101467558122717,0.24724731223289328
0.7957949757642925,1.6542769059967533,0.8005498841961757,0.24724731223289328
0.7957949757642925,1.6542769059967533,0.7612386978501634,0.24724731223289328
0.7957949757642925,1.6542769059967533,0.7923393772138186,0.2587742095861914
0.7957949757642925,1.6542769059967533,0.7799149818926333,0.2587742095861914
0.7957949757642925,1.6542769059967533,0.8507254778243487,0.2587742095861914
0.7957949757642925,1.6542769059967533,0.802851735378472,0.2587742095861914
0.7957949757642925,1.6542769059967533,0.853972177142678,0.2587742095861914
0.7957949757642925,1.6542769059967533,0.8220050371554537,0.2587742095861914
0.7957949757642925,1.6542769059967533,0.762597318016842,0.2587742095861914
0.7957949757642925,1.6542769059967533,0.8115406068903974,0.24879509511127457
0.7957949757642925,1.6542769059967533,0.8033952375895782,0.24879509511127457
0.7957949757642925,1.6542769059967533,0.7704512723339602,0.24879509511127457
0.7957949757642925,1.6542769059967533,0.7875412514786088,0.24879509511127457
0.7957949757642925,1.6542769059967533,0.7693101305940875,0.24879509511127457
0.7957949757642925,1.6542769059967533,0.788083351614796,0.24879509511127457
0.7957949757642925,1.6542769059967533,0.8518783518732918,0.24879509511127457
0.854498070699304,1.6542769059967533,0.7182243124179899,0.24879509511127457
0.854498070699304,1.6671817735683665,0.7070975034680382,0.24879509511127457
0.854498070699304,1.6671817735683665,0.6768198646752867,0.24879509511127457
0.854498070699304,1.6671817735683665,0.7038793315713401,0.24879509511127457
0.854498070699304,1.6671817735683665,0.7342017117067386,0.24879509511127457
0.854498070699304,1.6671817735683665,0.7416847390751508,0.24879509511127457
0.854498070699304,1.608229247722521,0.7306262562664743,0.24879509511127457
0.854498070699304,1.608229247722521,0.7614579591176326,0.24879509511127457
0.854498070699304,1.608229247722521,0.7595233220060162,0.24879509511127457
0.854498070699304,1.608229247722521,0.7602883751551454,0.24879509511127457
0.854498070699304,1.608229247722521,0.8149398419182591,0.24879509511127457
0.854498070699304,1.608229247722521,0.8325284082269586,0.24879509511127457
0.854498070699304,1.608229247722521,0.8121696071811623,0.24879509511127457
0.854498070699304,1.608229247722521,0.7771834570169988,0.24879509511127457
0.854498070699304,1.608229247722521,0.8155041256312843,0.24879509511127457
0.854498070699304,1.608229247722521,0.7911112491844332,0.24879509511127457
0.854498070699304,1.608229247722521,0.7544383504828113,0.24879509511127457
0.854498070699304,1.608229247722521,0.84428822428674,0.24879509511127457
0.854498070699304,1.608229247722521,0.8265825379388989,0.24879509511127457
0.854498070699304,1.608229247722521,0.8722087317172179,0.24879509511127457
0.854498070699304,1.608229247722521,0.7712405230810588,0.24879509511127457
0.854498070699304,1.608229247722521,0.7530916248207276,0.24879509511127457
0.854498070699304,1.608229247722521,0.8114347683083949,0.24879509511127457
0.854498070699304,1.608229247722521,0.7576918433457591,0.24879509511127457
0.854498070699304,1.608229247722521,0.8173355423687512,0.24879509511127457
0.854498070699304,1.608229247722521,0.8416202533724939,0.24879509511127457
0.854498070699304,1.608229247722521,0.7858154527949498,0.24879509511127457
0.854498070699304,1.608229247722521,0.82246645570064,0.24879509511127457
0.854498070699304,1.608229247722521,0.7839647922441445,0.24879509511127457
0.854498070699304,1.608229247722521,0.7992706669825522,0.24879509511127457
0.854498070699304,1.608229247722521,0.7932588799677237,0.24879509511127457
0.854498070699304,1.608229247722521,0.7958402240049953,0.24879509511127457
0.854498070699304,1.608229247722521,0.8611032726330609,0.24879509511127457
0.854498070699304,1.608229247722521,0.8032378560584671,0.24879509511127457
0.854498070699304,1.608229247722521,0.8702213278703578,0.24879509511127457
0.854498070699304,1.608229247722521,0.7891931560791191,0.24879509511127457
0.854498070699304,1.608229247722521,0.7715370570608431,0.24879509511127457
0.854498070699304,1.608229247722521,0.821853639987039,0.24879509511127457
0.854498070699304,1.6470982457512304,0.76362398208166,0.24879509511127457
0.854498070699304,1.6470982457512304,0.8303914971457722,0.24879509511127457
0.854498070699304,1.6470982457512304,0.6499563519365991,0.24879509511127457
0.854498070699304,1.6470982457512304,0.751938777195351,0.24879509511127457
0.854498070699304,1.6470982457512304,0.7255786462861882,0.24879509511127457
0.854498070699304,1.5333009163280429,0.8060112287698011,0.24879509511127457
0.854498070699304,1.5333009163280429,0.8506626041035235,0.24879509511127457
0.854498070699304,1.5333009163280429,0.9446943922699294,0.22208172209326177
0.854498070699304,1.5333009163280429,0.9393319281680326,0.22208172209326177
0.854498070699304,1.5333009163280429,0.9327020613305188,0.22208172209326177
0.854498070699304,1.5333009163280429,0.8832056144081339,0.2210562748319133
0.854498070699304,1.5333009163280429,0.8557797955724546,0.1889368508829243
0.854498070699304,1.5333009163280429,0.8789466273971748,0.1889368508829243
0.854498070699304,1.5333009163280429,0.8770551574887757,0.1889368508829243
0.854498070699304,1.5333009163280429,0.9340988743577642,0.1889368508829243
0.854498070699304,1.5333009163280429,0.8701958694514532,0.1889368508829243
0.854498070699304,1.5333009163280429,0.8964427606291748,0.1889368508829243
0.854498070699304,1.5333009163280429,0.8748195208190827,0.1889368508829243
0.854498070699304,1.5333009163280429,0.8523570135820842,0.1889368508829243
0.854498070699304,1.5333009163280429,0.8518751947737697,0.1889368508829243
0.854498070699304,1.5333009163280429,0.8328254022612824,0.1889368508829243
0.854498070699304,1.5333009163280429,0.8295092259015737,0.1889368508829243
0.854498070699304,1.5333009163280429,0.880080341540268,0.1889368508829243
0.854498070699304,1.5333009163280429,0.833996575359259,0.21848889381944683
0.854498070699304,1.5333009163280429,0.9211711134448829,0.21848889381944683
0.854498070699304,1.5333009163280429,0.8354696970859027,0.21848889381944683
0.7950485546391588,1.5333009163280429,0.8739174522200903,0.21848889381944683
0.7950485546391588,1.5333009163280429,1.038951833571893,0.21848889381944683
0.7950485546391588,1.5333009163280429,0.9799999977261323,0.21848889381944683
0.7863702735683971,1.5333009163280429,0.9679737415286507,0.21848889381944683
0.7863702735683971,1.5333009163280429,1.053592367531793,0.21848889381944683
0.7863702735683971,1.5333009163280429,0.8597627136893502,0.21848889381944683
0.7863702735683971,1.5333009163280429,1.0279022924546226,0.21848889381944683
0.7863702735683971,1.5333009163280429,0.94486305551413,0.21848889381944683
0.7863702735683971,1.5333009163280429,0.8469397712227623,0.21848889381944683
0.7863702735683971,1.5333009163280429,0.9588929268905573,0.21848889381944683
0.7863702735683971,1.5333009163280429,0.922122512974944,0.21848889381944683
0.7863702735683971,1.5333009163280429,1.0059151060952702,0.21848889381944683
0.7863702735683971,1.5333009163280429,0.9513027766197028,0.21848889381944683
0.7863702735683971,1.5333009163280429,0.9724318834969673,0.21848889381944683
0.7863702735683971,1.5333009163280429,1.0653924705958884,0.21848889381944683
0.7863702735683971,1.5333009163280429,0.9167256123286859,0.21848889381944683
0.7863702735683971,1.5333009163280429,0.9745661625184455,0.21848889381944683
0.7863702735683971,1.5333009163280429,0.9222369728405877,0.21848889381944683
0.7863702735683971,1.5333009163280429,1.0150718904507383,0.21848889381944683
0.7863702735683971,1.5333009163280429,0.9227238906971788,0.21848889381944683
0.7863702735683971,1.5333009163280429,0.9980524664891149,0.21848889381944683
0.7863702735683971,1.5333009163280429,0.9319273694534049,0.21848889381944683
0.7863702735683971,1.5333009163280429,1.0056832440590646,0.17885264982976568
0.7863702735683971,1.5333009163280429,0.9615885645532918,0.17885264982976568
0.7863702735683971,1.5333009163280429,0.9861464958896786,0.17885264982976568
0.7863702735683971,1.5333009163280429,0.9179688420411403,0.17885264982976568
0.7863702735683971,1.5333009163280429,0.9549453617714355,0.17885264982976568
0.7863702735683971,1.5333009163280429,0.8395329618077745,0.17885264982976568
0.7863702735683971,1.5333009163280429,0.9458707942545611,0.17885264982976568
0.7863702735683971,1.5333009163280429,0.8994592186690004,0.17885264982976568
0.7863702735683971,1.5333009163280429,0.9391293600907014,0.17885264982976568
0.7863702735683971,1.5333009163280429,0.9417622653982151,0.17885264982976568
0.7863702735683971,1.5333009163280429,0.9239407825816744,0.17885264982976568
0.7863702735683971,1.5333009163280429,0.9444164007548986,0.17885264982976568
0.7863702735683971,1.527517744065371,1.009260662569949,0.17885264982976568
0.7863702735683971,1.527517744065371,1.0023376315594357,0.16976401623533782
0.7863702735683971,1.527517744065371,0.8941848011976156,0.16976401623533782
0.7863702735683971,1.527517744065371,0.8457127471214017,0.16976401623533782
0.7378304293801619,1.527517744065371,0.9059342412714272,0.204356662986702
0.7378304293801619,1.527517744065371,0.9547335933870623,0.204356662986702
0.7378304293801619,1.527517744065371,0.9027290242647045,0.204356662986702
0.7378304293801619,1.527517744065371,1.09471337769568,0.204356662986702
0.7378304293801619,1.527517744065371,0.9589002927219328,0.18562004986066638
0.7378304293801619,1.527517744065371,1.0487507216761482,0.18562004986066638
0.7378304293801619,1.527517744065371,1.0357812220939,0.18562004986066638
0.7378304293801619,1.527517744065371,0.9703588529037966,0.18562004986066638
0.7378304293801619,1.527517744065371,1.0508732526324402,0.18562004986066638
0.7378304293801619,1.527517744065371,1.040398095908334,0.18562004986066638
0.7378304293801619,1.527517744065371,1.0960841895342766,0.18562004986066638
0.7442088918774236,1.527517744065371,1.0945222718551426,0.18562004986066638
0.7442088918774236,1.527517744065371,1.1196575421021036,0.18562004986066638
0.7442088918774236,1.527517744065371,0.9355054516969062,0.18562004986066638
0.7442088918774236,1.527517744065371,0.9510134873417623,0.18562004986066638
0.7442088918774236,1.527517744065371,1.024798584387272,0.18562004986066638
0.7442088918774236,1.527517744065371,0.9950449578042245,0.18562004986066638
0.7442088918774236,1.527517744065371,1.0463646890937464,0.18562004986066638
0.7442088918774236,1.527517744065371,0.9874143208981551,0.18675287712624425
0.745494508575947,1.527517744065371,1.0219053359014174,0.18675287712624425
0.745494508575947,1.527517744065371,1.036166336099338,0.18675287712624425
0.745494508575947,1.527517744065371,0.9543188977491084,0.18675287712624425
0.745494508575947,1.527517744065371,0.9624670549203537,0.18675287712624425
0.745494508575947,1.527517744065371,0.97265927232976,0.18675287712624425
0.745494508575947,1.527517744065371,0.9873917307460265,0.18675287712624425
0.745494508575947,1.527517744065371,0.9966343237368125,0.18675287712624425
0.745494508575947,1.527517744065371,0.9267806354411959,0.18675287712624425
0.745494508575947,1.527517744065371,1.0187423585036084,0.18675287712624425
0.745494508575947,1.527517744065371,0.9225387190530722,0.18675287712624425
0.745494508575947,1.527517744065371,1.0021460241189775,0.18675287712624425
0.657119674710922,1.527517744065371,1.031877121771683,0.18675287712624425
0.657119674710922,1.527517744065371,1.1533993713391275,0.18675287712624425
0.657119674710922,1.527517744065371,1.117091286976741,0.18675287712624425
0.657119674710922,1.527517744065371,1.1283421981601454,0.18675287712624425
0.657119674710922,1.527517744065371,1.1438470683671031,0.18675287712624425
0.657119674710922,1.527517744065371,1.0033189303556116,0.18675287712624425
0.657119674710922,1.527517744065371,1.0779657760276105,0.18675287712624425
0.657119674710922,1.527517744065371,1.0444043608182143,0.18675287712624425
0.657119674710922,1.527517744065371,1.0737002107888682,0.18675287712624425
0.657119674710922,1.527517744065371,1.196350469368591,0.18675287712624425
0.657119674710922,1.527517744065371,1.0823734612394988,0.18675287712624425
0.657119674710922,1.527517744065371,1.1598770506536429,0.18675287712624425
0.657119674710922,1.527517744065371,1.2218475912991285,0.18675287712624425
0.657119674710922,1.527517744065371,1.1876086697101893,0.18675287712624425
0.657119674710922,1.527517744065371,1.1081868650341025,0.18675287712624425
0.657119674710922,1.527517744065371,1.1617251472932186,0.20232238401600533
0.657119674710922,1.527517744065371,1.142234603180184,0.17010871963056753
0.657119674710922,1.527517744065371,1.109771542626676,0.17010871963056753
0.657119674710922,1.527517744065371,1.1421571698130863,0.17010871963056753
0.657119674710922,1.527517744065371,1.0946662367500062,0.17010871963056753
0.657119674710922,1.527517744065371,1.136451413554567,0.17010871963056753
0.657119674710922,1.527517744065371,1.0015615379106921,0.17010871963056753
0.657119674710922,1.527517744065371,1.1037024991627564,0.17010871963056753
0.657119674710922,1.527517744065371,1.1007436085648497,0.17010871963056753
0.657119674710922,1.527517744065371,1.0414548868499107,0.17010871963056753
0.657119674710922,1.527517744065371,1.1434497964498216,0.17010871963056753
0.657119674710922,1.527517744065371,1.1922437514508564,0.17010871963056753
0.657119674710922,1.527517744065371,1.1122559343089153,0.17010871963056753
0.657119674710922,1.527517744065371,1.1640274732585163,0.19683345003846367
0.657119674710922,1.527517744065371,1.0947899608744955,0.19683345003846367
0.657119674710922,1.527517744065371,1.1499429088011939,0.19683345003846367
0.657119674710922,1.527517744065371,1.2492981035361979,0.19683345003846367
0.657119674710922,1.527517744065371,1.1305300755705912,0.19683345003846367
0.657119674710922,1.527517744065371,1.0867362411722026,0.19683345003846367
0.657119674710922,1.527517744065371,1.0961895242621185,0.19683345003846367
0.657119674710922,1.527517744065371,1.132168282337471,0.19683345003846367
0.657119674710922,1.527517744065371,1.3113070995450655,0.19683345003846367
0.657119674710922,1.527517744065371,1.1664550032057588,0.19683345003846367
0.657119674710922,1.527517744065371,1.0522082653305338,0.19683345003846367
0.657119674710922,1.527517744065371,1.269255160279046,0.19683345003846367
0.657119674710922,1.527517744065371,1.154073197279226,0.19683345003846367
0.657119674710922,1.527517744065371,1.0931282224604488,0.19683345003846367
0.657119674710922,1.527517744065371,1.2198643383575114,0.19683345003846367
0.657119674710922,1.527517744065371,1.037890432166687,0.19683345003846367
0.657119674710922,1.527517744065371,1.1969971945675284,0.19683345003846367
0.657119674710922,1.527517744065371,1.073028677126626,0.20405720499555124
0.657119674710922,1.527517744065371,1.2047159493463686,0.20405720499555124
0.657119674710922,1.527517744065371,1.1342192103633753,0.20405720499555124
0.657119674710922,1.527517744065371,1.1849436385800605,0.20405720499555124
0.657119674710922,1.527517744065371,1.241584897150131,0.20405720499555124
0.657119674710922,1.527517744065371,1.2142361818062184,0.20405720499555124
0.657119674710922,1.527517744065371,1.1245469661383927,0.25498248033878407
0.657119674710922,1.527517744065371,1.2037541650773822,0.25498248033878407
0.657119674710922,1.527517744065371,1.1602831386928183,0.25498248033878407
0.657119674710922,1.527517744065371,1.2036220138208515,0.25498248033878407
0.657119674710922,1.5239480354319965,1.1922193337719882,0.25498248033878407
0.657119674710922,1.5239480354319965,1.3015211310455848,0.25498248033878407
0.657119674710922,1.5239480354319965,1.1561875713958454,0.25498248033878407
0.657119674710922,1.5478712932652923,1.2263217892250877,0.25498248033878407
0.657119674710922,1.5478712932652923,1.287418389290784,0.25498248033878407
0.657119674710922,1.5478712932652923,1.2404794284761285,0.25498248033878407
0.657119674710922,1.5478712932652923,1.1539042169158251,0.25498248033878407
0.6442507123215465,1.5478712932652923,1.2913150125950317,0.25498248033878407
0.6442507123215465,1.5478712932652923,1.2298012867958559,0.25498248033878407
0.6442507123215465,1.5478712932652923,1.294143099368027,0.25498248033878407
0.6442507123215465,1.5478712932652923,1.1631440706329133,0.25498248033878407
0.6442507123215465,1.5478712932652923,1.1208824755989275,0.25498248033878407
0.6442507123215465,1.5478712932652923,1.2505072462951632,0.25498248033878407
0.6442507123215465,1.5478712932652923,1.0707353120444654,0.25498248033878407
0.6442507123215465,1.5478712932652923,1.1036079256381632,0.25498248033878407
0.6442507123215465,1.5478712932652923,1.314243057362919,0.25498248033878407
0.6442507123215465,1.5478712932652923,1.17691824742747,0.25498248033878407
0.6442507123215465,1.5478712932652923,1.2633437535390415,0.25498248033878407
0.6442507123215465,1.5478712932652923,1.061408983914961,0.26746357863838593
0.6442507123215465,1.5478712932652923,1.2109306611125015,0.26746357863838593
0.6442507123215465,1.5478712932652923,1.2157008730869774,0.26746357863838593
0.6442507123215465,1.5478712932652923,1.2529119489362774,0.26746357863838593
0.6442507123215465,1.5478712932652923,1.294088354718831,0.26746357863838593
0.6442507123215465,1.5478712932652923,1.2929380098522574,0.26746357863838593
0.6442507123215465,1.5478712932652923,1.1295691250603375,0.24520456961638357
0.6442507123215465,1.5478712932652923,1.2701408417975777,0.24520456961638357
0.6442507123215465,1.5478712932652923,1.2083052454471341,0.24520456961638357
0.6442507123215465,1.5478712932652923,1.1760506768892662,0.24520456961638357
0.6442507123215465,1.5478712932652923,1.2092262343381648,0.24520456961638357
0.6442507123215465,1.5478712932652923,1.2115623311138835,0.24520456961638357
0.6442507123215465,1.5478712932652923,1.2450691936031246,0.24520456961638357
0.6442507123215465,1.5478712932652923,1.2271877722652627,0.24520456961638357
0.6442507123215465,1.5478712932652923,1.2350282692631185,0.24520456961638357
0.6442507123215465,1.5478712932652923,1.2267631072108738,0.24520456961638357
0.6442507123215465,1.5478712932652923,1.0659289943653552,0.24520456961638357
0.6442507123215465,1.5478712932652923,1.2064647526652121,0.24520456961638357
0.6442507123215465,1.5478712932652923,1.1310481872411966,0.167591482367607
0.6442507123215465,1.5478712932652923,1.09634874388483,0.167591482367607
0.6442507123215465,1.5478712932652923,1.0570499187721702,0.167591482367607
0.6442507123215465,1.5152707786590187,1.1444163698951402,0.167591482367607
0.6442507123215465,1.5152707786590187,1.1161992534842413,0.167591482367607
0.6442507123215465,1.5152707786590187,1.1709198294996965,0.167591482367607
0.6442507123215465,1.5152707786590187,1.148524869315574,0.167591482367607
0.6442507123215465,1.5152707786590187,1.1979425404858428,0.167591482367607
0.6442507123215465,1.5152707786590187,1.1358284548964455,0.167591482367607
0.6442507123215465,1.5152707786590187,1.2349274133897492,0.167591482367607
0.6442507123215465,1.5152707786590187,1.0788253779911872,0.167591482367607
0.6442507123215465,1.5152707786590187,1.071037625756414,0.167591482367607
0.6442507123215465,1.5152707786590187,1.045626124771044,0.167591482367607
0.6442507123215465,1.5152707786590187,1.1470852440969652,0.167591482367607
0.6442507123215465,1.5152707786590187,1.2087384206681415,0.167591482367607
0.6442507123215465,1.5152707786590187,1.2066314635167241,0.167591482367607
0.6442507123215465,1.5152707786590187,1.2305480794932526,0.167591482367607
0.6442507123215465,1.518142060490582,1.4192939743716886,0.167591482367607
0.6442507123215465,1.518142060490582,1.1617545362672375,0.167591482367607
0.6442507123215465,1.518142060490582,1.263820329546423,0.167591482367607
0.6442507123215465,1.518142060490582,1.2174707672080014,0.167591482367607
0.6442507123215465,1.518142060490582,1.1778790074147205,0.167591482367607
0.6442507123215465,1.518142060490582,1.1632394653571643,0.167591482367607
0.6442507123215465,1.518142060490582,1.144891624561999,0.167591482367607
0.6442507123215465,1.518142060490582,1.1020158116526926,0.167591482367607
0.6442507123215465,1.518142060490582,1.1491813366590151,0.167591482367607
0.6442507123215465,1.518142060490582,1.1471499461306327,0.167591482367607
0.6442507123215465,1.518142060490582,1.0999806316273961,0.167591482367607
0.6442507123215465,1.518142060490582,1.1895898888720904,0.167591482367607
0.6442507123215465,1.518142060490582,1.1706120396015087,0.167591482367607
0.6442507123215465,1.518142060490582,1.2468962239536343,0.167591482367607
0.6442507123215465,1.518142060490582,1.195242479999584,0.167591482367607
0.6442507123215465,1.518142060490582,1.1716206588184626,0.167591482367607
0.6442507123215465,1.518142060490582,1.1971843900380388,0.167591482367607
0.6442507123215465,1.518142060490582,1.1723459356625558,0.167591482367607
0.6442507123215465,1.518142060490582,1.174230548393929,0.167591482367607
0.6442507123215465,1.518142060490582,1.1445247127862554,0.167591482367607
0.6442507123215465,1.518142060490582,1.250871965642607,0.167591482367607
0.6442507123215465,1.518142060490582,1.1830353262925535,0.167591482367607
0.6442507123215465,1.518142060490582,1.0787541955012814,0.167591482367607
0.6442507123215465,1.518142060490582,1.2216970329314683,0.167591482367607
0.6442507123215465,1.518142060490582,1.2975378830493167,0.167591482367607
0.6442507123215465,1.518142060490582,1.158351329559644,0.167591482367607
0.6442507123215465,1.518142060490582,1.1984358584400248,0.167591482367607
0.6442507123215465,1.518142060490582,1.106107772586163,0.167591482367607
0.6442507123215465,1.518142060490582,1.1554044207201593,0.167591482367607
0.6442507123215465,1.518142060490582,1.1237599679553767,0.167591482367607
0.6442507123215465,1.518142060490582,1.0891800390322282,0.167591482367607
0.6442507123215465,1.518142060490582,1.23765875847137,0.167591482367607
0.6442507123215465,1.518142060490582,1.1368608732916738,0.167591482367607
0.6442507123215465,1.518142060490582,1.1907926833523559,0.167591482367607
0.6442507123215465,1.518142060490582,1.089269731154268,0.167591482367607
0.6442507123215465,1.518142060490582,1.0028478585570235,0.167591482367607
0.6442507123215465,1.518142060490582,1.1127300188368014,0.167591482367607
0.6442507123215465,1.518142060490582,1.0875656784439796,0.167591482367607
0.6442507123215465,1.518142060490582,1.1043916439380717,0.167591482367607
0.6442507123215465,1.518142060490582,1.10092006752673,0.167591482367607
0.6442507123215465,1.518142060490582,1.0579748783173129,0.167591482367607
0.6442507123215465,1.518142060490582,1.0703934745104344,0.167591482367607
0.6442507123215465,1.518142060490582,1.1081634448631663,0.18244587773994098
0.6442507123215465,1.518142060490582,1.089299424760727,0.18244587773994098
0.6442507123215465,1.518142060490582,1.270917408149147,0.18244587773994098
0.6442507123215465,1.518142060490582,1.2572434839699542,0.18244587773994098
0.6442507123215465,1.518142060490582,1.1140385095979288,0.18244587773994098
0.6442507123215465,1.518142060490582,1.2204615591417147,0.18244587773994098
0.6442507123215465,1.518142060490582,1.1752777693841476,0.18244587773994098
0.6442507123215465,1.518142060490582,1.0882313918404576,0.18244587773994098
0.6442507123215465,1.518142060490582,1.2089648883672628,0.18244587773994098
0.6442507123215465,1.518142060490582,1.113176988030147,0.18244587773994098
0.6442507123215465,1.518142060490582,1.1667529899731262,0.18244587773994098
0.6442507123215465,1.518142060490582,1.247184608131688,0.18244587773994098
0.6442507123215465,1.518142060490582,1.1016832970247754,0.18244587773994098
0.6442507123215465,1.518142060490582,1.101829134418622,0.19416790147710408
0.6442507123215465,1.518142060490582,1.1602654754464283,0.19416790147710408
0.6442507123215465,1.518142060490582,1.0680477978916005,0.19416790147710408
0.6442507123215465,1.518142060490582,1.2796412653343827,0.19416790147710408
0.6442507123215465,1.518142060490582,1.2821049735610115,0.19416790147710408
0.6442507123215465,1.518142060490582,1.2758739563519363,0.19416790147710408
0.6442507123215465,1.518142060490582,1.1502162901094626,0.19416790147710408
0.6442507123215465,1.518142060490582,1.1912620697682108,0.19416790147710408
0.6442507123215465,1.518142060490582,1.141959487706491,0.19416790147710408
0.6442507123215465,1.518142060490582,1.1932136022716846,0.19416790147710408
0.6442507123215465,1.518142060490582,1.072114714463003,0.19416790147710408
0.6442507123215465,1.506880861714415,1.1899627243357582,0.19416790147710408
0.6442507123215465,1.506880861714415,1.2276827456030681,0.19416790147710408
0.6442507123215465,1.506880861714415,1.2377087155949524,0.19416790147710408
0.6442507123215465,1.506880861714415,1.2602693592931096,0.19416790147710408
0.6442507123215465,1.506880861714415,1.1853318024086446,0.19416790147710408
0.6442507123215465,1.506880861714415,1.0993137975268004,0.19416790147710408
0.6442507123215465,1.506880861714415,1.3108189288823067,0.19416790147710408
0.6442507123215465,1.506880861714415,1.0947577460717528,0.19416790147710408
0.6773092406510626,1.506880861714415,1.1371751859982533,0.19416790147710408
0.6773092406510626,1.506880861714415,1.3137848829514904,0.19416790147710408
0.6773092406510626,1.506880861714415,1.176992398288321,0.19416790147710408
0.6773092406510626,1.506880861714415,1.102038162517047,0.19416790147710408
0.6773092406510626,1.506880861714415,1.1567899795681473,0.19416790147710408
0.6773092406510626,1.506880861714415,1.0697956868965317,0.19416790147710408
0.6773092406510626,1.5081922023914476,1.047950510010311,0.19416790147710408
0.6773092406510626,1.5081922023914476,1.1867289193589707,0.19416790147710408
0.6773092406510626,1.5081922023914476,1.1368730983100321,0.19416790147710408
0.6773092406510626,1.5081922023914476,1.1493072282646395,0.19416790147710408
0.6773092406510626,1.5081922023914476,1.0758198194825461,0.19416790147710408
0.6773092406510626,1.4870058673610551,1.1371901720463444,0.19416790147710408
0.6773092406510626,1.4870058673610551,1.179003742572169,0.19416790147710408
0.6773092406510626,1.4870058673610551,1.159449635948294,0.19416790147710408
0.6773092406510626,1.4870058673610551,1.123813782122896,0.19416790147710408
0.6773092406510626,1.4870058673610551,1.1216364287233105,0.19416790147710408
0.6773092406510626,1.4870058673610551,1.1737879053549085,0.19416790147710408
0.6773092406510626,1.4870058673610551,1.1499549785305518,0.19416790147710408
0.6773092406510626,1.4870058673610551,1.2074960466801172,0.19416790147710408
0.6773092406510626,1.4870058673610551,1.1982440983705804,0.19416790147710408
0.6773092406510626,1.4870058673610551,1.2377248102377345,0.19416790147710408
0.6773092406510626,1.4870058673610551,1.1409094767041237,0.19416790147710408
0.6773092406510626,1.4870058673610551,1.1749961259974957,0.19416790147710408
0.6773092406510626,1.4870058673610551,1.1244172179398642,0.19416790147710408
0.6773092406510626,1.4870058673610551,1.1809586559844896,0.19416790147710408
0.6773092406510626,1.4870058673610551,1.0849568758314625,0.19416790147710408
0.6773092406510626,1.4870058673610551,1.3173280010648516,0.19416790147710408
0.6773092406510626,1.4870058673610551,1.3436855433047572,0.19416790147710408
0.6773092406510626,1.4870058673610551,1.2032837649794705,0.19416790147710408
0.6773092406510626,1.4870058673610551,1.2359609583014917,0.19416790147710408
0.6773092406510626,1.4870058673610551,1.2504712572299672,0.19416790147710408
0.6930853395513444,1.4870058673610551,1.184314470853505,0.19416790147710408
0.6930853395513444,1.4870058673610551,1.1005355464741464,0.19416790147710408
0.6930853395513444,1.4870058673610551,1.060311242890362,0.19416790147710408
0.6930853395513444,1.4870058673610551,1.1687945457805373,0.18954377442353423
0.6930853395513444,1.4870058673610551,1.185265679469198,0.18954377442353423
0.6930853395513444,1.4870058673610551,1.1415265067424887,0.18954377442353423
0.6930853395513444,1.4870058673610551,1.2393189586598765,0.18954377442353423
0.6930853395513444,1.4870058673610551,1.2057922506626628,0.18954377442353423
0.6930853395513444,1.4870058673610551,1.075926534016604,0.18954377442353423
0.6930853395513444,1.4870058673610551,1.148518938983009,0.18954377442353423
0.6930853395513444,1.4973952881776238,1.1433089050867151,0.18954377442353423
0.6930853395513444,1.4973952881776238,1.1471404626009485,0.18954377442353423
0.6930853395513444,1.4973952881776238,1.1011792065611836,0.18954377442353423
0.6930853395513444,1.4973952881776238,1.0434151439913464,0.2120981023108128
0.6930853395513444,1.4973952881776238,1.1980647962548456,0.2120981023108128
0.6930853395513444,1.4973952881776238,1.088713527370019,0.2120981023108128
0.6930853395513444,1.4973952881776238,1.2397416984867609,0.2120981023108128
0.6930853395513444,1.4973952881776238,1.0445983233704847,0.2120981023108128
0.6930853395513444,1.4973952881776238,1.119020232005484,0.2120981023108128
0.6930853395513444,1.4973952881776238,1.0535740353074772,0.2120981023108128
0.6930853395513444,1.4973952881776238,1.0632230154561366,0.2120981023108128
0.6930853395513444,1.4973952881776238,1.2483787139357194,0.2120981023108128
0.6930853395513444,1.4973952881776238,1.2661412679739494,0.2120981023108128
0.6930853395513444,1.4973952881776238,1.19165688467863,0.2120981023108128
0.6930853395513444,1.4973952881776238,1.0863312454746514,0.2120981023108128
0.6930853395513444,1.4973952881776238,1.1192345030315172,0.2120981023108128
0.6930853395513444,1.4973952881776238,1.188985664107543,0.2120981023108128
0.6930853395513444,1.4973952881776238,1.1257776749429527,0.2120981023108128
0.6930853395513444,1.4973952881776238,1.230181653274767,0.21384382852510525
0.6930853395513444,1.4973952881776238,1.1396787456750477,0.21384382852510525
0.6930853395513444,1.4973952881776238,1.1327034131256966,0.21384382852510525
0.6930853395513444,1.4973952881776238,1.2608040613510614,0.21384382852510525
0.6930853395513444,1.4973952881776238,1.2300671853339196,0.21384382852510525
0.7699256809907187,1.4973952881776238,1.0816587810467655,0.21384382852510525
0.7699256809907187,1.4973952881776238,0.9804395616503241,0.21384382852510525
0.7699256809907187,1.4973952881776238,1.004416101161936,0.23483578159066065
0.7699256809907187,1.4973952881776238,1.0065967208789404,0.23483578159066065
0.7699256809907187,1.4973952881776238,1.0535489751134737,0.23483578159066065
0.7699256809907187,1.4973952881776238,1.0973324537814286,0.23483578159066065
0.7699256809907187,1.4973952881776238,1.0767678644782128,0.23483578159066065
0.7699256809907187,1.4973952881776238,1.0482647647859662,0.23483578159066065
0.7699256809907187,1.4973952881776238,1.0168916442115314,0.23483578159066065
0.7699256809907187,1.5050068347710759,1.0301648406250232,0.23483578159066065
0.7699256809907187,1.5050068347710759,1.0386014899911118,0.2331135288440485
0.7699256809907187,1.5050068347710759,1.0558797554853763,0.2331135288440485
0.7699256809907187,1.5050068347710759,1.0571125330723385,0.2331135288440485
0.7699256809907187,1.5050068347710759,1.0705158255149936,0.2331135288440485
0.7699256809907187,1.5050068347710759,1.1926761592814439,0.2331135288440485
0.7699256809907187,1.5050068347710759,1.0301098573573326,0.2331135288440485
0.7699256809907187,1.5050068347710759,1.1371924819952048,0.2331135288440485
0.7699256809907187,1.5050068347710759,0.9981623908241914,0.2331135288440485
0.7699256809907187,1.5050068347710759,1.0909690132977494,0.2331135288440485
0.7699256809907187,1.5050068347710759,1.0421283816058677,0.2331135288440485
0.7760806605047724,1.5050068347710759,1.0006627857558226,0.2331135288440485
0.7760806605047724,1.5050068347710759,1.0176473738012721,0.2331135288440485
0.7760806605047724,1.5050068347710759,1.0351279729785459,0.2331135288440485
0.7760806605047724,1.5050068347710759,1.0800916131241713,0.2331135288440485
0.7760806605047724,1.5050068347710759,1.0825895471618594,0.2331135288440485
0.7760806605047724,1.5050068347710759,0.9871860026287287,0.2331135288440485
0.7760806605047724,1.5050068347710759,0.945997502900641,0.2331135288440485
0.7760806605047724,1.5050068347710759,1.0405605743663158,0.2331135288440485
0.7760806605047724,1.5050068347710759,1.0433536947215816,0.2331135288440485
0.7760806605047724,1.5050068347710759,1.063544906024558,0.2331135288440485
0.7760806605047724,1.5050068347710759,1.0269765710492407,0.2331135288440485
0.7760806605047724,1.5050068347710759,1.0157693569790365,0.2331135288440485
0.7760806605047724,1.5050068347710759,1.0215792484509691,0.2331135288440485
0.7760806605047724,1.5050068347710759,1.1007246790926037,0.23860487328417995
0.7760806605047724,1.5050068347710759,1.0515853400084838,0.23860487328417995
0.7760806605047724,1.536352134062567,0.991542113106956,0.23860487328417995
0.7760806605047724,1.536352134062567,0.9449294787430843,0.23860487328417995
0.7760806605047724,1.536352134062567,0.9343251224805041,0.23860487328417995
0.7760806605047724,1.536352134062567,1.0224987600204822,0.23860487328417995
0.7760806605047724,1.523656488543002,1.012545614914228,0.20778461196755968
0.7760806605047724,1.523656488543002,0.912133889403698,0.20778461196755968
0.7760806605047724,1.523656488543002,0.9431023586952635,0.20778461196755968
0.7760806605047724,1.523656488543002,0.9627874378965205,0.20778461196755968
0.7760806605047724,1.523656488543002,1.1309142054974373,0.20778461196755968
0.7760806605047724,1.5648041946366855,0.920235107894306,0.20778461196755968
0.7760806605047724,1.5648041946366855,0.9614432481971849,0.20778461196755968
0.7760806605047724,1.5648041946366855,0.9137242655931014,0.20778461196755968
0.7760806605047724,1.5648041946366855,0.9178540200394868,0.20778461196755968
0.7760806605047724,1.5648041946366855,0.9529625142290072,0.20778461196755968
0.7760806605047724,1.5648041946366855,0.8692312363101272,0.20778461196755968
0.7760806605047724,1.5648041946366855,0.9856963194846741,0.20778461196755968
0.7760806605047724,1.5648041946366855,0.9307512586125013,0.20778461196755968
0.7836877713327406,1.5648041946366855,0.8166425829556794,0.20778461196755968
0.7836877713327406,1.5648041946366855,0.904027315608422,0.20778461196755968
0.7836877713327406,1.5648041946366855,0.9855562736766079,0.20778461196755968
0.7836877713327406,1.5648041946366855,0.814800012980614,0.20778461196755968
0.7836877713327406,1.5648041946366855,0.927106516068274,0.20778461196755968
0.7836877713327406,1.5648041946366855,0.8920123341896699,0.20778461196755968
0.7836877713327406,1.5648041946366855,0.8701384028030827,0.20778461196755968
0.7836877713327406,1.5648041946366855,0.9121161589812371,0.20778461196755968
0.7836877713327406,1.5648041946366855,0.9099259756026264,0.20778461196755968
0.7836877713327406,1.5648041946366855,0.8721670857259813,0.20778461196755968
0.7836877713327406,1.5648041946366855,0.8800097399554977,0.20778461196755968
0.7836877713327406,1.5648041946366855,0.8915026404321498,0.20778461196755968
0.7836877713327406,1.5648041946366855,0.864581562282023,0.20778461196755968
0.7836877713327406,1.5648041946366855,0.9901857582062792,0.20778461196755968
0.7836877713327406,1.5648041946366855,0.8578782643255336,0.20778461196755968
0.7836877713327406,1.5648041946366855,0.8592470537651489,0.20778461196755968
0.7836877713327406,1.5648041946366855,0.7873316417087478,0.20991388274845618
0.7836877713327406,1.5648041946366855,0.9315549638535461,0.20991388274845618
0.7836877713327406,1.5648041946366855,0.8719223548331793,0.20991388274845618
0.7836877713327406,1.5648041946366855,0.870330225966568,0.20991388274845618
0.7836877713327406,1.5648041946366855,1.019918106723502,0.20991388274845618
0.7836877713327406,1.5648041946366855,0.8050184087675104,0.20991388274845618
0.7836877713327406,1.5648041946366855,0.9965613657530072,0.21577980683057013
0.7836877713327406,1.5648041946366855,0.8891640589646658,0.21577980683057013
0.7836877713327406,1.5648041946366855,0.9402328071370081,0.21577980683057013
0.7836877713327406,1.5648041946366855,0.9161246737044422,0.21577980683057013
0.7836877713327406,1.5648041946366855,0.959001158220739,0.21577980683057013
0.7836877713327406,1.5648041946366855,0.8372542862508446,0.21577980683057013
0.7836877713327406,1.5648041946366855,0.8710736085024811,0.21577980683057013
0.7836877713327406,1.5648041946366855,0.9521184433619325,0.21577980683057013
0.7836877713327406,1.5648041946366855,0.9161800392569542,0.21577980683057013
0.7836877713327406,1.5648041946366855,0.8878260300960269,0.21577980683057013
0.7836877713327406,1.5648041946366855,0.8875542102715973,0.21577980683057013
0.7836877713327406,1.5648041946366855,0.9724484282581991,0.21577980683057013
0.7753409262273917,1.5648041946366855,0.9327886339221604,0.21577980683057013
0.7753409262273917,1.5648041946366855,0.8898319385964134,0.21577980683057013
0.7753409262273917,1.5648041946366855,0.9285281591777675,0.21577980683057013
0.7753409262273917,1.5150115066364385,0.9492551360213365,0.21577980683057013
0.7753409262273917,1.5150115066364385,0.9812397207674846,0.21577980683057013
0.7753409262273917,1.5150115066364385,0.9040478035414058,0.21577980683057013
0.7753409262273917,1.5150115066364385,0.9833412015454065,0.21577980683057013
0.7753409262273917,1.5150115066364385,1.0644854968803243,0.21577980683057013
0.7753409262273917,1.5150115066364385,0.9246117885936775,0.20044635197803118
0.7753409262273917,1.5150115066364385,0.9599882747886901,0.20044635197803118
0.7753409262273917,1.5150115066364385,0.9718811363466607,0.20044635197803118
0.7575965850295352,1.5150115066364385,0.9738853807955425,0.20044635197803118
0.7575965850295352,1.5150115066364385,0.9594942124114726,0.20044635197803118
0.7575965850295352,1.5150115066364385,1.039116151026288,0.20044635197803118
0.7575965850295352,1.4974375342880162,1.0273124648077678,0.20044635197803118
0.7575965850295352,1.4974375342880162,0.9958489014679988,0.20044635197803118
0.7575965850295352,1.521860167855631,1.0030249331254237,0.20044635197803118
0.7575965850295352,1.521860167855631,0.9931849897676318,0.20044635197803118
0.7575965850295352,1.5296316791744586,0.9654270397920757,0.20044635197803118
0.7575965850295352,1.5296316791744586,1.0305139319974548,0.1989814836147218
0.7575965850295352,1.5296316791744586,0.9250133705312945,0.1989814836147218
0.7575965850295352,1.5296316791744586,0.9628034647838096,0.1989814836147218
0.7575965850295352,1.5296316791744586,1.0360890865253403,0.1989814836147218
0.7575965850295352,1.5296316791744586,1.056529581988957,0.1989814836147218
0.7575965850295352,1.5296316791744586,1.0327891900914579,0.1989814836147218
0.7575965850295352,1.5296316791744586,1.0488730905599013,0.1989814836147218
0.7575965850295352,1.5296316791744586,0.963675589278739,0.1989814836147218
0.7575965850295352,1.5296316791744586,0.959355343173199,0.1989814836147218
0.7575965850295352,1.5296316791744586,0.9260085523531567,0.1989814836147218
0.7575965850295352,1.5296316791744586,1.0203375026739114,0.1989814836147218
0.7575965850295352,1.5296316791744586,1.011013480183212,0.1989814836147218
0.7575965850295352,1.5296316791744586,0.9346473420921915,0.1989814836147218
0.7575965850295352,1.5296316791744586,0.9341009731942755,0.1989814836147218
0.7575965850295352,1.5296316791744586,0.9442215121109464,0.1989814836147218
0.7575965850295352,1.5296316791744586,0.9643759838624868,0.1989814836147218
0.7575965850295352,1.5296316791744586,0.9917518935673375,0.1989814836147218
0.7575965850295352,1.5296316791744586,0.9620591630039744,0.1989814836147218
0.7575965850295352,1.5296316791744586,1.0221997844690882,0.1989814836147218
0.7575965850295352,1.5296316791744586,0.9625256200581689,0.1989814836147218
0.7575965850295352,1.5296316791744586,1.0041844998426288,0.1989814836147218
0.7575965850295352,1.5296316791744586,0.9570171643240444,0.1989814836147218
0.7575965850295352,1.5296316791744586,1.0629275599328654,0.1989814836147218
0.7575965850295352,1.5296316791744586,1.023482019164755,0.1989814836147218
0.7575965850295352,1.5296316791744586,0.9952604023612825,0.1989814836147218
0.7575965850295352,1.5296316791744586,0.9784646972608237,0.1989814836147218
0.7575965850295352,1.5296316791744586,1.0038622375240727,0.1989814836147218
0.7575965850295352,1.5296316791744586,1.06796498910599,0.1989814836147218
0.7575965850295352,1.5296316791744586,0.9209294220312084,0.1989814836147218
0.7575965850295352,1.5296316791744586,0.9766321129650334,0.1989814836147218
0.7575965850295352,1.5296316791744586,0.9395172593212674,0.1989814836147218
0.7575965850295352,1.5296316791744586,1.0164810679316776,0.1989814836147218
0.7575965850295352,1.5296316791744586,1.0009536215272459,0.2080244492118612
0.7575965850295352,1.5296316791744586,1.0203795987026891,0.2080244492118612
0.7575965850295352,1.5296316791744586,1.0102699650017515,0.2080244492118612
0.7575965850295352,1.5296316791744586,0.8976369491913389,0.2080244492118612
0.7575965850295352,1.5296316791744586,1.030406360691483,0.2080244492118612
0.7575965850295352,1.5296316791744586,0.8607169812040052,0.2080244492118612
0.7575965850295352,1.5296316791744586,1.1071285430188955,0.2080244492118612
0.7575965850295352,1.5296316791744586,0.9541821115435889,0.2080244492118612
0.7575965850295352,1.5296316791744586,1.1112442412475272,0.2080244492118612
0.7575965850295352,1.5296316791744586,0.9722296059405565,0.2080244492118612
0.7575965850295352,1.5296316791744586,0.9973213029336797,0.2080244492118612
0.7575965850295352,1.5296316791744586,0.9696209058657704,0.2080244492118612
0.7575965850295352,1.5296316791744586,1.0650447141545485,0.2080244492118612
0.7575965850295352,1.5296316791744586,1.0600866358900667,0.2080244492118612
0.7575965850295352,1.5296316791744586,1.0625664134491348,0.2080244492118612
0.7575965850295352,1.5296316791744586,1.0335346936527838,0.2080244492118612
0.7575965850295352,1.5296316791744586,0.9177019980606439,0.2080244492118612
0.7575965850295352,1.5296316791744586,0.936850098507279,0.2080244492118612
0.7575965850295352,1.5296316791744586,0.9925599371391437,0.2080244492118612
0.7575965850295352,1.5296316791744586,1.0541377138078496,0.2080244492118612
0.7575965850295352,1.5296316791744586,0.9676387157261751,0.2080244492118612
0.7575965850295352,1.5296316791744586,0.9954242616315843,0.2080244492118612
0.7575965850295352,1.5296316791744586,0.9975037713645001,0.2080244492118612
0.7575965850295352,1.5296316791744586,1.0190296367956553,0.2080244492118612
0.7575965850295352,1.529102345867601,1.0307005328887422,0.2080244492118612
0.7575965850295352,1.529102345867601,0.897973099905919,0.2080244492118612
0.7575965850295352,1.529102345867601,1.0078848587669793,0.2080244492118612
0.7575965850295352,1.529102345867601,1.0104034827228907,0.2080244492118612
0.7575965850295352,1.529102345867601,1.0719968769942807,0.2080244492118612
0.7575965850295352,1.5530066180979933,0.9149013787221967,0.2080244492118612
0.7738140690560209,1.5530066180979933,0.9300587242075558,0.2080244492118612
0.7738140690560209,1.5530066180979933,0.8425603055362069,0.2080244492118612
0.7738140690560209,1.5530066180979933,0.9546956815213835,0.2080244492118612
0.7738140690560209,1.5530066180979933,0.9298346041444039,0.2080244492118612
0.7738140690560209,1.5530066180979933,0.8842057496963038,0.2080244492118612
0.7738140690560209,1.5530066180979933,0.9564236808709693,0.2080244492118612
0.7738140690560209,1.5530066180979933,0.9556075103087758,0.2080244492118612
0.7738140690560209,1.5530066180979933,0.9180997319036096,0.2080244492118612
0.7738140690560209,1.5530066180979933,0.919204763103261,0.2080244492118612
0.7738140690560209,1.5530066180979933,0.9330428210318001,0.2080244492118612
0.7738140690560209,1.5530066180979933,0.8981083567253203,0.2080244492118612
0.7902054930467477,1.5530066180979933,0.937015408965362,0.2080244492118612
0.7902054930467477,1.5530066180979933,0.8577130204519109,0.2080244492118612
0.7902054930467477,1.5530066180979933,0.8798136410866392,0.2080244492118612
0.7902054930467477,1.5530066180979933,0.9424172451523933,0.2080244492118612
0.7902054930467477,1.5530066180979933,0.9043647731345063,0.2080244492118612
0.7902054930467477,1.5332381462141544,0.9159498033964875,0.2080244492118612
0.7902054930467477,1.5332381462141544,0.8838058248610948,0.2080244492118612
0.7902054930467477,1.5332381462141544,0.9647960918232455,0.2080244492118612
0.7902054930467477,1.5332381462141544,0.890644246940385,0.2080244492118612
0.7902054930467477,1.5332381462141544,0.9179060500850983,0.2080244492118612
0.7723581676398786,1.5332381462141544,0.9652490636837402,0.2080244492118612
0.7723581676398786,1.5332381462141544,0.9282412116388008,0.2080244492118612
0.7723581676398786,1.5332381462141544,0.9389482466631568,0.2080244492118612
0.7723581676398786,1.5332381462141544,1.0113308634054703,0.2080244492118612
0.7723581676398786,1.5332381462141544,0.8861627990053534,0.2080244492118612
0.7723581676398786,1.5332381462141544,1.0161521942448024,0.2080244492118612
0.7723581676398786,1.5332381462141544,0.9548600013974329,0.2080244492118612
0.7723581676398786,1.5332381462141544,0.9531067524811112,0.2080244492118612
0.7723581676398786,1.5332381462141544,0.9740886582461884,0.2080244492118612
0.7723581676398786,1.5332381462141544,0.8956366412611736,0.2080244492118612
0.7723581676398786,1.5332381462141544,0.9448249178329841,0.2080244492118612
0.7723581676398786,1.5332381462141544,1.0017140039797272,0.2080244492118612
0.7723581676398786,1.5332381462141544,0.9552626438004119,0.2080244492118612
0.7723581676398786,1.5332381462141544,1.0153550228315336,0.2080244492118612
0.7723581676398786,1.5332381462141544,1.006514958671403,0.2080244492118612
0.7723581676398786,1.5332381462141544,1.016106398449324,0.2080244492118612
0.7723581676398786,1.5332381462141544,1.0837624800701975,0.2080244492118612
0.7723581676398786,1.5332381462141544,0.8946216363895685,0.2080244492118612
0.7723581676398786,1.5332381462141544,0.9795215081132146,0.2080244492118612
0.7723581676398786,1.5332381462141544,0.9225975391635987,0.2080244492118612
0.7723581676398786,1.5332381462141544,0.9767351191164653,0.2080244492118612
0.7723581676398786,1.5332381462141544,0.9151367063560901,0.2080244492118612
0.7723581676398786,1.5332381462141544,1.001602869333751,0.2080244492118612
0.7723581676398786,1.5332381462141544,0.9901551791466356,0.2080244492118612
0.7723581676398786,1.5332381462141544,0.9255583344528835,0.2080244492118612
0.7723581676398786,1.5332381462141544,0.9441204443502942,0.2080244492118612
0.7723581676398786,1.5332381462141544,0.8955420359756353,0.2080244492118612
0.7723581676398786,1.5332381462141544,0.8844541055790548,0.2080244492118612
0.7723581676398786,1.5332381462141544,0.9220544393029444,0.2080244492118612
0.7723581676398786,1.5332381462141544,0.9885541138396805,0.2080244492118612
0.7723581676398786,1.5332381462141544,0.9409478906752685,0.2080244492118612
0.7723581676398786,1.5332381462141544,1.0914282665958468,0.2080244492118612
0.7723581676398786,1.5332381462141544,1.0039921874080537,0.2080244492118612
0.7723581676398786,1.5332381462141544,0.9464113786136957,0.2080244492118612
0.7723581676398786,1.5332381462141544,0.9254688974092625,0.2080244492118612
0.7723581676398786,1.5332381462141544,0.9128674944034202,0.2080244492118612
0.7551698027670803,1.5838146016893875,0.9552755905076098,0.2080244492118612
0.7551698027670803,1.5838146016893875,0.9344678661034641,0.2080244492118612
0.7551698027670803,1.5838146016893875,0.865819465154365,0.2080244492118612
0.7551698027670803,1.5838146016893875,0.9226444694589081,0.2080244492118612
0.7551698027670803,1.5838146016893875,0.9155258906911848,0.23408692396377415
0.7657083928963139,1.5838146016893875,0.9253545482016288,0.23408692396377415
0.7657083928963139,1.5838146016893875,0.8965369557571513,0.23408692396377415
0.7657083928963139,1.5838146016893875,0.9824991478106297,0.30252285440128635
0.7657083928963139,1.5838146016893875,1.0413265568876762,0.30252285440128635
0.7657083928963139,1.6871755966725706,0.8673219895079471,0.30252285440128635
0.7657083928963139,1.6871755966725706,0.826812430450043,0.30252285440128635
0.7657083928963139,1.6871755966725706,0.8806337241079664,0.31326394411451075
0.7657083928963139,1.6871755966725706,0.8244530822040238,0.31326394411451075
0.7657083928963139,1.6871755966725706,0.7797214380566314,0.31326394411451075
0.7657083928963139,1.6871755966725706,0.8022195934310734,0.31326394411451075
0.7657083928963139,1.6871755966725706,0.8063650810808969,0.31326394411451075
0.7657083928963139,1.6871755966725706,0.8009777877043653,0.26079347919281126
0.7657083928963139,1.6871755966725706,0.8316636889820443,0.26079347919281126
0.7657083928963139,1.6871755966725706,0.7452882947018498,0.26079347919281126
0.7657083928963139,1.6871755966725706,0.8108084883644037,0.26079347919281126
0.7657083928963139,1.6871755966725706,0.8335327052318038,0.26079347919281126
0.7149832351146854,1.6871755966725706,0.795738351011833,0.25246967867858794
0.7149832351146854,1.5775074839094325,0.94325843696778,0.25246967867858794
0.7149832351146854,1.5775074839094325,1.0084950981735918,0.25246967867858794
0.7149832351146854,1.5775074839094325,1.016094784948497,0.25246967867858794
0.7149832351146854,1.5610891110984084,1.052764325900744,0.25246967867858794
0.7149832351146854,1.5610891110984084,1.005291143842276,0.25246967867858794
0.7149832351146854,1.5610891110984084,1.0548951676732385,0.25246967867858794
0.7149832351146854,1.5610891110984084,1.08237982985578,0.25246967867858794
0.7149832351146854,1.589851336240531,1.114416042908059,0.25246967867858794
0.7149832351146854,1.589851336240531,1.089491178777805,0.25246967867858794
0.7149832351146854,1.589851336240531,1.0151601144580449,0.25246967867858794
0.7149832351146854,1.589851336240531,0.9948739473793552,0.25246967867858794
0.7149832351146854,1.589851336240531,0.9668095043773134,0.25246967867858794
0.7149832351146854,1.589851336240531,0.961533911701081,0.25246967867858794
0.7149832351146854,1.589851336240531,1.0147466856537033,0.25246967867858794
0.7149832351146854,1.589851336240531,1.0666643421674287,0.27732362352580153
0.7149832351146854,1.589851336240531,0.8915207864806385,0.27732362352580153
0.7149832351146854,1.589851336240531,1.0638183286800016,0.27732362352580153
0.7149832351146854,1.589851336240531,1.0248583285355373,0.27732362352580153
0.7149832351146854,1.589851336240531,1.0567230479102088,0.27732362352580153
0.7149832351146854,1.589851336240531,1.004049805899076,0.27732362352580153
0.7149832351146854,1.589851336240531,1.0223615824528813,0.27732362352580153
0.7040889044991315,1.589851336240531,0.9609895987080872,0.24616860318079653
0.7040889044991315,1.589851336240531,0.9561906925844481,0.24616860318079653
0.7040889044991315,1.589851336240531,1.0410818416719374,0.23541668701441562
0.7040889044991315,1.589851336240531,0.9154091861009428,0.23541668701441562
0.7040889044991315,1.589851336240531,1.1289063457759365,0.23541668701441562
0.7040889044991315,1.5867838889869932,0.9134307049515618,0.23541668701441562
0.6776071554939392,1.5867838889869932,1.037427444542783,0.23541668701441562
0.6776071554939392,1.5867838889869932,1.0864317099083387,0.23541668701441562
0.741457384342461,1.5867838889869932,1.0186928962375925,0.23541668701441562
0.741457384342461,1.6481113105058276,0.8418249320347083,0.23541668701441562
0.741457384342461,1.6481113105058276,0.8759550485637307,0.23541668701441562
0.741457384342461,1.626314497995672,0.8268932265172796,0.23541668701441562
0.741457384342461,1.626314497995672,0.8460109394580612,0.23541668701441562
0.741457384342461,1.626314497995672,0.8936902282742533,0.23541668701441562
0.741457384342461,1.626314497995672,0.859371238165971,0.23541668701441562
0.741457384342461,1.626314497995672,0.8949516398806572,0.23541668701441562
0.741457384342461,1.626314497995672,0.874730163575514,0.23541668701441562
0.741457384342461,1.626314497995672,0.869856647956093,0.23541668701441562
0.741457384342461,1.626314497995672,0.8898626366056995,0.23541668701441562
0.741457384342461,1.626314497995672,0.9022020903633803,0.23541668701441562
0.741457384342461,1.626314497995672,0.8566506119150343,0.23541668701441562
0.741457384342461,1.626314497995672,0.9324577213003339,0.23541668701441562
0.741457384342461,1.626314497995672,0.8994163974719356,0.23541668701441562
0.741457384342461,1.626314497995672,0.8894233224989448,0.23541668701441562
0.741457384342461,1.626314497995672,0.8656772943498923,0.23541668701441562
0.741457384342461,1.626314497995672,0.8089013412326235,0.23541668701441562
0.741457384342461,1.626314497995672,0.8847204404037267,0.23541668701441562
0.741457384342461,1.626314497995672,0.8563365276382086,0.23541668701441562
0.741457384342461,1.626314497995672,0.8462486339981096,0.23541668701441562
0.741457384342461,1.626314497995672,0.8884229045661503,0.23541668701441562
0.741457384342461,1.626314497995672,0.8210921520490615,0.23541668701441562
0.741457384342461,1.626314497995672,0.8676919799698065,0.23541668701441562
0.741457384342461,1.626314497995672,0.9273187450497664,0.23541668701441562
0.741457384342461,1.626314497995672,0.8729213663901163,0.23541668701441562
0.741457384342461,1.626314497995672,0.896981746329638,0.23541668701441562
0.741457384342461,1.626314497995672,0.8627205341927086,0.23541668701441562
0.741457384342461,1.626314497995672,0.9331250966612716,0.23541668701441562
0.741457384342461,1.626314497995672,0.8638422395168485,0.23541668701441562
0.741457384342461,1.626314497995672,0.8654385142007062,0.23541668701441562
0.741457384342461,1.626314497995672,0.8669056311178461,0.23541668701441562
0.741457384342461,1.626314497995672,0.8066425001218851,0.23541668701441562
0.741457384342461,1.626314497995672,0.8759135512611511,0.23541668701441562
0.741457384342461,1.626314497995672,0.8297531124229709,0.23541668701441562
0.741457384342461,1.626314497995672,0.8758711728871581,0.23541668701441562
0.741457384342461,1.626314497995672,0.9080623019423099,0.23541668701441562
0.7634814355276803,1.626314497995672,0.8492354562592779,0.23541668701441562
0.6796841013824224,1.626314497995672,0.9448447193192961,0.23541668701441562
0.6796841013824224,1.626314497995672,0.9559065491261546,0.23541668701441562
0.7647949140056322,1.626314497995672,0.9146459576746692,0.23541668701441562
0.7647949140056322,1.626314497995672,0.8694448501059254,0.23541668701441562
0.7647949140056322,1.626314497995672,0.8306931327608156,0.23541668701441562
0.7647949140056322,1.5983524936194198,0.85265395759233,0.23541668701441562
0.7647949140056322,1.5983524936194198,0.8479721459789684,0.23541668701441562
0.7647949140056322,1.5983524936194198,0.9092434925107402,0.23541668701441562
0.7647949140056322,1.5983524936194198,0.8818223136826124,0.23541668701441562
0.7647949140056322,1.5983524936194198,0.9025970777667796,0.23541668701441562
0.7647949140056322,1.5983524936194198,0.8688862766058596,0.23541668701441562
0.7647949140056322,1.6902360306389144,0.7787167130590242,0.23541668701441562
0.7647949140056322,1.6902360306389144,0.7832684988414139,0.23541668701441562
0.7647949140056322,1.6902360306389144,0.7963593530314464,0.23541668701441562
0.6951255946231105,1.6902360306389144,0.7577122119815678,0.23541668701441562
0.6951255946231105,1.6902360306389144,0.817399829829155,0.23541668701441562
0.6951255946231105,1.6902360306389144,0.8172658963009357,0.23541668701441562
0.6951255946231105,1.6902360306389144,0.7796376974031165,0.23541668701441562
0.6951255946231105,1.6902360306389144,0.8105686455802059,0.23541668701441562
0.6951255946231105,1.6902360306389144,0.8104722117506972,0.23541668701441562
0.6082054489306341,1.6902360306389144,0.8472254153547293,0.25631899800074726
0.6082054489306341,1.6902360306389144,0.9490304746191753,0.25631899800074726
0.6854999004261706,1.6902360306389144,0.9235215146724577,0.25631899800074726
0.6854999004261706,1.6902360306389144,0.8318973519612904,0.25631899800074726
0.6854999004261706,1.6902360306389144,0.8860669221429203,0.25631899800074726
0.6854999004261706,1.6902360306389144,0.9139759824695881,0.25631899800074726
0.6854999004261706,1.6902360306389144,0.8187876539134935,0.25631899800074726
0.6854999004261706,1.6902360306389144,0.852552890594474,0.25631899800074726
0.6854999004261706,1.6902360306389144,0.8106609058265645,0.25631899800074726
0.6854999004261706,1.6902360306389144,0.919754765863457,0.25631899800074726
0.6854999004261706,1.6902360306389144,0.827136620660994,0.25631899800074726
0.6854999004261706,1.6902360306389144,0.8851240835717021,0.25631899800074726
0.6854999004261706,1.6902360306389144,0.8620267888297147,0.25631899800074726
0.6854999004261706,1.6902360306389144,0.8753863981655504,0.25631899800074726
0.6854999004261706,1.6902360306389144,0.8304425340760427,0.25631899800074726
0.6854999004261706,1.6902360306389144,0.9611159770651067,0.25631899800074726
0.6854999004261706,1.6902360306389144,0.822563678556967,0.25631899800074726
0.6854999004261706,1.6902360306389144,0.8217022593687023,0.25631899800074726
0.6854999004261706,1.6902360306389144,0.9267109158633818,0.25631899800074726
0.6854999004261706,1.6902360306389144,0.8829645856876603,0.25631899800074726
0.6854999004261706,1.6902360306389144,0.8850992969005376,0.25631899800074726
0.6712104676676579,1.6902360306389144,0.9403958770986374,0.25631899800074726
0.6712104676676579,1.6902360306389144,0.8718090262883373,0.25631899800074726
0.6712104676676579,1.6902360306389144,0.8510791976374205,0.25631899800074726
0.6712104676676579,1.6902360306389144,0.7793546483604402,0.25631899800074726
0.6712104676676579,1.6902360306389144,0.8735847518512919,0.25631899800074726
0.6712104676676579,1.6902360306389144,0.9338890659814832,0.25631899800074726
0.6712104676676579,1.6902360306389144,0.8597198456996056,0.25631899800074726
0.6712104676676579,1.6902360306389144,0.9046877914138434,0.25631899800074726
0.6712104676676579,1.6902360306389144,0.9066440631713216,0.25631899800074726
0.6712104676676579,1.6902360306389144,0.8221968765232517,0.25631899800074726
0.6712104676676579,1.6902360306389144,0.871812257263179,0.25631899800074726
0.6712104676676579,1.6902360306389144,0.9355518918861596,0.25631899800074726
0.6712104676676579,1.6902360306389144,0.8811448245514059,0.25631899800074726
0.6712104676676579,1.6902360306389144,1.0307728616319336,0.25631899800074726
0.6712104676676579,1.6902360306389144,0.9059004643215983,0.25631899800074726
0.6712104676676579,1.6902360306389144,0.980389113762814,0.25631899800074726
0.6712104676676579,1.6902360306389144,0.8938433456917511,0.25631899800074726
0.6712104676676579,1.6902360306389144,0.886230061371906,0.25631899800074726
0.6712104676676579,1.6902360306389144,0.9062953563423821,0.25631899800074726
0.6712104676676579,1.6902360306389144,0.9270441181432632,0.25631899800074726
0.6712104676676579,1.6902360306389144,0.9042715711544196,0.25631899800074726
0.6712104676676579,1.6902360306389144,0.8653808986960556,0.25631899800074726
0.6712104676676579,1.6902360306389144,0.8721416769768471,0.25631899800074726
0.6712104676676579,1.6902360306389144,0.8686618724029194,0.25631899800074726
0.6712104676676579,1.6902360306389144,0.9674599816722175,0.25631899800074726
0.6712104676676579,1.6902360306389144,0.9356040656337669,0.25631899800074726
0.6712104676676579,1.6902360306389144,0.8440425437422979,0.25631899800074726
0.6712104676676579,1.6902360306389144,0.9804018221602083,0.25631899800074726
0.6712104676676579,1.6902360306389144,0.8360267811203198,0.25631899800074726
0.6712104676676579,1.6902360306389144,0.9012684732046693,0.25631899800074726
0.6712104676676579,1.6967749798472624,0.8976705977544914,0.25631899800074726
0.6712104676676579,1.6967749798472624,0.9497042564580935,0.25631899800074726
0.6712104676676579,1.6967749798472624,0.8975315905241988,0.26478192060670797
0.6712104676676579,1.6967749798472624,0.8789445461494002,0.26478192060670797
0.6712104676676579,1.6967749798472624,0.8658741349171005,0.26478192060670797
0.6712104676676579,1.6967749798472624,0.7949648153269111,0.26478192060670797
0.6712104676676579,1.6967749798472624,0.9108186191675517,0.26478192060670797
0.6712104676676579,1.6967749798472624,0.8476459680871208,0.26478192060670797
0.6712104676676579,1.6967749798472624,0.8777100748780503,0.26478192060670797
0.6712104676676579,1.6967749798472624,0.845340885971766,0.26478192060670797
0.6712104676676579,1.6967749798472624,0.9287755495383739,0.26478192060670797
0.6712104676676579,1.6967749798472624,0.8995413854713166,0.26478192060670797
0.6712104676676579,1.6524345304017258,0.9681369834040415,0.26478192060670797
0.6712104676676579,1.6524345304017258,0.9102619109423356,0.26478192060670797
0.6712104676676579,1.6524345304017258,0.9486025433865091,0.26478192060670797
0.6712104676676579,1.6524345304017258,0.9424587441878994,0.26478192060670797
0.6712104676676579,1.6524345304017258,1.0660029176093782,0.26478192060670797
0.6712104676676579,1.6524345304017258,0.9571145187110988,0.26478192060670797
0.6712104676676579,1.6524345304017258,0.9027775102056409,0.26478192060670797
0.6712104676676579,1.6524345304017258,1.0098479566446932,0.26478192060670797
0.6712104676676579,1.6524345304017258,0.9866303432303483,0.26478192060670797
0.6712104676676579,1.6524345304017258,0.9849650461854472,0.26478192060670797
0.6712104676676579,1.6524345304017258,0.9331787109306438,0.20319701040804683
0.6712104676676579,1.6524345304017258,0.8313671948180302,0.20319701040804683
0.6712104676676579,1.6524345304017258,0.992378137026884,0.20319701040804683
0.6712104676676579,1.6524345304017258,0.8611746433323089,0.20319701040804683
0.6712104676676579,1.6524345304017258,0.8209662226499874,0.20319701040804683
0.6712104676676579,1.6524345304017258,0.9089804101975936,0.20319701040804683
0.6712104676676579,1.6524345304017258,0.8568990253239155,0.20319701040804683
0.6712104676676579,1.6524345304017258,0.955061387305724,0.20319701040804683
0.6712104676676579,1.6524345304017258,0.8711402215176203,0.20319701040804683
0.6712104676676579,1.6524345304017258,0.8805950232087641,0.20319701040804683
0.6712104676676579,1.6524345304017258,0.8502088274783921,0.20319701040804683
0.6712104676676579,1.6524345304017258,0.8517589762164256,0.20319701040804683
0.6712104676676579,1.6524345304017258,0.861845500905182,0.20319701040804683
0.6712104676676579,1.6524345304017258,0.8974433370355873,0.28326850965664246
0.6712104676676579,1.6524345304017258,1.0147452553684302,0.25330269904587294
0.6712104676676579,1.6524345304017258,0.9987951267505161,0.25330269904587294
0.6712104676676579,1.6524345304017258,0.9273938530540611,0.25330269904587294
0.6712104676676579,1.6524345304017258,0.9055135628677009,0.25330269904587294
0.6712104676676579,1.6524345304017258,0.91564838639798,0.25330269904587294
0.6712104676676579,1.6524345304017258,0.9514346290254847,0.2712512549754013
0.6712104676676579,1.6524345304017258,1.0843936175627065,0.2712512549754013
0.6712104676676579,1.6524345304017258,0.8664919864018983,0.2220827531753994
0.6712104676676579,1.6524345304017258,0.9300184378329269,0.2220827531753994
0.6712104676676579,1.6524345304017258,0.9096471916059605,0.2220827531753994
0.6712104676676579,1.6524345304017258,0.9210847193808342,0.2220827531753994
0.6712104676676579,1.6524345304017258,0.890614777209646,0.2220827531753994
0.6712104676676579,1.6524345304017258,1.0221257796278431,0.2220827531753994
0.6712104676676579,1.6524345304017258,0.9419622436331399,0.2220827531753994
0.6712104676676579,1.6524345304017258,0.8973501508538466,0.2220827531753994
0.6712104676676579,1.6524345304017258,0.9323823120759107,0.2220827531753994
0.6712104676676579,1.6524345304017258,0.9975576647563397,0.2220827531753994
0.6712104676676579,1.6524345304017258,1.0005903381210077,0.2220827531753994
0.6712104676676579,1.6524345304017258,0.9338955741252954,0.2220827531753994
0.6712104676676579,1.6524345304017258,0.9129913654300045,0.2220827531753994
0.6712104676676579,1.6524345304017258,0.977337073608929,0.2220827531753994
0.6712104676676579,1.6524345304017258,0.9031470222577197,0.22555434675803515
0.6712104676676579,1.6524345304017258,0.8653472187416209,0.22555434675803515
0.6712104676676579,1.6524345304017258,0.9766454063800458,0.22555434675803515
0.6954959986931855,1.6524345304017258,0.9415155357166383,0.23369051942606064
0.6954959986931855,1.6524345304017258,0.8980348399098869,0.23369051942606064
0.6954959986931855,1.6524345304017258,0.896522577184964,0.23369051942606064
0.6954959986931855,1.6524345304017258,0.9493179514882918,0.23369051942606064
0.6954959986931855,1.6524345304017258,0.8858497022697784,0.23369051942606064
0.6954959986931855,1.6524345304017258,0.9951356083831386,0.23369051942606064
0.6954959986931855,1.6524345304017258,0.9547068494846119,0.23369051942606064
0.6954959986931855,1.6524345304017258,0.8225094339050926,0.23369051942606064
0.6954959986931855,1.6524345304017258,0.9393871813272827,0.23369051942606064
0.6954959986931855,1.6524345304017258,0.9123122201533493,0.23369051942606064
0.6954959986931855,1.6524345304017258,0.9330360026529627,0.23369051942606064
0.6954959986931855,1.6524345304017258,0.8229167165398467,0.23369051942606064
0.6954959986931855,1.6524345304017258,0.9078986203820912,0.23369051942606064
0.6954959986931855,1.6524345304017258,0.8904176068402136,0.23369051942606064
0.6954959986931855,1.6524345304017258,0.8794447324058172,0.23369051942606064
0.6954959986931855,1.6524345304017258,0.8378927118005011,0.23369051942606064
0.6954959986931855,1.6524345304017258,0.8727769739045577,0.23369051942606064
0.6954959986931855,1.6524345304017258,0.9516450035963131,0.23369051942606064
0.6954959986931855,1.6524345304017258,0.9522085079091285,0.23369051942606064
0.6954959986931855,1.6524345304017258,0.868533954183127,0.21241251315925
0.6954959986931855,1.6524345304017258,0.909263513367827,0.21241251315925
0.6954959986931855,1.6524345304017258,0.837253581264186,0.21241251315925
0.6954959986931855,1.6524345304017258,0.8734475471055159,0.21241251315925
0.6954959986931855,1.6524345304017258,0.8675775092523988,0.21241251315925
0.6954959986931855,1.6524345304017258,0.8684333515824807,0.21241251315925
0.6954959986931855,1.6524345304017258,0.8223098655727457,0.21241251315925
0.6954959986931855,1.6524345304017258,0.9108944281827275,0.21241251315925
0.6954959986931855,1.6524345304017258,0.875230816196543,0.21241251315925
0.6954959986931855,1.6524345304017258,0.8789186949664064,0.21241251315925
0.6954959986931855,1.6524345304017258,0.8336028655011032,0.21241251315925
0.6954959986931855,1.6524345304017258,0.8642807966881187,0.21241251315925
0.6954959986931855,1.6524345304017258,0.8960933874290092,0.21241251315925
0.6954959986931855,1.6524345304017258,0.8441328303524125,0.21241251315925
0.6954959986931855,1.6524345304017258,0.8728145221781947,0.20827657258640242
0.6954959986931855,1.6385692225542796,0.8469674000805744,0.20827657258640242
0.6954959986931855,1.6385692225542796,0.9309188584962651,0.20827657258640242
0.6954959986931855,1.5911611124657947,0.9068246085387575,0.20827657258640242
0.6954959986931855,1.5911611124657947,1.0002798274081122,0.20827657258640242
0.7341336299007334,1.5911611124657947,0.9177713304534542,0.20827657258640242
0.7341336299007334,1.5911611124657947,0.8379500681441097,0.20827657258640242
0.7341336299007334,1.5911611124657947,0.9676374500960861,0.20827657258640242
0.7341336299007334,1.5911611124657947,0.8863755627320636,0.20827657258640242
0.7341336299007334,1.5911611124657947,0.881571823658772,0.26299538205198575
0.7341336299007334,1.5911611124657947,1.0159368051322553,0.26299538205198575
0.7341336299007334,1.5911611124657947,1.0658616156814436,0.26299538205198575
0.7341336299007334,1.5911611124657947,1.0176571872216544,0.26299538205198575
0.7341336299007334,1.5911611124657947,0.925483825823535,0.26299538205198575
0.7341336299007334,1.5911611124657947,1.04351505402091,0.26299538205198575
0.7341336299007334,1.5911611124657947,1.025815757280492,0.26299538205198575
0.7341336299007334,1.5911611124657947,0.9391936476558017,0.26299538205198575
0.7341336299007334,1.5911611124657947,0.9075958730213989,0.26299538205198575
0.7341336299007334,1.5911611124657947,0.9128403369992266,0.26299538205198575
0.7341336299007334,1.5911611124657947,0.9465939417978722,0.26299538205198575
0.7341336299007334,1.5911611124657947,0.9366170871911019,0.26299538205198575
0.7341336299007334,1.5911611124657947,1.0271254750867553,0.26299538205198575
0.7341336299007334,1.5911611124657947,0.9870177804392015,0.26299538205198575
0.7341336299007334,1.6549461103241596,0.9011425683274945,0.26299538205198575
0.7341336299007334,1.6549461103241596,0.8039505029906014,0.26299538205198575
0.7341336299007334,1.6549461103241596,0.8259667394315693,0.26299538205198575
0.7341336299007334,1.6549461103241596,0.8147804606408986,0.26299538205198575
0.7341336299007334,1.6549461103241596,0.8306098892312646,0.26299538205198575
0.7341336299007334,1.6549461103241596,0.902131904117185,0.26299538205198575
0.7341336299007334,1.680483474578654,0.7909854229688464,0.2735179514823185
0.7341336299007334,1.680483474578654,0.872764066853413,0.2735179514823185
0.7341336299007334,1.680483474578654,0.8205035291611623,0.2735179514823185
0.7341336299007334,1.680483474578654,0.7737674330187131,0.2735179514823185
0.7341336299007334,1.680483474578654,0.810082924646154,0.2735179514823185
0.7341336299007334,1.680483474578654,0.7762964070271614,0.2735179514823185
0.7341336299007334,1.680483474578654,0.7924658107968162,0.2735179514823185
0.7341336299007334,1.680483474578654,0.7725850041144063,0.2735179514823185
0.7341336299007334,1.680483474578654,0.8261290558265421,0.2735179514823185
0.8093436171564378,1.680483474578654,0.8168190581124882,0.2735179514823185
0.8093436171564378,1.680483474578654,0.7930650668957889,0.2735179514823185
0.8093436171564378,1.680483474578654,0.7623867877996939,0.2735179514823185
0.8093436171564378,1.680483474578654,0.7189096648771727,0.2735179514823185
0.8093436171564378,1.680483474578654,0.7948184122268215,0.2735179514823185
0.7921475801706923,1.680483474578654,0.7393725341723845,0.2735179514823185
0.7921475801706923,1.680483474578654,0.7649187631637063,0.2735179514823185
0.7921475801706923,1.680483474578654,0.7473383212847026,0.2735179514823185
0.7921475801706923,1.680483474578654,0.7310889835438087,0.2735179514823185
0.7921475801706923,1.680483474578654,0.7295686751615504,0.2735179514823185
0.7921475801706923,1.680483474578654,0.8582507150537586,0.2735179514823185
0.7921475801706923,1.680483474578654,0.8081284211846437,0.2735179514823185
0.7921475801706923,1.680483474578654,0.7817958346122713,0.2735179514823185
0.7921475801706923,1.680483474578654,0.7711970183994491,0.2735179514823185
0.7921475801706923,1.680483474578654,0.7904326222841673,0.31342358040907736
0.7921475801706923,1.680483474578654,0.8247185277583748,0.31342358040907736
0.7921475801706923,1.680483474578654,0.8122856047733937,0.31342358040907736
0.7921475801706923,1.680483474578654,0.8842463851248242,0.31342358040907736
0.7921475801706923,1.680483474578654,0.8570009471493228,0.31342358040907736
0.7921475801706923,1.680483474578654,0.8044537015399468,0.31342358040907736
0.7921475801706923,1.680483474578654,0.8257399089972405,0.31342358040907736
0.7921475801706923,1.680483474578654,0.8164376854716332,0.31342358040907736
0.7921475801706923,1.680483474578654,0.7642767579018455,0.27861213646410293
0.7921475801706923,1.6106574321051217,0.7710910843579457,0.27861213646410293
0.7921475801706923,1.6106574321051217,0.9537576001798105,0.27861213646410293
0.7921475801706923,1.6106574321051217,0.9399246774619022,0.27861213646410293
0.7921475801706923,1.6106574321051217,0.927806864091733,0.27861213646410293
0.7921475801706923,1.6106574321051217,0.8996317725733938,0.27861213646410293
0.7921475801706923,1.6106574321051217,0.9325323671492577,0.27861213646410293
0.7921475801706923,1.6106574321051217,0.9282108906663866,0.27861213646410293
0.7921475801706923,1.6106574321051217,0.8430217090727179,0.27861213646410293
0.7921475801706923,1.6106574321051217,0.8601136693682626,0.27861213646410293
0.7921475801706923,1.6106574321051217,0.8674398955466821,0.27861213646410293
0.7921475801706923,1.6106574321051217,0.8533768652193554,0.27861213646410293
0.7921475801706923,1.6106574321051217,0.9149258999107985,0.27861213646410293
0.7921475801706923,1.6106574321051217,0.8998212011605089,0.27861213646410293
0.7921475801706923,1.6106574321051217,0.8478265382942836,0.27861213646410293
0.7921475801706923,1.6106574321051217,0.8269363169127285,0.27861213646410293
0.7921475801706923,1.6106574321051217,0.8850322956263421,0.27861213646410293
0.7921475801706923,1.6106574321051217,0.8384565557650969,0.27861213646410293
0.7921475801706923,1.6106574321051217,0.8811626258901002,0.24611855621246567
0.7921475801706923,1.6106574321051217,0.8985668921208638,0.2488878245106693
0.7921475801706923,1.6106574321051217,0.7883826639642244,0.2488878245106693
0.7921475801706923,1.6106574321051217,0.9197330808135521,0.2488878245106693
0.7921475801706923,1.6106574321051217,0.9073061849886801,0.2488878245106693
0.7921475801706923,1.6106574321051217,0.8450265864051806,0.2488878245106693
0.7921475801706923,1.6106574321051217,0.8322993149734073,0.2488878245106693
0.7921475801706923,1.6106574321051217,0.8801014670173408,0.27229998989651305
0.7921475801706923,1.6106574321051217,0.9009110493468998,0.27229998989651305
0.7921475801706923,1.6106574321051217,0.8008643871441823,0.24198495890612756
0.7921475801706923,1.6106574321051217,0.7571871045929215,0.24198495890612756
0.7921475801706923,1.6106574321051217,0.84098438945589,0.24198495890612756
0.8017783236519869,1.6106574321051217,0.8797119999494344,0.24198495890612756
0.8017783236519869,1.6106574321051217,0.875826727893319,0.24198495890612756
0.8017783236519869,1.6106574321051217,0.8204783121442476,0.24198495890612756
0.8017783236519869,1.6106574321051217,0.9345295528482973,0.24198495890612756
0.8017783236519869,1.5459219252225207,0.8402173979278987,0.24198495890612756
0.8017783236519869,1.5459219252225207,0.855182455074156,0.24198495890612756
0.8017783236519869,1.5459219252225207,1.0454321267013176,0.24198495890612756
0.8017783236519869,1.5459219252225207,0.9263322161992187,0.26024408083808215
0.7818576745232414,1.5459219252225207,0.9893627205802241,0.20750572928084082
0.7818576745232414,1.5459219252225207,0.8929633548540407,0.20750572928084082
0.7818576745232414,1.5459219252225207,1.025125333450856,0.20750572928084082
0.7818576745232414,1.5459219252225207,0.9490359177072417,0.20750572928084082
0.7818576745232414,1.5459219252225207,0.9132625263173698,0.20750572928084082
0.7818576745232414,1.5459219252225207,1.0532544019641878,0.20750572928084082
0.7818576745232414,1.5459219252225207,0.9834183352561323,0.20750572928084082
0.7818576745232414,1.5459219252225207,0.8435489130672225,0.20750572928084082
0.7818576745232414,1.5459219252225207,0.9542951582621227,0.20750572928084082
0.7818576745232414,1.5459219252225207,0.9092919922095277,0.2199420612708478
0.7818576745232414,1.5459219252225207,0.9585543753040122,0.2199420612708478
0.7818576745232414,1.5459219252225207,0.9414610151764297,0.2199420612708478
0.7384573245982062,1.5459219252225207,0.9763622522186226,0.2199420612708478
0.7384573245982062,1.5459219252225207,1.043394070036294,0.2199420612708478
0.7384573245982062,1.5459219252225207,1.0128346407587077,0.2199420612708478
0.7384573245982062,1.5459219252225207,0.9399308105039879,0.2199420612708478
0.7384573245982062,1.5273763928644468,1.0153987324505196,0.2199420612708478
0.7384573245982062,1.5273763928644468,1.1144767018865207,0.2199420612708478
0.7384573245982062,1.4978679041397125,1.138887783293876,0.2199420612708478
0.7384573245982062,1.4978679041397125,1.1619229919389782,0.2199420612708478
0.7384573245982062,1.4978679041397125,1.0630874234037155,0.2199420612708478
0.7384573245982062,1.4978679041397125,1.1418060145298816,0.2199420612708478
0.7384573245982062,1.4978679041397125,1.1255707625605895,0.2199420612708478
0.7384573245982062,1.4978679041397125,1.0918513293330352,0.2199420612708478
0.7384573245982062,1.526554947050623,1.1263140124989588,0.2199420612708478
0.7384573245982062,1.526554947050623,1.0981722077958436,0.2199420612708478
0.7384573245982062,1.526554947050623,1.0363635025159819,0.2199420612708478
0.7384573245982062,1.526554947050623,0.9802071085787241,0.2199420612708478
0.7384573245982062,1.526554947050623,1.142806242577463,0.2937592942175682
0.7384573245982062,1.526554947050623,1.0291478683690736,0.2937592942175682
0.7384573245982062,1.526554947050623,1.0650973017083474,0.2937592942175682
0.7384573245982062,1.526554947050623,1.0260614833117665,0.2937592942175682
0.7384573245982062,1.526554947050623,1.1530473945969886,0.2937592942175682
0.7384573245982062,1.526554947050623,1.1815045290335,0.2937592942175682
0.7384573245982062,1.526554947050623,1.0701009295900912,0.2937592942175682
0.7384573245982062,1.526554947050623,1.1990727580085214,0.2937592942175682
0.7384573245982062,1.526554947050623,1.044606072157327,0.2937592942175682
0.7384573245982062,1.526554947050623,1.1654909002065135,0.2937592942175682
0.7384573245982062,1.526554947050623,1.156226969654673,0.2937592942175682
0.7384573245982062,1.526554947050623,1.0919000372613838,0.2937592942175682
0.7384573245982062,1.526554947050623,1.1482550493934796,0.2937592942175682
0.7384573245982062,1.526554947050623,1.1788657783038148,0.2937592942175682
0.7384573245982062,1.526554947050623,1.077488836406005,0.2937592942175682
0.7384573245982062,1.526554947050623,1.0689241937205862,0.2937592942175682
0.7384573245982062,1.526554947050623,1.0636123974981677,0.2937592942175682
0.7384573245982062,1.526554947050623,1.0207801749950283,0.2937592942175682
0.7384573245982062,1.526554947050623,1.0856933399444202,0.2937592942175682
0.7384573245982062,1.526554947050623,1.1358713354826673,0.283700741137505
0.7384573245982062,1.5847035087019605,1.0910370439944221,0.283700741137505
0.7384573245982062,1.5847035087019605,1.0005729802375938,0.283700741137505
0.6936108636812433,1.5847035087019605,1.0067833258709074,0.283700741137505
0.6936108636812433,1.5847035087019605,1.1116911694603122,0.283700741137505
0.6936108636812433,1.5847035087019605,1.062955964847727,0.283700741137505
0.6936108636812433,1.5847035087019605,1.0817525032302913,0.283700741137505
0.6936108636812433,1.5847035087019605,1.0926806984130237,0.283700741137505
0.6936108636812433,1.5847035087019605,1.1674188527355993,0.283700741137505
0.6936108636812433,1.5847035087019605,1.0685525637906068,0.283700741137505
0.6936108636812433,1.5847035087019605,1.0338806521406723,0.283700741137505
0.6936108636812433,1.5847035087019605,1.1331145745449795,0.283700741137505
0.6936108636812433,1.5847035087019605,1.1140346834180224,0.283700741137505
0.6920734226964744,1.5847035087019605,1.0427422618090274,0.283700741137505
0.6920734226964744,1.5847035087019605,1.0794225438719682,0.283700741137505
0.6920734226964744,1.5847035087019605,1.0441950987582826,0.283700741137505
0.6920734226964744,1.5847035087019605,1.0295960453680442,0.19572711449748648
0.6920734226964744,1.5847035087019605,0.9480566952605397,0.19572711449748648
0.6920734226964744,1.5847035087019605,1.0519368457699174,0.19572711449748648
0.6920734226964744,1.5847035087019605,0.896055151217334,0.19572711449748648
0.6920734226964744,1.5847035087019605,1.0686051701112285,0.2776719202854198
0.6920734226964744,1.5847035087019605,1.108513696807244,0.2776719202854198
0.6920734226964744,1.5847035087019605,0.9574394889901224,0.2776719202854198
0.6920734226964744,1.5847035087019605,1.1294668435775428,0.2776719202854198
0.6920734226964744,1.5847035087019605,1.0265379084290511,0.2776719202854198
0.6920734226964744,1.5847035087019605,1.045498724792287,0.2776719202854198
0.6920734226964744,1.5847035087019605,1.00525296697104,0.2776719202854198
0.6920734226964744,1.5847035087019605,1.147982001701081,0.2776719202854198
0.6920734226964744,1.5847035087019605,0.9770044275544616,0.2776719202854198
0.6920734226964744,1.5847035087019605,1.031108429055034,0.2776719202854198
0.6920734226964744,1.5847035087019605,0.9489172002622103,0.2776719202854198
0.6920734226964744,1.5847035087019605,1.0884234582746442,0.2776719202854198
0.6920734226964744,1.5847035087019605,1.0533737063678807,0.2776719202854198
0.6920734226964744,1.5847035087019605,1.0656021255913644,0.2776719202854198
0.6920734226964744,1.5847035087019605,1.1383500340809332,0.2776719202854198
0.6920734226964744,1.5847035087019605,1.1305921708470104,0.2776719202854198
0.6920734226964744,1.5847035087019605,0.9972915923685313,0.2776719202854198
0.6920734226964744,1.5847035087019605,1.0712785979523158,0.2776719202854198
0.6920734226964744,1.5847035087019605,1.0743751494263176,0.2776719202854198
0.6920734226964744,1.5847035087019605,1.0339312653747694,0.2185227060075112
0.6920734226964744,1.5847035087019605,1.1050954410009617,0.2185227060075112
0.6920734226964744,1.5847035087019605,1.0238708824268639,0.2185227060075112
0.6920734226964744,1.5847035087019605,0.9856222735159281,0.2185227060075112
0.6920734226964744,1.5847035087019605,0.9766651359110988,0.2185227060075112
0.6920734226964744,1.5847035087019605,0.9521215139545145,0.23218833708341105
0.6920734226964744,1.5847035087019605,1.0907514735716548,0.23218833708341105
0.6920734226964744,1.5847035087019605,1.019208671004169,0.23218833708341105
0.6920734226964744,1.5847035087019605,1.0159896050671762,0.23218833708341105
0.6920734226964744,1.5847035087019605,1.0571706011805904,0.23218833708341105
0.6920734226964744,1.5847035087019605,0.9734629579803515,0.23218833708341105
0.6920734226964744,1.5847035087019605,1.0128828611013356,0.23218833708341105
0.6920734226964744,1.5847035087019605,0.9984308554975154,0.23218833708341105
0.6920734226964744,1.5847035087019605,0.9982262177915868,0.23218833708341105
0.6920734226964744,1.5847035087019605,1.0470665469224658,0.23218833708341105
0.6920734226964744,1.5847035087019605,0.9726421130395971,0.23218833708341105
0.6920734226964744,1.5847035087019605,1.0497017724016096,0.23218833708341105
0.6920734226964744,1.5847035087019605,1.0410188623770822,0.23218833708341105
0.6920734226964744,1.5847035087019605,1.0366673911663202,0.23218833708341105
0.6920734226964744,1.5847035087019605,1.0764200961693047,0.23218833708341105
0.6920734226964744,1.5847035087019605,1.237397238458665,0.23218833708341105
0.6920734226964744,1.5847035087019605,1.0820568474023176,0.23218833708341105
0.6920734226964744,1.5847035087019605,1.0115436233716155,0.23218833708341105
0.6920734226964744,1.5847035087019605,0.9297134129272443,0.23218833708341105
0.6920734226964744,1.5731624258819359,0.9536038755670679,0.23218833708341105
0.6920734226964744,1.5731624258819359,1.1514831226304147,0.23218833708341105
0.6920734226964744,1.5731624258819359,1.0573421111221315,0.21977158668737928
0.6920734226964744,1.5731624258819359,1.0783202806896794,0.21977158668737928
0.6920734226964744,1.5731624258819359,1.046744791974128,0.21977158668737928
0.6920734226964744,1.5731624258819359,1.0202430352709835,0.262906697291381
0.8094195740085104,1.5731624258819359,1.006869593368995,0.262906697291381
0.8094195740085104,1.5731624258819359,0.8991414610793528,0.262906697291381
0.8094195740085104,1.5731624258819359,0.9666201589361435,0.262906697291381
0.8094195740085104,1.5731624258819359,0.8742077689323986,0.262906697291381
0.8094195740085104,1.5731624258819359,0.9421762389568238,0.262906697291381
0.8554342818253075,1.5731624258819359,0.8576953650972675,0.262906697291381
0.8554342818253075,1.5141533549695967,0.8961450484199962,0.262906697291381
0.8554342818253075,1.5141533549695967,0.9212643775315498,0.22409797798162157
0.8554342818253075,1.5141533549695967,0.9756625977226536,0.22409797798162157
0.8554342818253075,1.5141533549695967,0.9285533865357934,0.22409797798162157
0.8554342818253075,1.5141533549695967,0.9399867613524371,0.22409797798162157
0.8554342818253075,1.5141533549695967,0.8529047125731094,0.19024195655686493
0.8554342818253075,1.5141533549695967,0.8647325714233303,0.19024195655686493
0.8554342818253075,1.5141533549695967,0.8295660782855169,0.19024195655686493
0.8554342818253075,1.5141533549695967,0.8619399978091286,0.19024195655686493
0.8554342818253075,1.5141533549695967,0.8425308479421971,0.19024195655686493
0.8554342818253075,1.5141533549695967,0.8202097790702274,0.19024195655686493
0.8554342818253075,1.4551100068562979,0.9041090725117836,0.19024195655686493
0.8554342818253075,1.4551100068562979,0.9301849992047331,0.19024195655686493
0.8554342818253075,1.4551100068562979,1.0283725127161114,0.19024195655686493
0.8554342818253075,1.4551100068562979,1.0108969013863465,0.19024195655686493
0.8554342818253075,1.4551100068562979,0.978595259957817,0.19024195655686493
0.8538391685300724,1.4551100068562979,0.9261521016165014,0.19024195655686493
0.8538391685300724,1.4551100068562979,0.9468750043175317,0.19024195655686493
0.8538391685300724,1.470906533503147,0.9952314816009231,0.19024195655686493
0.8538391685300724,1.470906533503147,1.0228745063125426,0.19024195655686493
0.8538391685300724,1.470906533503147,0.9961858613151122,0.19024195655686493
0.8538391685300724,1.470906533503147,0.9147263211339928,0.19024195655686493
0.8121149083861454,1.470906533503147,0.9791219716915621,0.19024195655686493
0.8121149083861454,1.470906533503147,1.0561162796101677,0.19024195655686493
0.8121149083861454,1.470906533503147,1.0849249707286843,0.19024195655686493
0.8121149083861454,1.470906533503147,1.0514927977401944,0.19024195655686493
0.8121149083861454,1.470906533503147,1.0249225745111261,0.19024195655686493
0.8121149083861454,1.470906533503147,0.9777226620191365,0.19024195655686493
0.8121149083861454,1.470906533503147,1.071097192934443,0.19024195655686493
0.8121149083861454,1.470906533503147,1.0294121674076857,0.19024195655686493
0.8121149083861454,1.470906533503147,1.0653253326844627,0.19024195655686493
0.8121149083861454,1.470906533503147,1.0025985547656404,0.19024195655686493
0.8121149083861454,1.470906533503147,1.004182612343866,0.19024195655686493
0.8121149083861454,1.470906533503147,0.9909384027108332,0.19024195655686493
0.8121149083861454,1.470906533503147,1.124379858622537,0.19024195655686493
0.8121149083861454,1.470906533503147,1.034886198496583,0.19024195655686493
0.8121149083861454,1.470906533503147,1.031412030297551,0.19024195655686493
0.8121149083861454,1.470906533503147,1.023613788641137,0.19024195655686493
0.8121149083861454,1.470906533503147,1.0621280655872427,0.19024195655686493
0.8121149083861454,1.470906533503147,0.993645254416612,0.19024195655686493
0.8121149083861454,1.470906533503147,1.032818763462279,0.19024195655686493
0.8121149083861454,1.470906533503147,0.8910763353851944,0.19024195655686493
0.8121149083861454,1.470906533503147,0.9808966142111872,0.19024195655686493
0.8121149083861454,1.470906533503147,1.0333993677374658,0.19024195655686493
0.8121149083861454,1.470906533503147,0.9653683460813572,0.19024195655686493
0.86918428928781,1.470906533503147,0.9560050034313361,0.19024195655686493
0.86918428928781,1.470906533503147,0.9721109029755499,0.19024195655686493
0.86918428928781,1.470906533503147,1.022347682454409,0.19024195655686493
0.8139788574968434,1.470906533503147,1.0539821782067178,0.19024195655686493
0.8139788574968434,1.470906533503147,1.089716683533974,0.19024195655686493
0.8139788574968434,1.470906533503147,0.994806539984248,0.19024195655686493
0.8139788574968434,1.470906533503147,1.0181142993918606,0.2135930325669849
0.8139788574968434,1.470906533503147,0.9265245543990652,0.2135930325669849
0.8139788574968434,1.470906533503147,1.0169703048737513,0.2135930325669849
0.8139788574968434,1.470906533503147,1.035613211436904,0.2135930325669849
0.8139788574968434,1.470906533503147,1.1108202606611326,0.2135930325669849
0.8139788574968434,1.470906533503147,1.0486557911321954,0.2135930325669849
0.8139788574968434,1.470906533503147,1.0633704580941592,0.2135930325669849
0.8139788574968434,1.470906533503147,1.0281843942762927,0.2135930325669849
0.8139788574968434,1.470906533503147,1.020773604321114,0.2135930325669849
0.8139788574968434,1.470906533503147,0.9707370181507855,0.2135930325669849
0.8139788574968434,1.470906533503147,1.0716521800097152,0.2135930325669849
0.8139788574968434,1.470906533503147,0.9066574546973101,0.2135930325669849
0.8139788574968434,1.470906533503147,1.0753388489179132,0.2135930325669849
0.8139788574968434,1.470906533503147,1.027493130779882,0.2135930325669849
0.8139788574968434,1.470906533503147,1.0184140744376922,0.2135930325669849
0.8139788574968434,1.470906533503147,0.945544427347254,0.2135930325669849
0.8139788574968434,1.470906533503147,1.0575356485184906,0.2135930325669849
0.8139788574968434,1.470906533503147,1.0621176536907577,0.2135930325669849
0.8139788574968434,1.470906533503147,1.1149599687392493,0.2135930325669849
0.8139788574968434,1.470906533503147,0.9317282972301244,0.2135930325669849
0.8139788574968434,1.470906533503147,1.0556163578909954,0.2135930325669849
0.8139788574968434,1.470906533503147,0.963978584339519,0.19157156591895996
0.8139788574968434,1.470906533503147,1.047067975338855,0.19157156591895996
0.8139788574968434,1.470906533503147,1.030158688650253,0.19157156591895996
0.8139788574968434,1.470906533503147,0.9959543613631912,0.19157156591895996
0.8139788574968434,1.470906533503147,0.9745057375726374,0.19157156591895996
0.8139788574968434,1.470906533503147,1.1345924553435967,0.19157156591895996
0.8139788574968434,1.470906533503147,0.9188556201045712,0.19157156591895996
0.8139788574968434,1.470906533503147,0.904032783649933,0.19157156591895996
0.8139788574968434,1.470906533503147,1.0503849270019265,0.26712982844262645
0.8139788574968434,1.470906533503147,1.021036801542309,0.26712982844262645
0.8139788574968434,1.5272607886587601,1.106162438362415,0.26712982844262645
0.8139788574968434,1.5272607886587601,1.0059532934672288,0.26712982844262645
0.8139788574968434,1.5272607886587601,1.0114132300934684,0.26712982844262645
0.8139788574968434,1.5272607886587601,1.0214827264455753,0.26712982844262645
0.8139788574968434,1.5272607886587601,0.9439833735278239,0.26712982844262645
0.8139788574968434,1.5272607886587601,0.919680491866192,0.26712982844262645
0.8139788574968434,1.5272607886587601,0.9389954142768068,0.26712982844262645
0.8139788574968434,1.5272607886587601,0.9671251870325733,0.26712982844262645
0.8139788574968434,1.5272607886587601,0.9199987523213876,0.26712982844262645
0.8139788574968434,1.5272607886587601,1.0655338647459731,0.26712982844262645
0.8139788574968434,1.5272607886587601,0.9762425016145744,0.20710839430133765
0.8139788574968434,1.5272607886587601,0.9259985084442126,0.20710839430133765
0.8139788574968434,1.5272607886587601,0.9114562776313645,0.20710839430133765
0.8139788574968434,1.5272607886587601,0.9888957028306726,0.20710839430133765
0.8139788574968434,1.5272607886587601,0.9072087004291003,0.20710839430133765
0.8139788574968434,1.5272607886587601,0.9230573112699453,0.20710839430133765
0.8139788574968434,1.5272607886587601,1.0204711853742163,0.20710839430133765
0.8139788574968434,1.5272607886587601,0.924041548703906,0.20710839430133765
0.8139788574968434,1.5272607886587601,0.925071797025466,0.20710839430133765
0.8139788574968434,1.5272607886587601,0.9853660412661579,0.20710839430133765
0.8139788574968434,1.5272607886587601,0.8746878626866542,0.20710839430133765
0.8139788574968434,1.5272607886587601,0.9818861284713364,0.20710839430133765
0.6946801355233136,1.5272607886587601,0.9657531376244075,0.20710839430133765
0.6946801355233136,1.5272607886587601,1.0578346324964114,0.20710839430133765
0.6946801355233136,1.5272607886587601,1.0150600797551153,0.20710839430133765
0.7043461109880927,1.5272607886587601,1.034048118917145,0.20710839430133765
0.7043461109880927,1.5272607886587601,1.0839361727658041,0.20710839430133765
0.7043461109880927,1.5272607886587601,1.0485577038337865,0.20710839430133765
0.7043461109880927,1.5272607886587601,1.1524582679914193,0.20710839430133765
0.7043461109880927,1.5272607886587601,1.0179836721608193,0.20710839430133765
0.7043461109880927,1.5272607886587601,0.9858917980052309,0.20710839430133765
0.7043461109880927,1.5272607886587601,1.0321391743633257,0.20710839430133765
0.7595038820557568,1.5272607886587601,0.9652638726629573,0.20710839430133765
0.7595038820557568,1.5272607886587601,0.9699802833476753,0.20710839430133765
0.7595038820557568,1.5272607886587601,0.9380679975187887,0.20710839430133765
0.7595038820557568,1.5272607886587601,0.9844937865273227,0.20710839430133765
0.7595038820557568,1.5272607886587601,1.0166619807008297,0.20710839430133765
0.7595038820557568,1.5272607886587601,1.036110768912567,0.20710839430133765
0.7595038820557568,1.5272607886587601,0.956932094552775,0.20710839430133765
0.7595038820557568,1.5272607886587601,0.9412331378547256,0.20710839430133765
0.7595038820557568,1.5272607886587601,0.9718388185320114,0.20710839430133765
0.8093821527456688,1.5272607886587601,0.973853509390581,0.20710839430133765
0.8093821527456688,1.5272607886587601,0.9858593717297515,0.20710839430133765
0.8093821527456688,1.5272607886587601,0.9761671582497112,0.20710839430133765
0.8093821527456688,1.5272607886587601,0.9994328974174381,0.20710839430133765
0.8093821527456688,1.5272607886587601,0.9196484767102269,0.20710839430133765
0.8093821527456688,1.5272607886587601,0.8247630990675557,0.20710839430133765
0.82730472282593,1.5272607886587601,1.027869010708754,0.20710839430133765
0.82730472282593,1.5272607886587601,0.9474548246575853,0.27557245841752137
0.82730472282593,1.5272607886587601,0.9541467877345429,0.27557245841752137
0.82730472282593,1.5272607886587601,0.9024864117600802,0.27557245841752137
0.82730472282593,1.5272607886587601,0.9113707649947125,0.27557245841752137
0.82730472282593,1.5272607886587601,1.0114700033794395,0.27557245841752137
0.82730472282593,1.5272607886587601,0.9633485376645624,0.27557245841752137
0.82730472282593,1.5272607886587601,0.981933544248358,0.27557245841752137
0.82730472282593,1.5272607886587601,0.995622223594205,0.27557245841752137
0.82730472282593,1.5272607886587601,0.9598362166961875,0.27557245841752137
0.82730472282593,1.5272607886587601,0.8276063674244243,0.27557245841752137
0.82730472282593,1.5272607886587601,0.9737976866823989,0.27557245841752137
0.82730472282593,1.5272607886587601,0.8825086451537955,0.27557245841752137
0.82730472282593,1.5272607886587601,1.0605357318787223,0.2904440549495404
0.82730472282593,1.5272607886587601,0.9721573784993799,0.2904440549495404
0.82730472282593,1.5272607886587601,0.9523725950916793,0.2904440549495404
0.82730472282593,1.5272607886587601,0.9896367206623359,0.2904440549495404
0.82730472282593,1.5272607886587601,0.9752256709315038,0.2904440549495404
0.82730472282593,1.5272607886587601,0.9401699323289358,0.2904440549495404
0.82730472282593,1.5272607886587601,0.9779756090449687,0.2904440549495404
0.82730472282593,1.5272607886587601,0.9950373690167685,0.2904440549495404
0.82730472282593,1.5272607886587601,0.9502709030114176,0.2904440549495404
0.82730472282593,1.5272607886587601,1.0045635860990831,0.2904440549495404
0.82730472282593,1.5272607886587601,0.9438482511407259,0.2904440549495404
0.82730472282593,1.5272607886587601,1.0375032606798014,0.2904440549495404
0.82730472282593,1.5272607886587601,1.020111365597765,0.2904440549495404
0.82730472282593,1.5272607886587601,0.9412449888635885,0.24671489996685295
0.82730472282593,1.5272607886587601,0.9412532700694837,0.24671489996685295
0.8343476791827983,1.5557018314835527,0.9171080479221511,0.24671489996685295
0.8343476791827983,1.5557018314835527,0.889516501804112,0.24671489996685295
0.8343476791827983,1.5557018314835527,0.8697990633894376,0.24671489996685295
0.8343476791827983,1.5557018314835527,0.8862609866562192,0.24671489996685295
0.8343476791827983,1.5557018314835527,0.8976868084570928,0.24671489996685295
0.8343476791827983,1.5557018314835527,0.9170670650267948,0.24671489996685295
0.8017792917743751,1.5557018314835527,0.9327703352139101,0.24671489996685295
0.8017792917743751,1.5557018314835527,0.9602148563153723,0.24671489996685295
0.8017792917743751,1.5557018314835527,0.9441503284253608,0.24671489996685295
0.8017792917743751,1.5557018314835527,1.0583111735792412,0.24671489996685295
0.8017792917743751,1.5557018314835527,0.9476358437900845,0.24671489996685295
0.8017792917743751,1.5557018314835527,0.8540385758997449,0.24671489996685295
0.8017792917743751,1.5557018314835527,0.9968959193401377,0.24671489996685295
0.8017792917743751,1.5557018314835527,0.9381170815315825,0.24671489996685295
0.8510492712608455,1.5557018314835527,0.934751031800665,0.24671489996685295
0.8510492712608455,1.5557018314835527,0.8465506931484226,0.24671489996685295
0.8510492712608455,1.5557018314835527,0.8374204259391284,0.24671489996685295
0.8510492712608455,1.5557018314835527,0.8518417076694873,0.24671489996685295
0.8510492712608455,1.5557018314835527,0.8819022894269654,0.24671489996685295
0.8510492712608455,1.5557018314835527,0.8442059043437671,0.24671489996685295
0.8510492712608455,1.5557018314835527,0.8756542318781817,0.24671489996685295
0.8510492712608455,1.5557018314835527,0.9800620537438529,0.24671489996685295
0.8510492712608455,1.5557018314835527,0.8468035512045174,0.24671489996685295
0.8683843856238233,1.5557018314835527,0.8002437995054859,0.24671489996685295
0.8683843856238233,1.5557018314835527,0.812189068774216,0.24671489996685295
0.8683843856238233,1.5557018314835527,0.8781698163589927,0.24671489996685295
0.8683843856238233,1.5557018314835527,0.8192429157421603,0.24671489996685295
0.8683843856238233,1.5557018314835527,0.8280292857373481,0.24671489996685295
0.8683843856238233,1.5557018314835527,0.8708197318274583,0.24671489996685295
0.8683843856238233,1.5557018314835527,0.8435197365235944,0.24671489996685295
0.8683843856238233,1.5557018314835527,0.8227819008369263,0.24671489996685295
0.8683843856238233,1.5557018314835527,0.9044193883655066,0.24671489996685295
0.8683843856238233,1.5557018314835527,0.8518907320040985,0.24671489996685295
0.8683843856238233,1.5557018314835527,0.8678492689321076,0.24671489996685295
0.8683843856238233,1.5557018314835527,0.810904692962832,0.2264491751726397
0.8683843856238233,1.5557018314835527,0.8657107712371941,0.2264491751726397
0.8683843856238233,1.5557018314835527,0.8505294093439244,0.2264491751726397
0.8683843856238233,1.5557018314835527,0.8201272531472305,0.2264491751726397
0.8683843856238233,1.4972495136981705,0.8527467983767811,0.2264491751726397
0.8683843856238233,1.4972495136981705,0.9704551930701515,0.26600328256294054
0.8683843856238233,1.4972495136981705,1.0627520978853298,0.26600328256294054
0.8683843856238233,1.4972495136981705,0.9285098090663775,0.26600328256294054
0.8683843856238233,1.4972495136981705,0.9935199574254454,0.26600328256294054
0.8683843856238233,1.4972495136981705,0.9520170635662446,0.26600328256294054
0.8683843856238233,1.4972495136981705,0.871130512384638,0.26600328256294054
0.8683843856238233,1.4972495136981705,0.933968863899427,0.26600328256294054
0.8683843856238233,1.4972495136981705,0.955430592022303,0.26600328256294054
0.8683843856238233,1.4972495136981705,0.9324440772098384,0.26600328256294054
0.8683843856238233,1.4972495136981705,0.9831486818475232,0.26600328256294054
0.8683843856238233,1.4972495136981705,0.9622828578741869,0.26600328256294054
0.8683843856238233,1.4972495136981705,0.9691009803445083,0.20964248679003228
0.8683843856238233,1.4972495136981705,0.9316155490483218,0.20964248679003228
0.8683843856238233,1.4972495136981705,0.9511453263828382,0.20964248679003228
0.8683843856238233,1.4972495136981705,0.8972997388564534,0.20964248679003228
0.8683843856238233,1.4972495136981705,0.9446972171240631,0.20964248679003228
0.8683843856238233,1.4972495136981705,0.9240437739802912,0.20964248679003228
0.8683843856238233,1.4972495136981705,0.9049728855818763,0.20964248679003228
0.8194912389947135,1.4972495136981705,0.9060496281929924,0.20964248679003228
0.8194912389947135,1.4972495136981705,0.970037633682998,0.20964248679003228
0.8194912389947135,1.4972495136981705,0.9814374790920495,0.20964248679003228
0.8194912389947135,1.4972495136981705,0.940839517519103,0.20964248679003228
0.8194912389947135,1.4972495136981705,0.974203749372078,0.23578817216379389
0.8194912389947135,1.4972495136981705,1.0584395659694592,0.23578817216379389
0.8194912389947135,1.4972495136981705,1.0690749285967212,0.23578817216379389
0.8194912389947135,1.4972495136981705,1.0409547509563157,0.23578817216379389
0.8194912389947135,1.4972495136981705,0.9226364907363966,0.23578817216379389
0.8194912389947135,1.4972495136981705,0.934508293461244,0.23578817216379389
0.8194912389947135,1.4972495136981705,0.9405754848104146,0.2371350999037748
0.8194912389947135,1.4972495136981705,1.0196195479055463,0.2371350999037748
0.8194912389947135,1.4972495136981705,1.0021528918617044,0.2371350999037748
0.8194912389947135,1.4972495136981705,0.9908145819654448,0.2371350999037748
0.8194912389947135,1.4972495136981705,0.9510492330154625,0.2371350999037748
0.8194912389947135,1.4972495136981705,0.8760609018887273,0.2371350999037748
0.8194912389947135,1.4972495136981705,1.0702318163839566,0.2371350999037748
0.8194912389947135,1.4972495136981705,0.9153956723953471,0.2371350999037748
0.8194912389947135,1.4972495136981705,1.0189002316254674,0.2371350999037748
0.8194912389947135,1.4972495136981705,1.050269552813574,0.2371350999037748
0.8194912389947135,1.4972495136981705,0.928470669519887,0.2371350999037748
0.8194912389947135,1.4972495136981705,0.9971592160299728,0.2371350999037748
0.8194912389947135,1.4972495136981705,1.004894999466326,0.2371350999037748
0.8194912389947135,1.4972495136981705,1.0110905817568785,0.2371350999037748
0.8194912389947135,1.4972495136981705,1.0303038236127153,0.2371350999037748
0.8194912389947135,1.4972495136981705,1.001295065954908,0.2371350999037748
0.8194912389947135,1.4972495136981705,1.032128167763025,0.2371350999037748
0.8194912389947135,1.4972495136981705,1.013631251104833,0.2371350999037748
0.8194912389947135,1.4972495136981705,1.0577647804900394,0.2371350999037748
0.8194912389947135,1.4972495136981705,0.992125829678057,0.2371350999037748
0.8194912389947135,1.4972495136981705,0.9590739778616789,0.18609413735636224
0.8194912389947135,1.4972495136981705,0.9300140399326269,0.18609413735636224
0.8194912389947135,1.4972495136981705,0.9169067979975608,0.18609413735636224
0.8194912389947135,1.4972495136981705,0.8920954361373565,0.18609413735636224
0.8194912389947135,1.4972495136981705,0.9817728752400432,0.18609413735636224
0.8194912389947135,1.4972495136981705,0.9106433347099909,0.18609413735636224
0.8194912389947135,1.5245075304787636,0.8720705308049367,0.18609413735636224
0.8194912389947135,1.5245075304787636,0.9103878352656773,0.18609413735636224
0.8194912389947135,1.5245075304787636,0.9638929181813852,0.23809339710276392
0.8194912389947135,1.5245075304787636,0.9601485933501418,0.23809339710276392
0.8194912389947135,1.5245075304787636,0.9342047952667746,0.23809339710276392
0.8194912389947135,1.5245075304787636,0.9195190758753768,0.23809339710276392
0.8194912389947135,1.5245075304787636,0.9694809151106002,0.23809339710276392
0.8194912389947135,1.4983756072970107,0.9641424928637292,0.23809339710276392
0.8194912389947135,1.4983756072970107,1.0225322012240683,0.23809339710276392
0.8194912389947135,1.4983756072970107,0.9890514947907943,0.23809339710276392
0.8194912389947135,1.4983756072970107,0.9704443666495423,0.23809339710276392
0.8194912389947135,1.4983756072970107,1.0002464808514218,0.23809339710276392
0.8194912389947135,1.4983756072970107,0.9664833966961375,0.23809339710276392
0.8194912389947135,1.4983756072970107,0.9263577139915616,0.23809339710276392
0.8194912389947135,1.4983756072970107,0.9903601241678243,0.2263676271459053
0.8194912389947135,1.4983756072970107,1.119286602376451,0.2263676271459053
0.8194912389947135,1.4983756072970107,0.9574033804276856,0.2263676271459053
0.8194912389947135,1.4983756072970107,1.0052920079254146,0.2263676271459053
0.8194912389947135,1.4983756072970107,1.0342563079127796,0.2263676271459053
0.8194912389947135,1.4983756072970107,0.9350606182688427,0.2263676271459053
0.8194912389947135,1.4983756072970107,0.9745790295034239,0.2263676271459053
0.8194912389947135,1.4983756072970107,0.9265007460616276,0.17203362731102836
0.8194912389947135,1.4983756072970107,0.8566182028322068,0.17203362731102836
0.8194912389947135,1.4983756072970107,0.9160325266992418,0.17203362731102836
0.8194912389947135,1.4983756072970107,0.8689165465398486,0.17203362731102836
0.8194912389947135,1.4983756072970107,0.8644823015628621,0.17203362731102836
0.8194912389947135,1.4983756072970107,0.829569097313941,0.17203362731102836
0.8194912389947135,1.4983756072970107,0.9071722520631454,0.17203362731102836
0.8194912389947135,1.4983756072970107,0.9403586697256837,0.17203362731102836
0.8194912389947135,1.4983756072970107,0.9119005279738375,0.17203362731102836
0.8194912389947135,1.4983756072970107,0.9028645036116646,0.17203362731102836
0.8194912389947135,1.4820486539291682,0.8975492193505777,0.17203362731102836
0.8194912389947135,1.4820486539291682,0.952421232521008,0.17203362731102836
0.8194912389947135,1.4820486539291682,1.0106977922720377,0.17203362731102836
0.8194912389947135,1.4820486539291682,0.9492075252225033,0.17203362731102836
0.8194912389947135,1.4820486539291682,0.9954261287898993,0.18116068030588353
0.8194912389947135,1.4820486539291682,0.9867029681239843,0.18116068030588353
0.8194912389947135,1.4820486539291682,1.06468730075255,0.18116068030588353
0.8194912389947135,1.4820486539291682,1.0195223167327947,0.18116068030588353
0.8194912389947135,1.4820486539291682,0.8869708225863492,0.18116068030588353
0.8194912389947135,1.4820486539291682,0.9348028684292693,0.18116068030588353
0.8194912389947135,1.4820486539291682,1.0107376089469238,0.18116068030588353
0.8194912389947135,1.4820486539291682,0.9821266238713913,0.18116068030588353
0.8194912389947135,1.4820486539291682,0.8989997361622093,0.18116068030588353
0.8194912389947135,1.4820486539291682,1.132909293175114,0.18116068030588353
0.8194912389947135,1.4820486539291682,0.8735779493278802,0.18116068030588353
0.8194912389947135,1.4820486539291682,0.9206938943867794,0.18116068030588353
0.8194912389947135,1.4820486539291682,1.0644938483502775,0.18116068030588353
0.8194912389947135,1.4820486539291682,0.995158595407593,0.18116068030588353
0.8194912389947135,1.4534073242683792,0.9886854901337857,0.18116068030588353
0.8194912389947135,1.4534073242683792,0.9868600515160443,0.18116068030588353
0.8194912389947135,1.4534073242683792,1.0361180017857097,0.18116068030588353
0.8194912389947135,1.4534073242683792,1.0400622915114273,0.18116068030588353
0.8194912389947135,1.4534073242683792,1.1494485301993025,0.18116068030588353
0.8194912389947135,1.4534073242683792,1.0344272207391179,0.18116068030588353
0.8194912389947135,1.4534073242683792,1.063420607423558,0.18116068030588353
0.8194912389947135,1.4534073242683792,1.0601539066621648,0.18116068030588353
0.8194912389947135,1.4534073242683792,1.008872526856844,0.18116068030588353
0.8194912389947135,1.4534073242683792,1.0501987541352233,0.18116068030588353
0.8194912389947135,1.4534073242683792,0.9808834739229405,0.18116068030588353
0.8194912389947135,1.4534073242683792,0.9423271020947795,0.18116068030588353
0.8194912389947135,1.4534073242683792,1.0131977902813019,0.18116068030588353
0.8194912389947135,1.4534073242683792,1.0068277970623067,0.18116068030588353
0.8194912389947135,1.3863525691645593,1.1033093055430023,0.18116068030588353
0.8194912389947135,1.3863525691645593,1.0985911165034095,0.18116068030588353
0.8194912389947135,1.3863525691645593,1.084152317623772,0.18116068030588353
0.8194912389947135,1.3863525691645593,1.0924781104476096,0.18116068030588353
0.8194912389947135,1.3863525691645593,0.997888669423564,0.18116068030588353
0.8194912389947135,1.3863525691645593,1.2662375205393215,0.18116068030588353
0.8194912389947135,1.3863525691645593,1.2126442756600857,0.18116068030588353
0.8194912389947135,1.3863525691645593,1.0936758599256666,0.18116068030588353
0.8194912389947135,1.377524640331577,1.1981539070383411,0.18116068030588353
0.8194912389947135,1.377524640331577,1.1096259561327286,0.18116068030588353
0.8194912389947135,1.377524640331577,1.150219830893019,0.18116068030588353
0.8194912389947135,1.377524640331577,1.1571064810381773,0.18116068030588353
0.8194912389947135,1.377524640331577,1.0522198334418351,0.18116068030588353
0.9124986132565762,1.377524640331577,1.1015973748729135,0.18116068030588353
0.9124986132565762,1.377524640331577,0.9765800161900221,0.18116068030588353
0.9124986132565762,1.377524640331577,1.0618447561950213,0.18116068030588353
0.9124986132565762,1.377524640331577,1.1125040128908934,0.18116068030588353
0.9124986132565762,1.377524640331577,1.0356353204095357,0.18116068030588353
0.9124986132565762,1.377524640331577,0.9951725261389139,0.18116068030588353
0.9124986132565762,1.377524640331577,1.0471521373282469,0.18116068030588353
0.9124986132565762,1.377524640331577,1.1262365910067025,0.18116068030588353
0.9124986132565762,1.377524640331577,1.0421381491568174,0.18116068030588353
0.9124986132565762,1.377524640331577,1.043320731670965,0.18116068030588353
0.9124986132565762,1.377524640331577,1.0499856228085014,0.18116068030588353
0.9124986132565762,1.377524640331577,1.0768456137555704,0.24731922432947973
0.9124986132565762,1.377524640331577,1.0685039286172218,0.24731922432947973
0.9124986132565762,1.377524640331577,1.0744704326952639,0.24731922432947973
0.9124986132565762,1.377524640331577,1.2027292572522148,0.24731922432947973
0.9124986132565762,1.4082790318538836,0.9938961407297803,0.24731922432947973
0.9124986132565762,1.4082790318538836,1.0493546670369585,0.24731922432947973
0.9124986132565762,1.4082790318538836,1.0673020421464348,0.2257139538174398
0.9124986132565762,1.4082790318538836,0.9454971515552771,0.2257139538174398
0.9124986132565762,1.4082790318538836,1.0810009115141563,0.2257139538174398
0.9124986132565762,1.4082790318538836,1.0615637744214936,0.2257139538174398
0.9124986132565762,1.4082790318538836,0.9377719764518203,0.2257139538174398
0.9124986132565762,1.4082790318538836,0.9894109441771727,0.2257139538174398
0.8745347178187737,1.3975676320742343,1.0889562073463097,0.2257139538174398
0.8745347178187737,1.3975676320742343,1.1240712575020575,0.2257139538174398
0.8745347178187737,1.3975676320742343,1.1324362510968244,0.2257139538174398
0.8745347178187737,1.3975676320742343,1.0588273405295747,0.2257139538174398
0.8745347178187737,1.3975676320742343,1.0901542450011668,0.2257139538174398
0.8745347178187737,1.3975676320742343,1.1680053956272938,0.2257139538174398
0.8745347178187737,1.3975676320742343,1.136272146482161,0.2257139538174398
0.8745347178187737,1.3975676320742343,1.0455474692329798,0.2257139538174398
0.8745347178187737,1.3975676320742343,1.0889530454511704,0.2257139538174398
0.8745347178187737,1.3975676320742343,1.1374504638190186,0.2257139538174398
0.9038534888139205,1.3975676320742343,1.111183480302993,0.2257139538174398
0.9038534888139205,1.3975676320742343,0.9826637613339203,0.2257139538174398
0.9038534888139205,1.3975676320742343,0.9452077422609678,0.2257139538174398
0.9038534888139205,1.3975676320742343,0.9845025723101744,0.2257139538174398
0.9038534888139205,1.3975676320742343,1.0510399897914484,0.2257139538174398
0.9038534888139205,1.3975676320742343,1.1144833410967618,0.2257139538174398
0.9038534888139205,1.3975676320742343,1.1197719473475503,0.2257139538174398
0.9038534888139205,1.3975676320742343,1.1106489610449461,0.2257139538174398
0.9038534888139205,1.3975676320742343,1.0065538697777445,0.2257139538174398
0.9038534888139205,1.3975676320742343,0.995884874757364,0.2257139538174398
0.9038534888139205,1.3975676320742343,0.9537923787322331,0.2257139538174398
0.9038534888139205,1.3975676320742343,1.0593760905176124,0.2257139538174398
0.9038534888139205,1.3975676320742343,0.9409426689235169,0.2257139538174398
0.9038534888139205,1.3975676320742343,0.9764595821989894,0.2257139538174398
0.9038534888139205,1.3975676320742343,0.9973465679425406,0.2257139538174398
0.9038534888139205,1.3975676320742343,1.2284768271547262,0.2257139538174398
0.9038534888139205,1.3975676320742343,1.121599817365465,0.2257139538174398
0.9038534888139205,1.3975676320742343,1.0954084954017016,0.2257139538174398
0.9038534888139205,1.3975676320742343,0.9845595513977005,0.2257139538174398
0.9038534888139205,1.3975676320742343,0.9649235912344635,0.2257139538174398
0.9038534888139205,1.3975676320742343,0.9830731791666392,0.2257139538174398
0.9038534888139205,1.3975676320742343,0.9817513694608027,0.2257139538174398
0.9038534888139205,1.3975676320742343,1.0965315543252194,0.2257139538174398
0.8859124421396627,1.3975676320742343,0.9989245882406079,0.2257139538174398
0.8859124421396627,1.4032682541069161,1.0375669749070662,0.2257139538174398
0.8859124421396627,1.4032682541069161,1.0483736667602805,0.2257139538174398
0.8859124421396627,1.4032682541069161,0.9857243095050128,0.17460393142531805
0.8859124421396627,1.4032682541069161,1.0651497790841247,0.17460393142531805
0.8859124421396627,1.4032682541069161,0.9293054674008098,0.17460393142531805
0.8859124421396627,1.4032682541069161,0.9831376865208821,0.17460393142531805
0.8859124421396627,1.4013351442166686,1.0968829653258072,0.17460393142531805
0.8859124421396627,1.4013351442166686,1.062693862520709,0.17460393142531805
0.8859124421396627,1.4013351442166686,0.9632634118727538,0.17460393142531805
0.8859124421396627,1.4013351442166686,1.0800259980035236,0.17460393142531805
0.8859124421396627,1.4013351442166686,1.132461793591266,0.22186838520689334
0.8859124421396627,1.4013351442166686,1.092177879929297,0.22186838520689334
0.8859124421396627,1.4013351442166686,1.0617562609220754,0.22186838520689334
0.8859124421396627,1.4013351442166686,1.0735691574932638,0.22186838520689334
0.8859124421396627,1.4013351442166686,1.013970706118656,0.22186838520689334
0.8859124421396627,1.4013351442166686,1.2191601012892916,0.22186838520689334
0.8859124421396627,1.4013351442166686,1.1554235499894543,0.22186838520689334
0.8859124421396627,1.4013351442166686,0.9791970636636371,0.22186838520689334
0.8859124421396627,1.4597360357842872,1.0675825186754184,0.22186838520689334
0.8859124421396627,1.4597360357842872,1.049045022487889,0.22186838520689334
0.8859124421396627,1.4597360357842872,1.0422672063344627,0.22186838520689334
0.8859124421396627,1.4475542064109739,0.9301361856276575,0.22186838520689334
0.8859124421396627,1.4475542064109739,1.0022542209266327,0.22186838520689334
0.8859124421396627,1.4475542064109739,0.9374122866052745,0.22186838520689334
0.8859124421396627,1.4475542064109739,1.0006157810294907,0.22186838520689334
0.7772008133046595,1.4475542064109739,1.053084849079032,0.22186838520689334
0.7772008133046595,1.4475542064109739,1.0735928232519945,0.22186838520689334
0.7772008133046595,1.4475542064109739,1.2612179869861284,0.22186838520689334
0.7772008133046595,1.4475542064109739,1.0798797337742163,0.22186838520689334
0.7772008133046595,1.4475542064109739,1.1163424685719001,0.22186838520689334
0.7772008133046595,1.4475542064109739,1.228544674303781,0.22186838520689334
0.7772008133046595,1.4475542064109739,1.1055352395230258,0.22186838520689334
0.7772008133046595,1.4475542064109739,1.219290664315933,0.22186838520689334
0.7772008133046595,1.4475542064109739,1.2248071866765984,0.22186838520689334
0.7772008133046595,1.4475542064109739,1.0434718270333967,0.22186838520689334
0.7772008133046595,1.4475542064109739,1.1931247975685806,0.22186838520689334
0.7772008133046595,1.4475542064109739,1.089791698706688,0.22186838520689334
0.7772008133046595,1.4475542064109739,1.1580463574827775,0.22186838520689334
0.7772008133046595,1.4475542064109739,1.2028531568324279,0.22186838520689334
0.7772008133046595,1.4475542064109739,1.177120235497643,0.2173491950755767
0.7772008133046595,1.4475542064109739,1.052816556706447,0.2173491950755767
0.7772008133046595,1.4838713784112072,1.0714232232699075,0.2173491950755767
0.7772008133046595,1.485685229837862,0.9632897609398434,0.2173491950755767
0.7772008133046595,1.5087590312031152,1.1007452274134397,0.2173491950755767
0.7772008133046595,1.5087590312031152,1.1184827318888173,0.2173491950755767
0.7772008133046595,1.5087590312031152,1.0481815158774777,0.2173491950755767
0.7772008133046595,1.5087590312031152,0.966439631966892,0.2173491950755767
0.7772008133046595,1.5087590312031152,1.0271086661416071,0.2173491950755767
0.7772008133046595,1.4440516388072087,1.1229465533289167,0.2173491950755767
0.7792539759220857,1.4440516388072087,1.2055541855286072,0.2173491950755767
0.7792539759220857,1.4440516388072087,1.0846745468938446,0.2173491950755767
0.8078789321398747,1.4440516388072087,1.011033082477323,0.1586460881805029
0.8078789321398747,1.4440516388072087,0.9417668945688821,0.1586460881805029
0.8078789321398747,1.4440516388072087,1.0538432322348783,0.1586460881805029
0.8078789321398747,1.4440516388072087,0.9839330812989888,0.1586460881805029
0.8078789321398747,1.4440516388072087,1.029844081133562,0.1586460881805029
0.8078789321398747,1.4440516388072087,1.0321575292320038,0.1586460881805029
0.8078789321398747,1.4440516388072087,0.9849019882157424,0.1586460881805029
0.7661973695354116,1.4440516388072087,1.1601071992198557,0.1586460881805029
0.7661973695354116,1.4440516388072087,1.1812822731564148,0.1586460881805029
0.8692200375242644,1.4440516388072087,0.9960321976875456,0.1586460881805029
0.8692200375242644,1.4440516388072087,0.8532461885305724,0.1586460881805029
0.8692200375242644,1.4440516388072087,0.9816974298116324,0.1586460881805029
0.8692200375242644,1.4220942074778162,1.0255533311113096,0.1586460881805029
0.811118088764474,1.4220942074778162,1.0285205486064952,0.1586460881805029
0.811118088764474,1.4220942074778162,1.1133495320949651,0.1586460881805029
0.811118088764474,1.4220942074778162,0.9562172590830872,0.1586460881805029
0.811118088764474,1.4220942074778162,1.0096884198446066,0.1586460881805029
0.811118088764474,1.4220942074778162,0.9697253287301378,0.1586460881805029
0.811118088764474,1.4220942074778162,1.0352514411867424,0.1586460881805029
0.811118088764474,1.4220942074778162,1.0410197764969016,0.1586460881805029
0.811118088764474,1.431921842272715,0.9640696457484509,0.1586460881805029
0.811118088764474,1.431921842272715,1.1930813585215434,0.1586460881805029
0.811118088764474,1.431921842272715,1.0261474054390156,0.1586460881805029
0.811118088764474,1.431921842272715,1.0713069300246267,0.1586460881805029
0.811118088764474,1.431921842272715,1.0655208233929119,0.1586460881805029
0.811118088764474,1.431921842272715,1.087124876565787,0.1586460881805029
0.811118088764474,1.431921842272715,1.0554360842335844,0.1898561940291175
0.811118088764474,1.431921842272715,1.074042161427964,0.1898561940291175
0.811118088764474,1.431921842272715,1.0466945609161284,0.1898561940291175
0.811118088764474,1.431921842272715,1.1088960347479522,0.1898561940291175
0.811118088764474,1.431921842272715,1.1536757840767586,0.1898561940291175
0.811118088764474,1.431921842272715,1.246151872911477,0.1898561940291175
0.811118088764474,1.431921842272715,1.0775933764728927,0.1898561940291175
0.811118088764474,1.431921842272715,1.0743234851153054,0.1898561940291175
0.811118088764474,1.431921842272715,1.1435663914490264,0.1898561940291175
0.811118088764474,1.431921842272715,1.06626007795645,0.1898561940291175
0.811118088764474,1.431921842272715,1.0651606359976353,0.1898561940291175
0.811118088764474,1.431921842272715,1.0466338258387018,0.1898561940291175
0.6736764485612716,1.431921842272715,1.1374059903656,0.1898561940291175
0.6736764485612716,1.4881643053376932,1.2236438929079403,0.1898561940291175
0.6736764485612716,1.4881643053376932,1.0224884535963874,0.1898561940291175
0.6736764485612716,1.4881643053376932,1.1023841986534844,0.1898561940291175
0.6736764485612716,1.5414023153234737,1.2399024655537516,0.1898561940291175
0.6736764485612716,1.5414023153234737,1.0322181931898382,0.1898561940291175
0.6736764485612716,1.5414023153234737,1.168473545686818,0.1898561940291175
0.6736764485612716,1.5414023153234737,1.042435791956255,0.1898561940291175
0.6736764485612716,1.5414023153234737,1.0706239141674485,0.1898561940291175
0.6736764485612716,1.5414023153234737,1.1185957550844579,0.1898561940291175
0.6736764485612716,1.5414023153234737,1.014761809945815,0.1898561940291175
0.6736764485612716,1.5414023153234737,1.022635113557688,0.1898561940291175
0.7294192494730546,1.5414023153234737,0.9146936251475901,0.1898561940291175
0.7294192494730546,1.5414023153234737,0.9803688806449893,0.1898561940291175
0.7294192494730546,1.5414023153234737,0.882345714031153,0.1898561940291175
0.7294192494730546,1.5414023153234737,0.9938252827716318,0.1898561940291175
0.7294192494730546,1.5414023153234737,0.912076588528851,0.1898561940291175
0.7294192494730546,1.5414023153234737,0.9979752911577962,0.1898561940291175
0.7294192494730546,1.5414023153234737,1.0468827109879617,0.1898561940291175
0.7294192494730546,1.5414023153234737,1.0418235170495178,0.1898561940291175
0.7294192494730546,1.5414023153234737,1.0328540309586305,0.1898561940291175
0.7294192494730546,1.5414023153234737,1.0331569328636856,0.1898561940291175
0.7294192494730546,1.5414023153234737,1.0380848535931524,0.1898561940291175
0.7294192494730546,1.5414023153234737,0.9650477402311062,0.1898561940291175
0.7294192494730546,1.5414023153234737,0.9545831176477476,0.1898561940291175
0.7294192494730546,1.5414023153234737,0.9451661566664634,0.1898561940291175
0.7294192494730546,1.5414023153234737,0.9577529287507351,0.1898561940291175
0.7294192494730546,1.5414023153234737,0.9025908923217479,0.1898561940291175
0.7294192494730546,1.5414023153234737,1.0494036976151013,0.1898561940291175
0.7294192494730546,1.5414023153234737,0.9228510572124002,0.1898561940291175
0.7294192494730546,1.5414023153234737,0.8799576313460951,0.1898561940291175
0.7294192494730546,1.5414023153234737,1.0812555757857054,0.24673669892566896
0.7294192494730546,1.5414023153234737,1.0465775648529276,0.24673669892566896
0.7294192494730546,1.5414023153234737,1.147297953002095,0.29882559676157594
0.7294192494730546,1.5414023153234737,1.2007088960782204,0.29882559676157594
0.7294192494730546,1.5414023153234737,1.095020029388759,0.29882559676157594
0.7294192494730546,1.5414023153234737,1.0929874221176639,0.29882559676157594
0.7294192494730546,1.5740269570062797,1.1070437774056712,0.29882559676157594
0.7294192494730546,1.5740269570062797,1.094341496507883,0.29882559676157594
0.7294192494730546,1.5740269570062797,1.1478089861526872,0.2504031234625753
0.7294192494730546,1.5740269570062797,0.9581966551151391,0.2504031234625753
0.7294192494730546,1.5740269570062797,0.9742630922263937,0.2504031234625753
0.7294192494730546,1.5740269570062797,0.9988999227021641,0.2504031234625753
0.7294192494730546,1.5740269570062797,1.0600269083066276,0.2504031234625753
0.7294192494730546,1.5740269570062797,1.019109095406423,0.2504031234625753
0.7294192494730546,1.5740269570062797,1.0802014934290196,0.24637061745798502
0.7294192494730546,1.5740269570062797,0.9995534881953625,0.24637061745798502
0.7294192494730546,1.5740269570062797,1.0122134493213342,0.24637061745798502
0.7294192494730546,1.5862213057105032,0.9495336934216574,0.24637061745798502
0.7294192494730546,1.5862213057105032,0.9355271644673475,0.24637061745798502
0.7294192494730546,1.5862213057105032,0.9616414945090868,0.24637061745798502
0.7294192494730546,1.5862213057105032,1.0047542125368567,0.24637061745798502
0.7294192494730546,1.5862213057105032,0.9058600016271852,0.24637061745798502
0.7294192494730546,1.5862213057105032,0.978754148696411,0.24637061745798502
0.7294192494730546,1.5862213057105032,0.9745925289677873,0.24637061745798502
0.7294192494730546,1.5862213057105032,1.0718847011976633,0.24637061745798502
0.7294192494730546,1.5862213057105032,0.9809446416319908,0.24637061745798502
0.7294192494730546,1.5862213057105032,0.9556814670147712,0.24637061745798502
0.7294192494730546,1.5862213057105032,1.0124867933684418,0.24637061745798502
0.7294192494730546,1.5862213057105032,0.9770140187079396,0.24637061745798502
0.7294192494730546,1.5862213057105032,1.0243427734192072,0.24637061745798502
0.7294192494730546,1.5862213057105032,0.9728362709895193,0.24637061745798502
0.7294192494730546,1.5862213057105032,0.91718629758121,0.24637061745798502
0.7294192494730546,1.5862213057105032,1.030025089178925,0.24637061745798502
0.7294192494730546,1.5862213057105032,0.9332727450811529,0.24637061745798502
0.7294192494730546,1.5862213057105032,0.9688608422477154,0.24637061745798502
0.7294192494730546,1.5862213057105032,1.0107169342008109,0.24637061745798502
0.7294192494730546,1.5862213057105032,1.0443688596671086,0.24637061745798502
0.7294192494730546,1.5862213057105032,1.0334012202432374,0.24637061745798502
0.7294192494730546,1.5862213057105032,0.9624461394907248,0.24637061745798502
0.7294192494730546,1.5862213057105032,0.9084980292506518,0.24637061745798502
0.7294192494730546,1.5862213057105032,1.0323499701773253,0.24637061745798502
0.7294192494730546,1.5862213057105032,0.9633950958215567,0.24637061745798502
0.7294192494730546,1.5862213057105032,0.9951606593595932,0.30363525902426136
0.7294192494730546,1.5862213057105032,1.0364546223511295,0.30363525902426136
0.7294192494730546,1.5862213057105032,1.002225177173237,0.30363525902426136
0.7294192494730546,1.5862213057105032,0.9932759025990934,0.30363525902426136
0.7294192494730546,1.6009735393027518,1.0812247411803257,0.30363525902426136
0.7294192494730546,1.6009735393027518,1.01199427499275,0.30363525902426136
0.7294192494730546,1.6009735393027518,0.9494418418998462,0.30363525902426136
0.7294192494730546,1.6009735393027518,1.029181655062016,0.30363525902426136
0.7294192494730546,1.6009735393027518,0.9921959548601834,0.2898135375978745
0.7294192494730546,1.6009735393027518,1.0116282234364662,0.2898135375978745
0.7294192494730546,1.6009735393027518,0.9722909011026556,0.2898135375978745
0.7294192494730546,1.6009735393027518,1.031244056662311,0.2898135375978745
0.7294192494730546,1.6009735393027518,0.9923394145241486,0.2898135375978745
0.7294192494730546,1.6009735393027518,1.033670776575116,0.2898135375978745
0.7294192494730546,1.6009735393027518,0.9284851282199881,0.270890363392625
0.7294192494730546,1.6009735393027518,0.9497172021774182,0.270890363392625
0.7294192494730546,1.6009735393027518,0.9404056716934609,0.270890363392625
0.7294192494730546,1.6009735393027518,0.9947752589162121,0.270890363392625
0.7294192494730546,1.6009735393027518,1.0047005674663125,0.270890363392625
0.7294192494730546,1.6009735393027518,0.9610938098918036,0.270890363392625
0.7294192494730546,1.6009735393027518,0.9782228395938158,0.270890363392625
0.7294192494730546,1.6009735393027518,0.9295186525147485,0.270890363392625
0.7294192494730546,1.604408085473723,0.9239759018343674,0.2744366114139898
0.7294192494730546,1.604408085473723,1.0213635562197698,0.2744366114139898
0.7294192494730546,1.604408085473723,0.9932899289200796,0.2744366114139898
0.7294192494730546,1.604408085473723,1.0225021847170597,0.2744366114139898
0.7294192494730546,1.604408085473723,0.9424558741288341,0.22620452437575056
0.7294192494730546,1.604408085473723,0.8369642933695486,0.22620452437575056
0.7294192494730546,1.604408085473723,0.884056379826161,0.22620452437575056
0.6661722220455684,1.604408085473723,0.9888044562028183,0.22620452437575056
0.6661722220455684,1.604408085473723,0.983265332517072,0.22620452437575056
0.6661722220455684,1.604408085473723,0.9567007287295621,0.22620452437575056
0.6972093091538341,1.604408085473723,0.9943502800998825,0.22620452437575056
0.6972093091538341,1.604408085473723,0.9433178139896298,0.22620452437575056
0.6972093091538341,1.604408085473723,0.9588502108905176,0.22620452437575056
0.6972093091538341,1.604408085473723,0.9513852664679604,0.22620452437575056
0.6972093091538341,1.604408085473723,0.9754579296689309,0.22620452437575056
0.6972093091538341,1.604408085473723,1.016617840374125,0.22620452437575056
0.6972093091538341,1.604408085473723,0.9560228189546632,0.22620452437575056
0.6972093091538341,1.604408085473723,0.9256507222555882,0.22620452437575056
0.6972093091538341,1.604408085473723,1.1512570799491024,0.22620452437575056
0.6972093091538341,1.604408085473723,0.9328407332858719,0.22620452437575056
0.6972093091538341,1.6064074434048203,0.9189647425387331,0.22620452437575056
0.6972093091538341,1.6064074434048203,0.9965672082309742,0.22620452437575056
0.6972093091538341,1.6064074434048203,0.9162632701574783,0.22620452437575056
0.6972093091538341,1.6064074434048203,0.9517979520919133,0.22620452437575056
0.6972093091538341,1.6064074434048203,0.9214687316140795,0.22620452437575056
0.6972093091538341,1.6064074434048203,1.0347592402219175,0.22620452437575056
0.6972093091538341,1.6064074434048203,0.878085451199299,0.22620452437575056
0.6972093091538341,1.6064074434048203,0.8806065323791401,0.22620452437575056
0.7819832317376938,1.6064074434048203,0.8947093059922832,0.22620452437575056
0.7819832317376938,1.6064074434048203,0.8890430850665803,0.22620452437575056
0.7850359529801675,1.6064074434048203,0.9797508064211842,0.22620452437575056
0.7850359529801675,1.6064074434048203,0.938388992172245,0.22620452437575056
0.7850359529801675,1.6064074434048203,0.8119905397627634,0.22620452437575056
0.7850359529801675,1.6064074434048203,0.8571512942690074,0.22620452437575056
0.7850359529801675,1.6064074434048203,0.9052911573053563,0.2869169363702844
0.7850359529801675,1.5794868699310163,0.9160497511214255,0.2869169363702844
0.7850359529801675,1.5794868699310163,0.9206549497089578,0.2869169363702844
0.7850359529801675,1.5794868699310163,1.0692330928450895,0.2869169363702844
0.7850359529801675,1.5794868699310163,0.9252887898408724,0.2869169363702844
0.7850359529801675,1.5794868699310163,0.8892676298180824,0.2869169363702844
0.7850359529801675,1.5794868699310163,0.9544919908919326,0.2869169363702844
0.7850359529801675,1.5794868699310163,0.8713129221802134,0.2869169363702844
0.7850359529801675,1.5794868699310163,1.1486330895334507,0.2950874131640366
0.7850359529801675,1.5794868699310163,0.9764265425503187,0.2950874131640366
0.8324478949197724,1.5794868699310163,0.9744282921787395,0.2950874131640366
0.8324478949197724,1.5794868699310163,0.9109126065892008,0.2950874131640366
0.8324478949197724,1.5794868699310163,0.8364014077146485,0.2950874131640366
0.8324478949197724,1.5794868699310163,0.9301074956772852,0.2950874131640366
0.8324478949197724,1.5794868699310163,0.8863596256094222,0.2950874131640366
0.8324478949197724,1.5794868699310163,0.9419306899692705,0.2950874131640366
0.8324478949197724,1.5794868699310163,0.8984040442956363,0.2950874131640366
0.8324478949197724,1.5794868699310163,0.8881212358552039,0.2950874131640366
0.8324478949197724,1.5794868699310163,0.9203452386486032,0.2950874131640366
0.8324478949197724,1.5488628856741027,0.912358328886105,0.2950874131640366
0.8324478949197724,1.5488628856741027,1.0634286796870127,0.2950874131640366
0.8324478949197724,1.5488628856741027,0.9277368262792438,0.2950874131640366
0.8324478949197724,1.5488628856741027,0.9767293882385213,0.2950874131640366
0.8324478949197724,1.5488628856741027,0.9373084079082122,0.2950874131640366
0.8324478949197724,1.5488628856741027,0.9203234747930481,0.2950874131640366
0.8324478949197724,1.5488628856741027,0.9039779673777132,0.2950874131640366
0.8324478949197724,1.6538862104090304,0.8608929292764181,0.2950874131640366
0.8324478949197724,1.6538862104090304,0.799534184830073,0.2950874131640366
0.8324478949197724,1.6538862104090304,0.8110334885334168,0.2950874131640366
0.8324478949197724,1.6538862104090304,0.8025727415831216,0.2950874131640366
0.8324478949197724,1.6538862104090304,0.7842730066679169,0.3072860729498244
0.8324478949197724,1.6538862104090304,0.8374019694099141,0.3072860729498244
0.8324478949197724,1.6011335076647102,0.8660335085636636,0.3072860729498244
0.8324478949197724,1.6011335076647102,0.8401677262822553,0.3072860729498244
0.8324478949197724,1.6011335076647102,0.9494008587985113,0.3072860729498244
0.8324478949197724,1.6011335076647102,0.9107088291783911,0.3072860729498244
0.8324478949197724,1.6011335076647102,0.7923666326427862,0.3072860729498244
0.8324478949197724,1.6011335076647102,0.7885012848713443,0.3072860729498244
0.8324478949197724,1.6011335076647102,0.8614811921780933,0.3072860729498244
0.7450414074506959,1.6011335076647102,0.9208172183941181,0.3072860729498244
0.7450414074506959,1.6011335076647102,1.0190468496268228,0.24309857782126781
0.7450414074506959,1.6011335076647102,0.8740859832278173,0.1852476183189061
0.7450414074506959,1.6011335076647102,0.9055908517605309,0.1852476183189061
0.7450414074506959,1.6011335076647102,0.8931054383087662,0.1852476183189061
0.7450414074506959,1.6011335076647102,0.8723798557200194,0.27184449536964433
0.7450414074506959,1.6011335076647102,0.9727108446938859,0.27184449536964433
0.7450414074506959,1.6011335076647102,1.037465538049482,0.27184449536964433
0.7450414074506959,1.6011335076647102,0.9801400749489037,0.27184449536964433
0.7450414074506959,1.6011335076647102,0.9128134451705676,0.27184449536964433
0.7450414074506959,1.6011335076647102,1.078518924075861,0.27184449536964433
0.7450414074506959,1.6011335076647102,0.9119172582740998,0.27184449536964433
0.7450414074506959,1.6011335076647102,0.9279790684587088,0.23943836606827965
0.7450414074506959,1.6011335076647102,0.8848856645150004,0.23943836606827965
0.7450414074506959,1.564819023950597,0.9324876939216435,0.23943836606827965
0.7450414074506959,1.564819023950597,0.988039263932314,0.23943836606827965
0.7450414074506959,1.5355718716592257,0.9812365282236601,0.19714459471474133
0.7450414074506959,1.5355718716592257,0.9354492798187318,0.19714459471474133
0.7450414074506959,1.5355718716592257,1.0257412069909295,0.19714459471474133
0.7450414074506959,1.5355718716592257,1.0968700243889458,0.19714459471474133
0.7450414074506959,1.5355718716592257,0.9704434237782739,0.19714459471474133
0.7450414074506959,1.5355718716592257,0.9797509232884142,0.19714459471474133
0.7450414074506959,1.5355718716592257,0.9881692427360919,0.19714459471474133
0.7450414074506959,1.5287914762667953,1.0774089282622934,0.19714459471474133
0.7450414074506959,1.5287914762667953,1.0023289818054062,0.22400821356283634
0.7450414074506959,1.5287914762667953,0.9770637722680401,0.18137669322690936
0.7450414074506959,1.5287914762667953,1.0095823466927434,0.18137669322690936
0.7450414074506959,1.5287914762667953,1.0353524700463634,0.18137669322690936
0.7450414074506959,1.5287914762667953,1.0582067751169146,0.18137669322690936
0.7450414074506959,1.5287914762667953,0.9328829220602809,0.18137669322690936
0.7450414074506959,1.5287914762667953,0.9821246412178809,0.18137669322690936
0.7450414074506959,1.5287914762667953,0.9874429451988477,0.1952660516754485
0.7450414074506959,1.5287914762667953,0.9524222902868592,0.1952660516754485
0.7450414074506959,1.5287914762667953,0.9632302918568882,0.1952660516754485
0.7450414074506959,1.5287914762667953,0.9160874315916478,0.1952660516754485
0.7450414074506959,1.5287914762667953,0.9844181013463669,0.1952660516754485
0.7450414074506959,1.5287914762667953,1.004421586718292,0.1952660516754485
0.7450414074506959,1.5287914762667953,1.0862162509808102,0.1952660516754485
0.7450414074506959,1.5287914762667953,1.1499120152795677,0.1952660516754485
0.7450414074506959,1.5287914762667953,0.9879906992694772,0.1952660516754485
0.7450414074506959,1.5287914762667953,1.0379616606996873,0.1952660516754485
0.7450414074506959,1.5287914762667953,0.9910679179071906,0.1952660516754485
0.7450414074506959,1.5287914762667953,1.0363813826117072,0.1952660516754485
0.7450414074506959,1.5287914762667953,1.0003200159243861,0.1952660516754485
0.7450414074506959,1.5287914762667953,0.9419834799713215,0.1952660516754485
0.7450414074506959,1.5444362734535146,0.9505082291115331,0.1952660516754485
0.7450414074506959,1.5444362734535146,0.9296251147085283,0.1952660516754485
0.7450414074506959,1.5444362734535146,1.047015064545894,0.22007382327740246
0.7450414074506959,1.5444362734535146,0.9330400031712811,0.22007382327740246
0.7450414074506959,1.5444362734535146,0.9618629433881084,0.22007382327740246
0.7450414074506959,1.5444362734535146,0.9947709535731208,0.22007382327740246
0.7450414074506959,1.5444362734535146,0.9548678135469278,0.22007382327740246
0.7450414074506959,1.5444362734535146,0.926289601945713,0.22007382327740246
0.7450414074506959,1.5444362734535146,1.0151584286455406,0.18982336666975946
0.7450414074506959,1.5444362734535146,1.1558480184089792,0.18982336666975946
0.6237300545353098,1.5444362734535146,1.12705035229041,0.18982336666975946
0.6237300545353098,1.5444362734535146,1.1221574238093626,0.18982336666975946
0.6237300545353098,1.5444362734535146,1.2069698676448146,0.18982336666975946
0.6237300545353098,1.5444362734535146,1.1073843150593534,0.18982336666975946
0.6237300545353098,1.5444362734535146,1.1117685912155784,0.18982336666975946
0.6237300545353098,1.5444362734535146,1.1748053961557865,0.18982336666975946
0.6237300545353098,1.5444362734535146,1.1622261836581587,0.18982336666975946
0.6237300545353098,1.5444362734535146,1.2101929326679568,0.18982336666975946
0.6237300545353098,1.5444362734535146,1.1847065204005576,0.22546439506917995
0.6237300545353098,1.5444362734535146,1.1148775800211965,0.22546439506917995
0.6237300545353098,1.5444362734535146,1.1711086985747143,0.22546439506917995
0.6237300545353098,1.5444362734535146,1.1848013744476757,0.22546439506917995
0.6397345631483519,1.5444362734535146,1.1624637707768737,0.1659377957825782
0.6397345631483519,1.5444362734535146,1.0625490057626956,0.1659377957825782
0.6397345631483519,1.5444362734535146,1.1112832722480823,0.1659377957825782
0.6397345631483519,1.5444362734535146,0.998598467278673,0.1659377957825782
0.6397345631483519,1.5444362734535146,0.9891546785119183,0.1659377957825782
0.6397345631483519,1.5444362734535146,1.0822994246905773,0.1659377957825782
0.6397345631483519,1.5444362734535146,1.182391564651055,0.1659377957825782
0.6397345631483519,1.5444362734535146,0.9534217066274217,0.1659377957825782
0.6397345631483519,1.5444362734535146,1.0562194305134738,0.1659377957825782
0.6397345631483519,1.5444362734535146,1.1175765617043165,0.1659377957825782
0.6397345631483519,1.5444362734535146,1.0984445564046539,0.1659377957825782
0.6397345631483519,1.4781368772296504,1.2080365150906718,0.1659377957825782
0.6397345631483519,1.4781368772296504,1.275394626842395,0.1659377957825782
0.6397345631483519,1.4781368772296504,1.3068580702046362,0.1659377957825782
0.6397345631483519,1.4781368772296504,1.1698405991174672,0.1659377957825782
0.6397345631483519,1.4781368772296504,1.1325659940148602,0.1659377957825782
0.6804675367152861,1.467970950559534,1.2255405472309335,0.1659377957825782
0.6804675367152861,1.467970950559534,1.2080166631665987,0.1659377957825782
0.6804675367152861,1.467970950559534,1.1642599810778478,0.1659377957825782
0.6804675367152861,1.467970950559534,1.0283426160902747,0.1659377957825782
0.6804675367152861,1.467970950559534,1.188182964896468,0.1659377957825782
0.6804675367152861,1.467970950559534,1.23822656065424,0.1659377957825782
0.6804675367152861,1.467970950559534,1.2656669837123447,0.1659377957825782
0.6804675367152861,1.4784554139102524,1.1712596599171967,0.1659377957825782
0.6804675367152861,1.4784554139102524,1.1391830743907627,0.1659377957825782
0.6804675367152861,1.4806505041784914,1.0994464760764826,0.1659377957825782
0.6804675367152861,1.4806505041784914,1.1756524983167678,0.1659377957825782
0.6804675367152861,1.4806505041784914,1.3150409240094731,0.1659377957825782
0.6804675367152861,1.4806505041784914,1.2019252230343762,0.1659377957825782
0.6804675367152861,1.4806505041784914,1.182177304892273,0.1659377957825782
0.6804675367152861,1.4806505041784914,1.0501575599092297,0.1659377957825782
0.6804675367152861,1.4806505041784914,1.103192692264725,0.1659377957825782
0.6804675367152861,1.4806505041784914,1.1106445514581296,0.1659377957825782
0.6804675367152861,1.4806505041784914,1.1830432437160785,0.16918147121629437
0.6804675367152861,1.4806505041784914,1.120307101856899,0.16918147121629437
0.6804675367152861,1.4806505041784914,1.088390768324558,0.16918147121629437
0.6804675367152861,1.4806505041784914,0.9287677088521509,0.16918147121629437
0.6804675367152861,1.4806505041784914,1.0616962033613988,0.16918147121629437
0.6804675367152861,1.4806505041784914,1.0446525803271418,0.16918147121629437
0.6804675367152861,1.4806505041784914,1.0998273952162454,0.16918147121629437
0.6804675367152861,1.4806505041784914,1.093585818788324,0.16918147121629437
0.6804675367152861,1.4806505041784914,1.2133294315127556,0.16918147121629437
0.6804675367152861,1.4806505041784914,1.1428707815568477,0.19057280380981892
0.6804675367152861,1.4806505041784914,1.133009059922322,0.19057280380981892
0.6804675367152861,1.4806505041784914,1.1790365359980126,0.19057280380981892
0.6804675367152861,1.4806505041784914,1.2336413755259943,0.19057280380981892
0.6804675367152861,1.4806505041784914,0.9901433321002897,0.19057280380981892
0.6804675367152861,1.4806505041784914,1.190705577483635,0.19057280380981892
0.6804675367152861,1.4806505041784914,1.2699908698051423,0.19057280380981892
0.6804675367152861,1.4806505041784914,1.250924405255764,0.19057280380981892
0.6804675367152861,1.4806505041784914,1.0606920434441924,0.19057280380981892
0.6804675367152861,1.4806505041784914,1.2542743146100601,0.19057280380981892
0.6804675367152861,1.4806505041784914,1.0785557183499868,0.19057280380981892
0.6804675367152861,1.4806505041784914,1.1195706692578433,0.19057280380981892
0.6804675367152861,1.4806505041784914,1.2842302778716657,0.19057280380981892
0.6804675367152861,1.4806505041784914,1.20090501195212,0.19057280380981892
0.6804675367152861,1.4806505041784914,1.1169693122751165,0.19057280380981892
0.6804675367152861,1.4806505041784914,1.0540565211267114,0.19057280380981892
0.6804675367152861,1.4806505041784914,1.214643140637998,0.19057280380981892
0.6804675367152861,1.4806505041784914,1.2584741670489354,0.19057280380981892
0.6804675367152861,1.4806505041784914,1.1885414846961149,0.19057280380981892
0.6804675367152861,1.4806505041784914,1.2125434029547315,0.19057280380981892
0.6804675367152861,1.4806505041784914,1.1836297523088903,0.19057280380981892
0.6804675367152861,1.4806505041784914,1.3447609598052577,0.19057280380981892
0.795073152928257,1.4806505041784914,1.0629476513373992,0.19057280380981892
0.795073152928257,1.4806505041784914,1.0305306681484117,0.19057280380981892
0.795073152928257,1.4806505041784914,1.1021265153082753,0.22829776870989849
0.795073152928257,1.4806505041784914,1.069385345332706,0.22829776870989849
0.795073152928257,1.4806505041784914,1.0351939881595658,0.22829776870989849
0.795073152928257,1.4806505041784914,1.023425077783353,0.22829776870989849
0.795073152928257,1.4806505041784914,1.1098599159528866,0.22829776870989849
0.795073152928257,1.4806505041784914,1.06894507066531,0.22601324648897897
0.795073152928257,1.4806505041784914,1.0490834408514702,0.22601324648897897
0.795073152928257,1.4806505041784914,1.0040734228572696,0.22601324648897897
0.795073152928257,1.4806505041784914,0.9939088002770649,0.22601324648897897
0.795073152928257,1.4806505041784914,1.0351158319526488,0.22601324648897897
0.795073152928257,1.4806505041784914,1.006467610824104,0.22601324648897897
0.795073152928257,1.4806505041784914,1.0831584084285655,0.22601324648897897
0.795073152928257,1.4806505041784914,1.0684483997901462,0.22601324648897897
0.795073152928257,1.4806505041784914,1.0046868158125635,0.22601324648897897
0.795073152928257,1.452363193139826,1.1890388500101792,0.22601324648897897
0.795073152928257,1.452363193139826,1.1203823200141299,0.22601324648897897
0.795073152928257,1.452363193139826,1.2208940037145188,0.22601324648897897
0.795073152928257,1.452363193139826,1.092575157772793,0.22601324648897897
0.795073152928257,1.452363193139826,1.0215459882351656,0.22601324648897897
0.795073152928257,1.452363193139826,1.0486021240070726,0.22601324648897897
0.795073152928257,1.452363193139826,1.1049826849222153,0.22601324648897897
0.795073152928257,1.452363193139826,0.9995062113518742,0.22601324648897897
0.795073152928257,1.452363193139826,1.1449047205500817,0.22601324648897897
0.795073152928257,1.452363193139826,1.049114563934257,0.22601324648897897
0.795073152928257,1.452363193139826,1.0622960971287019,0.22601324648897897
0.795073152928257,1.452363193139826,1.131644765093441,0.22601324648897897
0.795073152928257,1.452363193139826,1.0995245758394832,0.22601324648897897
0.795073152928257,1.452363193139826,1.0713801714361992,0.22601324648897897
0.795073152928257,1.452363193139826,1.1534982726372498,0.22601324648897897
0.795073152928257,1.452363193139826,1.0984706176863526,0.22601324648897897
0.795073152928257,1.452363193139826,1.1504581223676245,0.22601324648897897
0.795073152928257,1.452363193139826,1.154425780291532,0.22601324648897897
0.795073152928257,1.452363193139826,1.088517554138129,0.22601324648897897
0.7167155006873447,1.452363193139826,1.1727418293809515,0.22601324648897897
0.7167155006873447,1.452363193139826,1.265827425499734,0.22601324648897897
0.751521497289972,1.452363193139826,1.331997621166347,0.22601324648897897
0.751521497289972,1.452363193139826,1.2534356624460923,0.22601324648897897
0.751521497289972,1.452363193139826,1.197798508109308,0.1999756271977897
0.751521497289972,1.452363193139826,1.0757598198170597,0.1999756271977897
0.751521497289972,1.452363193139826,1.0275874057114727,0.1999756271977897
0.751521497289972,1.452363193139826,1.295339343975572,0.1999756271977897
0.751521497289972,1.452363193139826,1.162088889478184,0.1999756271977897
0.751521497289972,1.452363193139826,1.1154014410469035,0.1999756271977897
0.751521497289972,1.452363193139826,1.1003026742946604,0.1999756271977897
0.751521497289972,1.452363193139826,1.0446863614494457,0.1999756271977897
0.751521497289972,1.452363193139826,1.1163889291379432,0.1999756271977897
0.751521497289972,1.452363193139826,1.2448013206394264,0.1999756271977897
0.751521497289972,1.452363193139826,1.06121059656133,0.1999756271977897
0.825325986164245,1.452363193139826,1.0939837551343397,0.1999756271977897
0.825325986164245,1.452363193139826,0.926437931901571,0.1999756271977897
0.825325986164245,1.452363193139826,1.0997333599194037,0.1999756271977897
0.825325986164245,1.452363193139826,0.9918957291573259,0.1999756271977897
0.825325986164245,1.452363193139826,0.9100741618981784,0.1999756271977897
0.825325986164245,1.452363193139826,0.9883195323244953,0.1999756271977897
0.825325986164245,1.452363193139826,1.116967567376548,0.22566986981088097
0.825325986164245,1.452363193139826,1.0167079561204742,0.22566986981088097
0.825325986164245,1.452363193139826,1.1877610692035037,0.22566986981088097
0.825325986164245,1.452363193139826,1.195734420974054,0.22566986981088097
0.825325986164245,1.452363193139826,1.0934841232758423,0.22566986981088097
0.825325986164245,1.452363193139826,1.0386933179351194,0.22566986981088097
0.825325986164245,1.452363193139826,1.1888357206843063,0.22566986981088097
0.825325986164245,1.4582583656581651,1.1528089964838644,0.22566986981088097
0.825325986164245,1.4582583656581651,1.095628080220009,0.22566986981088097
0.825325986164245,1.4582583656581651,0.9804534761548277,0.22566986981088097
0.825325986164245,1.4582583656581651,1.1133823313528965,0.22566986981088097
0.825325986164245,1.4582583656581651,1.0477408251193605,0.22566986981088097
0.825325986164245,1.4582583656581651,1.1131251363315529,0.22566986981088097
0.825325986164245,1.4582583656581651,1.0729124322696906,0.22566986981088097
0.825325986164245,1.4582583656581651,1.2618429956882171,0.22566986981088097
0.825325986164245,1.4582583656581651,1.136781668532708,0.22566986981088097
0.825325986164245,1.4582583656581651,0.9745466375842099,0.22566986981088097
0.825325986164245,1.4582583656581651,1.0414356230627377,0.22566986981088097
0.7866574903275837,1.4582583656581651,1.1278299185659624,0.22566986981088097
0.7866574903275837,1.4582583656581651,1.0359981204272457,0.22566986981088097
0.7866574903275837,1.4582583656581651,1.0265482974099336,0.22566986981088097
0.7866574903275837,1.4582583656581651,1.1060521145982283,0.22566986981088097
0.7866574903275837,1.4582583656581651,1.0682611593302318,0.22566986981088097
0.7866574903275837,1.4582583656581651,1.1791926594613504,0.22566986981088097
0.7866574903275837,1.4582583656581651,1.038148219518925,0.22566986981088097
0.7866574903275837,1.4582583656581651,1.065876218807585,0.22566986981088097
0.7866574903275837,1.4582583656581651,1.17277470080708,0.22566986981088097
0.7866574903275837,1.4582583656581651,1.1806472264227432,0.22566986981088097
0.7866574903275837,1.4582583656581651,1.146065207640585,0.22566986981088097
0.7866574903275837,1.4582583656581651,1.1547489476590798,0.22566986981088097
0.7866574903275837,1.4582583656581651,1.162069340270271,0.22566986981088097
0.7866574903275837,1.4582583656581651,1.001895951296355,0.22566986981088097
0.7866574903275837,1.4582583656581651,1.1079732816070835,0.22566986981088097
0.7866574903275837,1.4582583656581651,1.0748690800548155,0.22566986981088097
0.7866574903275837,1.4582583656581651,1.0911184354491847,0.22566986981088097
0.7866574903275837,1.4582583656581651,1.145579353251711,0.22566986981088097
0.7866574903275837,1.4582583656581651,1.099187163899057,0.22566986981088097
0.7866574903275837,1.4582583656581651,1.1815025434872166,0.22566986981088097
0.7510510885955745,1.4582583656581651,1.229324560940412,0.22566986981088097
0.7510510885955745,1.4582583656581651,1.0683931009466847,0.22566986981088097
0.7510510885955745,1.4582583656581651,1.0417964318328052,0.22566986981088097
0.7510510885955745,1.4582583656581651,1.0927718407966545,0.22566986981088097
0.7510510885955745,1.4582583656581651,1.1061408566805622,0.22566986981088097
0.7510510885955745,1.4582583656581651,1.1060208340714786,0.22566986981088097
0.7510510885955745,1.4582583656581651,1.065943332011646,0.22566986981088097
0.7510510885955745,1.4582583656581651,1.0727798400661124,0.22566986981088097
0.7510510885955745,1.4582583656581651,1.1664050671976414,0.22566986981088097
0.7510510885955745,1.4582583656581651,1.1399069111748605,0.22566986981088097
0.7510510885955745,1.4582583656581651,1.2308294106301079,0.22566986981088097
0.7510510885955745,1.4582583656581651,1.1570775354997433,0.22566986981088097
0.7510510885955745,1.4582583656581651,1.2221868085369312,0.22566986981088097
0.7510510885955745,1.4582583656581651,1.296162545771018,0.22566986981088097
0.7510510885955745,1.4582583656581651,1.0921667267804696,0.22566986981088097
0.7510510885955745,1.4582583656581651,1.2510953058475227,0.22566986981088097
0.7510510885955745,1.4582583656581651,1.0401302772900953,0.22566986981088097
0.7510510885955745,1.4582583656581651,1.1535988316520065,0.1976872863516431
0.7510510885955745,1.4582583656581651,1.127041699913238,0.1976872863516431
0.7510510885955745,1.4582583656581651,1.1143601635529556,0.1976872863516431
0.7510510885955745,1.4582583656581651,1.0280071691471824,0.18020916997714267
0.7510510885955745,1.4582583656581651,1.1309067677717912,0.18020916997714267
0.7510510885955745,1.4582583656581651,1.0985807078907768,0.18020916997714267
0.7510510885955745,1.4582583656581651,1.1125652043588128,0.18020916997714267
0.7510510885955745,1.4582583656581651,0.9936544230947706,0.18020916997714267
0.7510510885955745,1.4582583656581651,1.026464811488286,0.18020916997714267
0.7510510885955745,1.4582583656581651,1.120408991588698,0.18020916997714267
0.7510510885955745,1.4582583656581651,1.1297926394357258,0.18020916997714267
0.7510510885955745,1.4582583656581651,1.0979313944195477,0.18020916997714267
0.7510510885955745,1.4582583656581651,1.1253988727663045,0.18020916997714267
0.7510510885955745,1.4582583656581651,1.102247387222411,0.1783515535532528
0.7510510885955745,1.4582583656581651,1.136272375154887,0.1783515535532528
0.7510510885955745,1.4582583656581651,1.0653378504819704,0.1783515535532528
0.7510510885955745,1.4582583656581651,1.0891997044911197,0.1783515535532528
0.7510510885955745,1.4582583656581651,1.0514098146725894,0.1783515535532528
0.7510510885955745,1.4582583656581651,1.0724416054697001,0.1783515535532528
0.7510510885955745,1.4582583656581651,1.0628748567842268,0.1783515535532528
0.7510510885955745,1.4684009968071932,0.9688678342512641,0.1783515535532528
0.7510510885955745,1.4684009968071932,1.101459058633945,0.19088523141044986
0.7510510885955745,1.4684009968071932,1.0681445484852838,0.19088523141044986
0.7510510885955745,1.4684009968071932,1.1811293192389667,0.19088523141044986
0.7510510885955745,1.4684009968071932,1.160327651647627,0.19088523141044986
0.7510510885955745,1.4684009968071932,1.1496747389831492,0.19088523141044986
0.7510510885955745,1.4684009968071932,1.1540834339965294,0.19088523141044986
0.7510510885955745,1.4684009968071932,1.0872897628847502,0.19088523141044986
0.829469690431298,1.4684009968071932,1.0549942771070802,0.19088523141044986
0.829469690431298,1.4684009968071932,0.9377491763726263,0.19088523141044986
0.829469690431298,1.4684009968071932,1.0006905855876866,0.19088523141044986
0.829469690431298,1.4684009968071932,0.9672415526757343,0.19088523141044986
0.8879010999984147,1.4684009968071932,0.903289289451054,0.19088523141044986
0.8879010999984147,1.4684009968071932,0.9131626728161905,0.17394875968142176
0.8879010999984147,1.4684009968071932,0.88534813048701,0.17394875968142176
0.8879010999984147,1.4684009968071932,1.0021035577154798,0.17394875968142176
0.8879010999984147,1.4584770588908136,0.9067683630368647,0.17394875968142176
0.8879010999984147,1.4584770588908136,1.0819282569557767,0.17394875968142176
0.8879010999984147,1.4584770588908136,0.9012345734464035,0.17394875968142176
0.8879010999984147,1.4584770588908136,0.8992143568490293,0.17394875968142176
0.8879010999984147,1.4584770588908136,0.9694672203766085,0.17394875968142176
0.8879010999984147,1.4584770588908136,0.9131851062220168,0.17394875968142176
0.8879010999984147,1.4584770588908136,0.9084289083922599,0.17394875968142176
0.8879010999984147,1.4584770588908136,0.9955593529141498,0.17394875968142176
0.8879010999984147,1.4584770588908136,0.9158736095036388,0.17394875968142176
0.8879010999984147,1.4584770588908136,0.9267649116848784,0.17394875968142176
0.8879010999984147,1.4584770588908136,0.9445287430475219,0.17394875968142176
0.8879010999984147,1.4584770588908136,0.9546376022960258,0.17394875968142176
0.8879010999984147,1.4584770588908136,0.9770876044295195,0.17394875968142176
0.9469827091994383,1.4584770588908136,0.9225556058911685,0.17394875968142176
0.9469827091994383,1.4584770588908136,0.9088402337855661,0.17394875968142176
0.9469827091994383,1.4584770588908136,0.9453301102343159,0.17394875968142176
0.9469827091994383,1.4584770588908136,0.878124375928206,0.17394875968142176
0.9469827091994383,1.4584770588908136,0.903905440862665,0.17394875968142176
0.9469827091994383,1.4584770588908136,0.9227270057894706,0.17394875968142176
0.9469827091994383,1.4584770588908136,0.9035408940374099,0.17394875968142176
0.9469827091994383,1.4584770588908136,0.8520429679187896,0.17394875968142176
0.9469827091994383,1.4584770588908136,0.9012067810506423,0.17394875968142176
0.9469827091994383,1.4584770588908136,0.8765077963468729,0.27402928339979354
0.9469827091994383,1.4584770588908136,0.9157334754610347,0.27402928339979354
0.9469827091994383,1.4584770588908136,0.9971533167866934,0.27402928339979354
0.9469827091994383,1.4584770588908136,0.9594443688289173,0.27402928339979354
0.9469827091994383,1.4584770588908136,1.0245014671693247,0.27402928339979354
0.9469827091994383,1.4584770588908136,0.9732076903056569,0.27402928339979354
0.9469827091994383,1.4584770588908136,0.8892419974035508,0.27402928339979354
0.9469827091994383,1.4584770588908136,0.9347868730720563,0.27402928339979354
0.9469827091994383,1.4584770588908136,0.9867160390967256,0.27402928339979354
0.9469827091994383,1.4584770588908136,0.9027614706989089,0.26752549113050317
0.9469827091994383,1.4525922116982437,0.9411926019010689,0.26752549113050317
0.9469827091994383,1.4525922116982437,0.942124353494845,0.26752549113050317
0.9469827091994383,1.4525922116982437,1.0070145825720787,0.26752549113050317
0.9469827091994383,1.4525922116982437,1.013696045472328,0.26752549113050317
0.9469827091994383,1.4525922116982437,0.8986854773353854,0.26752549113050317
0.9469827091994383,1.4525922116982437,1.0471229453900848,0.26752549113050317
0.9469827091994383,1.4525922116982437,0.987220991731411,0.26752549113050317
0.9469827091994383,1.4525922116982437,0.9100914359022367,0.26752549113050317
0.9469827091994383,1.4525922116982437,1.0331690903233426,0.26752549113050317
0.9469827091994383,1.4525922116982437,0.9333185215757751,0.26752549113050317
0.9469827091994383,1.4525922116982437,0.912716380246517,0.23693092889154865
0.9469827091994383,1.4525922116982437,1.0182861953539268,0.23693092889154865
0.9469827091994383,1.4525922116982437,0.9323927062643919,0.23693092889154865
0.9469827091994383,1.4525922116982437,0.8656111125931055,0.23693092889154865
0.9469827091994383,1.4525922116982437,0.9311091390518497,0.23693092889154865
0.9469827091994383,1.4525922116982437,0.9456676325722393,0.23693092889154865
0.9469827091994383,1.4525922116982437,0.921026210652315,0.23693092889154865
0.9469827091994383,1.4525922116982437,0.9053535973101555,0.23693092889154865
0.9469827091994383,1.4525922116982437,0.9816128997453392,0.23693092889154865
0.9469827091994383,1.4525922116982437,0.9515003335399832,0.23693092889154865
0.9469827091994383,1.4525922116982437,0.9751698722691039,0.23693092889154865
0.9469827091994383,1.4525922116982437,0.90634864948027,0.23693092889154865
0.9469827091994383,1.4525922116982437,0.9118409785380976,0.23693092889154865
0.9469827091994383,1.4525922116982437,1.0623173318764971,0.23693092889154865
0.9469827091994383,1.4525922116982437,0.8623900815236628,0.23693092889154865
0.9469827091994383,1.4525922116982437,0.9205070372375249,0.23693092889154865
0.9469827091994383,1.4525922116982437,0.96016645559913,0.23693092889154865
0.9469827091994383,1.4525922116982437,0.9201105084369445,0.23693092889154865
1.0020629084767085,1.4525922116982437,0.9571518874706789,0.23693092889154865
1.0020629084767085,1.4525922116982437,0.8682970033017099,0.23693092889154865
1.0020629084767085,1.4525922116982437,0.8806497487680823,0.23261592070321904
1.0020629084767085,1.4525922116982437,0.8558211603375603,0.23261592070321904
1.0020629084767085,1.4525922116982437,0.8242291490445932,0.23261592070321904
1.0020629084767085,1.4525922116982437,0.9117838866661533,0.23261592070321904
1.0020629084767085,1.4525922116982437,0.861931272684621,0.23261592070321904
1.0020629084767085,1.4525922116982437,0.8227660884698231,0.23261592070321904
1.0020629084767085,1.4525922116982437,0.9695845341700207,0.23193086622734752
1.0020629084767085,1.4525922116982437,0.9185908177837211,0.23193086622734752
1.0020629084767085,1.4525922116982437,0.9542033484508797,0.23193086622734752
1.0020629084767085,1.4525922116982437,0.9707504703713883,0.23193086622734752
1.0020629084767085,1.4525922116982437,0.8577607388361913,0.23193086622734752
1.0020629084767085,1.4525922116982437,0.9740268089542921,0.23193086622734752
1.0020629084767085,1.4525922116982437,0.8510449633683355,0.23193086622734752
1.0020629084767085,1.4525922116982437,0.9490437887544536,0.23193086622734752
1.0020629084767085,1.4525922116982437,0.8350492984718226,0.23193086622734752
1.0020629084767085,1.5627360466266693,0.7659445743985807,0.29775273924714213
1.0020629084767085,1.5627360466266693,0.7438211907268387,0.29775273924714213
1.0020629084767085,1.5627360466266693,0.738246963927745,0.29775273924714213
1.0020629084767085,1.5627360466266693,0.7750817611132246,0.29775273924714213
1.0020629084767085,1.5627360466266693,0.7724819517053482,0.29775273924714213
1.0020629084767085,1.5627360466266693,0.7523010626704528,0.29775273924714213
1.0020629084767085,1.5627360466266693,0.7876371883619416,0.29775273924714213
1.0020629084767085,1.5627360466266693,0.7685584126910999,0.29775273924714213
1.0020629084767085,1.5627360466266693,0.7760840420882952,0.2684646125742637
1.0554010332400987,1.5518364456107854,0.7554427568319222,0.2684646125742637
1.0554010332400987,1.5518364456107854,0.79147761421099,0.2684646125742637
1.0554010332400987,1.5307630765558409,0.7865795291845917,0.2684646125742637
1.0554010332400987,1.5307630765558409,0.7379267755560318,0.2684646125742637
1.0554010332400987,1.5307630765558409,0.7773147930073115,0.31009588976299324
0.9737599560321843,1.5307630765558409,0.7980456352348193,0.31009588976299324
0.9737599560321843,1.5307630765558409,0.8486025917243829,0.31009588976299324
0.9737599560321843,1.5307630765558409,0.8394623568721695,0.23279426215261806
0.9737599560321843,1.5307630765558409,0.7746112331567854,0.23279426215261806
0.9737599560321843,1.5307630765558409,0.7734237894570362,0.23279426215261806
0.9737599560321843,1.5307630765558409,0.8440529313686898,0.23279426215261806
0.9737599560321843,1.5307630765558409,0.7899485248918151,0.23279426215261806
0.9737599560321843,1.5307630765558409,0.8344212258069064,0.23279426215261806
0.9737599560321843,1.5307630765558409,0.8621682702710248,0.23279426215261806
0.9737599560321843,1.5307630765558409,0.8248000136704325,0.23279426215261806
0.9737599560321843,1.5307630765558409,0.7383103153413404,0.23279426215261806
0.9737599560321843,1.5307630765558409,0.856840341260131,0.23279426215261806
0.9737599560321843,1.5307630765558409,0.8329421925231405,0.23279426215261806
0.9737599560321843,1.5307630765558409,0.8095569132999882,0.23279426215261806
0.9737599560321843,1.5307630765558409,0.7630941194194262,0.23279426215261806
0.9737599560321843,1.5307630765558409,0.7734165194139744,0.23279426215261806
0.9737599560321843,1.5307630765558409,0.7319576804965062,0.23279426215261806
0.9737599560321843,1.5307630765558409,0.7621590672947536,0.23279426215261806
0.9737599560321843,1.5307630765558409,0.8293111968239615,0.23279426215261806
0.9737599560321843,1.5307630765558409,0.7854322173818964,0.23279426215261806
0.9737599560321843,1.5307630765558409,0.804464100609423,0.23279426215261806
0.9737599560321843,1.5307630765558409,0.7465577671908903,0.23279426215261806
0.9737599560321843,1.5307630765558409,0.7772292600926702,0.23279426215261806
0.9737599560321843,1.5307630765558409,0.7956234206542602,0.23279426215261806
0.9929680492500406,1.5307630765558409,0.7798026089723686,0.23279426215261806
0.9929680492500406,1.5307630765558409,0.8385906836069418,0.23279426215261806
0.9929680492500406,1.5307630765558409,0.7597535434773693,0.23279426215261806
0.9929680492500406,1.5307630765558409,0.7652623512975538,0.23279426215261806
0.9929680492500406,1.5307630765558409,0.7600494103824859,0.23279426215261806
0.9929680492500406,1.5307630765558409,0.8073493663993374,0.23279426215261806
0.9929680492500406,1.5307630765558409,0.7702817112633833,0.23279426215261806
0.9929680492500406,1.5307630765558409,0.751045187803247,0.23279426215261806
0.9929680492500406,1.5307630765558409,0.8398076422384583,0.23279426215261806
0.9929680492500406,1.5307630765558409,0.8217143647470977,0.23279426215261806
0.9929680492500406,1.5307630765558409,0.7756506521469235,0.2820954256728369
0.9929680492500406,1.5307630765558409,0.8019138146663659,0.2820954256728369
0.9929680492500406,1.5307630765558409,0.8267503020714867,0.2820954256728369
0.9846344668238866,1.5307630765558409,0.8041670583269969,0.2820954256728369
0.9846344668238866,1.5307630765558409,0.7690097560798033,0.2820954256728369
0.9846344668238866,1.5307630765558409,0.8306737383601195,0.2820954256728369
0.9846344668238866,1.5307630765558409,0.8273679824941483,0.2820954256728369
0.9846344668238866,1.5307630765558409,0.8541822539048992,0.2820954256728369
0.9846344668238866,1.5307630765558409,0.8719351650404666,0.2820954256728369
0.9846344668238866,1.5307630765558409,0.8281704228047163,0.2820954256728369
0.9846344668238866,1.5307630765558409,0.8729072487239796,0.2820954256728369
0.9763903304102458,1.5307630765558409,0.8488917219109176,0.2820954256728369
0.9763903304102458,1.5307630765558409,0.8126991025770935,0.2820954256728369
0.9763903304102458,1.5307630765558409,0.8692086142401223,0.2820954256728369
0.9763903304102458,1.5307630765558409,0.8029696149063984,0.2820954256728369
0.9763903304102458,1.5307630765558409,0.9513906091992359,0.2820954256728369
0.9763903304102458,1.5307630765558409,0.7601816665845084,0.2820954256728369
0.9763903304102458,1.5307630765558409,0.8605066536197427,0.27404188066185603
0.8708448058925906,1.5307630765558409,0.837745276427757,0.27404188066185603
0.8708448058925906,1.5307630765558409,0.8595638985259675,0.27404188066185603
0.8708448058925906,1.5307630765558409,0.8777000336014018,0.27404188066185603
0.8708448058925906,1.5307630765558409,0.9261386155707938,0.27404188066185603
0.8708448058925906,1.5307630765558409,0.9588647415830027,0.27404188066185603
0.8708448058925906,1.5307630765558409,0.949318026819159,0.27404188066185603
0.8708448058925906,1.5307630765558409,0.9407044669567863,0.27404188066185603
0.8708448058925906,1.5307630765558409,0.9584432248647642,0.27404188066185603
0.8708448058925906,1.5307630765558409,0.8708125768813434,0.27404188066185603
0.8708448058925906,1.5307630765558409,1.0498870087902261,0.27404188066185603
0.8708448058925906,1.5307630765558409,0.9228228421352106,0.27404188066185603
0.8708448058925906,1.5307630765558409,0.9957110865547609,0.27404188066185603
0.8708448058925906,1.5307630765558409,0.869478884694746,0.27404188066185603
0.8708448058925906,1.5307630765558409,0.8346218552452725,0.27404188066185603
0.8708448058925906,1.5307630765558409,0.9211133760267423,0.27404188066185603
0.8708448058925906,1.5307630765558409,0.8846775415444919,0.27404188066185603
0.8708448058925906,1.5307630765558409,0.9620538869476027,0.27404188066185603
0.8708448058925906,1.5307630765558409,0.9222174599571595,0.27404188066185603
0.8708448058925906,1.5307630765558409,0.9061953235205281,0.27404188066185603
0.8708448058925906,1.5307630765558409,0.9170719910907806,0.27404188066185603
0.8708448058925906,1.5307630765558409,0.8347540442615463,0.27404188066185603
0.8708448058925906,1.5307630765558409,0.9527686316980928,0.27404188066185603
0.8708448058925906,1.5307630765558409,0.9194313105625334,0.27404188066185603
0.8708448058925906,1.5307630765558409,0.8520936567699761,0.27404188066185603
0.8708448058925906,1.5307630765558409,0.9190016689226497,0.27404188066185603
0.8708448058925906,1.5307630765558409,0.9606796254685656,0.27404188066185603
0.8708448058925906,1.5307630765558409,0.9663592422013355,0.27404188066185603
0.8708448058925906,1.5307630765558409,0.8331760600839206,0.27404188066185603
0.8708448058925906,1.5307630765558409,1.053233102111597,0.27404188066185603
0.8708448058925906,1.5307630765558409,0.9519605243137247,0.27404188066185603
0.8708448058925906,1.5307630765558409,0.955827008848951,0.27404188066185603
0.8708448058925906,1.55801569263486,0.8951197216702298,0.27404188066185603
0.8708448058925906,1.55801569263486,0.8035208861983107,0.27404188066185603
0.8708448058925906,1.55801569263486,0.8500978220718894,0.27404188066185603
0.8708448058925906,1.55801569263486,0.8540485394259341,0.27404188066185603
0.8708448058925906,1.55801569263486,0.8361000587006363,0.27404188066185603
0.8708448058925906,1.55801569263486,0.8803547509195964,0.27404188066185603
0.8708448058925906,1.55801569263486,0.812196916650781,0.27404188066185603
0.8708448058925906,1.55801569263486,0.8745892632789861,0.27404188066185603
0.8708448058925906,1.55801569263486,0.9235944793079975,0.27404188066185603
0.8708448058925906,1.55801569263486,0.938334572449211,0.27404188066185603
0.8708448058925906,1.55801569263486,0.8510319773823233,0.27404188066185603
0.8708448058925906,1.55801569263486,0.8548955694790449,0.27404188066185603
0.8708448058925906,1.55801569263486,0.8709151357742433,0.29772300186269074
0.8708448058925906,1.55801569263486,0.8366310004718602,0.29772300186269074
0.8708448058925906,1.55801569263486,0.9559889628606019,0.29772300186269074
0.8708448058925906,1.55801569263486,0.9429848144091564,0.29772300186269074
0.8708448058925906,1.55801569263486,0.9435497857913973,0.29772300186269074
0.8708448058925906,1.55801569263486,0.8804973823065753,0.29772300186269074
0.8708448058925906,1.55801569263486,0.8450681112279246,0.29772300186269074
0.8708448058925906,1.55801569263486,0.8876161445025891,0.29772300186269074
0.8708448058925906,1.55801569263486,0.8650286985231898,0.29772300186269074
0.8708448058925906,1.55801569263486,0.9345814509304887,0.29772300186269074
0.7859113387502314,1.55801569263486,0.9481217520665156,0.29772300186269074
0.7859113387502314,1.55801569263486,0.9394763838684538,0.18150849169114983
0.7859113387502314,1.55801569263486,0.9342419773929334,0.18150849169114983
0.7859113387502314,1.55801569263486,0.8584460176769001,0.18150849169114983
0.7780219147614326,1.55801569263486,0.9247871747148755,0.183815556003895
0.6951384572545184,1.55801569263486,0.8918021417016854,0.183815556003895
0.6951384572545184,1.55801569263486,1.035969799543367,0.183815556003895
0.6951384572545184,1.55801569263486,1.0142667995390724,0.183815556003895
0.6951384572545184,1.55801569263486,0.9331501886229479,0.183815556003895
0.6951384572545184,1.55801569263486,1.1474040400584389,0.183815556003895
0.6951384572545184,1.55801569263486,1.000248245794117,0.183815556003895
0.6767946800840201,1.55801569263486,0.9839790293634962,0.183815556003895
0.6767946800840201,1.55801569263486,1.0064804982154885,0.183815556003895
0.6767946800840201,1.55801569263486,0.8950433674008655,0.183815556003895
0.6767946800840201,1.55801569263486,1.0850862092884714,0.183815556003895
0.6767946800840201,1.55801569263486,1.0691722591632995,0.183815556003895
0.7169747429381971,1.55801569263486,1.0231306226078156,0.183815556003895
0.7169747429381971,1.55801569263486,0.9554463706172587,0.183815556003895
0.7169747429381971,1.55801569263486,0.9383305440521731,0.183815556003895
0.7169747429381971,1.55801569263486,0.9252210211597452,0.183815556003895
0.7169747429381971,1.55801569263486,1.0757356281277268,0.183815556003895
0.7169747429381971,1.55801569263486,0.9253977055698532,0.183815556003895
0.7169747429381971,1.55801569263486,0.9621113331616336,0.183815556003895
0.7169747429381971,1.55801569263486,1.019361280210994,0.183815556003895
0.6587951231990791,1.55801569263486,1.0327631442391925,0.183815556003895
0.6587951231990791,1.55801569263486,1.0332552297057995,0.183815556003895
0.6587951231990791,1.55801569263486,1.0565294304747663,0.183815556003895
0.6587951231990791,1.55801569263486,0.9922248640048723,0.183815556003895
0.6587951231990791,1.55801569263486,0.9925196577677889,0.183815556003895
0.6587951231990791,1.55801569263486,1.0477365400121368,0.183815556003895
0.6587951231990791,1.55801569263486,1.1232076668467772,0.183815556003895
0.6587951231990791,1.55801569263486,1.0289097711886699,0.183815556003895
0.6587951231990791,1.55801569263486,1.033116658468596,0.183815556003895
0.6587951231990791,1.55801569263486,0.9958063478233705,0.183815556003895
0.6587951231990791,1.55801569263486,1.0197209295719007,0.183815556003895
0.6587951231990791,1.55801569263486,1.0779688471620488,0.183815556003895
0.6587951231990791,1.55801569263486,1.0160204422924328,0.183815556003895
0.6587951231990791,1.55801569263486,1.1342150788633814,0.183815556003895
0.6587951231990791,1.55801569263486,1.0927239886018552,0.183815556003895
0.6587951231990791,1.55801569263486,1.0197738314728089,0.183815556003895
0.6587951231990791,1.55801569263486,1.1475083747664478,0.183815556003895
0.6587951231990791,1.55801569263486,1.0135509210130895,0.183815556003895
0.6587951231990791,1.55801569263486,0.9757194119058962,0.183815556003895
0.6587951231990791,1.55801569263486,1.0033466152360022,0.183815556003895
0.6587951231990791,1.55801569263486,1.0805102337658363,0.183815556003895
0.6587951231990791,1.472056829585633,1.1262958624284813,0.183815556003895
0.6587951231990791,1.472056829585633,1.156343444820075,0.183815556003895
0.6587951231990791,1.472056829585633,1.3187321678583466,0.183815556003895
0.6587951231990791,1.472056829585633,1.2854770886135398,0.183815556003895
0.6587951231990791,1.472056829585633,1.2751430338588208,0.183815556003895
0.6587951231990791,1.472056829585633,1.1697581811337225,0.183815556003895
0.6587951231990791,1.472056829585633,1.2433845205609804,0.183815556003895
0.6587951231990791,1.472056829585633,1.1024730224510941,0.183815556003895
0.6587951231990791,1.472056829585633,1.1235078103605591,0.14887832695172923
0.6587951231990791,1.472056829585633,1.1134359844747073,0.14887832695172923
0.6587951231990791,1.472056829585633,1.1242650924260327,0.14887832695172923
0.6587951231990791,1.472056829585633,1.1825082424145528,0.14887832695172923
0.6587951231990791,1.472056829585633,1.1628992001834821,0.14887832695172923
0.6587951231990791,1.472056829585633,1.3268071227031306,0.2095237926647011
0.6587951231990791,1.472056829585633,1.2344677816330645,0.2095237926647011
0.699059437932659,1.472056829585633,1.1541770827652984,0.2095237926647011
0.699059437932659,1.472056829585633,1.180793968651673,0.2095237926647011
0.699059437932659,1.472056829585633,1.3643719786106152,0.2095237926647011
0.699059437932659,1.472056829585633,1.1250624457292713,0.2095237926647011
0.6895977229839488,1.472056829585633,1.3147583603584534,0.20211543762377726
0.783761578423043,1.472056829585633,1.1716395429167954,0.20211543762377726
0.783761578423043,1.472056829585633,1.0323317213791785,0.20211543762377726
0.783761578423043,1.472056829585633,1.0415180024378163,0.20211543762377726
0.783761578423043,1.472056829585633,1.045589611592414,0.20211543762377726
0.783761578423043,1.472056829585633,1.0452036346082965,0.20211543762377726
0.783761578423043,1.472056829585633,1.188089102085537,0.20211543762377726
0.783761578423043,1.472056829585633,1.0390936497364605,0.20211543762377726
0.783761578423043,1.472056829585633,1.0635057044297622,0.20211543762377726
0.783761578423043,1.472056829585633,1.0887375961300685,0.20211543762377726
0.783761578423043,1.472056829585633,1.0876284530757336,0.2099454530383035
0.783761578423043,1.472056829585633,1.0776987196819598,0.2099454530383035
0.783761578423043,1.472056829585633,0.9882525199375513,0.2247737512613215
0.783761578423043,1.472056829585633,1.0417505020367133,0.2247737512613215
0.783761578423043,1.472056829585633,1.012988757297739,0.2247737512613215
0.783761578423043,1.472056829585633,1.0760003553568114,0.2247737512613215
0.783761578423043,1.472056829585633,1.0403753259093758,0.2247737512613215
0.783761578423043,1.5091425729420096,1.0136857485037147,0.2247737512613215
0.783761578423043,1.489847280273178,0.9694236930457991,0.2247737512613215
0.783761578423043,1.489847280273178,1.1371859084775497,0.2247737512613215
0.783761578423043,1.489847280273178,1.0597322854596487,0.2247737512613215
0.783761578423043,1.489847280273178,1.0729002948784656,0.2247737512613215
0.783761578423043,1.489847280273178,1.2105195824651687,0.2247737512613215
0.783761578423043,1.5429564207745092,0.9813173762498667,0.2247737512613215
0.783761578423043,1.5429564207745092,0.9212692203839992,0.2247737512613215
0.783761578423043,1.5429564207745092,0.9777904548142852,0.2247737512613215
0.783761578423043,1.5429564207745092,0.9057155652713399,0.2247737512613215
0.783761578423043,1.5429564207745092,1.0000117788329324,0.2247737512613215
0.783761578423043,1.5429564207745092,0.8682085725442847,0.2247737512613215
0.783761578423043,1.5429564207745092,1.0291678441791023,0.2247737512613215
0.783761578423043,1.5429564207745092,0.9736345515111756,0.2247737512613215
0.783761578423043,1.5429564207745092,0.9670055933587606,0.2247737512613215
0.6689682156940295,1.5429564207745092,1.0528069788394885,0.2247737512613215
0.6689682156940295,1.5429564207745092,1.0745886154043802,0.2247737512613215
0.6689682156940295,1.5429564207745092,1.2216546773100407,0.2247737512613215
0.6689682156940295,1.5429564207745092,1.229825951794654,0.20348625189626016
0.6689682156940295,1.5429564207745092,1.1090136466137082,0.20348625189626016
0.6689682156940295,1.5429564207745092,1.0202300598222178,0.20348625189626016
0.6689682156940295,1.5429564207745092,1.0929797981880933,0.20348625189626016
0.6689682156940295,1.5429564207745092,1.1356721754464119,0.20348625189626016
0.6689682156940295,1.5429564207745092,1.17533166195374,0.20348625189626016
0.6689682156940295,1.5429564207745092,1.22032268810439,0.20348625189626016
0.6689682156940295,1.5429564207745092,1.2394088551860505,0.20348625189626016
0.6689682156940295,1.5429564207745092,1.1759393731619925,0.20348625189626016
0.6689682156940295,1.5429564207745092,1.1868257886795035,0.20348625189626016
0.6689682156940295,1.5429564207745092,1.2087548536644845,0.20348625189626016
0.6689682156940295,1.5429564207745092,0.9700264158978532,0.20348625189626016
0.6689682156940295,1.5429564207745092,1.1193662645427387,0.20348625189626016
0.6689682156940295,1.5429564207745092,1.0885089283478457,0.20348625189626016
0.6689682156940295,1.5429564207745092,1.233802529843933,0.20348625189626016
0.6689682156940295,1.5429564207745092,1.1078684116542665,0.20348625189626016
0.6689682156940295,1.5429564207745092,1.0886071807599758,0.20348625189626016
0.6689682156940295,1.5429564207745092,1.0372920910053112,0.20348625189626016
0.6689682156940295,1.5429564207745092,1.08325291833143,0.20348625189626016
0.6689682156940295,1.5429564207745092,1.2293198787718713,0.20348625189626016
0.6689682156940295,1.5429564207745092,1.028331342511149,0.20348625189626016
0.6689682156940295,1.5429564207745092,1.0243802184059214,0.20348625189626016
0.6689682156940295,1.5429564207745092,1.0369624241145,0.20348625189626016
0.6689682156940295,1.5429564207745092,1.1502419772309838,0.20348625189626016
0.6689682156940295,1.5429564207745092,1.0448976799164138,0.20348625189626016
0.6689682156940295,1.5429564207745092,1.1629622588163382,0.20348625189626016
0.6689682156940295,1.5429564207745092,1.0762846857565969,0.20348625189626016
0.6689682156940295,1.5429564207745092,1.0548189467359337,0.20348625189626016
0.6689682156940295,1.5429564207745092,1.0913639924152747,0.20348625189626016
0.6689682156940295,1.5429564207745092,1.0807804854336374,0.18829216409195873
0.6689682156940295,1.5429564207745092,1.1079388384592164,0.18829216409195873
0.6304930152161355,1.5429564207745092,1.1847562615276461,0.18829216409195873
0.6304930152161355,1.5429564207745092,1.2340254504785835,0.18829216409195873
0.6304930152161355,1.5429564207745092,1.0941593191763717,0.18829216409195873
0.6304930152161355,1.5429564207745092,1.13530705041852,0.18829216409195873
0.6304930152161355,1.538183110355835,1.164935222604706,0.18829216409195873
0.6304930152161355,1.538183110355835,1.2007253332504804,0.18829216409195873
0.6304930152161355,1.538183110355835,1.2051786049095177,0.18829216409195873
0.6304930152161355,1.538183110355835,1.2822979525518605,0.18829216409195873
0.6304930152161355,1.5861760873733823,1.2100953467706834,0.18829216409195873
0.6304930152161355,1.5861760873733823,1.1063690218141178,0.18829216409195873
0.6304930152161355,1.5861760873733823,1.0454617109616986,0.18829216409195873
0.6304930152161355,1.5235476289435494,1.1347499130717638,0.18829216409195873
0.6304930152161355,1.5235476289435494,1.2145580004107368,0.18829216409195873
0.6304930152161355,1.5413372090186852,1.2299782481145796,0.18829216409195873
0.6304930152161355,1.5413372090186852,1.0766519128654026,0.18829216409195873
0.6237522750045584,1.5413372090186852,1.2108929282042602,0.18829216409195873
0.6237522750045584,1.5413372090186852,1.1428552249508923,0.18829216409195873
0.6237522750045584,1.5413372090186852,1.1004904492936236,0.18829216409195873
0.6237522750045584,1.5413372090186852,0.9976822178581588,0.18829216409195873
0.6237522750045584,1.5413372090186852,1.13481904543036,0.18829216409195873
0.6237522750045584,1.5413372090186852,1.1646373200132698,0.18829216409195873
0.6237522750045584,1.5413372090186852,1.1038074388966888,0.18829216409195873
0.6237522750045584,1.5413372090186852,1.097038831073034,0.18829216409195873
0.6237522750045584,1.5413372090186852,1.0793868332330199,0.18829216409195873
0.6237522750045584,1.5413372090186852,1.1731979074014878,0.18829216409195873
0.6237522750045584,1.5413372090186852,1.2558203998122732,0.18829216409195873
0.6237522750045584,1.5413372090186852,1.3428235040093988,0.18829216409195873
0.6237522750045584,1.5413372090186852,1.3026105210239913,0.18829216409195873
0.6237522750045584,1.5973717124106759,1.0773268957108209,0.18829216409195873
0.6371940648869939,1.5973717124106759,0.9716638218431705,0.18829216409195873
0.6371940648869939,1.5973717124106759,1.11441124328063,0.18829216409195873
0.6371940648869939,1.5973717124106759,1.064302235171728,0.18829216409195873
0.6371940648869939,1.5973717124106759,1.049756942305768,0.18829216409195873
0.6371940648869939,1.5973717124106759,1.0202494028575742,0.19848206522591316
0.6371940648869939,1.5973717124106759,1.1903668233844331,0.26894434510542586
0.6371940648869939,1.5973717124106759,1.162596551786705,0.26894434510542586
0.6371940648869939,1.5973717124106759,1.1205984559627507,0.26894434510542586
0.6371940648869939,1.5973717124106759,1.073273955042482,0.26894434510542586
0.6371940648869939,1.5973717124106759,1.1227401487852884,0.26894434510542586
0.6371940648869939,1.5973717124106759,1.063232326467828,0.26894434510542586
0.6371940648869939,1.5973717124106759,1.2055899000361203,0.24625402259425527
0.6371940648869939,1.5973717124106759,1.0646804134793935,0.22481492604718706
0.6371940648869939,1.5973717124106759,0.9696138718392887,0.22481492604718706
0.6371940648869939,1.5973717124106759,1.0809616550827532,0.22481492604718706
0.6371940648869939,1.5973717124106759,1.0633166929002338,0.22481492604718706
0.6371940648869939,1.5973717124106759,0.9795665438396002,0.20641033533896924
0.6371940648869939,1.5973717124106759,1.0573131780476894,0.20641033533896924
0.6371940648869939,1.5973717124106759,1.165606549573638,0.20641033533896924
0.6371940648869939,1.5973717124106759,0.9746282960943833,0.20641033533896924
0.6371940648869939,1.5973717124106759,1.1138310702147571,0.20641033533896924
0.6371940648869939,1.5973717124106759,1.0556167102138425,0.20641033533896924
0.6371940648869939,1.5973717124106759,1.0796304958508793,0.20641033533896924
0.6371940648869939,1.5973717124106759,1.1031525028263058,0.20641033533896924
0.6371940648869939,1.5973717124106759,1.0533911998260466,0.20641033533896924
0.6371940648869939,1.5973717124106759,1.0340722870023193,0.20641033533896924
0.6371940648869939,1.6040778946928462,0.9668562655775313,0.20641033533896924
0.6371940648869939,1.6040778946928462,1.000687585622902,0.20641033533896924
0.6371940648869939,1.6040778946928462,0.9999902081551263,0.20641033533896924
0.6371940648869939,1.6040778946928462,1.101639165867181,0.20641033533896924
0.6371940648869939,1.6040778946928462,0.9891337929080979,0.20641033533896924
0.6371940648869939,1.6040778946928462,1.0565188753521555,0.20641033533896924
0.6371940648869939,1.6040778946928462,1.028529490236344,0.20641033533896924
0.6371940648869939,1.6040778946928462,1.0636136107105618,0.20641033533896924
0.6371940648869939,1.6040778946928462,1.0675544577827587,0.20641033533896924
0.7351340488876308,1.6040778946928462,0.9289207112900657,0.20641033533896924
0.7351340488876308,1.6040778946928462,1.0201536397296622,0.20520521101613484
0.7351340488876308,1.6040778946928462,0.8667143479976008,0.20520521101613484
0.7351340488876308,1.6040778946928462,0.9508142322189638,0.20520521101613484
0.6904737811735093,1.6040778946928462,0.843491857110232,0.20520521101613484
0.6904737811735093,1.6040778946928462,0.8587489151453437,0.20520521101613484
0.6904737811735093,1.6040778946928462,0.9633703751863456,0.20520521101613484
0.6904737811735093,1.6040778946928462,0.9384202294248246,0.20150143875966
0.6904737811735093,1.6040778946928462,0.9882816514958356,0.20150143875966
0.6904737811735093,1.6040778946928462,1.0177101895116683,0.20150143875966
0.7148665221346078,1.6040778946928462,0.8697097946490555,0.20150143875966
0.7148665221346078,1.6040778946928462,0.9270349130754091,0.20150143875966
0.6188587663191601,1.6040778946928462,0.9666176323025704,0.20150143875966
0.6188587663191601,1.6040778946928462,1.1048679446165266,0.20150143875966
0.6188587663191601,1.6040778946928462,1.007527277697444,0.17489716634106678
0.6188587663191601,1.6040778946928462,1.0653222623366068,0.17489716634106678
0.6188587663191601,1.6040778946928462,1.010597814417128,0.17489716634106678
0.6188587663191601,1.6040778946928462,0.9907879533530622,0.17489716634106678
0.6188587663191601,1.5794934362062494,0.9909117900282143,0.17489716634106678
0.6188587663191601,1.5794934362062494,1.119297296043881,0.17489716634106678
0.5814382242033266,1.5794934362062494,1.0931595106838625,0.17489716634106678
0.5814382242033266,1.5794934362062494,1.0803384020576614,0.17489716634106678
0.601657901789296,1.5794934362062494,1.0220250138760258,0.17337169232832034
0.601657901789296,1.5794934362062494,1.0959406966391916,0.17337169232832034
0.601657901789296,1.5794934362062494,1.1527505659397042,0.17337169232832034
0.601657901789296,1.5794934362062494,1.1079596412801054,0.17337169232832034
0.601657901789296,1.5794934362062494,1.059541385846775,0.17337169232832034
0.601657901789296,1.5794934362062494,1.1459040158957174,0.17337169232832034
0.601657901789296,1.5794934362062494,1.1089350019915003,0.17337169232832034
0.601657901789296,1.5794934362062494,1.0621742495002464,0.17337169232832034
0.601657901789296,1.5794934362062494,1.0834948321508557,0.17337169232832034
0.601657901789296,1.5794934362062494,1.0559043483436013,0.17337169232832034
0.601657901789296,1.5794934362062494,1.074556120508704,0.17337169232832034
0.601657901789296,1.5794934362062494,1.091363567664606,0.17337169232832034
0.601657901789296,1.5794934362062494,1.115121269535417,0.17337169232832034
0.601657901789296,1.5794934362062494,1.1993921956498896,0.17337169232832034
0.601657901789296,1.5794934362062494,1.2007974745877663,0.23544880465988482
0.601657901789296,1.5794934362062494,1.1558440520137514,0.23544880465988482
0.601657901789296,1.5794934362062494,1.3473480920873018,0.22372599727917694
0.601657901789296,1.5794934362062494,1.206786614703359,0.22372599727917694
0.601657901789296,1.5794934362062494,1.1354410036855989,0.22372599727917694
0.601657901789296,1.5794934362062494,1.2092048151360348,0.22372599727917694
0.5852100732621518,1.6111966640167175,1.108907417627943,0.22372599727917694
0.5852100732621518,1.6111966640167175,1.252020823397767,0.22372599727917694
0.5852100732621518,1.6107429198286374,1.212223318605961,0.22372599727917694
0.5852100732621518,1.6107429198286374,1.1624424845790273,0.22372599727917694
0.5852100732621518,1.6107429198286374,1.1448168470640883,0.22372599727917694
0.5852100732621518,1.6107429198286374,1.0661878441928523,0.22372599727917694
0.5852100732621518,1.6107429198286374,1.0799810493582127,0.22372599727917694
0.5852100732621518,1.6107429198286374,1.1624888994291098,0.22372599727917694
0.5852100732621518,1.6107429198286374,1.1109768186186042,0.22372599727917694
0.5852100732621518,1.6107429198286374,1.1663889780233452,0.25300266248878384
0.5852100732621518,1.6107429198286374,1.1610981990922788,0.25300266248878384
0.5852100732621518,1.6107429198286374,1.156492169266971,0.25300266248878384
0.650531202787711,1.6107429198286374,1.1298199955365893,0.25300266248878384
0.650531202787711,1.6107429198286374,1.0856624310540515,0.25300266248878384
0.650531202787711,1.6107429198286374,1.1072245323269814,0.25300266248878384
0.650531202787711,1.6107429198286374,1.0589367522181488,0.24530116020920165
0.650531202787711,1.6107429198286374,1.1187255216008738,0.2064171216517549
0.650531202787711,1.6107429198286374,0.9971082853463497,0.2064171216517549
0.650531202787711,1.6684458527621038,0.9898926696148791,0.2064171216517549
0.650531202787711,1.6684458527621038,0.8657666092156797,0.2064171216517549
0.650531202787711,1.6684458527621038,0.8606803626487799,0.2064171216517549
0.650531202787711,1.6684458527621038,0.9433751692993511,0.2064171216517549
0.650531202787711,1.6684458527621038,0.894683837855901,0.2064171216517549
0.650531202787711,1.6684458527621038,0.9022193895470384,0.2064171216517549
0.650531202787711,1.6684458527621038,0.8504816072245881,0.2064171216517549
0.650531202787711,1.6684458527621038,0.8995544998805249,0.2064171216517549
0.650531202787711,1.6684458527621038,0.847122336086525,0.2064171216517549
0.650531202787711,1.6684458527621038,0.9403777425306269,0.2064171216517549
0.650531202787711,1.6684458527621038,0.9650934614053238,0.20096582671282393
0.650531202787711,1.6684458527621038,0.9169001963473563,0.20096582671282393
0.650531202787711,1.6684458527621038,0.9399072687025681,0.20096582671282393
0.650531202787711,1.6684458527621038,0.8718388385592104,0.20096582671282393
0.650531202787711,1.6684458527621038,0.8969256643871185,0.20096582671282393
0.650531202787711,1.6684458527621038,0.9122717128368809,0.20096582671282393
0.650531202787711,1.6684458527621038,0.9441371214834288,0.20096582671282393
0.650531202787711,1.6684458527621038,0.8253110488273255,0.20096582671282393
0.650531202787711,1.6684458527621038,0.9314852411379496,0.20096582671282393
0.650531202787711,1.6684458527621038,0.9494546086424668,0.20096582671282393
0.650531202787711,1.6684458527621038,0.8650297182744956,0.2269097250967723
0.650531202787711,1.6684458527621038,0.9288239551252163,0.2269097250967723
0.650531202787711,1.6684458527621038,0.9010895183198122,0.2269097250967723
0.650531202787711,1.6684458527621038,0.910958583773715,0.2269097250967723
0.650531202787711,1.6684458527621038,0.8573443920861454,0.2269097250967723
0.650531202787711,1.6684458527621038,0.9688655224075124,0.2269097250967723
0.650531202787711,1.6684458527621038,0.8559699564571955,0.2269097250967723
0.650531202787711,1.6684458527621038,0.9494133631240791,0.2269097250967723
0.650531202787711,1.6684458527621038,1.0352448989026999,0.2269097250967723
0.650531202787711,1.6684458527621038,0.9333750571212441,0.2269097250967723
0.5988547426105612,1.6684458527621038,1.03029885920975,0.23743153862948155
0.5988547426105612,1.6684458527621038,1.0546294615000105,0.23743153862948155
0.5988547426105612,1.6684458527621038,0.9392275577101664,0.23743153862948155
0.5988547426105612,1.6684458527621038,1.0088003377287045,0.23743153862948155
0.5988547426105612,1.6684458527621038,1.0087883133947084,0.28061249569549246
0.5988547426105612,1.6684458527621038,0.9446387999344347,0.28061249569549246
0.5988547426105612,1.6840298920844694,1.0496537047565397,0.28061249569549246
0.5988547426105612,1.6840298920844694,1.0064632974439192,0.28061249569549246
0.5988547426105612,1.6840298920844694,1.061596998171663,0.28061249569549246
0.5988547426105612,1.6840298920844694,1.0023473270154641,0.28061249569549246
0.5640620306139611,1.6840298920844694,1.0633029674298682,0.28061249569549246
0.5640620306139611,1.6840298920844694,1.1419072556688707,0.28061249569549246
0.5640620306139611,1.6840298920844694,1.102045915247661,0.28061249569549246
0.5640620306139611,1.6840298920844694,1.0115838587388999,0.28061249569549246
0.5640620306139611,1.6840298920844694,1.1233579830295535,0.28061249569549246
0.5640620306139611,1.6840298920844694,1.0839449411624429,0.28061249569549246
0.5640620306139611,1.6840298920844694,1.0543900391328087,0.28061249569549246
0.5640620306139611,1.6840298920844694,1.1001142182456163,0.28061249569549246
0.5640620306139611,1.6840298920844694,1.0465884160195982,0.28061249569549246
0.5640620306139611,1.6840298920844694,1.111544053588331,0.28061249569549246
0.5655801510158038,1.7147185229041684,1.0039808287675418,0.28061249569549246
0.5655801510158038,1.7147185229041684,1.0372464764750584,0.2601691104108857
0.5655801510158038,1.7147185229041684,1.1091414626658855,0.2601691104108857
0.5655801510158038,1.7147185229041684,1.002039619122039,0.2601691104108857
0.5655801510158038,1.7147185229041684,0.9926521630678302,0.2601691104108857
0.5655801510158038,1.7147185229041684,1.0301912661054793,0.2601691104108857
0.5655801510158038,1.7099559988576478,0.931462657888543,0.2601691104108857
0.5655801510158038,1.7099559988576478,0.9410034417984735,0.2601691104108857
0.5655801510158038,1.7099559988576478,1.0202933528866966,0.2601691104108857
0.5655801510158038,1.7099559988576478,0.950948107459138,0.2601691104108857
0.5655801510158038,1.7099559988576478,1.0078613230051716,0.2601691104108857
0.5655801510158038,1.7099559988576478,1.0707717940068917,0.2601691104108857
0.5655801510158038,1.7099559988576478,0.9512163993897553,0.2601691104108857
0.5655801510158038,1.7099559988576478,1.0838832056594565,0.2601691104108857
0.5655801510158038,1.7099559988576478,1.1370071266597896,0.2601691104108857
0.5655801510158038,1.7099559988576478,0.9944454696974311,0.2601691104108857
0.5655801510158038,1.7099559988576478,0.9447758519311428,0.2601691104108857
0.5655801510158038,1.7099559988576478,1.0445993122055417,0.2601691104108857
0.5655801510158038,1.7099559988576478,1.08874954548819,0.2601691104108857
0.5655801510158038,1.7099559988576478,0.970060425176264,0.2601691104108857
0.5557121877215352,1.7099559988576478,0.9603643134747513,0.2601691104108857
0.5557121877215352,1.7099559988576478,1.0688868438849515,0.2601691104108857
0.5557121877215352,1.7099559988576478,0.9925926962951858,0.2601691104108857
0.5557121877215352,1.7099559988576478,1.008568840077211,0.2601691104108857
0.5557121877215352,1.7099559988576478,0.9963398877146842,0.2601691104108857
0.5557121877215352,1.7099559988576478,1.0928862752145854,0.2601691104108857
0.5557121877215352,1.7099559988576478,1.025631913967337,0.2601691104108857
0.5557121877215352,1.7099559988576478,0.9269031529314915,0.2601691104108857
0.5557121877215352,1.7099559988576478,1.0821976760509342,0.2601691104108857
0.5557121877215352,1.7099559988576478,1.1407375002574216,0.2601691104108857
0.5557121877215352,1.7099559988576478,1.0873006242903138,0.2601691104108857
0.5557121877215352,1.7099559988576478,1.0121284396276553,0.2601691104108857
0.5557121877215352,1.7090473690661825,1.0654120532062255,0.2601691104108857
0.5557121877215352,1.7090473690661825,1.047957920180507,0.2601691104108857
0.5557121877215352,1.7090473690661825,1.0832721757099648,0.2601691104108857
0.5557121877215352,1.7090473690661825,1.028147996194999,0.2601691104108857
0.5557121877215352,1.7090473690661825,1.10731785917097,0.2601691104108857
0.5557121877215352,1.7090473690661825,1.1187612816676298,0.2601691104108857
0.5557121877215352,1.7090473690661825,1.0064907921007675,0.2601691104108857
0.5557121877215352,1.7090473690661825,1.0359337261512753,0.2601691104108857
0.5557121877215352,1.7090473690661825,1.0976944423373938,0.2601691104108857
0.5557121877215352,1.7090473690661825,1.0548720459021224,0.2601691104108857
0.5557121877215352,1.7090473690661825,1.028997107171386,0.2601691104108857
0.5557121877215352,1.7090473690661825,1.1292022855701267,0.2601691104108857
0.5557121877215352,1.7090473690661825,1.0619443239687247,0.2601691104108857
0.5557121877215352,1.7090473690661825,0.9667273229191963,0.2601691104108857
0.5557121877215352,1.7039868005943557,0.9887089363104646,0.26496192151749687
0.5557121877215352,1.7039990377937762,1.0087992429948094,0.26496192151749687
0.5557121877215352,1.6633853766890117,1.0855255354227584,0.26496192151749687
0.5557121877215352,1.6633853766890117,1.0673296873039144,0.26496192151749687
0.5557121877215352,1.6633853766890117,1.248952361929113,0.26496192151749687
0.5557121877215352,1.6633853766890117,1.1117010696233676,0.26496192151749687
0.5557121877215352,1.6633853766890117,1.1313505449932888,0.26496192151749687
0.5557121877215352,1.6633853766890117,1.1546921729141812,0.26496192151749687
0.5557121877215352,1.6633853766890117,1.0532656096251403,0.26496192151749687
0.5557121877215352,1.6633853766890117,1.4403833300106728,0.26496192151749687
0.5557121877215352,1.6633853766890117,1.193626458841701,0.26496192151749687
0.5557121877215352,1.6633853766890117,1.2661924325219454,0.26496192151749687
0.5557121877215352,1.6633853766890117,1.205691805787689,0.26496192151749687
0.5557121877215352,1.6633853766890117,1.0382572968323733,0.26496192151749687
0.5557121877215352,1.6633853766890117,1.0571502739186331,0.26496192151749687
0.5557121877215352,1.6633853766890117,1.0585991490799915,0.26496192151749687
0.5557121877215352,1.6633853766890117,1.184861796824703,0.26496192151749687
0.5557121877215352,1.6633853766890117,1.0196092969008617,0.26496192151749687
0.5557121877215352,1.6633853766890117,0.9881032500242956,0.26496192151749687
0.5557121877215352,1.6633853766890117,1.1869490211109746,0.26496192151749687
0.6178669911803452,1.6633853766890117,1.1294166414519216,0.26496192151749687
0.6178669911803452,1.6633853766890117,0.9465337032418889,0.26496192151749687
0.6178669911803452,1.6633853766890117,0.9606140631603719,0.26496192151749687
0.6178669911803452,1.6633853766890117,1.0223840541087528,0.26496192151749687
0.6178669911803452,1.6633853766890117,1.0359789886329311,0.26496192151749687
0.6178669911803452,1.6633853766890117,0.9873574063762368,0.26496192151749687
0.6178669911803452,1.6633853766890117,1.0191207264668503,0.26496192151749687
0.6178669911803452,1.6633853766890117,1.0247132282554132,0.24762142945047286
0.6178669911803452,1.6633853766890117,1.081347478862794,0.24762142945047286
0.6178669911803452,1.6629554423252293,1.1171697056689858,0.24762142945047286
0.6178669911803452,1.6629554423252293,0.9975350143587933,0.24762142945047286
0.6191084535367659,1.6629554423252293,1.0210808640425644,0.24762142945047286
0.6191084535367659,1.6629554423252293,1.0179387241667675,0.24581459361441024
0.6191084535367659,1.6629554423252293,0.9180783176477737,0.24581459361441024
0.6191084535367659,1.6629554423252293,0.9253817343037443,0.24581459361441024
0.6191084535367659,1.6629554423252293,1.064011655872054,0.24581459361441024
0.59262614116615,1.6629554423252293,1.071886768889124,0.24581459361441024
0.59262614116615,1.6629554423252293,1.0864680531181605,0.24581459361441024
0.59262614116615,1.6629554423252293,0.9530092615089253,0.24581459361441024
0.59262614116615,1.6629554423252293,1.0168542789184243,0.24581459361441024
0.59262614116615,1.6629554423252293,0.9822028196472847,0.24581459361441024
0.59262614116615,1.6629554423252293,1.0046104829458293,0.24581459361441024
0.59262614116615,1.6629554423252293,0.9652703239436669,0.24581459361441024
0.59262614116615,1.6629554423252293,1.14728119353045,0.24581459361441024
0.59262614116615,1.6629554423252293,0.9341245935594266,0.24581459361441024
0.59262614116615,1.6629554423252293,1.0525463237615047,0.24581459361441024
0.59262614116615,1.6629554423252293,0.971056162328569,0.18576748576055163
0.59262614116615,1.6629554423252293,1.0187158105044798,0.18576748576055163
0.59262614116615,1.6629554423252293,0.9394438211411075,0.21964124502404708
0.59262614116615,1.6629554423252293,1.0238276127390147,0.21964124502404708
0.59262614116615,1.6629554423252293,1.0556205483872119,0.29642043553979647
0.59262614116615,1.6629554423252293,1.108209770259056,0.29642043553979647
0.59262614116615,1.6629554423252293,1.0157856843356294,0.29642043553979647
0.59262614116615,1.6629554423252293,1.1499427142018406,0.29642043553979647
0.59262614116615,1.6629554423252293,1.1527369291224128,0.29642043553979647
0.59262614116615,1.6629554423252293,1.0385518774719045,0.29642043553979647
0.59262614116615,1.6629554423252293,1.0036518955645914,0.29642043553979647
0.59262614116615,1.6629554423252293,1.1594681466495076,0.29642043553979647
0.59262614116615,1.6629554423252293,1.0268850505294695,0.29642043553979647
0.59262614116615,1.6629554423252293,1.0937156173453721,0.2522708627130805
0.59262614116615,1.6629554423252293,0.9827593325862563,0.2522708627130805
0.59262614116615,1.6629554423252293,1.002460606823751,0.2522708627130805
0.59262614116615,1.6629554423252293,1.0607440163496433,0.2961309550384368
0.59262614116615,1.6629554423252293,1.0785903850119976,0.2961309550384368
0.59262614116615,1.6629554423252293,1.142798262589396,0.2961309550384368
0.59262614116615,1.6629554423252293,1.0738923805156224,0.2961309550384368
0.59262614116615,1.6629554423252293,1.046393216432437,0.2961309550384368
0.59262614116615,1.6629554423252293,1.1276742563848534,0.2961309550384368
0.59262614116615,1.6629554423252293,1.050373581768604,0.2675187300172773
0.59262614116615,1.6629554423252293,0.9569281189770144,0.2675187300172773
0.59262614116615,1.6629554423252293,1.088238185739031,0.2675187300172773
0.59262614116615,1.6629554423252293,1.0100165111878137,0.2675187300172773
0.59262614116615,1.6629554423252293,1.1025744584539956,0.2675187300172773
0.59262614116615,1.6629554423252293,0.92792173864739,0.2675187300172773
0.59262614116615,1.6629554423252293,1.1010946530224923,0.2675187300172773
0.59262614116615,1.6629554423252293,1.0858760848388371,0.2675187300172773
0.59262614116615,1.6629554423252293,0.9710238476125385,0.2675187300172773
0.59262614116615,1.6629554423252293,1.0491246868365403,0.2675187300172773
0.59262614116615,1.6629554423252293,0.9996901579901672,0.2675187300172773
0.59262614116615,1.6629554423252293,1.1046545700172627,0.2675187300172773
0.59262614116615,1.6629554423252293,1.1046412351583899,0.27357387340113654
0.59262614116615,1.6086826326383252,1.1479934497489106,0.27357387340113654
0.59262614116615,1.6086826326383252,1.1245220033280343,0.27357387340113654
0.59262614116615,1.6086826326383252,1.1700001136670815,0.27357387340113654
0.59262614116615,1.6086826326383252,1.2349440247839214,0.27357387340113654
0.59262614116615,1.6086826326383252,1.1961288444253266,0.27357387340113654
0.59262614116615,1.6086826326383252,1.1199334696842866,0.27357387340113654
0.59262614116615,1.6086826326383252,1.1224639684190574,0.27357387340113654
0.59262614116615,1.6086826326383252,1.1729862331673373,0.27357387340113654
0.59262614116615,1.6086826326383252,1.2424736691396823,0.27357387340113654
0.59262614116615,1.6086826326383252,1.1164598505649508,0.27357387340113654
0.59262614116615,1.6086826326383252,1.0498616134083512,0.27357387340113654
0.59262614116615,1.6086826326383252,1.1309870879519177,0.28568423327616194
0.59262614116615,1.6086826326383252,1.2311648387755287,0.17343896098420755
0.59262614116615,1.6086826326383252,1.079908265939339,0.17343896098420755
0.59262614116615,1.6086826326383252,1.0922731211085215,0.17343896098420755
0.59262614116615,1.6086826326383252,1.0870637759277066,0.17343896098420755
0.59262614116615,1.6086826326383252,1.1102638064243568,0.17343896098420755
0.59262614116615,1.6086826326383252,1.1028226486419381,0.23718412231837044
0.59262614116615,1.6086826326383252,1.1736986985644797,0.23718412231837044
0.59262614116615,1.6086826326383252,1.1128160855267488,0.23718412231837044
0.59262614116615,1.6086826326383252,1.1602791638298249,0.23718412231837044
0.59262614116615,1.6086826326383252,1.0488825968950999,0.23718412231837044
0.59262614116615,1.6086826326383252,1.1907735182841914,0.23718412231837044
0.59262614116615,1.6086826326383252,1.137640981076603,0.2230350950469659
0.59262614116615,1.5801824542287108,1.1557073260983546,0.2230350950469659
0.59262614116615,1.5801824542287108,1.024138783683336,0.2230350950469659
0.59262614116615,1.5801824542287108,1.1197913571639877,0.2230350950469659
0.59262614116615,1.5801824542287108,1.2873007879112501,0.2230350950469659
0.59262614116615,1.5801824542287108,1.1996144241880666,0.22023014919797496
0.59262614116615,1.5801824542287108,1.1583791027139398,0.22023014919797496
0.59262614116615,1.5801824542287108,1.2048905493111532,0.22023014919797496
0.59262614116615,1.5801824542287108,1.1282813201774473,0.22023014919797496
0.59262614116615,1.5801824542287108,1.1437435991162423,0.22023014919797496
0.59262614116615,1.5801824542287108,1.2391539461084624,0.22023014919797496
0.59262614116615,1.536088517035581,1.3560341158473712,0.22023014919797496
0.59262614116615,1.536088517035581,1.2496937682002194,0.22023014919797496
0.59262614116615,1.536088517035581,1.2782875791435422,0.22023014919797496
0.59262614116615,1.536088517035581,1.1508397624290492,0.22023014919797496
0.59262614116615,1.536088517035581,1.1995373512570713,0.22023014919797496
0.5805035197948595,1.536088517035581,1.2327075368984521,0.22023014919797496
0.5805035197948595,1.536088517035581,1.3339954923941755,0.22023014919797496
0.5805035197948595,1.536088517035581,1.414224274539781,0.22023014919797496
0.5805035197948595,1.5769350822650576,1.244081149351674,0.22023014919797496
0.5805035197948595,1.5769350822650576,1.1828982348407506,0.22023014919797496
0.5805035197948595,1.5769350822650576,1.0845208836816607,0.20987789662040146
0.5805035197948595,1.5769350822650576,1.1279292714397502,0.20987789662040146
0.5805035197948595,1.5769350822650576,1.1436655376488025,0.20987789662040146
0.5805035197948595,1.5769350822650576,1.1327890168479295,0.20987789662040146
0.5805035197948595,1.5769350822650576,1.1980019570351563,0.20987789662040146
0.5805035197948595,1.5769350822650576,1.1699414922943487,0.20987789662040146
0.5805035197948595,1.5769350822650576,1.2350865545357437,0.20987789662040146
0.5805035197948595,1.5769350822650576,1.2308617184326547,0.20987789662040146
0.5805035197948595,1.5769350822650576,1.2147663221257978,0.20987789662040146
0.5805035197948595,1.5769350822650576,1.2773179881081747,0.20987789662040146
0.5805035197948595,1.5769350822650576,1.1971240422979659,0.20987789662040146
0.5805035197948595,1.5769350822650576,1.2047170225117425,0.20987789662040146
0.5805035197948595,1.5769350822650576,1.1992677840830512,0.20987789662040146
0.5805035197948595,1.5769350822650576,1.0759866044058632,0.20987789662040146
0.5805035197948595,1.5769350822650576,1.205415553375771,0.20987789662040146
0.6039500674715488,1.5769350822650576,1.1452061180152606,0.20987789662040146
0.6039500674715488,1.5769350822650576,1.1333491943211902,0.20987789662040146
0.6039500674715488,1.5769350822650576,1.2074186245062186,0.20987789662040146
0.6039500674715488,1.5769350822650576,1.1893295374551909,0.20987789662040146
0.6039500674715488,1.5769350822650576,1.12144720567465,0.20987789662040146
0.6039500674715488,1.5769350822650576,1.2017582957182922,0.20987789662040146
0.6039500674715488,1.5769350822650576,1.1481554244429493,0.20987789662040146
0.6589301437264341,1.5769350822650576,1.046135863696432,0.20987789662040146
0.6589301437264341,1.5769350822650576,1.035821353607226,0.20987789662040146
0.6589301437264341,1.5769350822650576,1.1039801677502228,0.20987789662040146
0.6589301437264341,1.5769350822650576,1.0731900077320093,0.20987789662040146
0.6589301437264341,1.5769350822650576,1.0654560212796613,0.20987789662040146
0.6589301437264341,1.5769350822650576,1.068996869076429,0.20987789662040146
0.6589301437264341,1.5769350822650576,1.060744223031587,0.20987789662040146
0.6589301437264341,1.6307653756665181,0.9901475110056153,0.2780810569100287
0.6589301437264341,1.6307653756665181,1.0680994873097474,0.2780810569100287
0.6589301437264341,1.6307653756665181,1.1109548241985752,0.2780810569100287
0.6589301437264341,1.6307653756665181,1.087745361319619,0.2780810569100287
0.6589301437264341,1.6307653756665181,1.0335543706650396,0.2780810569100287
0.6589301437264341,1.6307653756665181,1.0168102563237318,0.2780810569100287
0.6589301437264341,1.6307653756665181,0.9805136130060953,0.2780810569100287
0.6589301437264341,1.6307653756665181,1.0282735193785169,0.2780810569100287
0.6589301437264341,1.6307653756665181,1.068835175791068,0.2780810569100287
0.6589301437264341,1.6307653756665181,1.0546775605108476,0.2780810569100287
0.6589301437264341,1.6307653756665181,1.0236013485830309,0.2780810569100287
0.6589301437264341,1.688966455879662,1.008272705932391,0.2780810569100287
0.6589301437264341,1.688966455879662,0.9468863089506753,0.2780810569100287
0.6589301437264341,1.688966455879662,0.8378091254161085,0.2780810569100287
0.6589301437264341,1.688966455879662,0.8960966558889819,0.28407533692038367
0.6589301437264341,1.688966455879662,0.8967822779216482,0.28407533692038367
0.6589301437264341,1.688966455879662,0.8672670562311459,0.28407533692038367
0.6589301437264341,1.688966455879662,0.8927159426489047,0.28407533692038367
0.6589301437264341,1.688966455879662,0.9173074268193199,0.28407533692038367
0.6589301437264341,1.688966455879662,0.9086817686361379,0.28407533692038367
0.6589301437264341,1.688966455879662,0.8819120635522668,0.28407533692038367
0.6589301437264341,1.688966455879662,0.8844727062452069,0.28407533692038367
0.7152471226410549,1.688966455879662,0.87137461553959,0.28407533692038367
0.7152471226410549,1.688966455879662,0.8511246649228339,0.28407533692038367
0.7152471226410549,1.688966455879662,0.8525157859524498,0.28407533692038367
0.7152471226410549,1.688966455879662,0.8789667410134916,0.28407533692038367
0.7152471226410549,1.688966455879662,0.8337571637328207,0.28407533692038367
0.7152471226410549,1.688966455879662,0.862997302035369,0.28407533692038367
0.7152471226410549,1.688966455879662,0.8427376703616435,0.28407533692038367
0.7152471226410549,1.688966455879662,0.9079711310546225,0.2800047303121024
0.7152471226410549,1.64772028012837,0.9008103510850276,0.2800047303121024
0.7064735353447131,1.64772028012837,0.9290134059302679,0.2800047303121024
0.7064735353447131,1.64772028012837,0.925356192844582,0.2800047303121024
0.7064735353447131,1.64772028012837,0.9800369780557637,0.2800047303121024
0.7064735353447131,1.64772028012837,1.0039043722957899,0.28071566831100014
0.7064735353447131,1.64772028012837,0.955452860306401,0.28071566831100014
0.7064735353447131,1.64772028012837,0.9266468456137185,0.28071566831100014
0.7064735353447131,1.64772028012837,0.9452487687899945,0.28071566831100014
0.7064735353447131,1.64772028012837,0.9528985213660642,0.28071566831100014
0.7064735353447131,1.64772028012837,0.9019224494722458,0.28071566831100014
0.7064735353447131,1.64772028012837,0.8988875754642852,0.28071566831100014
0.7064735353447131,1.64772028012837,0.9475345368776038,0.28071566831100014
0.7064735353447131,1.64772028012837,0.8308030858709625,0.28071566831100014
0.7064735353447131,1.64772028012837,0.894575279419223,0.28071566831100014
0.7064735353447131,1.64772028012837,0.8922562279126683,0.28071566831100014
0.7064735353447131,1.64772028012837,0.8632613831465714,0.28071566831100014
0.7064735353447131,1.64772028012837,0.9541202315644695,0.28071566831100014
0.7064735353447131,1.64772028012837,0.9258005049980552,0.28071566831100014
0.7064735353447131,1.64772028012837,0.9752738668319705,0.28071566831100014
0.7064735353447131,1.64772028012837,0.907909046779996,0.28071566831100014
0.7064735353447131,1.64772028012837,0.9474066865968102,0.28071566831100014
0.7064735353447131,1.64772028012837,0.953396249787098,0.28071566831100014
0.7064735353447131,1.64772028012837,0.955472249864185,0.28071566831100014
0.7064735353447131,1.64772028012837,0.9462282904485704,0.28071566831100014
0.7064735353447131,1.6506415914934567,0.9056458255763395,0.28071566831100014
0.7064735353447131,1.6506415914934567,0.8918297039298674,0.28071566831100014
0.7064735353447131,1.6506415914934567,0.8877226374525985,0.28071566831100014
0.7064735353447131,1.6506415914934567,0.9077677494381657,0.28071566831100014
0.7064735353447131,1.6506415914934567,0.9229050247428797,0.28071566831100014
0.7064735353447131,1.6506415914934567,0.8970888275712543,0.28071566831100014
0.7064735353447131,1.6506415914934567,0.885219732230155,0.28071566831100014
0.7064735353447131,1.6506415914934567,0.9638781837269954,0.28071566831100014
0.7064735353447131,1.6506415914934567,0.9602597182294679,0.28071566831100014
0.7064735353447131,1.6506415914934567,0.931696573943985,0.28071566831100014
0.7064735353447131,1.6506415914934567,0.929708086951795,0.28071566831100014
0.7064735353447131,1.6506415914934567,1.0147892163326366,0.28071566831100014
0.7064735353447131,1.6506415914934567,1.0661980877260748,0.28071566831100014
0.7064735353447131,1.6506415914934567,0.9962879898961996,0.28071566831100014
0.7064735353447131,1.6506415914934567,0.896999904303877,0.28071566831100014
0.7064735353447131,1.6506415914934567,0.9005363277530117,0.28071566831100014
0.7064735353447131,1.6506415914934567,0.9926564020222373,0.28071566831100014
0.7064735353447131,1.6506415914934567,0.8345597461609574,0.28071566831100014
0.7064735353447131,1.6506415914934567,0.8875347444876144,0.28071566831100014
0.7064735353447131,1.6506415914934567,0.8962107374816126,0.28071566831100014
0.7064735353447131,1.6506415914934567,0.9362393474996508,0.2666693867457955
0.7064735353447131,1.6506415914934567,0.9140322844711463,0.2666693867457955
0.7064735353447131,1.6506415914934567,0.929571141935431,0.2666693867457955
0.7571218471828676,1.6506415914934567,0.8654462207928173,0.34751207958816954
0.7571218471828676,1.6506415914934567,0.8141060766955167,0.34751207958816954
0.7571218471828676,1.6506415914934567,0.8322242587316921,0.34751207958816954
0.6725418661517406,1.6948524465835029,0.8646877406481179,0.34751207958816954
0.6725418661517406,1.6948524465835029,0.9802956842324759,0.26854402479124256
0.6725418661517406,1.6948524465835029,0.8802962024305794,0.26854402479124256
0.6725418661517406,1.6948524465835029,0.9188195543741978,0.26854402479124256
0.6725418661517406,1.6948524465835029,0.8443864193824997,0.27411578104138534
0.6725418661517406,1.6948524465835029,0.9609009896312322,0.27411578104138534
0.6725418661517406,1.6948524465835029,0.885256208152876,0.27411578104138534
0.6725418661517406,1.6948524465835029,0.9461388419816459,0.27411578104138534
0.6725418661517406,1.6948524465835029,0.8386608538050236,0.27411578104138534
0.6725418661517406,1.6948524465835029,0.8594476831293424,0.27411578104138534
0.6725418661517406,1.6948524465835029,0.8324550382061507,0.28589876931746555
0.6725418661517406,1.7213673085735792,0.8668820876701292,0.28589876931746555
0.6725418661517406,1.7213673085735792,0.8253110383776361,0.28589876931746555
0.6725418661517406,1.7213673085735792,0.8715129863662222,0.28589876931746555
0.6725418661517406,1.7213673085735792,0.8298074659942775,0.28589876931746555
0.6725418661517406,1.7213673085735792,0.835307301668573,0.28589876931746555
0.6725418661517406,1.7213673085735792,0.8444531110578496,0.28589876931746555
0.6725418661517406,1.7213673085735792,0.868620152458542,0.28589876931746555
0.6725418661517406,1.7213673085735792,0.8719819962112416,0.28589876931746555
0.6725418661517406,1.7213673085735792,0.8339094815773703,0.28589876931746555
0.6725418661517406,1.7213673085735792,0.9266237325521639,0.28589876931746555
0.6725418661517406,1.674379992313016,0.9229084764679879,0.28589876931746555
0.6725418661517406,1.674379992313016,0.9838732261747414,0.28589876931746555
0.6725418661517406,1.674379992313016,0.9261766342718575,0.28589876931746555
0.6484540254845953,1.674379992313016,1.0092732312784911,0.28589876931746555
0.6484540254845953,1.674379992313016,0.9608239938040899,0.28589876931746555
0.6484540254845953,1.674379992313016,0.9745152502819847,0.28589876931746555
0.6484540254845953,1.674379992313016,0.9724370013960053,0.28589876931746555
0.6484540254845953,1.674379992313016,0.970210195479016,0.28589876931746555
0.6416809694037405,1.674379992313016,0.9205126151405477,0.22076164837711326
0.6416809694037405,1.674379992313016,0.9288970264609467,0.22076164837711326
0.6416809694037405,1.674379992313016,0.8835692980966777,0.22076164837711326
0.6416809694037405,1.674379992313016,0.9971333047732364,0.22076164837711326
0.6416809694037405,1.674379992313016,0.9170813409933196,0.22076164837711326
0.6416809694037405,1.674379992313016,0.9225743126974146,0.24335314850973105
0.6416809694037405,1.674379992313016,0.9575026420177888,0.24335314850973105
0.6416809694037405,1.674379992313016,0.9623864980518335,0.24335314850973105
0.6416809694037405,1.674379992313016,0.8923028409543388,0.24335314850973105
0.6416809694037405,1.674379992313016,0.9256318193696252,0.2556780863372858
0.6416809694037405,1.674379992313016,0.9773510420077381,0.2556780863372858
0.6416809694037405,1.674379992313016,0.9413748755046217,0.2556780863372858
0.6565968788611295,1.674379992313016,0.9283685934648815,0.2556780863372858
0.6565968788611295,1.674379992313016,0.9570712678428759,0.2556780863372858
0.6565968788611295,1.674379992313016,1.003347252701531,0.2556780863372858
0.6565968788611295,1.674379992313016,0.9948824225860573,0.2556780863372858
0.6565968788611295,1.674379992313016,0.9689770149582448,0.2556780863372858
0.6565968788611295,1.674379992313016,0.8834052977627808,0.2556780863372858
0.6565968788611295,1.6214437191758415,1.0257773485744581,0.2556780863372858
0.6565968788611295,1.6214437191758415,0.8748448096294572,0.2556780863372858
0.6565968788611295,1.6214437191758415,1.0200834087381805,0.2556780863372858
0.6565968788611295,1.6214437191758415,1.0297377251836712,0.2556780863372858
0.6565968788611295,1.6214437191758415,1.1201172982016485,0.2556780863372858
0.6565968788611295,1.6214437191758415,1.037922587431682,0.2556780863372858
0.6565968788611295,1.6214437191758415,1.152448655982337,0.2556780863372858
0.6565968788611295,1.5944399260828204,0.9694104771981685,0.2556780863372858
0.6565968788611295,1.5944399260828204,1.149107167607698,0.2556780863372858
0.6565968788611295,1.5944399260828204,1.1839874501145262,0.2556780863372858
0.6565968788611295,1.5944399260828204,1.0549829008913436,0.2556780863372858
0.6565968788611295,1.5944399260828204,1.1818063916007282,0.2556780863372858
0.6565968788611295,1.5944399260828204,1.1291223897703984,0.2556780863372858
0.6565968788611295,1.5944399260828204,1.0026269393588494,0.2556780863372858
0.6565968788611295,1.6175893505342307,1.0182944315873594,0.2556780863372858
0.6565968788611295,1.6175893505342307,1.0104818149283337,0.2556780863372858
0.6569535904724567,1.6175893505342307,1.025766996821657,0.2556780863372858
0.6569535904724567,1.6175893505342307,1.1192669954622618,0.2556780863372858
0.6569535904724567,1.6175893505342307,1.0190000525757985,0.2556780863372858
0.6569535904724567,1.6175893505342307,0.9489180525456876,0.2556780863372858
0.6569535904724567,1.6175893505342307,1.063983432952086,0.2556780863372858
0.6569535904724567,1.6175893505342307,1.0289165156772513,0.2556780863372858
0.6569535904724567,1.6175893505342307,1.0375072486174073,0.2556780863372858
0.6569535904724567,1.6175893505342307,1.0682588194601397,0.2556780863372858
0.6569535904724567,1.6175893505342307,1.0114918465009308,0.2556780863372858
0.6569535904724567,1.6175893505342307,0.9401486669204173,0.2556780863372858
0.6569535904724567,1.6175893505342307,1.0363483543476926,0.2556780863372858
0.6569535904724567,1.6175893505342307,1.035564033030466,0.2556780863372858
0.6569535904724567,1.6175893505342307,1.1065310868084361,0.2556780863372858
0.6569535904724567,1.6175893505342307,1.1739373279101333,0.2836474958102073
0.6569535904724567,1.6175893505342307,0.9924400554788088,0.27886354762343263
0.6569535904724567,1.6175893505342307,0.9782732359500681,0.27886354762343263
0.6569535904724567,1.6175893505342307,1.032809347701133,0.27886354762343263
0.6547609497329552,1.6175893505342307,1.0566223199578029,0.27886354762343263
0.6547609497329552,1.6175893505342307,0.9824237300845385,0.27886354762343263
0.6547609497329552,1.6175893505342307,0.9997039731489177,0.27886354762343263
0.6547609497329552,1.6175893505342307,1.1016764959156673,0.27886354762343263
0.6990730500266511,1.6175893505342307,1.0388804937055225,0.27886354762343263
0.6990730500266511,1.6175893505342307,0.9976184925872693,0.27886354762343263
0.6990730500266511,1.6175893505342307,0.9638106990579491,0.27886354762343263
0.6990730500266511,1.6175893505342307,1.0317965506873847,0.27886354762343263
0.6990730500266511,1.6175893505342307,0.9761831527954485,0.27886354762343263
0.6990730500266511,1.6175893505342307,0.9043315638651112,0.27886354762343263
0.6990730500266511,1.6175893505342307,0.9941685052488675,0.27886354762343263
0.6990730500266511,1.6175893505342307,0.9460083932663083,0.27886354762343263
0.6990730500266511,1.6175893505342307,0.9481640687577562,0.27886354762343263
0.6990730500266511,1.6175893505342307,1.0613774058181031,0.27886354762343263
0.6990730500266511,1.6175893505342307,1.0195433278796537,0.27886354762343263
0.6990730500266511,1.6175893505342307,1.0329104053574605,0.27886354762343263
0.7434610244154248,1.6175893505342307,0.8877748479322082,0.27886354762343263
0.7434610244154248,1.6175893505342307,0.9237101331078748,0.27886354762343263
0.7434610244154248,1.6175893505342307,1.0286963083445355,0.27886354762343263
0.7434610244154248,1.6175893505342307,0.9027046481575318,0.27886354762343263
0.7434610244154248,1.6175893505342307,0.8936985010333213,0.27886354762343263
0.7434610244154248,1.6175893505342307,0.9575377020517816,0.2835626194593509
0.7434610244154248,1.6175893505342307,0.937409806889717,0.2835626194593509
0.7434610244154248,1.6175893505342307,0.9367647023484097,0.2835626194593509
0.7434610244154248,1.6175893505342307,0.9006703169265167,0.2835626194593509
0.7434610244154248,1.6175893505342307,1.0894444259453377,0.2835626194593509
0.7434610244154248,1.6175893505342307,0.915253972934606,0.2835626194593509
0.7434610244154248,1.6175893505342307,1.053269038589662,0.2835626194593509
0.7434610244154248,1.6175893505342307,0.9938386251228716,0.2835626194593509
0.7434610244154248,1.6175893505342307,0.9913583305750105,0.2835626194593509
0.7434610244154248,1.6175893505342307,0.9532680063193852,0.2835626194593509
0.7429067135362358,1.6175893505342307,1.023177260114724,0.2835626194593509
0.7429067135362358,1.6175893505342307,0.9158305942763219,0.2835626194593509
0.7074115458228349,1.6175893505342307,0.9529914978946197,0.2835626194593509
0.7074115458228349,1.6175893505342307,1.088660396469588,0.2835626194593509
0.7074115458228349,1.6175893505342307,0.9049231583390948,0.2835626194593509
0.7074115458228349,1.6175893505342307,0.9636977057435355,0.2835626194593509
0.7074115458228349,1.6175893505342307,0.8933002129530498,0.2835626194593509
0.7074115458228349,1.6175893505342307,0.9823608151971782,0.2835626194593509
0.7074115458228349,1.6175893505342307,0.9498820064021666,0.2835626194593509
0.7074115458228349,1.5340949812383549,1.0814132969464156,0.2835626194593509
0.7074115458228349,1.5340949812383549,1.1849938666067112,0.2835626194593509
0.7074115458228349,1.5340949812383549,1.1780817126895695,0.2835626194593509
0.7074115458228349,1.5340949812383549,1.1417327862642739,0.2835626194593509
0.7074115458228349,1.5340949812383549,1.051224972047561,0.2835626194593509
0.7074115458228349,1.5340949812383549,1.1974151551564824,0.18515144223016428
0.7074115458228349,1.5340949812383549,1.037581782018451,0.18515144223016428
0.7074115458228349,1.5340949812383549,1.0149248132393365,0.18515144223016428
0.7074115458228349,1.5340949812383549,1.065420685035822,0.224033360116243
0.7074115458228349,1.5340949812383549,0.9972153936326831,0.224033360116243
0.7074115458228349,1.5340949812383549,0.9772304961785453,0.224033360116243
0.7074115458228349,1.5340949812383549,1.0245060004746465,0.224033360116243
0.7074115458228349,1.5340949812383549,1.027689644340415,0.224033360116243
0.7074115458228349,1.5340949812383549,1.0293949025461577,0.224033360116243
0.7074115458228349,1.5340949812383549,1.095013821487199,0.224033360116243
0.7074115458228349,1.5340949812383549,0.9985535128467578,0.224033360116243
0.7074115458228349,1.5340949812383549,1.092210654056812,0.224033360116243
0.7351106983698164,1.5340949812383549,1.0186892955741458,0.224033360116243
0.7351106983698164,1.5340949812383549,1.1481348385306545,0.224033360116243
0.7351106983698164,1.5340949812383549,1.0268347851049975,0.224033360116243
0.7351106983698164,1.5536714291115152,1.090957294468604,0.224033360116243
0.7351106983698164,1.5536714291115152,1.03358372152897,0.224033360116243
0.7351106983698164,1.5879162959812994,0.9936503202580865,0.224033360116243
0.7351106983698164,1.5879162959812994,0.9771470723523927,0.224033360116243
0.7351106983698164,1.5879162959812994,0.9207015329746772,0.224033360116243
0.7351106983698164,1.5879162959812994,0.9347469337218444,0.224033360116243
0.7351106983698164,1.5879162959812994,0.9978795506277152,0.224033360116243
0.7351106983698164,1.5879162959812994,0.931619649883343,0.224033360116243
0.7351106983698164,1.5879162959812994,0.9310037547941946,0.224033360116243
0.7351106983698164,1.5879162959812994,0.9153813368705711,0.224033360116243
0.7351106983698164,1.5879162959812994,0.9019745149131969,0.224033360116243
0.7351106983698164,1.5879162959812994,0.8579811049858839,0.224033360116243
0.7351106983698164,1.5879162959812994,0.8982614810559562,0.224033360116243
0.7351106983698164,1.5879162959812994,0.8908537648764613,0.224033360116243
0.7351106983698164,1.5879162959812994,0.9447785729225381,0.224033360116243
0.7351106983698164,1.5879162959812994,0.8955706190183547,0.22873153379321692
0.7351106983698164,1.5879162959812994,0.9528698142504526,0.22873153379321692
0.7351106983698164,1.5879162959812994,0.9113983254286662,0.22873153379321692
0.7351106983698164,1.5879162959812994,0.9016187303738348,0.22873153379321692
0.7351106983698164,1.5879162959812994,1.0129912275628827,0.22873153379321692
0.7351106983698164,1.5879162959812994,0.973271580674822,0.22873153379321692
0.7351106983698164,1.5879162959812994,0.9459066692387309,0.22873153379321692
0.7351106983698164,1.5879162959812994,0.9580226503870499,0.22873153379321692
0.7351106983698164,1.5879162959812994,0.8659627393436164,0.22873153379321692
0.7351106983698164,1.5879162959812994,0.9086389821695706,0.22873153379321692
0.7351106983698164,1.5879162959812994,0.924427072139226,0.22873153379321692
0.7351106983698164,1.5879162959812994,0.8939646809731824,0.22873153379321692
0.7351106983698164,1.5879162959812994,1.01797257265875,0.22873153379321692
0.7351106983698164,1.5879162959812994,0.9685500179538061,0.22873153379321692
0.7351106983698164,1.5879162959812994,0.9728873357634246,0.22873153379321692
0.7351106983698164,1.5879162959812994,0.910706427873303,0.22873153379321692
0.7351106983698164,1.5879162959812994,0.9213356769541887,0.22873153379321692
0.7351106983698164,1.5879162959812994,1.0603984193316713,0.22873153379321692
0.7351106983698164,1.5879162959812994,0.947200240512706,0.22873153379321692
0.7351106983698164,1.5879162959812994,0.9548922152876884,0.22873153379321692
0.7351106983698164,1.5879162959812994,0.9461799115183998,0.2460596699838721
0.7351106983698164,1.5879162959812994,0.9141387656408472,0.2460596699838721
0.7351106983698164,1.5879162959812994,0.9288171415229155,0.2460596699838721
0.7351106983698164,1.5879162959812994,1.0246973617974473,0.2460596699838721
0.7351106983698164,1.5879162959812994,0.9634417489772381,0.27189335357511224
0.7351106983698164,1.5879162959812994,1.012828690779885,0.27189335357511224
0.7351106983698164,1.5879162959812994,0.9870741915265969,0.27189335357511224
0.7351106983698164,1.5879162959812994,0.9166118349173557,0.27189335357511224
0.7351106983698164,1.5879162959812994,1.0544664657701437,0.27189335357511224
0.7351106983698164,1.5879162959812994,0.9497668397189512,0.27189335357511224
0.7351106983698164,1.5879162959812994,1.0151883167305673,0.27189335357511224
0.7351106983698164,1.5879162959812994,0.8907925473126277,0.26860862144754843
0.7351106983698164,1.5879162959812994,1.031383176823213,0.26860862144754843
0.7351106983698164,1.5879162959812994,1.0376246986764246,0.26860862144754843
0.7351106983698164,1.5879162959812994,1.0640663717521959,0.26860862144754843
0.818010699935297,1.5879162959812994,0.9348280934902279,0.26860862144754843
0.818010699935297,1.562839774703693,0.9234591970631468,0.26860862144754843
0.818010699935297,1.562839774703693,0.938322447306637,0.26860862144754843
0.818010699935297,1.562839774703693,0.8990287068474,0.26860862144754843
0.818010699935297,1.565631139432943,0.9562959429375839,0.26860862144754843
0.818010699935297,1.565631139432943,0.9848736619077325,0.26860862144754843
0.818010699935297,1.565631139432943,0.8864161688501488,0.26860862144754843
0.818010699935297,1.565631139432943,0.8855727038688618,0.26860862144754843
0.818010699935297,1.565631139432943,0.8567237931298738,0.26860862144754843
0.818010699935297,1.565631139432943,0.9528233562408687,0.26860862144754843
0.818010699935297,1.565631139432943,0.9412488554071515,0.26860862144754843
0.8435412757585827,1.565631139432943,1.0007316059612335,0.26860862144754843
0.8435412757585827,1.565631139432943,0.8962582263006479,0.26860862144754843
0.8435412757585827,1.565631139432943,0.8169125944899268,0.26860862144754843
0.8435412757585827,1.565631139432943,0.9345444537243263,0.26860862144754843
0.8435412757585827,1.565631139432943,0.8172704225497515,0.26860862144754843
0.8435412757585827,1.565631139432943,0.8660960991228264,0.26860862144754843
0.8435412757585827,1.565631139432943,0.8921388876386562,0.26860862144754843
0.8435412757585827,1.5513783527519378,0.9133103090134216,0.26860862144754843
0.8435412757585827,1.5513783527519378,0.9276770321369472,0.26860862144754843
0.8435412757585827,1.5513783527519378,0.9830568916344922,0.26860862144754843
0.8435412757585827,1.5513783527519378,1.008694080419657,0.26860862144754843
0.8435412757585827,1.5513783527519378,0.9435390431735463,0.26860862144754843
0.8521706893653357,1.5513783527519378,0.8296947708213188,0.26860862144754843
0.8521706893653357,1.5513783527519378,0.9769993658093439,0.26860862144754843
0.8521706893653357,1.5513783527519378,0.8052295450455472,0.26860862144754843
0.8521706893653357,1.5513783527519378,0.8536035776347078,0.26860862144754843
0.8521706893653357,1.5513783527519378,0.9068422007934954,0.26860862144754843
0.8521706893653357,1.5513783527519378,0.9695038850042729,0.26860862144754843
0.8521706893653357,1.5513783527519378,0.8370854675434023,0.26860862144754843
0.8521706893653357,1.5513783527519378,1.0088791693000816,0.26860862144754843
0.8521706893653357,1.5513783527519378,0.9371717317849886,0.26860862144754843
0.8521706893653357,1.5513783527519378,0.8882808007026924,0.26860862144754843
0.8521706893653357,1.5513783527519378,0.9732217903063253,0.26860862144754843
0.8521706893653357,1.5513783527519378,0.9014597049557416,0.26860862144754843
0.8521706893653357,1.5513783527519378,0.9291862851390427,0.26860862144754843
0.8521706893653357,1.5513783527519378,0.9325428465803645,0.26860862144754843
0.8521706893653357,1.5513783527519378,0.9334416323400134,0.26860862144754843
0.8521706893653357,1.5513783527519378,0.9066629899072399,0.2692928420757906
0.8521706893653357,1.5513783527519378,0.8593298653713173,0.2692928420757906
0.8521706893653357,1.5513783527519378,0.8431069335735526,0.21521761485287827
0.8521706893653357,1.5513783527519378,0.790002067589044,0.21521761485287827
0.8521706893653357,1.5513783527519378,0.772586420452331,0.21521761485287827
0.8521706893653357,1.5513783527519378,0.8597627447633313,0.21521761485287827
0.8521706893653357,1.5513783527519378,0.8655608968027017,0.21521761485287827
0.8521706893653357,1.5513783527519378,0.9522772673673113,0.21521761485287827
0.8521706893653357,1.5513783527519378,0.798640764765801,0.21521761485287827
0.8521706893653357,1.5513783527519378,0.8862003889538285,0.21521761485287827
0.8521706893653357,1.5513783527519378,0.8166765828672384,0.20456565777056823
0.8521706893653357,1.5513783527519378,0.8109299955177743,0.20456565777056823
0.8521706893653357,1.5513783527519378,0.8476938077590501,0.20456565777056823
0.8521706893653357,1.5513783527519378,0.811431587049937,0.20456565777056823
0.79436349647355,1.5608027271816063,0.8484377713410415,0.20456565777056823
0.79436349647355,1.5608027271816063,0.9510836794066098,0.20456565777056823
0.79436349647355,1.5608027271816063,0.8382978715486262,0.20456565777056823
0.79436349647355,1.5608027271816063,0.8755170245895064,0.20456565777056823
0.79436349647355,1.5608027271816063,0.8878919046964843,0.20456565777056823
0.79436349647355,1.5608027271816063,0.8801666742808828,0.20456565777056823
0.79436349647355,1.5608027271816063,0.8842472937283988,0.20456565777056823
0.79436349647355,1.5608027271816063,0.8132963197223949,0.20456565777056823
0.79436349647355,1.5608027271816063,0.842265100002897,0.20456565777056823
0.79436349647355,1.5608027271816063,0.8991290718568988,0.20456565777056823
0.79436349647355,1.5608027271816063,0.8507714146283233,0.20456565777056823
0.79436349647355,1.5608027271816063,0.9487964451245303,0.20456565777056823
0.79436349647355,1.5608027271816063,0.8976143602829023,0.20456565777056823
0.79436349647355,1.5608027271816063,0.9115230957479029,0.20456565777056823
0.79436349647355,1.5608027271816063,0.9225606557908965,0.20456565777056823
0.79436349647355,1.5608027271816063,0.9513551494429364,0.20456565777056823
0.79436349647355,1.5608027271816063,0.8936817529216391,0.20456565777056823
0.79436349647355,1.5608027271816063,0.8791771929433039,0.20456565777056823
0.79436349647355,1.5608027271816063,0.9144709491371574,0.19156568383989858
0.79436349647355,1.5608027271816063,0.8853366727761569,0.19156568383989858
0.79436349647355,1.5608027271816063,0.8555628607155792,0.19156568383989858
0.79436349647355,1.5608027271816063,0.8350146186980147,0.24672141217296484
0.79436349647355,1.5608027271816063,0.9140608133319228,0.24672141217296484
0.79436349647355,1.5608027271816063,0.91388613710644,0.24672141217296484
0.79436349647355,1.5608027271816063,0.8962833569520521,0.24672141217296484
0.79436349647355,1.5608027271816063,0.9451674064815151,0.24672141217296484
0.79436349647355,1.5608027271816063,1.0016619330990149,0.24672141217296484
0.79436349647355,1.5608027271816063,0.8612770129358233,0.24672141217296484
0.79436349647355,1.5608027271816063,0.9585792282218729,0.24672141217296484
0.79436349647355,1.5608027271816063,0.917888579636425,0.24672141217296484
0.79436349647355,1.5608027271816063,0.9393847662484827,0.24672141217296484
0.79436349647355,1.5608027271816063,0.9490433187664864,0.24672141217296484
0.79436349647355,1.5608027271816063,1.0232563425274517,0.24672141217296484
0.79436349647355,1.5608027271816063,1.060254501747136,0.2563700354062088
0.79436349647355,1.5608027271816063,0.9669551183597607,0.2563700354062088
0.79436349647355,1.5608027271816063,0.938386360008758,0.2142886797529619
0.7762853371524442,1.5608027271816063,0.9348748501339276,0.2142886797529619
0.7762853371524442,1.5608027271816063,0.9116698682353416,0.2142886797529619
0.7762853371524442,1.5608027271816063,0.9504329274012251,0.2142886797529619
0.7762853371524442,1.5608027271816063,0.8742051027805756,0.2142886797529619
0.7762853371524442,1.5608027271816063,0.8703905138952,0.2142886797529619
0.7762853371524442,1.5608027271816063,0.8901277463437259,0.2142886797529619
0.7762853371524442,1.5608027271816063,0.918878907998834,0.2142886797529619
0.7762853371524442,1.5608027271816063,0.9280069027026246,0.2142886797529619
0.7762853371524442,1.5608027271816063,0.8812744522255556,0.2142886797529619
0.7762853371524442,1.5608027271816063,0.8960624078402946,0.2142886797529619
0.7762853371524442,1.5608027271816063,0.881484025144672,0.2142886797529619
0.7762853371524442,1.5608027271816063,0.9497596733404642,0.2142886797529619
0.7762853371524442,1.5608027271816063,0.9671015336424265,0.2142886797529619
0.7762853371524442,1.5608027271816063,0.9171653314614879,0.2142886797529619
0.7762853371524442,1.5608027271816063,0.9082332437321872,0.2142886797529619
0.7762853371524442,1.5608027271816063,1.0009314562674025,0.2142886797529619
0.7762853371524442,1.5608027271816063,0.9442888918930533,0.2142886797529619
0.7762853371524442,1.5608027271816063,0.7952328224556041,0.2142886797529619
0.7762853371524442,1.5608027271816063,0.8978031262824137,0.2142886797529619
0.7762853371524442,1.5608027271816063,0.9684022188939599,0.2142886797529619
0.7762853371524442,1.5608027271816063,0.9498772482311976,0.2142886797529619
0.7762853371524442,1.5608027271816063,0.8767807290802001,0.2142886797529619
0.7762853371524442,1.5608027271816063,0.9401652493630737,0.2142886797529619
0.7762853371524442,1.5608027271816063,0.9914756635108928,0.2142886797529619
0.7762853371524442,1.5608027271816063,0.924228015193489,0.2142886797529619
0.7762853371524442,1.5608027271816063,0.9724838354750096,0.2142886797529619
0.7762853371524442,1.5608027271816063,0.9033449040033054,0.2142886797529619
0.7762853371524442,1.5608027271816063,0.9980133012822568,0.2142886797529619
0.7762853371524442,1.5608027271816063,0.9643871308740679,0.2142886797529619
0.7762853371524442,1.5608027271816063,0.9257124128265145,0.2142886797529619
0.7762853371524442,1.5608027271816063,0.9508403188546279,0.2142886797529619
0.5884829813735866,1.5608027271816063,1.1163772541044739,0.2142886797529619
0.5884829813735866,1.5608027271816063,1.278786572011058,0.2142886797529619
0.637175080048272,1.5608027271816063,1.1128022581293522,0.2142886797529619
0.637175080048272,1.5608027271816063,1.0978404644001813,0.2142886797529619
0.637175080048272,1.5608027271816063,1.236014546662748,0.2142886797529619
0.637175080048272,1.5608027271816063,1.1208967474356732,0.2142886797529619
0.637175080048272,1.5608027271816063,1.1354639847950925,0.2142886797529619
0.637175080048272,1.5608027271816063,0.959517405886339,0.2142886797529619
0.637175080048272,1.5608027271816063,1.2276113898717873,0.2142886797529619
0.637175080048272,1.5608027271816063,1.174379186043322,0.2142886797529619
0.637175080048272,1.5608027271816063,1.058327123358859,0.2142886797529619
0.637175080048272,1.5608027271816063,1.2575404411375608,0.2142886797529619
0.637175080048272,1.5608027271816063,1.2497969218804765,0.2142886797529619
0.637175080048272,1.5608027271816063,1.180561247931222,0.2142886797529619
0.637175080048272,1.5608027271816063,1.0977212397446219,0.17550648363028734
0.637175080048272,1.5608027271816063,1.0663187598601644,0.17550648363028734
0.637175080048272,1.5608027271816063,1.1359650703442894,0.17550648363028734
0.637175080048272,1.5608027271816063,1.0342772658235675,0.17550648363028734
0.637175080048272,1.5608027271816063,1.0962369991832643,0.16795232220785275
0.637175080048272,1.5608027271816063,1.06727261073705,0.16795232220785275
0.637175080048272,1.5608027271816063,1.1270972757976365,0.16795232220785275
0.637175080048272,1.5608027271816063,1.0738393128957704,0.16795232220785275
0.637175080048272,1.5608027271816063,1.115154859826682,0.16119796793254898
0.637175080048272,1.5608027271816063,1.0891941648473986,0.16119796793254898
0.637175080048272,1.5608027271816063,1.0511138619958558,0.16119796793254898
0.637175080048272,1.5608027271816063,1.1111038578942538,0.16119796793254898
0.637175080048272,1.5608027271816063,1.100579259155489,0.16119796793254898
0.637175080048272,1.5608027271816063,1.1631575757441048,0.16119796793254898
0.637175080048272,1.5608027271816063,1.0812965770300176,0.16119796793254898
0.637175080048272,1.5608027271816063,1.0783897585051803,0.16119796793254898
0.637175080048272,1.5608027271816063,1.0132788058402897,0.16119796793254898
0.637175080048272,1.5608027271816063,1.1424895121781606,0.16119796793254898
0.637175080048272,1.5608027271816063,1.1814034385384382,0.16119796793254898
0.637175080048272,1.5608027271816063,1.180741346454473,0.16119796793254898
0.637175080048272,1.5608027271816063,1.1120043586628572,0.16119796793254898
0.637175080048272,1.5608027271816063,0.9610575337577,0.16119796793254898
0.637175080048272,1.5608027271816063,1.0582990952053433,0.16119796793254898
0.637175080048272,1.5608027271816063,1.1342228264692988,0.16119796793254898
0.6214739706529628,1.5608027271816063,1.1515348833999572,0.16119796793254898
0.6214739706529628,1.5311372362352078,1.1146710254035601,0.16119796793254898
0.6214739706529628,1.5311372362352078,1.0077227640907165,0.16119796793254898
0.6214739706529628,1.568017023226812,1.0507980598814837,0.16119796793254898
0.6214739706529628,1.568017023226812,1.0416802572947568,0.16119796793254898
0.6214739706529628,1.568017023226812,1.0586800739694535,0.16119796793254898
0.6214739706529628,1.568017023226812,1.142501953537247,0.16119796793254898
0.6214739706529628,1.568017023226812,1.1907587505697714,0.16119796793254898
0.6214739706529628,1.568017023226812,1.0122288976041551,0.16119796793254898
0.6117435699004515,1.568017023226812,1.1102518997275137,0.16119796793254898
0.6117435699004515,1.568017023226812,1.0934949822671798,0.16119796793254898
0.6117435699004515,1.568017023226812,1.0254187617920092,0.16119796793254898
0.6117435699004515,1.568017023226812,1.1273657872027159,0.16119796793254898
0.6117435699004515,1.568017023226812,1.0347522239465212,0.16119796793254898
0.6117435699004515,1.568017023226812,1.1189687429412107,0.16119796793254898
0.6117435699004515,1.568017023226812,1.07226740110348,0.16119796793254898
0.6117435699004515,1.568017023226812,1.0398318164801241,0.16119796793254898
0.6117435699004515,1.568017023226812,1.0837710482117149,0.16119796793254898
0.6117435699004515,1.568017023226812,1.1875112165055894,0.16119796793254898
0.6117435699004515,1.568017023226812,1.1117724352892795,0.16119796793254898
0.5757255683784488,1.568017023226812,1.0956472013756062,0.16119796793254898
0.5757255683784488,1.568017023226812,1.2534169467615464,0.16119796793254898
0.5757255683784488,1.568017023226812,1.05123578242796,0.16119796793254898
0.5757255683784488,1.568017023226812,1.1613430301591607,0.16119796793254898
0.5757255683784488,1.568017023226812,1.1562106428180088,0.16119796793254898
0.5757255683784488,1.568017023226812,1.1280617258048413,0.16119796793254898
0.5757255683784488,1.568017023226812,1.1456638057384831,0.20088660896219587
0.5757255683784488,1.568017023226812,1.2328660074117035,0.20088660896219587
0.5757255683784488,1.568017023226812,1.1239249227306958,0.20088660896219587
0.5757255683784488,1.568017023226812,1.2644071566719637,0.20088660896219587
0.5757255683784488,1.568017023226812,1.2249594998523183,0.17506919492615414
0.5757255683784488,1.568017023226812,1.3125546773943308,0.17506919492615414
0.5757255683784488,1.568017023226812,1.3050030075539063,0.2076337167542101
0.5757255683784488,1.568017023226812,1.2670339611161017,0.2076337167542101
0.5757255683784488,1.568017023226812,1.2848501662681826,0.2076337167542101
0.5757255683784488,1.568017023226812,1.1710136394036454,0.2076337167542101
0.5757255683784488,1.568017023226812,1.2200160675425689,0.2076337167542101
0.5757255683784488,1.568017023226812,1.1952425556890778,0.2076337167542101
0.5757255683784488,1.568017023226812,1.2393714122757415,0.2076337167542101
0.5757255683784488,1.568017023226812,1.371706603399624,0.2076337167542101
0.5757255683784488,1.568017023226812,1.1718449838665999,0.21778955523471152
0.5757255683784488,1.568017023226812,1.2699198510878353,0.21778955523471152
0.5757255683784488,1.568017023226812,1.1478706635470608,0.21778955523471152
0.5757255683784488,1.568017023226812,1.1956242947272602,0.21778955523471152
0.5757255683784488,1.568017023226812,1.2630607266791551,0.21778955523471152
0.5757255683784488,1.568017023226812,1.3533847205797933,0.21778955523471152
0.5757255683784488,1.568017023226812,1.3062235027946212,0.21778955523471152
0.5757255683784488,1.568017023226812,1.2092887745157321,0.21778955523471152
0.5757255683784488,1.5667536542092975,1.3477715784054056,0.21778955523471152
0.5757255683784488,1.5667536542092975,1.1648513790790491,0.21778955523471152
0.5757255683784488,1.5667536542092975,1.266760296576312,0.21778955523471152
0.5757255683784488,1.5667536542092975,1.1735347716986613,0.21778955523471152
0.5757255683784488,1.5667536542092975,1.268712139493852,0.21778955523471152
0.5757255683784488,1.5773158541434427,1.2191839050406768,0.21778955523471152
0.5757255683784488,1.5773158541434427,1.1261148427297762,0.21778955523471152
0.5757255683784488,1.5773158541434427,1.0899361829866754,0.21778955523471152
0.5757255683784488,1.5773158541434427,1.2637150152802723,0.21778955523471152
0.5757255683784488,1.5773158541434427,1.2903626221010474,0.21778955523471152
0.5757255683784488,1.5773158541434427,1.1833639187285414,0.21778955523471152
0.5757255683784488,1.5773158541434427,1.1591964551219889,0.21778955523471152
0.5757255683784488,1.5773158541434427,1.2845997795768807,0.21778955523471152
0.5757255683784488,1.5773158541434427,1.2877428961486446,0.21778955523471152
0.5757255683784488,1.5773158541434427,1.2432550380059897,0.21778955523471152
0.5757255683784488,1.5773158541434427,1.2753538265403004,0.21778955523471152
0.5757255683784488,1.5773158541434427,1.2671224830200287,0.21778955523471152
0.5757255683784488,1.5773158541434427,1.2404228663465373,0.21778955523471152
0.5757255683784488,1.5773158541434427,1.1645691083329248,0.21778955523471152
0.5757255683784488,1.5773158541434427,1.1682457360893965,0.21778955523471152
0.6007450873744833,1.5773158541434427,1.2369698671568514,0.21778955523471152
0.6007450873744833,1.5773158541434427,1.2486159418759981,0.22230577618467998
0.6007450873744833,1.5773158541434427,1.1930502951585829,0.22230577618467998
0.6007450873744833,1.5773158541434427,1.1416708424702906,0.22230577618467998
0.6007450873744833,1.5773158541434427,1.0888420246175459,0.22230577618467998
0.6007450873744833,1.5773158541434427,1.180310381584042,0.22230577618467998
0.6007450873744833,1.5773158541434427,1.0858492483224285,0.22230577618467998
0.6007450873744833,1.5773158541434427,1.127774897690844,0.22230577618467998
0.6282776000459326,1.5773158541434427,1.207899449414891,0.22230577618467998
0.6282776000459326,1.5773158541434427,1.1994931778915714,0.22230577618467998
0.6282776000459326,1.5773158541434427,1.1334071940730641,0.22230577618467998
0.6282776000459326,1.5773158541434427,1.0120971396247025,0.22230577618467998
0.6282776000459326,1.5773158541434427,1.1259663736234347,0.22230577618467998
0.6282776000459326,1.5773158541434427,1.0646305388882187,0.22230577618467998
0.6282776000459326,1.5773158541434427,1.0789618560346195,0.22230577618467998
0.6282776000459326,1.5773158541434427,1.2196155526549328,0.22230577618467998
0.6282776000459326,1.5773158541434427,1.1547747680145874,0.22230577618467998
0.6282776000459326,1.5773158541434427,1.1606457143357152,0.22230577618467998
0.6282776000459326,1.6111583920751766,1.1268798306685455,0.2618986554651704
0.6282776000459326,1.6111583920751766,1.0437054782385493,0.2618986554651704
0.6282776000459326,1.6111583920751766,1.081244230535936,0.18675498521723932
0.6282776000459326,1.6111583920751766,0.9974109298801973,0.18675498521723932
0.6282776000459326,1.6111583920751766,1.063558488467844,0.18675498521723932
0.6282776000459326,1.6111583920751766,0.8782110933354134,0.18675498521723932
0.6282776000459326,1.6111583920751766,1.0544447497395508,0.18675498521723932
0.6282776000459326,1.6111583920751766,0.9823872949651261,0.18675498521723932
0.6282776000459326,1.6111583920751766,1.0951420325635306,0.18675498521723932
0.6282776000459326,1.6111583920751766,1.1165875714631337,0.18675498521723932
0.6282776000459326,1.6111583920751766,0.9937115066489218,0.18675498521723932
0.6282776000459326,1.6111583920751766,1.0825888987568593,0.18675498521723932
0.6282776000459326,1.6111583920751766,0.9586549327621678,0.18675498521723932
0.6282776000459326,1.6111583920751766,1.0319050751940162,0.18675498521723932
0.6282776000459326,1.6111583920751766,0.9573278320389675,0.18675498521723932
0.6282776000459326,1.6111583920751766,0.9905866209108333,0.18340987431270148
0.6282776000459326,1.6111583920751766,0.9293222682684584,0.18340987431270148
0.6282776000459326,1.6111583920751766,1.008600824505738,0.18340987431270148
0.6282776000459326,1.6111583920751766,1.0914913168796865,0.18340987431270148
0.6282776000459326,1.6111583920751766,0.9468637983056903,0.18340987431270148
0.6282776000459326,1.6111583920751766,1.1234101799487326,0.18340987431270148
0.6282776000459326,1.6111583920751766,1.0590711764038434,0.18340987431270148
0.6282776000459326,1.6111583920751766,1.059358422893855,0.18340987431270148
0.6282776000459326,1.6111583920751766,1.0440474692374013,0.18340987431270148
0.6282776000459326,1.6111583920751766,1.0788194695623559,0.18340987431270148
0.6282776000459326,1.6111583920751766,0.9360600364230777,0.18340987431270148
0.6282776000459326,1.6111583920751766,1.0329814468447776,0.18340987431270148
0.6282776000459326,1.6111583920751766,0.9555334190955039,0.18340987431270148
0.6282776000459326,1.6111583920751766,0.9977263805278754,0.18340987431270148
0.6282776000459326,1.6111583920751766,0.991911079461774,0.18340987431270148
0.6282776000459326,1.6111583920751766,1.0443613680580164,0.18340987431270148
0.6282776000459326,1.6111583920751766,1.038022942080696,0.18340987431270148
0.6282776000459326,1.6111583920751766,1.090200323846344,0.18340987431270148
0.6282776000459326,1.6111583920751766,1.088789731573427,0.18340987431270148
0.6282776000459326,1.6111583920751766,1.0673055637720177,0.2033706775454811
0.6282776000459326,1.6111583920751766,0.9985932081239955,0.2033706775454811
0.6282776000459326,1.6111583920751766,1.1285078736207013,0.2033706775454811
0.6282776000459326,1.6111583920751766,0.9787603788152904,0.2033706775454811
0.5890614972198406,1.6111583920751766,1.1725863603356403,0.2033706775454811
0.5890614972198406,1.6111583920751766,1.1380853801565767,0.2033706775454811
0.5890614972198406,1.6111583920751766,1.192389311322156,0.2033706775454811
0.5890614972198406,1.6111583920751766,1.152751636373829,0.2033706775454811
0.5890614972198406,1.6111583920751766,1.1125218499744942,0.2033706775454811
0.5890614972198406,1.6111583920751766,1.1522253441570685,0.2033706775454811
0.5890614972198406,1.6111583920751766,1.0275643660806426,0.2033706775454811
0.5890614972198406,1.6111583920751766,1.0298488552002112,0.2033706775454811
0.5890614972198406,1.6111583920751766,1.1435442042526733,0.2033706775454811
0.5890614972198406,1.6111583920751766,0.9754127631267326,0.2033706775454811
0.5890614972198406,1.6111583920751766,1.1091375182445875,0.2033706775454811
0.5890614972198406,1.6111583920751766,1.1816649766165173,0.2033706775454811
0.5890614972198406,1.6111583920751766,1.0524991981456493,0.2033706775454811
0.5890614972198406,1.6111583920751766,1.0868569927131821,0.2033706775454811
0.5890614972198406,1.6111583920751766,1.1628482344070605,0.2033706775454811
0.5890614972198406,1.6111583920751766,1.153186288889373,0.2033706775454811
0.5890614972198406,1.6111583920751766,1.1458108262522413,0.2033706775454811
0.5890614972198406,1.6111583920751766,1.1034930350626437,0.2033706775454811
0.5890614972198406,1.6111583920751766,1.1575654301131495,0.2033706775454811
0.5890614972198406,1.6111583920751766,1.0497277188516807,0.2033706775454811
0.5890614972198406,1.6111583920751766,1.1018296858237433,0.2033706775454811
0.5890614972198406,1.6111583920751766,1.1487659090350417,0.2033706775454811
0.5890614972198406,1.6111583920751766,1.1001740660968748,0.2033706775454811
0.5890614972198406,1.6111583920751766,1.0667517058944325,0.2033706775454811
0.5890614972198406,1.6111583920751766,1.1692407248285817,0.25456045791733284
0.5890614972198406,1.6111583920751766,1.1040226778881208,0.25456045791733284
0.5890614972198406,1.6111583920751766,1.1410792380829424,0.25456045791733284
0.5890614972198406,1.6111583920751766,1.0226982989616509,0.25456045791733284
0.5890614972198406,1.6111583920751766,1.1830750358069777,0.25456045791733284
0.5890614972198406,1.6111583920751766,1.2282723543423877,0.25456045791733284
0.5890614972198406,1.6111583920751766,1.2524335746663902,0.25456045791733284
0.5890614972198406,1.6111583920751766,1.0880077709227138,0.26749677567222524
0.5890614972198406,1.6111583920751766,1.1588922163170938,0.26749677567222524
0.5890614972198406,1.6111583920751766,1.2790008099957173,0.26749677567222524
0.5890614972198406,1.6111583920751766,1.2764099700438776,0.26749677567222524
0.5890614972198406,1.6111583920751766,1.1590646505728313,0.26749677567222524
0.5890614972198406,1.6111583920751766,1.2192732617679893,0.23640293634010817
0.5890614972198406,1.6111583920751766,1.2240019094560788,0.23640293634010817
0.5890614972198406,1.6111583920751766,1.097503174697083,0.23640293634010817
0.5890614972198406,1.6130252652317623,1.06709257878538,0.23640293634010817
0.5890614972198406,1.6130252652317623,1.2522380581303334,0.23640293634010817
0.5890614972198406,1.6130252652317623,1.186694194610587,0.23640293634010817
0.5890614972198406,1.6130252652317623,1.11480120051363,0.23640293634010817
0.5890614972198406,1.6130252652317623,1.0376164144493178,0.23640293634010817
0.5890614972198406,1.6130252652317623,1.2325063184050102,0.23640293634010817
0.5890614972198406,1.6130252652317623,1.1712762740869878,0.23640293634010817
0.5890614972198406,1.6130252652317623,1.128524568591859,0.23640293634010817
0.5890614972198406,1.6130252652317623,1.174996167088348,0.23640293634010817
0.5890614972198406,1.6130252652317623,1.132467537321308,0.23640293634010817
0.5890614972198406,1.6130252652317623,1.218706461728867,0.23640293634010817
0.5890614972198406,1.6130252652317623,1.1823930692841538,0.23640293634010817
0.5890614972198406,1.6130252652317623,1.1781400299620557,0.23640293634010817
0.5890614972198406,1.6130252652317623,1.1120469417541607,0.23640293634010817
0.6329497866470903,1.6130252652317623,1.0992735438639791,0.23640293634010817
0.6329497866470903,1.6130252652317623,1.0638810827192766,0.23640293634010817
0.6329497866470903,1.6130252652317623,1.1224508434825395,0.23640293634010817
0.6329497866470903,1.6130252652317623,0.9131804858591649,0.23640293634010817
0.6329497866470903,1.6130252652317623,1.0861040777328619,0.23640293634010817
0.6329497866470903,1.6130252652317623,1.1265437530406122,0.23640293634010817
0.6329497866470903,1.6130252652317623,0.9974639275477463,0.23640293634010817
0.6329497866470903,1.6130252652317623,1.065036869807734,0.23640293634010817
0.6329497866470903,1.6130252652317623,1.0902348190106625,0.23640293634010817
0.6329497866470903,1.6130252652317623,1.0876846235204143,0.23640293634010817
0.6329497866470903,1.6130252652317623,1.1043019539269319,0.23640293634010817
0.6329497866470903,1.6130252652317623,1.1386802985607902,0.23640293634010817
0.6329497866470903,1.6130252652317623,1.1616569398148904,0.23640293634010817
0.6329497866470903,1.6130252652317623,1.0964218017725105,0.23640293634010817
0.6329497866470903,1.6130252652317623,1.059452197680356,0.23640293634010817
0.6329497866470903,1.6159883229394878,1.0436081003693536,0.23640293634010817
0.6329497866470903,1.6159883229394878,1.0705976730914464,0.23640293634010817
0.6329497866470903,1.6159883229394878,1.1199220993747923,0.23640293634010817
0.6329497866470903,1.6159883229394878,1.0589633424838834,0.23640293634010817
0.6329497866470903,1.6159883229394878,1.0640906108759343,0.23640293634010817
0.6329497866470903,1.6159883229394878,1.0268819011295214,0.23640293634010817
0.549285895877956,1.7091760758693535,0.9750868803023054,0.23640293634010817
0.549285895877956,1.7091760758693535,0.9904943646296208,0.23640293634010817
0.549285895877956,1.7091760758693535,1.0637750491404132,0.23640293634010817
0.549285895877956,1.7091760758693535,1.014538984978975,0.23640293634010817
0.5969586870797435,1.7091760758693535,0.9165094979946341,0.23640293634010817
0.5969586870797435,1.7091760758693535,1.0011139655506585,0.23640293634010817
0.5969586870797435,1.7091760758693535,0.900296171623888,0.23640293634010817
0.5969586870797435,1.7091760758693535,0.9780004640642143,0.23640293634010817
0.5969586870797435,1.7091760758693535,0.9179205460213486,0.23640293634010817
0.5969586870797435,1.7091760758693535,0.9433278284191776,0.23640293634010817
0.5969586870797435,1.7091760758693535,0.9071852296203683,0.23640293634010817
0.5969586870797435,1.7091760758693535,0.959284282411444,0.2497937972276601
0.5969586870797435,1.7091760758693535,0.9707438175482848,0.2497937972276601
0.5969586870797435,1.7091760758693535,0.9719170207170151,0.2497937972276601
0.5969586870797435,1.7091760758693535,0.9548648870097144,0.2497937972276601
0.5969586870797435,1.7091760758693535,0.9382959288067508,0.2497937972276601
0.5969586870797435,1.7091760758693535,0.980042179420615,0.24961463294304548
0.5969586870797435,1.7091760758693535,0.9166986892063373,0.24961463294304548
0.5969586870797435,1.7091760758693535,0.9723854054711437,0.24961463294304548
0.5969586870797435,1.7091760758693535,1.0331979362191734,0.24961463294304548
0.5969586870797435,1.7091760758693535,0.9371159654264399,0.24961463294304548
0.5969586870797435,1.7091760758693535,1.0264332782453038,0.24961463294304548
0.5969586870797435,1.7091760758693535,0.9515757685500977,0.24961463294304548
0.5969586870797435,1.7091760758693535,0.9063185016185631,0.24961463294304548
0.5761424029580356,1.7091760758693535,0.9593211606935376,0.24961463294304548
0.5761424029580356,1.6837144078664343,1.0875285041345253,0.24961463294304548
0.5761424029580356,1.6987531431739011,1.066007135137343,0.24961463294304548
0.5761424029580356,1.6987531431739011,0.9708175495437351,0.24961463294304548
0.5761424029580356,1.6987531431739011,1.0192300587889582,0.24961463294304548
0.5761424029580356,1.6987531431739011,1.048137296661726,0.24961463294304548
0.5761424029580356,1.6884385919994271,1.0032667345979032,0.24961463294304548
0.5761424029580356,1.6884385919994271,1.0113628572906272,0.24961463294304548
0.5761424029580356,1.6884385919994271,0.9890650802407712,0.24961463294304548
0.5761424029580356,1.6884385919994271,1.1221203626945908,0.24961463294304548
0.5761424029580356,1.6884385919994271,1.0980894277845412,0.24961463294304548
0.5761424029580356,1.6884385919994271,1.208988873205758,0.24961463294304548
0.5761424029580356,1.6884385919994271,1.061491119333778,0.2850019142255972
0.5761424029580356,1.6884385919994271,1.0570202849048802,0.2850019142255972
0.5761424029580356,1.6884385919994271,1.096327303598069,0.2850019142255972
0.5761424029580356,1.6884385919994271,1.0422128906401573,0.2850019142255972
0.5761424029580356,1.6884385919994271,1.0329351374684257,0.2850019142255972
0.5761424029580356,1.6884385919994271,1.119911624377577,0.2850019142255972
0.5761424029580356,1.6884385919994271,1.0851996282708496,0.2850019142255972
0.5761424029580356,1.6884385919994271,1.1261955808647937,0.2850019142255972
0.5761424029580356,1.6884385919994271,0.9954316815694408,0.2850019142255972
0.5761424029580356,1.6884385919994271,1.0547784731371914,0.2850019142255972
0.5761424029580356,1.6884385919994271,1.0409379027390542,0.2850019142255972
0.5761424029580356,1.6884385919994271,0.929028590808062,0.2850019142255972
0.5761424029580356,1.6884385919994271,1.047323102906397,0.2850019142255972
0.5761424029580356,1.6884385919994271,1.0254018516472012,0.2850019142255972
0.5761424029580356,1.6884385919994271,1.1264472716365863,0.29648973357944486
0.6418196865767678,1.6463207019564705,1.0863943292238516,0.29648973357944486
0.6418196865767678,1.6463207019564705,0.9608537540617658,0.29648973357944486
0.6418196865767678,1.6463207019564705,1.0403484886151915,0.29648973357944486
0.6418196865767678,1.614076850440905,1.187181721228747,0.29648973357944486
0.6418196865767678,1.614076850440905,1.1689592667477176,0.29648973357944486
0.6418196865767678,1.614076850440905,1.1703703754796395,0.29648973357944486
0.6418196865767678,1.614076850440905,1.1190659695240726,0.29648973357944486
0.6418196865767678,1.614076850440905,1.0274979488145441,0.29648973357944486
0.6418196865767678,1.614076850440905,1.154676245524819,0.29648973357944486
0.6418196865767678,1.614076850440905,1.0716107491702915,0.29648973357944486
0.6418196865767678,1.614076850440905,1.1122969139923462,0.29648973357944486
0.6418196865767678,1.614076850440905,1.1310836700504074,0.29648973357944486
0.6418196865767678,1.614076850440905,1.1186398620732163,0.29648973357944486
0.6418196865767678,1.614076850440905,1.087516190371278,0.29648973357944486
0.6418196865767678,1.614076850440905,1.1254574298042725,0.29648973357944486
0.6418196865767678,1.614076850440905,1.1191889800711314,0.29648973357944486
0.5934279707532626,1.614076850440905,1.2021258982007785,0.29648973357944486
0.5934279707532626,1.614076850440905,1.2952337299066545,0.29648973357944486
0.5934279707532626,1.6508502092643809,1.2293769282949376,0.29648973357944486
0.5934279707532626,1.6508502092643809,1.0582518797466596,0.29648973357944486
0.5934279707532626,1.6508502092643809,1.1625767241006948,0.29648973357944486
0.5934279707532626,1.6508502092643809,1.0835400053550617,0.29648973357944486
0.5934279707532626,1.6508502092643809,1.1382028717866668,0.29648973357944486
0.5934279707532626,1.6508502092643809,1.1061719043360825,0.27536062273320094
0.5934279707532626,1.6508502092643809,1.076795572378175,0.27536062273320094
0.5934279707532626,1.6508502092643809,1.1950876017767815,0.27536062273320094
0.5934279707532626,1.6508502092643809,1.0819164579699416,0.27536062273320094
0.5934279707532626,1.6508502092643809,1.0339410465474663,0.27536062273320094
0.661920659314228,1.6508502092643809,1.0587648633007198,0.27536062273320094
0.661920659314228,1.6508502092643809,0.9901320354811883,0.27536062273320094
0.661920659314228,1.6508502092643809,1.0061707605427455,0.27536062273320094
0.661920659314228,1.6508502092643809,0.9943651057219683,0.27536062273320094
0.661920659314228,1.6508502092643809,1.0567785222890802,0.284131964474787
0.661920659314228,1.6508502092643809,0.9459228620436659,0.284131964474787
0.661920659314228,1.6508502092643809,1.078079652974433,0.284131964474787
0.661920659314228,1.6508502092643809,0.9605686074896819,0.284131964474787
0.661920659314228,1.6508502092643809,0.9082090281746769,0.2833282456580996
0.661920659314228,1.6508502092643809,0.9872803697699322,0.2833282456580996
0.661920659314228,1.6508502092643809,0.978760746745284,0.2833282456580996
0.661920659314228,1.6508502092643809,0.962835502993184,0.2833282456580996
0.661920659314228,1.6508502092643809,0.9863536588082996,0.2833282456580996
0.661920659314228,1.6508502092643809,1.0610313541438623,0.2833282456580996
0.661920659314228,1.6508502092643809,0.9704537794906671,0.2833282456580996
0.661920659314228,1.6508502092643809,1.0652581127250302,0.2833282456580996
0.661920659314228,1.6508502092643809,0.9630135346943832,0.2833282456580996
0.661920659314228,1.6508502092643809,0.9594746235712445,0.2833282456580996
0.661920659314228,1.6508502092643809,0.9840489209379882,0.2833282456580996
0.661920659314228,1.6508502092643809,1.0751457650848277,0.2833282456580996
0.661920659314228,1.6508502092643809,0.9666461878502135,0.2833282456580996
0.661920659314228,1.6508502092643809,1.029266928453273,0.2833282456580996
0.661920659314228,1.6508502092643809,0.9722025293222143,0.2833282456580996
0.661920659314228,1.6508502092643809,0.9471498752409281,0.2833282456580996
0.661920659314228,1.6508502092643809,0.9655106426548795,0.2833282456580996
0.661920659314228,1.6508502092643809,0.9623052044090603,0.2833282456580996
0.661920659314228,1.6508502092643809,0.9844082718568733,0.2833282456580996
0.661920659314228,1.6508502092643809,1.0023155470497254,0.2833282456580996
0.661920659314228,1.6508502092643809,0.9871377744207238,0.2833282456580996
0.661920659314228,1.6508502092643809,1.0056573211755044,0.2833282456580996
0.661920659314228,1.6508502092643809,0.9996652499540416,0.2833282456580996
0.661920659314228,1.6508502092643809,1.0818876551405805,0.2833282456580996
0.661920659314228,1.6508502092643809,0.9938201766061594,0.2948238668002442
0.661920659314228,1.6508502092643809,0.9958527382444282,0.2948238668002442
0.661920659314228,1.6508502092643809,1.064856753537568,0.2948238668002442
0.661920659314228,1.6508502092643809,0.982798464239315,0.2948238668002442
0.661920659314228,1.6508502092643809,0.9837035621415023,0.2948238668002442
0.661920659314228,1.6508502092643809,0.983735472964803,0.2948238668002442
0.661920659314228,1.6508502092643809,0.9813600715491669,0.2948238668002442
0.661920659314228,1.6508502092643809,0.9485242499337284,0.2948238668002442
0.661920659314228,1.6508502092643809,1.0565117768139647,0.2948238668002442
0.661920659314228,1.6508502092643809,0.9497030250803016,0.2948238668002442
0.661920659314228,1.6508502092643809,1.050867047422911,0.2948238668002442
0.661920659314228,1.6508502092643809,0.9519059202206717,0.2948238668002442
0.661920659314228,1.6508502092643809,0.9885073985474656,0.2948238668002442
0.661920659314228,1.6944614299533296,0.9193197341521534,0.2948238668002442
0.661920659314228,1.6944614299533296,0.907212185476236,0.2948238668002442
0.661920659314228,1.6944614299533296,0.9676282355616689,0.2948238668002442
0.661920659314228,1.6944614299533296,0.9390497792545108,0.2948238668002442
0.661920659314228,1.6944614299533296,0.9506427502441531,0.2948238668002442
0.661920659314228,1.6944614299533296,0.952018173240384,0.2948238668002442
0.661920659314228,1.6944614299533296,0.9003402137666464,0.2948238668002442
0.661920659314228,1.6944614299533296,0.9087198471749387,0.2948238668002442
0.661920659314228,1.6944614299533296,0.8857477375114389,0.2948238668002442
0.661920659314228,1.6944614299533296,0.8967673583243683,0.2948238668002442
0.661920659314228,1.6944614299533296,1.0369113400833416,0.2948238668002442
0.661920659314228,1.6944614299533296,1.0256447599096086,0.2948238668002442
0.661920659314228,1.6944614299533296,0.9254761658804346,0.2948238668002442
0.661920659314228,1.6944614299533296,0.8610297389565907,0.2948238668002442
0.661920659314228,1.6944614299533296,0.9400985513262102,0.2948238668002442
0.661920659314228,1.6944614299533296,0.9855885044436272,0.2948238668002442
0.661920659314228,1.6944614299533296,0.9767401909245226,0.2948238668002442
0.661920659314228,1.6944614299533296,0.9431910781626494,0.2948238668002442
0.661920659314228,1.6699072082786552,0.9429217100858887,0.2948238668002442
0.661920659314228,1.6699072082786552,1.0127388032298572,0.2948238668002442
0.661920659314228,1.6699072082786552,0.8805433717590866,0.2948238668002442
0.661920659314228,1.6699072082786552,0.9941380457670511,0.2948238668002442
0.661920659314228,1.6699072082786552,0.9834374702356149,0.2948238668002442
0.661920659314228,1.6699072082786552,0.9430558463018541,0.3165156591944429
0.661920659314228,1.6699072082786552,0.9406329400510043,0.23703137371963562
0.661920659314228,1.6699072082786552,0.8930849944573712,0.23703137371963562
0.661920659314228,1.5350559090246811,1.0399972350715283,0.23703137371963562
0.661920659314228,1.5350559090246811,1.124823287871279,0.23703137371963562
0.661920659314228,1.5350559090246811,1.1508685828714822,0.23703137371963562
0.661920659314228,1.5350559090246811,1.1109178572639904,0.23703137371963562
0.661920659314228,1.5350559090246811,1.123516774413474,0.23703137371963562
0.661920659314228,1.5350559090246811,1.0540176007195492,0.23703137371963562
0.661920659314228,1.5350559090246811,1.148774330344945,0.23703137371963562
0.661920659314228,1.5350559090246811,1.1701569828429648,0.23703137371963562
0.661920659314228,1.5350559090246811,1.115829152584833,0.23703137371963562
0.661920659314228,1.5350559090246811,1.1496504546322677,0.23696831906440105
0.661920659314228,1.5350559090246811,1.2086995773802858,0.23696831906440105
0.661920659314228,1.5350559090246811,1.1842409604418118,0.23696831906440105
0.7401052820679562,1.5350559090246811,1.0067939483174866,0.23696831906440105
0.7401052820679562,1.5350559090246811,0.9168459689849623,0.23696831906440105
0.7401052820679562,1.550843473422908,1.0407717930773448,0.23696831906440105
0.7401052820679562,1.550843473422908,1.0662275887465797,0.23696831906440105
0.7401052820679562,1.550843473422908,0.9471905417158991,0.23696831906440105
0.7401052820679562,1.550843473422908,1.02556286681605,0.23696831906440105
0.7401052820679562,1.550843473422908,0.9774285774617285,0.23696831906440105
0.7401052820679562,1.550843473422908,0.9956264971783114,0.20294911147834213
0.7401052820679562,1.5865139917021132,0.9183232018172073,0.2722723373074471
0.7401052820679562,1.5865139917021132,0.94710771146731,0.2722723373074471
0.7401052820679562,1.5865139917021132,0.9834119280124393,0.2722723373074471
0.7401052820679562,1.5865139917021132,0.930914483699103,0.2722723373074471
0.7401052820679562,1.5865139917021132,0.9651161931741137,0.2722723373074471
0.7401052820679562,1.5865139917021132,1.0099080913751561,0.2722723373074471
0.7401052820679562,1.5865139917021132,1.0217959698955665,0.2722723373074471
0.7401052820679562,1.5865139917021132,0.9963221945288029,0.2722723373074471
0.7401052820679562,1.5865139917021132,0.9082761455422305,0.2722723373074471
0.7401052820679562,1.6113026145321294,0.9843838659241219,0.2722723373074471
0.7401052820679562,1.6113026145321294,1.0958471246996528,0.2722723373074471
0.7401052820679562,1.6113026145321294,0.9488971562709009,0.2722723373074471
0.7401052820679562,1.6113026145321294,0.9088787984837842,0.2722723373074471
0.7401052820679562,1.6113026145321294,0.8758503429517633,0.2722723373074471
0.7401052820679562,1.6113026145321294,0.8989827572878014,0.2722723373074471
0.7401052820679562,1.6113026145321294,0.8774208273179591,0.2722723373074471
0.7401052820679562,1.6289032722265864,0.972638971364853,0.2722723373074471
0.7401052820679562,1.6289032722265864,0.9542335758471987,0.2722723373074471
0.7522490822835546,1.6289032722265864,0.9036060715653614,0.2722723373074471
0.7522490822835546,1.6289032722265864,0.9047557612895867,0.2722723373074471
0.7522490822835546,1.6289032722265864,0.9532025018668842,0.32997040718013987
0.7522490822835546,1.6289032722265864,0.9973417324540957,0.32997040718013987
0.7522490822835546,1.6289032722265864,0.8893900092436763,0.32997040718013987
0.760190200056168,1.6289032722265864,0.9691267413102572,0.32997040718013987
0.760190200056168,1.6289032722265864,0.9146001768730349,0.32997040718013987
0.760190200056168,1.5824698462598377,0.9875871587018705,0.32997040718013987
0.760190200056168,1.6764997691295842,0.9516804349095466,0.32997040718013987
0.760190200056168,1.6764997691295842,0.918089460951671,0.32997040718013987
0.8095901453050882,1.6764997691295842,0.8367991744505849,0.32997040718013987
0.8095901453050882,1.6764997691295842,0.8433185718459828,0.32997040718013987
0.8095901453050882,1.6764997691295842,0.8385130771725559,0.32997040718013987
0.8095901453050882,1.6764997691295842,0.8447468199302718,0.32997040718013987
0.8095901453050882,1.6764997691295842,0.7937610723480427,0.32997040718013987
0.8095901453050882,1.6764997691295842,0.7890202538276275,0.32997040718013987
0.8095901453050882,1.6764997691295842,0.8467735610211578,0.32997040718013987
0.8095901453050882,1.6764997691295842,0.7698435311900688,0.32997040718013987
0.8095901453050882,1.6764997691295842,0.7763439307220554,0.32997040718013987
0.8095901453050882,1.6764997691295842,0.7997344549986778,0.32997040718013987
0.8095901453050882,1.6764997691295842,0.7949935162888873,0.32997040718013987
0.8095901453050882,1.6764997691295842,0.7608054760099587,0.32997040718013987
0.8095901453050882,1.6764997691295842,0.8273286682522987,0.32997040718013987
0.8095901453050882,1.6764997691295842,0.8209995336087064,0.32997040718013987
0.8095901453050882,1.6764997691295842,0.7726181306849751,0.32997040718013987
0.8095901453050882,1.6764997691295842,0.8071335066390332,0.32997040718013987
0.8095901453050882,1.6764997691295842,0.8196000153222955,0.32997040718013987
0.8095901453050882,1.6764997691295842,0.8046818699357801,0.32997040718013987
0.8095901453050882,1.6764997691295842,0.7531608759479564,0.32997040718013987
0.8095901453050882,1.6764997691295842,0.8910225863311815,0.32997040718013987
0.8095901453050882,1.6764997691295842,0.8577132594259824,0.32997040718013987
0.8095901453050882,1.6764997691295842,0.825340529240404,0.32997040718013987
0.8095901453050882,1.6764997691295842,0.7866240686857628,0.32997040718013987
0.8095901453050882,1.6764997691295842,0.7868126591900483,0.3449042195642779
0.8095901453050882,1.6764997691295842,0.8310229193239249,0.3449042195642779
0.8095901453050882,1.6764997691295842,0.8838148879691927,0.3449042195642779
0.8095901453050882,1.6764997691295842,0.832433386921599,0.3449042195642779
0.8095901453050882,1.6764997691295842,0.8175831835664283,0.3449042195642779
0.8095901453050882,1.6764997691295842,0.8368874712371828,0.3449042195642779
0.8095901453050882,1.6764997691295842,0.7754135558261506,0.3449042195642779
0.8095901453050882,1.6764997691295842,0.8179114803804658,0.3449042195642779
0.8095901453050882,1.6764997691295842,0.8375762844766236,0.3449042195642779
0.8095901453050882,1.6764997691295842,0.8111154508251761,0.3449042195642779
0.8095901453050882,1.6764997691295842,0.8443506821215074,0.3449042195642779
0.8095901453050882,1.6764997691295842,0.8412455695407284,0.3449042195642779
0.8095901453050882,1.6764997691295842,0.8457892314807278,0.3449042195642779
0.8095901453050882,1.6764997691295842,0.7790154672404868,0.3449042195642779
0.8095901453050882,1.6764997691295842,0.8734283518707898,0.3449042195642779
0.8095901453050882,1.6764997691295842,0.8022923453623372,0.3449042195642779
0.8095901453050882,1.6764997691295842,0.8089728277770165,0.35360449841708796
0.8095901453050882,1.6764997691295842,0.7739729748478866,0.35360449841708796
0.8095901453050882,1.6764997691295842,0.8935874159915631,0.35360449841708796
0.8095901453050882,1.6764997691295842,0.7814409494938268,0.35360449841708796
0.8095901453050882,1.6764997691295842,0.8152549515642156,0.35360449841708796
0.8095901453050882,1.6764997691295842,0.8151428329367596,0.35360449841708796
0.8095901453050882,1.6764997691295842,0.7574778638852652,0.35360449841708796
0.8095901453050882,1.6764997691295842,0.7804186111359656,0.35360449841708796
0.8095901453050882,1.6764997691295842,0.8345159663550404,0.35360449841708796
0.8095901453050882,1.6764997691295842,0.9130398712747049,0.35360449841708796
0.8095901453050882,1.6764997691295842,0.8578620847110391,0.32715306178154957
0.8095901453050882,1.6764997691295842,0.7662901377152281,0.32715306178154957
0.8095901453050882,1.6764997691295842,0.8274738334227368,0.32715306178154957
0.8095901453050882,1.6764997691295842,0.8272455375051517,0.32715306178154957
0.7193790043023363,1.6764997691295842,0.8716932346095602,0.32715306178154957
0.7193790043023363,1.6764997691295842,0.8337439556224805,0.32715306178154957
0.7193790043023363,1.6764997691295842,0.9809111333054163,0.3454881538797377
0.7193790043023363,1.6764997691295842,0.9198779370368589,0.3454881538797377
0.7193790043023363,1.6764997691295842,0.83135286567479,0.3454881538797377
0.7193790043023363,1.6764997691295842,0.9107923297989425,0.3454881538797377
0.7193790043023363,1.6764997691295842,0.9138637766595009,0.3454881538797377
0.7193790043023363,1.6764997691295842,0.9378885257124763,0.3454881538797377
0.7193790043023363,1.6764997691295842,0.967787648271579,0.3454881538797377
0.7193790043023363,1.6764997691295842,1.0329715947983715,0.3454881538797377
0.7193790043023363,1.6764997691295842,0.8306170402283667,0.3454881538797377
0.7193790043023363,1.6764997691295842,0.9126809733690808,0.3454881538797377
0.7193790043023363,1.6764997691295842,0.9245594661265869,0.3454881538797377
0.7193790043023363,1.6764997691295842,0.8954983770202363,0.3454881538797377
0.7193790043023363,1.6764997691295842,0.913447930269663,0.3454881538797377
0.7193790043023363,1.6764997691295842,0.9003198796086849,0.3454881538797377
0.7193790043023363,1.6764997691295842,0.9162118656588778,0.3454881538797377
0.7193790043023363,1.6764997691295842,0.921282163383796,0.31526045695671334
0.7193790043023363,1.6764997691295842,0.9373500659845853,0.31526045695671334
0.7193790043023363,1.6764997691295842,0.9475999428021618,0.31526045695671334
0.7193790043023363,1.6764997691295842,0.8329913140322693,0.31526045695671334
0.7193790043023363,1.6764997691295842,0.9210069221021798,0.25979688361307296
0.7193790043023363,1.6764997691295842,0.8439274520854126,0.25979688361307296
0.652921756931367,1.6764997691295842,0.8938794941311057,0.25979688361307296
0.652921756931367,1.6764997691295842,0.9541412664308372,0.25979688361307296
0.652921756931367,1.6764997691295842,1.1539423920139331,0.25979688361307296
0.652921756931367,1.6764997691295842,0.9468043180794203,0.25979688361307296
0.652921756931367,1.624913364830932,0.9822757061283729,0.25979688361307296
0.652921756931367,1.624913364830932,1.0295230051254105,0.25979688361307296
0.652921756931367,1.624913364830932,1.0021765364576576,0.25979688361307296
0.652921756931367,1.624913364830932,0.8979172663428873,0.2507536735527827
0.652921756931367,1.624913364830932,0.9272659832529357,0.2507536735527827
0.652921756931367,1.624913364830932,1.0572751832218907,0.2507536735527827
0.652921756931367,1.624913364830932,1.033597846365898,0.2507536735527827
0.652921756931367,1.624913364830932,0.995559064748732,0.2507536735527827
0.652921756931367,1.624913364830932,1.0402770159426944,0.2507536735527827
0.652921756931367,1.624913364830932,0.9448827270236454,0.2507536735527827
0.652921756931367,1.624913364830932,1.052631066493569,0.2507536735527827
0.652921756931367,1.624913364830932,0.9995878749267726,0.2507536735527827
0.652921756931367,1.624913364830932,1.0606232245555143,0.2507536735527827
0.652921756931367,1.624913364830932,1.0627262216111917,0.2507536735527827
0.652921756931367,1.624913364830932,0.9997811197849232,0.2507536735527827
0.652921756931367,1.624913364830932,0.9722126598113985,0.2507536735527827
0.652921756931367,1.6402648302414513,0.9312239906680719,0.2507536735527827
0.652921756931367,1.6402648302414513,1.0092653759892052,0.2507536735527827
0.652921756931367,1.6402648302414513,0.9687647235587545,0.22298371114568244
0.652921756931367,1.6402648302414513,0.9722763434605245,0.22298371114568244
0.652921756931367,1.6402648302414513,0.9835043616603105,0.22298371114568244
0.652921756931367,1.6402648302414513,1.0062004121659558,0.22298371114568244
0.652921756931367,1.6402648302414513,1.0063904390800473,0.22298371114568244
0.652921756931367,1.6402648302414513,0.9894073011651537,0.22298371114568244
0.652921756931367,1.6402648302414513,0.9262289275276379,0.22298371114568244
0.6842954383305939,1.6402648302414513,1.0306054111554084,0.22298371114568244
0.6842954383305939,1.6402648302414513,0.9119386548850721,0.22298371114568244
0.6550720408239842,1.6402648302414513,0.9255450610604703,0.22298371114568244
0.6550720408239842,1.6402648302414513,1.0283369494238648,0.22298371114568244
0.6550720408239842,1.6402648302414513,0.9966493525179094,0.22298371114568244
0.6550720408239842,1.6402648302414513,0.9481654611791754,0.22298371114568244
0.6550720408239842,1.6402648302414513,0.8594695600018408,0.22298371114568244
0.6550720408239842,1.6402648302414513,0.9978416014037624,0.22298371114568244
0.6550720408239842,1.6402648302414513,0.9807860147959598,0.22298371114568244
0.6550720408239842,1.6402648302414513,0.9245336704871948,0.22298371114568244
0.6583881091444376,1.6697209435112816,0.898411235762996,0.22298371114568244
0.6583881091444376,1.6697209435112816,0.8546339711959903,0.22298371114568244
0.6583881091444376,1.6697209435112816,0.8542597292304859,0.22298371114568244
0.6583881091444376,1.6697209435112816,0.9873187950611265,0.22298371114568244
0.6583881091444376,1.6697209435112816,0.8703893560257298,0.22298371114568244
0.6583881091444376,1.6697209435112816,0.8943739501997194,0.22298371114568244
0.6583881091444376,1.6697209435112816,1.0103322257329115,0.33602567498840363
0.6583881091444376,1.6697209435112816,1.0637483055359709,0.33602567498840363
0.6583881091444376,1.6697209435112816,1.0718973057545464,0.33602567498840363
0.6583881091444376,1.6697209435112816,0.9272370223421589,0.33602567498840363
0.6583881091444376,1.6697209435112816,1.0191865928285735,0.33602567498840363
0.6583881091444376,1.7122239147570932,0.9783854018374122,0.33602567498840363
0.6583881091444376,1.7122239147570932,0.9532310031742169,0.33602567498840363
0.6583881091444376,1.7122239147570932,0.86233432845734,0.33602567498840363
0.6583881091444376,1.6770304265192926,0.9713281901790299,0.33602567498840363
0.617003029505011,1.6770304265192926,1.1875381858945537,0.33602567498840363
0.617003029505011,1.6770304265192926,1.0512380232828873,0.33602567498840363
0.617003029505011,1.6770304265192926,1.0806334893610856,0.33602567498840363
0.617003029505011,1.6770304265192926,1.1467919414922183,0.33602567498840363
0.617003029505011,1.6770304265192926,1.1015840172684779,0.21203388234312096
0.617003029505011,1.6770304265192926,0.9632142047794999,0.21203388234312096
0.617003029505011,1.6770304265192926,1.0571056708262236,0.21203388234312096
0.617003029505011,1.6770304265192926,0.9999333243313452,0.28703023766020547
0.617003029505011,1.6770304265192926,1.0548214127024513,0.28703023766020547
0.617003029505011,1.6770304265192926,1.0822644494797702,0.28703023766020547
0.617003029505011,1.6770304265192926,0.9949562750093053,0.28703023766020547
0.617003029505011,1.6770304265192926,1.049075750164596,0.28703023766020547
0.617003029505011,1.6770304265192926,1.1519348376338823,0.28703023766020547
0.617003029505011,1.6770304265192926,1.1020815647120408,0.28703023766020547
0.617003029505011,1.6770304265192926,0.9555612323707761,0.2844535601350039
0.736429451171444,1.6770304265192926,0.9640112215421193,0.2844535601350039
0.736429451171444,1.6770304265192926,0.8686228138402956,0.2844535601350039
0.736429451171444,1.7313854048286534,0.7850240671176479,0.2844535601350039
0.736429451171444,1.7313854048286534,0.8225527350687504,0.2844535601350039
0.736429451171444,1.7313854048286534,0.7723333592493801,0.2844535601350039
0.736429451171444,1.7313854048286534,0.7534826823609866,0.2844535601350039
0.736429451171444,1.7313854048286534,0.7807721198557852,0.2844535601350039
0.736429451171444,1.7313854048286534,0.7502699952890265,0.2844535601350039
0.736429451171444,1.7313854048286534,0.8101121016752818,0.2844535601350039
0.736429451171444,1.7313854048286534,0.8565719731841214,0.3343145854274834
0.736429451171444,1.7313854048286534,0.7939449087955491,0.3343145854274834
0.736429451171444,1.7313854048286534,0.8049858321814367,0.3343145854274834
0.736429451171444,1.7313854048286534,0.8750968810753283,0.3343145854274834
0.736429451171444,1.7313854048286534,0.7929722546879859,0.3343145854274834
0.736429451171444,1.7313854048286534,0.836768205740832,0.3343145854274834
0.736429451171444,1.7313854048286534,0.8214514850104897,0.3343145854274834
0.736429451171444,1.7313854048286534,0.7781642003722183,0.3343145854274834
0.736429451171444,1.7313854048286534,0.858518485945824,0.3343145854274834
0.736429451171444,1.669582039069516,0.8578335524038357,0.3343145854274834
0.736429451171444,1.669582039069516,0.8504034279455134,0.3343145854274834
0.736429451171444,1.669582039069516,0.8769283608038244,0.3343145854274834
0.736429451171444,1.669582039069516,0.8848451044952621,0.3343145854274834
0.736429451171444,1.669582039069516,0.9246100537785112,0.3343145854274834
0.736429451171444,1.669582039069516,0.8502368527834586,0.3343145854274834
0.736429451171444,1.669582039069516,0.9048106398079454,0.3343145854274834
0.736429451171444,1.669582039069516,0.9143582134913063,0.3343145854274834
0.736429451171444,1.669582039069516,0.8901184470505427,0.3343145854274834
0.736429451171444,1.669582039069516,0.8534857636735039,0.3343145854274834
0.736429451171444,1.669582039069516,0.9402862039546017,0.3343145854274834
0.736429451171444,1.669582039069516,0.8581574605478361,0.3179527517851118
0.736429451171444,1.669582039069516,0.964659764146372,0.3179527517851118
0.736429451171444,1.669582039069516,0.8721606941213351,0.3179527517851118
0.736429451171444,1.669582039069516,0.8952911476482419,0.3179527517851118
0.736429451171444,1.669582039069516,0.9303571812665776,0.3179527517851118
0.736429451171444,1.669582039069516,0.8515711487752722,0.3179527517851118
0.7775336759237754,1.669582039069516,0.8582715577238366,0.3179527517851118
0.7775336759237754,1.669582039069516,0.90974152380709,0.3179527517851118
0.7775336759237754,1.669582039069516,0.7958660564932998,0.3179527517851118
0.7775336759237754,1.669582039069516,0.7819957713098085,0.3179527517851118
0.7775336759237754,1.669582039069516,0.850461417332281,0.3179527517851118
0.7775336759237754,1.669582039069516,0.8187705555696366,0.3179527517851118
0.7775336759237754,1.669582039069516,0.8101955537931459,0.3179527517851118
0.7775336759237754,1.669582039069516,0.8333003109368876,0.3179527517851118
0.7775336759237754,1.669582039069516,0.7672283780592122,0.3179527517851118
0.7775336759237754,1.669582039069516,0.7946939112862452,0.3179527517851118
0.7775336759237754,1.669582039069516,0.8555727359793271,0.3179527517851118
0.7775336759237754,1.669582039069516,0.8688032756290074,0.31156725628369725
0.7775336759237754,1.669582039069516,0.8681345523974241,0.31156725628369725
0.7775336759237754,1.669582039069516,0.8016427422142756,0.31156725628369725
0.7775336759237754,1.669582039069516,0.7417843895315833,0.31156725628369725
0.7775336759237754,1.669582039069516,0.8314963195855971,0.31156725628369725
0.7775336759237754,1.669582039069516,0.8835767009070774,0.31156725628369725
0.7775336759237754,1.669582039069516,0.8451682334070947,0.31156725628369725
0.7775336759237754,1.669582039069516,0.8145190793470687,0.31156725628369725
0.7775336759237754,1.669582039069516,0.8695789877200419,0.31156725628369725
0.7775336759237754,1.669582039069516,0.8188266491302815,0.31156725628369725
0.7775336759237754,1.669582039069516,0.7761574314789623,0.31156725628369725
0.7775336759237754,1.669582039069516,0.8735628006302363,0.31156725628369725
0.7775336759237754,1.669582039069516,0.8441212080432201,0.31156725628369725
0.7775336759237754,1.6578216933068881,0.8482099179775293,0.31156725628369725
0.7888338304474805,1.6578216933068881,0.8455296755089683,0.31156725628369725
0.7888338304474805,1.6578216933068881,0.8047757258942091,0.31156725628369725
0.7888338304474805,1.6578216933068881,0.7987503903726639,0.31156725628369725
0.7888338304474805,1.660778412206167,0.8353592355852669,0.31156725628369725
0.7888338304474805,1.660778412206167,0.8573303194880241,0.31156725628369725
0.7888338304474805,1.660778412206167,0.8253539720855024,0.31156725628369725
0.7888338304474805,1.660778412206167,0.8475978825994456,0.31156725628369725
0.7888338304474805,1.660778412206167,0.8456392473500224,0.31156725628369725
0.7888338304474805,1.660778412206167,0.8158601889140611,0.31156725628369725
0.7888338304474805,1.660778412206167,0.8154399674149003,0.31156725628369725
0.7888338304474805,1.660778412206167,0.8791567412972895,0.31156725628369725
0.7888338304474805,1.660778412206167,0.7885272697193397,0.31156725628369725
0.7888338304474805,1.660778412206167,0.8643832029322216,0.31156725628369725
0.7888338304474805,1.660778412206167,0.7606854688571665,0.24080421778254057
0.7888338304474805,1.660778412206167,0.8212788616258954,0.24080421778254057
0.7888338304474805,1.660778412206167,0.807016186163847,0.24080421778254057
0.766220526809663,1.660778412206167,0.7918901080324461,0.24080421778254057
0.766220526809663,1.660778412206167,0.8024926173316985,0.24080421778254057
0.766220526809663,1.660778412206167,0.7915160828267255,0.24080421778254057
0.766220526809663,1.660778412206167,0.8368364436523428,0.24080421778254057
0.766220526809663,1.660778412206167,0.7668217656112605,0.24080421778254057
0.766220526809663,1.660778412206167,0.7465251497996165,0.24080421778254057
0.766220526809663,1.660778412206167,0.8023666455290874,0.24080421778254057
0.766220526809663,1.660778412206167,0.7902761627012724,0.24080421778254057
0.766220526809663,1.660778412206167,0.8203669954198819,0.24080421778254057
0.766220526809663,1.660778412206167,0.8578498529036994,0.24080421778254057
0.766220526809663,1.660778412206167,0.8322925279465986,0.24080421778254057
0.766220526809663,1.660778412206167,0.8184383982371206,0.24080421778254057
0.766220526809663,1.660778412206167,0.8920659830177423,0.24080421778254057
0.766220526809663,1.660778412206167,0.8250075658339336,0.24080421778254057
0.766220526809663,1.660778412206167,0.7325880094326397,0.24080421778254057
0.766220526809663,1.660778412206167,0.7670687981452639,0.24080421778254057
0.766220526809663,1.660778412206167,0.8127544156937782,0.24080421778254057
0.766220526809663,1.660778412206167,0.7698972429287817,0.24080421778254057
0.766220526809663,1.660778412206167,0.787762055203244,0.24080421778254057
0.766220526809663,1.660778412206167,0.867092233235574,0.24080421778254057
0.766220526809663,1.660778412206167,0.8613168443306324,0.24080421778254057
0.766220526809663,1.660778412206167,0.7830592194970369,0.24080421778254057
0.766220526809663,1.660778412206167,0.823103044363353,0.24080421778254057
0.7855730923475861,1.660778412206167,0.8028465308965224,0.24080421778254057
0.7855730923475861,1.660778412206167,0.8296652589926584,0.24080421778254057
0.7855730923475861,1.660778412206167,0.7900923842468799,0.24080421778254057
0.7855730923475861,1.660778412206167,0.7988069758668074,0.3401396113343606
0.7855730923475861,1.660778412206167,0.821100970393911,0.3401396113343606
0.7855730923475861,1.660778412206167,0.8513562467220889,0.3502485458796526
0.7855730923475861,1.660778412206167,0.8538699846356412,0.3502485458796526
0.7855730923475861,1.660778412206167,0.8267704760635913,0.3502485458796526
0.7855730923475861,1.660778412206167,0.846210394792949,0.3502485458796526
0.7855730923475861,1.660778412206167,0.8583934486472746,0.3502485458796526
0.7855730923475861,1.660778412206167,0.8153004670888828,0.3502485458796526
0.7855730923475861,1.660778412206167,0.8427516701213833,0.3502485458796526
0.7855730923475861,1.660778412206167,0.9396877399563899,0.3502485458796526
0.7855730923475861,1.660778412206167,0.9063266582194968,0.3502485458796526
0.7855730923475861,1.660778412206167,0.8798577655927713,0.3502485458796526
0.7855730923475861,1.660778412206167,0.9019252315599183,0.3502485458796526
0.7855730923475861,1.660778412206167,0.8063142357656471,0.3502485458796526
0.7855730923475861,1.660778412206167,0.9283675251993785,0.3502485458796526
0.7855730923475861,1.660778412206167,0.8176017829428259,0.3502485458796526
0.7855730923475861,1.660778412206167,0.8385957352620954,0.3502485458796526
0.7855730923475861,1.660778412206167,0.8522296965730246,0.3502485458796526
0.7855730923475861,1.660778412206167,0.8402347680831828,0.3502485458796526
0.7616647020411624,1.660778412206167,0.8471878033077083,0.3502485458796526
0.7616647020411624,1.660778412206167,0.9518845803999635,0.3502485458796526
0.7616647020411624,1.660778412206167,0.8527721456868529,0.3502485458796526
0.7616647020411624,1.660778412206167,0.8360159673983448,0.3502485458796526
0.7616647020411624,1.660778412206167,0.8540354458391439,0.3502485458796526
0.7616647020411624,1.660778412206167,1.0360458292273922,0.3502485458796526
0.7616647020411624,1.660778412206167,0.906793914526689,0.3502485458796526
0.7616647020411624,1.660778412206167,0.8838732466335707,0.3502485458796526
0.7616647020411624,1.660778412206167,0.9581401225206877,0.3502485458796526
0.7616647020411624,1.660778412206167,0.9620960911709574,0.3502485458796526
0.7616647020411624,1.660778412206167,0.8756143706598825,0.3502485458796526
0.7616647020411624,1.660778412206167,0.9319214115997277,0.3502485458796526
0.7616647020411624,1.660778412206167,0.957442153765708,0.3502485458796526
0.7616647020411624,1.660778412206167,1.011125627286065,0.3502485458796526
0.7616647020411624,1.660778412206167,0.8768621673064614,0.3502485458796526
0.7616647020411624,1.660778412206167,0.8408010942272852,0.3502485458796526
0.7616647020411624,1.660778412206167,0.8324053366420371,0.3502485458796526
0.7616647020411624,1.6604140201151267,0.8330161256005147,0.3502485458796526
0.7616647020411624,1.6604140201151267,0.908137019560556,0.3502485458796526
0.7616647020411624,1.6604140201151267,0.8986911409789956,0.31752932404941153
0.7616647020411624,1.6604140201151267,0.9023685374756187,0.31752932404941153
0.7616647020411624,1.6604140201151267,0.880494896768302,0.31752932404941153
0.7616647020411624,1.6604140201151267,0.908560628155019,0.31752932404941153
0.7616647020411624,1.6604140201151267,0.8369991404568459,0.31752932404941153
0.7616647020411624,1.6604140201151267,0.9391044929751547,0.31752932404941153
0.7616647020411624,1.6604140201151267,0.8047044833887067,0.31752932404941153
0.7616647020411624,1.6604140201151267,0.8724791033209041,0.31752932404941153
0.7616647020411624,1.6604140201151267,0.8288575753328499,0.31752932404941153
0.7616647020411624,1.6604140201151267,0.8543712870673761,0.31752932404941153
0.7616647020411624,1.6604140201151267,0.8527602510933937,0.31752932404941153
0.7616647020411624,1.6604140201151267,0.8605571686064825,0.31752932404941153
0.7616647020411624,1.6604140201151267,0.8273564370790402,0.31752932404941153
0.7616647020411624,1.6604140201151267,0.8305425386362764,0.31752932404941153
0.7616647020411624,1.6604140201151267,0.9332196383522591,0.37228710750684574
0.7616647020411624,1.6825819752569657,0.9039057955506489,0.37228710750684574
0.7616647020411624,1.6825819752569657,0.8915888216914141,0.37228710750684574
0.7616647020411624,1.6825819752569657,0.8434938581477904,0.25460981431049323
0.7616647020411624,1.6825819752569657,0.8111741539062075,0.25460981431049323
0.7616647020411624,1.6825819752569657,0.7752073441012923,0.25460981431049323
0.7616647020411624,1.6825819752569657,0.8314530053697993,0.25460981431049323
0.7616647020411624,1.6825819752569657,0.7655106746798489,0.25460981431049323
0.7616647020411624,1.6825819752569657,0.7851908701694098,0.25460981431049323
0.7616647020411624,1.6825819752569657,0.7721903170235445,0.25460981431049323
0.7616647020411624,1.6825819752569657,0.822396022162499,0.25460981431049323
0.7616647020411624,1.6825819752569657,0.8082255304544992,0.25460981431049323
0.7616647020411624,1.6825819752569657,0.8024928081592668,0.25460981431049323
0.7616647020411624,1.6825819752569657,0.7610357733934474,0.25460981431049323
0.7616647020411624,1.6888632791776559,0.7413696803114002,0.25460981431049323
0.7616647020411624,1.6888632791776559,0.7535690003516721,0.25460981431049323
0.7616647020411624,1.6888632791776559,0.7847312506011573,0.25460981431049323
0.7616647020411624,1.6888632791776559,0.7361537759017072,0.25460981431049323
0.7354650885410566,1.6888632791776559,0.8038013713718893,0.25460981431049323
0.7354650885410566,1.6888632791776559,0.8125217802087491,0.25460981431049323
0.7354650885410566,1.6888632791776559,0.8622615396114669,0.35466741003631047
0.7354650885410566,1.6888632791776559,0.9946813999887435,0.35466741003631047
0.7354650885410566,1.6888632791776559,0.8945677399634867,0.35466741003631047
0.7354650885410566,1.6888632791776559,0.8953624981696882,0.35466741003631047
0.7354650885410566,1.6888632791776559,0.926793261025258,0.35466741003631047
0.7354650885410566,1.6888632791776559,0.8507923951526745,0.35466741003631047
0.6375315867703522,1.6888632791776559,0.9506967596152058,0.32980572103706896
0.6375315867703522,1.6888632791776559,0.9895921467705645,0.32980572103706896
0.6375315867703522,1.6888632791776559,0.9969191628931592,0.32980572103706896
0.6375315867703522,1.706121912590534,0.9410975761571233,0.32980572103706896
0.6375315867703522,1.706121912590534,0.9392278163507928,0.3008777282641137
0.6375315867703522,1.706121912590534,0.9438969053125223,0.3008777282641137
0.6375315867703522,1.706121912590534,0.9506622988200332,0.3008777282641137
0.6375315867703522,1.706121912590534,0.9093906419332686,0.20472486417145966
0.6375315867703522,1.706121912590534,0.8494998599715871,0.21588661159257264
0.6375315867703522,1.706121912590534,0.8156097222289381,0.21588661159257264
0.6375315867703522,1.706121912590534,0.8722720907594594,0.21588661159257264
0.6375315867703522,1.706121912590534,0.8696524069758197,0.21588661159257264
0.6375315867703522,1.706121912590534,0.8598249834697336,0.21588661159257264
0.6375315867703522,1.5117666448691742,0.9906248483417185,0.21588661159257264
0.682354401685773,1.5117666448691742,1.1346844879438642,0.21588661159257264
0.682354401685773,1.5117666448691742,1.11178695068621,0.21588661159257264
0.682354401685773,1.5117666448691742,1.1925774763049777,0.21588661159257264
0.682354401685773,1.5117666448691742,1.0015547112978347,0.21588661159257264
0.682354401685773,1.5117666448691742,1.103773203732964,0.21588661159257264
0.682354401685773,1.5117666448691742,0.9897862235317857,0.21588661159257264
0.682354401685773,1.5117666448691742,1.14874118723216,0.21588661159257264
0.682354401685773,1.5117666448691742,1.2479016286227436,0.21588661159257264
0.682354401685773,1.5082037590378519,1.0870260370520355,0.20002351211464015
0.682354401685773,1.5082037590378519,1.1802165092831873,0.20002351211464015
0.682354401685773,1.5082037590378519,1.0585406473422159,0.20002351211464015
0.7063108319184488,1.5082037590378519,1.0678376907332068,0.20002351211464015
0.7063108319184488,1.5082037590378519,1.1200576944827012,0.20002351211464015
0.7063108319184488,1.5082037590378519,1.137026379849001,0.20002351211464015
0.7063108319184488,1.5082037590378519,1.0552739685302033,0.20002351211464015
0.7063108319184488,1.5082037590378519,1.0983987432986457,0.1799511967419123
0.7063108319184488,1.5082037590378519,0.9786163063867134,0.1799511967419123
0.7063108319184488,1.5082037590378519,1.1094416601441457,0.1799511967419123
0.7063108319184488,1.5082037590378519,1.1942482928765503,0.1799511967419123
0.7063108319184488,1.5082037590378519,1.1049708990463352,0.1799511967419123
0.7063108319184488,1.5082037590378519,1.0709472138394018,0.21547846707957952
0.7063108319184488,1.5082037590378519,1.1643050353386697,0.21547846707957952
0.7063108319184488,1.5082037590378519,1.1561109935516705,0.21547846707957952
0.7063108319184488,1.5082037590378519,1.130144499815422,0.21547846707957952
0.7063108319184488,1.5082037590378519,1.131026118665986,0.21547846707957952
0.7063108319184488,1.5082037590378519,1.1043172691193068,0.21547846707957952
0.7063108319184488,1.5082037590378519,1.122854242930323,0.21547846707957952
0.7063108319184488,1.5082037590378519,1.107598323781392,0.21547846707957952
0.7063108319184488,1.5082037590378519,1.1489022445562127,0.21547846707957952
0.7063108319184488,1.5082037590378519,1.1169435976025426,0.21547846707957952
0.7063108319184488,1.5082037590378519,1.2205867708979565,0.21547846707957952
0.7063108319184488,1.5082037590378519,1.1271063236588144,0.21547846707957952
0.7063108319184488,1.5082037590378519,1.0705303091053047,0.21547846707957952
0.7063108319184488,1.5082037590378519,1.1062905002273942,0.21547846707957952
0.7063108319184488,1.5396495190262154,1.0733841225687535,0.22964999273762476
0.7063108319184488,1.5396495190262154,0.9504268547031118,0.22964999273762476
0.7063108319184488,1.5396495190262154,0.9972894655665814,0.22964999273762476
0.7063108319184488,1.5396495190262154,1.1891828552717822,0.22964999273762476
0.7063108319184488,1.5396495190262154,1.004560837157738,0.19660393518610977
0.7063108319184488,1.5396495190262154,0.9804758938607759,0.19660393518610977
0.6515348223496594,1.5396495190262154,1.0864935190526646,0.19660393518610977
0.6515348223496594,1.5396495190262154,1.0889996006236335,0.19660393518610977
0.6515348223496594,1.5396495190262154,1.0106551886533186,0.19660393518610977
0.7531949579020776,1.5396495190262154,1.0386811777741303,0.19660393518610977
0.7531949579020776,1.5396495190262154,0.9330362901370268,0.19660393518610977
0.7531949579020776,1.5396495190262154,0.9380108326978618,0.19660393518610977
0.7531949579020776,1.5396495190262154,0.9322977477902086,0.19660393518610977
0.7531949579020776,1.5396495190262154,0.881115841563573,0.19660393518610977
0.7531949579020776,1.5396495190262154,0.9417945504508782,0.19660393518610977
0.7531949579020776,1.5396495190262154,0.9387674350422857,0.19660393518610977
0.7531949579020776,1.5396495190262154,0.9556846473594126,0.19660393518610977
0.7531949579020776,1.5396495190262154,0.9323502962909701,0.19660393518610977
0.7531949579020776,1.5396495190262154,1.0345482449750756,0.25083359184575305
0.7531949579020776,1.5396495190262154,0.9305572251478198,0.2532973077288235
0.7531949579020776,1.5396495190262154,1.0427904885466768,0.2532973077288235
0.7531949579020776,1.5396495190262154,1.0434521234945984,0.2532973077288235
0.7531949579020776,1.5396495190262154,1.0016884755934852,0.2532973077288235
0.7531949579020776,1.5396495190262154,1.0327987089977935,0.2532973077288235
0.7531949579020776,1.5396495190262154,1.0857004027576356,0.2532973077288235
0.7531949579020776,1.5396495190262154,1.0196336747193462,0.2532973077288235
0.7531949579020776,1.5396495190262154,0.9418406112674748,0.2532973077288235
0.7531949579020776,1.5396495190262154,1.0028470172078463,0.2532973077288235
0.7531949579020776,1.5396495190262154,1.017727037821412,0.2532973077288235
0.7531949579020776,1.5396495190262154,0.9742029063026233,0.2532973077288235
0.7614579441076977,1.5396495190262154,0.975956426662916,0.2532973077288235
0.7614579441076977,1.5396495190262154,0.9844650142742022,0.2532973077288235
0.7901964816288014,1.5396495190262154,0.9583405735622689,0.2532973077288235
0.7901964816288014,1.5396495190262154,0.9196817677589736,0.2532973077288235
0.7901964816288014,1.5396495190262154,1.032872402914152,0.2532973077288235
0.7901964816288014,1.5396495190262154,0.9808535372437002,0.2532973077288235
0.7901964816288014,1.5396495190262154,0.920925962264649,0.2532973077288235
0.7901964816288014,1.5396495190262154,1.0899059203906316,0.2532973077288235
0.7901964816288014,1.5396495190262154,1.0164353271627533,0.2532973077288235
0.7901964816288014,1.5396495190262154,0.9871138795618764,0.2532973077288235
0.7901964816288014,1.5396495190262154,1.14706208228848,0.2532973077288235
0.7901964816288014,1.5396495190262154,0.9684089754023559,0.2532973077288235
0.7901964816288014,1.5396495190262154,0.9049279788448995,0.2532973077288235
0.7901964816288014,1.5396495190262154,0.9988314568514667,0.2532973077288235
0.7901964816288014,1.5396495190262154,0.9563646266564472,0.2532973077288235
0.7901964816288014,1.5396495190262154,0.9259888374442233,0.2532973077288235
0.7901964816288014,1.5396495190262154,0.9683086759627717,0.2532973077288235
0.7901964816288014,1.5396495190262154,0.9371795878709132,0.2532973077288235
0.7901964816288014,1.5396495190262154,1.0246187580798631,0.2532973077288235
0.7901964816288014,1.5396495190262154,0.9667837584129082,0.2532973077288235
0.7901964816288014,1.5396495190262154,1.0721209577864164,0.2532973077288235
0.7901964816288014,1.5396495190262154,1.089751671931432,0.2532973077288235
0.7901964816288014,1.5396495190262154,1.0288491619698128,0.2532973077288235
0.7901964816288014,1.5396495190262154,0.9815510419272517,0.2532973077288235
0.7901964816288014,1.5396495190262154,1.0034235550812662,0.2532973077288235
0.7901964816288014,1.5396495190262154,0.9929162695538941,0.2532973077288235
0.7901964816288014,1.5396495190262154,1.092862590538228,0.2532973077288235
0.7901964816288014,1.5396495190262154,0.9636182945368609,0.2532973077288235
0.7901964816288014,1.5396495190262154,0.9801998802145482,0.2532973077288235
0.7901964816288014,1.5396495190262154,0.9936645573020926,0.2532973077288235
0.7901964816288014,1.5396495190262154,1.1303752293696179,0.2532973077288235
0.7901964816288014,1.5396495190262154,0.9233638834786755,0.2532973077288235
0.7901964816288014,1.5396495190262154,1.0213314542823044,0.2532973077288235
0.7901964816288014,1.5396495190262154,1.0246101953194289,0.2532973077288235
0.7901964816288014,1.5396495190262154,0.9898397989121628,0.2532973077288235
0.7901964816288014,1.5396495190262154,0.8978260418769642,0.2532973077288235
0.7901964816288014,1.5396495190262154,0.9961287106480499,0.2532973077288235
0.7901964816288014,1.5396495190262154,0.8939418250753093,0.2532973077288235
0.7901964816288014,1.5396495190262154,0.9316636867859255,0.2532973077288235
0.7901964816288014,1.5396495190262154,0.9096423012379449,0.2532973077288235
0.7901964816288014,1.5396495190262154,1.085214855132873,0.2532973077288235
0.7901964816288014,1.5396495190262154,1.004612848928637,0.2532973077288235
0.7901964816288014,1.5396495190262154,0.9614356662148023,0.2532973077288235
0.7901964816288014,1.5396495190262154,0.9149108471031816,0.2532973077288235
0.7901964816288014,1.5396495190262154,1.0490945070666962,0.2532973077288235
0.7901964816288014,1.5396495190262154,0.9130081711343726,0.2532973077288235
0.7901964816288014,1.5396495190262154,0.9941860813909874,0.2532973077288235
0.7901964816288014,1.5396495190262154,0.8374488056136816,0.2532973077288235
0.7901964816288014,1.5396495190262154,0.852095385593727,0.2532973077288235
0.7901964816288014,1.5396495190262154,1.0514293339749967,0.2532973077288235
0.7901964816288014,1.5396495190262154,0.9303509312621816,0.2532973077288235
0.7901964816288014,1.5396495190262154,0.9989711915228675,0.2532973077288235
0.7901964816288014,1.5396495190262154,0.9719040067535862,0.2532973077288235
0.7901964816288014,1.5778130029569148,0.9398319883107749,0.25664623355697963
0.7901964816288014,1.5778130029569148,0.8766075171384289,0.25664623355697963
0.7901964816288014,1.5983931550884993,0.9048123900111408,0.25664623355697963
0.7901964816288014,1.5983931550884993,0.8994558621188504,0.25664623355697963
0.7901964816288014,1.5983931550884993,0.9013150764690532,0.25664623355697963
0.7901964816288014,1.5983931550884993,0.8419077675215781,0.25664623355697963
0.7901964816288014,1.5983931550884993,0.95311557288735,0.25664623355697963
0.7901964816288014,1.5983931550884993,0.9081930660419653,0.25664623355697963
0.7901964816288014,1.5983931550884993,0.844074407733296,0.25664623355697963
0.7901964816288014,1.5983931550884993,0.9084367584095752,0.25664623355697963
0.7901964816288014,1.5983931550884993,0.9052160977889186,0.25664623355697963
0.7901964816288014,1.5983931550884993,0.9022659391849402,0.25664623355697963
0.7901964816288014,1.5983931550884993,0.8630125524993608,0.25664623355697963
0.7901964816288014,1.5983931550884993,0.9483884012460716,0.2553806709475461
0.7901964816288014,1.5983931550884993,0.8850305641474698,0.2553806709475461
0.7901964816288014,1.5983931550884993,0.8948559926582099,0.2553806709475461
0.7901964816288014,1.5983931550884993,0.850444026759079,0.2553806709475461
0.7901964816288014,1.5983931550884993,0.8933085995767738,0.2553806709475461
0.7901964816288014,1.5983931550884993,0.8570717405492124,0.2553806709475461
0.7901964816288014,1.5983931550884993,0.8986145582545209,0.2553806709475461
0.7901964816288014,1.5983931550884993,0.9778421268814624,0.2553806709475461
0.7901964816288014,1.5983931550884993,0.8714017730032835,0.2553806709475461
0.7901964816288014,1.5983931550884993,0.9187134590872061,0.2553806709475461
0.7901964816288014,1.5762912071832547,0.9093499488369701,0.2553806709475461
0.7901964816288014,1.5762912071832547,0.9760519956138508,0.2553806709475461
0.7901964816288014,1.5762912071832547,1.0110974798611405,0.2553806709475461
0.7901964816288014,1.5762912071832547,0.9086782969303727,0.2553806709475461
0.7901964816288014,1.5762912071832547,0.975214210131665,0.2553806709475461
0.7901964816288014,1.5762912071832547,0.9471213544387729,0.2553806709475461
0.7901964816288014,1.5762912071832547,0.906109923193303,0.2588104902254748
0.7901964816288014,1.5762912071832547,0.990418898104551,0.2588104902254748
0.7901964816288014,1.5762912071832547,0.8979526102609968,0.2588104902254748
0.7901964816288014,1.5762912071832547,0.9264531555646052,0.2588104902254748
0.7901964816288014,1.493894152047408,1.0249661482855266,0.2588104902254748
0.7901964816288014,1.493894152047408,1.1124924970913923,0.2588104902254748
0.7901964816288014,1.493894152047408,0.9985248883563993,0.2588104902254748
0.7901964816288014,1.5478781063925025,1.0373609783794844,0.2588104902254748
0.7901964816288014,1.5478781063925025,1.0405992151097239,0.20103694313421638
0.7901964816288014,1.5478781063925025,0.926672361943645,0.20103694313421638
0.7901964816288014,1.5478781063925025,0.9458661890634223,0.20103694313421638
0.7901964816288014,1.5478781063925025,0.8981316676320661,0.20103694313421638
0.7901964816288014,1.5478781063925025,0.9374011986744984,0.20103694313421638
0.7901964816288014,1.5478781063925025,0.9562528240496544,0.20103694313421638
0.7901964816288014,1.5478781063925025,0.8719687078759438,0.20103694313421638
0.7901964816288014,1.5478781063925025,0.9156101741012431,0.20103694313421638
0.7901964816288014,1.5478781063925025,0.9229746643553536,0.20103694313421638
0.7901964816288014,1.5478781063925025,0.9386394406682562,0.20103694313421638
0.7901964816288014,1.5478781063925025,0.9302094947851072,0.20103694313421638
0.7901964816288014,1.5478781063925025,0.8293891510739216,0.20103694313421638
0.7901964816288014,1.5478781063925025,0.9265789334628403,0.20103694313421638
0.7901964816288014,1.5478781063925025,0.8336801523306636,0.18494562789203556
0.7901964816288014,1.5478781063925025,0.8761798600858554,0.18494562789203556
0.7901964816288014,1.5478781063925025,0.8477765538449461,0.18494562789203556
0.7901964816288014,1.5478781063925025,0.8999692011030713,0.18494562789203556
0.7901964816288014,1.5478781063925025,0.8767975774445612,0.18494562789203556
0.7901964816288014,1.5478781063925025,1.028192122236298,0.18494562789203556
0.7901964816288014,1.5207266503219614,0.9478508776338366,0.18494562789203556
0.7901964816288014,1.5207266503219614,0.9289365123886236,0.18494562789203556
0.7901964816288014,1.5207266503219614,0.992553057041236,0.18494562789203556
0.7901964816288014,1.5207266503219614,0.938052604222667,0.2432649816499371
0.7901964816288014,1.5207266503219614,0.9776798281629754,0.2432649816499371
0.7901964816288014,1.5207266503219614,1.045009851786122,0.2432649816499371
0.7901964816288014,1.5207266503219614,1.112346102301844,0.28247136582723104
0.7901964816288014,1.5207266503219614,1.0798286267388304,0.28247136582723104
0.7901964816288014,1.5207266503219614,1.0547006571607063,0.28247136582723104
0.7901964816288014,1.5207266503219614,1.1676596572525941,0.28247136582723104
0.7901964816288014,1.5207266503219614,0.9698953554407038,0.28247136582723104
0.7901964816288014,1.5207266503219614,1.0532056982957296,0.2807848534218213
0.7901964816288014,1.5207266503219614,1.0428530875482676,0.2807848534218213
0.7901964816288014,1.5207266503219614,1.102794653443545,0.2807848534218213
0.7901964816288014,1.5207266503219614,1.0087172140505116,0.2807848534218213
0.7901964816288014,1.5207266503219614,1.0305787091968517,0.2807848534218213
0.7901964816288014,1.5207266503219614,0.9440522945718588,0.2807848534218213
0.7901964816288014,1.5207266503219614,1.0980371558846773,0.2807848534218213
0.7901964816288014,1.5207266503219614,1.0346003688864986,0.2807848534218213
0.7901964816288014,1.5207266503219614,1.0009309596067086,0.2807848534218213
0.7901964816288014,1.570282246994675,0.998208897765052,0.2807848534218213
0.7901964816288014,1.570282246994675,0.9795437189615018,0.2807848534218213
0.7805262892684784,1.570282246994675,0.9420956805022508,0.2807848534218213
0.7570355532773291,1.570282246994675,0.9663141315662029,0.2807848534218213
0.7570355532773291,1.570282246994675,0.9877350294088926,0.2807848534218213
0.7570355532773291,1.570282246994675,0.9761836498140318,0.2807848534218213
0.7570355532773291,1.570282246994675,0.9113860838383326,0.2807848534218213
0.7570355532773291,1.570282246994675,1.0916480920613498,0.2807848534218213
0.7570355532773291,1.570282246994675,0.9573052062951478,0.2807848534218213
0.7570355532773291,1.570282246994675,1.019373638120055,0.2807848534218213
0.7570355532773291,1.570282246994675,0.9330858504109432,0.2807848534218213
0.7570355532773291,1.570282246994675,1.0044767923925564,0.2807848534218213
0.7570355532773291,1.570282246994675,0.9546849359768007,0.2807848534218213
0.7570355532773291,1.570282246994675,0.9497785825282832,0.18494485820962753
0.7570355532773291,1.570282246994675,0.9096596701044669,0.18494485820962753
0.7570355532773291,1.570282246994675,0.951321331638006,0.18494485820962753
0.7570355532773291,1.570282246994675,0.9076352667093871,0.260937005245179
0.7570355532773291,1.570282246994675,1.0585966037538692,0.260937005245179
0.7570355532773291,1.570282246994675,0.9481977908254547,0.260937005245179
0.7570355532773291,1.570282246994675,1.0011328500656125,0.260937005245179
0.7570355532773291,1.570282246994675,0.9826849201518061,0.260937005245179
0.8484574223431594,1.570282246994675,0.8649525022363553,0.28594478573551785
0.8484574223431594,1.570282246994675,0.9251770549785707,0.28594478573551785
0.8484574223431594,1.570282246994675,0.9588459010139322,0.28594478573551785
0.8484574223431594,1.570282246994675,0.9025247120742838,0.28594478573551785
0.8484574223431594,1.570282246994675,0.8256199194142645,0.28594478573551785
0.8484574223431594,1.6303193546689025,0.829988283961484,0.28594478573551785
0.8484574223431594,1.6303193546689025,0.8538996819773512,0.28594478573551785
0.8484574223431594,1.6303193546689025,0.8035783678347815,0.28594478573551785
0.8484574223431594,1.6303193546689025,0.8128703234668212,0.28594478573551785
0.8484574223431594,1.6303193546689025,0.6895504250400467,0.28594478573551785
0.8484574223431594,1.6303193546689025,0.7916391953127362,0.28594478573551785
0.8484574223431594,1.6303193546689025,0.8217316074441992,0.28594478573551785
0.8484574223431594,1.6303193546689025,0.8623869409751921,0.28594478573551785
0.8484574223431594,1.6303193546689025,0.8195148584491196,0.28594478573551785
0.8484574223431594,1.6078962343908985,0.7742830656349348,0.28594478573551785
0.8484574223431594,1.6078962343908985,0.9152964968599216,0.28594478573551785
0.8484574223431594,1.6078962343908985,0.860739847060375,0.28594478573551785
0.8484574223431594,1.6078962343908985,0.82270974604292,0.28594478573551785
0.8484574223431594,1.6078962343908985,0.7981266261567772,0.28594478573551785
0.8484574223431594,1.6078962343908985,0.800752278387448,0.28594478573551785
0.8484574223431594,1.6078962343908985,0.8068866223191266,0.28594478573551785
0.8484574223431594,1.6078962343908985,0.8584280598081601,0.28594478573551785
0.8484574223431594,1.6078962343908985,0.8240623642429252,0.28594478573551785
0.8484574223431594,1.6078962343908985,0.8222225812051428,0.28594478573551785
0.8484574223431594,1.6078962343908985,0.777891652489957,0.28594478573551785
0.8484574223431594,1.6078962343908985,0.8195484893589388,0.28594478573551785
0.8484574223431594,1.6078962343908985,0.7987691222599911,0.28594478573551785
0.8484574223431594,1.6078962343908985,0.7993697155947949,0.28594478573551785
0.8484574223431594,1.6078962343908985,0.8637649566489657,0.28594478573551785
0.8484574223431594,1.6078962343908985,0.7763021513439021,0.28594478573551785
0.8484574223431594,1.5873177609423998,0.8677058746548466,0.28594478573551785
0.8484574223431594,1.5873177609423998,0.8801327716256921,0.28594478573551785
0.8484574223431594,1.5873177609423998,0.9278700675217998,0.28594478573551785
0.8484574223431594,1.5873177609423998,0.8339434756550284,0.28594478573551785
0.8484574223431594,1.5873177609423998,0.8457185035460716,0.28594478573551785
0.8484574223431594,1.5873177609423998,0.8903023398137967,0.28594478573551785
0.8484574223431594,1.5873177609423998,0.882370534474011,0.28594478573551785
0.8484574223431594,1.5873177609423998,0.8569847215032572,0.28594478573551785
0.8484574223431594,1.5873177609423998,0.8851205296800999,0.28594478573551785
0.8484574223431594,1.5873177609423998,0.8866116102769398,0.28594478573551785
0.8484574223431594,1.5873177609423998,0.811784019377773,0.28594478573551785
0.8484574223431594,1.5873177609423998,0.8708553406796504,0.28594478573551785
0.8484574223431594,1.5873177609423998,0.8070955514107122,0.28594478573551785
0.8484574223431594,1.5873177609423998,0.9096305951061701,0.28594478573551785
0.8484574223431594,1.5873177609423998,0.8706835836317091,0.2577904154421533
0.8484574223431594,1.5873177609423998,0.7882100402160526,0.2577904154421533
0.8484574223431594,1.624387030369496,0.7669751383115561,0.2577904154421533
0.8484574223431594,1.624387030369496,0.7499866203645793,0.2577904154421533
0.8484574223431594,1.624387030369496,0.764932168673713,0.2577904154421533
0.8484574223431594,1.624387030369496,0.7526594345575015,0.2577904154421533
0.8484574223431594,1.624387030369496,0.8983986197696036,0.2577904154421533
0.8484574223431594,1.624387030369496,0.8424338278748009,0.2577904154421533
0.8484574223431594,1.624387030369496,0.7686869900815582,0.2577904154421533
0.8484574223431594,1.624387030369496,0.7677844712949508,0.2577904154421533
0.8484574223431594,1.624387030369496,0.8192278471881685,0.2577904154421533
0.8484574223431594,1.624387030369496,0.7906485695981563,0.2577904154421533
0.8399700444530681,1.624387030369496,0.7168258940170424,0.2577904154421533
0.8399700444530681,1.624387030369496,0.7961414192687425,0.2577904154421533
0.8399700444530681,1.624387030369496,0.8431201681000636,0.2577904154421533
0.8399700444530681,1.624387030369496,0.8183363641146003,0.2577904154421533
0.8399700444530681,1.624387030369496,0.8449818835656805,0.2577904154421533
0.8399700444530681,1.624387030369496,0.7599592200438076,0.2577904154421533
0.8399700444530681,1.624387030369496,0.7393548099404927,0.2577904154421533
0.8399700444530681,1.624387030369496,0.7832177398629357,0.2577904154421533
0.8399700444530681,1.624387030369496,0.8275209643187463,0.2577904154421533
0.8399700444530681,1.624387030369496,0.778877897486759,0.2577904154421533
0.8399700444530681,1.624387030369496,0.7901221751627451,0.2577904154421533
0.8399700444530681,1.624387030369496,0.7767367097800095,0.2577904154421533
0.8399700444530681,1.624387030369496,0.8808238705306545,0.2577904154421533
0.8399700444530681,1.624387030369496,0.7674104078972521,0.2577904154421533
0.8399700444530681,1.624387030369496,0.8079124880150715,0.2577904154421533
0.8399700444530681,1.624387030369496,0.8014596425559012,0.2577904154421533
0.8399700444530681,1.624387030369496,0.7859331798167293,0.2577904154421533
0.8399700444530681,1.624387030369496,0.7604455502134714,0.2577904154421533
0.8399700444530681,1.624387030369496,0.8215352917456233,0.2577904154421533
0.8399700444530681,1.624387030369496,0.7823840868103391,0.2577904154421533
0.8399700444530681,1.624387030369496,0.7790113866429553,0.2577904154421533
0.8399700444530681,1.624387030369496,0.8079923873015936,0.2577904154421533
0.8399700444530681,1.624387030369496,0.7560226072082159,0.2577904154421533
0.8399700444530681,1.624387030369496,0.8227958367157251,0.2577904154421533
0.8399700444530681,1.624387030369496,0.7606733884089466,0.2577904154421533
0.8399700444530681,1.624387030369496,0.8412513209958976,0.2577904154421533
0.8399700444530681,1.624387030369496,0.7473927582165656,0.2577904154421533
0.8399700444530681,1.624387030369496,0.7763831585930638,0.2577904154421533
0.8399700444530681,1.624387030369496,0.7742270030309207,0.2577904154421533
0.8399700444530681,1.624387030369496,0.7637334596708321,0.2577904154421533
0.8399700444530681,1.624387030369496,0.7151279662203986,0.2577904154421533
0.8399700444530681,1.624387030369496,0.8414204822822997,0.2577904154421533
0.8399700444530681,1.624387030369496,0.7965830060364951,0.2577904154421533
0.8399700444530681,1.624387030369496,0.8268990024537498,0.2577904154421533
0.8399700444530681,1.624387030369496,0.8126553876991651,0.2577904154421533
0.8399700444530681,1.624387030369496,0.7865291626158888,0.2577904154421533
0.8399700444530681,1.624387030369496,0.7817944144523996,0.2577904154421533
0.8399700444530681,1.624387030369496,0.809713989958456,0.2577904154421533
0.8399700444530681,1.624387030369496,0.7761008808062033,0.2577904154421533
0.8399700444530681,1.624387030369496,0.8460148771675661,0.2577904154421533
0.8399700444530681,1.624387030369496,0.7646383045665787,0.2577904154421533
0.8399700444530681,1.624387030369496,0.7937205944071499,0.2577904154421533
0.8399700444530681,1.624387030369496,0.7261240424736685,0.2577904154421533
0.8399700444530681,1.624387030369496,0.8143884721102078,0.2577904154421533
0.8399700444530681,1.624387030369496,0.7851411346712076,0.2577904154421533
0.8399700444530681,1.624387030369496,0.8020428438871289,0.27755273243774814
0.8399700444530681,1.624387030369496,0.8434977410640377,0.27755273243774814
0.8399700444530681,1.624387030369496,0.7919407070748485,0.27755273243774814
0.8399700444530681,1.624387030369496,0.776303721430388,0.27755273243774814
0.8399700444530681,1.624387030369496,0.789625515224856,0.27755273243774814
0.8399700444530681,1.624387030369496,0.7199058192808687,0.27755273243774814
0.8399700444530681,1.624387030369496,0.7810658002774346,0.27755273243774814
0.8399700444530681,1.624387030369496,0.8160504257052242,0.27755273243774814
0.8399700444530681,1.624387030369496,0.7355953159142476,0.2875707851580476
0.8399700444530681,1.624387030369496,0.8423056685875717,0.2875707851580476
0.8399700444530681,1.624387030369496,0.8222958995784855,0.2875707851580476
0.8399700444530681,1.624387030369496,0.7870307109808363,0.2875707851580476
0.8399700444530681,1.624387030369496,0.7784548303658657,0.2902911581034222
0.8399700444530681,1.624387030369496,0.8655789284116607,0.2902911581034222
0.800820783891638,1.624387030369496,0.8298421426424616,0.2902911581034222
0.800820783891638,1.624387030369496,0.8787945746443757,0.2902911581034222
0.800820783891638,1.624387030369496,0.888503393231063,0.2902911581034222
0.800820783891638,1.624387030369496,0.8224133000249606,0.2902911581034222
0.800820783891638,1.624387030369496,0.8792780618153196,0.2902911581034222
0.800820783891638,1.624387030369496,0.9609226464364412,0.2902911581034222
0.800820783891638,1.624387030369496,0.8263616366418516,0.2902911581034222
0.800820783891638,1.624387030369496,0.8268081749609085,0.2902911581034222
0.800820783891638,1.624387030369496,0.9107726316896456,0.2902911581034222
0.800820783891638,1.624387030369496,0.898190017893803,0.2902911581034222
0.800820783891638,1.624387030369496,0.8891841202810481,0.2902911581034222
0.800820783891638,1.624387030369496,0.850796992215844,0.2902911581034222
0.800820783891638,1.624387030369496,0.8436247995105319,0.2902911581034222
0.800820783891638,1.624387030369496,0.7785262770594603,0.2263705842539948
0.800820783891638,1.624387030369496,0.8205547884094474,0.2263705842539948
0.800820783891638,1.624387030369496,0.8156813092717919,0.2263705842539948
0.646780013605295,1.624387030369496,0.892176732082592,0.2263705842539948
0.646780013605295,1.624387030369496,1.014911087475289,0.2263705842539948
0.646780013605295,1.624387030369496,0.9796899280060689,0.2263705842539948
0.646780013605295,1.624387030369496,0.9365636014537579,0.2263705842539948
0.646780013605295,1.624387030369496,0.9724807598966814,0.2263705842539948
0.646780013605295,1.624387030369496,1.049837024667601,0.2263705842539948
0.646780013605295,1.624387030369496,1.014507444470875,0.2263705842539948
0.646780013605295,1.624387030369496,0.9965431221504776,0.2263705842539948
0.646780013605295,1.624387030369496,0.9481695036141159,0.2263705842539948
0.646780013605295,1.624387030369496,0.9880098170435355,0.2263705842539948
0.646780013605295,1.624387030369496,0.943124744164953,0.2263705842539948
0.646780013605295,1.624387030369496,0.9772600364685944,0.2263705842539948
0.646780013605295,1.624387030369496,1.0423442487016505,0.2263705842539948
0.646780013605295,1.624387030369496,1.0798148703337942,0.2263705842539948
0.719139109343962,1.625307548997233,0.9545142069156847,0.2263705842539948
0.7284588015450725,1.625307548997233,0.8876405487160953,0.2263705842539948
0.7284588015450725,1.625307548997233,0.9470280483963625,0.2263705842539948
0.7284588015450725,1.625307548997233,0.8336133731726424,0.2263705842539948
0.7284588015450725,1.625307548997233,0.956330687275866,0.2174037706090908
0.7284588015450725,1.5610418759643618,0.8688848841973871,0.2174037706090908
0.7284588015450725,1.5610418759643618,0.9462447309031183,0.2174037706090908
0.739608311146178,1.5610418759643618,1.0453766222691725,0.2174037706090908
0.739608311146178,1.5610418759643618,0.9765850242015479,0.22308617189186056
0.739608311146178,1.5610418759643618,0.9627044583330849,0.22308617189186056
0.739608311146178,1.5610418759643618,1.0845589754633893,0.22308617189186056
0.739608311146178,1.5610418759643618,0.9833268555812498,0.22308617189186056
0.739608311146178,1.5610418759643618,0.8866750028389522,0.22308617189186056
0.739608311146178,1.6173080839989695,0.9294961868738176,0.22308617189186056
0.739608311146178,1.6173080839989695,0.8692965045838841,0.22308617189186056
0.739608311146178,1.6173080839989695,0.8301583934944444,0.22308617189186056
0.739608311146178,1.6173080839989695,0.8801056497328822,0.22308617189186056
0.739608311146178,1.6173080839989695,0.8929830502559103,0.22308617189186056
0.739608311146178,1.6173080839989695,0.8686609781711226,0.22308617189186056
0.739608311146178,1.6398353563237291,0.8641416846386205,0.2800853075541485
0.739608311146178,1.6398353563237291,0.8485928340147519,0.2800853075541485
0.739608311146178,1.5945956770196055,0.9169880032965277,0.2800853075541485
0.739608311146178,1.5945956770196055,0.9240209942769665,0.2800853075541485
0.739608311146178,1.560553927333666,1.0057732114716602,0.2800853075541485
0.7514226550822494,1.560553927333666,0.9320474813631181,0.2800853075541485
0.7514226550822494,1.560553927333666,1.003235843174781,0.2800853075541485
0.7514226550822494,1.560553927333666,0.9747730093551502,0.2800853075541485
0.7514226550822494,1.560553927333666,0.9618094189092511,0.2800853075541485
0.7514226550822494,1.560553927333666,1.0822698847217065,0.2800853075541485
0.7514226550822494,1.560553927333666,0.9979707441261031,0.2800853075541485
0.705788715637177,1.560553927333666,1.063623961147745,0.2800853075541485
0.705788715637177,1.560553927333666,1.1032209188077646,0.2800853075541485
0.705788715637177,1.560553927333666,1.095593956267908,0.2800853075541485
0.705788715637177,1.560553927333666,1.0593146355009637,0.2800853075541485
0.705788715637177,1.560553927333666,1.0568955597027558,0.2800853075541485
0.705788715637177,1.560553927333666,1.1280572745301412,0.2800853075541485
0.705788715637177,1.560553927333666,0.9857314704950348,0.2800853075541485
0.705788715637177,1.560553927333666,1.0502838180761558,0.2800853075541485
0.705788715637177,1.560553927333666,1.0562000456927767,0.2800853075541485
0.705788715637177,1.560553927333666,1.0449250219462827,0.2800853075541485
0.705788715637177,1.560553927333666,1.1654609167533043,0.2800853075541485
0.705788715637177,1.560553927333666,1.0919896761207784,0.2800853075541485
0.705788715637177,1.560553927333666,1.124925639746592,0.2800853075541485
0.705788715637177,1.560553927333666,0.9975435066334398,0.2800853075541485
0.705788715637177,1.5594999011387762,1.0282555344886628,0.2800853075541485
0.705788715637177,1.5594999011387762,1.1024947256781128,0.19802412747415726
0.705788715637177,1.5594999011387762,0.9846255424201822,0.19802412747415726
0.705788715637177,1.5594999011387762,1.033704413057744,0.19802412747415726
0.705788715637177,1.500808811253717,1.1258585871945164,0.19802412747415726
0.705788715637177,1.500808811253717,1.1240449214931247,0.19802412747415726
0.705788715637177,1.500808811253717,1.0686683367348835,0.19802412747415726
0.705788715637177,1.500808811253717,1.0601144673769514,0.19802412747415726
0.705788715637177,1.500808811253717,1.1154062503705195,0.19802412747415726
0.705788715637177,1.500808811253717,1.066094627103363,0.19802412747415726
0.705788715637177,1.500808811253717,1.0716066391882555,0.19802412747415726
0.7490931762040056,1.500808811253717,1.1566314035232907,0.19802412747415726
0.7490931762040056,1.500808811253717,0.9389748949784926,0.19802412747415726
0.7490931762040056,1.500808811253717,1.0396660556816313,0.19802412747415726
0.7490931762040056,1.500808811253717,1.0700111788258428,0.19802412747415726
0.7490931762040056,1.500808811253717,1.1038610841054646,0.19802412747415726
0.7490931762040056,1.500808811253717,1.00312072689521,0.19802412747415726
0.7490931762040056,1.500808811253717,1.0890221916595533,0.19802412747415726
0.7490931762040056,1.500808811253717,0.9816112164521943,0.19802412747415726
0.7490931762040056,1.500808811253717,1.0519997267444372,0.1938857913833094
0.7490931762040056,1.500808811253717,0.9791581469173102,0.1938857913833094
0.7490931762040056,1.500808811253717,1.0572411597788192,0.17723016226084465
0.7490931762040056,1.500808811253717,1.055601551511606,0.17723016226084465
0.7490931762040056,1.447653111885372,1.0970308523492003,0.17723016226084465
0.7490931762040056,1.447653111885372,1.0875333018057127,0.17723016226084465
0.7490931762040056,1.447653111885372,1.1352051084525363,0.17723016226084465
0.7490931762040056,1.447653111885372,1.178022726877386,0.17723016226084465
0.7490931762040056,1.447653111885372,1.0999703908940792,0.17723016226084465
0.7490931762040056,1.447653111885372,1.299977037367191,0.17723016226084465
0.7490931762040056,1.447653111885372,1.2085994333834893,0.17723016226084465
0.7490931762040056,1.447653111885372,1.0836897278616457,0.17723016226084465
0.7490931762040056,1.447653111885372,0.9419656217858747,0.17723016226084465
0.7490931762040056,1.447653111885372,1.0961042751636898,0.17723016226084465
0.7948391861147329,1.447653111885372,1.126544219228239,0.17723016226084465
0.7948391861147329,1.447653111885372,1.003835396671525,0.17723016226084465
0.7948391861147329,1.447653111885372,1.0354686206651187,0.22315834759087202
0.7948391861147329,1.447653111885372,0.9706908591764192,0.22315834759087202
0.7948391861147329,1.447653111885372,1.0910222266349403,0.22315834759087202
0.7948391861147329,1.447653111885372,1.148723908861539,0.22315834759087202
0.7948391861147329,1.447653111885372,1.022162128394033,0.22315834759087202
0.7948391861147329,1.447653111885372,1.07460391294178,0.22315834759087202
0.7948391861147329,1.447653111885372,1.1793819920348838,0.23452192177002057
0.7948391861147329,1.447653111885372,1.0359536077247806,0.23452192177002057
0.7948391861147329,1.447653111885372,1.1166094450240724,0.23452192177002057
0.7948391861147329,1.447653111885372,1.0133772868028033,0.23452192177002057
0.7948391861147329,1.447653111885372,1.189991720048512,0.1801251168845106
0.7948391861147329,1.447653111885372,1.0178788409796673,0.1801251168845106
0.7948391861147329,1.447653111885372,1.0805227903306267,0.1801251168845106
0.7948391861147329,1.447653111885372,1.1761903596257681,0.1801251168845106
0.7948391861147329,1.447653111885372,1.0535663290175983,0.1801251168845106
0.7948391861147329,1.447653111885372,1.0885742644189798,0.1801251168845106
0.7948391861147329,1.447653111885372,0.9686021887858792,0.1801251168845106
0.7948391861147329,1.447653111885372,1.0563850072292478,0.1801251168845106
0.7948391861147329,1.447653111885372,1.0391037677441441,0.1801251168845106
0.7948391861147329,1.447653111885372,0.9387166420025972,0.1801251168845106
0.7948391861147329,1.447653111885372,1.0131739950709897,0.1801251168845106
0.7948391861147329,1.416114312813654,1.0837353624489554,0.1801251168845106
0.7738064298918633,1.416114312813654,1.0461671763050748,0.1801251168845106
0.7738064298918633,1.416114312813654,1.1424621923650549,0.1801251168845106
0.7738064298918633,1.3901361112040154,1.2324843374752106,0.1801251168845106
0.7738064298918633,1.3931138918008272,1.2124932023487112,0.1801251168845106
0.7738064298918633,1.3931138918008272,1.1666516064635308,0.1801251168845106
0.7738064298918633,1.3931138918008272,1.1584390520866807,0.1801251168845106
0.7738064298918633,1.3931138918008272,1.3098819079525406,0.1801251168845106
0.7738064298918633,1.3931138918008272,1.0618859839621826,0.15541064388942552
0.7738064298918633,1.3931138918008272,1.1659746501593402,0.15541064388942552
0.7738064298918633,1.4359398055987243,1.181527126269731,0.15541064388942552
0.7738064298918633,1.4359398055987243,1.185153734448591,0.15541064388942552
0.7738064298918633,1.4359398055987243,1.0775868737478642,0.15541064388942552
0.7738064298918633,1.4359398055987243,1.0957490844924898,0.15541064388942552
0.7738064298918633,1.4359398055987243,1.0209564158976003,0.15541064388942552
0.7738064298918633,1.5337756532199858,0.936290240041254,0.15541064388942552
0.7738064298918633,1.5337756532199858,0.8755680759599519,0.15541064388942552
0.7738064298918633,1.5337756532199858,0.9079364931122711,0.15541064388942552
0.7738064298918633,1.5337756532199858,0.8907325012123033,0.15541064388942552
0.7738064298918633,1.5337756532199858,1.0128218145830312,0.15541064388942552
0.7738064298918633,1.5337756532199858,0.9619881324333563,0.15541064388942552
0.7738064298918633,1.5337756532199858,0.9785251159014056,0.15541064388942552
0.7738064298918633,1.4474633680090514,0.9475535006203276,0.15541064388942552
0.7738064298918633,1.4474633680090514,1.0694181382251975,0.15541064388942552
0.7738064298918633,1.4474633680090514,1.1305217667646668,0.15541064388942552
0.7738064298918633,1.4474633680090514,1.023066133500786,0.15541064388942552
0.7738064298918633,1.4474633680090514,1.0526318697873867,0.21336487109262733
0.7738064298918633,1.4474633680090514,1.0978947049514425,0.20867985768458025
0.7738064298918633,1.4474633680090514,1.0814224176637697,0.20867985768458025
0.7738064298918633,1.4474633680090514,1.2495841306628401,0.20867985768458025
0.9201936363257881,1.4474633680090514,1.024619651798429,0.20867985768458025
0.9201936363257881,1.4474633680090514,0.9809980582741765,0.18852458214174744
0.9201936363257881,1.4474633680090514,0.9723093094857144,0.18852458214174744
0.9201936363257881,1.4474633680090514,1.0143028775735097,0.18852458214174744
0.77842973531756,1.4474633680090514,1.0099961288472696,0.18852458214174744
0.77842973531756,1.4474633680090514,1.1636540400643376,0.18852458214174744
0.7583745456797883,1.4474633680090514,0.9598814513209966,0.18852458214174744
0.7583745456797883,1.4474633680090514,1.1227380111911902,0.18852458214174744
0.7583745456797883,1.4474633680090514,1.023571227498818,0.18852458214174744
0.7583745456797883,1.4474633680090514,1.1592440992300759,0.18852458214174744
0.7583745456797883,1.4474633680090514,1.1033699277726223,0.18852458214174744
0.7583745456797883,1.4474633680090514,1.2070913509338295,0.18852458214174744
0.7583745456797883,1.4474633680090514,1.081201280061502,0.18852458214174744
0.7583745456797883,1.4474633680090514,1.0444990899662834,0.18852458214174744
0.7583745456797883,1.4474633680090514,1.084274880184209,0.18852458214174744
0.7583745456797883,1.4474633680090514,1.145734737282833,0.18852458214174744
0.7583745456797883,1.4474633680090514,1.2597818417663937,0.18852458214174744
0.7583745456797883,1.4474633680090514,1.2386998544056964,0.20160910588592484
0.7583745456797883,1.4474633680090514,1.1858792340567286,0.18610292872620396
0.7583745456797883,1.4474633680090514,1.016513907174355,0.18610292872620396
0.7583745456797883,1.4474633680090514,1.2084287355035899,0.18610292872620396
0.7914915657669344,1.4474633680090514,1.0859683792256494,0.18610292872620396
0.7914915657669344,1.4474633680090514,1.1422325131915791,0.18610292872620396
0.7914915657669344,1.4474633680090514,1.0983163477093414,0.18610292872620396
0.7914915657669344,1.4474633680090514,1.1427412703895607,0.18610292872620396
0.7914915657669344,1.4474633680090514,1.067593097904319,0.18610292872620396
0.7914915657669344,1.4474633680090514,1.0660783412226478,0.18610292872620396
0.7105170270693589,1.4474633680090514,1.169554974265412,0.18610292872620396
0.7105170270693589,1.4474633680090514,1.2063594778896378,0.18610292872620396
0.7105170270693589,1.4474633680090514,1.1590195547374273,0.18610292872620396
0.7105170270693589,1.524736966635226,1.0981904672731393,0.18610292872620396
0.7105170270693589,1.524736966635226,1.117400833359057,0.18610292872620396
0.7105170270693589,1.524736966635226,1.032055647917886,0.18610292872620396
0.7105170270693589,1.524736966635226,0.9914811453018499,0.18610292872620396
0.7105170270693589,1.524736966635226,1.0011729569228969,0.18610292872620396
0.7105170270693589,1.524736966635226,1.0014474754853968,0.18610292872620396
0.7105170270693589,1.524736966635226,1.028020479904355,0.18610292872620396
0.7105170270693589,1.524736966635226,1.0782825183997433,0.18610292872620396
0.7105170270693589,1.524736966635226,1.0583312921574244,0.18610292872620396
0.7105170270693589,1.524736966635226,0.9874967643785042,0.18610292872620396
0.7105170270693589,1.524736966635226,0.9934302876933503,0.18610292872620396
0.7105170270693589,1.524736966635226,1.1664351420348593,0.18610292872620396
0.7105170270693589,1.524736966635226,1.1212621993647776,0.18610292872620396
0.7105170270693589,1.524736966635226,1.0257945706351073,0.18610292872620396
0.7105170270693589,1.524736966635226,0.9649060840692081,0.18610292872620396
0.7105170270693589,1.524736966635226,1.0045685915352633,0.18610292872620396
0.7105170270693589,1.524736966635226,0.9572209022935799,0.18610292872620396
0.7105170270693589,1.524736966635226,1.070473180785442,0.18610292872620396
0.7105170270693589,1.524736966635226,1.0409973073743324,0.18610292872620396
0.7105170270693589,1.524736966635226,1.1200996992086911,0.18610292872620396
0.7105170270693589,1.524736966635226,1.1386678949720925,0.18610292872620396
0.7105170270693589,1.524736966635226,1.0583616919287022,0.22105820936498197
0.7105170270693589,1.524736966635226,1.0725107122552504,0.22105820936498197
0.7105170270693589,1.524736966635226,1.111856404386087,0.22105820936498197
0.7105170270693589,1.5420954605071038,1.148211272772757,0.22105820936498197
0.7105170270693589,1.5420954605071038,1.1464660402475397,0.22105820936498197
0.7105170270693589,1.5420954605071038,1.0351967963712876,0.22105820936498197
0.7105170270693589,1.5420954605071038,1.0712827344051663,0.22105820936498197
0.7105170270693589,1.5420954605071038,0.9867382410302886,0.22105820936498197
0.7105170270693589,1.5420954605071038,1.0850476833179052,0.22105820936498197
0.7105170270693589,1.5420954605071038,1.1099074099150523,0.22105820936498197
0.7105170270693589,1.5420954605071038,0.9905182119914351,0.22105820936498197
0.7105170270693589,1.5420954605071038,1.0363821981848775,0.19597577504820632
0.7105170270693589,1.5420954605071038,1.1065772027611682,0.19597577504820632
0.7105170270693589,1.5420954605071038,1.0206320257911958,0.19597577504820632
0.7105170270693589,1.5420954605071038,0.9955712133392407,0.19597577504820632
0.7105170270693589,1.5420954605071038,1.018559708129155,0.19597577504820632
0.7105170270693589,1.5420954605071038,1.0524971837476556,0.19597577504820632
0.7105170270693589,1.5420954605071038,1.073288336512907,0.19597577504820632
0.7105170270693589,1.5420954605071038,1.061689570261304,0.2551279199205252
0.7105170270693589,1.5420954605071038,1.1241920767094589,0.2551279199205252
0.7105170270693589,1.5420954605071038,1.044168275543693,0.2551279199205252
0.7105170270693589,1.5420954605071038,1.1029842082639798,0.2551279199205252
0.7105170270693589,1.5420954605071038,1.0537509460367231,0.2551279199205252
0.7105170270693589,1.5420954605071038,1.0179397473047498,0.2551279199205252
0.7105170270693589,1.5420954605071038,0.9882760083388739,0.2551279199205252
0.7105170270693589,1.5420954605071038,1.1457348509426253,0.2551279199205252
0.7105170270693589,1.5420954605071038,1.1262362588757955,0.2551279199205252
0.7105170270693589,1.5420954605071038,1.0953104892938492,0.2551279199205252
0.7105170270693589,1.5420954605071038,1.0289879683707261,0.2551279199205252
0.7105170270693589,1.5420954605071038,1.0768893279064797,0.2551279199205252
0.7105170270693589,1.5420954605071038,1.0969420597782684,0.2551279199205252
0.7105170270693589,1.5420954605071038,1.0399345518304228,0.21001253733579747
0.7105170270693589,1.5420954605071038,1.1152152872260432,0.21001253733579747
0.7105170270693589,1.5420954605071038,1.0511672066121955,0.1750917794299189
0.7105170270693589,1.5420954605071038,0.9566424705600431,0.1750917794299189
0.7105170270693589,1.5420954605071038,0.9775863409702462,0.1750917794299189
0.7101820365894584,1.5420954605071038,0.9427757079219897,0.1750917794299189
0.7101820365894584,1.5420954605071038,0.9296328611119363,0.1750917794299189
0.7101820365894584,1.5420954605071038,1.0013901025762026,0.1750917794299189
0.7101820365894584,1.5420954605071038,1.0216763213978264,0.1750917794299189
0.7101820365894584,1.529584854682499,0.9292750773783052,0.1750917794299189
0.7101820365894584,1.529584854682499,0.9949183152606179,0.1750917794299189
0.7101820365894584,1.529584854682499,1.05601071300098,0.1750917794299189
0.7101820365894584,1.529584854682499,0.9722071597118582,0.1750917794299189
0.7101820365894584,1.529584854682499,1.0634681490006384,0.1750917794299189
0.7101820365894584,1.529584854682499,0.9480434962551404,0.1750917794299189
0.7101820365894584,1.529584854682499,1.049521234606954,0.1750917794299189
0.7101820365894584,1.529584854682499,0.9549424355557152,0.1750917794299189
0.7101820365894584,1.529584854682499,1.1496829150300423,0.1750917794299189
0.7101820365894584,1.529584854682499,0.9757001161349655,0.2115024715235793
0.7101820365894584,1.529584854682499,1.1024699916673266,0.2115024715235793
0.7101820365894584,1.529584854682499,1.0875531771707296,0.2115024715235793
0.7101820365894584,1.529584854682499,1.2044880887731262,0.2115024715235793
0.7101820365894584,1.529584854682499,0.9835043228457216,0.2115024715235793
0.7101820365894584,1.529584854682499,1.0528249297757812,0.2115024715235793
0.7101820365894584,1.53939841406367,1.0725197684036578,0.2115024715235793
0.7897794720386564,1.53939841406367,0.9722704629771717,0.2115024715235793
0.7897794720386564,1.53939841406367,0.950294472164943,0.2115024715235793
0.7897794720386564,1.53939841406367,0.9965960414488476,0.2115024715235793
0.7897794720386564,1.53939841406367,0.9421565120530808,0.2115024715235793
0.7897794720386564,1.53939841406367,0.8745706943382321,0.2115024715235793
0.7897794720386564,1.53939841406367,1.0560092942009391,0.2115024715235793
0.7897794720386564,1.53939841406367,0.9992106489930255,0.2115024715235793
0.7739901084291773,1.53939841406367,0.9497316621116424,0.2115024715235793
0.7739901084291773,1.53939841406367,0.9597438727180619,0.2115024715235793
0.7739901084291773,1.53939841406367,0.9499063052237895,0.2115024715235793
0.7739901084291773,1.53939841406367,0.9816492260314856,0.2115024715235793
0.7739901084291773,1.53939841406367,1.054132792129588,0.2115024715235793
0.7739901084291773,1.53939841406367,1.0542923547339447,0.2115024715235793
0.7739901084291773,1.53939841406367,0.960889513881251,0.2115024715235793
0.7739901084291773,1.53939841406367,1.0057276332309433,0.21790976728199493
0.7739901084291773,1.53939841406367,0.9816381774201606,0.21790976728199493
0.7739901084291773,1.53939841406367,1.0377069358304816,0.21790976728199493
0.7739901084291773,1.53939841406367,0.9851497556100071,0.21790976728199493
0.7739901084291773,1.53939841406367,0.9895565800026311,0.21790976728199493
0.7739901084291773,1.53939841406367,0.9297311669856032,0.21790976728199493
0.7739901084291773,1.53939841406367,1.009392603328501,0.21790976728199493
0.7739901084291773,1.53939841406367,0.9885665094847448,0.21790976728199493
0.7739901084291773,1.53939841406367,0.9100654870535292,0.21790976728199493
0.7739901084291773,1.53939841406367,0.9528515117476773,0.21790976728199493
0.7739901084291773,1.53939841406367,0.9441734240838614,0.21790976728199493
0.7739901084291773,1.53939841406367,0.9558304111048219,0.21790976728199493
0.7739901084291773,1.53939841406367,0.9662778043573799,0.21790976728199493
0.7739901084291773,1.53939841406367,1.0240371170364722,0.21790976728199493
0.7739901084291773,1.53939841406367,0.9685276091997478,0.21790976728199493
0.7739901084291773,1.53939841406367,0.9924650786809207,0.21790976728199493
0.7739901084291773,1.53939841406367,0.9921181709985162,0.21790976728199493
0.7739901084291773,1.53939841406367,0.9292037663676027,0.21790976728199493
0.7739901084291773,1.53939841406367,1.042175082011242,0.21790976728199493
0.7739901084291773,1.5233293094431857,0.9833640802291781,0.21790976728199493
0.7739901084291773,1.5233293094431857,1.0078663450775276,0.21790976728199493
0.7739901084291773,1.5233293094431857,0.9767386102925933,0.23517086085132113
0.7739901084291773,1.5233293094431857,1.0070483083840516,0.23517086085132113
0.7739901084291773,1.5233293094431857,1.0259841164029175,0.23517086085132113
0.7739901084291773,1.5233293094431857,1.0765151769525285,0.23517086085132113
0.7739901084291773,1.5233293094431857,1.0288499530749744,0.23517086085132113
0.7739901084291773,1.5233293094431857,0.9706607237082354,0.23517086085132113
0.7739901084291773,1.5233293094431857,1.088548829387313,0.23517086085132113
0.7739901084291773,1.5233293094431857,1.0034267267232542,0.23517086085132113
0.7739901084291773,1.5233293094431857,1.1127108056462303,0.23517086085132113
0.7739901084291773,1.5233293094431857,0.9174423126538578,0.23517086085132113
0.7739901084291773,1.5233293094431857,0.998332192347757,0.23517086085132113
0.7739901084291773,1.5233293094431857,0.8847491355612701,0.23277531378355645
0.7739901084291773,1.5233293094431857,1.0328967860167808,0.23277531378355645
0.7739901084291773,1.5233293094431857,0.9465227325098415,0.23277531378355645
0.7739901084291773,1.5233293094431857,1.04376018751526,0.23277531378355645
0.7739901084291773,1.5233293094431857,0.8788693312230883,0.23277531378355645
0.7739901084291773,1.5233293094431857,0.9974735551128164,0.23277531378355645
0.7739901084291773,1.5233293094431857,1.1129613784545231,0.23277531378355645
0.8822124430620081,1.5233293094431857,0.9191692375388689,0.23277531378355645
0.8822124430620081,1.5233293094431857,0.9537066984035794,0.23277531378355645
0.8822124430620081,1.5233293094431857,0.8766746623699802,0.23277531378355645
0.9081156324434078,1.5233293094431857,0.8394933320483577,0.23277531378355645
0.9081156324434078,1.5048296223438937,0.9022654255488936,0.23337827697620575
0.9081156324434078,1.5048296223438937,0.9761884777736349,0.23337827697620575
0.9081156324434078,1.5048296223438937,0.8881179210017675,0.23337827697620575
0.9081156324434078,1.5048296223438937,0.891214874773043,0.23337827697620575
0.9081156324434078,1.5048296223438937,0.923349303692051,0.23337827697620575
0.9081156324434078,1.5048296223438937,0.8665986741104967,0.23337827697620575
0.9081156324434078,1.4605896872422353,0.918698663441473,0.2337155180869806
0.9081156324434078,1.4605896872422353,0.9412211134447976,0.2337155180869806
0.9081156324434078,1.4605896872422353,0.9976050975000461,0.2337155180869806
0.9081156324434078,1.4605896872422353,0.9825556259485625,0.2337155180869806
0.9081156324434078,1.4501364908037024,0.9778975155001995,0.2337155180869806
0.9081156324434078,1.4501364908037024,1.0037310234177748,0.2337155180869806
0.9081156324434078,1.4501364908037024,1.0100360944596125,0.2337155180869806
0.8518961293341445,1.4501364908037024,0.9975329125439892,0.2337155180869806
0.8518961293341445,1.4501364908037024,1.100160480962363,0.2337155180869806
0.8518961293341445,1.4546056300064465,1.1216614743449684,0.2337155180869806
0.8518961293341445,1.4546056300064465,1.1049631345952335,0.2337155180869806
0.8518961293341445,1.4546056300064465,0.9664578810724664,0.2337155180869806
0.7624368394294172,1.4546056300064465,1.0846724721125949,0.2337155180869806
0.7624368394294172,1.4546056300064465,1.0847106006989005,0.2337155180869806
0.7624368394294172,1.4546056300064465,1.1991500284424828,0.2337155180869806
0.7624368394294172,1.4546056300064465,1.1538833800298303,0.2337155180869806
0.7624368394294172,1.4546056300064465,1.212543113320532,0.2337155180869806
0.7624368394294172,1.4546056300064465,1.1548137998116859,0.2337155180869806
0.7624368394294172,1.4967352981556967,1.1579710789518702,0.2337155180869806
0.7624368394294172,1.4967352981556967,1.0208528699806942,0.2337155180869806
0.7624368394294172,1.4967352981556967,1.033792341838179,0.2337155180869806
0.7624368394294172,1.4967352981556967,1.0924132866544438,0.2337155180869806
0.7624368394294172,1.4967352981556967,1.1593473862352162,0.2337155180869806
0.7624368394294172,1.4967352981556967,1.0716609103947032,0.2337155180869806
0.7624368394294172,1.4967352981556967,1.108684262447951,0.2337155180869806
0.7624368394294172,1.4967352981556967,1.0920204924560148,0.2337155180869806
0.7624368394294172,1.4967352981556967,1.079376524977645,0.2337155180869806
0.7624368394294172,1.4967352981556967,1.1286921039366564,0.2337155180869806
0.7624368394294172,1.4967352981556967,1.0639583792916718,0.2337155180869806
0.7624368394294172,1.4967352981556967,1.016985966491111,0.2337155180869806
0.7624368394294172,1.4847942403253669,1.1176779776011465,0.2337155180869806
0.7624368394294172,1.4847942403253669,1.1398632045255885,0.2337155180869806
0.7624368394294172,1.4847942403253669,1.0572650888145458,0.2337155180869806
0.7624368394294172,1.4847942403253669,1.1118929002216995,0.2337155180869806
0.7624368394294172,1.4847942403253669,1.100817475020511,0.2337155180869806
0.7624368394294172,1.4847942403253669,1.1591566575283532,0.2337155180869806
0.7624368394294172,1.5522293451210367,1.0888813498623353,0.2769030764879986
0.7624368394294172,1.5522293451210367,1.0630805442643216,0.2769030764879986
0.7624368394294172,1.5522293451210367,1.1029026279180105,0.2769030764879986
0.7624368394294172,1.5522293451210367,1.0508667057885697,0.2769030764879986
0.7624368394294172,1.5522293451210367,0.9866150266779984,0.2769030764879986
0.7624368394294172,1.5522293451210367,0.9010916860061345,0.2769030764879986
0.7624368394294172,1.5522293451210367,0.9163370629454858,0.2769030764879986
0.7624368394294172,1.5522293451210367,0.989677377994738,0.2769030764879986
0.7624368394294172,1.5522293451210367,0.9577258970552651,0.2769030764879986
0.7624368394294172,1.5522293451210367,1.0711511902362372,0.2769030764879986
0.7624368394294172,1.5522293451210367,1.0288354983063046,0.2769030764879986
0.7624368394294172,1.5522293451210367,0.9864453042926651,0.2769030764879986
0.7624368394294172,1.5522293451210367,0.9876469396725946,0.3413689933449675
0.7624368394294172,1.5522293451210367,1.1278947616292128,0.3413689933449675
0.7624368394294172,1.5522293451210367,1.086591836285942,0.2019311013585213
0.7624368394294172,1.5522293451210367,1.0387162341220704,0.18589941730150814
0.7624368394294172,1.531215968705743,0.9800943915849908,0.18589941730150814
0.7624368394294172,1.531215968705743,1.0352947909685175,0.18589941730150814
0.7624368394294172,1.531215968705743,0.9788417323833181,0.24852383151290605
0.7624368394294172,1.531215968705743,1.0167139625839767,0.24852383151290605
0.7624368394294172,1.531215968705743,1.122519939737187,0.24852383151290605
0.7624368394294172,1.531215968705743,1.1123738074645917,0.24852383151290605
0.7624368394294172,1.531215968705743,1.07751883683498,0.24852383151290605
0.7624368394294172,1.531215968705743,1.0367962114439726,0.24852383151290605
0.7624368394294172,1.531215968705743,0.9535581994779944,0.24852383151290605
0.7624368394294172,1.531215968705743,1.0190995933305422,0.24852383151290605
0.7624368394294172,1.531215968705743,0.9881763877758164,0.24852383151290605
0.7624368394294172,1.531215968705743,1.0175255383959527,0.24852383151290605
0.7624368394294172,1.531215968705743,1.0435403089669832,0.24852383151290605
0.7624368394294172,1.531215968705743,1.0287676404868498,0.24852383151290605
0.7624368394294172,1.531215968705743,1.05276873971805,0.24852383151290605
0.7624368394294172,1.531215968705743,0.9976877662142726,0.24852383151290605
0.7624368394294172,1.531215968705743,0.9617628694158239,0.24852383151290605
0.7624368394294172,1.531215968705743,0.9568550729089532,0.17702743570514387
0.7624368394294172,1.531215968705743,1.0215938713483317,0.25555916086462555
0.7624368394294172,1.531215968705743,0.9982627659161087,0.25555916086462555
0.7624368394294172,1.531215968705743,1.0411461657500996,0.25555916086462555
0.7624368394294172,1.531215968705743,0.9792026391571143,0.25555916086462555
0.7624368394294172,1.531215968705743,1.1566381781708301,0.25555916086462555
0.7624368394294172,1.531215968705743,1.02163732356834,0.25555916086462555
0.7624368394294172,1.531215968705743,1.052732629600847,0.25555916086462555
0.7624368394294172,1.5616445637147742,0.9598583489730141,0.25555916086462555
0.7624368394294172,1.5616445637147742,0.9589979369189868,0.25555916086462555
0.7624368394294172,1.5616445637147742,0.9584116630111954,0.25555916086462555
0.7624368394294172,1.5616445637147742,0.9907831675059626,0.25555916086462555
0.7751948462019609,1.5616445637147742,1.0621152060664898,0.25555916086462555
0.7751948462019609,1.5616445637147742,0.9848285147463965,0.25555916086462555
0.7751948462019609,1.5616445637147742,0.9141077155125553,0.25555916086462555
0.7751948462019609,1.5616445637147742,0.9215095707742251,0.25555916086462555
0.7751948462019609,1.5616445637147742,0.9927386444823644,0.25555916086462555
0.7751948462019609,1.5616445637147742,0.9342171665828968,0.25555916086462555
0.7751948462019609,1.5616445637147742,0.888906870418626,0.25555916086462555
0.7751948462019609,1.5616445637147742,0.9642323459863226,0.25555916086462555
0.7751948462019609,1.5616445637147742,0.958100248525828,0.25555916086462555
0.7751948462019609,1.5616445637147742,0.9152689158654691,0.25555916086462555
0.7751948462019609,1.5616445637147742,0.9174071936359001,0.25555916086462555
0.7751948462019609,1.5616445637147742,0.9915827696188946,0.25555916086462555
0.7751948462019609,1.5616445637147742,0.9997045433826449,0.25555916086462555
0.7751948462019609,1.5616445637147742,0.9437809076351956,0.25555916086462555
0.7751948462019609,1.5616445637147742,0.9321039840458755,0.25555916086462555
0.7751948462019609,1.5616445637147742,0.9437277494930622,0.25555916086462555
0.7751948462019609,1.5616445637147742,0.9688573000832619,0.25555916086462555
0.7751948462019609,1.5616445637147742,0.9769581628418011,0.25555916086462555
0.7751948462019609,1.5616445637147742,0.9451045476644955,0.25555916086462555
0.7751948462019609,1.5616445637147742,0.9064918905579118,0.25555916086462555
0.7751948462019609,1.5616445637147742,0.9154226007353616,0.25555916086462555
0.7751948462019609,1.5616445637147742,0.9429352498083045,0.25555916086462555
0.7751948462019609,1.5616445637147742,1.0087400805655655,0.25555916086462555
0.7751948462019609,1.5616445637147742,1.0155249662468848,0.25555916086462555
0.7751948462019609,1.5616445637147742,0.982606101160254,0.25555916086462555
0.7751948462019609,1.5616445637147742,0.8980827219103064,0.25555916086462555
0.7751948462019609,1.5616445637147742,0.9996793197614763,0.25555916086462555
0.7751948462019609,1.5616445637147742,1.048642320790899,0.25555916086462555
0.7751948462019609,1.5616445637147742,0.9401040635981278,0.25555916086462555
0.7751948462019609,1.5616445637147742,1.0077153348376098,0.25555916086462555
0.7751948462019609,1.5616445637147742,0.9119351972300666,0.25555916086462555
0.7751948462019609,1.5616445637147742,1.0019238011453153,0.25555916086462555
0.7751948462019609,1.5616445637147742,1.0010581826777576,0.25555916086462555
0.7751948462019609,1.5616445637147742,0.9626152807051467,0.25555916086462555
0.7751948462019609,1.5616445637147742,0.9504444410444568,0.25555916086462555
0.807262299529911,1.5616445637147742,0.9350251322851716,0.25555916086462555
0.807262299529911,1.5616445637147742,0.9175718379966082,0.25555916086462555
0.807262299529911,1.5616445637147742,0.90344152945754,0.25555916086462555
0.807262299529911,1.5616445637147742,0.9273735675337128,0.25555916086462555
0.807262299529911,1.5616445637147742,0.9753671813657249,0.25555916086462555
0.807262299529911,1.5616445637147742,0.9820289633213546,0.25555916086462555
0.807262299529911,1.5616445637147742,0.8682586585399859,0.25555916086462555
0.807262299529911,1.5616445637147742,0.9835887578665581,0.25555916086462555
0.807262299529911,1.5616445637147742,0.861637718140788,0.25555916086462555
0.807262299529911,1.5616445637147742,0.8560905860098664,0.2687408064875924
0.807262299529911,1.5616445637147742,1.035072447009431,0.2687408064875924
0.807262299529911,1.5616445637147742,0.872787026970436,0.2687408064875924
0.807262299529911,1.5616445637147742,0.967847328610883,0.2687408064875924
0.807262299529911,1.5616445637147742,0.9459773421499803,0.2687408064875924
0.807262299529911,1.5616445637147742,0.9257904896011985,0.2687408064875924
0.807262299529911,1.5616445637147742,0.9476147414246913,0.2687408064875924
0.807262299529911,1.5616445637147742,0.9761201141981651,0.2687408064875924
0.807262299529911,1.5616445637147742,0.9522689323591159,0.2687408064875924
0.807262299529911,1.5616445637147742,0.8924659467588565,0.2687408064875924
0.7844406393765049,1.5616445637147742,0.9934498366780706,0.2687408064875924
0.7844406393765049,1.5616445637147742,0.9497593749039501,0.21586597464744914
0.7844406393765049,1.5616445637147742,0.9052845689153187,0.21586597464744914
0.7844406393765049,1.5616445637147742,0.9790040378711738,0.21586597464744914
0.7844406393765049,1.5616445637147742,0.9130658840763088,0.21586597464744914
0.7844406393765049,1.5616445637147742,0.864765828225661,0.21586597464744914
0.7844406393765049,1.5616445637147742,0.9095522625750806,0.21586597464744914
0.7844406393765049,1.5616445637147742,0.8758502036616149,0.21586597464744914
0.7844406393765049,1.5616445637147742,0.8456554970356,0.21586597464744914
0.7844406393765049,1.5616445637147742,0.8945901430989674,0.21586597464744914
0.7844406393765049,1.5616445637147742,0.9317605104569608,0.21586597464744914
0.7844406393765049,1.5616445637147742,0.9327235396698405,0.21586597464744914
0.7126925625332141,1.5616445637147742,0.9346930446057901,0.21586597464744914
0.7126925625332141,1.5616445637147742,0.9820609629859693,0.21586597464744914
0.7126925625332141,1.5616445637147742,0.9604314962628194,0.21586597464744914
0.7126925625332141,1.5616445637147742,1.0217783762074697,0.21586597464744914
0.7126925625332141,1.5616445637147742,0.9637237821613782,0.21586597464744914
0.7126925625332141,1.5616445637147742,0.9344810128329167,0.21586597464744914
0.7126925625332141,1.5616445637147742,0.9575582132262217,0.2348133096318175
0.7126925625332141,1.5616445637147742,1.0360379650324485,0.2348133096318175
0.7126925625332141,1.5616445637147742,1.0198212570543885,0.2348133096318175
0.7126925625332141,1.5616445637147742,1.0644575929768314,0.2348133096318175
0.7126925625332141,1.5616445637147742,1.0271175506700287,0.2348133096318175
0.7126925625332141,1.5616445637147742,0.9756786489678991,0.2348133096318175
0.7126925625332141,1.5616445637147742,0.9593444958643431,0.2348133096318175
0.7126925625332141,1.5616445637147742,0.8837783004197011,0.2348133096318175
0.7126925625332141,1.5616445637147742,1.0071658697889454,0.2348133096318175
0.7126925625332141,1.5616445637147742,1.0759766461626106,0.2348133096318175
0.7126925625332141,1.5616445637147742,1.0600697693137717,0.2348133096318175
0.7126925625332141,1.5616445637147742,1.0519626444977688,0.2348133096318175
0.7126925625332141,1.5612530656506924,0.9879595842703816,0.2348133096318175
0.7126925625332141,1.5612530656506924,1.0096401217100364,0.2348133096318175
0.7126925625332141,1.5612530656506924,1.157474448627488,0.2348133096318175
0.7126925625332141,1.5612530656506924,1.0050520773616405,0.2348133096318175
0.7126925625332141,1.5612530656506924,1.208808237062092,0.2348133096318175
0.7126925625332141,1.5612530656506924,1.0253733966614305,0.2348133096318175
0.7126925625332141,1.5612530656506924,1.0716722030139139,0.2348133096318175
0.7126925625332141,1.5612530656506924,1.0271852987108945,0.2348133096318175
0.7126925625332141,1.5612530656506924,1.0071649655054407,0.2348133096318175
0.7126925625332141,1.5612530656506924,0.9343744328587358,0.2348133096318175
0.7126925625332141,1.5612530656506924,1.0448236450861978,0.2348133096318175
0.7126925625332141,1.5612530656506924,1.1349273880063466,0.2348133096318175
0.7126925625332141,1.5612530656506924,0.9827283149933884,0.2348133096318175
0.7126925625332141,1.5612530656506924,1.0595077299075955,0.2348133096318175
0.7126925625332141,1.5612530656506924,0.9797325023137988,0.2348133096318175
0.7126925625332141,1.5612530656506924,1.0499224465697456,0.2348133096318175
0.7126925625332141,1.5612530656506924,1.0558920838204657,0.2348133096318175
0.7126925625332141,1.5612530656506924,0.9914574732805673,0.2348133096318175
0.7126925625332141,1.5612530656506924,1.0128115613530895,0.2348133096318175
0.7126925625332141,1.5612530656506924,1.0836049257838614,0.2348133096318175
0.7126925625332141,1.5612530656506924,1.1048352373983288,0.2348133096318175
0.7909879313256486,1.5612530656506924,1.016419548970791,0.2348133096318175
0.7909879313256486,1.5612530656506924,0.867339672714359,0.2348133096318175
0.7909879313256486,1.5612530656506924,0.9528742051836966,0.2348133096318175
0.7909879313256486,1.5612530656506924,0.8772821430486949,0.2348133096318175
0.7909879313256486,1.5612530656506924,0.9736394477599974,0.2348133096318175
0.7909879313256486,1.5612530656506924,0.8912945460183046,0.2348133096318175
0.7909879313256486,1.5612530656506924,0.910249405074594,0.2348133096318175
0.7909879313256486,1.5612530656506924,0.8512599560561136,0.2348133096318175
0.7909879313256486,1.5612530656506924,0.8644732751870661,0.2348133096318175
0.7909503118656223,1.5612530656506924,1.0064962644109399,0.2348133096318175
0.7909503118656223,1.5612530656506924,0.9724292449916259,0.2348133096318175
0.7909503118656223,1.5612530656506924,0.9979047248929931,0.2348133096318175
0.7909503118656223,1.5612530656506924,0.9471462882900724,0.2348133096318175
0.7909503118656223,1.5612530656506924,0.8948115142099752,0.2348133096318175
0.7909503118656223,1.5612530656506924,1.003550179165236,0.2348133096318175
0.7909503118656223,1.5612530656506924,0.9388106552415416,0.2348133096318175
0.7909503118656223,1.5612530656506924,0.9272451693839721,0.2348133096318175
0.7909503118656223,1.5612530656506924,0.858036790328602,0.2348133096318175
0.7909503118656223,1.5612530656506924,0.9754686727976016,0.2348133096318175
0.7909503118656223,1.5612530656506924,1.0403524822101722,0.2348133096318175
0.7909503118656223,1.5612530656506924,0.8048992023228855,0.23095544809948876
0.7909503118656223,1.5612530656506924,0.909719587295271,0.23095544809948876
0.7909503118656223,1.5612530656506924,0.952383751799882,0.23095544809948876
0.7909503118656223,1.5612530656506924,0.9366595850765084,0.23095544809948876
0.7909503118656223,1.5612530656506924,1.0156073830996164,0.23095544809948876
0.7909503118656223,1.5612530656506924,0.9150321042061813,0.23095544809948876
0.7909503118656223,1.5612530656506924,1.0063623493892462,0.23095544809948876
0.7909503118656223,1.5612530656506924,0.9183098165531884,0.23095544809948876
0.7909503118656223,1.5612530656506924,0.9524255668757354,0.23095544809948876
0.7909503118656223,1.5612530656506924,0.9462287791008536,0.23095544809948876
0.7909503118656223,1.5612530656506924,0.8466360641956662,0.23095544809948876
0.7909503118656223,1.5612530656506924,0.9550920189276043,0.23095544809948876
0.7909503118656223,1.5612530656506924,0.9530997175928043,0.23095544809948876
0.7909503118656223,1.5612530656506924,0.9256375659382687,0.23095544809948876
0.7909503118656223,1.5612530656506924,0.8798993093950372,0.23095544809948876
0.7909503118656223,1.5612530656506924,0.9303177156746043,0.23095544809948876
0.7909503118656223,1.5612530656506924,0.9182439878066596,0.23095544809948876
0.7909503118656223,1.5612530656506924,0.9561880323204764,0.23095544809948876
0.7909503118656223,1.5612530656506924,0.9645446689902739,0.23095544809948876
0.7909503118656223,1.5612530656506924,0.8726949570254846,0.23095544809948876
0.7909503118656223,1.5612530656506924,0.8444393456873645,0.23095544809948876
0.7909503118656223,1.5612530656506924,0.986534301130034,0.23095544809948876
0.7909503118656223,1.5612530656506924,0.8848081712522625,0.23095544809948876
0.7909503118656223,1.5612530656506924,0.9064263172564793,0.23095544809948876
0.743042573886874,1.5612530656506924,0.90698572050684,0.23095544809948876
0.743042573886874,1.5612530656506924,1.0239073849330849,0.23095544809948876
0.743042573886874,1.5612530656506924,0.9825212352078834,0.23095544809948876
0.743042573886874,1.5146723761909966,1.0115040049058122,0.23095544809948876
0.743042573886874,1.5146723761909966,1.074764971916113,0.23095544809948876
0.743042573886874,1.5146723761909966,1.000054252359242,0.23095544809948876
0.743042573886874,1.5146723761909966,1.1582701341862527,0.23095544809948876
0.743042573886874,1.5146723761909966,1.0640967770444871,0.23095544809948876
0.743042573886874,1.5146723761909966,1.0753576038541066,0.23095544809948876
0.743042573886874,1.5146723761909966,1.0442258438672471,0.23095544809948876
0.743042573886874,1.5146723761909966,1.054269429978715,0.23095544809948876
0.743042573886874,1.5146723761909966,1.1519025082768244,0.23095544809948876
0.743042573886874,1.5146723761909966,1.0187859266390031,0.23095544809948876
0.743042573886874,1.5146723761909966,1.0233926917845042,0.23095544809948876
0.743042573886874,1.5146723761909966,1.0562588917084972,0.23095544809948876
0.7705581533882362,1.5146723761909966,1.0373178028053598,0.23095544809948876
0.7705581533882362,1.5146723761909966,1.0256823864944549,0.23095544809948876
0.8275419462360128,1.5146723761909966,1.0482418595969938,0.23095544809948876
0.8275419462360128,1.5146723761909966,0.9330028241719555,0.23095544809948876
0.8275419462360128,1.5146723761909966,0.9895920584691145,0.23095544809948876
0.8275419462360128,1.5146723761909966,0.9339371545420796,0.23095544809948876
0.8275419462360128,1.5146723761909966,1.0726764789929357,0.23095544809948876
0.8275419462360128,1.5146723761909966,0.994767355753048,0.23095544809948876
0.8275419462360128,1.5146723761909966,0.9524090373049094,0.23095544809948876
0.8275419462360128,1.5146723761909966,0.9863377911563787,0.23095544809948876
0.8275419462360128,1.5146723761909966,1.0111571336166438,0.23095544809948876
0.8275419462360128,1.5146723761909966,0.9599782336843793,0.23095544809948876
0.8275419462360128,1.5146723761909966,0.9110960790289523,0.23095544809948876
0.8275419462360128,1.5146723761909966,1.0017973111300835,0.23095544809948876
0.8275419462360128,1.5146723761909966,0.9067003468585091,0.23095544809948876
0.8275419462360128,1.5146723761909966,0.9566202321332125,0.23230925649935363
0.8275419462360128,1.5146723761909966,0.9580713433357989,0.23230925649935363
0.8275419462360128,1.5146723761909966,0.9110539453565734,0.23230925649935363
0.8275419462360128,1.5146723761909966,0.9819911131622382,0.23230925649935363
0.8275419462360128,1.5146723761909966,0.9869840661785512,0.23230925649935363
0.8275419462360128,1.5146723761909966,0.907443378180063,0.23230925649935363
0.8275419462360128,1.5146723761909966,1.0073170260492783,0.23230925649935363
0.986239051537428,1.5146723761909966,0.9150133207668278,0.23230925649935363
0.986239051537428,1.5146723761909966,0.7984549829761999,0.23230925649935363
0.986239051537428,1.5146723761909966,0.7650887137851209,0.23230925649935363
0.986239051537428,1.5146723761909966,0.8082373091752715,0.23230925649935363
0.986239051537428,1.5146723761909966,0.8529965727780648,0.2711193234528671
0.986239051537428,1.5146723761909966,0.8578367392508527,0.2711193234528671
0.986239051537428,1.5146723761909966,0.8446203680086158,0.2711193234528671
0.986239051537428,1.5146723761909966,0.806708820179131,0.2711193234528671
0.986239051537428,1.5146723761909966,0.830993412858144,0.2711193234528671
0.986239051537428,1.5146723761909966,0.8128127083370675,0.2711193234528671
0.986239051537428,1.5146723761909966,0.8174462168358047,0.2711193234528671
0.9712286093668235,1.5146723761909966,0.9009394827024086,0.2711193234528671
0.9712286093668235,1.5146723761909966,0.8430708495618353,0.2711193234528671
0.9712286093668235,1.5146723761909966,0.8249307377874446,0.2711193234528671
0.9381494590039612,1.5146723761909966,0.9074616031246983,0.2711193234528671
0.9381494590039612,1.5146723761909966,0.8854959617837297,0.2711193234528671
0.9381494590039612,1.5146723761909966,0.9084968975293333,0.2497736740979161
0.9381494590039612,1.5146723761909966,0.8222449965544609,0.2497736740979161
0.9381494590039612,1.5146723761909966,0.7990616868015781,0.2497736740979161
0.9381494590039612,1.5146723761909966,0.9043325785139548,0.2497736740979161
0.9381494590039612,1.5146723761909966,0.9322807674996503,0.2497736740979161
0.9381494590039612,1.5146723761909966,0.8824263675973493,0.2497736740979161
0.9381494590039612,1.539883666333595,0.9105811747410901,0.2497736740979161
0.9381494590039612,1.539883666333595,0.7658454608837731,0.2497736740979161
0.9381494590039612,1.539883666333595,0.804896746207269,0.2497736740979161
0.9381494590039612,1.539883666333595,0.7858308430901951,0.2497736740979161
0.9381494590039612,1.539883666333595,0.8413070512159151,0.2497736740979161
0.9381494590039612,1.539883666333595,0.8331200391597079,0.2497736740979161
0.9381494590039612,1.539883666333595,0.8085939113656537,0.2497736740979161
0.9381494590039612,1.539883666333595,0.7875640585806679,0.2497736740979161
0.9381494590039612,1.4994457805473251,0.8302407033841044,0.2497736740979161
0.9096987202492454,1.4994457805473251,0.9072820052759215,0.2497736740979161
0.9096987202492454,1.4994457805473251,0.9073877028954577,0.2497736740979161
0.9096987202492454,1.5005884090579547,0.9739184124809157,0.2497736740979161
0.9096987202492454,1.5005884090579547,0.9309831734458249,0.2497736740979161
0.9096987202492454,1.5005884090579547,0.8624541991386128,0.2497736740979161
0.9096987202492454,1.5005884090579547,1.0043142189796253,0.2497736740979161
0.9096987202492454,1.5005884090579547,0.9401748955415364,0.2497736740979161
0.9096987202492454,1.5005884090579547,0.8837366487824062,0.2497736740979161
0.9096987202492454,1.5005884090579547,0.8683174964729711,0.2497736740979161
0.9096987202492454,1.5005884090579547,1.010468847641152,0.2497736740979161
0.9096987202492454,1.5005884090579547,1.014702969139795,0.2497736740979161
0.9096987202492454,1.5005884090579547,0.9016403202922336,0.2497736740979161
0.9096987202492454,1.5005884090579547,0.8474465595616062,0.2497736740979161
0.9096987202492454,1.5005884090579547,0.8831986993977847,0.2497736740979161
0.9096987202492454,1.5005884090579547,0.8511999488136065,0.2497736740979161
0.9096987202492454,1.5005884090579547,0.9199389011005412,0.2497736740979161
0.8713244474799229,1.5005884090579547,0.8769089395998,0.2497736740979161
0.8713244474799229,1.5005884090579547,0.9314393333829059,0.2419873904460469
0.8713244474799229,1.5005884090579547,0.9809307888455513,0.2419873904460469
0.8713244474799229,1.5005884090579547,0.9957773739556582,0.2419873904460469
0.8713244474799229,1.503861717512635,0.9682918429681222,0.2419873904460469
0.8713244474799229,1.503861717512635,0.9174164360492092,0.2419873904460469
0.8713244474799229,1.503861717512635,0.9032249986503051,0.2419873904460469
0.8713244474799229,1.503861717512635,0.8921227464416348,0.2419873904460469
0.8713244474799229,1.503861717512635,1.0025932484891844,0.2419873904460469
0.8713244474799229,1.503861717512635,0.936949478437629,0.2419873904460469
0.8713244474799229,1.503861717512635,0.9193548259786564,0.2419873904460469
0.8713244474799229,1.503861717512635,0.9662360339578856,0.2419873904460469
0.8713244474799229,1.503861717512635,0.9567670743361892,0.2419873904460469
0.8713244474799229,1.503861717512635,0.8729060222727583,0.2419873904460469
0.8713244474799229,1.503861717512635,0.9914595596506968,0.2419873904460469
0.8713244474799229,1.503861717512635,0.9807465435857714,0.2419873904460469
0.8713244474799229,1.503861717512635,0.9491525073248703,0.2419873904460469
0.8713244474799229,1.503861717512635,1.0470542173616235,0.2419873904460469
0.8713244474799229,1.503861717512635,0.9685521934479618,0.2419873904460469
0.8713244474799229,1.503861717512635,0.9437082381338788,0.2419873904460469
0.8713244474799229,1.503861717512635,0.9880694492028737,0.2419873904460469
0.8713244474799229,1.503861717512635,0.8936963825175016,0.22624422548133546
0.8713244474799229,1.503861717512635,0.9001876076029232,0.22343044179425384
0.8713244474799229,1.503861717512635,0.8387011803147906,0.22343044179425384
0.8713244474799229,1.503861717512635,0.9483460802336442,0.22343044179425384
0.8713244474799229,1.503861717512635,0.9526840268737036,0.22343044179425384
0.8713244474799229,1.503861717512635,0.9418873722154301,0.22343044179425384
0.8713244474799229,1.503861717512635,0.9371772836761217,0.22343044179425384
0.8713244474799229,1.503861717512635,0.9025915254589477,0.22343044179425384
0.8713244474799229,1.503861717512635,0.9158868879479233,0.22343044179425384
0.8713244474799229,1.503861717512635,0.9038256215006826,0.22343044179425384
0.8713244474799229,1.503861717512635,0.8559955533802474,0.22343044179425384
0.8713244474799229,1.503861717512635,0.9492344765521258,0.22343044179425384
0.8713244474799229,1.503861717512635,0.8781953353409027,0.22343044179425384
0.8713244474799229,1.503861717512635,0.9444579567915651,0.22343044179425384
0.8713244474799229,1.503861717512635,0.8680388768733562,0.22343044179425384
0.8713244474799229,1.503861717512635,0.9053870497510594,0.21897859642582349
0.8713244474799229,1.503861717512635,0.8438997607156574,0.21897859642582349
0.8713244474799229,1.503861717512635,0.892442690705444,0.21897859642582349
0.8713244474799229,1.503861717512635,0.9806783507836446,0.21897859642582349
0.8713244474799229,1.503861717512635,0.9061279677346346,0.21897859642582349
0.8713244474799229,1.503861717512635,0.9746527491754025,0.21897859642582349
0.8713244474799229,1.503861717512635,0.9441702736597134,0.21897859642582349
0.8713244474799229,1.503861717512635,0.94507918809281,0.21897859642582349
0.8713244474799229,1.503861717512635,0.9998733373098716,0.21022883555873495
0.8713244474799229,1.503861717512635,0.8250640064834185,0.21022883555873495
0.8713244474799229,1.503861717512635,0.9728302934383585,0.21022883555873495
0.8713244474799229,1.503861717512635,0.9220601374655696,0.21022883555873495
0.8713244474799229,1.503861717512635,0.9241892783361918,0.21022883555873495
0.8713244474799229,1.503861717512635,0.9773839323839284,0.21022883555873495
0.8713244474799229,1.503861717512635,0.8634286804837643,0.21022883555873495
0.8713244474799229,1.503861717512635,0.8724796264532535,0.21022883555873495
0.8713244474799229,1.503861717512635,0.9118993866012035,0.21022883555873495
0.8713244474799229,1.503861717512635,0.8924130206957441,0.21022883555873495
0.8713244474799229,1.503861717512635,0.8999785605744799,0.21022883555873495
0.8713244474799229,1.503861717512635,0.9270436755556732,0.21022883555873495
0.8713244474799229,1.503861717512635,0.877867662037676,0.21022883555873495
0.8713244474799229,1.5007379243417183,0.8452444999900584,0.21022883555873495
0.8713244474799229,1.5007379243417183,0.8479157291271087,0.21022883555873495
0.8713244474799229,1.5007379243417183,0.917044587749896,0.21022883555873495
0.8269885501049016,1.5007379243417183,0.9142548673206767,0.21022883555873495
0.8269885501049016,1.5007379243417183,0.9430981082480051,0.21022883555873495
0.8269885501049016,1.5007379243417183,1.020481833202968,0.21022883555873495
0.8269885501049016,1.5007379243417183,0.9724182680060784,0.24340021334468062
0.8269885501049016,1.5007379243417183,0.8763722553582222,0.24340021334468062
0.8269885501049016,1.5007379243417183,1.021050639016306,0.24340021334468062
0.8269885501049016,1.5007379243417183,0.9614744041353843,0.24340021334468062
0.8269885501049016,1.5007379243417183,0.9402248431556668,0.24340021334468062
0.8269885501049016,1.5007379243417183,1.0685148711927632,0.24340021334468062
0.8269885501049016,1.5007379243417183,0.9841434782890395,0.24340021334468062
0.8269885501049016,1.5007379243417183,0.9417637497341529,0.24340021334468062
0.8269885501049016,1.5007379243417183,1.0544802159836308,0.23149743949863388
0.8269885501049016,1.5007379243417183,1.105982222614908,0.23149743949863388
0.8269885501049016,1.5007379243417183,0.9435521667556523,0.23149743949863388
0.8269885501049016,1.5007379243417183,1.0022401919355661,0.23149743949863388
0.7898733843686289,1.5007379243417183,1.0016738058402503,0.23149743949863388
0.7898733843686289,1.5131590874404015,1.151687951128713,0.23149743949863388
0.7898733843686289,1.5131590874404015,0.9479693849739473,0.23149743949863388
0.7898733843686289,1.5131590874404015,1.0187393660507917,0.23149743949863388
0.7898733843686289,1.5131590874404015,0.9692699211532777,0.23149743949863388
0.7898733843686289,1.5131590874404015,0.9784319643037521,0.23149743949863388
0.7898733843686289,1.5131590874404015,1.0977465320204778,0.23149743949863388
0.7898733843686289,1.5131590874404015,0.9439068296325358,0.23149743949863388
0.7898733843686289,1.521435409504976,0.9289410564215402,0.22135160728671355
0.7898733843686289,1.521435409504976,0.9528650912141227,0.22135160728671355
0.7898733843686289,1.521435409504976,1.0955817195756705,0.22135160728671355
0.7898733843686289,1.521435409504976,0.9446751378098343,0.22135160728671355
0.7898733843686289,1.521435409504976,1.0136572196036342,0.22135160728671355
0.8342960899903579,1.521435409504976,0.9460411206545343,0.22135160728671355
0.8342960899903579,1.521435409504976,0.9024844646462917,0.22135160728671355
0.8342960899903579,1.521435409504976,1.009197432240077,0.22135160728671355
0.8342960899903579,1.521435409504976,1.0075664651366425,0.22135160728671355
0.8342960899903579,1.521435409504976,0.9443323239308355,0.22135160728671355
0.8342960899903579,1.521435409504976,0.8724643570774765,0.22135160728671355
0.8342960899903579,1.521435409504976,0.878210235155026,0.22135160728671355
0.8538460805502844,1.521435409504976,0.9076525953626388,0.22135160728671355
0.8538460805502844,1.521435409504976,0.8863791522282201,0.22135160728671355
0.8538460805502844,1.521435409504976,0.8719878045154741,0.22135160728671355
0.8538460805502844,1.521435409504976,0.90183229890746,0.22135160728671355
0.8538460805502844,1.521435409504976,0.8805317618137514,0.22135160728671355
0.8538460805502844,1.521435409504976,0.8704964193442565,0.22135160728671355
0.8538460805502844,1.521435409504976,0.8215031535695441,0.22135160728671355
0.8538460805502844,1.521435409504976,1.0165305975336763,0.22135160728671355
0.8538460805502844,1.521435409504976,0.8007302198108643,0.22135160728671355
0.8538460805502844,1.521435409504976,0.8562059416927486,0.22135160728671355
0.8538460805502844,1.521435409504976,0.9087833361858965,0.2263198514070471
0.8538460805502844,1.521435409504976,0.9355972605303305,0.2263198514070471
0.8538460805502844,1.4682738646721654,0.9315685614997665,0.2263198514070471
0.8538460805502844,1.4682738646721654,1.0214777411191525,0.2263198514070471
0.8538460805502844,1.4682738646721654,1.0207371469362585,0.2263198514070471
0.8538460805502844,1.4682738646721654,1.0157987154014871,0.2263198514070471
0.8538460805502844,1.4682738646721654,1.0189438792068144,0.2263198514070471
0.8538460805502844,1.4682738646721654,1.0084230451447258,0.2263198514070471
0.8538460805502844,1.4682738646721654,0.9702040180434371,0.2263198514070471
0.8538460805502844,1.4682738646721654,0.9829358813635972,0.2263198514070471
0.8538460805502844,1.4682738646721654,0.992278009657982,0.2263198514070471
0.8538460805502844,1.4682738646721654,1.00845347716502,0.2263198514070471
0.8538460805502844,1.4682738646721654,1.006364047452909,0.2263198514070471
0.8538460805502844,1.4682738646721654,1.0041817650804068,0.2263198514070471
0.8538460805502844,1.4682738646721654,0.9351297410374682,0.2263198514070471
0.8538460805502844,1.4682738646721654,0.9864728682673722,0.2263198514070471
0.8538460805502844,1.4682738646721654,0.9837877283931032,0.18180170158211142
0.8538460805502844,1.4682738646721654,0.9196412855358743,0.1786578531459412
0.8538460805502844,1.4682738646721654,1.0194821865955126,0.1786578531459412
0.8538460805502844,1.4682738646721654,1.0073307784783623,0.1786578531459412
0.8538460805502844,1.4682738646721654,0.8922578910741706,0.1786578531459412
0.8538460805502844,1.4682738646721654,1.0199919104172548,0.1786578531459412
0.8538460805502844,1.4682738646721654,1.0276189857840072,0.1786578531459412
0.8538460805502844,1.4682738646721654,0.9134550871694165,0.1786578531459412
0.8538460805502844,1.4682738646721654,0.9691094695216906,0.1786578531459412
0.8538460805502844,1.4682738646721654,0.8956219362212214,0.1786578531459412
0.8538460805502844,1.4682738646721654,0.9875530961030218,0.1786578531459412
0.8538460805502844,1.4682738646721654,0.9398818302527695,0.1786578531459412
0.8538460805502844,1.4682738646721654,0.9338831654245344,0.1786578531459412
0.8538460805502844,1.4682738646721654,0.9260494477864291,0.1786578531459412
0.8538460805502844,1.4682738646721654,0.9415775854028371,0.1786578531459412
0.8538460805502844,1.4682738646721654,0.8990809178319662,0.1786578531459412
0.8538460805502844,1.4682738646721654,0.935709182933935,0.1786578531459412
0.8538460805502844,1.4682738646721654,0.9400733175284274,0.1786578531459412
0.8538460805502844,1.4682738646721654,1.0578368494480272,0.1786578531459412
0.8538460805502844,1.4682738646721654,1.061202755074922,0.1786578531459412
0.8538460805502844,1.4682738646721654,0.8446286222779357,0.1786578531459412
0.8538460805502844,1.4682738646721654,0.8939441463552857,0.1786578531459412
0.8538460805502844,1.4682738646721654,0.9083467040258959,0.1739827838272868
0.8538460805502844,1.4682738646721654,0.964250675954008,0.1739827838272868
0.8538460805502844,1.4682738646721654,0.969694026425354,0.1739827838272868
0.8538460805502844,1.4682738646721654,0.927063405917126,0.1739827838272868
0.8538460805502844,1.4682738646721654,1.0238146313462255,0.1739827838272868
0.8538460805502844,1.4682738646721654,0.9404089008178059,0.1739827838272868
0.816407930278855,1.4682738646721654,0.9501054284950236,0.1739827838272868
0.816407930278855,1.4682738646721654,0.9846848731443391,0.1739827838272868
0.816407930278855,1.4682738646721654,0.9400371459015577,0.1739827838272868
0.816407930278855,1.4682738646721654,0.8705650148570666,0.1739827838272868
0.816407930278855,1.4682738646721654,1.0710781941173606,0.2382360336551866
0.816407930278855,1.4682738646721654,1.0610752252332138,0.16914115577297872
0.816407930278855,1.4682738646721654,1.0512161296848468,0.16914115577297872
0.816407930278855,1.4682738646721654,1.0271269398876623,0.16914115577297872
0.816407930278855,1.4906936292501387,0.9837101308216702,0.16914115577297872
0.816407930278855,1.4906936292501387,0.9632361461334019,0.16914115577297872
0.816407930278855,1.4906936292501387,0.9802973355955503,0.16914115577297872
0.816407930278855,1.4906936292501387,0.9853780023516376,0.16914115577297872
0.816407930278855,1.4906936292501387,1.0106557310297906,0.16914115577297872
0.816407930278855,1.4906936292501387,0.94341465880152,0.16914115577297872
0.816407930278855,1.4906936292501387,1.0724833003106171,0.16914115577297872
0.816407930278855,1.4906936292501387,0.962769969117798,0.16914115577297872
0.816407930278855,1.4906936292501387,0.9750287507970719,0.16914115577297872
0.816407930278855,1.4906936292501387,0.9967080495436927,0.16914115577297872
0.816407930278855,1.4906936292501387,0.9285624762299876,0.16914115577297872
0.816407930278855,1.4541709939983432,1.067541087731711,0.16914115577297872
0.816407930278855,1.4541709939983432,0.9747903782175733,0.16914115577297872
0.816407930278855,1.4541709939983432,1.0399003671267173,0.16914115577297872
0.816407930278855,1.4541709939983432,1.0251820038815556,0.16914115577297872
0.816407930278855,1.4541709939983432,0.9185942495781105,0.16914115577297872
0.816407930278855,1.4541709939983432,0.9867959238804899,0.16914115577297872
0.816407930278855,1.4541709939983432,1.0365911654833042,0.16914115577297872
0.816407930278855,1.4541709939983432,0.9994466424205852,0.16914115577297872
0.816407930278855,1.4541709939983432,1.0265726977125917,0.16914115577297872
0.816407930278855,1.4163570499620317,1.1065896880995358,0.16914115577297872
0.816407930278855,1.4163570499620317,0.993802957650609,0.16914115577297872
0.816407930278855,1.4163570499620317,1.0059082271680586,0.16914115577297872
0.816407930278855,1.4163570499620317,1.0682487417240376,0.16914115577297872
0.816407930278855,1.4764191916326919,1.0143474572671798,0.16914115577297872
0.816407930278855,1.4764191916326919,0.9278894952693201,0.16914115577297872
0.816407930278855,1.4764191916326919,0.8237256115855591,0.16914115577297872
0.816407930278855,1.460893463538972,0.9545384772035734,0.16914115577297872
0.816407930278855,1.460893463538972,0.9066469854105542,0.16914115577297872
0.816407930278855,1.460893463538972,0.924165753914562,0.16914115577297872
0.816407930278855,1.460893463538972,0.9300597415977903,0.16914115577297872
0.816407930278855,1.460893463538972,1.004390732093482,0.16914115577297872
0.8620788206126613,1.460893463538972,0.9760686490638979,0.16914115577297872
0.8620788206126613,1.460893463538972,0.9288650186350452,0.16914115577297872
0.7608694916444333,1.460893463538972,0.9550654221590794,0.16914115577297872
0.7608694916444333,1.460893463538972,1.0432641106835339,0.16914115577297872
0.7608694916444333,1.460893463538972,0.9463876093290965,0.16914115577297872
0.7762354782813055,1.460893463538972,1.015531980957481,0.16914115577297872
0.7762354782813055,1.460893463538972,1.0080390049680572,0.16914115577297872
0.7762354782813055,1.460893463538972,1.0516873592378058,0.16914115577297872
0.7881802881941375,1.460893463538972,0.9443524543964542,0.16914115577297872
0.7881802881941375,1.460893463538972,1.041255950612135,0.16914115577297872
0.7881802881941375,1.460893463538972,1.0534802787089594,0.16914115577297872
0.7881802881941375,1.460893463538972,1.0345047175427493,0.16914115577297872
0.7881802881941375,1.461983110883865,0.9321024197263376,0.16914115577297872
0.7881802881941375,1.461983110883865,0.9808998594488386,0.16914115577297872
0.7881802881941375,1.461983110883865,0.9717112748341045,0.20095936004326062
0.7881802881941375,1.461983110883865,1.224271484619612,0.20095936004326062
0.7881802881941375,1.461983110883865,1.0782341320945747,0.20095936004326062
0.7881802881941375,1.461983110883865,0.9506198250262358,0.20095936004326062
0.7881802881941375,1.461983110883865,0.9466570142073263,0.20095936004326062
0.7881802881941375,1.461983110883865,1.0668723059496563,0.20095936004326062
0.7881802881941375,1.461983110883865,1.0556396954966925,0.20095936004326062
0.7881802881941375,1.461983110883865,1.0089864715941013,0.20095936004326062
0.7881802881941375,1.461983110883865,0.9921975287419315,0.20095936004326062
0.7881802881941375,1.461983110883865,1.0445672766551417,0.20095936004326062
0.7881802881941375,1.461983110883865,1.1213791778629962,0.20095936004326062
0.7881802881941375,1.461983110883865,0.9758307273159141,0.20095936004326062
0.7881802881941375,1.461983110883865,0.994369589611473,0.20095936004326062
0.7881802881941375,1.461983110883865,1.018806555071394,0.20095936004326062
0.7881802881941375,1.461983110883865,0.9650401883260732,0.20095936004326062
0.7881802881941375,1.461983110883865,1.0513517504303216,0.20095936004326062
0.7881802881941375,1.4434161525072666,1.1331614436945354,0.20095936004326062
0.7613198588340785,1.4434161525072666,1.180067120536839,0.20095936004326062
0.7613198588340785,1.4434161525072666,1.0544193091253795,0.20095936004326062
0.7613198588340785,1.4434161525072666,1.1486300605631758,0.20095936004326062
0.7613198588340785,1.4434161525072666,1.2104019548607021,0.20095936004326062
0.7613198588340785,1.4434161525072666,1.0867932539342977,0.20095936004326062
0.7844568168095387,1.4434161525072666,1.0166725161694865,0.17743803675135758
0.7947650165522984,1.4434161525072666,1.0948132402382131,0.17743803675135758
0.7947650165522984,1.4434161525072666,1.1454832894186466,0.17743803675135758
0.7947650165522984,1.4434161525072666,1.023351292908291,0.17743803675135758
0.7947650165522984,1.4434161525072666,1.0687543779621822,0.17743803675135758
0.7947650165522984,1.4434161525072666,1.059245444323959,0.2066748991687186
0.7947650165522984,1.4434161525072666,1.0933711377525843,0.2066748991687186
0.7947650165522984,1.4434161525072666,1.0863215666571413,0.2066748991687186
0.7947650165522984,1.4434161525072666,1.0899484803490354,0.2066748991687186
0.7947650165522984,1.4434161525072666,1.1032830146067807,0.2066748991687186
0.7947650165522984,1.4434161525072666,1.0705977940104203,0.2066748991687186
0.7947650165522984,1.4434161525072666,0.9976181417125889,0.2066748991687186
0.7947650165522984,1.4434161525072666,1.0401007518116807,0.2066748991687186
0.7947650165522984,1.4434161525072666,1.2323988470082956,0.2066748991687186
0.7947650165522984,1.4434161525072666,1.1265619599301158,0.2066748991687186
0.7947650165522984,1.4434161525072666,1.1413747622529675,0.2066748991687186
0.7947650165522984,1.4434161525072666,1.1655904524778737,0.2066748991687186
0.7947650165522984,1.4434161525072666,1.0831095120000946,0.2066748991687186
0.7947650165522984,1.4328101600073304,1.0417948377681177,0.2066748991687186
0.8401860401752602,1.4328101600073304,1.1530955688103495,0.2066748991687186
0.8401860401752602,1.455165196851502,1.037577867026652,0.2066748991687186
0.8401860401752602,1.455165196851502,1.0353768159355765,0.2066748991687186
0.8401860401752602,1.455165196851502,0.973982857893869,0.2066748991687186
0.8401860401752602,1.455165196851502,1.0902471669665819,0.2066748991687186
0.8401860401752602,1.455165196851502,1.0347879883314755,0.2066748991687186
0.8401860401752602,1.44213391962342,1.1017513832939572,0.2066748991687186
0.8401860401752602,1.44213391962342,1.051548822662224,0.2066748991687186
0.8401860401752602,1.44213391962342,0.9481167461355938,0.2066748991687186
0.8401860401752602,1.44213391962342,0.9910127880111104,0.2066748991687186
0.8401860401752602,1.44213391962342,1.0869844128936617,0.2066748991687186
0.8401860401752602,1.44213391962342,1.113423317842613,0.2066748991687186
0.8401860401752602,1.44213391962342,1.1014098518908972,0.2066748991687186
0.8401860401752602,1.44213391962342,1.0409596394684575,0.2066748991687186
0.8401860401752602,1.44213391962342,1.159191886911333,0.2066748991687186
0.8401860401752602,1.44213391962342,1.1168521833166059,0.2066748991687186
0.8401860401752602,1.44213391962342,1.0596700106301962,0.2066748991687186
0.8401860401752602,1.44213391962342,1.185314320729208,0.2066748991687186
0.8401860401752602,1.44213391962342,1.0079730998782495,0.2066748991687186
0.8401860401752602,1.44213391962342,1.0066659209340445,0.21136027207609923
0.8401860401752602,1.44213391962342,1.094868307275243,0.21136027207609923
0.8401860401752602,1.44213391962342,0.9923484809387195,0.21136027207609923
0.8401860401752602,1.44213391962342,1.0707704252407653,0.21136027207609923
0.8401860401752602,1.451640283033822,1.0156842098915353,0.21136027207609923
0.8401860401752602,1.451640283033822,1.00890795937824,0.21136027207609923
0.8401860401752602,1.451640283033822,1.0796645898022865,0.21136027207609923
0.8401860401752602,1.451640283033822,0.9994929597997566,0.21136027207609923
0.8216459261736688,1.451640283033822,1.0336706283559505,0.21136027207609923
0.8216459261736688,1.451640283033822,1.0135453971833746,0.21136027207609923
0.8216459261736688,1.451640283033822,1.0804010156116532,0.21136027207609923
0.8216459261736688,1.451640283033822,1.032187304231403,0.21136027207609923
0.8216459261736688,1.451640283033822,1.0973978945326806,0.21136027207609923
0.8216459261736688,1.451640283033822,1.0200499270716552,0.21136027207609923
0.8216459261736688,1.4666547703680402,1.058286038994032,0.21136027207609923
0.8216459261736688,1.4666547703680402,0.9667249242495481,0.21136027207609923
0.8216459261736688,1.481848708271998,1.079384892069747,0.21136027207609923
0.8216459261736688,1.481848708271998,0.9710067996830399,0.21136027207609923
0.8216459261736688,1.481848708271998,1.0076489429826676,0.21136027207609923
0.8216459261736688,1.481848708271998,0.9970603334559383,0.21136027207609923
0.8216459261736688,1.481848708271998,0.9912212332200269,0.21136027207609923
0.8714646241074998,1.481848708271998,0.9164024468985865,0.21136027207609923
0.8714646241074998,1.5210089310840882,0.9751988922608709,0.21136027207609923
0.8714646241074998,1.5210089310840882,0.8014155422306098,0.21136027207609923
0.8714646241074998,1.5210089310840882,0.7950765695352486,0.21136027207609923
0.8714646241074998,1.5210089310840882,0.8633482809794651,0.21136027207609923
0.8182934318269435,1.5210089310840882,0.949166533122398,0.21136027207609923
0.8182934318269435,1.5210089310840882,0.9006733070787878,0.21136027207609923
0.8182934318269435,1.5210089310840882,0.9888484320844427,0.21136027207609923
0.8182934318269435,1.5210089310840882,0.8939601523321972,0.2646722775230768
0.8182934318269435,1.5210089310840882,1.0709116936051817,0.24222358807198488
0.8182934318269435,1.5210089310840882,0.9683161501003535,0.24222358807198488
0.8182934318269435,1.5210089310840882,0.9524008404687628,0.24222358807198488
0.8182934318269435,1.5210089310840882,0.9738437926981055,0.24222358807198488
0.8182934318269435,1.5210089310840882,1.0403632322084273,0.24222358807198488
0.8182934318269435,1.5210089310840882,0.9494916653269768,0.24222358807198488
0.8182934318269435,1.5210089310840882,0.9334301753713381,0.24222358807198488
0.8182934318269435,1.5210089310840882,0.9552399037773608,0.24222358807198488
0.8182934318269435,1.5210089310840882,1.0710764505993133,0.24222358807198488
0.8182934318269435,1.5210089310840882,1.0018470031930784,0.21383791596249538
0.8182934318269435,1.5210089310840882,0.8978639156283987,0.21383791596249538
0.8182934318269435,1.5210089310840882,0.9700455059822132,0.21383791596249538
0.8182934318269435,1.5210089310840882,0.9421972812396779,0.21383791596249538
0.8182934318269435,1.5210089310840882,1.0178294212432826,0.21383791596249538
0.8182934318269435,1.5210089310840882,0.9295731886982201,0.21383791596249538
0.8182934318269435,1.5210089310840882,0.8333235996811823,0.21383791596249538
0.8182934318269435,1.5210089310840882,0.9169742790542831,0.21383791596249538
0.8182934318269435,1.5210089310840882,0.8731904714533656,0.21383791596249538
0.8182934318269435,1.4725521962366628,0.9547982454601988,0.21383791596249538
0.8182934318269435,1.4725521962366628,0.9601023362875973,0.21383791596249538
0.8182934318269435,1.4725521962366628,1.0398049342468973,0.21383791596249538
0.8182934318269435,1.4725521962366628,1.0061028466670139,0.21383791596249538
0.8182934318269435,1.4018382661506463,1.040213970911305,0.21383791596249538
0.8182934318269435,1.4018382661506463,1.2234324366876652,0.21383791596249538
0.8182934318269435,1.4018382661506463,1.219268573485223,0.21383791596249538
0.8182934318269435,1.4018382661506463,1.1552959433692311,0.21383791596249538
0.8182934318269435,1.4018382661506463,1.2117552840431336,0.21383791596249538
0.8182934318269435,1.4018382661506463,1.1674657397403956,0.21383791596249538
0.8182934318269435,1.4018382661506463,1.0690609707164498,0.21383791596249538
0.8182934318269435,1.4018382661506463,1.2055240248658587,0.21383791596249538
0.8182934318269435,1.4018382661506463,1.0849516361824465,0.21383791596249538
0.8182934318269435,1.4018382661506463,1.25478088441814,0.21383791596249538
0.8182934318269435,1.4018382661506463,1.1934584316836476,0.21383791596249538
0.8182934318269435,1.4018382661506463,1.1715525535132079,0.21383791596249538
0.8182934318269435,1.4018382661506463,1.095421244046187,0.21383791596249538
0.8182934318269435,1.4018382661506463,1.2184841452266755,0.21383791596249538
0.8182934318269435,1.4018382661506463,1.1277151607643165,0.21383791596249538
0.8182934318269435,1.4018382661506463,1.1366971224464602,0.21383791596249538
0.8182934318269435,1.4018382661506463,1.124131909791804,0.21383791596249538
0.8182934318269435,1.4018382661506463,1.193066153219077,0.21383791596249538
0.8182934318269435,1.4018382661506463,1.164943349709024,0.21383791596249538
0.8182934318269435,1.3864285722172145,1.24363152834413,0.1490206048410188
0.8182934318269435,1.4313343646052092,1.0603012587233793,0.1490206048410188
0.8182934318269435,1.4313343646052092,1.019388028787413,0.1490206048410188
0.8182934318269435,1.399508133662725,1.0692480304425236,0.1490206048410188
0.8182934318269435,1.399508133662725,1.0511287081884515,0.1490206048410188
0.8182934318269435,1.399508133662725,0.9786795900194588,0.1490206048410188
0.8182934318269435,1.399508133662725,1.1440235985579525,0.1490206048410188
0.8182934318269435,1.399508133662725,0.9926372421798544,0.1490206048410188
0.8182934318269435,1.399508133662725,0.9827596267496315,0.1490206048410188
0.8182934318269435,1.399508133662725,1.1279096799047874,0.1490206048410188
0.8182934318269435,1.399508133662725,1.06100707678943,0.1490206048410188
0.8182934318269435,1.399508133662725,1.0593653438782213,0.1490206048410188
0.8182934318269435,1.399508133662725,1.025098946665321,0.1490206048410188
0.8182934318269435,1.399508133662725,1.0152271693973127,0.1490206048410188
0.8182934318269435,1.399508133662725,1.1294076003834552,0.1490206048410188
0.8182934318269435,1.399508133662725,1.102222680997027,0.1490206048410188
0.8182934318269435,1.399508133662725,1.0270770161933838,0.1490206048410188
0.8182934318269435,1.399508133662725,1.0763241556159593,0.1490206048410188
0.8182934318269435,1.399508133662725,1.1012158261487697,0.1490206048410188
0.8182934318269435,1.399508133662725,1.1441800323380302,0.1490206048410188
0.8182934318269435,1.416692066941515,1.0710869368929177,0.1490206048410188
0.8182934318269435,1.416692066941515,0.9983065763524258,0.1490206048410188
0.8182934318269435,1.416692066941515,0.9933246054006678,0.1490206048410188
0.8182934318269435,1.3732762872747313,1.0558018262089908,0.1490206048410188
0.8182934318269435,1.3732762872747313,1.1666173075514126,0.1490206048410188
0.8182934318269435,1.3732762872747313,1.2017930502112792,0.1490206048410188
0.8182934318269435,1.3732762872747313,1.094340117231449,0.1490206048410188
0.8182934318269435,1.3732762872747313,1.106812240741809,0.1490206048410188
0.8182934318269435,1.3732762872747313,1.1174460866675158,0.1490206048410188
0.8182934318269435,1.3732762872747313,1.0804540317703408,0.1490206048410188
0.8182934318269435,1.3732762872747313,1.0847770122919025,0.1490206048410188
0.8182934318269435,1.3732762872747313,1.0139386508792794,0.1490206048410188
0.8182934318269435,1.265226477989193,1.2773038213862706,0.1490206048410188
0.8182934318269435,1.3695136459357224,1.2997347941257507,0.1490206048410188
0.8182934318269435,1.3695136459357224,1.2412818873426448,0.1490206048410188
0.8182934318269435,1.3695136459357224,1.2308912128636644,0.1490206048410188
0.8182934318269435,1.3695136459357224,1.0801178269601226,0.1490206048410188
0.8182934318269435,1.3695136459357224,1.175093450438142,0.1490206048410188
0.8182934318269435,1.3695136459357224,1.0683233812819646,0.1490206048410188
0.8182934318269435,1.3695136459357224,1.1358199234978272,0.1490206048410188
0.8182934318269435,1.3695136459357224,1.1837776915287328,0.1490206048410188
0.8182934318269435,1.3898924220495803,1.0669960065089983,0.1490206048410188
0.8026912802257383,1.3898924220495803,1.1030642418649563,0.1490206048410188
0.8026912802257383,1.3898924220495803,1.1280388279776528,0.1490206048410188
0.8026912802257383,1.3898924220495803,1.2652742859581978,0.1490206048410188
0.8026912802257383,1.3898924220495803,1.1974361419545758,0.1490206048410188
0.8026912802257383,1.3898924220495803,1.0476721539649572,0.1490206048410188
0.8026912802257383,1.3898924220495803,1.0618254578783235,0.1490206048410188
0.8026912802257383,1.3898924220495803,1.2462520948928735,0.1490206048410188
0.8026912802257383,1.3898924220495803,1.0797567615906891,0.1490206048410188
0.8026912802257383,1.3898924220495803,1.1703477657795158,0.1490206048410188
0.8026912802257383,1.3898924220495803,1.0850053021392754,0.1490206048410188
0.8026912802257383,1.3808740991341393,1.0968737385911684,0.1490206048410188
0.774292053245747,1.3808740991341393,1.1049493052955632,0.1490206048410188
0.774292053245747,1.3808740991341393,1.1957223927583602,0.1490206048410188
0.774292053245747,1.3808740991341393,1.1623132301121957,0.1490206048410188
0.774292053245747,1.3808740991341393,1.1174727932621544,0.1490206048410188
0.774292053245747,1.3808740991341393,1.32237011607323,0.22168381220348798
0.774292053245747,1.3808740991341393,1.2121527706519954,0.22168381220348798
0.774292053245747,1.3808740991341393,1.3226384580362727,0.22168381220348798
0.774292053245747,1.3808740991341393,1.2490931531428802,0.22168381220348798
0.774292053245747,1.3808740991341393,1.1831861367488639,0.2262189113391824
0.774292053245747,1.3829104828200673,1.2149752480467104,0.2262189113391824
0.7746472659794464,1.3829104828200673,1.1114921870448196,0.2262189113391824
0.7746472659794464,1.3829104828200673,1.210811943470684,0.2262189113391824
0.7746472659794464,1.3829104828200673,1.151060494286453,0.2262189113391824
0.7746472659794464,1.3829104828200673,1.336754439361328,0.2262189113391824
0.7746472659794464,1.3829104828200673,1.2683860428966385,0.2262189113391824
0.7746472659794464,1.3829104828200673,1.4042195754465667,0.2262189113391824
0.7746472659794464,1.3829104828200673,1.3794792136498315,0.2262189113391824
0.7746472659794464,1.3829104828200673,1.291845212544567,0.2262189113391824
0.7647879376818959,1.3829104828200673,1.119185245578432,0.2262189113391824
0.7647879376818959,1.3829104828200673,1.2710967034147536,0.2262189113391824
0.7647879376818959,1.3829104828200673,1.3166319021705057,0.18329123440399134
0.7647879376818959,1.3829104828200673,1.3569966883275508,0.18329123440399134
0.7647879376818959,1.3829104828200673,1.3001009717914571,0.18329123440399134
0.7647879376818959,1.3829104828200673,1.20267134804964,0.18329123440399134
0.7647879376818959,1.3829104828200673,1.2021496186623901,0.18329123440399134
0.7647879376818959,1.3829104828200673,1.341021286107275,0.18329123440399134
0.7647879376818959,1.3829104828200673,1.23288489342865,0.18329123440399134
0.7647879376818959,1.3829104828200673,1.3178670781018045,0.18329123440399134
0.7647879376818959,1.3829104828200673,1.2546728502667415,0.18329123440399134
0.7647879376818959,1.3829104828200673,1.2173417133594853,0.18329123440399134
0.7647879376818959,1.3829104828200673,1.1470869338515772,0.18329123440399134
0.7647879376818959,1.3829104828200673,1.258663760957236,0.18329123440399134
0.7647879376818959,1.3829104828200673,1.1077726851558,0.1500406137912807
0.7505148761738556,1.3829104828200673,1.0695699864440138,0.1500406137912807
0.7505148761738556,1.3829104828200673,1.2352583333215101,0.1500406137912807
0.7505148761738556,1.3829104828200673,1.4190035210757876,0.1500406137912807
0.7505148761738556,1.3829104828200673,1.2574420914229751,0.1500406137912807
0.7505148761738556,1.3829104828200673,1.2388228848954546,0.1500406137912807
0.7505148761738556,1.3829104828200673,1.3010322298053252,0.1500406137912807
0.7505148761738556,1.3829104828200673,1.0365679922963231,0.1500406137912807
0.7505148761738556,1.3829104828200673,1.4222259630794662,0.1500406137912807
0.7505148761738556,1.3829104828200673,1.2043537542982659,0.1500406137912807
0.7505148761738556,1.3829104828200673,1.2065148089421278,0.1500406137912807
0.7505148761738556,1.3829104828200673,1.1168691345709416,0.1500406137912807
0.7505148761738556,1.3829104828200673,1.2058217313984747,0.1500406137912807
0.7505148761738556,1.3829104828200673,1.1718378658367332,0.1500406137912807
0.7505148761738556,1.3829104828200673,1.2348164724514779,0.1500406137912807
0.7505148761738556,1.3829104828200673,1.3254117423224605,0.1500406137912807
0.7505148761738556,1.3829104828200673,1.0587556806478542,0.16767056879310238
0.7505148761738556,1.3829104828200673,1.280876844717544,0.16767056879310238
0.7505148761738556,1.424012973016549,1.195344273046483,0.16767056879310238
0.7505148761738556,1.424012973016549,1.0996169632495931,0.16767056879310238
0.7505148761738556,1.424012973016549,1.1380773847267385,0.16767056879310238
0.7505148761738556,1.424012973016549,1.204942561552141,0.16767056879310238
0.7505148761738556,1.424012973016549,1.138512276638047,0.16767056879310238
0.6923457110139644,1.424012973016549,1.199922020678206,0.16767056879310238
0.6923457110139644,1.424012973016549,1.272978961980092,0.16767056879310238
0.8289932272975524,1.424012973016549,1.1185238289392363,0.16767056879310238
0.8289932272975524,1.4192257717495802,1.135116637906808,0.16767056879310238
0.8289932272975524,1.4192257717495802,1.0301667334096059,0.16767056879310238
0.8289932272975524,1.4192257717495802,0.9857410166748947,0.16767056879310238
0.8289932272975524,1.4192257717495802,1.0334461261768824,0.16767056879310238
0.8289932272975524,1.454440029917174,1.1397701236096265,0.16767056879310238
0.8289932272975524,1.454440029917174,1.1454088912310945,0.16767056879310238
0.8289932272975524,1.454440029917174,0.9884467881655525,0.16767056879310238
0.8289932272975524,1.454440029917174,1.069362866315556,0.16767056879310238
0.7390970911877361,1.454440029917174,1.0680985809394048,0.16767056879310238
0.7390970911877361,1.454440029917174,1.1994355630413784,0.16767056879310238
0.7390970911877361,1.454440029917174,1.0306827962634741,0.18771943529350862
0.7390970911877361,1.454440029917174,1.1369719328749759,0.18771943529350862
0.7390970911877361,1.454440029917174,1.1860438314153638,0.18771943529350862
0.7390970911877361,1.454440029917174,1.2011478086531684,0.18771943529350862
0.7390970911877361,1.5304670648519223,1.0383402817521912,0.18771943529350862
0.7390970911877361,1.5304670648519223,0.9221209268888473,0.18771943529350862
0.7390970911877361,1.5304670648519223,1.0127161229743122,0.18771943529350862
0.7390970911877361,1.5304670648519223,0.9659794623898813,0.20113935409491104
0.7390970911877361,1.5304670648519223,1.0078669370274487,0.20113935409491104
0.7390970911877361,1.5304670648519223,0.9756904822538108,0.20113935409491104
0.7390970911877361,1.5304670648519223,0.9659700569438787,0.2102553002519703
0.7390970911877361,1.5304670648519223,1.005971386703577,0.2102553002519703
0.7390970911877361,1.5304670648519223,1.0381845559568867,0.2102553002519703
0.7390970911877361,1.5304670648519223,1.0929833854104691,0.19971659079360735
0.7390970911877361,1.5304670648519223,1.0229641652795691,0.19971659079360735
0.7390970911877361,1.5304670648519223,1.0173366742895347,0.19971659079360735
0.7390970911877361,1.5304670648519223,0.9890167923950776,0.19971659079360735
0.7390970911877361,1.512642347531151,0.9593254877299705,0.19971659079360735
0.7390970911877361,1.512642347531151,0.9487429253498353,0.19971659079360735
0.7390970911877361,1.512642347531151,1.128576089252419,0.19971659079360735
0.7390970911877361,1.512642347531151,1.0413162279231831,0.19971659079360735
0.7390970911877361,1.512642347531151,1.0198473811028692,0.19971659079360735
0.7390970911877361,1.512642347531151,1.0476397685728909,0.19971659079360735
0.7390970911877361,1.512642347531151,0.9876049326015256,0.19971659079360735
0.7390970911877361,1.512642347531151,0.9874788595535435,0.19971659079360735
0.7390970911877361,1.512642347531151,1.1602711175783076,0.19971659079360735
0.7390970911877361,1.512642347531151,0.980214401850527,0.19971659079360735
0.7390970911877361,1.4435659759431783,1.1455970304420644,0.19971659079360735
0.7978907343958263,1.4435659759431783,1.1946799798884102,0.19971659079360735
0.8873324716369869,1.4435659759431783,1.0204170336650624,0.19971659079360735
0.8873324716369869,1.4435659759431783,0.941131123395174,0.19971659079360735
0.8873324716369869,1.4435659759431783,0.9530367804995086,0.19971659079360735
1.0329924115882638,1.4435659759431783,0.8270937998208365,0.19971659079360735
1.0329924115882638,1.4435659759431783,0.8120767045992744,0.19971659079360735
1.0329924115882638,1.4435659759431783,0.9256383576402215,0.19971659079360735
1.0329924115882638,1.4435659759431783,0.8154016036546688,0.19971659079360735
1.0329924115882638,1.4435659759431783,0.7806191932514105,0.19971659079360735
1.0329924115882638,1.4435659759431783,0.9073300097888696,0.19971659079360735
1.0329924115882638,1.4435659759431783,0.828453355673059,0.19971659079360735
0.9473483339466328,1.4435659759431783,0.8676037167241363,0.19971659079360735
0.9473483339466328,1.4435659759431783,1.0029820483705205,0.19971659079360735
0.9473483339466328,1.498495400492606,0.8263363828283471,0.19971659079360735
0.9473483339466328,1.4684845241361817,0.8054011611323322,0.19971659079360735
0.9473483339466328,1.4684845241361817,0.863820079401566,0.19971659079360735
0.9473483339466328,1.4684845241361817,0.8691957182522058,0.19971659079360735
0.9473483339466328,1.4684845241361817,0.8811189126494854,0.19971659079360735
0.9473483339466328,1.4684845241361817,0.8768612598592472,0.24220621116458033
0.9473483339466328,1.4684845241361817,0.9792081270282934,0.24220621116458033
0.9473483339466328,1.4684845241361817,0.932426484307656,0.24220621116458033
0.9473483339466328,1.4684845241361817,0.9166870617104437,0.24220621116458033
0.9473483339466328,1.4684845241361817,0.8990135755053307,0.24220621116458033
0.9473483339466328,1.4684845241361817,0.8946899686006592,0.24220621116458033
0.9473483339466328,1.454816004493807,0.9480073798490122,0.24220621116458033
0.9473483339466328,1.454816004493807,0.9232896413610621,0.24220621116458033
0.9473483339466328,1.454816004493807,0.9666566686861643,0.24220621116458033
0.9473483339466328,1.454816004493807,0.8567630897307101,0.24220621116458033
0.9473483339466328,1.454816004493807,0.9032960353881149,0.1821840850821722
0.9473483339466328,1.454816004493807,0.9671950939260612,0.1821840850821722
0.9473483339466328,1.3951081292618859,0.9419596064649701,0.1821840850821722
0.9473483339466328,1.3951081292618859,0.9366180063024829,0.1821840850821722
0.9473483339466328,1.3951081292618859,1.0047109656195647,0.1821840850821722
1.0110520492350985,1.3951081292618859,0.8582958658803426,0.1821840850821722
1.0110520492350985,1.3951081292618859,0.9179835438755981,0.1821840850821722
1.0110520492350985,1.3951081292618859,0.9175889705061858,0.1821840850821722
1.0110520492350985,1.3951081292618859,0.927597135396635,0.1821840850821722
1.0110520492350985,1.3951081292618859,0.899534025285299,0.1821840850821722
1.0110520492350985,1.3524081461037132,0.9021286436455591,0.1821840850821722
1.0110520492350985,1.3524081461037132,0.9411491122111023,0.1821840850821722
1.0110520492350985,1.3524081461037132,0.9293467375393388,0.1821840850821722
1.0110520492350985,1.4037991672376908,0.9568379681629927,0.1821840850821722
1.0110520492350985,1.4037991672376908,0.8782392961255386,0.1821840850821722
1.0110520492350985,1.4037991672376908,0.8445873163806372,0.20718527620362773
1.0110520492350985,1.4037991672376908,0.9378674295818092,0.21740508867499728
1.0110520492350985,1.4037991672376908,0.8944225969962962,0.21740508867499728
1.0110520492350985,1.4037991672376908,0.9905593792612156,0.21740508867499728
1.0110520492350985,1.4037991672376908,0.9578073183783017,0.21740508867499728
1.0110520492350985,1.4037991672376908,0.8776322862075919,0.21740508867499728
1.0110520492350985,1.4422343329443152,0.8757679441929722,0.21740508867499728
1.0110520492350985,1.4422343329443152,0.9209820341009615,0.21740508867499728
1.0110520492350985,1.4422343329443152,0.8903620463362855,0.21740508867499728
1.0110520492350985,1.4422343329443152,0.9154394063985498,0.2620344236899988
1.0110520492350985,1.4262711023087793,0.9544015676545388,0.2620344236899988
1.0110520492350985,1.4262711023087793,0.9886945073925951,0.2620344236899988
1.0110520492350985,1.4262711023087793,1.019285787529767,0.2620344236899988
1.0110520492350985,1.4262711023087793,0.9825883417338948,0.2620344236899988
1.0110520492350985,1.4262711023087793,0.938146748709163,0.2620344236899988
1.0110520492350985,1.4262711023087793,0.9468396161338096,0.2620344236899988
1.0110520492350985,1.4262711023087793,0.9994097171129138,0.2620344236899988
1.0110520492350985,1.4262711023087793,0.8946387854075823,0.2620344236899988
1.0110520492350985,1.4262711023087793,0.8507332018861036,0.2620344236899988
1.0110520492350985,1.4262711023087793,0.9495950614495875,0.2620344236899988
1.0110520492350985,1.4262711023087793,0.9120682880303796,0.2620344236899988
1.0110520492350985,1.4262711023087793,0.9856655274048106,0.25895663129920776
1.0110520492350985,1.4262711023087793,0.9155496625543663,0.25895663129920776
1.0110520492350985,1.4262711023087793,0.9049350821192825,0.25895663129920776
1.0110520492350985,1.4262711023087793,0.8928620557765622,0.25895663129920776
1.0110520492350985,1.4262711023087793,0.9220498044497869,0.25895663129920776
1.0110520492350985,1.4262711023087793,0.9271264052855267,0.25895663129920776
1.0110520492350985,1.4262711023087793,0.8876972106515426,0.25895663129920776
1.0110520492350985,1.4262711023087793,0.9507110752480251,0.25895663129920776
1.0110520492350985,1.4262711023087793,0.827794082300916,0.25895663129920776
1.0110520492350985,1.4262711023087793,0.9623093977508369,0.25895663129920776
1.0110520492350985,1.4262711023087793,0.9377908148379677,0.25895663129920776
1.0110520492350985,1.4262711023087793,0.9550658740441343,0.25895663129920776
1.0110520492350985,1.4205454919951577,0.9308737553835852,0.25895663129920776
1.0110520492350985,1.4205454919951577,0.8945251894179489,0.25895663129920776
1.0110520492350985,1.4205454919951577,0.9284322453624276,0.25895663129920776
1.0110520492350985,1.4205454919951577,0.9141677654165511,0.25895663129920776
1.0110520492350985,1.4205454919951577,0.9849424211147925,0.25895663129920776
1.0110520492350985,1.4205454919951577,0.9795817765553053,0.25895663129920776
1.0110520492350985,1.4205454919951577,0.9287850032538385,0.25895663129920776
1.0110520492350985,1.4205454919951577,0.9885589790545515,0.25895663129920776
1.0110520492350985,1.4205454919951577,0.9340439268857957,0.25895663129920776
1.0110520492350985,1.4205454919951577,1.0020179211930302,0.25895663129920776
1.0110520492350985,1.4205454919951577,1.0439375184830142,0.25895663129920776
1.0110520492350985,1.4111526241747272,0.9028352187078569,0.25895663129920776
1.0110520492350985,1.4111526241747272,0.8891864899201616,0.25895663129920776
1.0110520492350985,1.4856832635059176,0.931119513684536,0.25895663129920776
1.0110520492350985,1.4856832635059176,0.8626984107783194,0.25895663129920776
1.0741346152243512,1.4856832635059176,0.8266713361959193,0.25895663129920776
1.0741346152243512,1.4856832635059176,0.7610935765543854,0.25895663129920776
1.0741346152243512,1.4856832635059176,0.7661753671692115,0.25895663129920776
1.0741346152243512,1.4856832635059176,0.7555589451116086,0.25895663129920776
1.0741346152243512,1.4856832635059176,0.7396055580138945,0.25895663129920776
1.0741346152243512,1.4856832635059176,0.7633116394484271,0.22141436790730404
1.0741346152243512,1.4856832635059176,0.8090261605972915,0.22141436790730404
1.0741346152243512,1.4856832635059176,0.7249127989780816,0.22141436790730404
1.0741346152243512,1.4856832635059176,0.7168768513180427,0.22141436790730404
1.0741346152243512,1.4856832635059176,0.8130400735291391,0.22141436790730404
1.0741346152243512,1.3757202136389164,0.8365284486334714,0.22141436790730404
1.0741346152243512,1.3757202136389164,0.9231332599673345,0.1931669440308266
1.0741346152243512,1.3757202136389164,0.8432969410215666,0.1931669440308266
1.0741346152243512,1.3802869648965694,0.8884883104230572,0.1852655202502557
1.0741346152243512,1.3802869648965694,0.837143963475349,0.1852655202502557
1.0741346152243512,1.3802869648965694,0.9353477788908252,0.1852655202502557
1.0741346152243512,1.3802869648965694,0.866209784029445,0.1852655202502557
1.0741346152243512,1.3802869648965694,0.8604316005122549,0.1852655202502557
1.0741346152243512,1.3802869648965694,0.8848012642209226,0.1852655202502557
1.0741346152243512,1.3802869648965694,0.9192512707897792,0.1852655202502557
1.0741346152243512,1.3802869648965694,0.8393947934458208,0.1852655202502557
1.0741346152243512,1.3802869648965694,0.9320099139057567,0.1852655202502557
1.0741346152243512,1.3802869648965694,0.950223206286894,0.1852655202502557
1.0741346152243512,1.3802869648965694,0.9644990346549742,0.1852655202502557
1.0741346152243512,1.3802869648965694,0.8706859835699472,0.1852655202502557
1.0741346152243512,1.3802869648965694,0.9011681863311563,0.1852655202502557
1.0741346152243512,1.3802869648965694,0.8527707634701851,0.1852655202502557
1.0741346152243512,1.3802869648965694,0.8608376498053099,0.1852655202502557
1.0741346152243512,1.3802869648965694,0.8845362972784218,0.1852655202502557
1.0741346152243512,1.3802869648965694,0.8785800683787628,0.1852655202502557
1.0741346152243512,1.3802869648965694,0.8585881963376911,0.1852655202502557
1.0741346152243512,1.3802869648965694,0.9433132961003521,0.1852655202502557
1.0741346152243512,1.3802869648965694,0.8894767507534003,0.22399187090133021
1.0741346152243512,1.3802869648965694,0.9465328045410683,0.18264925003675042
1.0741346152243512,1.3802869648965694,0.8495053842463184,0.18264925003675042
1.0741346152243512,1.3782657900141861,0.8591673078364055,0.18264925003675042
1.0741346152243512,1.3782657900141861,0.8782104720413367,0.18264925003675042
1.0741346152243512,1.3782657900141861,0.8062003014955594,0.18264925003675042
1.0741346152243512,1.3782657900141861,0.8254717396903731,0.18264925003675042
1.0741346152243512,1.3782657900141861,0.8361275558335335,0.18264925003675042
1.0741346152243512,1.3782657900141861,0.8191743049556924,0.18264925003675042
1.0741346152243512,1.3782657900141861,0.8778078015380101,0.18264925003675042
1.0741346152243512,1.3782657900141861,0.9603676954970448,0.18264925003675042
1.0741346152243512,1.3782657900141861,0.8978865120828604,0.18264925003675042
1.0741346152243512,1.3782657900141861,0.9073556718972442,0.18264925003675042
0.9817181209625057,1.3782657900141861,0.8901609892418508,0.18264925003675042
0.9817181209625057,1.3782657900141861,0.8712457324243142,0.18264925003675042
0.9817181209625057,1.3782657900141861,0.8994602298812552,0.18264925003675042
0.9817181209625057,1.3782657900141861,0.9437218115751271,0.18264925003675042
0.9817181209625057,1.3836672202095621,0.8893534530746531,0.18264925003675042
0.9817181209625057,1.3836672202095621,0.9741335919741324,0.18264925003675042
0.9817181209625057,1.3836672202095621,0.8985910641229361,0.18264925003675042
0.9817181209625057,1.3836672202095621,1.0679807249929787,0.18264925003675042
0.9817181209625057,1.3836672202095621,0.991980193636108,0.18264925003675042
0.9817181209625057,1.3836672202095621,1.007213354496289,0.18264925003675042
0.9817181209625057,1.3836672202095621,1.0066560759984113,0.18264925003675042
0.9817181209625057,1.3836672202095621,0.9947432693597922,0.18264925003675042
0.9817181209625057,1.3836672202095621,0.8679521271431009,0.18264925003675042
0.9817181209625057,1.3836672202095621,0.9898622854370916,0.18264925003675042
0.9817181209625057,1.3836672202095621,0.9891491573212529,0.18264925003675042
0.9817181209625057,1.3836672202095621,0.9675967132904463,0.18758716686603208
0.9817181209625057,1.3836672202095621,0.9593069539981451,0.18758716686603208
0.9817181209625057,1.3836672202095621,1.0059631972986358,0.18758716686603208
0.9817181209625057,1.3836672202095621,0.951858987902925,0.2186756958380054
0.9817181209625057,1.3836672202095621,1.0438159650344374,0.2186756958380054
0.9817181209625057,1.3836672202095621,0.9629336895517716,0.2186756958380054
0.9817181209625057,1.3836672202095621,1.1097202787820666,0.2186756958380054
0.9817181209625057,1.3836672202095621,0.8761518100418337,0.18040171323895363
0.9817181209625057,1.3836672202095621,0.995913631474358,0.18040171323895363
0.9817181209625057,1.3836672202095621,0.8508522763354943,0.18040171323895363
0.9817181209625057,1.3836672202095621,1.0307072705101379,0.18040171323895363
0.9817181209625057,1.3836672202095621,0.9115028287919101,0.18040171323895363
0.8580213806576209,1.3836672202095621,0.9729901481439649,0.18040171323895363
0.8580213806576209,1.3836672202095621,1.076995361705236,0.18040171323895363
0.8580213806576209,1.3836672202095621,1.0950432438427553,0.18040171323895363
0.8580213806576209,1.3836672202095621,1.1012350076870374,0.18040171323895363
0.8580213806576209,1.3836672202095621,1.188044706321628,0.18040171323895363
0.8706820337257051,1.3836672202095621,1.0258038700808472,0.18040171323895363
0.8706820337257051,1.3836672202095621,1.0151289142074045,0.18040171323895363
0.841081383652748,1.3836672202095621,1.1200400000929738,0.18040171323895363
0.841081383652748,1.3836672202095621,1.0849137371031292,0.18040171323895363
0.841081383652748,1.3836672202095621,1.0324921464890489,0.18040171323895363
0.841081383652748,1.3836672202095621,1.1845474413831603,0.18040171323895363
0.8513908541578137,1.3836672202095621,1.1276080805101363,0.18040171323895363
0.8513908541578137,1.3836672202095621,1.2374544829898064,0.18040171323895363
0.8513908541578137,1.3836672202095621,1.1232854194098338,0.18040171323895363
0.8513908541578137,1.3836672202095621,1.062943727804666,0.18040171323895363
0.8513908541578137,1.3836672202095621,1.1959038410414007,0.18040171323895363
0.8513908541578137,1.3836672202095621,1.0777129563708576,0.18040171323895363
0.8513908541578137,1.3836672202095621,1.2039135549852873,0.18040171323895363
0.8436817674215522,1.3836672202095621,1.0849616996070448,0.18040171323895363
0.8436817674215522,1.3836672202095621,1.1506692425144913,0.18040171323895363
0.8436817674215522,1.3836672202095621,1.208539632759879,0.18040171323895363
0.8436817674215522,1.3836672202095621,1.065606087716108,0.18040171323895363
0.8436817674215522,1.3836672202095621,1.0367869892895984,0.18040171323895363
0.8436817674215522,1.3836672202095621,1.1050538351724943,0.18040171323895363
0.8436817674215522,1.3836672202095621,1.1409993957346125,0.18040171323895363
0.8436817674215522,1.3836672202095621,1.085254510900327,0.18040171323895363
0.8436817674215522,1.3836672202095621,1.1096587862521834,0.18040171323895363
0.8436817674215522,1.3836672202095621,1.1388918201703917,0.18040171323895363
0.8436817674215522,1.3836672202095621,1.1420984309035713,0.18040171323895363
0.8436817674215522,1.3836672202095621,1.0412091722894818,0.18040171323895363
0.8436817674215522,1.3836672202095621,1.1483991452673417,0.18040171323895363
0.8436817674215522,1.3836672202095621,1.1766678640252284,0.18040171323895363
0.8436817674215522,1.3836672202095621,1.2057372406861846,0.18040171323895363
0.8436817674215522,1.3836672202095621,1.1010422141194156,0.18040171323895363
0.8436817674215522,1.3836672202095621,1.0319686215134174,0.18040171323895363
0.8436817674215522,1.3836672202095621,1.1429506798861857,0.18040171323895363
0.8436817674215522,1.3836672202095621,1.1304013442393988,0.18040171323895363
0.8436817674215522,1.3836672202095621,1.1495417749139132,0.18040171323895363
0.8436817674215522,1.3836672202095621,1.0445249058124637,0.18040171323895363
0.8436817674215522,1.400532095728147,1.0689755060538961,0.18040171323895363
0.8436817674215522,1.400532095728147,1.2063446347728792,0.18040171323895363
0.8436817674215522,1.400532095728147,1.088057582581769,0.18040171323895363
0.8436817674215522,1.400532095728147,1.1118707156318246,0.18040171323895363
0.8436817674215522,1.400532095728147,1.0498711166391452,0.18040171323895363
0.8436817674215522,1.400532095728147,1.0695256693911455,0.18040171323895363
0.8436817674215522,1.400532095728147,1.1850888559786714,0.18040171323895363
0.8436817674215522,1.400532095728147,1.0188522276572154,0.18040171323895363
0.8436817674215522,1.400532095728147,1.065825292754189,0.18040171323895363
0.8436817674215522,1.400532095728147,1.0185226941002425,0.18040171323895363
0.8436817674215522,1.400532095728147,1.0345637001746188,0.18040171323895363
0.8436817674215522,1.400532095728147,1.1683007732279167,0.18040171323895363
0.8436817674215522,1.400532095728147,1.1874289451247888,0.18040171323895363
0.8436817674215522,1.400532095728147,1.1210980002801385,0.20882873860324008
0.8436817674215522,1.400532095728147,1.0489445186543167,0.20882873860324008
0.8436817674215522,1.4090174607453005,1.1242069881148697,0.20882873860324008
0.8436817674215522,1.4090174607453005,1.130385568499235,0.20882873860324008
0.8436817674215522,1.4090174607453005,1.2698731468689102,0.20882873860324008
0.7926475910489635,1.4090174607453005,1.1446788583054597,0.20882873860324008
0.7926475910489635,1.4090174607453005,1.1555778167382436,0.20882873860324008
0.7926475910489635,1.4090174607453005,1.3484377396787803,0.20882873860324008
0.7926475910489635,1.4090174607453005,1.2236714432302092,0.20882873860324008
0.7926475910489635,1.4090174607453005,1.0760868233775231,0.20882873860324008
0.7926475910489635,1.4090174607453005,1.1926280108814102,0.20882873860324008
0.8047153859681347,1.4090174607453005,1.2227004837265796,0.20882873860324008
0.9061999957583332,1.4090174607453005,1.100594688928902,0.20882873860324008
0.9061999957583332,1.4090174607453005,0.9352051535375699,0.20882873860324008
0.9061999957583332,1.4090174607453005,1.1482616546374018,0.20882873860324008
0.9061999957583332,1.4090174607453005,1.0076199716668552,0.20882873860324008
0.9061999957583332,1.4090174607453005,1.0718664853226183,0.20882873860324008
0.9061999957583332,1.4090174607453005,1.0471609214821693,0.20882873860324008
0.9061999957583332,1.4090174607453005,0.9325879355456591,0.20882873860324008
0.9061999957583332,1.4090174607453005,1.1192588889307282,0.20882873860324008
0.9061999957583332,1.4090174607453005,1.0612801405014702,0.20882873860324008
0.9061999957583332,1.4090174607453005,1.1224104494665181,0.20882873860324008
0.9061999957583332,1.4090174607453005,1.0422893474601207,0.20882873860324008
0.9061999957583332,1.393366356803515,1.0607945009293491,0.20882873860324008
0.9061999957583332,1.393366356803515,1.0267094590808858,0.20882873860324008
0.9960574748945316,1.393366356803515,0.9943211702783542,0.20882873860324008
0.9960574748945316,1.393366356803515,0.9455176386372148,0.20882873860324008
0.9960574748945316,1.393366356803515,0.9444965259332041,0.20882873860324008
0.9960574748945316,1.393366356803515,0.9646458380346458,0.20882873860324008
0.9960574748945316,1.393366356803515,1.0633573678961294,0.24372478270895076
0.9960574748945316,1.393366356803515,1.0018664955621575,0.24372478270895076
0.9782275607698486,1.393366356803515,0.9901093393756959,0.24372478270895076
0.9782275607698486,1.393366356803515,0.9393888362045568,0.24372478270895076
0.9782275607698486,1.393366356803515,0.9345315730657672,0.24372478270895076
0.9782275607698486,1.393366356803515,1.0341552004977392,0.24372478270895076
0.9782275607698486,1.393366356803515,0.9335502634962203,0.24372478270895076
0.9782275607698486,1.393366356803515,1.0165751762242665,0.24372478270895076
0.9782275607698486,1.393366356803515,1.0321250359828167,0.24372478270895076
0.9782275607698486,1.393366356803515,1.0438974153637965,0.24372478270895076
0.9782275607698486,1.4380819317133937,0.9538790547896462,0.24372478270895076
0.9782275607698486,1.4380819317133937,0.9526238797839859,0.24372478270895076
0.9782275607698486,1.4380819317133937,0.9876087309381624,0.24372478270895076
0.9782275607698486,1.4380819317133937,0.8475309682262508,0.24372478270895076
0.9782275607698486,1.4380819317133937,0.8966986415761253,0.24372478270895076
0.9782275607698486,1.4380819317133937,0.903995087846311,0.23497476423077712
0.9782275607698486,1.388728777128403,1.088828966609126,0.23497476423077712
0.9782275607698486,1.388728777128403,1.0263754167365204,0.23497476423077712
0.9782275607698486,1.388728777128403,0.9273867453737574,0.23497476423077712
0.9782275607698486,1.388728777128403,0.987222102114359,0.23497476423077712
0.9782275607698486,1.388728777128403,0.98960505795786,0.17578441553216848
0.9782275607698486,1.388728777128403,0.9280370258060787,0.17578441553216848
0.9782275607698486,1.388728777128403,0.9962210677294658,0.17578441553216848
0.9782275607698486,1.388728777128403,1.0117174034453602,0.17578441553216848
0.9782275607698486,1.388728777128403,1.028993472078888,0.17578441553216848
0.9782275607698486,1.388728777128403,1.0760878625301478,0.17578441553216848
0.9782275607698486,1.388552741469767,0.9785354699017014,0.17578441553216848
0.9782275607698486,1.388552741469767,0.8934724374108166,0.17578441553216848
0.9782275607698486,1.388552741469767,0.9752757677392347,0.17578441553216848
0.9782275607698486,1.388552741469767,0.8977902432009528,0.17578441553216848
0.9782275607698486,1.388552741469767,0.9634094411243838,0.17578441553216848
0.9782275607698486,1.388552741469767,0.933395934854911,0.17578441553216848
0.9782275607698486,1.388552741469767,0.9023940102775153,0.17578441553216848
0.9782275607698486,1.388552741469767,0.9994169225550353,0.17578441553216848
0.9782275607698486,1.388552741469767,0.9035002583827426,0.17578441553216848
0.9782275607698486,1.388552741469767,0.8734844660574402,0.17578441553216848
0.9782275607698486,1.388552741469767,0.8481075545335264,0.17578441553216848
0.9782275607698486,1.388552741469767,0.9796506949432856,0.2081472557700596
0.9782275607698486,1.388552741469767,0.8874786250682902,0.2081472557700596
0.9782275607698486,1.388552741469767,0.9202679440754228,0.2081472557700596
0.9782275607698486,1.388552741469767,1.0276430011869733,0.2081472557700596
0.9782275607698486,1.388552741469767,1.0246573033368667,0.2081472557700596
0.9782275607698486,1.388552741469767,0.9973181253146097,0.2081472557700596
0.9782275607698486,1.388552741469767,1.0327466210899823,0.2081472557700596
0.9782275607698486,1.388552741469767,0.8831893911589578,0.2081472557700596
0.9782275607698486,1.388552741469767,0.9380398728003131,0.2081472557700596
0.9782275607698486,1.388552741469767,0.9360593298766954,0.2081472557700596
0.9782275607698486,1.388552741469767,0.9560949729139295,0.2081472557700596
0.9782275607698486,1.388552741469767,1.0494838049334094,0.2081472557700596
0.9782275607698486,1.388552741469767,0.9701468618220916,0.20356825734696427
0.9782275607698486,1.388552741469767,0.9899286130177923,0.20356825734696427
0.9782275607698486,1.388552741469767,0.9160600660923409,0.20356825734696427
0.9782275607698486,1.388552741469767,0.963650309654425,0.20356825734696427
0.9782275607698486,1.388552741469767,1.0299019772122642,0.20356825734696427
0.9782275607698486,1.388552741469767,1.018368544284133,0.20356825734696427
0.9782275607698486,1.388552741469767,0.978859123743542,0.20356825734696427
0.9782275607698486,1.388552741469767,1.0535658335890061,0.20356825734696427
0.9782275607698486,1.388552741469767,0.9563128559548586,0.20356825734696427
0.9782275607698486,1.388552741469767,0.9531513439022936,0.20356825734696427
0.9782275607698486,1.388552741469767,1.0237512093899948,0.20356825734696427
0.9782275607698486,1.388552741469767,0.9148263898983835,0.21147824267061946
0.9782275607698486,1.388552741469767,0.9785983949191995,0.21147824267061946
0.9782275607698486,1.388552741469767,0.9823548485369317,0.21147824267061946
0.9782275607698486,1.388552741469767,1.0738832105162937,0.21147824267061946
0.9782275607698486,1.388552741469767,0.8993362248505741,0.21147824267061946
0.9782275607698486,1.388552741469767,1.0204704520710803,0.21147824267061946
0.9782275607698486,1.388552741469767,0.9764420667526975,0.21147824267061946
0.9782275607698486,1.388552741469767,0.9774730941531209,0.21147824267061946
0.9782275607698486,1.388552741469767,0.9778791697387276,0.21147824267061946
0.9782275607698486,1.388552741469767,0.9742664996229257,0.21147824267061946
0.9782275607698486,1.388552741469767,1.0503675226345224,0.21147824267061946
0.9782275607698486,1.388552741469767,0.9995717216963441,0.21147824267061946
1.0193523460825809,1.388552741469767,0.9157483142698782,0.21147824267061946
1.0193523460825809,1.388552741469767,0.9987953717801341,0.21147824267061946
1.0193523460825809,1.388552741469767,0.9398300906955656,0.21147824267061946
1.0193523460825809,1.388552741469767,0.9649121396984883,0.21147824267061946
1.0193523460825809,1.4114988577713252,0.9109218968430451,0.21147824267061946
1.0193523460825809,1.4114988577713252,0.8283059777563618,0.21147824267061946
1.0193523460825809,1.4114988577713252,0.9273929948265512,0.21147824267061946
1.0193523460825809,1.4114988577713252,0.8989218687625223,0.21147824267061946
1.0193523460825809,1.4114988577713252,0.9501611519790225,0.2582900200970839
1.0193523460825809,1.4114988577713252,0.9880203579865083,0.2582900200970839
1.0193523460825809,1.4114988577713252,0.9978097077053008,0.2582900200970839
1.0193523460825809,1.4114988577713252,1.0354902034107474,0.2582900200970839
1.0193523460825809,1.4114988577713252,1.000871223973369,0.2582900200970839
1.0193523460825809,1.4114988577713252,0.9226800565973728,0.2582900200970839
1.0193523460825809,1.4114988577713252,0.8963853656477218,0.2582900200970839
1.0193523460825809,1.4114988577713252,0.9740140882036702,0.2582900200970839
1.0193523460825809,1.4114988577713252,0.8947977708237201,0.2582900200970839
1.0193523460825809,1.4114988577713252,1.0346290877482505,0.2582900200970839
1.0193523460825809,1.4114988577713252,0.926707613322573,0.2582900200970839
1.0193523460825809,1.4114988577713252,1.0068377940227562,0.2582900200970839
1.0193523460825809,1.4114988577713252,0.9757962175741455,0.2582900200970839
1.0193523460825809,1.4114988577713252,0.9986185168462774,0.26896793609725184
1.0193523460825809,1.477057627869137,0.9389668050473345,0.26896793609725184
1.0193523460825809,1.477057627869137,0.8402513050274295,0.2436493513463042
1.0193523460825809,1.477057627869137,0.8677118271693097,0.2436493513463042
1.0193523460825809,1.477057627869137,0.8539158073657634,0.2436493513463042
0.9175732010192751,1.477057627869137,0.8728397976450317,0.2436493513463042
0.9175732010192751,1.477057627869137,0.9445182411640275,0.2436493513463042
0.9175732010192751,1.477057627869137,0.9329802179942579,0.2436493513463042
0.9175732010192751,1.477057627869137,0.9629526341997745,0.2436493513463042
0.9175732010192751,1.477057627869137,0.962200544385606,0.2436493513463042
0.9175732010192751,1.477057627869137,0.919927477483908,0.2436493513463042
0.9175732010192751,1.477057627869137,0.8663861071757557,0.2436493513463042
0.9175732010192751,1.477057627869137,0.8922533842214712,0.21922458503295852
0.9175732010192751,1.477057627869137,0.9072259709252587,0.21922458503295852
0.9175732010192751,1.477057627869137,0.8987485429336541,0.1780975181082877
0.9175732010192751,1.5147518832053306,0.8848528155047516,0.1780975181082877
0.9175732010192751,1.5147518832053306,0.8129724333716176,0.1780975181082877
0.9175732010192751,1.5147518832053306,0.8409651436781415,0.1780975181082877
0.9175732010192751,1.5147518832053306,0.7837924796693586,0.1780975181082877
0.9175732010192751,1.5147518832053306,0.8241706907881016,0.1780975181082877
0.9175732010192751,1.5152017144419168,0.7896583422280461,0.1780975181082877
0.9287682313520231,1.5152017144419168,0.8382119269119237,0.1780975181082877
0.9287682313520231,1.5152017144419168,0.7863837977550407,0.1780975181082877
0.9287682313520231,1.5152017144419168,0.7907148539317317,0.1780975181082877
0.9287682313520231,1.5152017144419168,0.715981308130795,0.1780975181082877
0.9287682313520231,1.5152017144419168,0.740103744751563,0.1780975181082877
0.9287682313520231,1.5152017144419168,0.8377822485031552,0.1780975181082877
0.9287682313520231,1.5152017144419168,0.8632164055965614,0.17584141706973044
0.9287682313520231,1.5152017144419168,0.8575630292433187,0.19059277662649995
0.9287682313520231,1.5152017144419168,0.8306493052286393,0.19059277662649995
0.9287682313520231,1.5152017144419168,0.8416495322804151,0.19059277662649995
0.9287682313520231,1.5152017144419168,0.8243735215792061,0.19059277662649995
0.9287682313520231,1.5152017144419168,0.7504585083277237,0.19059277662649995
0.9287682313520231,1.5152017144419168,0.8183093978665581,0.19059277662649995
0.9287682313520231,1.5152017144419168,0.8132865560104572,0.19059277662649995
0.9287682313520231,1.5152017144419168,0.8028320947731339,0.28027764017940515
0.9287682313520231,1.5152017144419168,0.957682870337664,0.28027764017940515
0.9287682313520231,1.5152017144419168,0.8373873674750291,0.28027764017940515
0.9287682313520231,1.5152017144419168,0.8619041388014683,0.28027764017940515
0.9287682313520231,1.5152017144419168,0.8578750702796225,0.28027764017940515
0.9287682313520231,1.5252380798019285,0.894223916114062,0.28027764017940515
0.9287682313520231,1.5252380798019285,0.8866588938962816,0.28027764017940515
0.9287682313520231,1.5252380798019285,0.8246918078711103,0.28027764017940515
0.9287682313520231,1.5252380798019285,0.8302495717463597,0.28027764017940515
0.9287682313520231,1.5252380798019285,0.89287361563974,0.28027764017940515
0.9287682313520231,1.5252380798019285,0.8309669882052296,0.28027764017940515
0.9287682313520231,1.5252380798019285,0.793483522830194,0.28027764017940515
0.9287682313520231,1.5252380798019285,0.8496082939494506,0.28027764017940515
0.9287682313520231,1.5252380798019285,0.846733081989681,0.28027764017940515
0.9287682313520231,1.5252380798019285,0.8033602013581306,0.2697415688412989
0.9287682313520231,1.5252380798019285,0.8449106456587739,0.2697415688412989
0.9287682313520231,1.5252380798019285,0.8221721417592663,0.2697415688412989
0.9287682313520231,1.5252380798019285,0.8195076112472988,0.23833932408007066
0.9287682313520231,1.5252380798019285,0.8296060286215915,0.23833932408007066
0.9287682313520231,1.5252380798019285,0.7946641286809898,0.23833932408007066
0.9287682313520231,1.5252380798019285,0.761035683396557,0.23833932408007066
0.9287682313520231,1.5252380798019285,0.788292052435419,0.23833932408007066
0.9287682313520231,1.5252380798019285,0.8767852954063634,0.23833932408007066
0.9287682313520231,1.5252380798019285,0.8181842129652362,0.23833932408007066
0.9287682313520231,1.5252380798019285,0.8028782642831573,0.23833932408007066
0.9287682313520231,1.540366128959094,0.7772396341859473,0.23833932408007066
0.9287682313520231,1.540366128959094,0.8762901427939286,0.23354118938876173
0.9287682313520231,1.540366128959094,0.862844557654387,0.23354118938876173
0.9287682313520231,1.540366128959094,0.8270556864509336,0.23354118938876173
0.9287682313520231,1.540366128959094,0.7768572064380418,0.23354118938876173
0.9287682313520231,1.540366128959094,0.9186253933299224,0.23354118938876173
0.9287682313520231,1.540366128959094,0.7895901087625554,0.23354118938876173
0.9287682313520231,1.540366128959094,0.8765725902570939,0.23354118938876173
0.9287682313520231,1.540366128959094,0.792056100809735,0.23354118938876173
0.9287682313520231,1.540366128959094,0.852210052456283,0.23354118938876173
0.9287682313520231,1.540366128959094,0.8034748673107022,0.23354118938876173
0.9287682313520231,1.540366128959094,0.8527098716289134,0.23354118938876173
0.9287682313520231,1.540366128959094,0.8039010616620856,0.23354118938876173
0.9287682313520231,1.540366128959094,0.8071488908216807,0.25095809964828864
0.9287682313520231,1.540366128959094,0.8663373020693739,0.25095809964828864
