α,β,θ,ρ
1.6220384264352548,0.7215026937609886,3.4600620078311706,0.20100471594803304
1.6220384264352548,0.7215026937609886,2.6750261055300624,0.20100471594803304
1.6220384264352548,0.7215026937609886,2.76345647690102,0.20100471594803304
1.6220384264352548,0.7215026937609886,2.49991204294002,0.20100471594803304
1.6220384264352548,0.7215026937609886,3.028604418459987,0.20100471594803304
1.6220384264352548,0.7215026937609886,2.9925154415072117,0.20100471594803304
1.6220384264352548,0.7215026937609886,2.7872634549431465,0.20100471594803304
1.6220384264352548,0.7215026937609886,2.5448106355680427,0.20100471594803304
1.6220384264352548,0.7215026937609886,2.5703224934940994,0.20100471594803304
1.6220384264352548,0.7215026937609886,2.7090484800260985,0.20100471594803304
1.6220384264352548,0.7215026937609886,2.611334836872736,0.20100471594803304
1.6220384264352548,0.7215026937609886,2.544987064684225,0.20100471594803304
1.5747038064409276,0.7215026937609886,2.511247248914571,0.20100471594803304
1.5747038064409276,0.7215026937609886,2.7463254233113097,0.20100471594803304
1.7016118583251985,0.7215026937609886,2.8330408889747583,0.20100471594803304
1.7016118583251985,0.7215026937609886,2.4755734809182854,0.20100471594803304
1.7016118583251985,0.7215026937609886,2.669732332284844,0.20100471594803304
1.7016118583251985,0.7215026937609886,2.6546850311442327,0.20100471594803304
1.682728602279087,0.7215026937609886,2.616341248641908,0.20100471594803304
1.682728602279087,0.7215026937609886,2.434523347913643,0.20100471594803304
1.7870209298615731,0.7215026937609886,2.413045506399309,0.20100471594803304
1.7870209298615731,0.7215026937609886,2.3303766278767273,0.20100471594803304
1.7870209298615731,0.7215026937609886,2.4783860825942234,0.20100471594803304
1.7870209298615731,0.7215026937609886,2.3826328776983248,0.20100471594803304
1.7870209298615731,0.7215026937609886,2.53059495749872,0.20100471594803304
1.7870209298615731,0.7215026937609886,2.472917385006628,0.20100471594803304
1.7870209298615731,0.7215026937609886,2.275667689891213,0.20100471594803304
1.7870209298615731,0.7215026937609886,2.489636056334884,0.20100471594803304
1.7550177897654484,0.7215026937609886,2.4140088429517856,0.20100471594803304
1.7550177897654484,0.7215026937609886,2.4644625732958607,0.20100471594803304
1.7550177897654484,0.7215026937609886,2.2218508909241774,0.20100471594803304
1.7550177897654484,0.7144672817126795,2.791801221656661,0.20100471594803304
1.7550177897654484,0.7144672817126795,2.6764820775856784,0.20100471594803304
1.7550177897654484,0.7144672817126795,2.936367015135733,0.20100471594803304
1.7550177897654484,0.7144672817126795,2.2759816856585355,0.20100471594803304
1.7550177897654484,0.7144672817126795,2.5450403807433384,0.20100471594803304
1.7550177897654484,0.7144672817126795,2.5703699455243645,0.20100471594803304
1.7550177897654484,0.7340099520921418,2.7196153974633757,0.20100471594803304
1.7550177897654484,0.7340099520921418,2.345341130989337,0.20100471594803304
1.7550177897654484,0.7340099520921418,2.851823393083764,0.20100471594803304
1.7550177897654484,0.7340099520921418,2.2290553501191783,0.20100471594803304
1.7550177897654484,0.7340099520921418,2.50257428116009,0.20100471594803304
1.7550177897654484,0.7340099520921418,2.708701394269099,0.20100471594803304
1.828691921197038,0.7340099520921418,2.278664362063662,0.20100471594803304
1.82138469322273,0.7340099520921418,2.378995016539172,0.20100471594803304
1.82138469322273,0.7340099520921418,2.3615964968290326,0.20100471594803304
1.82138469322273,0.7340099520921418,2.4856473652535747,0.20100471594803304
1.82138469322273,0.7340099520921418,2.1277246023354017,0.20100471594803304
1.82138469322273,0.7340099520921418,2.464676982226,0.20100471594803304
1.82138469322273,0.7246825405978374,2.2818757996640824,0.20100471594803304
1.8926192026032815,0.7246825405978374,2.2598707092939776,0.20100471594803304
1.8926192026032815,0.7246825405978374,2.1021361303807335,0.20100471594803304
1.8926192026032815,0.7246825405978374,2.4152544100849545,0.20100471594803304
1.9868145019320615,0.7246825405978374,2.2604550031326327,0.20100471594803304
1.9868145019320615,0.7017797811510591,2.1020062333642993,0.20100471594803304
1.9868145019320615,0.7017797811510591,2.509823574822548,0.20100471594803304
2.0118040594003483,0.7017797811510591,2.272468895849313,0.20100471594803304
2.0118040594003483,0.7017797811510591,2.691438469686052,0.20100471594803304
2.0118040594003483,0.7017797811510591,2.4069364037412067,0.20100471594803304
2.0118040594003483,0.7090695707867228,2.2228148924188758,0.20100471594803304
2.0118040594003483,0.7090695707867228,2.170200538833656,0.20100471594803304
2.0118040594003483,0.7090695707867228,2.297027368695696,0.20100471594803304
1.9648482584863136,0.7090695707867228,2.2825266099452324,0.20100471594803304
1.719142932638205,0.7090695707867228,2.4113292541900813,0.20100471594803304
1.719142932638205,0.7090695707867228,2.4647581293943213,0.20100471594803304
1.8073331402367643,0.7090695707867228,2.257529819632401,0.20100471594803304
1.8073331402367643,0.7090695707867228,2.4205766079422797,0.20100471594803304
1.8073331402367643,0.7090695707867228,2.3749115366858526,0.20100471594803304
1.8073331402367643,0.7090695707867228,2.3389149025671303,0.20100471594803304
1.8073331402367643,0.7090695707867228,2.5059070444342235,0.20100471594803304
1.8073331402367643,0.7090695707867228,2.601246983271542,0.20100471594803304
1.8803675926872638,0.7090695707867228,2.171926671298831,0.20100471594803304
1.8803675926872638,0.7090695707867228,2.3302774106654858,0.20100471594803304
1.8803675926872638,0.7090695707867228,2.6107630422555865,0.20100471594803304
1.8803675926872638,0.686944857922163,2.5908154878026126,0.20100471594803304
1.8803675926872638,0.686944857922163,2.5212714905316864,0.20100471594803304
1.7971568219031122,0.686944857922163,2.645118759657099,0.20100471594803304
1.7971568219031122,0.686944857922163,2.4442675166387366,0.20100471594803304
1.7971568219031122,0.686944857922163,2.5779899775384867,0.20100471594803304
1.9428559006457438,0.686944857922163,2.4418976547392734,0.20100471594803304
1.9428559006457438,0.724253713813256,2.288946020066176,0.20100471594803304
1.9428559006457438,0.724253713813256,2.2926077852766062,0.20100471594803304
1.9428559006457438,0.724253713813256,2.2582861818724203,0.20100471594803304
2.193699302450831,0.724253713813256,2.0429401624069783,0.20100471594803304
2.193699302450831,0.724253713813256,2.0138496134554966,0.20100471594803304
2.193699302450831,0.724253713813256,2.0035728618206208,0.20100471594803304
2.193699302450831,0.724253713813256,1.7639729001391218,0.20100471594803304
2.193699302450831,0.724253713813256,1.9610504905413024,0.20100471594803304
2.193699302450831,0.724253713813256,1.9897613188016468,0.20100471594803304
2.193699302450831,0.724253713813256,1.947608493122835,0.20100471594803304
2.193699302450831,0.724253713813256,1.8559505967544834,0.20100471594803304
2.193699302450831,0.724253713813256,1.7204005017268411,0.20100471594803304
2.193699302450831,0.724253713813256,1.882146844335402,0.20100471594803304
2.193699302450831,0.724253713813256,1.8281671005185949,0.20100471594803304
2.193699302450831,0.6735802749046389,2.0885906646914916,0.20100471594803304
2.273408104914842,0.6735802749046389,2.1097172657703385,0.20100471594803304
2.273408104914842,0.6735802749046389,2.2251736329285197,0.20100471594803304
2.273408104914842,0.6735802749046389,2.3742639076030807,0.20100471594803304
2.273408104914842,0.6735802749046389,2.3808403314419646,0.20100471594803304
2.273408104914842,0.6735802749046389,1.9437344661867377,0.20100471594803304
2.273408104914842,0.6735802749046389,1.911448658338588,0.20100471594803304
2.273408104914842,0.6735802749046389,2.212866499242065,0.20100471594803304
2.273408104914842,0.6735802749046389,1.8990389478238707,0.20100471594803304
1.989570526208453,0.6735802749046389,2.3143673342400692,0.20100471594803304
1.9120695022795078,0.6735802749046389,2.4755955456076166,0.20100471594803304
1.68707566278861,0.6735802749046389,2.5960521181000282,0.20100471594803304
1.68707566278861,0.6735802749046389,2.6715409863033757,0.20100471594803304
1.68707566278861,0.6735802749046389,2.614724093021906,0.20100471594803304
1.68707566278861,0.6735802749046389,2.9400775061257813,0.20100471594803304
1.68707566278861,0.6735802749046389,2.731730527472132,0.20100471594803304
1.68707566278861,0.7633759336436658,2.6803858598280628,0.20100471594803304
1.68707566278861,0.7633759336436658,2.4759577842207166,0.20100471594803304
1.68707566278861,0.7633759336436658,2.578790863735265,0.20100471594803304
1.68707566278861,0.7633759336436658,2.6015790967110597,0.20100471594803304
1.68707566278861,0.7633759336436658,2.509561806975239,0.20100471594803304
1.68707566278861,0.7633759336436658,2.339562101728628,0.20100471594803304
1.68707566278861,0.7633759336436658,2.355641606553259,0.20100471594803304
1.68707566278861,0.7633759336436658,2.3594149089902454,0.20100471594803304
1.6987167029098502,0.7633759336436658,2.6610337614680657,0.20100471594803304
1.6987167029098502,0.7633759336436658,2.822035725187976,0.20100471594803304
1.6987167029098502,0.7633759336436658,2.198242201631716,0.20100471594803304
1.6987167029098502,0.7633759336436658,2.674562370669388,0.20100471594803304
1.6987167029098502,0.7633759336436658,2.3089716705842025,0.20100471594803304
1.6987167029098502,0.7633759336436658,2.3795393867998325,0.20100471594803304
1.6987167029098502,0.7633759336436658,2.3765395516757826,0.20100471594803304
1.6987167029098502,0.7633759336436658,2.3079514141085395,0.20100471594803304
1.6987167029098502,0.7633759336436658,2.3833369951880385,0.20100471594803304
1.6987167029098502,0.7633759336436658,2.5962156469400264,0.20100471594803304
1.6987167029098502,0.7633759336436658,2.2722283912479475,0.20100471594803304
1.6987167029098502,0.7633759336436658,2.2971964131077844,0.20100471594803304
1.6987167029098502,0.7633759336436658,2.8364854990686075,0.20100471594803304
1.6987167029098502,0.720343874279454,2.7483362844304047,0.20100471594803304
1.6987167029098502,0.720343874279454,2.4338893969825093,0.20100471594803304
1.6987167029098502,0.720343874279454,2.3511588742110137,0.20100471594803304
1.6987167029098502,0.720343874279454,2.809132071143792,0.20100471594803304
1.6987167029098502,0.720343874279454,2.54926178317916,0.20100471594803304
1.6987167029098502,0.720343874279454,2.785591094264767,0.20100471594803304
1.6987167029098502,0.720343874279454,2.6788996122105013,0.20100471594803304
1.6987167029098502,0.720343874279454,2.4630169385832055,0.20100471594803304
1.6987167029098502,0.720343874279454,2.721754967798983,0.20100471594803304
1.6987167029098502,0.720343874279454,2.3799811197485936,0.20100471594803304
1.6987167029098502,0.7628366545380203,2.5377938209955855,0.20100471594803304
1.6987167029098502,0.7628366545380203,2.4415707594017206,0.20100471594803304
1.6987167029098502,0.7628366545380203,2.229647641590349,0.20100471594803304
1.6318528810648638,0.7628366545380203,2.4336135598580926,0.20100471594803304
1.6318528810648638,0.7628366545380203,2.6129689153472944,0.20100471594803304
1.6318528810648638,0.7628366545380203,2.5400871961373723,0.20100471594803304
1.6318528810648638,0.7628366545380203,2.3155680145979143,0.20100471594803304
1.6318528810648638,0.7628366545380203,2.499389843375774,0.20100471594803304
1.6318528810648638,0.7628366545380203,2.8032867781590842,0.20100471594803304
1.6318528810648638,0.7628366545380203,2.394320969964219,0.20100471594803304
1.6318528810648638,0.7628366545380203,2.3089766551746713,0.20100471594803304
1.6318528810648638,0.7628366545380203,2.355578589756677,0.20100471594803304
1.6318528810648638,0.7628366545380203,2.493348228546929,0.20100471594803304
1.6318528810648638,0.7628366545380203,2.4324315348125074,0.20100471594803304
1.6318528810648638,0.7628366545380203,2.6982236050293196,0.20100471594803304
1.6318528810648638,0.7628366545380203,2.896800435218453,0.20100471594803304
1.6318528810648638,0.7628366545380203,2.3713465517311003,0.20100471594803304
1.6318528810648638,0.7628366545380203,2.4801212465634355,0.20100471594803304
1.6318528810648638,0.7628366545380203,2.717324550931393,0.20100471594803304
1.6318528810648638,0.7628366545380203,2.3662115018015797,0.20100471594803304
1.6318528810648638,0.7628366545380203,2.6474205591799422,0.20100471594803304
1.6318528810648638,0.7628366545380203,2.5908277975381426,0.20100471594803304
1.6318528810648638,0.7628366545380203,2.598021893151612,0.20100471594803304
1.6318528810648638,0.7628366545380203,2.519807615943303,0.20100471594803304
1.6318528810648638,0.7628366545380203,2.8522469406864026,0.20100471594803304
1.6318528810648638,0.7628366545380203,2.540783673149022,0.20100471594803304
1.6318528810648638,0.7628366545380203,2.576443815029655,0.20100471594803304
1.6318528810648638,0.7628366545380203,2.603201254067253,0.20100471594803304
1.6318528810648638,0.7628366545380203,2.5727234069630187,0.20100471594803304
1.6318528810648638,0.7628366545380203,2.364856032906622,0.20100471594803304
1.6318528810648638,0.7628366545380203,2.545710069810973,0.20100471594803304
1.6318528810648638,0.7628366545380203,2.329939586350544,0.20100471594803304
1.6318528810648638,0.7628366545380203,2.40162660618657,0.20100471594803304
1.6364900877054245,0.7628366545380203,2.3938581766331266,0.20100471594803304
1.6364900877054245,0.7628366545380203,2.46203978705516,0.20100471594803304
1.6364900877054245,0.7113814216175894,2.576388778460326,0.20100471594803304
1.6364900877054245,0.7113814216175894,2.8701433739888396,0.20100471594803304
1.6364900877054245,0.7113814216175894,2.589087370940453,0.20100471594803304
1.743278510848665,0.7113814216175894,2.397502760561408,0.20100471594803304
1.743278510848665,0.7113814216175894,2.4787533643625856,0.20100471594803304
1.743278510848665,0.7113814216175894,2.4114791890922476,0.20100471594803304
1.743278510848665,0.7113814216175894,2.979067323250505,0.20100471594803304
1.743278510848665,0.7113814216175894,2.3839695558161647,0.20100471594803304
1.743278510848665,0.7113814216175894,2.612817197140785,0.20100471594803304
1.743278510848665,0.7113814216175894,2.5450497788475412,0.20100471594803304
1.743278510848665,0.7113814216175894,2.4970522187450963,0.20100471594803304
1.743278510848665,0.7113814216175894,2.531489043195639,0.20100471594803304
1.743278510848665,0.7113814216175894,2.3039647411699304,0.20100471594803304
1.7266004528862728,0.7113814216175894,2.2593996620834513,0.20100471594803304
1.7266004528862728,0.7113814216175894,2.3717007630601836,0.20100471594803304
1.7838442410469821,0.7113814216175894,2.432929729088364,0.20100471594803304
1.7838442410469821,0.7113814216175894,2.5005183661201404,0.20100471594803304
1.7838442410469821,0.7113814216175894,2.5279893633077055,0.20100471594803304
1.7838442410469821,0.7597228444858681,2.4278836149730827,0.20100471594803304
1.7838442410469821,0.7597228444858681,2.2638440105791737,0.20100471594803304
1.7838442410469821,0.7597228444858681,2.3965903070385934,0.20100471594803304
1.7838442410469821,0.7597228444858681,1.9626308399965458,0.20100471594803304
1.7838442410469821,0.7597228444858681,2.1967846221479803,0.20100471594803304
1.7838442410469821,0.7597228444858681,2.4077959631075947,0.20100471594803304
1.7838442410469821,0.7597228444858681,2.2625250772597023,0.20100471594803304
1.7838442410469821,0.7597228444858681,2.2787605469428747,0.20100471594803304
1.7838442410469821,0.7597228444858681,2.3168840124385275,0.20100471594803304
1.8658951620611275,0.7597228444858681,2.2635450387272797,0.20100471594803304
1.8658951620611275,0.7597228444858681,2.371010577295302,0.20100471594803304
1.8658951620611275,0.7597228444858681,2.1394910211680105,0.20100471594803304
1.8658951620611275,0.7597228444858681,2.3193892603649062,0.20100471594803304
1.8658951620611275,0.7597228444858681,2.3143442725970678,0.20100471594803304
1.8658951620611275,0.7597228444858681,2.1926761360809115,0.20100471594803304
1.8658951620611275,0.7163599714260357,2.1712299812153892,0.20100471594803304
1.8658951620611275,0.7163599714260357,2.5690757364782613,0.20100471594803304
1.8658951620611275,0.7163599714260357,2.26425200041557,0.20100471594803304
1.8658951620611275,0.7163599714260357,2.217633589505405,0.20100471594803304
1.8658951620611275,0.7163599714260357,2.466861800507743,0.20100471594803304
1.8658951620611275,0.7163599714260357,2.219885102256061,0.20100471594803304
1.8658951620611275,0.7163599714260357,2.4156400598119014,0.20100471594803304
1.8658951620611275,0.7163599714260357,2.143766326304021,0.20100471594803304
1.7278475941450206,0.7163599714260357,2.457713347739594,0.20100471594803304
1.7278475941450206,0.7163599714260357,2.4916688568109313,0.20100471594803304
1.7278475941450206,0.7163599714260357,2.6108752726671023,0.20100471594803304
1.7278475941450206,0.7163599714260357,2.558235500133821,0.20100471594803304
1.7278475941450206,0.7163599714260357,2.47064786085339,0.20100471594803304
1.7278475941450206,0.7163599714260357,2.5942483490746517,0.20100471594803304
1.7278475941450206,0.7163599714260357,2.42181118792543,0.20100471594803304
1.7278475941450206,0.7163599714260357,2.483534474117117,0.20100471594803304
1.7278475941450206,0.6630179459309774,2.720785297064489,0.20100471594803304
1.7278475941450206,0.6630179459309774,2.862106549867849,0.20100471594803304
1.7278475941450206,0.6630179459309774,2.807450335020969,0.20100471594803304
1.9964872278042696,0.6630179459309774,2.339839373649734,0.20100471594803304
1.9964872278042696,0.6630179459309774,2.333484130556535,0.20100471594803304
1.9964872278042696,0.6630179459309774,2.560603462768325,0.20100471594803304
1.9964872278042696,0.6630179459309774,2.4435219092963796,0.20100471594803304
1.9964872278042696,0.6630179459309774,2.322214118327599,0.20100471594803304
1.9964872278042696,0.6630179459309774,2.1764685776629995,0.20100471594803304
1.9964872278042696,0.6630179459309774,2.399438042915458,0.20100471594803304
1.9964872278042696,0.6630179459309774,2.2744806498656405,0.20100471594803304
1.9764682492962182,0.6630179459309774,2.367077623311349,0.20100471594803304
1.9764682492962182,0.6630179459309774,2.247396091745341,0.20100471594803304
1.9764682492962182,0.6630179459309774,2.092678085825457,0.20100471594803304
1.9764682492962182,0.6630179459309774,2.3105149513349748,0.20100471594803304
1.9764682492962182,0.6630179459309774,2.2460192400020387,0.20100471594803304
1.9764682492962182,0.6630179459309774,2.3062564892752864,0.20100471594803304
1.9764682492962182,0.6630179459309774,2.134310707581663,0.20100471594803304
1.9764682492962182,0.6630179459309774,2.160272694185958,0.20100471594803304
1.9764682492962182,0.6630179459309774,2.323553332356319,0.20100471594803304
1.9764682492962182,0.6630179459309774,2.3143724716556626,0.20100471594803304
2.0512978850713073,0.6630179459309774,2.1540630850529503,0.20100471594803304
2.0512978850713073,0.6630179459309774,2.354316214560917,0.20100471594803304
2.0512978850713073,0.6630179459309774,2.4980211784245827,0.20100471594803304
2.0512978850713073,0.6630179459309774,2.414895513270159,0.20100471594803304
2.0512978850713073,0.6630179459309774,2.115956544557445,0.20100471594803304
2.053488170406319,0.6630179459309774,2.331342042567733,0.20100471594803304
1.9988698410674948,0.6630179459309774,2.4088284886359346,0.20100471594803304
1.821636366941878,0.6630179459309774,2.431263774250013,0.20100471594803304
1.821636366941878,0.6630179459309774,2.638425542154243,0.20100471594803304
1.821636366941878,0.6630179459309774,2.5408432004104387,0.20100471594803304
1.821636366941878,0.6630179459309774,2.467520949984062,0.20100471594803304
1.821636366941878,0.6630179459309774,2.8378197068666413,0.20100471594803304
1.821636366941878,0.6700181840496187,2.3013022448541616,0.20100471594803304
1.821636366941878,0.6700181840496187,2.7140565949412854,0.20100471594803304
1.821636366941878,0.7154439979769798,2.7325375408800268,0.20100471594803304
1.821636366941878,0.7427659322959287,2.4536882614696136,0.20100471594803304
1.821636366941878,0.7427659322959287,2.275027500157006,0.20100471594803304
1.821636366941878,0.7427659322959287,2.360179998571201,0.20100471594803304
1.821636366941878,0.7427659322959287,2.4468854025674815,0.20100471594803304
1.821636366941878,0.7427659322959287,2.2779860918353876,0.20100471594803304
1.821636366941878,0.7427659322959287,2.243869821382722,0.20100471594803304
1.9966757423983619,0.7427659322959287,2.0771736602082616,0.20100471594803304
1.9966757423983619,0.7427659322959287,1.9360177508502256,0.20100471594803304
1.9966757423983619,0.7427659322959287,2.134117629968734,0.20100471594803304
1.9966757423983619,0.7427659322959287,2.0410237547256536,0.20100471594803304
1.9966757423983619,0.7427659322959287,2.1001587544936027,0.20100471594803304
1.9966757423983619,0.7425063727536738,2.049380671832671,0.20100471594803304
1.9966757423983619,0.7425063727536738,2.545212377849663,0.20100471594803304
1.9966757423983619,0.7425063727536738,2.1545648242243334,0.20100471594803304
1.9966757423983619,0.7425063727536738,2.0730988976052696,0.20100471594803304
1.9966757423983619,0.7425063727536738,2.1579360005391544,0.20100471594803304
1.9966757423983619,0.7425063727536738,1.8256787507125605,0.20100471594803304
1.9966757423983619,0.7425063727536738,1.9313700707654922,0.20100471594803304
1.9966757423983619,0.7425063727536738,2.002365666521984,0.20100471594803304
1.9966757423983619,0.7425063727536738,2.4333408381481507,0.20100471594803304
1.9966757423983619,0.7425063727536738,2.1255534238634355,0.20100471594803304
1.9966757423983619,0.7425063727536738,2.226703595027156,0.20100471594803304
1.9966757423983619,0.7425063727536738,2.213363269614779,0.20100471594803304
1.9966757423983619,0.7425063727536738,1.9446631650148754,0.20100471594803304
1.7091204275687015,0.7425063727536738,2.3209551623713778,0.20100471594803304
1.7091204275687015,0.7425063727536738,2.455126510698673,0.20100471594803304
1.7091204275687015,0.7425063727536738,2.890369960629501,0.20100471594803304
1.7091204275687015,0.7425063727536738,2.6581357069781038,0.20100471594803304
1.7218015787980407,0.7425063727536738,2.5424382553542193,0.20100471594803304
1.7218015787980407,0.7425063727536738,2.611103267963581,0.20100471594803304
1.9852977357393413,0.7425063727536738,2.326357079282958,0.20100471594803304
1.9852977357393413,0.7085687365580379,2.1378490154587366,0.20100471594803304
1.9852977357393413,0.6902356463200857,2.3786294702796527,0.20100471594803304
2.1681068566252946,0.6902356463200857,2.1171749842536864,0.20100471594803304
2.1681068566252946,0.6902356463200857,1.8512916311773895,0.20100471594803304
2.1681068566252946,0.6902356463200857,2.1042601188152963,0.20100471594803304
2.1681068566252946,0.6902356463200857,1.859450960875078,0.20100471594803304
2.1681068566252946,0.6902356463200857,2.0905288210841975,0.20100471594803304
2.1681068566252946,0.6902356463200857,2.1428691957113055,0.20100471594803304
2.1681068566252946,0.6902356463200857,2.194023069807643,0.20100471594803304
2.1681068566252946,0.6902356463200857,2.2735077340823624,0.20100471594803304
2.1681068566252946,0.6902356463200857,2.227193851837251,0.20100471594803304
2.1681068566252946,0.6902356463200857,1.957264688457339,0.20100471594803304
2.1681068566252946,0.6902356463200857,2.002577910014389,0.20100471594803304
2.2033947001231216,0.6902356463200857,2.0559069074872345,0.20100471594803304
2.2033947001231216,0.6902356463200857,2.115941827419528,0.20100471594803304
2.2033947001231216,0.6902356463200857,2.099026031126047,0.20100471594803304
2.2033947001231216,0.6902356463200857,2.0020212650359714,0.20100471594803304
2.178264320874897,0.6902356463200857,1.9645513692304206,0.20100471594803304
2.178264320874897,0.6902356463200857,1.9910603124263502,0.20100471594803304
2.178264320874897,0.6902356463200857,2.1318821047311522,0.20100471594803304
2.178264320874897,0.6902356463200857,2.21747923513804,0.20100471594803304
2.24299527537853,0.6902356463200857,2.0759081703529674,0.20100471594803304
2.24299527537853,0.6902356463200857,1.922616668279576,0.20100471594803304
1.8846783735445831,0.6902356463200857,2.356503855955402,0.20100471594803304
1.8846783735445831,0.6902356463200857,2.225340506381564,0.20100471594803304
1.8846783735445831,0.6902356463200857,2.4671177123370844,0.20100471594803304
1.8846783735445831,0.6902356463200857,2.6813558458759337,0.20100471594803304
1.8846783735445831,0.6902356463200857,2.457162695579867,0.20100471594803304
1.8846783735445831,0.6902356463200857,2.2775181393508164,0.20100471594803304
1.8846783735445831,0.6902356463200857,2.35057130679497,0.20100471594803304
1.8846783735445831,0.6902356463200857,2.3436640106740043,0.20100471594803304
1.8846783735445831,0.6902356463200857,2.3402719230500497,0.20100471594803304
1.8846783735445831,0.6902356463200857,2.332639820818524,0.20100471594803304
1.8846783735445831,0.6902356463200857,2.551990914467189,0.20100471594803304
1.8846783735445831,0.6902356463200857,2.1964387665771614,0.20100471594803304
1.8846783735445831,0.6902356463200857,2.393238238570962,0.20100471594803304
1.8846783735445831,0.6902356463200857,2.3147085755559766,0.20100471594803304
1.8846783735445831,0.6902356463200857,2.259539392697368,0.20100471594803304
1.8846783735445831,0.6902356463200857,2.2945244135279332,0.20100471594803304
1.8846783735445831,0.6856985341151772,2.312686193415203,0.20100471594803304
1.8846783735445831,0.6856985341151772,2.478270964184781,0.20100471594803304
1.8846783735445831,0.6856985341151772,2.4596918083993957,0.20100471594803304
1.8846783735445831,0.6856985341151772,2.5272908423798555,0.20100471594803304
1.8846783735445831,0.6856985341151772,2.227988474859897,0.20100471594803304
1.8846783735445831,0.6856985341151772,2.2672347285446794,0.20100471594803304
1.8846783735445831,0.6856985341151772,2.4932759455128752,0.20100471594803304
1.8846783735445831,0.6856985341151772,2.201792394480951,0.20100471594803304
1.8846783735445831,0.6856985341151772,2.3971444026550213,0.20100471594803304
1.8846783735445831,0.6856985341151772,2.602784909883431,0.20100471594803304
1.8846783735445831,0.6856985341151772,2.356415123531022,0.20100471594803304
1.8846783735445831,0.6856985341151772,2.3730787010943644,0.20100471594803304
1.8846783735445831,0.6856985341151772,2.3266079386265512,0.20100471594803304
1.8846783735445831,0.6856985341151772,2.334391452596661,0.20100471594803304
1.8846783735445831,0.6856985341151772,2.2609751339834063,0.20100471594803304
1.8846783735445831,0.6856985341151772,2.3682074929386663,0.20100471594803304
1.805589678837207,0.6856985341151772,2.4220548429279947,0.20100471594803304
1.805589678837207,0.6856985341151772,2.442510656738335,0.20100471594803304
1.805589678837207,0.6856985341151772,2.3671937451422624,0.20100471594803304
1.805589678837207,0.6856985341151772,2.475969356030023,0.20100471594803304
1.805589678837207,0.6856985341151772,2.691671203469702,0.20100471594803304
1.805589678837207,0.6856985341151772,2.362491586412029,0.20100471594803304
1.805589678837207,0.6856985341151772,2.521551432680027,0.20100471594803304
1.80852659196156,0.6856985341151772,2.3108288582064667,0.20100471594803304
1.80852659196156,0.6856985341151772,2.639786241835858,0.20100471594803304
1.739992872331139,0.6856985341151772,2.4861483988865904,0.20100471594803304
1.7252764785464736,0.6856985341151772,2.76503337359073,0.20100471594803304
1.7252764785464736,0.6856985341151772,2.603337917496811,0.20100471594803304
1.7252764785464736,0.6856985341151772,2.6953031515957626,0.20100471594803304
1.7252764785464736,0.6856985341151772,2.5001662423096414,0.20100471594803304
1.7252764785464736,0.6856948668523596,2.6680811097159336,0.20100471594803304
1.7252764785464736,0.6856948668523596,2.8086015619869964,0.20100471594803304
1.7252764785464736,0.6856948668523596,2.575862156298426,0.20100471594803304
1.7252764785464736,0.6856948668523596,2.449700711958426,0.20100471594803304
1.7252764785464736,0.6856948668523596,2.8616371591774277,0.20100471594803304
1.7252764785464736,0.6856948668523596,2.5482614035755833,0.20100471594803304
1.7252764785464736,0.6856948668523596,2.4886756209214567,0.20100471594803304
1.7252764785464736,0.6856948668523596,2.3983888386217185,0.20100471594803304
1.7252764785464736,0.6856948668523596,2.469639975009788,0.20100471594803304
1.7252764785464736,0.6856948668523596,2.534015168569973,0.20100471594803304
1.8076939487566728,0.6856948668523596,2.907331944589731,0.20100471594803304
1.8076939487566728,0.6579224499342091,2.5453630999634687,0.20100471594803304
1.8076939487566728,0.6676871869889397,2.5613781387141716,0.20100471594803304
1.8076939487566728,0.6676871869889397,2.4597681163595264,0.20100471594803304
1.8076939487566728,0.6676871869889397,2.4780702459994908,0.20100471594803304
1.8076939487566728,0.6676871869889397,2.6629783337381245,0.20100471594803304
1.8076939487566728,0.6676871869889397,2.587727036563366,0.20100471594803304
1.8076939487566728,0.6676871869889397,2.4155901337013908,0.20100471594803304
1.5915088252072145,0.7449399860028278,2.692930509015444,0.20100471594803304
1.6957912118321985,0.7449399860028278,2.6934916920751673,0.20100471594803304
1.6957912118321985,0.7449399860028278,2.4718955826747715,0.20100471594803304
1.6957912118321985,0.7449399860028278,2.5299272373592108,0.20100471594803304
1.6957912118321985,0.7449399860028278,2.36645944411946,0.20100471594803304
1.6957912118321985,0.7449399860028278,2.5560597087743218,0.20100471594803304
1.6957912118321985,0.7449399860028278,2.578115568711855,0.20100471594803304
1.6957912118321985,0.7449399860028278,2.3382100328018263,0.20100471594803304
1.6957912118321985,0.7449399860028278,2.2754119221226197,0.20100471594803304
1.6957912118321985,0.7449399860028278,2.360914138166583,0.20100471594803304
1.6957912118321985,0.7449399860028278,2.3846542545067475,0.20100471594803304
1.6957912118321985,0.7449399860028278,2.7544937464406094,0.20100471594803304
1.6957912118321985,0.7449399860028278,2.6584848164504518,0.20100471594803304
1.5412259021001409,0.7449399860028278,2.642321195048675,0.20100471594803304
1.5474984411270822,0.7449399860028278,2.6056102803860126,0.20100471594803304
1.5474984411270822,0.7449399860028278,2.675629678378745,0.20100471594803304
1.5474984411270822,0.7449399860028278,3.015904934642127,0.20100471594803304
1.5474984411270822,0.7449399860028278,2.8532428616076015,0.20100471594803304
1.5474984411270822,0.7449399860028278,2.620983753552497,0.20100471594803304
1.5474984411270822,0.7449399860028278,2.542024404537845,0.20100471594803304
1.5474984411270822,0.7449399860028278,2.566425874155156,0.20100471594803304
1.4276202599075325,0.805869302753054,2.738308847855819,0.20100471594803304
1.4276202599075325,0.805869302753054,2.764343448718442,0.20100471594803304
1.4276202599075325,0.805869302753054,2.7143708372094517,0.20100471594803304
1.4276202599075325,0.805869302753054,2.7440821067024346,0.20100471594803304
1.5000312052734621,0.805869302753054,2.689320836921131,0.20100471594803304
1.5000312052734621,0.7951039618023705,2.411286111686583,0.20100471594803304
1.5000312052734621,0.7951039618023705,3.0274737715417266,0.20100471594803304
1.5000312052734621,0.7951039618023705,2.6407276563893025,0.20100471594803304
1.5000312052734621,0.7951039618023705,2.7845181670767687,0.20100471594803304
1.5000312052734621,0.7951039618023705,2.638528748878565,0.20100471594803304
1.5000312052734621,0.7951039618023705,2.6518171524221765,0.20100471594803304
1.5000312052734621,0.7951039618023705,2.5832494399826094,0.20100471594803304
1.5000312052734621,0.7951039618023705,2.773962489911521,0.20100471594803304
1.5000312052734621,0.7951039618023705,2.805360787280471,0.20100471594803304
1.5000312052734621,0.7951039618023705,2.8060497109863567,0.20100471594803304
1.5000312052734621,0.7951039618023705,2.738151272681055,0.20100471594803304
1.5000312052734621,0.7951039618023705,2.8891580137110706,0.20100471594803304
1.5000312052734621,0.7951039618023705,2.668039970720817,0.20100471594803304
1.5000312052734621,0.7322450589051489,2.5958904302592973,0.20100471594803304
1.5000312052734621,0.7514390233125322,2.7574288672863214,0.20100471594803304
1.5000312052734621,0.7514390233125322,2.594143675628798,0.20100471594803304
1.8842067514021084,0.7514390233125322,2.4840460447080215,0.20100471594803304
1.8622159266227207,0.7514390233125322,2.4466263003041866,0.20100471594803304
2.0133668808069194,0.7514390233125322,2.145369232485333,0.20100471594803304
2.0133668808069194,0.7514390233125322,1.9984146991059781,0.20100471594803304
2.0133668808069194,0.7514390233125322,2.469791341461421,0.20100471594803304
2.0133668808069194,0.7514390233125322,2.0110401853281834,0.20100471594803304
2.0133668808069194,0.7514390233125322,2.1694702681027387,0.20100471594803304
2.0133668808069194,0.7514390233125322,2.014148662385743,0.20100471594803304
2.0133668808069194,0.7514390233125322,2.172681364413627,0.20100471594803304
1.7623215159169934,0.7514390233125322,2.1693586678270442,0.20100471594803304
1.7731957975163781,0.7514390233125322,2.3375809546634247,0.20100471594803304
1.7731957975163781,0.7514390233125322,2.4670136777219462,0.20100471594803304
1.7731957975163781,0.7514390233125322,2.382784911393648,0.20100471594803304
1.7731957975163781,0.7514390233125322,2.284236816894115,0.20100471594803304
1.7731957975163781,0.7514390233125322,2.532868834135434,0.20100471594803304
1.7731957975163781,0.7514390233125322,2.317580301966484,0.20100471594803304
1.7731957975163781,0.7514390233125322,2.158333769653937,0.20100471594803304
1.7731957975163781,0.7514390233125322,2.1933179124894804,0.20100471594803304
1.7731957975163781,0.6956849508955061,2.2923819029667043,0.20100471594803304
1.7731957975163781,0.6956849508955061,2.564102518137244,0.20100471594803304
1.7731957975163781,0.6956849508955061,2.335718016074696,0.20100471594803304
1.7731957975163781,0.6956849508955061,2.6213693603582353,0.20100471594803304
1.7731957975163781,0.6956849508955061,2.360612127804017,0.20100471594803304
1.7731957975163781,0.6956849508955061,2.5633453435585984,0.20100471594803304
1.7731957975163781,0.6956849508955061,2.7938654648570234,0.20100471594803304
1.7731957975163781,0.6956849508955061,2.8076336476866905,0.20100471594803304
1.732271964068415,0.6956849508955061,2.5042837349514544,0.20100471594803304
1.732271964068415,0.6956849508955061,2.7243188680616477,0.20100471594803304
1.732271964068415,0.6956849508955061,2.784067359711597,0.20100471594803304
1.732271964068415,0.6956849508955061,2.49540083623632,0.20100471594803304
1.732271964068415,0.6956849508955061,2.487164637448093,0.20100471594803304
1.732271964068415,0.6956849508955061,2.514127044320166,0.20100471594803304
1.732271964068415,0.6956849508955061,2.3877067023468515,0.20100471594803304
1.732271964068415,0.6956849508955061,2.7440352930222565,0.20100471594803304
1.732271964068415,0.6956849508955061,2.664541093910527,0.20100471594803304
1.732271964068415,0.6956849508955061,2.661481895346357,0.20100471594803304
1.732271964068415,0.6956849508955061,2.296163842611907,0.20100471594803304
1.742432011208366,0.6956849508955061,2.443420036638905,0.20100471594803304
1.742432011208366,0.6956849508955061,2.7423185190511306,0.20100471594803304
1.742432011208366,0.6956849508955061,2.474485051126103,0.20100471594803304
1.742432011208366,0.6956849508955061,2.6274167402863147,0.20100471594803304
1.742432011208366,0.6956849508955061,2.798177131479041,0.20100471594803304
1.742432011208366,0.6956849508955061,2.422023052681362,0.20100471594803304
1.742432011208366,0.6956849508955061,2.619640490104229,0.20100471594803304
1.7408873788476793,0.6956849508955061,2.811014927536409,0.20100471594803304
1.7408873788476793,0.6956849508955061,2.5184889835589956,0.20100471594803304
1.7408873788476793,0.6956849508955061,2.331951127805751,0.20100471594803304
1.7408873788476793,0.6956849508955061,2.7437216277814023,0.20100471594803304
1.7408873788476793,0.6956849508955061,2.5068170421162717,0.20100471594803304
1.7408873788476793,0.6956849508955061,2.5257268621813322,0.20100471594803304
1.7408873788476793,0.6956849508955061,2.6368600559116633,0.20100471594803304
1.7408873788476793,0.685336857986018,2.7297059968825064,0.20100471594803304
1.7408873788476793,0.685336857986018,2.770813220918016,0.20100471594803304
1.7408873788476793,0.685336857986018,3.0396160539526407,0.20100471594803304
1.7408873788476793,0.685336857986018,2.6069153914262913,0.20100471594803304
1.7865956766032172,0.685336857986018,2.2627081049554447,0.20100471594803304
1.7865956766032172,0.685336857986018,2.498032027325258,0.20100471594803304
1.7865956766032172,0.7379859882573411,2.4457750100894526,0.20100471594803304
1.7421617940112277,0.7379859882573411,2.3616519107534004,0.20100471594803304
1.7421617940112277,0.7379859882573411,2.6022102724398306,0.20100471594803304
1.7421617940112277,0.7379859882573411,2.37234039176362,0.20100471594803304
1.7421617940112277,0.7379859882573411,2.6022106167502317,0.20100471594803304
1.7421617940112277,0.7379859882573411,2.1926770130295026,0.20100471594803304
1.7421617940112277,0.7379859882573411,2.2012018067933665,0.20100471594803304
1.7421617940112277,0.7379859882573411,2.4914840370833318,0.20100471594803304
1.7421617940112277,0.7289100220737619,2.5066443964172116,0.20100471594803304
1.7358456663461452,0.7289100220737619,2.4826774152453503,0.20100471594803304
1.7358456663461452,0.7289100220737619,2.2902057141539274,0.20100471594803304
1.7358456663461452,0.7289100220737619,2.4649807544958318,0.20100471594803304
1.7358456663461452,0.7289100220737619,2.5704454171990596,0.20100471594803304
1.7358456663461452,0.7289100220737619,2.4508682797481898,0.20100471594803304
1.7358456663461452,0.7289100220737619,2.6101997020796617,0.20100471594803304
1.7358456663461452,0.7289100220737619,2.722726444846771,0.20100471594803304
1.7358456663461452,0.7289100220737619,2.545924012792586,0.20100471594803304
1.7358456663461452,0.7289100220737619,2.5684305223630997,0.20100471594803304
1.7358456663461452,0.7289100220737619,2.262235351502838,0.20100471594803304
1.7358456663461452,0.7289100220737619,2.1917163712978502,0.20100471594803304
1.7358456663461452,0.7289100220737619,2.233754824537631,0.20100471594803304
1.7358456663461452,0.7289100220737619,2.4090156196627976,0.20100471594803304
1.7358456663461452,0.7289100220737619,2.8043708698625287,0.20100471594803304
1.7358456663461452,0.7289100220737619,2.4969990965631577,0.20100471594803304
1.7358456663461452,0.7289100220737619,2.7512526368289927,0.20100471594803304
1.7358456663461452,0.7289100220737619,2.5673384764920226,0.20100471594803304
2.02179836424904,0.7289100220737619,2.2157414170124574,0.20100471594803304
2.02179836424904,0.7289100220737619,2.4165420419124186,0.20100471594803304
2.02179836424904,0.7289100220737619,2.0877170241497764,0.20100471594803304
2.02179836424904,0.7289100220737619,2.3298938596217744,0.20100471594803304
2.02179836424904,0.7289100220737619,2.433868166219105,0.20100471594803304
2.02179836424904,0.7289100220737619,2.2609848865331315,0.20100471594803304
2.02179836424904,0.7289100220737619,2.0741121414290213,0.20100471594803304
2.02179836424904,0.7289100220737619,1.9545262825528327,0.20100471594803304
2.02179836424904,0.7343091979382504,2.2181834753791247,0.20100471594803304
2.02179836424904,0.7343091979382504,2.119704085481661,0.20100471594803304
2.02179836424904,0.7343091979382504,2.151120117512268,0.20100471594803304
2.02179836424904,0.7343091979382504,2.1673922286562126,0.20100471594803304
2.02179836424904,0.7343091979382504,2.015810731568274,0.20100471594803304
2.02179836424904,0.7343091979382504,2.0066194390575816,0.20100471594803304
2.02179836424904,0.7343091979382504,2.0128115031976948,0.20100471594803304
2.02179836424904,0.7343091979382504,2.1461981486099604,0.20100471594803304
2.02179836424904,0.7343091979382504,2.046369829873372,0.20100471594803304
1.8862042869939337,0.7343091979382504,2.1817396176860337,0.20100471594803304
1.8862042869939337,0.7343091979382504,2.4121599467289148,0.20100471594803304
1.8862042869939337,0.7343091979382504,2.2234910167177286,0.20100471594803304
1.8862042869939337,0.7343091979382504,2.5989399578866266,0.20100471594803304
1.8862042869939337,0.7343091979382504,2.185255105889256,0.20100471594803304
1.8862042869939337,0.7343091979382504,2.1070403017687074,0.20100471594803304
1.8862042869939337,0.7343091979382504,2.3744609691788297,0.20100471594803304
1.918294922635477,0.7012078806281911,2.0109818895670424,0.20100471594803304
1.918294922635477,0.7012078806281911,2.469414134937566,0.20100471594803304
1.771994489936713,0.7012078806281911,2.537676892085875,0.20100471594803304
1.771994489936713,0.7012078806281911,2.27494191158018,0.20100471594803304
1.771994489936713,0.7012078806281911,2.4072294875430007,0.20100471594803304
1.771994489936713,0.7012078806281911,2.366794241606462,0.20100471594803304
1.771994489936713,0.7012078806281911,2.6816288572226123,0.20100471594803304
1.771994489936713,0.7012078806281911,2.5930610393085214,0.20100471594803304
1.771994489936713,0.7012078806281911,2.554820720778169,0.20100471594803304
1.9618701332574915,0.7012078806281911,2.338841328503455,0.20100471594803304
1.9618701332574915,0.7012078806281911,2.1428293921349346,0.20100471594803304
1.9618701332574915,0.7012078806281911,2.260021279428763,0.20100471594803304
1.9618701332574915,0.7012078806281911,2.234409577525446,0.20100471594803304
1.9618701332574915,0.7012078806281911,2.244774584575309,0.20100471594803304
1.9618701332574915,0.7012078806281911,2.0817703873812032,0.20100471594803304
1.8225306163136645,0.6937967629298073,2.402156267799373,0.20100471594803304
1.8225306163136645,0.6937967629298073,2.4133554153195105,0.20100471594803304
1.8225306163136645,0.6937967629298073,2.6408780355998522,0.20100471594803304
1.8225306163136645,0.6937967629298073,2.3880229753459545,0.20100471594803304
1.8225306163136645,0.6937967629298073,2.44292860357853,0.20100471594803304
1.8225306163136645,0.6937967629298073,2.5737156260007734,0.20100471594803304
1.8225306163136645,0.6937967629298073,2.1644194012800493,0.20100471594803304
1.8909770718247831,0.6937967629298073,2.376053671808888,0.20100471594803304
1.8909770718247831,0.6937967629298073,2.3500806358322057,0.20100471594803304
1.8909770718247831,0.6937967629298073,2.675963210850891,0.20100471594803304
1.8909770718247831,0.6937967629298073,2.554511641695444,0.20100471594803304
1.8909770718247831,0.6937967629298073,2.3092023759099045,0.20100471594803304
1.8909770718247831,0.6937967629298073,2.551071158278392,0.20100471594803304
1.8909770718247831,0.6937967629298073,2.3841455028197043,0.20100471594803304
1.8563678801345391,0.6937967629298073,2.3551490504522623,0.20100471594803304
1.8563678801345391,0.6937967629298073,2.330723156944147,0.20100471594803304
1.8563678801345391,0.6937967629298073,2.494080472292637,0.20100471594803304
1.8563678801345391,0.6937967629298073,2.5375136259679234,0.20100471594803304
1.8563678801345391,0.6937967629298073,2.547203494262545,0.20100471594803304
1.8563678801345391,0.6937967629298073,2.1981849900518844,0.20100471594803304
1.8563678801345391,0.6937967629298073,2.603304349461164,0.20100471594803304
1.8563678801345391,0.6937967629298073,2.256611393303006,0.20100471594803304
1.8563678801345391,0.6937967629298073,2.626654688640106,0.20100471594803304
1.8563678801345391,0.6937967629298073,2.236607598497323,0.20100471594803304
1.8563678801345391,0.6937967629298073,2.5806552936792815,0.20100471594803304
1.8563678801345391,0.6937967629298073,2.4632640856329004,0.20100471594803304
1.8563678801345391,0.6937967629298073,2.350555380047334,0.20100471594803304
1.8563678801345391,0.6937967629298073,2.4947905494764036,0.20100471594803304
1.8563678801345391,0.6937967629298073,2.268594720821107,0.20100471594803304
1.8563678801345391,0.6993327082792472,2.589805716232334,0.20100471594803304
1.8563678801345391,0.6993327082792472,2.3853800620463215,0.20100471594803304
1.8563678801345391,0.6993327082792472,2.636826950851878,0.20100471594803304
1.8563678801345391,0.6993327082792472,2.298868863921754,0.20100471594803304
1.9825342911605741,0.6993327082792472,2.3847192605664658,0.20100471594803304
1.9825342911605741,0.6993327082792472,2.1006114518792467,0.20100471594803304
1.9825342911605741,0.6993327082792472,2.486014183265082,0.20100471594803304
2.024052268409415,0.6993327082792472,2.1719543113595123,0.20100471594803304
2.024052268409415,0.6993327082792472,2.4576741455220543,0.20100471594803304
2.024052268409415,0.6993327082792472,2.266590687514779,0.20100471594803304
2.024052268409415,0.6993327082792472,2.0365008832967813,0.20100471594803304
2.024052268409415,0.6993327082792472,2.352322114768989,0.20100471594803304
2.109506094249476,0.6993327082792472,2.065648426016345,0.20100471594803304
1.9772183343559495,0.6993327082792472,2.2779267132190526,0.20100471594803304
1.959838623050301,0.6993327082792472,2.285278768362098,0.20100471594803304
1.9974340814671543,0.6993327082792472,2.389966352266482,0.20100471594803304
1.9974340814671543,0.6993327082792472,2.2576187680860476,0.20100471594803304
1.9974340814671543,0.6993327082792472,2.3455864586748953,0.20100471594803304
1.9974340814671543,0.6993327082792472,2.3660027449218455,0.20100471594803304
1.9974340814671543,0.6993327082792472,2.2980015958812796,0.20100471594803304
1.9974340814671543,0.6993327082792472,2.0841093771162122,0.20100471594803304
1.9974340814671543,0.6993327082792472,2.160227192532767,0.20100471594803304
1.9974340814671543,0.6993327082792472,2.26431251138181,0.20100471594803304
1.9974340814671543,0.6993327082792472,2.3656297636644816,0.20100471594803304
1.9974340814671543,0.6993327082792472,2.3396596021942324,0.20100471594803304
1.9974340814671543,0.6993327082792472,2.001168174087581,0.20100471594803304
1.9974340814671543,0.6993327082792472,2.4905487324447813,0.20100471594803304
1.9974340814671543,0.6993327082792472,2.200717812997552,0.20100471594803304
1.9974340814671543,0.6993327082792472,2.18782711026638,0.20100471594803304
1.9974340814671543,0.6993327082792472,2.0931456413999143,0.20100471594803304
1.7033453281052777,0.6993327082792472,2.435937618975883,0.20100471594803304
1.7033453281052777,0.6993327082792472,2.373392317977211,0.20100471594803304
1.7033453281052777,0.6993327082792472,2.6073994492386072,0.20100471594803304
1.7033453281052777,0.6993327082792472,2.4688286969247395,0.20100471594803304
1.7033453281052777,0.6993327082792472,2.787369147804638,0.20100471594803304
1.7033453281052777,0.6993327082792472,2.4742644277251973,0.20100471594803304
1.7033453281052777,0.6993327082792472,2.5358271795148655,0.20100471594803304
1.7033453281052777,0.6993327082792472,2.5958924414651645,0.20100471594803304
1.7033453281052777,0.6993327082792472,2.48253746988596,0.20100471594803304
1.7033453281052777,0.6993327082792472,2.5891936092504593,0.20100471594803304
1.7033453281052777,0.6993327082792472,2.6678417179454477,0.20100471594803304
1.7033453281052777,0.6993327082792472,2.624876831960216,0.20100471594803304
1.8359729497522663,0.6993327082792472,2.4759581615214934,0.20100471594803304
1.8359729497522663,0.6993327082792472,2.251014339815061,0.20100471594803304
1.8191653929472684,0.6993327082792472,2.662790158266804,0.20100471594803304
1.8191653929472684,0.6902163126020047,2.7034424504649803,0.20100471594803304
1.8191653929472684,0.6902163126020047,2.485699141493286,0.20100471594803304
1.8191653929472684,0.6902163126020047,2.646834935976915,0.20100471594803304
1.8191653929472684,0.6902163126020047,2.4364817032765984,0.20100471594803304
1.8191653929472684,0.6902163126020047,2.431057037483503,0.20100471594803304
1.8191653929472684,0.6902163126020047,2.3238934386034793,0.20100471594803304
1.8023943022688798,0.6902163126020047,2.7382232678194516,0.20100471594803304
1.8023943022688798,0.6902163126020047,2.4759167537529034,0.20100471594803304
1.8023943022688798,0.6902163126020047,2.4630074414445415,0.20100471594803304
1.8023943022688798,0.6902163126020047,2.3305330898610683,0.20100471594803304
1.8322061063104123,0.6902163126020047,2.391521844302206,0.20100471594803304
1.8322061063104123,0.6902163126020047,2.3914531750659744,0.20100471594803304
1.8322061063104123,0.6902163126020047,2.498393530615384,0.20100471594803304
1.8322061063104123,0.6902163126020047,2.708257578818722,0.20100471594803304
1.8322061063104123,0.6902163126020047,2.4771353829879184,0.20100471594803304
1.8322061063104123,0.6902163126020047,2.4993092076096493,0.20100471594803304
1.8322061063104123,0.6902163126020047,2.420763467471481,0.20100471594803304
1.8322061063104123,0.6902163126020047,2.860720450960919,0.20100471594803304
1.8322061063104123,0.6902163126020047,2.550056068273152,0.20100471594803304
1.8322061063104123,0.6902163126020047,2.1714911160847374,0.20100471594803304
1.8322061063104123,0.6902163126020047,2.2846476084826186,0.20100471594803304
1.8322061063104123,0.6902163126020047,2.3959608607863374,0.20100471594803304
1.710317951542637,0.7325200421874033,2.536095371259187,0.20100471594803304
1.710317951542637,0.7325200421874033,2.7658913149593483,0.20100471594803304
1.710317951542637,0.7325200421874033,2.277948230978911,0.20100471594803304
1.710317951542637,0.7325200421874033,2.200627851826248,0.20100471594803304
1.710317951542637,0.7129375666180043,2.683334238918759,0.20100471594803304
1.710317951542637,0.7129375666180043,2.562076611541248,0.20100471594803304
1.710317951542637,0.7129375666180043,2.3815643055097664,0.20100471594803304
1.710317951542637,0.7129375666180043,2.5554070336592707,0.20100471594803304
1.710317951542637,0.7129375666180043,2.345095493447949,0.20100471594803304
1.710317951542637,0.7129375666180043,2.4584352542654933,0.20100471594803304
1.710317951542637,0.7129375666180043,2.797581839496697,0.20100471594803304
1.710317951542637,0.7129375666180043,2.687456533674539,0.20100471594803304
1.710317951542637,0.7129375666180043,2.3966735632822944,0.20100471594803304
1.998190372389114,0.7129375666180043,2.2501028996369143,0.20100471594803304
1.998190372389114,0.7129375666180043,2.2146246313441673,0.20100471594803304
1.998190372389114,0.7129375666180043,2.1320199285498003,0.20100471594803304
1.998190372389114,0.7129375666180043,2.085539659753845,0.20100471594803304
1.998190372389114,0.7129375666180043,2.24106010265281,0.20100471594803304
1.998190372389114,0.7129375666180043,2.254073333055097,0.20074398687426553
1.9755710387402452,0.7129375666180043,2.351574382816769,0.20074398687426553
1.8748598084864025,0.7129375666180043,2.087986075172092,0.20074398687426553
1.8748598084864025,0.7129375666180043,2.3929159956328316,0.20074398687426553
2.0266765945685603,0.7129375666180043,2.2868191826590163,0.20074398687426553
2.0266765945685603,0.7129375666180043,2.2547955529483006,0.20074398687426553
2.0266765945685603,0.7129375666180043,2.1708138273304436,0.20074398687426553
1.7838830813056699,0.7129375666180043,2.266936711326964,0.20074398687426553
1.7838830813056699,0.7129375666180043,2.5311857338514554,0.20074398687426553
1.7838830813056699,0.7129375666180043,2.427354929037721,0.20074398687426553
1.7115231274714693,0.7129375666180043,2.493782214771288,0.20074398687426553
1.5955221464820837,0.7129375666180043,2.866392470465407,0.20074398687426553
1.5955221464820837,0.7129375666180043,2.560398879023666,0.20074398687426553
1.5955221464820837,0.7129375666180043,2.887451206406991,0.20074398687426553
1.5955221464820837,0.7129375666180043,2.793493623090083,0.20074398687426553
1.5955221464820837,0.7129375666180043,2.676791543895109,0.20074398687426553
1.5955221464820837,0.7129375666180043,2.690165330451741,0.20074398687426553
1.6961201866604425,0.7129375666180043,2.8988894484170737,0.20074398687426553
1.6961201866604425,0.7129375666180043,2.825313109252234,0.20074398687426553
1.6961201866604425,0.7129375666180043,2.4728775753168746,0.20074398687426553
1.6961201866604425,0.7129375666180043,2.5048410013673337,0.20074398687426553
1.6961201866604425,0.7129375666180043,2.363234362478453,0.20074398687426553
1.6961201866604425,0.7129375666180043,2.7423864793330193,0.20074398687426553
1.6961201866604425,0.7129375666180043,2.760144224559797,0.20074398687426553
1.6961201866604425,0.7129375666180043,2.308988346710854,0.20074398687426553
1.6961201866604425,0.7129375666180043,2.7289131362861596,0.20074398687426553
1.6961201866604425,0.7129375666180043,2.417243638395961,0.20074398687426553
1.6961201866604425,0.7129375666180043,2.6994112484826953,0.20074398687426553
1.6961201866604425,0.7129375666180043,2.5703196610369945,0.20074398687426553
1.996186502663266,0.7129375666180043,2.3933711681585175,0.20074398687426553
1.9835423517566848,0.7129375666180043,2.1316148129898616,0.20074398687426553
1.9835423517566848,0.7129375666180043,2.384790177034274,0.20074398687426553
1.9835423517566848,0.7129375666180043,2.16596220389328,0.20074398687426553
1.9835423517566848,0.7129375666180043,1.9088060343959363,0.20074398687426553
1.9835423517566848,0.7129375666180043,2.032766874928622,0.20074398687426553
1.9835423517566848,0.7129375666180043,2.374847063409002,0.20074398687426553
1.5976583293776765,0.7129375666180043,2.4779359211598817,0.20074398687426553
1.5976583293776765,0.7129375666180043,2.869838135827709,0.20074398687426553
1.5976583293776765,0.7129375666180043,2.959138363666138,0.20074398687426553
1.5976583293776765,0.7129375666180043,2.979318518129413,0.20074398687426553
1.5976583293776765,0.7129375666180043,2.5070750499941297,0.20074398687426553
1.8829268720115189,0.7129375666180043,2.587558830124556,0.20074398687426553
1.8829268720115189,0.7129375666180043,2.079772786461778,0.20074398687426553
1.8829268720115189,0.7129375666180043,2.335847458234901,0.20074398687426553
1.8829268720115189,0.7129375666180043,2.3780423974268166,0.20074398687426553
1.8829268720115189,0.7129375666180043,2.298241607029416,0.20074398687426553
1.8829268720115189,0.7129375666180043,2.393194463268241,0.20074398687426553
1.8829268720115189,0.7129375666180043,2.36541486733211,0.20074398687426553
1.8829268720115189,0.7129375666180043,2.115960986275719,0.20074398687426553
1.8829268720115189,0.7129375666180043,2.10986649383635,0.20074398687426553
1.8829268720115189,0.7129375666180043,2.559692833124306,0.20074398687426553
1.8829268720115189,0.7129375666180043,2.197018301428883,0.20074398687426553
1.8829268720115189,0.7129375666180043,2.1171663802651204,0.20074398687426553
1.8829268720115189,0.7129375666180043,2.5300128103435053,0.20074398687426553
1.8218882703448658,0.7129375666180043,2.2542732857699805,0.20074398687426553
1.8218882703448658,0.7129375666180043,2.376738559433429,0.20074398687426553
1.8218882703448658,0.7281323462382125,2.2993747970690346,0.20074398687426553
1.8218882703448658,0.7281323462382125,2.482580448733012,0.20074398687426553
1.8986323812410246,0.7281323462382125,2.213517851021549,0.20074398687426553
1.8986323812410246,0.7281323462382125,2.2148252423723602,0.20074398687426553
1.8986323812410246,0.7281323462382125,2.2551495568001134,0.20074398687426553
1.8986323812410246,0.7420914048749225,2.14409784851578,0.20074398687426553
1.8986323812410246,0.7420914048749225,2.0340802767201605,0.20074398687426553
1.8986323812410246,0.7420914048749225,2.1050429636877843,0.20074398687426553
1.8986323812410246,0.7420914048749225,2.113670273726813,0.20074398687426553
1.8986323812410246,0.7420914048749225,2.068227392143726,0.20074398687426553
1.8986323812410246,0.7420914048749225,2.1456347558684628,0.20074398687426553
1.8986323812410246,0.7420914048749225,2.02610938526232,0.20074398687426553
1.8793363816672712,0.7420914048749225,2.275984188050363,0.20074398687426553
1.8793363816672712,0.7420914048749225,2.296924296330354,0.20074398687426553
1.8793363816672712,0.7420914048749225,2.2918936747337297,0.20074398687426553
1.8793363816672712,0.7420914048749225,2.3342478434667417,0.20074398687426553
1.8793363816672712,0.7420914048749225,2.171735737757202,0.20074398687426553
1.8793363816672712,0.7420914048749225,1.9865049726270978,0.20074398687426553
1.8793363816672712,0.7420914048749225,2.1865020280261906,0.20074398687426553
1.8793363816672712,0.7420914048749225,2.1721455794417093,0.20074398687426553
1.8793363816672712,0.7420914048749225,2.1655374251645574,0.20074398687426553
1.8793363816672712,0.7420914048749225,2.0722091436532386,0.20074398687426553
1.8793363816672712,0.7420914048749225,2.07725429867394,0.20074398687426553
1.8793363816672712,0.7420914048749225,2.2854785172438827,0.20074398687426553
1.866262211903111,0.7420914048749225,2.3567792566477745,0.20074398687426553
1.866262211903111,0.7420914048749225,2.2300550428582477,0.20074398687426553
1.866262211903111,0.7420914048749225,2.1782125579170635,0.20074398687426553
1.866262211903111,0.7420914048749225,2.217561208912765,0.20074398687426553
1.866262211903111,0.7420914048749225,2.08273938333319,0.20074398687426553
1.877806144706643,0.7420914048749225,2.485477926545594,0.20074398687426553
1.877806144706643,0.7420914048749225,2.3725329959022146,0.20074398687426553
1.877806144706643,0.7420914048749225,2.333174740598147,0.20074398687426553
1.877806144706643,0.7420914048749225,2.4561808467131274,0.20074398687426553
1.877806144706643,0.7420914048749225,2.3485512399101816,0.20074398687426553
1.877806144706643,0.7420914048749225,2.1929300511473713,0.20074398687426553
1.6826059062876924,0.7420914048749225,2.279444403730252,0.20074398687426553
1.7154532456450693,0.7420914048749225,2.1574343351130487,0.20074398687426553
1.7154532456450693,0.7420914048749225,2.3667265526384513,0.20074398687426553
1.7154532456450693,0.7420914048749225,2.2546723474348487,0.20074398687426553
1.7154532456450693,0.7420914048749225,2.644684215536509,0.20074398687426553
1.7154532456450693,0.7420914048749225,2.2624023562025544,0.20074398687426553
1.7154532456450693,0.7420914048749225,2.3052353110556845,0.20074398687426553
1.7154532456450693,0.7420914048749225,2.4814192540958078,0.20074398687426553
1.7154532456450693,0.7420914048749225,2.571601914663835,0.20074398687426553
1.8076706736069437,0.7420914048749225,2.4600149981108728,0.20074398687426553
1.8076706736069437,0.7420914048749225,2.3425898735986674,0.20074398687426553
1.8076706736069437,0.7420914048749225,2.3795967347308435,0.20074398687426553
1.8076706736069437,0.7420914048749225,2.582263902227711,0.20074398687426553
1.8076706736069437,0.7420914048749225,2.561873378966671,0.20074398687426553
1.8076706736069437,0.7420914048749225,2.312335836493725,0.20074398687426553
1.8076706736069437,0.7420914048749225,2.3195473455429667,0.20074398687426553
1.736825617739877,0.7420914048749225,2.3834772565534403,0.20074398687426553
1.736825617739877,0.7420914048749225,2.4322810768092826,0.20074398687426553
1.736825617739877,0.7420914048749225,2.4142354757588973,0.20074398687426553
1.736825617739877,0.7420914048749225,2.49455701088054,0.20074398687426553
1.736825617739877,0.7420914048749225,2.3133795529214902,0.20074398687426553
1.736825617739877,0.7420914048749225,2.5455063490922814,0.20074398687426553
1.736825617739877,0.7420914048749225,2.2597290740549805,0.20074398687426553
1.736825617739877,0.7420914048749225,2.4418561173246807,0.20074398687426553
1.6689942750944458,0.7420914048749225,2.3287594122057165,0.20074398687426553
1.7240572437774502,0.7420914048749225,2.385434696950579,0.20074398687426553
1.7240572437774502,0.7420914048749225,2.4631924560931533,0.20074398687426553
1.7240572437774502,0.7420914048749225,2.6002226823187056,0.20074398687426553
1.7240572437774502,0.7420914048749225,2.311570613292417,0.20074398687426553
1.7240572437774502,0.7819023788762467,2.2270940366964784,0.20074398687426553
1.7240572437774502,0.7938088752870952,2.3431302866321206,0.20074398687426553
1.7240572437774502,0.7938088752870952,2.344504093439113,0.20074398687426553
1.529363659355349,0.7938088752870952,2.4287026274962247,0.20074398687426553
1.4758434824653104,0.7938088752870952,2.3772329137781183,0.20074398687426553
1.4758434824653104,0.7938088752870952,2.6895873768671135,0.20074398687426553
1.4758434824653104,0.7938088752870952,2.6423403588071617,0.20074398687426553
1.4758434824653104,0.7938088752870952,2.780185309071328,0.20074398687426553
1.4758434824653104,0.7938088752870952,2.455566254983706,0.20074398687426553
1.6846677211211714,0.7938088752870952,2.5736201337161564,0.20074398687426553
1.6846677211211714,0.7938088752870952,2.542522289232081,0.20074398687426553
1.6846677211211714,0.7938088752870952,2.3340520993361893,0.20074398687426553
1.6846677211211714,0.7938088752870952,2.405395028386171,0.20074398687426553
1.6846677211211714,0.7938088752870952,2.135518232198401,0.20074398687426553
1.6846677211211714,0.7938088752870952,2.2404473504413147,0.20074398687426553
1.6846677211211714,0.7938088752870952,2.2163672503179117,0.20074398687426553
1.6846677211211714,0.7938088752870952,2.4176485921671955,0.20074398687426553
1.6846677211211714,0.7938088752870952,2.5225254549194944,0.20074398687426553
1.668313193112315,0.7938088752870952,2.3434581033993234,0.20074398687426553
1.668313193112315,0.7938088752870952,2.6623925458631277,0.20074398687426553
1.668313193112315,0.7938088752870952,2.4231685907496607,0.20074398687426553
1.668313193112315,0.7938088752870952,2.499845304816187,0.20074398687426553
1.668313193112315,0.7938088752870952,2.1649320668471455,0.20074398687426553
1.668313193112315,0.7938088752870952,2.2887573000144394,0.20074398687426553
1.668313193112315,0.7938088752870952,2.2634132865170282,0.20074398687426553
1.668313193112315,0.7938088752870952,2.384686679800041,0.20074398687426553
1.668313193112315,0.7938088752870952,2.0956316190954145,0.20074398687426553
1.6640344804489353,0.7938088752870952,2.438345737259559,0.20074398687426553
1.6640344804489353,0.7938088752870952,2.218620034842352,0.20074398687426553
1.6640344804489353,0.7938088752870952,2.500304231714369,0.20074398687426553
1.73458562685994,0.7938088752870952,2.3751475418543033,0.20074398687426553
1.73458562685994,0.7306628344410727,2.2024594745766897,0.20074398687426553
1.73458562685994,0.7306628344410727,2.508910896334124,0.20074398687426553
1.6760552498146803,0.7306628344410727,2.8173519619104685,0.20074398687426553
1.6760552498146803,0.7306628344410727,2.696361285620648,0.20074398687426553
1.6760552498146803,0.7306628344410727,2.571288822212825,0.20074398687426553
1.9232309424300207,0.7306628344410727,2.435986842726232,0.20074398687426553
1.9232309424300207,0.7306628344410727,2.264056019931647,0.20074398687426553
1.9232309424300207,0.7306628344410727,2.1900324953022547,0.20074398687426553
1.9232309424300207,0.7306628344410727,2.400789273183341,0.20074398687426553
1.9232309424300207,0.7306628344410727,2.1394505575153175,0.20074398687426553
1.9232309424300207,0.7306628344410727,2.202344992230021,0.20074398687426553
1.9232309424300207,0.7306628344410727,2.2471941526922374,0.20074398687426553
1.9232309424300207,0.7306628344410727,2.08368489701259,0.20074398687426553
1.9232309424300207,0.7306628344410727,2.2015228054272646,0.20074398687426553
1.9232309424300207,0.7306628344410727,2.1322623452482476,0.20074398687426553
1.9232309424300207,0.7306628344410727,2.380709827728602,0.20074398687426553
1.9232309424300207,0.7306628344410727,2.002959075886807,0.20074398687426553
1.9232309424300207,0.7306628344410727,2.047196986817766,0.20074398687426553
1.9232309424300207,0.7306628344410727,2.2509355155469457,0.20074398687426553
1.9232309424300207,0.7306628344410727,2.158542796860493,0.20074398687426553
1.9232309424300207,0.7306628344410727,2.304316305601269,0.20074398687426553
1.9232309424300207,0.7306628344410727,2.120303297983407,0.20074398687426553
1.9232309424300207,0.7306628344410727,2.5274437864809114,0.20074398687426553
1.9232309424300207,0.7306628344410727,2.203074080012482,0.20074398687426553
1.9232309424300207,0.7306628344410727,2.37395000140655,0.20074398687426553
1.9232309424300207,0.7306628344410727,2.1937644476713354,0.20074398687426553
1.6175637164044185,0.7306628344410727,2.374192180895335,0.20074398687426553
1.5938301005334095,0.7306628344410727,2.727688184241167,0.20074398687426553
1.5938301005334095,0.7306628344410727,2.8855172467093744,0.20074398687426553
1.5938301005334095,0.7306628344410727,2.6970401273028375,0.20074398687426553
1.5938301005334095,0.7306628344410727,2.8209647198535004,0.20074398687426553
1.5938301005334095,0.7306628344410727,2.361595176452944,0.20074398687426553
1.5938301005334095,0.7306628344410727,2.6824441685751,0.20074398687426553
1.5938301005334095,0.7306628344410727,2.683385379220282,0.20074398687426553
1.5938301005334095,0.7306628344410727,3.013224704831077,0.20074398687426553
1.6144533395816476,0.7306628344410727,2.570971003195658,0.20074398687426553
1.6144533395816476,0.7306628344410727,2.7343396483970768,0.20074398687426553
1.6144533395816476,0.7306628344410727,2.643626716436044,0.20074398687426553
1.6144533395816476,0.7306628344410727,2.6811428130048682,0.20074398687426553
1.6144533395816476,0.7306628344410727,2.341740284991738,0.20074398687426553
1.6144533395816476,0.7306628344410727,2.9113284398972437,0.20074398687426553
1.6144533395816476,0.7306628344410727,2.4992022391944397,0.20074398687426553
1.6144533395816476,0.7306628344410727,2.5865107714790163,0.20074398687426553
1.6144533395816476,0.7306628344410727,2.5754909884217025,0.2009231229346621
1.6144533395816476,0.7306628344410727,2.4512304505429676,0.2009231229346621
1.6144533395816476,0.7306628344410727,2.7560877793767657,0.2009231229346621
1.6144533395816476,0.7306628344410727,2.50038829830332,0.2009231229346621
1.6144533395816476,0.7306628344410727,2.6516355265743345,0.2009231229346621
1.6144533395816476,0.7306628344410727,2.601519715806056,0.2009231229346621
1.6144533395816476,0.7306628344410727,2.4778119020359375,0.2009231229346621
1.6144533395816476,0.7306628344410727,2.587853640921846,0.2009231229346621
1.6144533395816476,0.7306628344410727,2.8753015864642006,0.2009231229346621
1.7299622982137957,0.7306628344410727,2.8033977418604885,0.2009231229346621
1.7299622982137957,0.7306628344410727,2.3801974658901837,0.2009231229346621
1.7299622982137957,0.7306628344410727,2.388621426222062,0.2009231229346621
1.7299622982137957,0.7306628344410727,2.435691042624087,0.2009231229346621
1.7299622982137957,0.7306628344410727,2.641385695527813,0.2009231229346621
1.7299622982137957,0.7306628344410727,2.5731572627621335,0.2009231229346621
1.7299622982137957,0.7306628344410727,2.343778693585879,0.2009231229346621
1.7299622982137957,0.7306628344410727,2.655860413393568,0.2009231229346621
1.7299622982137957,0.7306628344410727,2.4565700386069382,0.2009231229346621
1.7299622982137957,0.7306628344410727,2.457280927790357,0.2009231229346621
1.7299622982137957,0.7306628344410727,2.491733113635758,0.2009231229346621
1.7299622982137957,0.7306628344410727,2.4928347404464763,0.2009231229346621
1.7299622982137957,0.7306628344410727,2.7684303544235656,0.2009231229346621
1.7299622982137957,0.7306628344410727,2.5298952734720053,0.2009231229346621
1.7299622982137957,0.7306628344410727,2.948890375873963,0.2009231229346621
1.7299622982137957,0.7306628344410727,2.4994188833729982,0.2009231229346621
1.7299622982137957,0.7306628344410727,2.6912679931919063,0.2009231229346621
1.7299622982137957,0.7306628344410727,2.3734960056444954,0.2009231229346621
1.7299622982137957,0.7306628344410727,2.456200992936561,0.2009231229346621
2.01764171897024,0.7306628344410727,2.2764755051934547,0.2009231229346621
2.01764171897024,0.7306628344410727,1.9772760409672823,0.2009231229346621
2.01764171897024,0.7306628344410727,2.531266353879979,0.2009231229346621
2.01764171897024,0.7306628344410727,2.047622618011282,0.2009231229346621
2.01764171897024,0.7306628344410727,2.1998966073156763,0.2009231229346621
2.01764171897024,0.7306628344410727,2.044141985141539,0.2009231229346621
2.01764171897024,0.7306628344410727,2.0462141262192106,0.2009231229346621
2.01764171897024,0.7306628344410727,2.159435633117266,0.2009231229346621
2.01764171897024,0.7306628344410727,1.9603638118737188,0.2009231229346621
2.01764171897024,0.7306628344410727,2.160763743158656,0.2009231229346621
2.01764171897024,0.7306628344410727,2.0704240622309333,0.2009231229346621
2.01764171897024,0.7306628344410727,2.3037213321564662,0.2009231229346621
2.01764171897024,0.7306628344410727,2.003218298243957,0.2009231229346621
2.01764171897024,0.7306628344410727,2.0584052436504674,0.2009231229346621
2.01764171897024,0.7306628344410727,2.222456046179032,0.2009231229346621
2.01764171897024,0.7306628344410727,1.9864826201689474,0.2009231229346621
2.01764171897024,0.7306628344410727,2.145372585840016,0.2009231229346621
2.01764171897024,0.7306628344410727,2.062590618338052,0.2009231229346621
2.01764171897024,0.7306628344410727,1.9394714842822836,0.2009231229346621
2.01764171897024,0.7306628344410727,2.211575845724166,0.2009231229346621
2.01764171897024,0.7306628344410727,1.8782167032275283,0.2009231229346621
2.0447765038334733,0.7306628344410727,2.0388546379040497,0.2009231229346621
2.0447765038334733,0.7306628344410727,2.137678010130663,0.2009231229346621
2.0447765038334733,0.7306628344410727,2.028526541181569,0.2009231229346621
2.0447765038334733,0.7306628344410727,2.0350368521708044,0.2009231229346621
2.0447765038334733,0.7306628344410727,2.1098585602381665,0.2009231229346621
2.0447765038334733,0.7306628344410727,2.0064784237374935,0.2009231229346621
2.0447765038334733,0.7306628344410727,2.0719188838274176,0.2009231229346621
2.0447765038334733,0.7306628344410727,1.9267989349534917,0.2009231229346621
2.0447765038334733,0.7306628344410727,2.064022412701672,0.2009231229346621
2.0447765038334733,0.7306628344410727,1.988070811509882,0.2009231229346621
2.0447765038334733,0.7306628344410727,1.9741130507097144,0.2009231229346621
2.0270798827178176,0.7306628344410727,2.1259974223945375,0.2009231229346621
1.8448858125775307,0.7306628344410727,2.4749367151329067,0.2009231229346621
1.8448858125775307,0.7306628344410727,2.129721294136348,0.2009231229346621
2.010796003943184,0.7306628344410727,2.2489679898538864,0.2009231229346621
2.010796003943184,0.7306628344410727,2.071169171602164,0.2009231229346621
2.010796003943184,0.7306628344410727,2.1260645695679505,0.2009231229346621
2.010796003943184,0.7306628344410727,2.074250047324699,0.2009231229346621
2.010796003943184,0.7306628344410727,2.2713673645760544,0.2009231229346621
2.010796003943184,0.7306628344410727,1.9648367360590282,0.2009231229346621
2.010796003943184,0.7306628344410727,2.2547524313400884,0.2009231229346621
2.010796003943184,0.7306628344410727,2.065926391908266,0.2009231229346621
2.010796003943184,0.7306628344410727,2.0241978043593094,0.2009231229346621
2.010796003943184,0.7306628344410727,2.390147087291258,0.2009231229346621
2.010796003943184,0.7306628344410727,2.435985996227675,0.2009231229346621
2.010796003943184,0.7306628344410727,2.116340062253302,0.2009231229346621
2.010796003943184,0.7306628344410727,2.0435971494842753,0.2009231229346621
2.010796003943184,0.7306628344410727,2.4176115554618436,0.2009231229346621
1.853540012983314,0.7306628344410727,2.1439200532932396,0.2009231229346621
1.5438439903260535,0.7306628344410727,2.764521015636442,0.2009231229346621
1.5438439903260535,0.7306628344410727,2.883590645210295,0.2009231229346621
1.5438439903260535,0.7306628344410727,2.467231039766711,0.2009231229346621
1.5438439903260535,0.7306628344410727,2.744199369907564,0.2009231229346621
1.5438439903260535,0.7306628344410727,2.709949163950512,0.2009231229346621
1.5438439903260535,0.7306628344410727,2.741103901425344,0.2009231229346621
1.5438439903260535,0.7306628344410727,2.5895172574884637,0.2009231229346621
1.5438439903260535,0.7306628344410727,2.769261179508499,0.2009231229346621
1.5438439903260535,0.7306628344410727,2.8306760318084208,0.2009231229346621
1.5438439903260535,0.7306628344410727,2.658297599098457,0.2009231229346621
1.5438439903260535,0.7306628344410727,2.812246083029512,0.2009231229346621
1.5438439903260535,0.7306628344410727,2.9399590039346695,0.2009231229346621
1.5438439903260535,0.7306628344410727,3.007539642253348,0.2009231229346621
1.5438439903260535,0.7306628344410727,2.8745627109135508,0.2009231229346621
1.5438439903260535,0.7306628344410727,2.7444036655928605,0.2009231229346621
1.5438439903260535,0.7306628344410727,2.7272381510428936,0.2009231229346621
1.5438439903260535,0.7306628344410727,2.9900558744539163,0.2009231229346621
1.5438439903260535,0.7306628344410727,3.0106487110530384,0.2009231229346621
1.5438439903260535,0.7306628344410727,2.7582032313916858,0.2009231229346621
1.5438439903260535,0.7306628344410727,2.9190068252272163,0.2009231229346621
1.5438439903260535,0.7306628344410727,3.10950986841705,0.2009231229346621
1.5438439903260535,0.7306628344410727,2.6261705023733204,0.2009231229346621
1.5438439903260535,0.7306628344410727,3.046695827161556,0.2009231229346621
1.5438439903260535,0.7306628344410727,2.898903599617333,0.2009231229346621
1.5438439903260535,0.7306628344410727,2.413295068263785,0.2009231229346621
1.5438439903260535,0.7306628344410727,3.210051418554829,0.2009231229346621
1.5438439903260535,0.7306628344410727,2.757850131245827,0.2009231229346621
1.7604637909959076,0.7306628344410727,2.6398400566751006,0.2009231229346621
1.7604637909959076,0.7306628344410727,2.3574082855580234,0.2009231229346621
1.7604637909959076,0.7306628344410727,2.2010114670146375,0.2009231229346621
1.7604637909959076,0.7306628344410727,2.120433728708879,0.2009231229346621
1.7604637909959076,0.7306628344410727,2.3498200922821413,0.2009231229346621
1.9615965257997365,0.7306628344410727,2.3074542051076996,0.2009231229346621
1.9615965257997365,0.7306628344410727,2.1923481283110484,0.2009231229346621
1.9615965257997365,0.7306628344410727,2.1524163550413538,0.2009231229346621
1.9615965257997365,0.7306628344410727,2.1692209060346235,0.2009231229346621
2.0382956859613435,0.7306628344410727,2.0533143723478857,0.2009231229346621
2.0382956859613435,0.7306628344410727,2.3482264372080692,0.2009231229346621
2.143896836890869,0.7306628344410727,2.06086651907592,0.2009231229346621
2.143896836890869,0.7306628344410727,2.048094392455301,0.2009231229346621
2.143896836890869,0.7306628344410727,2.133771574967908,0.2009231229346621
2.1219174541945014,0.7306628344410727,1.9705912896783637,0.2009231229346621
2.1219174541945014,0.7306628344410727,2.3008963290880295,0.2009231229346621
2.1219174541945014,0.7306628344410727,2.038625762218114,0.2009231229346621
2.1219174541945014,0.7306628344410727,1.9916272021971428,0.2009231229346621
2.1219174541945014,0.7306628344410727,2.054620623697226,0.2009231229346621
2.1219174541945014,0.7306628344410727,2.0170888456783524,0.2009231229346621
2.2326852669148884,0.7306628344410727,1.8254126740965717,0.2009231229346621
2.2326852669148884,0.7306628344410727,2.0182950314341155,0.2009231229346621
2.2326852669148884,0.7306628344410727,1.9911267647249162,0.2009231229346621
2.1110303839504976,0.7306628344410727,1.9300383593407107,0.2009231229346621
2.1110303839504976,0.7306628344410727,1.9830020971983016,0.2009231229346621
2.1110303839504976,0.7306628344410727,1.8603099994187786,0.2009231229346621
2.1110303839504976,0.7306628344410727,1.8687772759603813,0.2009231229346621
2.1110303839504976,0.7306628344410727,1.8420012847720253,0.2009231229346621
2.1110303839504976,0.7306628344410727,1.983645815876367,0.2009231229346621
2.1110303839504976,0.7306628344410727,2.093196352307595,0.2009231229346621
2.1110303839504976,0.7306628344410727,1.9136735548149624,0.2009231229346621
2.1110303839504976,0.7306628344410727,1.9127282476574619,0.2009231229346621
2.1110303839504976,0.7306628344410727,2.163451443839234,0.2009231229346621
2.1110303839504976,0.7306628344410727,2.1643839979493915,0.2009231229346621
2.1110303839504976,0.7306628344410727,2.15265813221813,0.2009231229346621
2.1110303839504976,0.7306628344410727,2.0817229533679664,0.2009231229346621
2.1110303839504976,0.7306628344410727,2.011921033602674,0.2009231229346621
2.1110303839504976,0.7306628344410727,2.242517051671604,0.2009231229346621
2.1110303839504976,0.7306628344410727,2.0915000586712926,0.2009231229346621
2.1110303839504976,0.7306628344410727,2.0121844444625294,0.2009231229346621
2.1110303839504976,0.7306628344410727,2.035171962446844,0.2009231229346621
2.1110303839504976,0.7306628344410727,1.943195460776368,0.2009231229346621
2.1110303839504976,0.7306628344410727,2.3142364406905274,0.2009231229346621
2.1110303839504976,0.7306628344410727,1.9854249984998027,0.2009231229346621
2.1110303839504976,0.7306628344410727,1.9939315096699135,0.2009231229346621
2.1110303839504976,0.7306628344410727,1.933095076843492,0.2009231229346621
2.1110303839504976,0.7306628344410727,1.9755314707863667,0.2009231229346621
2.1110303839504976,0.7306628344410727,2.018518938412312,0.2009231229346621
2.1110303839504976,0.7306628344410727,2.150519363186721,0.2009231229346621
2.1110303839504976,0.7306628344410727,2.1808095334197586,0.2009231229346621
2.1110303839504976,0.7306628344410727,2.124172713847188,0.2009231229346621
2.1110303839504976,0.7306628344410727,2.214878826038897,0.2009231229346621
2.1110303839504976,0.7306628344410727,1.8333300248499114,0.2009231229346621
2.1110303839504976,0.7306628344410727,2.1558333949044415,0.2009231229346621
2.1110303839504976,0.7306628344410727,2.094291726589479,0.2009231229346621
2.062031967147086,0.7306628344410727,2.1140962409713766,0.2009231229346621
2.062031967147086,0.7306628344410727,2.1139495169167413,0.2009231229346621
1.931717736028553,0.7306628344410727,2.332878686224919,0.2009231229346621
1.931717736028553,0.7306628344410727,2.4299017283283644,0.2009231229346621
1.931717736028553,0.7306628344410727,2.4049669761423726,0.2009231229346621
1.931717736028553,0.7306628344410727,2.232160221745389,0.2009231229346621
1.931717736028553,0.7306628344410727,2.322928119494087,0.2009231229346621
1.931717736028553,0.7306628344410727,2.199383848970215,0.2009231229346621
1.931717736028553,0.7306628344410727,2.072928410163753,0.2009231229346621
1.931717736028553,0.7306628344410727,2.3686082599491725,0.2009231229346621
1.931717736028553,0.7306628344410727,2.2046388614872763,0.2009231229346621
1.931717736028553,0.7306628344410727,2.394700403591518,0.2009231229346621
1.931717736028553,0.7306628344410727,2.2092813121329957,0.2009231229346621
2.0133132870043933,0.7306628344410727,1.9738402706477278,0.2009231229346621
2.0133132870043933,0.7306628344410727,2.0579208087492793,0.2009231229346621
2.0133132870043933,0.7306628344410727,2.226256130221103,0.2009231229346621
2.0133132870043933,0.7306628344410727,2.104695539423651,0.2009231229346621
2.0133132870043933,0.7306628344410727,2.0271623124834153,0.2009231229346621
2.0133132870043933,0.7306628344410727,2.317031262422315,0.2009231229346621
2.0133132870043933,0.7306628344410727,2.053081275091667,0.2009231229346621
2.0133132870043933,0.7306628344410727,2.075716728588474,0.2009231229346621
2.0133132870043933,0.7306628344410727,2.145683697755696,0.2009231229346621
2.0133132870043933,0.7306628344410727,1.892454618849115,0.2009231229346621
2.0133132870043933,0.7306628344410727,2.04819215557079,0.2009231229346621
2.0133132870043933,0.7306628344410727,2.344538205401126,0.2009231229346621
2.0133132870043933,0.7306628344410727,2.0324956263850407,0.2009231229346621
2.0133132870043933,0.7306628344410727,2.1346397877144354,0.2009231229346621
2.0133132870043933,0.7306628344410727,1.906460948286565,0.2009231229346621
2.0133132870043933,0.7306628344410727,2.236515010982045,0.2009231229346621
2.0133132870043933,0.7306628344410727,2.0501548245587897,0.2009231229346621
2.0133132870043933,0.7306628344410727,1.9316705121134525,0.2009231229346621
2.0133132870043933,0.7306628344410727,2.4405617821576535,0.2009231229346621
2.0133132870043933,0.7306628344410727,2.0926626029451807,0.2009231229346621
2.0133132870043933,0.7306628344410727,2.1867474565487806,0.2009231229346621
2.0133132870043933,0.7306628344410727,2.1636119635494553,0.2009231229346621
2.0133132870043933,0.7306628344410727,1.8995204132112564,0.2009231229346621
2.0133132870043933,0.7306628344410727,2.212871557334902,0.2009231229346621
2.0133132870043933,0.7306628344410727,1.8553609848158112,0.2009231229346621
2.0133132870043933,0.7306628344410727,1.95343207164703,0.2009231229346621
2.0133132870043933,0.7306628344410727,2.298575861791781,0.2009231229346621
1.890985781683673,0.7306628344410727,2.2337546175122687,0.2009231229346621
1.9209220973071828,0.7306628344410727,2.4190761275208827,0.2009231229346621
1.8615816974359607,0.7306628344410727,2.143225428693811,0.2009231229346621
1.8615816974359607,0.7306628344410727,2.553864818726025,0.2009231229346621
1.8615816974359607,0.7306628344410727,2.4945665938472454,0.2009231229346621
1.8615816974359607,0.6826687955946572,2.4549423673785085,0.2009231229346621
1.8615816974359607,0.6826687955946572,2.3717066573368113,0.2009231229346621
1.8615816974359607,0.6826687955946572,2.642191035232141,0.2009231229346621
1.8615816974359607,0.6826687955946572,2.3812522819004784,0.2009231229346621
1.8615816974359607,0.6826687955946572,2.600286435948939,0.2009231229346621
1.8615816974359607,0.7436630616172852,2.3150221703551486,0.2009231229346621
1.8615816974359607,0.7436630616172852,2.2324773491363246,0.2009231229346621
1.8615816974359607,0.7436630616172852,2.145266805218631,0.2009231229346621
1.8615816974359607,0.7436630616172852,2.316675487600571,0.2009231229346621
1.8615816974359607,0.7436630616172852,2.1909904131515425,0.2009231229346621
1.8615816974359607,0.7436630616172852,2.1646510189821653,0.2009231229346621
1.8615816974359607,0.7436630616172852,2.0594385982204444,0.2009231229346621
1.8615816974359607,0.7436630616172852,2.2240976418433775,0.2009231229346621
1.9124711989490408,0.7436630616172852,2.4648226213224156,0.2009231229346621
1.9124711989490408,0.7436630616172852,2.4464969087490114,0.2009231229346621
1.6878998479847398,0.7436630616172852,2.3796841955887156,0.2009231229346621
1.6878998479847398,0.7436630616172852,2.3323800522858003,0.2009231229346621
1.6948398659826882,0.7436630616172852,2.697092429151645,0.2009231229346621
1.6948398659826882,0.7436630616172852,2.406247339812844,0.2009231229346621
1.6948398659826882,0.7436630616172852,2.3074085397295834,0.2009231229346621
1.6479842295799383,0.7436630616172852,2.343929903686878,0.2009231229346621
1.6479842295799383,0.7436630616172852,2.596307077944625,0.2009231229346621
1.6479842295799383,0.7436630616172852,2.592874515965095,0.2009231229346621
1.6479842295799383,0.7436630616172852,2.453614620492924,0.2009231229346621
1.6479842295799383,0.7521196735147887,2.6482639246996356,0.2009231229346621
1.6479842295799383,0.7521196735147887,2.664094404568145,0.2009231229346621
1.6479842295799383,0.7521196735147887,2.3828872365733793,0.2009231229346621
1.6479842295799383,0.7521196735147887,2.37802907049524,0.2009231229346621
1.6479842295799383,0.7521196735147887,2.371052737973374,0.2009231229346621
1.6479842295799383,0.7521196735147887,2.4398913336645665,0.2009231229346621
1.6479842295799383,0.7521196735147887,2.371391988614354,0.2009231229346621
1.6479842295799383,0.7521196735147887,2.4260095968160513,0.2009231229346621
1.6479842295799383,0.781515807738596,2.4316196461503194,0.2009231229346621
1.6479842295799383,0.781515807738596,2.425330015829097,0.2009231229346621
1.6479842295799383,0.781515807738596,2.413184715212406,0.2009231229346621
1.6479842295799383,0.781515807738596,2.5127857803098235,0.2009231229346621
1.6479842295799383,0.781515807738596,2.339622434689726,0.2009231229346621
1.6479842295799383,0.781515807738596,2.51544591231178,0.2009231229346621
1.6479842295799383,0.781515807738596,2.452630342699031,0.2009231229346621
1.7482337854225267,0.781515807738596,2.446427170744965,0.2009231229346621
1.7482337854225267,0.7483116033145393,2.4156377035787675,0.2009231229346621
1.7482337854225267,0.7409049771776685,2.2033868071630454,0.2009231229346621
1.7482337854225267,0.7409049771776685,2.3931017393385514,0.2009231229346621
1.703907468490994,0.7409049771776685,2.5017454859341686,0.2009231229346621
1.703907468490994,0.7409049771776685,2.4741476271182274,0.2009231229346621
1.703907468490994,0.7409049771776685,2.6285132985512645,0.2009231229346621
1.703907468490994,0.7409049771776685,2.3724654041060926,0.2009231229346621
1.703907468490994,0.7409049771776685,2.67580117268031,0.2009231229346621
1.703907468490994,0.7409049771776685,2.463916436643755,0.2009231229346621
1.703907468490994,0.7409049771776685,2.2976301345021213,0.2009231229346621
1.703907468490994,0.7409049771776685,2.7324252970968637,0.2009231229346621
1.703907468490994,0.7409049771776685,2.3494063053370557,0.2009231229346621
1.7759020270716297,0.7409049771776685,2.5510229822470114,0.2009231229346621
1.7759020270716297,0.7409049771776685,2.465020146928797,0.2009231229346621
1.7759020270716297,0.7409049771776685,2.254403063976127,0.2009231229346621
1.7759020270716297,0.7409049771776685,2.3817252369144017,0.2009231229346621
1.7759020270716297,0.7409049771776685,2.3551315285234113,0.2009231229346621
1.7759020270716297,0.7409049771776685,2.0703538166054956,0.2009231229346621
1.7759020270716297,0.7409049771776685,2.389463022334349,0.2009231229346621
1.7759020270716297,0.7409049771776685,2.1613927478104613,0.2009231229346621
1.7759020270716297,0.7409049771776685,2.2943824199776377,0.2009231229346621
1.7759020270716297,0.7409049771776685,2.645938117465528,0.2009231229346621
1.937727433900019,0.7409049771776685,2.209328154662783,0.2009231229346621
1.937727433900019,0.7409049771776685,2.277484228755993,0.2009231229346621
1.937727433900019,0.7409049771776685,2.1597711022362707,0.2009231229346621
1.937727433900019,0.7409049771776685,2.1055149527110686,0.2009231229346621
1.937727433900019,0.7409049771776685,2.3536454862766236,0.2009231229346621
1.937727433900019,0.7409049771776685,2.1908603368593655,0.2009231229346621
1.937727433900019,0.7409049771776685,2.3240078226552927,0.2009231229346621
1.937727433900019,0.7409049771776685,1.9651708120945535,0.2009231229346621
1.664165900039387,0.7409049771776685,2.3964623225625856,0.2009231229346621
1.664165900039387,0.7530459967591971,2.3430065186407085,0.2009231229346621
1.664165900039387,0.7530459967591971,2.302751802261009,0.2009231229346621
1.664165900039387,0.7530459967591971,2.622985049257892,0.2009231229346621
1.664165900039387,0.7530459967591971,2.4362971167154397,0.2009231229346621
1.664165900039387,0.7530459967591971,2.5701634290064623,0.2009231229346621
1.664165900039387,0.7530459967591971,2.5565846946808346,0.2009231229346621
1.664165900039387,0.7530459967591971,2.501937975959326,0.2009231229346621
1.664165900039387,0.7530459967591971,2.429692256068501,0.2009231229346621
1.664165900039387,0.7530459967591971,2.7875963576966627,0.2009231229346621
1.664165900039387,0.7530459967591971,2.522709675126255,0.2009231229346621
1.664165900039387,0.7530459967591971,2.3502741176994717,0.2009231229346621
1.6052334696686523,0.7530459967591971,2.731762798087125,0.2009231229346621
1.6052334696686523,0.7873298451625914,2.3159950799956452,0.2009231229346621
1.6052334696686523,0.7873298451625914,2.5489993353168043,0.2009231229346621
1.6052334696686523,0.7873298451625914,2.28208009948259,0.2009231229346621
1.6052334696686523,0.7873298451625914,2.3336335728348945,0.2009231229346621
1.6052334696686523,0.7701198821989823,2.3326551172423504,0.2009231229346621
1.6052334696686523,0.7701198821989823,2.7943674203324607,0.2009231229346621
1.6052334696686523,0.7701198821989823,2.4188671119279026,0.2009231229346621
1.6052334696686523,0.7701198821989823,2.681013232638937,0.2009231229346621
1.6052334696686523,0.7701198821989823,2.4877770785505815,0.2009231229346621
1.6143639904822613,0.7701198821989823,2.3272352916532313,0.2009231229346621
1.6143639904822613,0.7701198821989823,2.4386950364492455,0.2009231229346621
1.5676241115458147,0.7701198821989823,2.536191567820539,0.2009231229346621
1.5676241115458147,0.7701198821989823,2.5927949665629018,0.2009231229346621
1.5676241115458147,0.7701198821989823,2.4890157514927944,0.2009231229346621
1.5676241115458147,0.7701198821989823,2.771679641357263,0.2009231229346621
1.5676241115458147,0.7701198821989823,2.8571329883639045,0.2009231229346621
1.5676241115458147,0.7701198821989823,2.210938917283841,0.2009231229346621
1.5676241115458147,0.7701198821989823,2.46120175626309,0.2009231229346621
1.884581662957411,0.7701198821989823,2.478324088027273,0.2009231229346621
1.884581662957411,0.7701198821989823,2.1058638439244595,0.2009231229346621
1.884581662957411,0.7701198821989823,2.20974116906496,0.2009231229346621
1.884581662957411,0.7701198821989823,2.1635785651217665,0.2009231229346621
1.884581662957411,0.7701198821989823,2.106499027296715,0.2009231229346621
1.7663957278918567,0.7520504998434756,2.3148584931678866,0.2009231229346621
1.7663957278918567,0.7520504998434756,2.3603579626846587,0.2009231229346621
1.7663957278918567,0.7520504998434756,2.4170027659433586,0.2009231229346621
1.7663957278918567,0.7520504998434756,2.483824883029106,0.2009231229346621
1.7663957278918567,0.7520504998434756,2.3616367252306323,0.2009231229346621
1.7663957278918567,0.7520504998434756,2.24464152454541,0.2009231229346621
1.7663957278918567,0.7520504998434756,2.388963600600393,0.2009231229346621
1.7663957278918567,0.7520504998434756,2.479972203842996,0.2009231229346621
1.7663957278918567,0.7520504998434756,2.466928036572079,0.2009231229346621
1.7663957278918567,0.7132861421089788,2.4853126918203947,0.2009231229346621
1.7663957278918567,0.7132861421089788,2.867097392518842,0.2009231229346621
1.7663957278918567,0.7341747015622223,2.660252997862477,0.2009231229346621
1.7663957278918567,0.7341747015622223,2.414735549308153,0.2009231229346621
1.7663957278918567,0.7341747015622223,2.279016483891817,0.2009231229346621
1.7663957278918567,0.7341747015622223,2.6144502461677073,0.2009231229346621
1.7663957278918567,0.7341747015622223,2.16440185975377,0.2009231229346621
1.7663957278918567,0.7341747015622223,2.2145874050634182,0.2009231229346621
1.8507015298316163,0.7341747015622223,2.388570244934525,0.2009231229346621
1.8507015298316163,0.7341747015622223,2.396779115473806,0.2009231229346621
1.82244520265911,0.7341747015622223,2.426257259185376,0.2009231229346621
1.82244520265911,0.7341747015622223,2.3391809777505803,0.2009231229346621
1.82244520265911,0.7341747015622223,2.3812877068831853,0.2009231229346621
1.82244520265911,0.7341747015622223,2.1882405323610223,0.2009231229346621
1.82244520265911,0.7341747015622223,2.1464268363428203,0.2009231229346621
1.82244520265911,0.7341747015622223,2.3971737140231135,0.2009231229346621
1.82244520265911,0.7341747015622223,2.417673288166416,0.2009231229346621
1.82244520265911,0.7341747015622223,2.3874222512106877,0.2009231229346621
1.82244520265911,0.7341747015622223,2.365364208565814,0.2009231229346621
1.82244520265911,0.7341747015622223,2.148655101708188,0.2009231229346621
1.82244520265911,0.7341747015622223,2.4809339310033116,0.2009231229346621
1.82244520265911,0.7341747015622223,2.2268730215311727,0.2009231229346621
1.82244520265911,0.7341747015622223,2.3067255885194426,0.2009231229346621
1.6402048954214767,0.7341747015622223,2.499341808408752,0.2009231229346621
1.6402048954214767,0.7341747015622223,2.6772402834757227,0.2009231229346621
1.6402048954214767,0.7341747015622223,2.6119344010168977,0.2009231229346621
1.6402048954214767,0.7341747015622223,2.436353616035165,0.2009231229346621
1.6402048954214767,0.7810213971237264,2.608095208079407,0.2009231229346621
1.6402048954214767,0.7810213971237264,2.3196899817108134,0.2009231229346621
1.6402048954214767,0.7810213971237264,2.3923711582619354,0.2009231229346621
1.6402048954214767,0.7810213971237264,2.6846521425700924,0.2009231229346621
1.6402048954214767,0.7810213971237264,2.5465832664132524,0.2009231229346621
1.6402048954214767,0.7810213971237264,2.402046795001571,0.2009231229346621
1.689707819497631,0.7810213971237264,2.3133774441013224,0.2009231229346621
1.689707819497631,0.7810213971237264,2.4479761862327045,0.2009231229346621
1.689707819497631,0.7810213971237264,2.4142371059827705,0.2009231229346621
1.689707819497631,0.7810213971237264,2.402979133788282,0.2009231229346621
1.689707819497631,0.7810213971237264,2.3872138780194487,0.2009231229346621
1.689707819497631,0.8024201694920042,2.355832983838382,0.2009231229346621
1.689707819497631,0.8024201694920042,2.124107095755003,0.2009231229346621
1.6363646056400787,0.8024201694920042,2.2042620367722696,0.2009231229346621
1.6363646056400787,0.8024201694920042,2.3493754575142636,0.2009231229346621
1.7826441983449575,0.8024201694920042,2.1406103204751425,0.2009231229346621
1.7826441983449575,0.8024201694920042,2.1781872359167633,0.2009231229346621
1.7826441983449575,0.8024201694920042,2.3634369253834158,0.2009231229346621
1.7826441983449575,0.8024201694920042,2.237699622015614,0.2009231229346621
1.7826441983449575,0.8024201694920042,2.063715852208684,0.2009231229346621
1.7826441983449575,0.8024201694920042,1.941823989968971,0.2009231229346621
1.7826441983449575,0.8024201694920042,2.1812295727410564,0.2009231229346621
1.7826441983449575,0.8024201694920042,2.1516125138209103,0.2009231229346621
1.7826441983449575,0.8024201694920042,2.1625889534236897,0.2009231229346621
1.7826441983449575,0.8024201694920042,2.2905822336811212,0.2009231229346621
1.910156337735197,0.8024201694920042,1.9938426265929206,0.2009231229346621
1.910156337735197,0.8024201694920042,2.0689423710446864,0.2009231229346621
1.910156337735197,0.8024201694920042,2.2653003698783967,0.2009231229346621
1.910156337735197,0.8024201694920042,1.9025579353533397,0.2009231229346621
1.910156337735197,0.8024201694920042,2.086919284357964,0.2009231229346621
1.9192688850918282,0.8052831552269036,2.108638383021029,0.2009231229346621
1.938374757796511,0.8052831552269036,1.9580849873352209,0.2009231229346621
1.9671822434874384,0.8052831552269036,1.9076761790876364,0.2009231229346621
1.9671822434874384,0.8052831552269036,1.7470230630727346,0.2009231229346621
1.9671822434874384,0.8052831552269036,1.9496985286071142,0.2009231229346621
1.9671822434874384,0.8052831552269036,1.855421395416498,0.2009231229346621
1.9671822434874384,0.7387764829494902,1.9750414139178336,0.2009231229346621
1.9671822434874384,0.7387764829494902,2.12766705965896,0.2009231229346621
1.9671822434874384,0.7387764829494902,2.1982460318849526,0.2009231229346621
1.9671822434874384,0.7387764829494902,1.9478256556491638,0.2009231229346621
1.9671822434874384,0.7387764829494902,2.0679782428313476,0.2009231229346621
1.9671822434874384,0.7387764829494902,2.1363028196177263,0.2009231229346621
1.9671822434874384,0.7387764829494902,2.089377947357724,0.2009231229346621
1.9671822434874384,0.7387764829494902,2.0308583887578,0.2009231229346621
1.9671822434874384,0.7387764829494902,2.1963858497624535,0.2009231229346621
1.9671822434874384,0.7387764829494902,2.116729871043022,0.2009231229346621
1.9671822434874384,0.7387764829494902,2.1758233529335103,0.2009231229346621
1.9671822434874384,0.7387764829494902,2.2402732450735563,0.2009231229346621
1.9671822434874384,0.7387764829494902,2.1849495949869535,0.2009231229346621
1.9671822434874384,0.7387764829494902,2.0237588793907864,0.2009231229346621
1.9671822434874384,0.7387764829494902,2.422947581728394,0.2009231229346621
1.9671822434874384,0.7387764829494902,2.2701613429724765,0.2009231229346621
1.9671822434874384,0.7387764829494902,2.025025379298626,0.2009231229346621
1.9671822434874384,0.7387764829494902,2.3368103599063033,0.2009231229346621
1.9671822434874384,0.7387764829494902,2.0103614040263547,0.2009231229346621
1.9671822434874384,0.7387764829494902,2.088368898925399,0.2009231229346621
1.9671822434874384,0.6743569619747509,2.2892398321877527,0.2009231229346621
2.0725182230998365,0.6743569619747509,2.1877684073555255,0.2009231229346621
2.0725182230998365,0.6743569619747509,2.1860964688886124,0.2009231229346621
2.0725182230998365,0.6743569619747509,2.364186627642741,0.2009231229346621
2.0725182230998365,0.6743569619747509,1.9490534572844012,0.2009231229346621
2.0889191507702605,0.6743569619747509,2.3378393696962725,0.2009231229346621
2.0889191507702605,0.6743569619747509,2.1660044361521775,0.2009231229346621
2.0889191507702605,0.6743569619747509,2.248864796467801,0.2009231229346621
2.0889191507702605,0.6743569619747509,2.3209472070568937,0.2009231229346621
2.0889191507702605,0.6743569619747509,2.197442389524452,0.2009231229346621
2.0889191507702605,0.6743569619747509,2.094884982468675,0.2009231229346621
2.0889191507702605,0.6743569619747509,2.3416157307899925,0.2009231229346621
2.0889191507702605,0.6743569619747509,2.2137829465782084,0.2009231229346621
2.0889191507702605,0.6743569619747509,2.1588961465263234,0.2009231229346621
2.0889191507702605,0.6743569619747509,2.3034327091410627,0.2009231229346621
2.0889191507702605,0.6743569619747509,2.0003282268313813,0.2009231229346621
2.0889191507702605,0.6743569619747509,2.2955706674235703,0.2009231229346621
2.0889191507702605,0.6743569619747509,2.194122178798957,0.2009231229346621
2.0889191507702605,0.6743569619747509,2.3289906595211876,0.2009231229346621
2.0889191507702605,0.6743569619747509,2.2807187496489236,0.2009231229346621
2.0889191507702605,0.6743569619747509,2.239668526051302,0.2009231229346621
2.0889191507702605,0.7010862422768264,2.3648225939926615,0.2009231229346621
2.0889191507702605,0.7010862422768264,2.2825827401779186,0.2009231229346621
2.0889191507702605,0.7264857980904889,1.9164736376993619,0.2009231229346621
2.0889191507702605,0.7264857980904889,1.968836108446238,0.2009231229346621
2.0889191507702605,0.7264857980904889,1.9447437247830472,0.2009231229346621
2.0889191507702605,0.7264857980904889,2.161558843523847,0.2009231229346621
2.0889191507702605,0.7264857980904889,1.9827536670933867,0.2009231229346621
2.0889191507702605,0.7264857980904889,2.099079686183258,0.2009231229346621
2.0889191507702605,0.7264857980904889,2.2334831557623285,0.2009231229346621
2.0889191507702605,0.7264857980904889,1.960051079175834,0.2009231229346621
2.0889191507702605,0.7264857980904889,2.2026493296300864,0.2009231229346621
2.0889191507702605,0.7264857980904889,2.0400570712623813,0.2009231229346621
2.0889191507702605,0.7264857980904889,1.9898682702833441,0.2009231229346621
1.913430315099334,0.7264857980904889,2.1508469341756125,0.2009231229346621
1.8011602345979918,0.7264857980904889,2.17380340874091,0.2009231229346621
1.8011602345979918,0.7264857980904889,2.702447112763385,0.2009231229346621
1.8011602345979918,0.7264857980904889,2.5572549330055225,0.2009231229346621
1.8011602345979918,0.7264857980904889,2.585111698532729,0.2009231229346621
1.8011602345979918,0.7264857980904889,2.4797375942297264,0.2009231229346621
1.8011602345979918,0.7264857980904889,2.5557321463599703,0.2009231229346621
1.8011602345979918,0.7264857980904889,2.3665548862469885,0.2009231229346621
1.697930389955598,0.7264857980904889,2.446027453639255,0.2009231229346621
1.697930389955598,0.7264857980904889,2.506358847176983,0.2009231229346621
1.697930389955598,0.7264857980904889,2.5740837363805738,0.2009231229346621
1.697930389955598,0.7264857980904889,2.4631888715355066,0.2009231229346621
1.697930389955598,0.7264857980904889,2.573602561957507,0.2009231229346621
1.697930389955598,0.7264857980904889,2.7858850011925824,0.2009231229346621
1.697930389955598,0.7264857980904889,2.3046267249172168,0.2009231229346621
1.697930389955598,0.7264857980904889,2.756948988340898,0.2009231229346621
1.7278593594416873,0.7264857980904889,2.5243240306469774,0.2009231229346621
1.7278593594416873,0.7264857980904889,2.4346426133874455,0.2009231229346621
1.7278593594416873,0.7264857980904889,2.2577509491906214,0.2009231229346621
1.7278593594416873,0.7264857980904889,2.3894779335849305,0.2009231229346621
1.7278593594416873,0.7264857980904889,2.6643557213132283,0.2009231229346621
1.7278593594416873,0.7264857980904889,2.299906205309904,0.2009231229346621
1.7278593594416873,0.7264857980904889,2.4830441934597984,0.2009231229346621
1.5703716076127199,0.7264857980904889,2.783780905960288,0.2009231229346621
1.5703716076127199,0.7264857980904889,3.0041012155571165,0.2009231229346621
1.5703716076127199,0.7264857980904889,2.7937980451306665,0.2009231229346621
1.5703716076127199,0.7264857980904889,2.7324108248096732,0.2009231229346621
1.5703716076127199,0.7264857980904889,2.7283932813801512,0.2009231229346621
1.5703716076127199,0.7775819068498901,2.7071262253847834,0.2009231229346621
1.5703716076127199,0.7775819068498901,2.87224716421709,0.2009231229346621
1.5703716076127199,0.7775819068498901,2.436946153746895,0.2009231229346621
1.6756994404663899,0.7775819068498901,2.523015277731202,0.2009231229346621
1.6756994404663899,0.7775819068498901,2.527609912756262,0.2009231229346621
1.6756994404663899,0.7775819068498901,2.330341817976443,0.2009231229346621
1.6756994404663899,0.7775819068498901,2.3571379305622124,0.2009231229346621
1.6756994404663899,0.7775819068498901,2.5189527152955566,0.2009231229346621
1.5891112165894128,0.7775819068498901,2.3859933570861056,0.2009231229346621
1.5891112165894128,0.7775819068498901,2.180543380467801,0.2009231229346621
1.5891112165894128,0.7775819068498901,2.3440938313471977,0.2009231229346621
1.5891112165894128,0.7775819068498901,2.714132593203257,0.2009231229346621
1.5891112165894128,0.7775819068498901,2.326649465410928,0.2009231229346621
1.5891112165894128,0.7775819068498901,2.5546106189727684,0.2009231229346621
1.5891112165894128,0.7775819068498901,2.335733880744454,0.2009231229346621
1.5891112165894128,0.7775819068498901,2.640561811973988,0.2009231229346621
1.5891112165894128,0.7775819068498901,2.7083480763327126,0.2009231229346621
1.5891112165894128,0.7775819068498901,2.447610506721156,0.2009231229346621
1.5891112165894128,0.7775819068498901,2.39573355256594,0.2009231229346621
1.5891112165894128,0.7775819068498901,2.452523371731072,0.2009231229346621
1.5891112165894128,0.7775819068498901,2.4312850975332196,0.2009231229346621
1.5891112165894128,0.7775819068498901,2.447075754088687,0.2009231229346621
1.5891112165894128,0.7775819068498901,2.4291247391957898,0.2009231229346621
1.5891112165894128,0.7775819068498901,2.3377371552804287,0.2009231229346621
1.5891112165894128,0.7775819068498901,2.5303053000967592,0.2009231229346621
1.5891112165894128,0.7775819068498901,2.4103832683096122,0.2009231229346621
1.5514536604662563,0.7775819068498901,2.594194894869438,0.2009231229346621
1.5581295410142622,0.7775819068498901,2.4983004595955047,0.2009231229346621
1.5581295410142622,0.7775819068498901,2.563016936966647,0.2009231229346621
1.5581295410142622,0.7775819068498901,2.3412221448081443,0.2009231229346621
1.5581295410142622,0.7775819068498901,2.7747264268681064,0.2009231229346621
1.5581295410142622,0.7775819068498901,2.561963405095572,0.2009231229346621
1.5581295410142622,0.7775819068498901,2.7957315628518105,0.2009231229346621
1.5581295410142622,0.7775819068498901,2.8466436923427243,0.2009231229346621
1.5581295410142622,0.7775819068498901,2.7220800662974947,0.2009231229346621
1.5581295410142622,0.7775819068498901,2.5022224546532907,0.2009231229346621
1.5581295410142622,0.7775819068498901,2.5930831966909134,0.2009231229346621
1.5581295410142622,0.7775819068498901,2.8185110493947416,0.2009231229346621
1.5581295410142622,0.7775819068498901,2.578679750251127,0.2009231229346621
1.5515243085822863,0.7775819068498901,2.5130694387342314,0.2009231229346621
1.5515243085822863,0.7775819068498901,2.4160859780657544,0.2009231229346621
1.5515243085822863,0.7775819068498901,2.744609084848225,0.2009231229346621
1.5515243085822863,0.7775819068498901,2.586386430299132,0.2009231229346621
1.5515243085822863,0.7775819068498901,3.0640010943477636,0.2009231229346621
1.5515243085822863,0.7775819068498901,2.749312508980146,0.2009231229346621
1.5515243085822863,0.7775819068498901,2.7127286840651275,0.2009231229346621
1.5515243085822863,0.7775819068498901,2.592540933458805,0.2009231229346621
1.5515243085822863,0.7775819068498901,2.689092373310908,0.2009231229346621
1.5515243085822863,0.7775819068498901,2.457369100237514,0.2009231229346621
1.5515243085822863,0.7775819068498901,2.4698092807537044,0.2009231229346621
1.5515243085822863,0.7775819068498901,2.4805439495076342,0.2009231229346621
1.5515243085822863,0.7775819068498901,2.4890680962800817,0.2009231229346621
1.5515243085822863,0.7775819068498901,2.457319979650465,0.2009231229346621
1.5515243085822863,0.7775819068498901,2.7438988766476657,0.2009231229346621
1.5515243085822863,0.7775819068498901,2.8663531553873915,0.2009231229346621
1.5515243085822863,0.7775819068498901,2.373346447049662,0.2009231229346621
1.5515243085822863,0.7775819068498901,2.670666415146445,0.2009231229346621
1.5515243085822863,0.7775819068498901,2.752106893336797,0.2009231229346621
1.5515243085822863,0.7775819068498901,2.556061122804581,0.2009231229346621
1.5515243085822863,0.7775819068498901,2.690633227978122,0.2009231229346621
1.5515243085822863,0.7775819068498901,2.5802861463860634,0.2009231229346621
1.5515243085822863,0.7775819068498901,2.548956223887183,0.2009231229346621
1.5515243085822863,0.7775819068498901,2.692781874717102,0.2009231229346621
1.5515243085822863,0.7775819068498901,2.6347125263174216,0.2009231229346621
1.5515243085822863,0.7775819068498901,2.987000940955795,0.2009231229346621
1.5515243085822863,0.7775819068498901,2.8845923119136456,0.2009231229346621
1.5515243085822863,0.7775819068498901,2.7535532089253016,0.2009231229346621
1.5515243085822863,0.7775819068498901,2.455754063484855,0.2009231229346621
1.5515243085822863,0.7775819068498901,2.679027960841949,0.2009231229346621
1.5515243085822863,0.7775819068498901,2.7066594066411915,0.2009231229346621
1.5515243085822863,0.7775819068498901,2.575894340812108,0.2009231229346621
1.5515243085822863,0.7775819068498901,2.6334218302723813,0.2009231229346621
1.5515243085822863,0.7775819068498901,2.6143639017202758,0.2009231229346621
1.5515243085822863,0.7775819068498901,2.6520132761691433,0.2009231229346621
1.5515243085822863,0.7775819068498901,2.67378226786524,0.2009231229346621
1.5515243085822863,0.7775819068498901,2.48415791902665,0.2009231229346621
1.5515243085822863,0.7775819068498901,2.517562489619828,0.2009231229346621
1.8129681736541228,0.7775819068498901,2.334178553384343,0.2009231229346621
1.8129681736541228,0.7775819068498901,2.4084170550916255,0.2009231229346621
1.8129681736541228,0.7775819068498901,2.1411628056169927,0.2009231229346621
1.8129681736541228,0.7775819068498901,2.2679517201860326,0.2009231229346621
1.8129681736541228,0.7775819068498901,2.115472796084684,0.2009231229346621
1.8129681736541228,0.7775819068498901,2.4642904007361297,0.2009231229346621
1.8129681736541228,0.7775819068498901,2.217960835769484,0.2009231229346621
1.8129681736541228,0.7775819068498901,2.0020104367585896,0.2009231229346621
1.8129681736541228,0.7775819068498901,2.1663693022037203,0.2009231229346621
1.8129681736541228,0.7775819068498901,2.217001667871342,0.2009231229346621
1.8129681736541228,0.7775819068498901,2.05792779106801,0.2009231229346621
1.8129681736541228,0.7775819068498901,1.9654476732624218,0.2009231229346621
1.8129681736541228,0.7775819068498901,2.4359492268321197,0.2009231229346621
1.8129681736541228,0.7775819068498901,2.289087491309086,0.2009231229346621
1.8129681736541228,0.7775819068498901,2.3099994600404634,0.2009231229346621
1.8129681736541228,0.7775819068498901,2.0349659588211777,0.2009231229346621
1.910031247142023,0.7775819068498901,2.155383950843062,0.2009231229346621
1.910031247142023,0.7775819068498901,1.8833540084186284,0.2009231229346621
1.910031247142023,0.7775819068498901,2.097586174411504,0.2009231229346621
1.910031247142023,0.7775819068498901,2.091860714235363,0.2009231229346621
1.910031247142023,0.7775819068498901,2.042773727425077,0.2009231229346621
1.910031247142023,0.7775819068498901,2.117166895338773,0.19965961353495304
1.910031247142023,0.7775819068498901,1.9104709007448342,0.19965961353495304
1.910031247142023,0.7775819068498901,2.026551597456409,0.19965961353495304
1.910031247142023,0.7775819068498901,2.05484426209127,0.19965961353495304
1.910031247142023,0.7775819068498901,2.1958094011608056,0.19965961353495304
1.910031247142023,0.6962194932940744,2.025498081776755,0.19965961353495304
1.9048133524722162,0.6962194932940744,2.521260716254191,0.19965961353495304
1.9048133524722162,0.6962194932940744,2.485575950745673,0.19965961353495304
1.9048133524722162,0.6962194932940744,2.300686302483736,0.19965961353495304
1.9048133524722162,0.6962194932940744,2.3507763235335024,0.19965961353495304
1.9048133524722162,0.6962194932940744,2.3833789051014214,0.19965961353495304
1.9048133524722162,0.6962194932940744,2.292395859658397,0.19965961353495304
1.9048133524722162,0.6962194932940744,2.161018095422821,0.19965961353495304
1.9048133524722162,0.6962194932940744,2.3196464010820455,0.19965961353495304
1.9048133524722162,0.6962194932940744,2.259602477284863,0.19965961353495304
1.9048133524722162,0.6962194932940744,2.370753340093226,0.19965961353495304
1.9048133524722162,0.6962194932940744,2.3827941968487227,0.19965961353495304
1.9048133524722162,0.6962194932940744,2.4139455778346353,0.19965961353495304
1.9048133524722162,0.6962194932940744,2.5342318525853806,0.19965961353495304
1.9048133524722162,0.6962194932940744,2.4600990476913465,0.19965961353495304
1.9048133524722162,0.6962194932940744,2.4917031419303277,0.19965961353495304
1.9048133524722162,0.6962194932940744,2.4129899962072185,0.19965961353495304
1.9048133524722162,0.6962194932940744,2.353162894719627,0.19965961353495304
1.9048133524722162,0.6962194932940744,2.664696139407901,0.19965961353495304
1.7617175646883845,0.6962194932940744,2.3742995039430523,0.19965961353495304
1.7617175646883845,0.6962194932940744,2.623906599664052,0.19965961353495304
1.7617175646883845,0.6962194932940744,2.9431314671054385,0.19965961353495304
1.7617175646883845,0.6962194932940744,2.515395944591137,0.19965961353495304
1.7617175646883845,0.6962194932940744,2.5791394602764397,0.19965961353495304
1.7617175646883845,0.6962194932940744,2.3670479537690037,0.19965961353495304
1.7617175646883845,0.6962194932940744,2.3665633097334537,0.19965961353495304
1.7617175646883845,0.6962194932940744,2.6872972527760544,0.19965961353495304
1.7617175646883845,0.6962194932940744,2.3775973948341,0.19965961353495304
1.7617175646883845,0.6962194932940744,2.5487030490014018,0.19965961353495304
1.7617175646883845,0.6962194932940744,2.486968500329515,0.19965961353495304
1.7617175646883845,0.6962194932940744,2.5644659711772224,0.19965961353495304
1.7617175646883845,0.6962194932940744,2.6791892833973003,0.19965961353495304
1.7617175646883845,0.6962194932940744,2.4248916248502796,0.19965961353495304
1.7617175646883845,0.7179033488623912,2.350012768245591,0.19965961353495304
1.628012999917483,0.7179033488623912,2.6314891767470705,0.19965961353495304
1.628012999917483,0.7179033488623912,2.9943103345017525,0.19965961353495304
1.628012999917483,0.7179033488623912,2.836243608522725,0.19965961353495304
1.628012999917483,0.7179033488623912,2.8053677614381605,0.19965961353495304
1.628012999917483,0.7179033488623912,2.740594089553547,0.19965961353495304
1.628012999917483,0.7179033488623912,2.775641044649615,0.19965961353495304
1.628012999917483,0.7179033488623912,2.7452629247325366,0.19965961353495304
1.628012999917483,0.7179033488623912,2.8009201865633924,0.19965961353495304
1.628012999917483,0.7179033488623912,2.869485417226256,0.19965961353495304
1.628012999917483,0.7179033488623912,2.6837024216431917,0.19965961353495304
1.628012999917483,0.7858624368443865,2.48498390801613,0.19965961353495304
1.628012999917483,0.7858624368443865,2.6823726799048333,0.19965961353495304
1.628012999917483,0.7858624368443865,2.661657950671225,0.19965961353495304
1.628012999917483,0.7858624368443865,2.4728251610226586,0.19965961353495304
1.628012999917483,0.7858624368443865,2.107211405044543,0.19965961353495304
1.628012999917483,0.7858624368443865,2.700193255742666,0.19965961353495304
1.628012999917483,0.7758269523738902,2.714337946289209,0.19965961353495304
1.628012999917483,0.7758269523738902,2.0926941795567657,0.19965961353495304
1.628012999917483,0.7758269523738902,2.50789456440171,0.19965961353495304
1.628012999917483,0.7758269523738902,2.5077652578784786,0.19965961353495304
1.628012999917483,0.7758269523738902,2.5264118517399554,0.19965961353495304
1.628012999917483,0.7758269523738902,2.663236108245971,0.19965961353495304
1.628012999917483,0.7758269523738902,2.5473905353558637,0.19965961353495304
1.628012999917483,0.7758269523738902,2.281438343919418,0.19965961353495304
1.628012999917483,0.7758269523738902,2.450492514081716,0.19965961353495304
1.6007314756522801,0.7758269523738902,2.4292022171177057,0.19965961353495304
1.6007314756522801,0.7758269523738902,2.8234932487194633,0.19965961353495304
1.6007314756522801,0.7758269523738902,2.735803463966437,0.19965961353495304
1.6007314756522801,0.7758269523738902,2.5312551951378257,0.19965961353495304
1.6007314756522801,0.7758269523738902,2.5928999655725877,0.19965961353495304
1.6007314756522801,0.7758269523738902,2.752941505449557,0.19965961353495304
1.454189219420369,0.7758269523738902,2.5036687454517823,0.19965961353495304
1.454189219420369,0.7758269523738902,2.851456583642764,0.19965961353495304
1.454189219420369,0.7758269523738902,2.753212083010133,0.19965961353495304
1.454189219420369,0.7758269523738902,2.9802918975215924,0.19965961353495304
1.454189219420369,0.7758269523738902,2.6415228612340336,0.19965961353495304
1.454189219420369,0.7758269523738902,2.9088172095277245,0.19965961353495304
1.454189219420369,0.7758269523738902,2.72402076104216,0.19965961353495304
1.454189219420369,0.7758269523738902,2.743978626919958,0.19965961353495304
1.454189219420369,0.7549699967450825,2.6221431426859896,0.19965961353495304
1.454189219420369,0.7549699967450825,2.910946382515582,0.19965961353495304
1.454189219420369,0.7549699967450825,2.8207552308014257,0.19965961353495304
1.454189219420369,0.7549699967450825,2.8642829983257228,0.19965961353495304
1.454189219420369,0.7549699967450825,2.993052491551519,0.19965961353495304
1.454189219420369,0.7549699967450825,2.890691962441546,0.19965961353495304
1.454189219420369,0.7549699967450825,2.8941727044897476,0.19965961353495304
1.454189219420369,0.7549699967450825,2.8900385138027898,0.19965961353495304
1.454189219420369,0.7549699967450825,2.8133078900625,0.19965961353495304
1.454189219420369,0.7549699967450825,2.910461457537596,0.19965961353495304
1.454189219420369,0.7549699967450825,3.099796719419889,0.19965961353495304
1.4521786965754089,0.7549699967450825,3.0954103604034664,0.19965961353495304
1.4521786965754089,0.7549699967450825,2.6745801838200887,0.19965961353495304
1.4521786965754089,0.7549699967450825,2.6889385496400404,0.19965961353495304
1.4521786965754089,0.7549699967450825,3.0896205303579953,0.19965961353495304
1.4521786965754089,0.7549699967450825,2.75267410454842,0.19965961353495304
1.4521786965754089,0.7549699967450825,2.95645812153816,0.19965961353495304
1.4606229022739292,0.7549699967450825,2.8086252949662964,0.19965961353495304
1.4573452599004506,0.7549699967450825,2.852583375727193,0.19965961353495304
1.4573452599004506,0.7549699967450825,2.49738638585379,0.19965961353495304
1.4573452599004506,0.7549699967450825,2.571056800769745,0.19965961353495304
1.4573452599004506,0.7549699967450825,2.782931118010822,0.19965961353495304
1.4573452599004506,0.7549699967450825,3.0314577031923173,0.19965961353495304
1.4573452599004506,0.7549699967450825,2.9090327787982795,0.19965961353495304
1.4573452599004506,0.7549699967450825,3.053247546238426,0.19965961353495304
1.4573452599004506,0.7549699967450825,3.0353721719750815,0.19965961353495304
1.4573452599004506,0.7549699967450825,2.8353263904955566,0.19965961353495304
1.4573452599004506,0.7549699967450825,2.892855699682533,0.19965961353495304
1.4573452599004506,0.7549699967450825,2.8664816151071135,0.19965961353495304
1.4573452599004506,0.7549699967450825,3.3409231163145834,0.19965961353495304
1.6847536558617768,0.7549699967450825,2.517247816404484,0.19965961353495304
1.660990483406571,0.7549699967450825,2.735852238738421,0.19965961353495304
1.660990483406571,0.7549699967450825,2.5774343492650624,0.19965961353495304
1.660990483406571,0.7549699967450825,2.507904794477697,0.19965961353495304
1.660990483406571,0.7549699967450825,2.6021897314268063,0.19965961353495304
1.660990483406571,0.7549699967450825,2.528889134944988,0.19965961353495304
1.660990483406571,0.7549699967450825,2.3775756574355404,0.19965961353495304
1.660990483406571,0.7549699967450825,2.548356854356096,0.19965961353495304
1.9641793011304167,0.7549699967450825,2.307124745137135,0.19965961353495304
1.9641793011304167,0.7549699967450825,2.0388575266734374,0.19965961353495304
1.9641793011304167,0.7549699967450825,2.141306711728803,0.19965961353495304
1.9641793011304167,0.7621105828294161,2.0752552311630987,0.19965961353495304
1.9641793011304167,0.7621105828294161,2.0750378704580315,0.19965961353495304
1.9641793011304167,0.7621105828294161,2.02733392554123,0.19965961353495304
1.9641793011304167,0.7621105828294161,2.185434371033578,0.19965961353495304
1.9641793011304167,0.7621105828294161,2.1695849743313222,0.19965961353495304
1.9641793011304167,0.7621105828294161,2.291224269182453,0.19965961353495304
1.9641793011304167,0.7621105828294161,1.9457927500824603,0.19965961353495304
1.9641793011304167,0.7621105828294161,2.1684168846783787,0.19965961353495304
1.9641793011304167,0.7621105828294161,2.1026997527684568,0.19965961353495304
1.9641793011304167,0.7621105828294161,2.221486097551503,0.19965961353495304
1.9641793011304167,0.7621105828294161,1.983006903189755,0.19965961353495304
1.9641793011304167,0.7621105828294161,1.9833854809475289,0.19965961353495304
1.9641793011304167,0.7621105828294161,2.0085102209287817,0.19965961353495304
1.9641793011304167,0.7621105828294161,2.1524188931129684,0.19965961353495304
1.9641793011304167,0.7621105828294161,2.1086470819915415,0.19965961353495304
1.9641793011304167,0.7621105828294161,1.9803377106544675,0.19965961353495304
1.9641793011304167,0.7621105828294161,2.10498616219586,0.19965961353495304
1.9641793011304167,0.7621105828294161,2.2728965043932416,0.19965961353495304
1.9641793011304167,0.7621105828294161,2.2309547759323904,0.19965961353495304
1.8527024854819825,0.7621105828294161,2.222064472511191,0.19965961353495304
1.8527024854819825,0.7621105828294161,2.364290382326106,0.19965961353495304
1.8527024854819825,0.6841905674402952,2.387047447319018,0.19965961353495304
1.8527024854819825,0.6841905674402952,2.8528509156880695,0.19965961353495304
1.8527024854819825,0.6841905674402952,2.3267414968024496,0.19965961353495304
1.8527024854819825,0.6841905674402952,2.434531467303497,0.19965961353495304
1.8527024854819825,0.6841905674402952,2.566537705915919,0.19965961353495304
1.8527024854819825,0.6841905674402952,2.667246256612368,0.19965961353495304
1.886256728295532,0.703054652876226,2.4113896172285614,0.19965961353495304
1.886256728295532,0.703054652876226,2.3192484844257395,0.19965961353495304
1.886256728295532,0.703054652876226,2.5760117271224234,0.19965961353495304
1.886256728295532,0.703054652876226,2.4194378738476003,0.19965961353495304
1.886256728295532,0.703054652876226,2.3608530871388047,0.19965961353495304
1.886256728295532,0.703054652876226,2.46725838362161,0.19965961353495304
1.886256728295532,0.703054652876226,2.293721608502638,0.19965961353495304
1.886256728295532,0.703054652876226,2.5086331548666574,0.19965961353495304
1.886256728295532,0.7250566100930217,2.29845355982883,0.19965961353495304
1.8942231830307898,0.7250566100930217,2.514820611469406,0.19965961353495304
1.8942231830307898,0.7250566100930217,2.1307465333394124,0.19965961353495304
1.8942231830307898,0.7250566100930217,2.4570474174075367,0.19965961353495304
1.8942231830307898,0.7250566100930217,2.0886468738623765,0.19965961353495304
1.8942231830307898,0.7250566100930217,2.2390293865997695,0.19965961353495304
1.8434822014502081,0.7250566100930217,2.272049758992184,0.19965961353495304
1.8434822014502081,0.7250566100930217,2.3125277284148025,0.19965961353495304
2.064136637989853,0.7250566100930217,2.1112871588470163,0.19965961353495304
2.064136637989853,0.7250566100930217,1.9543182224263285,0.19965961353495304
2.020584699170277,0.7250566100930217,2.132811004628057,0.19965961353495304
2.020584699170277,0.7250566100930217,2.1769724044535113,0.19965961353495304
2.020584699170277,0.7250566100930217,2.1772766989119976,0.19965961353495304
2.020584699170277,0.7250566100930217,2.0831811372931064,0.19965961353495304
2.020584699170277,0.7250566100930217,2.0042490185996407,0.19965961353495304
2.020584699170277,0.6744237418474271,2.2074529912960443,0.19965961353495304
2.020584699170277,0.6744237418474271,2.1764433606493947,0.19965961353495304
2.020584699170277,0.6744237418474271,2.6515000066086394,0.19965961353495304
2.020584699170277,0.6744237418474271,2.2480911884787806,0.19965961353495304
2.020584699170277,0.6744237418474271,2.3571606274448356,0.19965961353495304
2.020584699170277,0.6744237418474271,2.280360225236486,0.19965961353495304
2.020584699170277,0.6744237418474271,2.473489976490543,0.19965961353495304
2.020584699170277,0.6744237418474271,2.33962295500627,0.19965961353495304
2.020584699170277,0.6744237418474271,2.0623391267487845,0.19965961353495304
2.020584699170277,0.6744237418474271,2.1263533758273487,0.19965961353495304
1.859404982833653,0.6744237418474271,2.537402051301778,0.19965961353495304
1.859404982833653,0.6744237418474271,2.3806502106440486,0.19965961353495304
1.859404982833653,0.6744237418474271,2.5189470135700316,0.19965961353495304
1.859404982833653,0.6744237418474271,2.6348631768081052,0.19965961353495304
1.859404982833653,0.6744237418474271,2.2961348518693256,0.19965961353495304
1.859404982833653,0.6744237418474271,2.353037378140851,0.19965961353495304
1.859404982833653,0.6744237418474271,2.373243476545176,0.19965961353495304
1.859404982833653,0.6744237418474271,2.592193524395399,0.19965961353495304
1.859404982833653,0.6744237418474271,2.3347901144008083,0.19965961353495304
1.859404982833653,0.6744237418474271,2.507967407828662,0.19965961353495304
1.859404982833653,0.6744237418474271,2.5068656203470483,0.19965961353495304
1.859404982833653,0.6744237418474271,2.448464080483459,0.19965961353495304
1.859404982833653,0.6744237418474271,2.335302473771385,0.19965961353495304
1.859404982833653,0.6744237418474271,2.6826581837940284,0.19965961353495304
1.859404982833653,0.6744237418474271,2.461895104203283,0.19965961353495304
1.859404982833653,0.6744237418474271,2.4866668345088656,0.19965961353495304
1.859404982833653,0.6744237418474271,2.3678712435590468,0.19965961353495304
1.859404982833653,0.6744237418474271,2.4441066180973894,0.19965961353495304
1.859404982833653,0.6744237418474271,2.4523129629531955,0.19965961353495304
1.859404982833653,0.6744237418474271,2.3363661720514513,0.19965961353495304
1.859404982833653,0.6744237418474271,2.5478666804599,0.19965961353495304
1.859404982833653,0.741820992911165,2.272577992103473,0.19965961353495304
1.859404982833653,0.741820992911165,2.059178598959879,0.19965961353495304
1.859404982833653,0.741820992911165,2.2337174351442215,0.19965961353495304
1.859404982833653,0.741820992911165,2.2418278992606977,0.19965961353495304
1.859404982833653,0.741820992911165,2.403061483170932,0.19965961353495304
1.859404982833653,0.741820992911165,2.1895151933500956,0.19965961353495304
1.859404982833653,0.7335579877983724,2.463359994755874,0.19965961353495304
1.859404982833653,0.7335579877983724,2.4909053004071655,0.19965961353495304
1.859404982833653,0.7335579877983724,2.3238636097322583,0.19965961353495304
1.859404982833653,0.7335579877983724,2.3994486683947454,0.19965961353495304
1.859404982833653,0.7335579877983724,2.2435580643253252,0.19965961353495304
1.859404982833653,0.7335579877983724,2.5266507849153403,0.19965961353495304
1.859404982833653,0.7335579877983724,2.267747033738917,0.19965961353495304
1.859404982833653,0.7335579877983724,2.286006223927436,0.19965961353495304
1.859404982833653,0.7335579877983724,2.328494059341163,0.19965961353495304
1.859404982833653,0.7335579877983724,2.3418086815057952,0.19965961353495304
1.859404982833653,0.7335579877983724,2.2328903539708542,0.19965961353495304
2.0933552071706556,0.7335579877983724,1.9741854041254085,0.19965961353495304
2.0933552071706556,0.7335579877983724,2.0148255282704266,0.19965961353495304
2.049976647218868,0.7335579877983724,2.2199865547192568,0.19965961353495304
2.049976647218868,0.7335579877983724,1.9469183621061747,0.19965961353495304
2.049976647218868,0.7335579877983724,1.987550239196274,0.19965961353495304
2.049976647218868,0.7335579877983724,2.0916048580059217,0.19965961353495304
2.049976647218868,0.6724650677302902,2.186756896335906,0.19965961353495304
2.049976647218868,0.6724650677302902,2.155781817407147,0.19965961353495304
2.049976647218868,0.6724650677302902,2.2695152549216746,0.19965961353495304
2.049976647218868,0.6724650677302902,2.1968907679766643,0.19965961353495304
2.049976647218868,0.6724650677302902,2.203933666560688,0.19965961353495304
1.9860123798771847,0.6724650677302902,2.2497351821637843,0.19965961353495304
1.677816616146922,0.6724650677302902,2.5797535203295934,0.19965961353495304
1.677816616146922,0.6724650677302902,2.461828194037273,0.19965961353495304
1.677816616146922,0.6724650677302902,2.9862757428179036,0.19965961353495304
1.677816616146922,0.6724650677302902,2.374205340002264,0.19965961353495304
1.677816616146922,0.6724650677302902,2.4312556426436727,0.19965961353495304
1.677816616146922,0.6724650677302902,2.742201788753206,0.19965961353495304
1.677816616146922,0.6724650677302902,2.5771576254390767,0.19965961353495304
1.677816616146922,0.6724650677302902,2.959389084828825,0.19965961353495304
1.677816616146922,0.6724650677302902,3.220139584995042,0.19965961353495304
1.677816616146922,0.6724650677302902,2.737515927229522,0.19965961353495304
1.677816616146922,0.6724650677302902,2.8795228053684863,0.19965961353495304
1.677816616146922,0.6724650677302902,2.616280123359126,0.19965961353495304
1.677816616146922,0.6724650677302902,2.546376964837366,0.19965961353495304
1.677816616146922,0.6724650677302902,2.3706392082875776,0.19965961353495304
1.667367981748207,0.6724650677302902,2.8851387113598372,0.19965961353495304
1.667367981748207,0.6724650677302902,2.7138190300639313,0.19965961353495304
1.667367981748207,0.6724650677302902,2.844623546695229,0.19965961353495304
1.667367981748207,0.6724650677302902,2.8436972711963917,0.19965961353495304
1.667367981748207,0.6724650677302902,2.876200221226069,0.19965961353495304
1.704061307926733,0.6724650677302902,2.888118296652474,0.19965961353495304
1.704061307926733,0.6724650677302902,2.933700490843923,0.19965961353495304
1.7010497266207243,0.6724650677302902,2.574669441406085,0.19965961353495304
1.7016458947480948,0.6724650677302902,2.4776636322242642,0.19965961353495304
1.7016458947480948,0.6724650677302902,2.8372867947363267,0.19965961353495304
1.7321481127589102,0.6724650677302902,2.571383689438932,0.19965961353495304
1.7321481127589102,0.6724650677302902,2.8480097770383215,0.19965961353495304
1.7321481127589102,0.6664886984609959,2.6395686261802713,0.19965961353495304
1.7321481127589102,0.6664886984609959,2.9192993121333357,0.19965961353495304
1.7321481127589102,0.6664886984609959,2.9575917178265696,0.19965961353495304
1.7321481127589102,0.6664886984609959,2.695319289263628,0.19965961353495304
1.7321481127589102,0.6664886984609959,2.793586732333363,0.19965961353495304
1.7321481127589102,0.6664886984609959,2.828769292115528,0.19965961353495304
1.7321481127589102,0.6664886984609959,2.5481164367182036,0.19965961353495304
1.7321481127589102,0.6664886984609959,2.390390955271929,0.19965961353495304
1.7321481127589102,0.6664886984609959,3.0058117381340277,0.19965961353495304
1.7321481127589102,0.6664886984609959,2.70212682506749,0.19965961353495304
1.7321481127589102,0.6664886984609959,2.3932439461852324,0.19965961353495304
1.7321481127589102,0.6664886984609959,2.6553997809725836,0.19965961353495304
1.7321481127589102,0.6664886984609959,2.6330121986713153,0.19965961353495304
1.7321481127589102,0.6664886984609959,2.8447121974473815,0.19965961353495304
1.7321481127589102,0.6664886984609959,2.9806759841870014,0.19965961353495304
1.7718428602111655,0.6664886984609959,2.497551386594417,0.19965961353495304
1.7718428602111655,0.6664886984609959,2.6307415035581987,0.19965961353495304
1.7718428602111655,0.6664886984609959,2.670556964012954,0.19965961353495304
1.7718428602111655,0.6664886984609959,2.524461549099773,0.19965961353495304
1.7718428602111655,0.6664886984609959,2.5932463597087954,0.19965961353495304
1.7718428602111655,0.6664886984609959,2.8264161557501986,0.19965961353495304
1.7718428602111655,0.6664886984609959,2.8026192225071913,0.19965961353495304
1.7718428602111655,0.6664886984609959,2.527371075553121,0.19965961353495304
1.7718428602111655,0.6664886984609959,2.6052828841825324,0.19965961353495304
1.7959644096169047,0.6664886984609959,2.5248099722097934,0.19965961353495304
1.7959644096169047,0.6664886984609959,2.5353458858814117,0.19965961353495304
1.7959644096169047,0.6664886984609959,2.7136830181786995,0.19965961353495304
1.7959644096169047,0.6664886984609959,2.4408000368996676,0.19965961353495304
1.856068351041443,0.6664886984609959,2.6341657700401417,0.19965961353495304
1.856068351041443,0.6664886984609959,2.8644840427550884,0.19965961353495304
1.856068351041443,0.6664886984609959,2.723074456127961,0.19965961353495304
1.856068351041443,0.6664886984609959,2.612885009659022,0.19965961353495304
1.856068351041443,0.6664886984609959,2.2979869757742115,0.19965961353495304
1.856068351041443,0.6747216936205678,2.849749507140127,0.19965961353495304
1.9817675123359613,0.6747216936205678,2.3434010834316608,0.19965961353495304
1.9817675123359613,0.6747216936205678,2.5034195344427568,0.19965961353495304
1.9817675123359613,0.6747216936205678,2.4352274663930102,0.19965961353495304
1.9817675123359613,0.6747216936205678,2.4346100758309994,0.19965961353495304
1.9817675123359613,0.6747216936205678,2.482342647736231,0.19965961353495304
1.9817675123359613,0.6747216936205678,2.368758357242123,0.19965961353495304
1.9817675123359613,0.6747216936205678,2.488419577993164,0.19965961353495304
1.9817675123359613,0.6747216936205678,2.200635869654026,0.19965961353495304
1.9817675123359613,0.6747216936205678,2.4132926489638677,0.19965961353495304
1.9817675123359613,0.6747216936205678,2.4834804457889867,0.19965961353495304
1.9426001179001495,0.6747216936205678,2.0312353316085483,0.19965961353495304
1.9676513321500468,0.6747216936205678,2.3347122054062943,0.19965961353495304
1.9676513321500468,0.6747216936205678,2.7160204423520655,0.19965961353495304
1.9676513321500468,0.6747216936205678,2.575449729815628,0.19965961353495304
1.9676513321500468,0.6747216936205678,2.0601854162076356,0.19965961353495304
1.9065741505970681,0.6747216936205678,2.219169486800056,0.19965961353495304
1.9065741505970681,0.6747216936205678,2.4622843821756555,0.19965961353495304
1.9065741505970681,0.6747216936205678,2.5033858424552724,0.19965961353495304
1.9065741505970681,0.6747216936205678,2.13897289685728,0.19965961353495304
1.9065741505970681,0.6747216936205678,2.2719876474454517,0.19965961353495304
1.879453057222937,0.6747216936205678,2.455220495551197,0.19965961353495304
1.879453057222937,0.6747216936205678,2.6497939270964515,0.19965961353495304
1.879453057222937,0.6747216936205678,2.333340707891636,0.19965961353495304
1.879453057222937,0.6747216936205678,2.6383701893921905,0.19965961353495304
1.879453057222937,0.6747216936205678,2.306490908002819,0.19965961353495304
1.879453057222937,0.6747216936205678,2.3244377966916137,0.19965961353495304
1.879453057222937,0.6747216936205678,2.495862070128916,0.19965961353495304
1.879453057222937,0.6747216936205678,2.474681721751637,0.19965961353495304
1.879453057222937,0.6747216936205678,2.3768560057915096,0.19965961353495304
1.879453057222937,0.6747216936205678,2.4400453723567868,0.19965961353495304
1.879453057222937,0.6747216936205678,2.4478160705300502,0.19965961353495304
1.879453057222937,0.6747216936205678,2.5713398831196304,0.19965961353495304
1.879453057222937,0.6747216936205678,2.6127793420430088,0.19965961353495304
1.879453057222937,0.6747216936205678,2.3994851333664267,0.19965961353495304
1.856680253690654,0.6747216936205678,2.5367103512442175,0.19965961353495304
1.856680253690654,0.6747216936205678,2.60507394678804,0.19965961353495304
1.856680253690654,0.6747216936205678,2.444229042106352,0.19965961353495304
1.856680253690654,0.6747216936205678,2.5267290292018845,0.19965961353495304
1.856680253690654,0.6747216936205678,2.3913835082493833,0.19965961353495304
1.856680253690654,0.6747216936205678,2.31644621960042,0.19965961353495304
1.856680253690654,0.6747216936205678,2.511388946176857,0.19965961353495304
1.856680253690654,0.6747216936205678,2.4132839842434106,0.19965961353495304
1.856680253690654,0.6747216936205678,2.4613905972257344,0.19965961353495304
1.7718980658026657,0.6747216936205678,2.6919806649207376,0.19965961353495304
1.8816266304188936,0.6747216936205678,2.6012639024770965,0.19965961353495304
1.8816266304188936,0.6747216936205678,2.429570053857119,0.19965961353495304
1.874374037858031,0.6747216936205678,2.386464671117275,0.19965961353495304
1.874374037858031,0.6747216936205678,2.4061375423003213,0.19965961353495304
1.874374037858031,0.6747216936205678,2.2827603058054518,0.19965961353495304
1.874374037858031,0.6747216936205678,2.577661522017133,0.19965961353495304
1.874374037858031,0.6747216936205678,2.5116462527897663,0.19965961353495304
1.9601956308651696,0.6747216936205678,2.504673651526341,0.19965961353495304
1.9601956308651696,0.6747216936205678,2.259449796345904,0.19965961353495304
1.9601956308651696,0.6747216936205678,2.5593147712744,0.19965961353495304
1.9601956308651696,0.6747216936205678,2.4045207325743605,0.19965961353495304
1.9601956308651696,0.6747216936205678,2.2072139854035675,0.19965961353495304
1.9601956308651696,0.6747216936205678,2.255802653532223,0.19965961353495304
1.9601956308651696,0.6747216936205678,2.2511664324608964,0.19965961353495304
1.9601956308651696,0.6747216936205678,2.0907098297894686,0.19965961353495304
1.9601956308651696,0.6747216936205678,2.594228972315016,0.19965961353495304
1.9601956308651696,0.6747216936205678,2.366113806139821,0.19965961353495304
1.9601956308651696,0.6747216936205678,2.197645611213535,0.19965961353495304
1.9601956308651696,0.6747216936205678,2.273065545988068,0.19965961353495304
1.9601956308651696,0.6747216936205678,2.3097606358610836,0.19965961353495304
1.9601956308651696,0.6747216936205678,2.322625725701336,0.19965961353495304
1.9601956308651696,0.6747216936205678,2.439583096382524,0.19965961353495304
2.066705034064739,0.6747216936205678,2.09282330961415,0.19965961353495304
2.066705034064739,0.6747216936205678,2.247904486944176,0.19965961353495304
2.066705034064739,0.6747216936205678,2.1632623900743324,0.19965961353495304
2.066705034064739,0.6872201125994901,2.2636448788609482,0.19965961353495304
2.066705034064739,0.6872201125994901,2.3287815693323624,0.19965961353495304
2.066705034064739,0.6872201125994901,1.9703926539645815,0.19965961353495304
2.066705034064739,0.6872201125994901,2.120054953143443,0.19965961353495304
2.066705034064739,0.693932679288006,2.0043169838121537,0.19965961353495304
2.066705034064739,0.693932679288006,2.3324751696136583,0.19965961353495304
2.066705034064739,0.693932679288006,2.1122747522532075,0.19965961353495304
2.066705034064739,0.693932679288006,2.132911197319482,0.19965961353495304
2.1888552238593353,0.693932679288006,2.0372422890768247,0.19965961353495304
2.1888552238593353,0.693932679288006,1.9825306040897606,0.19965961353495304
2.1888552238593353,0.693932679288006,2.1059968461900556,0.19965961353495304
2.1888552238593353,0.693932679288006,2.111562879960006,0.19965961353495304
2.1888552238593353,0.693932679288006,2.0805895596976396,0.19965961353495304
2.1888552238593353,0.693932679288006,2.137629503140673,0.19965961353495304
2.1888552238593353,0.693932679288006,2.0190518956844343,0.19965961353495304
2.1888552238593353,0.693932679288006,2.1078774391354735,0.19965961353495304
2.1888552238593353,0.693932679288006,1.8711347341700044,0.19965961353495304
2.1888552238593353,0.693932679288006,2.0525328204590205,0.19965961353495304
1.9529114411550972,0.693932679288006,2.1836882077089164,0.19965961353495304
1.9529114411550972,0.693932679288006,2.3837292131037526,0.19965961353495304
1.9529114411550972,0.693932679288006,2.4409384713934648,0.19965961353495304
1.9782370039535215,0.693932679288006,2.201606737407448,0.19965961353495304
1.9782370039535215,0.693932679288006,2.059184075518328,0.19965961353495304
1.9782370039535215,0.693932679288006,2.046285139608643,0.19965961353495304
1.9782370039535215,0.693932679288006,2.2063271605159223,0.19965961353495304
1.9782370039535215,0.693932679288006,2.5580004507727585,0.19965961353495304
1.9782370039535215,0.693932679288006,2.193396077740544,0.19965961353495304
1.9145372398601175,0.7351177932717189,2.410147408796881,0.19965961353495304
1.9145372398601175,0.7351177932717189,2.2124155523351674,0.19965961353495304
1.9145372398601175,0.7351177932717189,2.1347388734764348,0.19965961353495304
1.9145372398601175,0.7351177932717189,2.410660062069735,0.19965961353495304
1.9145372398601175,0.7351177932717189,2.269650611948306,0.19965961353495304
1.9145372398601175,0.7351177932717189,1.9822979729436196,0.19965961353495304
1.9145372398601175,0.7351177932717189,2.1229443321838133,0.19965961353495304
1.9145372398601175,0.7351177932717189,2.204352596829609,0.19965961353495304
1.9145372398601175,0.7351177932717189,2.2619997314021556,0.19965961353495304
1.9145372398601175,0.7351177932717189,2.037228147303028,0.19965961353495304
1.9145372398601175,0.7351177932717189,2.242973259678045,0.19965961353495304
1.9145372398601175,0.7351177932717189,2.1956380772789927,0.19965961353495304
1.9145372398601175,0.7351177932717189,2.5789125089114338,0.19965961353495304
1.9145372398601175,0.7351177932717189,2.0525196922556415,0.19965961353495304
1.9145372398601175,0.7351177932717189,2.269260014621608,0.19965961353495304
1.9145372398601175,0.7351177932717189,2.0796607066094346,0.19965961353495304
1.9145372398601175,0.7351177932717189,2.068273732873135,0.19965961353495304
1.9145372398601175,0.7351177932717189,2.2086784221403732,0.19965961353495304
1.9145372398601175,0.7351177932717189,1.9088852403985785,0.19965961353495304
1.9145372398601175,0.7351177932717189,2.3512044132473493,0.19965961353495304
1.9145372398601175,0.7351177932717189,2.076588592429959,0.19965961353495304
1.9145372398601175,0.7351177932717189,2.5228414429859436,0.19965961353495304
1.9145372398601175,0.7351177932717189,2.3334801916461547,0.19965961353495304
1.9145372398601175,0.7351177932717189,2.180670700123165,0.19965961353495304
1.9145372398601175,0.7351177932717189,2.191543132339878,0.19965961353495304
1.9145372398601175,0.7351177932717189,2.154109632168892,0.19965961353495304
1.9145372398601175,0.7351177932717189,2.2190838158863726,0.19965961353495304
1.9145372398601175,0.7351177932717189,2.3622082436125216,0.19965961353495304
1.9145372398601175,0.7351177932717189,2.255514853445617,0.19965961353495304
1.9145372398601175,0.7351177932717189,2.1316143100612517,0.19965961353495304
1.9145372398601175,0.7351177932717189,2.145097315054603,0.19965961353495304
1.9145372398601175,0.7351177932717189,2.344843199873841,0.19965961353495304
1.9145372398601175,0.7075299865831031,2.0487639991892923,0.19965961353495304
2.1600105058643777,0.7075299865831031,2.202492346783592,0.19965961353495304
2.1600105058643777,0.7075299865831031,2.043861069484604,0.19965961353495304
2.1600105058643777,0.7075299865831031,2.047070159627061,0.19965961353495304
2.1600105058643777,0.7075299865831031,2.155718578039842,0.19965961353495304
2.1600105058643777,0.7075299865831031,2.080759300664037,0.19965961353495304
2.1600105058643777,0.7075299865831031,2.004349956964922,0.19965961353495304
2.1600105058643777,0.7075299865831031,2.1554899432923684,0.19965961353495304
2.1600105058643777,0.7075299865831031,2.1296206918722564,0.19965961353495304
2.1600105058643777,0.7075299865831031,1.9475408934372296,0.19965961353495304
2.1899092698867064,0.7075299865831031,2.0575333549036916,0.19965961353495304
2.1899092698867064,0.7075299865831031,2.089624975124184,0.19965961353495304
2.1899092698867064,0.7075299865831031,2.0910304595048474,0.19965961353495304
2.1899092698867064,0.7075299865831031,2.0371205576770364,0.19965961353495304
2.1899092698867064,0.6765517114161431,1.834910584868649,0.19965961353495304
2.1899092698867064,0.6765517114161431,2.219610811976312,0.19965961353495304
2.1899092698867064,0.6765517114161431,2.005058816714606,0.19965961353495304
2.1899092698867064,0.6765517114161431,2.074083632412309,0.19965961353495304
2.1899092698867064,0.6765517114161431,2.488001615765245,0.19965961353495304
2.1899092698867064,0.6765517114161431,2.162971580520687,0.19965961353495304
2.1899092698867064,0.6765517114161431,2.0846347895327857,0.19965961353495304
2.1899092698867064,0.6765517114161431,2.2461316458311824,0.19965961353495304
2.1899092698867064,0.6765517114161431,2.0645437261190196,0.19965961353495304
2.1899092698867064,0.6765517114161431,2.141174694136318,0.19965961353495304
2.1899092698867064,0.6765517114161431,2.1376008434564917,0.19965961353495304
2.1899092698867064,0.6765517114161431,2.0277847754557965,0.19965961353495304
2.1899092698867064,0.6765517114161431,2.307127033380336,0.19965961353495304
2.1899092698867064,0.6765517114161431,2.2191545605914498,0.19965961353495304
1.9776790966803748,0.6765517114161431,2.375183283115851,0.19965961353495304
2.0349289545023757,0.6765517114161431,2.4131409999170614,0.19965961353495304
2.0349289545023757,0.6765517114161431,2.311361959494102,0.19965961353495304
2.0349289545023757,0.6765517114161431,2.1179358713364427,0.19965961353495304
2.0349289545023757,0.6765517114161431,2.4091253380107043,0.19965961353495304
2.0349289545023757,0.6765517114161431,2.587679971274217,0.19965961353495304
2.0349289545023757,0.6765517114161431,2.3637193882713534,0.19965961353495304
2.0349289545023757,0.6765517114161431,2.3559801321723874,0.19965961353495304
2.0349289545023757,0.6765517114161431,2.1619461755489957,0.19965961353495304
2.0349289545023757,0.6765517114161431,2.2554741972004444,0.19965961353495304
2.0349289545023757,0.6765517114161431,2.1464213915215957,0.19965961353495304
2.0349289545023757,0.6765517114161431,2.2511895742720958,0.19965961353495304
2.0553661403560226,0.6765517114161431,2.184308226593007,0.19965961353495304
2.0553661403560226,0.6765517114161431,2.1178053160313173,0.19965961353495304
2.0553661403560226,0.6765517114161431,2.1332799028957496,0.19965961353495304
2.0553661403560226,0.6765517114161431,2.062803064831269,0.19965961353495304
2.0553661403560226,0.6765517114161431,2.252340808365196,0.19965961353495304
2.0553661403560226,0.6765517114161431,2.363613946545962,0.19965961353495304
2.0553661403560226,0.6765517114161431,2.222046875825804,0.19965961353495304
2.0553661403560226,0.6765517114161431,2.292857235424388,0.19965961353495304
2.0553661403560226,0.6765517114161431,2.2050982920846502,0.19965961353495304
2.0553661403560226,0.6765517114161431,2.2533215811115257,0.19965961353495304
2.0553661403560226,0.6765517114161431,2.038835736876202,0.19965961353495304
2.0553661403560226,0.6765517114161431,2.093678417588395,0.19965961353495304
2.3417152098170835,0.6765517114161431,2.0842188292723507,0.19965961353495304
2.3417152098170835,0.6765517114161431,2.0458259357787694,0.19965961353495304
2.3417152098170835,0.6765517114161431,1.9353533577855724,0.19965961353495304
2.3417152098170835,0.6765517114161431,1.8686722879753592,0.19965961353495304
2.3417152098170835,0.6765517114161431,2.064408427983764,0.19965961353495304
2.3417152098170835,0.6765517114161431,1.9620223486860375,0.19965961353495304
2.3417152098170835,0.6765517114161431,2.078304675762803,0.19965961353495304
2.3417152098170835,0.6765517114161431,1.9653560149624962,0.19965961353495304
2.3417152098170835,0.6765517114161431,2.044235756507859,0.19965961353495304
2.3417152098170835,0.6765517114161431,1.9419176958597293,0.19965961353495304
2.3417152098170835,0.6765517114161431,1.7232495072073262,0.19965961353495304
2.3417152098170835,0.6765517114161431,2.036048088101625,0.19965961353495304
2.3417152098170835,0.6765517114161431,1.8786237228022065,0.19965961353495304
2.3417152098170835,0.6765517114161431,1.870425058732175,0.19965961353495304
2.0349360240943133,0.6765517114161431,2.070828688024247,0.19965961353495304
2.0349360240943133,0.6765517114161431,2.235409962261426,0.19965961353495304
1.9665822910747501,0.6765517114161431,2.2982079831977464,0.19965961353495304
1.9665822910747501,0.6765517114161431,2.2987166603288105,0.19965961353495304
1.9665822910747501,0.6765517114161431,2.4400602665330156,0.19965961353495304
1.7197367955490712,0.7311736675202786,2.320881039153165,0.19965961353495304
1.6011853979441886,0.7311736675202786,2.2989320299822125,0.19965961353495304
1.6011853979441886,0.7311736675202786,2.6758886905833705,0.19965961353495304
1.564630256644423,0.7311736675202786,2.9507631763846787,0.19965961353495304
1.564630256644423,0.7311736675202786,2.700356812176089,0.19965961353495304
1.564630256644423,0.7311736675202786,2.665293986259336,0.19965961353495304
1.564630256644423,0.7311736675202786,2.645318180607592,0.19965961353495304
1.564630256644423,0.7311736675202786,2.5842216766026396,0.19965961353495304
1.564630256644423,0.7311736675202786,2.4037291178017344,0.19965961353495304
1.564630256644423,0.7311736675202786,2.829747223833858,0.19965961353495304
1.564630256644423,0.7311736675202786,2.6696831534935126,0.19965961353495304
1.564630256644423,0.6720708117482989,2.682477561109706,0.19965961353495304
1.3188665819791074,0.6720708117482989,3.5950670335039683,0.19965961353495304
1.3188665819791074,0.8193517875202017,3.60140505450501,0.19965961353495304
1.3188665819791074,0.8193517875202017,2.9016534326965124,0.19965961353495304
1.714058794428364,0.8193517875202017,2.525818875526083,0.19965961353495304
1.714058794428364,0.8193517875202017,2.393276915963522,0.19965961353495304
1.714058794428364,0.8091022267327108,2.163028184095663,0.19965961353495304
1.714058794428364,0.8091022267327108,2.3307092354212693,0.19965961353495304
1.714058794428364,0.8091022267327108,2.4251191182208114,0.19965961353495304
1.714058794428364,0.8091022267327108,2.1146303144981755,0.19965961353495304
1.714058794428364,0.7633933048824401,2.6766607813155368,0.19965961353495304
1.714058794428364,0.7633933048824401,2.516607657163113,0.19965961353495304
1.714058794428364,0.7633933048824401,2.4764352025706104,0.19965961353495304
1.714058794428364,0.7633933048824401,2.395773495589918,0.19965961353495304
1.714058794428364,0.7633933048824401,2.2952873730375574,0.19965961353495304
1.714058794428364,0.7633933048824401,2.3519477492431857,0.19965961353495304
1.714058794428364,0.7633933048824401,2.2724281665804256,0.19965961353495304
1.819180229572617,0.7633933048824401,2.421880086478221,0.19965961353495304
1.819180229572617,0.749609397360142,2.087961181368069,0.19965961353495304
1.819180229572617,0.749609397360142,2.2646351945224237,0.19965961353495304
1.819180229572617,0.749609397360142,2.208056619681878,0.19965961353495304
1.819180229572617,0.749609397360142,2.1841745647194064,0.19965961353495304
1.819180229572617,0.749609397360142,2.2101376906489603,0.19965961353495304
1.819180229572617,0.749609397360142,2.422070292264257,0.19965961353495304
1.819180229572617,0.749609397360142,2.2966463684124263,0.19965961353495304
1.8889570282319623,0.7075783187196575,2.460523312833745,0.19965961353495304
1.8889570282319623,0.7075783187196575,2.492789067072452,0.19965961353495304
1.9602408905773314,0.7075783187196575,2.0493639399021326,0.19965961353495304
1.9602408905773314,0.7075783187196575,2.2067796402643864,0.19965961353495304
1.9602408905773314,0.7075783187196575,2.421545049198104,0.19965961353495304
1.9602408905773314,0.7075783187196575,2.4381218549188977,0.19965961353495304
1.9602408905773314,0.7075783187196575,2.3582872136751014,0.19965961353495304
1.9602408905773314,0.7075783187196575,2.2836590876876497,0.19965961353495304
1.9602408905773314,0.7075783187196575,2.163325106472787,0.19965961353495304
1.9602408905773314,0.7075783187196575,2.4628782689062394,0.19965961353495304
1.9602408905773314,0.7075783187196575,2.166937169706863,0.19965961353495304
1.9602408905773314,0.7075783187196575,2.275381796413369,0.19965961353495304
2.2930343067463705,0.7075783187196575,2.021548521975612,0.19965961353495304
2.2930343067463705,0.7075783187196575,1.9579844149952668,0.19965961353495304
2.2930343067463705,0.7075783187196575,2.1094343247042673,0.19965961353495304
2.2930343067463705,0.7075783187196575,2.1020778305944985,0.19965961353495304
2.2038556235913624,0.7075783187196575,1.8036497708413954,0.19965961353495304
2.2038556235913624,0.7075783187196575,2.0121792993353576,0.19965961353495304
2.022408237229103,0.7075783187196575,2.1162321536993645,0.19965961353495304
2.022408237229103,0.7075783187196575,2.1741230207366855,0.19965961353495304
2.022408237229103,0.7225064182879649,2.0700586800817438,0.19965961353495304
2.022408237229103,0.7225064182879649,2.116407135718114,0.19965961353495304
2.022408237229103,0.7225064182879649,2.388756155691012,0.19965961353495304
2.022408237229103,0.7225064182879649,2.232920545613764,0.19965961353495304
2.022408237229103,0.7225064182879649,2.29467116826985,0.19965961353495304
2.022408237229103,0.7225064182879649,2.400017394998973,0.19965961353495304
2.022408237229103,0.7225064182879649,2.2189647093479428,0.19965961353495304
2.022408237229103,0.7225064182879649,1.9702791197836493,0.19965961353495304
2.022408237229103,0.7225064182879649,1.8910933429277996,0.19965961353495304
2.022408237229103,0.7225064182879649,2.04715095329196,0.19965961353495304
2.022408237229103,0.7225064182879649,2.1937151325680118,0.19965961353495304
2.022408237229103,0.7225064182879649,2.3031447989936513,0.19965961353495304
1.5862366530197873,0.7225064182879649,2.438161702171195,0.19965961353495304
1.689126246558726,0.7225064182879649,2.5527382366161837,0.19965961353495304
1.689126246558726,0.7225064182879649,2.6066389420896527,0.19965961353495304
1.689126246558726,0.7225064182879649,2.7099740083972184,0.19965961353495304
1.7150356560237736,0.7225064182879649,2.527873335204021,0.19965961353495304
1.7150356560237736,0.7225064182879649,2.267222338619121,0.19965961353495304
1.7150356560237736,0.7225064182879649,2.3941098610256497,0.19965961353495304
1.6680851521395843,0.7225064182879649,2.4520084423086197,0.19965961353495304
1.6680851521395843,0.7225064182879649,2.4662260345979816,0.19965961353495304
1.6680851521395843,0.7225064182879649,2.8247433559519495,0.19965961353495304
1.730199058022069,0.7225064182879649,2.63531418727043,0.19965961353495304
1.730199058022069,0.7225064182879649,2.4044231571451657,0.19965961353495304
1.730199058022069,0.7225064182879649,2.7250496478469772,0.19965961353495304
1.730199058022069,0.7225064182879649,2.6689095724837135,0.19965961353495304
1.730199058022069,0.7225064182879649,2.442578267626487,0.19965961353495304
2.1626119181555237,0.7225064182879649,2.247625451380011,0.19965961353495304
2.1626119181555237,0.7225064182879649,2.050740716178915,0.19965961353495304
2.1626119181555237,0.7225064182879649,1.9537985353452785,0.19965961353495304
2.1626119181555237,0.7225064182879649,1.8701252272251874,0.19965961353495304
2.1626119181555237,0.7225064182879649,1.974764440094389,0.19965961353495304
2.1626119181555237,0.7225064182879649,2.1280120595953735,0.19965961353495304
2.1626119181555237,0.7225064182879649,1.8975986723717533,0.19965961353495304
2.0405322720294934,0.7225064182879649,1.9465486016188474,0.19965961353495304
2.0405322720294934,0.7225064182879649,2.1884764846684726,0.19965961353495304
2.0405322720294934,0.7225064182879649,2.212790895024331,0.19965961353495304
2.193706159811133,0.7225064182879649,1.8842171705235606,0.19965961353495304
2.193706159811133,0.7283545572544886,2.239269142937072,0.19965961353495304
2.193706159811133,0.7283545572544886,1.9602267128893636,0.19965961353495304
2.014633324413623,0.7283545572544886,1.9828466805855773,0.19965961353495304
2.0448634564714414,0.7283545572544886,2.251413666539704,0.19965961353495304
2.0448634564714414,0.7283545572544886,1.9494825230413602,0.19965961353495304
2.0448634564714414,0.7283545572544886,1.9751300194827883,0.19965961353495304
2.0448634564714414,0.7283545572544886,2.220793528563027,0.19965961353495304
2.0448634564714414,0.7283545572544886,2.387364498256248,0.19965961353495304
2.0448634564714414,0.7283545572544886,2.112569526251532,0.19965961353495304
1.8090529737760292,0.7283545572544886,2.370646986049457,0.19965961353495304
1.8090529737760292,0.7283545572544886,2.3336504013327994,0.19965961353495304
1.8090529737760292,0.7283545572544886,2.5031977316878415,0.19965961353495304
1.8090529737760292,0.7283545572544886,2.4659487907918174,0.19965961353495304
1.8090529737760292,0.7283545572544886,2.468127758968527,0.19965961353495304
1.8090529737760292,0.7283545572544886,2.4567815597509504,0.19965961353495304
1.8090529737760292,0.7283545572544886,2.415408397777267,0.19965961353495304
1.8090529737760292,0.7283545572544886,2.391907051245394,0.19965961353495304
1.8090529737760292,0.7283545572544886,2.2962145346239127,0.19965961353495304
1.9119373932237989,0.7283545572544886,2.386827310246005,0.19965961353495304
1.9119373932237989,0.7283545572544886,2.3243789794647096,0.19965961353495304
1.9119373932237989,0.7283545572544886,2.3568441730704657,0.19965961353495304
1.9119373932237989,0.7283545572544886,2.252190978303578,0.19965961353495304
1.9119373932237989,0.7283545572544886,2.2121001784743948,0.19965961353495304
2.0125230083287198,0.7283545572544886,2.1362265344643063,0.19965961353495304
2.0125230083287198,0.7283545572544886,2.1154157786259042,0.19965961353495304
2.0125230083287198,0.7283545572544886,2.3145572848189744,0.19965961353495304
2.0125230083287198,0.7283545572544886,2.1869680668324007,0.19965961353495304
2.0125230083287198,0.7283545572544886,2.26502789877527,0.19965961353495304
2.0125230083287198,0.7283545572544886,2.336996646788017,0.19965961353495304
2.0125230083287198,0.7283545572544886,2.021083794214538,0.19965961353495304
2.0125230083287198,0.7283545572544886,2.2678598199901914,0.19965961353495304
2.0125230083287198,0.7283545572544886,2.1190341950038962,0.19965961353495304
2.0125230083287198,0.7283545572544886,2.3658535215421055,0.19965961353495304
2.0125230083287198,0.7283545572544886,2.1789115217850976,0.19965961353495304
2.0125230083287198,0.7283545572544886,2.2766622187555,0.19965961353495304
2.0125230083287198,0.7283545572544886,2.278238690121546,0.19965961353495304
2.0125230083287198,0.7283545572544886,2.1162780609014233,0.19965961353495304
2.0125230083287198,0.7283545572544886,2.242277963629389,0.19965961353495304
2.0125230083287198,0.7283545572544886,2.148399248206292,0.19965961353495304
2.0125230083287198,0.7283545572544886,2.5861682976394533,0.19965961353495304
2.0125230083287198,0.7283545572544886,1.989541536099852,0.19965961353495304
2.0125230083287198,0.7283545572544886,2.0155357863241585,0.19965961353495304
2.0125230083287198,0.7283545572544886,2.048772336357424,0.19965961353495304
2.0125230083287198,0.7043815400815435,2.065637186634381,0.19965961353495304
2.0125230083287198,0.7043815400815435,2.0446037388602334,0.19965961353495304
2.0125230083287198,0.7043815400815435,2.3777967058166416,0.19965961353495304
2.0125230083287198,0.7043815400815435,2.239496100766183,0.19965961353495304
2.0125230083287198,0.7043815400815435,2.1627028607834213,0.19965961353495304
2.0125230083287198,0.7043815400815435,2.4105431754748556,0.19965961353495304
2.0125230083287198,0.7043815400815435,2.2510615042509103,0.19965961353495304
2.0125230083287198,0.7043815400815435,2.241425160569015,0.19965961353495304
2.0125230083287198,0.7043815400815435,2.1094766706865684,0.19965961353495304
1.776504542321069,0.7043815400815435,2.3793128457349675,0.19965961353495304
1.776504542321069,0.7043815400815435,2.672635421530078,0.19965961353495304
1.776504542321069,0.7043815400815435,2.4394258611231794,0.19965961353495304
1.776504542321069,0.7043815400815435,2.8364203167256328,0.19965961353495304
1.776504542321069,0.7043815400815435,2.4015794046283516,0.19965961353495304
1.776504542321069,0.7043815400815435,2.712076236123066,0.19965961353495304
1.776504542321069,0.7043815400815435,2.5361256541772823,0.19965961353495304
1.776504542321069,0.7043815400815435,2.595179563834852,0.19965961353495304
1.776504542321069,0.7043815400815435,2.4383288352380443,0.19965961353495304
1.776504542321069,0.7043815400815435,2.1189534692826757,0.19965961353495304
1.776504542321069,0.7043815400815435,2.632781830715493,0.19965961353495304
1.776504542321069,0.7043815400815435,2.7246150784758285,0.19965961353495304
1.776504542321069,0.7043815400815435,2.428424523221853,0.19965961353495304
1.776504542321069,0.7612477132852006,2.3913788018973423,0.19965961353495304
1.776504542321069,0.7612477132852006,2.3180863722287866,0.19965961353495304
1.776504542321069,0.7612477132852006,2.091708835192115,0.19965961353495304
1.6673245824784002,0.7612477132852006,2.6286261867950222,0.19965961353495304
1.6673245824784002,0.7612477132852006,2.5646122721894065,0.19965961353495304
1.6673245824784002,0.7612477132852006,2.6259956126451476,0.19965961353495304
1.6673245824784002,0.7612477132852006,2.555561973086134,0.19965961353495304
1.3913030854880044,0.7612477132852006,2.787987941000153,0.19965961353495304
1.3913030854880044,0.7612477132852006,3.2452512053772855,0.19965961353495304
1.3913030854880044,0.7612477132852006,2.8921154006592666,0.19965961353495304
1.3913030854880044,0.7612477132852006,3.0429019694383816,0.19965961353495304
1.3913030854880044,0.7612477132852006,2.9900518412382278,0.19965961353495304
1.3913030854880044,0.7612477132852006,2.570998002705769,0.19965961353495304
1.3913030854880044,0.7612477132852006,2.571981536095159,0.19965961353495304
1.3913030854880044,0.7612477132852006,3.2674879849062983,0.19965961353495304
1.3913030854880044,0.7612477132852006,3.0271394563946243,0.19965961353495304
1.3913030854880044,0.7612477132852006,2.905907867593665,0.19965961353495304
1.3913030854880044,0.7612477132852006,3.054380553917082,0.19965961353495304
1.3913030854880044,0.7612477132852006,3.107578871136436,0.19965961353495304
1.3913030854880044,0.7612477132852006,3.099774544252568,0.19965961353495304
1.3913030854880044,0.7612477132852006,2.6260349185598075,0.19965961353495304
1.4997108024108974,0.7612477132852006,2.719496469136639,0.19965961353495304
1.5142667760967115,0.7612477132852006,2.722719390943873,0.19965961353495304
1.5142667760967115,0.7612477132852006,2.6208969916906484,0.19965961353495304
1.5142667760967115,0.7612477132852006,2.67743050921615,0.19965961353495304
1.5142667760967115,0.7612477132852006,2.6898418686585757,0.19965961353495304
1.5142667760967115,0.7612477132852006,2.968292179083125,0.19965961353495304
1.3478190405191555,0.7612477132852006,2.665954473231196,0.19965961353495304
1.3478190405191555,0.7612477132852006,3.153083202045894,0.19965961353495304
1.3478190405191555,0.7612477132852006,2.79900723686418,0.19965961353495304
1.7913649125037177,0.7612477132852006,2.7026610994892195,0.19965961353495304
1.7913649125037177,0.7612477132852006,2.234988388541979,0.19965961353495304
1.7913649125037177,0.7612477132852006,2.305408243478995,0.19965961353495304
1.7913649125037177,0.7612477132852006,2.625618386891019,0.19965961353495304
1.7913649125037177,0.7612477132852006,2.24155868216574,0.19965961353495304
1.7913649125037177,0.7612477132852006,2.662961693085861,0.19965961353495304
1.7913649125037177,0.7612477132852006,2.2300616849759107,0.19965961353495304
1.7913649125037177,0.7612477132852006,2.010653636544511,0.19965961353495304
1.7913649125037177,0.7612477132852006,2.031623080136326,0.19965961353495304
1.7913649125037177,0.7612477132852006,2.184360581897687,0.19965961353495304
1.7913649125037177,0.7544325362157778,2.1973334468971677,0.19965961353495304
1.7913649125037177,0.7544325362157778,2.3665356358007332,0.19965961353495304
1.7931600841929167,0.7544325362157778,2.2999189888473395,0.19965961353495304
1.7931600841929167,0.7544325362157778,2.5456059078939153,0.19965961353495304
1.7931600841929167,0.7544325362157778,2.2041572268421143,0.19965961353495304
1.7931600841929167,0.7544325362157778,2.241524494934955,0.19965961353495304
1.7931600841929167,0.7544325362157778,2.185094728615851,0.19965961353495304
1.7931600841929167,0.7544325362157778,2.1733387117996967,0.19965961353495304
1.7931600841929167,0.7544325362157778,2.472105816229784,0.19965961353495304
1.7931600841929167,0.7544325362157778,2.220098284882869,0.19965961353495304
1.7931600841929167,0.7544325362157778,2.57725555334134,0.19965961353495304
1.7855153628484828,0.7544325362157778,2.3457767800431455,0.19965961353495304
1.7855153628484828,0.7544325362157778,2.4138246220300292,0.19965961353495304
1.7855153628484828,0.7544325362157778,2.2304342379042135,0.19965961353495304
1.7855153628484828,0.7544325362157778,2.073564900186674,0.19965961353495304
1.7855153628484828,0.7544325362157778,2.4029751555596772,0.19965961353495304
1.4745386835180034,0.7596579301363722,2.60407030600269,0.19965961353495304
1.4745386835180034,0.7596579301363722,2.868231420552611,0.19965961353495304
1.4745386835180034,0.7596579301363722,3.1253373611381017,0.19965961353495304
1.4745386835180034,0.7596579301363722,2.71108454417817,0.19965961353495304
1.4745386835180034,0.7596579301363722,2.672541053027632,0.19965961353495304
1.4745386835180034,0.7596579301363722,2.8275216884809655,0.19965961353495304
1.4745386835180034,0.7596579301363722,2.610016240050932,0.19965961353495304
1.4745386835180034,0.7596579301363722,3.058756739863306,0.19965961353495304
1.4745386835180034,0.7616469671622361,2.4651903342917225,0.19965961353495304
1.4745386835180034,0.7616469671622361,2.6402082604358754,0.19965961353495304
1.4745386835180034,0.7616469671622361,2.9097862014350153,0.19965961353495304
1.4745386835180034,0.7616469671622361,3.0336777554506873,0.19965961353495304
1.4745386835180034,0.7616469671622361,3.0257709040811607,0.19965961353495304
1.4745386835180034,0.7616469671622361,2.4117117247321653,0.19965961353495304
1.4745386835180034,0.7616469671622361,2.943269376202263,0.19965961353495304
1.4745386835180034,0.7616469671622361,2.693511773882139,0.19965961353495304
1.593368362964483,0.7616469671622361,2.622825108195027,0.19965961353495304
1.593368362964483,0.7616469671622361,2.250662271740623,0.19965961353495304
1.593368362964483,0.7616469671622361,2.497172737664301,0.19965961353495304
1.6330282191577166,0.7616469671622361,2.2344455988296885,0.19965961353495304
1.6330282191577166,0.7616469671622361,2.4210135863860147,0.19965961353495304
1.6330282191577166,0.7616469671622361,2.648152767183488,0.19965961353495304
1.6330282191577166,0.7616469671622361,2.3718828915029886,0.19965961353495304
1.6330282191577166,0.7616469671622361,2.347929154664939,0.19965961353495304
1.6330282191577166,0.7616469671622361,2.3835457531951176,0.19965961353495304
1.6330282191577166,0.7616469671622361,2.581957359844415,0.19965961353495304
1.6330282191577166,0.7616469671622361,2.218574320976329,0.19965961353495304
1.6330282191577166,0.7616469671622361,2.5858346982553684,0.19965961353495304
1.6330282191577166,0.7616469671622361,2.4693502849175797,0.19965961353495304
1.6330282191577166,0.7616469671622361,2.3061919785732115,0.19965961353495304
1.6330282191577166,0.7616469671622361,2.386912367080016,0.19965961353495304
1.6330282191577166,0.7464455412499482,2.6002196126733215,0.19965961353495304
1.9067667165772706,0.7464455412499482,2.406244866226493,0.19965961353495304
1.9067667165772706,0.7464455412499482,2.3277146891106817,0.19965961353495304
1.9067667165772706,0.7464455412499482,2.1385090772430866,0.19965961353495304
1.9067667165772706,0.7464455412499482,2.239234189637536,0.19965961353495304
1.9067667165772706,0.7464455412499482,2.0104700996848797,0.19965961353495304
1.862929145336117,0.7464455412499482,2.486444554565566,0.19965961353495304
1.862929145336117,0.7464455412499482,2.3658401744745188,0.19965961353495304
1.862929145336117,0.7464455412499482,2.3122010097766914,0.19965961353495304
1.862929145336117,0.7464455412499482,2.40101867140784,0.19965961353495304
1.862929145336117,0.7464455412499482,2.040004512101321,0.19965961353495304
1.862929145336117,0.7464455412499482,2.321177151585192,0.19965961353495304
1.862929145336117,0.7464455412499482,2.050132131632942,0.19965961353495304
1.862929145336117,0.7464455412499482,2.1038765429252435,0.19965961353495304
1.862929145336117,0.7464455412499482,2.2795082880146977,0.19965961353495304
1.862929145336117,0.7115386904921384,2.489135741290282,0.19965961353495304
1.862929145336117,0.7115386904921384,2.2408753127338072,0.19965961353495304
1.862929145336117,0.7115386904921384,2.458558519280787,0.19965961353495304
1.862929145336117,0.7115386904921384,2.5456232929732416,0.19965961353495304
1.862929145336117,0.7115386904921384,2.500319793353093,0.19965961353495304
1.862929145336117,0.7115386904921384,2.5139595114323234,0.19965961353495304
1.862929145336117,0.7115386904921384,2.573601648408266,0.19965961353495304
1.7902425236679917,0.7115386904921384,2.2149084174681506,0.19965961353495304
1.7902425236679917,0.7115386904921384,2.5591296453215127,0.19965961353495304
1.7902425236679917,0.7115386904921384,2.5863858563904962,0.19965961353495304
1.7902425236679917,0.7115386904921384,2.555315141189754,0.19965961353495304
1.5964608778379243,0.7115386904921384,2.60091397567237,0.19965961353495304
1.5964608778379243,0.7115386904921384,3.1888621270763866,0.19965961353495304
1.5964608778379243,0.7115386904921384,2.754867511910479,0.19965961353495304
1.5964608778379243,0.7115386904921384,2.617682361987884,0.19965961353495304
1.5964608778379243,0.7115386904921384,2.6643128538533616,0.19965961353495304
1.5964608778379243,0.7115386904921384,2.5153456082877335,0.19965961353495304
1.5964608778379243,0.8008348917863973,2.557543972485114,0.19965961353495304
1.5964608778379243,0.8008348917863973,2.328907053635389,0.19965961353495304
1.5964608778379243,0.8008348917863973,2.3788651883252157,0.19965961353495304
1.5964608778379243,0.8008348917863973,2.4398962250761467,0.19965961353495304
1.5964608778379243,0.8008348917863973,2.587253575833565,0.19965961353495304
1.5964608778379243,0.8008348917863973,2.743929202507502,0.19965961353495304
1.5964608778379243,0.8008348917863973,2.5486798923295013,0.19965961353495304
1.5964608778379243,0.8008348917863973,2.382376679395173,0.19965961353495304
1.5964608778379243,0.8008348917863973,2.1747923409456007,0.19965961353495304
1.5964608778379243,0.8008348917863973,2.9162513120362914,0.19965961353495304
1.5964608778379243,0.8008348917863973,2.5161050578294133,0.19965961353495304
1.5964608778379243,0.8008348917863973,2.39851551207389,0.19965961353495304
1.5964608778379243,0.8008348917863973,2.375532016530142,0.19965961353495304
1.5964608778379243,0.8008348917863973,2.324641297154296,0.19965961353495304
1.5964608778379243,0.8008348917863973,2.342942329611118,0.19965961353495304
1.5964608778379243,0.8008348917863973,2.7784740535550267,0.19965961353495304
1.5964608778379243,0.8008348917863973,2.3439306766195442,0.19965961353495304
1.5964608778379243,0.8008348917863973,2.2446895005744536,0.19965961353495304
1.5674548483933515,0.8008348917863973,2.4853262137299503,0.19965961353495304
1.5674548483933515,0.8008348917863973,2.7411290123464642,0.19965961353495304
1.5674548483933515,0.8008348917863973,2.25779316779864,0.19965961353495304
1.5674548483933515,0.8008348917863973,2.4127629362367395,0.19965961353495304
1.5674548483933515,0.8008348917863973,2.3769567625951287,0.19965961353495304
1.5674548483933515,0.8008348917863973,2.4958655429658445,0.19965961353495304
1.5674548483933515,0.8008348917863973,2.288095049344955,0.19965961353495304
1.5674548483933515,0.8008348917863973,2.2749782380865895,0.19965961353495304
1.5674548483933515,0.8008348917863973,2.490921658941418,0.19965961353495304
1.5674548483933515,0.8008348917863973,2.3743283784031926,0.19965961353495304
1.5674548483933515,0.8008348917863973,2.5776301231883623,0.19965961353495304
1.5674548483933515,0.7918869902838556,2.6877676093574423,0.19965961353495304
1.5674548483933515,0.7918869902838556,2.3892918415129554,0.19965961353495304
1.5674548483933515,0.7918869902838556,2.6069164726672933,0.19965961353495304
1.5674548483933515,0.7918869902838556,2.3490108053627248,0.20184359816987793
1.5674548483933515,0.7918869902838556,2.35225760986362,0.20184359816987793
1.7692353034303983,0.7918869902838556,2.3692065571743806,0.20184359816987793
1.7692353034303983,0.8054918006839886,2.335467294497615,0.20184359816987793
1.7692353034303983,0.8054918006839886,2.1150888338269827,0.20184359816987793
1.7692353034303983,0.8054918006839886,2.0147321345582503,0.20184359816987793
1.7692353034303983,0.8054918006839886,2.2577756162288662,0.20184359816987793
1.7692353034303983,0.8054918006839886,2.101273051459793,0.20184359816987793
1.7692353034303983,0.8054918006839886,2.079919442372501,0.20184359816987793
1.7692353034303983,0.8054918006839886,2.438058321335135,0.20184359816987793
1.7692353034303983,0.8054918006839886,1.963686919540063,0.20184359816987793
1.7692353034303983,0.8054918006839886,2.281611916349182,0.20184359816987793
1.7692353034303983,0.8054918006839886,2.156381136462243,0.20184359816987793
1.7692353034303983,0.8054918006839886,2.0388532292632577,0.20184359816987793
1.7692353034303983,0.8054918006839886,2.0995584935285807,0.20184359816987793
1.7692353034303983,0.8054918006839886,2.183038792100401,0.20184359816987793
1.7692353034303983,0.8054918006839886,2.191109528974481,0.20184359816987793
1.7692353034303983,0.7284641561323228,2.0484051159098544,0.20184359816987793
1.7692353034303983,0.7284641561323228,2.412138292102092,0.20184359816987793
1.7692353034303983,0.7284641561323228,2.2800356560377026,0.20184359816987793
1.7692353034303983,0.7284641561323228,2.5178950319507623,0.20184359816987793
1.7692353034303983,0.7284641561323228,2.34468339600005,0.20184359816987793
1.7692353034303983,0.7284641561323228,2.4814903047065493,0.20184359816987793
1.7692353034303983,0.7284641561323228,2.516922728611931,0.20184359816987793
1.7692353034303983,0.7186410596033108,2.4510424722208235,0.20184359816987793
1.7692353034303983,0.7186410596033108,2.675865491095507,0.20184359816987793
1.7692353034303983,0.7186410596033108,2.4789779582745655,0.20184359816987793
1.7692353034303983,0.7186410596033108,2.3330521995072164,0.20184359816987793
2.1271401377260575,0.7186410596033108,2.2453405950620233,0.20184359816987793
2.1271401377260575,0.7186410596033108,1.9985754359384247,0.20184359816987793
2.1271401377260575,0.7186410596033108,2.142782078934423,0.20184359816987793
2.1271401377260575,0.7186410596033108,1.993883225908634,0.20184359816987793
2.1271401377260575,0.7186410596033108,1.9181217585690322,0.20184359816987793
2.1271401377260575,0.7186410596033108,2.0088371834750243,0.20184359816987793
2.1271401377260575,0.7186410596033108,2.1684494840992845,0.20184359816987793
2.1271401377260575,0.7186410596033108,2.058894504737755,0.20184359816987793
2.1271401377260575,0.7186410596033108,1.918058208581557,0.20184359816987793
2.1271401377260575,0.7186410596033108,2.0373190515154023,0.20184359816987793
2.1271401377260575,0.7186410596033108,2.1311235543868916,0.20184359816987793
2.1271401377260575,0.7186410596033108,2.202418978802747,0.20184359816987793
2.1271401377260575,0.7186410596033108,2.0939751893060246,0.20184359816987793
2.1271401377260575,0.7186410596033108,2.103820583652917,0.20184359816987793
2.1271401377260575,0.7186410596033108,2.1071546458171095,0.20184359816987793
2.1271401377260575,0.7186410596033108,1.8552032176426412,0.20184359816987793
2.1271401377260575,0.7186410596033108,2.2951567892955165,0.20184359816987793
2.1271401377260575,0.7186410596033108,2.128460632894057,0.20184359816987793
2.1271401377260575,0.7186410596033108,2.134946332341476,0.20184359816987793
1.915065574745979,0.7186410596033108,2.1171156333169403,0.20184359816987793
1.915065574745979,0.7186410596033108,2.497246162733051,0.20184359816987793
1.915065574745979,0.7186410596033108,2.157637291423864,0.20184359816987793
1.915065574745979,0.7186410596033108,2.2520155315568737,0.20184359816987793
1.915065574745979,0.7186410596033108,2.0022408520825787,0.20184359816987793
1.915065574745979,0.7186410596033108,2.2080916458502675,0.20184359816987793
1.915065574745979,0.7186410596033108,2.1498320382352847,0.20184359816987793
1.915065574745979,0.7186410596033108,2.3028777608751656,0.20184359816987793
1.915065574745979,0.7186410596033108,2.421649590841312,0.20184359816987793
1.915065574745979,0.7186410596033108,2.3442959156141816,0.20184359816987793
1.915065574745979,0.7186410596033108,2.152783255299645,0.20184359816987793
1.915065574745979,0.7186410596033108,2.137537280610176,0.20184359816987793
1.915065574745979,0.7186410596033108,2.471815856241989,0.20184359816987793
1.915065574745979,0.7186410596033108,2.417146518361303,0.20184359816987793
1.915065574745979,0.7186410596033108,2.0216088067581097,0.20184359816987793
1.915065574745979,0.7186410596033108,2.037288022856911,0.20184359816987793
1.915065574745979,0.7186410596033108,2.413200967304279,0.20184359816987793
1.9117677386088707,0.7186410596033108,2.1919045830673407,0.20184359816987793
1.9117677386088707,0.7186410596033108,2.190199586138419,0.20184359816987793
1.9117677386088707,0.7186410596033108,2.203372730101312,0.20184359816987793
1.9117677386088707,0.7186410596033108,2.3942569816945323,0.20184359816987793
1.9117677386088707,0.7186410596033108,2.6390954265877555,0.20184359816987793
1.9117677386088707,0.7186410596033108,2.227826748050798,0.20184359816987793
1.9117677386088707,0.7186410596033108,2.2928145656089884,0.20184359816987793
1.9117677386088707,0.7186410596033108,2.076103443081742,0.20184359816987793
1.9117677386088707,0.7186410596033108,2.514484718900242,0.20184359816987793
1.9117677386088707,0.7186410596033108,2.3529674954050135,0.20184359816987793
1.9117677386088707,0.7186410596033108,2.5663337448587913,0.20184359816987793
1.9117677386088707,0.7186410596033108,1.9865808997483878,0.20184359816987793
1.9117677386088707,0.7186410596033108,2.133807012859255,0.20184359816987793
1.9117677386088707,0.7186410596033108,2.2666336042380895,0.20184359816987793
1.9117677386088707,0.7186410596033108,2.0715872621371734,0.20184359816987793
1.9117677386088707,0.7186410596033108,2.475207857266699,0.20184359816987793
1.9117677386088707,0.7186410596033108,2.1636626861999146,0.20184359816987793
1.9117677386088707,0.7186410596033108,2.327157634367224,0.20184359816987793
1.9117677386088707,0.7186410596033108,2.251253783793866,0.20184359816987793
1.9117677386088707,0.7186410596033108,2.188236927097875,0.20184359816987793
1.9117677386088707,0.7186410596033108,2.3054111653081746,0.20184359816987793
1.9117677386088707,0.7487425422375336,2.1593434766200366,0.20184359816987793
1.9117677386088707,0.7487425422375336,2.04410350480884,0.20184359816987793
1.9117677386088707,0.7487425422375336,2.5373365150268166,0.20184359816987793
1.9117677386088707,0.7487425422375336,2.1896174201278185,0.20184359816987793
1.9117677386088707,0.7487425422375336,2.179962514272042,0.20184359816987793
1.9117677386088707,0.7487425422375336,2.1511166306380884,0.20184359816987793
1.9117677386088707,0.7487425422375336,2.00419369907648,0.20184359816987793
1.9117677386088707,0.7487425422375336,2.081222694802856,0.20184359816987793
1.9117677386088707,0.7487425422375336,2.144410064285918,0.20184359816987793
1.9849252712484324,0.7487425422375336,2.1668949608043797,0.20184359816987793
1.9849252712484324,0.7487425422375336,2.2216888306119817,0.20184359816987793
1.9849252712484324,0.7487425422375336,1.9251731094639413,0.20184359816987793
1.9849252712484324,0.7487425422375336,2.2191063382678866,0.20184359816987793
1.9849252712484324,0.7487425422375336,2.0842895996361275,0.20184359816987793
1.737620748596946,0.7487425422375336,2.2785086068899907,0.20184359816987793
1.737620748596946,0.7487425422375336,2.4630248865224806,0.20184359816987793
1.737620748596946,0.7487425422375336,2.377838446743838,0.20184359816987793
1.737620748596946,0.7487425422375336,2.33256310821359,0.20184359816987793
1.737620748596946,0.7487425422375336,2.387407057466402,0.20184359816987793
1.737620748596946,0.7487425422375336,2.4911389524507324,0.20184359816987793
1.737620748596946,0.7487425422375336,2.5003024350901075,0.20184359816987793
1.6596229082448888,0.7487425422375336,2.543597454120075,0.20184359816987793
1.6596229082448888,0.7487425422375336,2.4266038440083073,0.20184359816987793
1.6596229082448888,0.7487425422375336,2.5691792872631325,0.20184359816987793
1.6596229082448888,0.7487425422375336,2.7028113153711937,0.20184359816987793
1.6596229082448888,0.7487425422375336,2.618630145701849,0.20184359816987793
1.6596229082448888,0.7487425422375336,2.8437567017528202,0.20184359816987793
1.6596229082448888,0.7487425422375336,2.527651016294711,0.20184359816987793
1.6596229082448888,0.7487425422375336,2.4072072170370324,0.20184359816987793
1.6596229082448888,0.7487425422375336,2.3220351945666824,0.20184359816987793
1.6596229082448888,0.7487425422375336,2.6150453359400476,0.20184359816987793
1.6596229082448888,0.7487425422375336,2.625565130003971,0.20184359816987793
1.6596229082448888,0.7487425422375336,2.8334525089807356,0.20184359816987793
1.6596229082448888,0.7487425422375336,3.001805875854364,0.20184359816987793
1.6596229082448888,0.7487425422375336,2.4911416553175427,0.20184359816987793
1.6596229082448888,0.7487425422375336,2.445977680133497,0.20184359816987793
1.6596229082448888,0.7487425422375336,2.7146995373307714,0.20184359816987793
1.6596229082448888,0.7487425422375336,2.4585942690692564,0.20184359816987793
1.6596229082448888,0.7487425422375336,2.436338762697436,0.20184359816987793
1.6596229082448888,0.7487425422375336,2.422811886711039,0.20184359816987793
1.6596229082448888,0.7487425422375336,2.676698862422656,0.20184359816987793
1.6596229082448888,0.7487425422375336,2.848289578766806,0.20184359816987793
1.6596229082448888,0.7487425422375336,2.4669456751334518,0.20184359816987793
1.6533969985224843,0.7487425422375336,2.73502739970993,0.20184359816987793
1.6533969985224843,0.7487425422375336,2.530322587145281,0.20184359816987793
1.6533969985224843,0.7487425422375336,2.571070124976212,0.20184359816987793
1.6533969985224843,0.7487425422375336,2.5848848206942736,0.20184359816987793
1.6533969985224843,0.7487425422375336,2.4583721234440734,0.20184359816987793
1.6533969985224843,0.7487425422375336,2.649340775508519,0.20184359816987793
1.6533969985224843,0.7487425422375336,2.7574487248454345,0.20184359816987793
1.6533969985224843,0.7487425422375336,2.6930008354973083,0.20184359816987793
1.6533969985224843,0.7487425422375336,2.4531279911338983,0.20184359816987793
1.6533969985224843,0.7487425422375336,2.470624917383333,0.20184359816987793
1.6533969985224843,0.8212353518987244,2.218987363577772,0.20184359816987793
1.6533969985224843,0.8212353518987244,2.060943008146031,0.20184359816987793
1.6533969985224843,0.8212353518987244,2.1879518552167965,0.20184359816987793
1.6533969985224843,0.8212353518987244,2.12829485668898,0.20184359816987793
1.4226296305754602,0.8212353518987244,2.5888206549806685,0.20184359816987793
1.4226296305754602,0.8212353518987244,2.645038778291171,0.20184359816987793
1.4226296305754602,0.8212353518987244,2.7270818874757907,0.20184359816987793
1.4226296305754602,0.8212353518987244,2.7500895741240803,0.20184359816987793
1.4226296305754602,0.8212353518987244,2.4902561472588953,0.20184359816987793
1.4226296305754602,0.8212353518987244,2.798086048084295,0.20184359816987793
1.4226296305754602,0.8212353518987244,2.8871257849603027,0.20184359816987793
1.4226296305754602,0.8212353518987244,2.899387647362565,0.20184359816987793
1.4226296305754602,0.8212353518987244,2.805486130529763,0.20184359816987793
1.4226296305754602,0.8212353518987244,2.5373730986139553,0.20184359816987793
1.448263431981123,0.8212353518987244,2.6422024709560086,0.20184359816987793
1.448263431981123,0.8212353518987244,2.6383729711066963,0.20184359816987793
1.448263431981123,0.8212353518987244,2.4947472831050206,0.20184359816987793
1.448263431981123,0.8212353518987244,2.7130390795022605,0.20184359816987793
1.448263431981123,0.8212353518987244,2.599955825523577,0.20184359816987793
1.448263431981123,0.8212353518987244,2.5637097437803913,0.20184359816987793
1.448263431981123,0.8463684259782398,2.665647180544947,0.20184359816987793
1.448263431981123,0.8463684259782398,2.825570835207013,0.20184359816987793
1.448263431981123,0.8463684259782398,2.3942045689365754,0.20184359816987793
1.472120939098849,0.8463684259782398,2.4683584295420995,0.20184359816987793
1.472120939098849,0.8463684259782398,2.376474010093031,0.20184359816987793
1.472120939098849,0.8463684259782398,2.595304758521469,0.20184359816987793
1.472120939098849,0.8463684259782398,2.2015070526419716,0.20184359816987793
1.472120939098849,0.8463684259782398,2.341873465683405,0.20184359816987793
1.472120939098849,0.8463684259782398,2.294458035109362,0.20184359816987793
1.472120939098849,0.8463684259782398,2.487468647243378,0.20184359816987793
1.472120939098849,0.8463684259782398,2.56975670825621,0.20184359816987793
1.472120939098849,0.8463684259782398,2.5998760779121834,0.20184359816987793
1.472120939098849,0.8463684259782398,2.5019505332071916,0.20184359816987793
1.472120939098849,0.8463684259782398,2.87440814361134,0.20184359816987793
1.472120939098849,0.8463684259782398,2.348630826239763,0.20184359816987793
1.472120939098849,0.8463684259782398,2.5472819915870977,0.20184359816987793
1.472120939098849,0.8463684259782398,2.3973977382400578,0.20184359816987793
1.472120939098849,0.8463684259782398,2.605125572175395,0.20184359816987793
1.472120939098849,0.8463684259782398,2.3888711907906757,0.20184359816987793
1.4929113393811433,0.8463684259782398,2.440420578846192,0.20184359816987793
1.4929113393811433,0.8463684259782398,2.50160637375063,0.20184359816987793
1.4929113393811433,0.8463684259782398,2.3458490246733015,0.20184359816987793
1.4929113393811433,0.8463684259782398,2.2531547331806623,0.20184359816987793
1.4929113393811433,0.8463684259782398,2.218767741669928,0.20184359816987793
1.402884254381951,0.8463684259782398,2.615339874788583,0.20184359816987793
1.402884254381951,0.8463684259782398,2.8286428716360352,0.20184359816987793
1.6288342063817747,0.8463684259782398,2.2906260623036467,0.20184359816987793
1.70629323798167,0.8463684259782398,2.3134494383303785,0.20184359816987793
1.70629323798167,0.8463684259782398,2.212516221902945,0.20184359816987793
1.70629323798167,0.8463684259782398,2.147742330400384,0.20184359816987793
1.70629323798167,0.8463684259782398,2.2886585433828253,0.20184359816987793
1.70629323798167,0.8463684259782398,1.9314208894075928,0.20184359816987793
1.70629323798167,0.8463684259782398,2.2425745144026448,0.20184359816987793
1.70629323798167,0.8463684259782398,2.162388984434669,0.20184359816987793
1.8297898613016095,0.8463684259782398,1.9958418526247754,0.20184359816987793
1.8297898613016095,0.8275296076134302,1.8635871944557603,0.20184359816987793
1.6580975070492516,0.8275296076134302,2.1106441776406513,0.20184359816987793
1.678345988721924,0.8275296076134302,2.083244754018077,0.20184359816987793
1.633082964434958,0.8275296076134302,2.1132270453144026,0.20184359816987793
1.633082964434958,0.8275296076134302,2.186307127539871,0.20184359816987793
1.633082964434958,0.8275296076134302,2.4056541201433945,0.20184359816987793
1.633082964434958,0.8275296076134302,2.437587480403566,0.20184359816987793
1.633082964434958,0.8275296076134302,2.2866518237400704,0.20184359816987793
1.633082964434958,0.8275296076134302,2.3150554587595913,0.20184359816987793
1.633082964434958,0.8275296076134302,2.2733449295631027,0.20184359816987793
1.633082964434958,0.8275296076134302,2.325577026813653,0.20184359816987793
1.5700478016118922,0.8275296076134302,2.324586288129176,0.20184359816987793
1.5700478016118922,0.8275296076134302,2.496747255174093,0.20184359816987793
1.5700478016118922,0.8275296076134302,2.5832623033766082,0.20184359816987793
1.5345514333829584,0.8275296076134302,2.4798534073383705,0.20184359816987793
1.5345514333829584,0.8275296076134302,2.494589986527142,0.20184359816987793
1.5345514333829584,0.8275296076134302,2.631476930191368,0.20184359816987793
1.5345514333829584,0.8275296076134302,2.3871811152555247,0.20184359816987793
1.5345514333829584,0.8275296076134302,2.476157805991717,0.20184359816987793
1.5345514333829584,0.8275296076134302,2.2309482315941955,0.20184359816987793
1.5345514333829584,0.8275296076134302,2.5006316519119607,0.20184359816987793
1.5345514333829584,0.8275296076134302,2.512431878121083,0.20184359816987793
1.5345514333829584,0.8275296076134302,2.4653670839526605,0.20184359816987793
1.5345514333829584,0.8275296076134302,2.7062075359199276,0.20184359816987793
1.5345514333829584,0.8275296076134302,2.4218303682043922,0.20184359816987793
1.5345514333829584,0.8275296076134302,2.4678372556019905,0.20184359816987793
1.5345514333829584,0.8275296076134302,2.317596613725649,0.20184359816987793
1.5345514333829584,0.8275296076134302,2.474830053472446,0.20184359816987793
1.5345514333829584,0.8275296076134302,2.6357415229558323,0.20184359816987793
1.5345514333829584,0.8275296076134302,2.499445511653592,0.20184359816987793
1.5345514333829584,0.8275296076134302,2.519724655838871,0.20184359816987793
1.5345514333829584,0.8275296076134302,2.447918864028605,0.20184359816987793
1.5345514333829584,0.8275296076134302,2.361546265559195,0.20184359816987793
1.5345514333829584,0.8275296076134302,2.4864349917190323,0.20184359816987793
1.5345514333829584,0.8275296076134302,2.1745829797688105,0.20184359816987793
1.5345514333829584,0.8275296076134302,2.3036557804546125,0.20184359816987793
1.5345514333829584,0.8275296076134302,2.4057269469133593,0.20184359816987793
1.5345514333829584,0.8275296076134302,2.2050215771276527,0.20184359816987793
1.5345514333829584,0.8275296076134302,2.209330511840975,0.20184359816987793
1.5345514333829584,0.8275296076134302,2.615007526381676,0.20184359816987793
1.4725586979647824,0.8275296076134302,2.5124711150297783,0.20184359816987793
1.4725586979647824,0.8275296076134302,2.9093459303680054,0.20184359816987793
1.4725586979647824,0.8275296076134302,2.8529177651969433,0.20184359816987793
1.4725586979647824,0.8275296076134302,2.357768937673873,0.20184359816987793
1.4725586979647824,0.8275296076134302,2.4626801766057906,0.20184359816987793
1.4725586979647824,0.8275296076134302,2.5352426298758375,0.20184359816987793
1.4725586979647824,0.8275296076134302,2.4346922537356352,0.20184359816987793
1.4725586979647824,0.8275296076134302,2.364486647830057,0.20184359816987793
1.4725586979647824,0.8275296076134302,2.6163257605832864,0.20184359816987793
1.4725586979647824,0.8275296076134302,2.5445931159396404,0.20184359816987793
1.6224863441401347,0.8275296076134302,2.4528526883269017,0.20184359816987793
1.6224863441401347,0.8275296076134302,2.140498819901743,0.20184359816987793
1.6224863441401347,0.8275296076134302,2.413773266200893,0.20184359816987793
1.6224863441401347,0.8275296076134302,2.4015370404199907,0.20184359816987793
1.6224863441401347,0.8275296076134302,2.5343520084769904,0.20184359816987793
1.6224863441401347,0.8275296076134302,2.1518381706011773,0.20184359816987793
1.6224863441401347,0.8275296076134302,2.2572301696406347,0.20184359816987793
1.6224863441401347,0.8275296076134302,2.1620186170521483,0.20184359816987793
1.6224863441401347,0.8275296076134302,2.4998205390704014,0.20184359816987793
1.6224863441401347,0.8275296076134302,2.238808504074093,0.20184359816987793
1.6224863441401347,0.8275296076134302,2.268369778825367,0.20184359816987793
1.6224863441401347,0.8275296076134302,2.3093474925923734,0.20184359816987793
1.6224863441401347,0.8275296076134302,2.259820344779198,0.20184359816987793
1.6224863441401347,0.8275296076134302,2.3196658423078205,0.20184359816987793
1.6224863441401347,0.8275296076134302,2.457773178069549,0.20184359816987793
1.6224863441401347,0.8275296076134302,2.3190458406536774,0.20184359816987793
1.6224863441401347,0.8275296076134302,2.480839272757076,0.20184359816987793
1.6224863441401347,0.8275296076134302,2.404484467078504,0.20184359816987793
1.6224863441401347,0.8275296076134302,2.4206201154051006,0.20184359816987793
1.6224863441401347,0.8275296076134302,2.3587403132971274,0.20184359816987793
1.7163655080098177,0.8275296076134302,2.097504018074124,0.20184359816987793
1.7163655080098177,0.8275296076134302,2.2626714475366367,0.20184359816987793
1.7163655080098177,0.8275296076134302,2.310955342162752,0.20184359816987793
1.7163655080098177,0.8275296076134302,2.315654691516302,0.20184359816987793
1.7163655080098177,0.8275296076134302,2.1681612445462837,0.20184359816987793
1.7163655080098177,0.8275296076134302,2.10377097920317,0.20184359816987793
1.6058295630594563,0.8275296076134302,2.299689165713306,0.20184359816987793
1.6058295630594563,0.8275296076134302,2.2285131101953595,0.20184359816987793
1.6058295630594563,0.8275296076134302,2.5249344593208614,0.20184359816987793
1.6058295630594563,0.8275296076134302,2.395556872678965,0.20184359816987793
1.6058295630594563,0.8275296076134302,2.2175213609091484,0.20184359816987793
1.6058295630594563,0.8275296076134302,2.3620472858520594,0.20184359816987793
1.6058295630594563,0.8275296076134302,2.7540985892481666,0.20184359816987793
1.6058295630594563,0.8275296076134302,2.1906417763460597,0.20184359816987793
1.6058295630594563,0.8275296076134302,2.0687870077099224,0.20184359816987793
1.6058295630594563,0.8275296076134302,2.1533101079336188,0.20184359816987793
1.6058295630594563,0.8275296076134302,2.4183683782204213,0.20184359816987793
1.6058295630594563,0.8275296076134302,2.0939507176140415,0.20184359816987793
1.6058295630594563,0.8275296076134302,2.497483338225082,0.20184359816987793
1.6058295630594563,0.8275296076134302,2.2623934497313423,0.20184359816987793
1.6058295630594563,0.8275296076134302,2.5723576181111274,0.20184359816987793
1.6058295630594563,0.8275296076134302,2.61220468580919,0.20184359816987793
1.6058295630594563,0.8275296076134302,2.5311805947842974,0.20184359816987793
1.6058295630594563,0.8275296076134302,2.3871217188048957,0.20184359816987793
1.6058295630594563,0.8275296076134302,2.25633828994769,0.20184359816987793
1.6058295630594563,0.8275296076134302,2.4786933042076917,0.20184359816987793
1.6717237609738598,0.7618764538176623,2.3982227039805823,0.20184359816987793
2.1843688848194582,0.7618764538176623,2.126678131425174,0.20184359816987793
2.1843688848194582,0.7618764538176623,1.8801354740645957,0.20184359816987793
2.1843688848194582,0.7618764538176623,1.913284007462724,0.20184359816987793
2.1843688848194582,0.7618764538176623,1.948270126686605,0.20184359816987793
2.1843688848194582,0.7618764538176623,1.8340434552020224,0.20184359816987793
2.1188540017968807,0.7618764538176623,1.903237792808321,0.20184359816987793
2.1188540017968807,0.7618764538176623,1.856367971379392,0.20184359816987793
2.1188540017968807,0.7618764538176623,2.0369061668777344,0.20184359816987793
2.1188540017968807,0.7618764538176623,1.8188914351611853,0.20184359816987793
2.1188540017968807,0.7618764538176623,1.9383805939671364,0.20184359816987793
2.1188540017968807,0.7618764538176623,2.020007004833335,0.20184359816987793
2.1188540017968807,0.7618764538176623,2.0207603584871094,0.20184359816987793
2.1188540017968807,0.7618764538176623,2.163999416756856,0.20184359816987793
2.1188540017968807,0.7618764538176623,1.9897843243793012,0.20184359816987793
2.1188540017968807,0.7618764538176623,1.9528957813717736,0.20184359816987793
2.1188540017968807,0.7618764538176623,1.9242440845709377,0.20184359816987793
2.22213218318334,0.7618764538176623,1.8608185104347534,0.20184359816987793
2.22213218318334,0.7618764538176623,1.9351417174908512,0.20184359816987793
2.0678363311887398,0.7618764538176623,1.9221907585479485,0.20184359816987793
1.7060591795801812,0.7618764538176623,2.1717515644528707,0.20184359816987793
1.6856030698555995,0.7618764538176623,2.5375037142192216,0.20184359816987793
1.6856030698555995,0.7618764538176623,2.2859569106659547,0.20184359816987793
1.6825322460747005,0.7618764538176623,2.2217884846290725,0.20184359816987793
1.6825322460747005,0.7618764538176623,2.5488956992559615,0.20184359816987793
1.6825322460747005,0.7618764538176623,2.5681461619127557,0.20184359816987793
1.6825322460747005,0.7618764538176623,2.53530712717435,0.20184359816987793
1.6825322460747005,0.7618764538176623,2.242489554737377,0.20184359816987793
1.6825322460747005,0.7618764538176623,2.5901231895252264,0.20184359816987793
1.6825322460747005,0.7618764538176623,2.314100807310479,0.20184359816987793
1.6825322460747005,0.7618764538176623,2.3110364552296017,0.20184359816987793
1.6825322460747005,0.7618764538176623,2.575271450534017,0.20184359816987793
1.6825322460747005,0.7618764538176623,2.558876327534012,0.20184359816987793
1.6825322460747005,0.7618764538176623,2.3433554510354475,0.20184359816987793
1.6825322460747005,0.7618764538176623,2.365395702442527,0.20184359816987793
1.6825322460747005,0.7618764538176623,2.437345943734226,0.20184359816987793
1.6825322460747005,0.7618764538176623,2.5404229904204354,0.20184359816987793
1.6825322460747005,0.7618764538176623,2.284337932716382,0.20184359816987793
1.6825322460747005,0.7618764538176623,2.5218614696402826,0.20184359816987793
1.6825322460747005,0.7618764538176623,2.3127196773093592,0.20184359816987793
1.6825322460747005,0.7618764538176623,2.397739389528427,0.20184359816987793
1.6825322460747005,0.7618764538176623,2.4819352409410533,0.20184359816987793
1.6825322460747005,0.7618764538176623,2.379168737776686,0.20184359816987793
1.6825322460747005,0.7618764538176623,2.253899879632318,0.20184359816987793
1.6825322460747005,0.7618764538176623,2.386745897850404,0.20184359816987793
1.6825322460747005,0.7590394568275035,2.5157356568478675,0.20184359816987793
1.6825322460747005,0.7590394568275035,2.5233838668796147,0.20184359816987793
1.6825322460747005,0.7590394568275035,2.5487068709674974,0.20184359816987793
1.6825322460747005,0.7590394568275035,2.3687133158723594,0.20184359816987793
1.864753690835822,0.7590394568275035,2.357173452836149,0.20184359816987793
1.9069545190168244,0.7590394568275035,2.158667263389035,0.20184359816987793
1.9069545190168244,0.7590394568275035,2.057501166183141,0.20184359816987793
1.9069545190168244,0.7590394568275035,2.3304378867112905,0.20184359816987793
1.9069545190168244,0.7590394568275035,2.1289953712374885,0.20184359816987793
2.0794744807310885,0.7590394568275035,2.0780708562774857,0.20184359816987793
2.0794744807310885,0.7590394568275035,1.9636542445781604,0.20184359816987793
2.0794744807310885,0.7590394568275035,2.1702647653894047,0.20184359816987793
2.0794744807310885,0.7590394568275035,1.9808396551426708,0.20184359816987793
2.3177935727549306,0.7681991450874742,1.7580940670981904,0.20184359816987793
2.3177935727549306,0.7681991450874742,1.8019031576740503,0.20184359816987793
2.3177935727549306,0.7681991450874742,1.6659829013811054,0.20184359816987793
2.3177935727549306,0.7681991450874742,1.8912490563771558,0.20184359816987793
2.3177935727549306,0.7085236550508893,1.8828428784489015,0.20184359816987793
2.3177935727549306,0.7085236550508893,2.034175258859928,0.20184359816987793
2.3177935727549306,0.7085236550508893,2.0763648010215174,0.20184359816987793
2.3177935727549306,0.6797609219405361,2.11219679326292,0.20184359816987793
2.3177935727549306,0.6797609219405361,1.9957788179809441,0.20184359816987793
2.3177935727549306,0.6797609219405361,1.8982097942788487,0.20184359816987793
2.0602506785691963,0.6797609219405361,2.0937156706031774,0.20184359816987793
2.0602506785691963,0.6671197638690994,2.19938746372077,0.20184359816987793
2.0602506785691963,0.6671197638690994,2.2731535762038595,0.20184359816987793
2.0602506785691963,0.6671197638690994,2.3077710364989974,0.20184359816987793
2.0602506785691963,0.6671197638690994,2.270140530044165,0.20184359816987793
2.0602506785691963,0.6671197638690994,2.2777781249768294,0.20184359816987793
2.0602506785691963,0.6671197638690994,2.0623334893648035,0.20184359816987793
2.0602506785691963,0.6671197638690994,2.229715034582233,0.20184359816987793
2.0602506785691963,0.6671197638690994,2.4100155911790786,0.20184359816987793
2.0602506785691963,0.6671197638690994,1.9290759764112513,0.20184359816987793
2.0602506785691963,0.6671197638690994,2.494030791342558,0.20184359816987793
2.027959234532636,0.6671197638690994,2.3892618802892165,0.20184359816987793
2.027959234532636,0.6671197638690994,2.1936685423240183,0.20184359816987793
2.027959234532636,0.6671197638690994,2.367151279035773,0.20184359816987793
2.027959234532636,0.6671197638690994,2.151792339573174,0.20184359816987793
2.027959234532636,0.6671197638690994,2.1522949665621858,0.20184359816987793
2.027959234532636,0.6671197638690994,2.1045740071226393,0.20184359816987793
2.027959234532636,0.6671197638690994,2.39162246514379,0.20184359816987793
2.027959234532636,0.6671197638690994,2.0835216312760427,0.20184359816987793
2.027959234532636,0.6671197638690994,2.3376638141354187,0.20184359816987793
2.027959234532636,0.6671197638690994,2.2215160473128766,0.20184359816987793
2.027959234532636,0.6671197638690994,2.3495494169890403,0.20184359816987793
2.027959234532636,0.6671197638690994,2.497506646572046,0.20184359816987793
2.027959234532636,0.6671197638690994,2.6395298424641025,0.20184359816987793
2.027959234532636,0.6671197638690994,2.4098183932440667,0.20184359816987793
2.027959234532636,0.6671197638690994,2.3392531131736924,0.20184359816987793
2.027959234532636,0.6671197638690994,2.1365922558361183,0.20184359816987793
2.027959234532636,0.6671197638690994,1.9631367238688018,0.20307271932392487
2.027959234532636,0.6671197638690994,2.333841010615794,0.20307271932392487
2.027959234532636,0.6671197638690994,2.132689214938081,0.20307271932392487
2.167281160174359,0.6671197638690994,2.148033546633555,0.20307271932392487
2.167281160174359,0.6671197638690994,2.229150503338212,0.20307271932392487
2.167281160174359,0.6671197638690994,2.1189571267171274,0.20307271932392487
2.167281160174359,0.6671197638690994,2.0348543356665063,0.20307271932392487
2.167281160174359,0.6671197638690994,2.256041917706724,0.20307271932392487
2.167281160174359,0.6671197638690994,2.2615435818239926,0.20307271932392487
2.167281160174359,0.6671197638690994,2.194603582435381,0.20307271932392487
2.109560139284225,0.6671197638690994,2.1358441347968125,0.20307271932392487
2.109560139284225,0.6671197638690994,2.3013953443634385,0.20307271932392487
2.109560139284225,0.6671197638690994,2.231510165731617,0.20307271932392487
2.109560139284225,0.6671197638690994,2.2152361717397366,0.20307271932392487
2.109560139284225,0.6671197638690994,2.5688540907179203,0.20307271932392487
2.1075614898711152,0.6671197638690994,2.4496866431650814,0.20307271932392487
2.2343138605763455,0.6671197638690994,2.1542100832232545,0.20307271932392487
2.2343138605763455,0.6671197638690994,2.0686047964072705,0.20307271932392487
2.2343138605763455,0.6671197638690994,2.1286351869402886,0.20307271932392487
2.091355404978747,0.6671197638690994,2.1288715313015314,0.20307271932392487
2.091355404978747,0.6671197638690994,2.211144837010397,0.20307271932392487
2.091355404978747,0.6671197638690994,2.380642881749178,0.20307271932392487
2.091355404978747,0.6671197638690994,2.3358927996610737,0.20307271932392487
2.091355404978747,0.6671197638690994,2.423915255499102,0.20307271932392487
2.091355404978747,0.6671197638690994,2.05522443372823,0.20307271932392487
2.091355404978747,0.6671197638690994,2.328659367482486,0.20307271932392487
2.091355404978747,0.6671197638690994,2.145333139622535,0.20307271932392487
2.091355404978747,0.6849550140992731,2.2351464379551387,0.20307271932392487
2.091355404978747,0.6849550140992731,2.1382620117391915,0.20307271932392487
2.091355404978747,0.6849550140992731,2.3086977322457853,0.20307271932392487
2.091355404978747,0.6849550140992731,2.1329316056087992,0.20438137571374848
2.091355404978747,0.6849550140992731,2.1319545651981517,0.20438137571374848
2.091355404978747,0.6849550140992731,2.1723564781119022,0.20438137571374848
2.091355404978747,0.6849550140992731,2.031873012525182,0.20438137571374848
2.091355404978747,0.6849550140992731,2.0049008091290625,0.20438137571374848
2.091355404978747,0.6849550140992731,2.1521173235543523,0.20438137571374848
2.091355404978747,0.6849550140992731,2.479915600549788,0.20438137571374848
2.091355404978747,0.6849550140992731,2.015042866094659,0.20438137571374848
2.215639237456391,0.6849550140992731,2.049381578615285,0.20438137571374848
1.9001551662947047,0.6849550140992731,2.27532122297057,0.20438137571374848
1.9001551662947047,0.6849550140992731,2.624979652209635,0.20438137571374848
1.9001551662947047,0.6849550140992731,2.3616270051464507,0.20438137571374848
1.9001551662947047,0.6849550140992731,2.378830320252235,0.20438137571374848
1.9001551662947047,0.6849550140992731,2.424161431635602,0.20438137571374848
1.9001551662947047,0.6849550140992731,2.5641118208823506,0.20438137571374848
1.9001551662947047,0.6849550140992731,2.4472396059285253,0.20438137571374848
1.9001551662947047,0.6849550140992731,2.346766730507118,0.20438137571374848
1.9001551662947047,0.6849550140992731,2.6213902688603548,0.20438137571374848
1.9001551662947047,0.6849550140992731,2.358798232637355,0.20438137571374848
1.9001551662947047,0.6849550140992731,2.3666522900562312,0.20438137571374848
1.9001551662947047,0.6849550140992731,2.2111058910810413,0.20438137571374848
1.9479206570107812,0.6849550140992731,2.3817290754555347,0.20438137571374848
1.9479206570107812,0.6849550140992731,2.310450290196257,0.20438137571374848
1.9479206570107812,0.6849550140992731,2.7412925843035056,0.20438137571374848
1.9479206570107812,0.6849550140992731,2.210298961313467,0.20438137571374848
1.9479206570107812,0.6849550140992731,2.4162437608674616,0.20438137571374848
1.9479206570107812,0.6849550140992731,2.3137289826489176,0.20438137571374848
1.9479206570107812,0.6849550140992731,2.2312534607814896,0.20438137571374848
1.9479206570107812,0.6849550140992731,2.2781135770705587,0.20438137571374848
1.9479206570107812,0.6849550140992731,2.2774984201524355,0.20438137571374848
1.9479206570107812,0.6849550140992731,2.199788721298891,0.20438137571374848
1.9479206570107812,0.6849550140992731,2.198039825302211,0.20438137571374848
1.9479206570107812,0.6849550140992731,2.3873100100617846,0.20438137571374848
1.9479206570107812,0.6849550140992731,2.3136972120665127,0.20438137571374848
1.9479206570107812,0.6849550140992731,2.2083158236118288,0.20438137571374848
1.9479206570107812,0.6849550140992731,2.5184778896932656,0.20438137571374848
1.9479206570107812,0.6849550140992731,2.273882835348428,0.20438137571374848
1.9479206570107812,0.6849550140992731,2.195590084490319,0.20438137571374848
1.9479206570107812,0.6849550140992731,2.3286883672500744,0.20438137571374848
1.9479206570107812,0.7488079161780169,2.189467791478229,0.20438137571374848
1.9479206570107812,0.7488079161780169,2.153827658354799,0.20438137571374848
1.9479206570107812,0.7488079161780169,1.9527339719138885,0.20438137571374848
1.9479206570107812,0.7488079161780169,2.223775500347424,0.20438137571374848
1.9479206570107812,0.7488079161780169,2.1578816871556237,0.20438137571374848
1.9479206570107812,0.7740295875997418,2.281098915874215,0.20438137571374848
1.9479206570107812,0.7740295875997418,2.2441086305547073,0.20438137571374848
1.9479206570107812,0.7740295875997418,2.189404963280684,0.20438137571374848
1.9479206570107812,0.7740295875997418,2.1133249712924345,0.20438137571374848
2.0009957628399064,0.7740295875997418,2.1344190190915753,0.20438137571374848
2.0009957628399064,0.7740295875997418,2.00241097256386,0.20438137571374848
2.0009957628399064,0.7740295875997418,2.0895287710375827,0.20438137571374848
2.0009957628399064,0.7740295875997418,2.1100078928096884,0.20438137571374848
2.0009957628399064,0.7740295875997418,2.100918486163796,0.20438137571374848
2.0009957628399064,0.7740295875997418,2.1248307005842033,0.20438137571374848
2.0009957628399064,0.7740295875997418,1.8363346843663653,0.20438137571374848
2.0009957628399064,0.7740295875997418,2.0422834033253148,0.20438137571374848
1.9046847907244313,0.7740295875997418,2.061732757321801,0.20438137571374848
1.9046847907244313,0.7740295875997418,2.241195244335731,0.20438137571374848
1.9046847907244313,0.7740295875997418,2.2233273370017113,0.20438137571374848
1.9046847907244313,0.7740295875997418,2.1897723768463684,0.20438137571374848
1.9046847907244313,0.7740295875997418,2.4001692424459526,0.20438137571374848
1.9046847907244313,0.7740295875997418,1.9017504108489267,0.20438137571374848
1.9046847907244313,0.7740295875997418,2.1762872258227484,0.20438137571374848
1.9046847907244313,0.7740295875997418,2.0502126176790707,0.20438137571374848
1.9046847907244313,0.7740295875997418,1.988008215120792,0.20438137571374848
1.9046847907244313,0.7740295875997418,2.209147808766843,0.20438137571374848
1.9046847907244313,0.7740295875997418,2.2155780862556327,0.20438137571374848
1.9046847907244313,0.7740295875997418,2.234170872128578,0.20438137571374848
1.9046847907244313,0.7740295875997418,2.103119475537655,0.20438137571374848
1.9046847907244313,0.7740295875997418,2.199294028485684,0.20438137571374848
1.9046847907244313,0.7740295875997418,2.112236934184421,0.20438137571374848
1.9046847907244313,0.7740295875997418,2.1810089076900105,0.20438137571374848
1.9046847907244313,0.7740295875997418,2.2963306784785438,0.20438137571374848
1.9046847907244313,0.7740295875997418,2.2601508293634005,0.20438137571374848
1.9046847907244313,0.7740295875997418,2.1856921965255403,0.20438137571374848
1.9046847907244313,0.7740295875997418,2.074593125895247,0.20438137571374848
1.9351413269127073,0.7740295875997418,2.0341615043187007,0.20438137571374848
1.9351413269127073,0.7740295875997418,2.1775951579815462,0.20438137571374848
1.9351413269127073,0.7740295875997418,2.1727257253695713,0.20438137571374848
1.9351413269127073,0.7740295875997418,1.9460261642770604,0.20438137571374848
1.9057881219095019,0.7740295875997418,2.1821872865954615,0.20438137571374848
1.9069484491808049,0.7740295875997418,2.0857714622627785,0.20438137571374848
1.9069484491808049,0.7740295875997418,2.055146210640313,0.20438137571374848
1.9069484491808049,0.7740295875997418,2.121160300378542,0.20438137571374848
1.9069484491808049,0.7740295875997418,2.043526227708684,0.20438137571374848
1.9069484491808049,0.7740295875997418,1.9604245461717797,0.20438137571374848
1.9069484491808049,0.7740295875997418,2.2698802628331096,0.20438137571374848
1.9069484491808049,0.7740295875997418,2.2952236440676583,0.20438137571374848
1.9069484491808049,0.7740295875997418,2.1159928607547105,0.20438137571374848
1.8122660555053312,0.7740295875997418,2.185272818750006,0.20438137571374848
1.8122660555053312,0.8144080852561164,2.1530444815364858,0.20438137571374848
1.8122660555053312,0.8144080852561164,2.098981225878438,0.20438137571374848
1.8122660555053312,0.8144080852561164,2.1508370374657395,0.20438137571374848
1.8122660555053312,0.8144080852561164,2.1478233997604503,0.20438137571374848
1.8122660555053312,0.8144080852561164,2.0469613492692784,0.20438137571374848
1.8122660555053312,0.8144080852561164,2.3454415486052915,0.20438137571374848
1.8122660555053312,0.8144080852561164,2.2781861070805443,0.20438137571374848
1.8122660555053312,0.8144080852561164,2.0482640409405604,0.20438137571374848
1.8400318262422617,0.8144080852561164,2.2283520773877465,0.20438137571374848
1.8400318262422617,0.8144080852561164,1.8810264607477911,0.20438137571374848
1.8400318262422617,0.8144080852561164,1.93120101729763,0.20438137571374848
1.8400318262422617,0.8144080852561164,2.0152766641925046,0.20438137571374848
1.8400318262422617,0.8144080852561164,2.070856554813762,0.20438137571374848
1.8400318262422617,0.8144080852561164,2.1599098020499494,0.20438137571374848
1.7564687317396297,0.8144080852561164,2.1402197372728518,0.20438137571374848
1.7564687317396297,0.8144080852561164,2.153195044555414,0.20438137571374848
1.7564687317396297,0.8144080852561164,2.266716944227317,0.20438137571374848
1.7564687317396297,0.8144080852561164,2.0157993675020403,0.20438137571374848
1.7564687317396297,0.8144080852561164,1.9920214190869414,0.20438137571374848
1.7564687317396297,0.8144080852561164,2.1520826453143327,0.20438137571374848
1.718078141493887,0.8144080852561164,2.276570534819615,0.20438137571374848
1.718078141493887,0.8144080852561164,2.4760856708522914,0.20438137571374848
1.718078141493887,0.8144080852561164,2.1533167553908146,0.20438137571374848
1.718078141493887,0.8144080852561164,2.4134900949918565,0.20438137571374848
1.718078141493887,0.7899059788891934,2.339635895026275,0.20438137571374848
1.718078141493887,0.7899059788891934,2.3463223333963685,0.20438137571374848
1.718078141493887,0.7899059788891934,2.231136979194233,0.20438137571374848
1.718078141493887,0.7899059788891934,2.339057658263752,0.20438137571374848
1.718078141493887,0.7899059788891934,2.1976341952863363,0.20438137571374848
1.718078141493887,0.7899059788891934,2.1318499391681653,0.20438137571374848
1.718078141493887,0.7899059788891934,2.3176051315052346,0.20438137571374848
1.718078141493887,0.7899059788891934,2.361628625847955,0.20438137571374848
1.718078141493887,0.7899059788891934,2.7421382496865436,0.20438137571374848
1.718078141493887,0.7965422720129063,2.122094348136982,0.20438137571374848
1.718078141493887,0.7965422720129063,2.1568999811138063,0.20438137571374848
1.718078141493887,0.7965422720129063,2.189444569950385,0.20438137571374848
1.7942917719006775,0.7965422720129063,2.533418978781168,0.20438137571374848
1.8159655253360676,0.8097992373929724,2.127966338163802,0.20438137571374848
1.8159655253360676,0.7299352348451853,2.3019978434892163,0.20438137571374848
1.8159655253360676,0.7299352348451853,2.346500546261886,0.20438137571374848
1.8159655253360676,0.7299352348451853,2.5822004525751105,0.20438137571374848
1.8159655253360676,0.7299352348451853,2.483595579471289,0.20438137571374848
1.8159655253360676,0.7299352348451853,2.316149004901761,0.20438137571374848
1.8159655253360676,0.7299352348451853,2.1341001699225663,0.20438137571374848
1.8159655253360676,0.7299352348451853,2.4642843343161673,0.20438137571374848
1.8159655253360676,0.7299352348451853,2.2011771252822028,0.20438137571374848
1.8159655253360676,0.7299352348451853,2.1086242766964163,0.20438137571374848
1.8159655253360676,0.7299352348451853,2.406556798021235,0.20438137571374848
1.8159655253360676,0.7299352348451853,2.3285717864743973,0.20438137571374848
1.8159655253360676,0.7299352348451853,2.490357023008476,0.20438137571374848
1.8159655253360676,0.7299352348451853,2.57541516738867,0.20438137571374848
1.8159655253360676,0.7299352348451853,2.2915679874876025,0.20438137571374848
1.8159655253360676,0.7299352348451853,2.298085108884179,0.20438137571374848
1.8159655253360676,0.7299352348451853,2.2934860033489484,0.20438137571374848
1.8159655253360676,0.7299352348451853,2.425511796636569,0.20438137571374848
1.8159655253360676,0.7299352348451853,2.4064317311164527,0.20438137571374848
1.8159655253360676,0.7299352348451853,2.307150047646141,0.20438137571374848
1.8159655253360676,0.7299352348451853,2.148856340442489,0.20438137571374848
1.8159655253360676,0.7299352348451853,2.515604444644378,0.20438137571374848
1.8159655253360676,0.7299352348451853,2.51228959948839,0.20438137571374848
1.8159655253360676,0.7299352348451853,2.201234498278719,0.20438137571374848
1.8159655253360676,0.7299352348451853,2.2839264017911916,0.20438137571374848
1.8159655253360676,0.7299352348451853,2.529967882916095,0.20438137571374848
1.8159655253360676,0.7299352348451853,2.624128917177263,0.20438137571374848
1.8159655253360676,0.7299352348451853,2.437352296023537,0.20438137571374848
1.8159655253360676,0.7299352348451853,2.2846681188160938,0.20438137571374848
1.895308535410956,0.7299352348451853,2.490261193244203,0.20438137571374848
1.895308535410956,0.7299352348451853,2.2548122995052444,0.20438137571374848
1.895308535410956,0.7299352348451853,2.2411316160761854,0.20438137571374848
1.895308535410956,0.7299352348451853,2.3137022450062443,0.20438137571374848
1.8770721072267302,0.7299352348451853,2.3098453337140974,0.20254040479351307
1.8770721072267302,0.7299352348451853,2.1029830404955656,0.20254040479351307
1.8770721072267302,0.7299352348451853,2.3913304990294164,0.20254040479351307
1.8770721072267302,0.7299352348451853,2.350344430832756,0.20254040479351307
1.8770721072267302,0.7299352348451853,2.572938210771132,0.20254040479351307
1.8770721072267302,0.7299352348451853,2.3125172390432023,0.20254040479351307
1.8633304671886488,0.7299352348451853,2.6002287158052524,0.20254040479351307
1.8633304671886488,0.7299352348451853,2.351062379707189,0.20254040479351307
1.8633304671886488,0.7299352348451853,2.347483032918296,0.20254040479351307
1.8633304671886488,0.7299352348451853,2.1405934846242243,0.20254040479351307
1.8633304671886488,0.7299352348451853,2.247791990038292,0.20254040479351307
1.8633304671886488,0.7299352348451853,2.373433007226841,0.20254040479351307
1.8633304671886488,0.7299352348451853,2.2094310089722144,0.20254040479351307
1.8633304671886488,0.763589124834782,2.1610502586001537,0.20254040479351307
1.7442862799690817,0.763589124834782,2.640921849981171,0.20254040479351307
1.7442862799690817,0.763589124834782,2.3471493913160484,0.20254040479351307
1.7442862799690817,0.763589124834782,2.5380888988994457,0.20254040479351307
1.7442862799690817,0.763589124834782,2.2293306038507397,0.20254040479351307
1.7442862799690817,0.763589124834782,2.6478462602826243,0.20254040479351307
1.7442862799690817,0.763589124834782,2.2317655253305073,0.20254040479351307
1.7442862799690817,0.763589124834782,2.5028213841628477,0.20254040479351307
1.7442862799690817,0.763589124834782,2.1677254888636237,0.20254040479351307
1.7442862799690817,0.763589124834782,2.2059044209567897,0.20254040479351307
1.7442862799690817,0.763589124834782,2.5853023629286973,0.20254040479351307
1.7442862799690817,0.763589124834782,2.414224757621615,0.20254040479351307
1.7442862799690817,0.763589124834782,2.2864350222235745,0.20254040479351307
1.7442862799690817,0.763589124834782,2.3956532788393243,0.20254040479351307
1.7442862799690817,0.763589124834782,2.172643781075919,0.20254040479351307
1.7442862799690817,0.763589124834782,2.1830811049736862,0.20254040479351307
1.7442862799690817,0.763589124834782,2.520173536081548,0.20254040479351307
1.7442862799690817,0.7477883827582963,2.378689086626468,0.20254040479351307
1.7442862799690817,0.7477883827582963,2.58159800040726,0.20254040479351307
1.8734623224235998,0.7477883827582963,2.2932298548163743,0.20254040479351307
1.8734623224235998,0.7477883827582963,2.1830331712728497,0.20254040479351307
1.8734623224235998,0.7477883827582963,2.359202744132315,0.20254040479351307
1.8734623224235998,0.7477883827582963,2.446802126766996,0.20254040479351307
1.8734623224235998,0.7477883827582963,2.1457971710842747,0.20254040479351307
1.8734623224235998,0.7477883827582963,2.2346587425872113,0.20254040479351307
1.8734623224235998,0.7477883827582963,2.0777504871328842,0.20254040479351307
1.8734623224235998,0.7477883827582963,2.190993356809822,0.20254040479351307
1.8734623224235998,0.7477883827582963,2.2899439121411125,0.20254040479351307
1.6819859107651571,0.7477883827582963,2.3823078467502805,0.20254040479351307
1.6819859107651571,0.7477883827582963,2.4443829844254434,0.20254040479351307
1.6819859107651571,0.7477883827582963,2.5278649279797536,0.20254040479351307
1.6819859107651571,0.7477883827582963,2.7517801016685364,0.20254040479351307
1.6819859107651571,0.7477883827582963,2.422864563018416,0.20254040479351307
1.6819859107651571,0.7477883827582963,2.415254056160969,0.20254040479351307
1.6819859107651571,0.7477883827582963,2.259389584969916,0.20254040479351307
1.6819859107651571,0.7477883827582963,2.429478913082614,0.20254040479351307
1.6819859107651571,0.7477883827582963,2.48178398613397,0.20254040479351307
1.6819859107651571,0.7477883827582963,2.5611872578070867,0.20254040479351307
1.6819859107651571,0.7477883827582963,2.487977352937065,0.20254040479351307
1.6819859107651571,0.7477883827582963,2.465206064881088,0.20254040479351307
1.6819859107651571,0.7477883827582963,2.4280563320138944,0.20254040479351307
1.6819859107651571,0.7477883827582963,2.8062472437480737,0.20254040479351307
1.6819859107651571,0.7477883827582963,2.469687966218077,0.20254040479351307
1.6819859107651571,0.7477883827582963,2.486623631775122,0.20254040479351307
1.6819859107651571,0.7477883827582963,2.3931477594065558,0.20254040479351307
1.6819859107651571,0.7477883827582963,2.4617710766051086,0.20254040479351307
1.6819859107651571,0.7477883827582963,2.3293571267124014,0.20254040479351307
1.6819859107651571,0.7477883827582963,2.7291211453367836,0.20254040479351307
1.6819859107651571,0.7477883827582963,2.297677694966339,0.20254040479351307
1.6819859107651571,0.7477883827582963,2.449579005798374,0.20254040479351307
1.6819859107651571,0.7477883827582963,2.473921055851871,0.20254040479351307
1.6819859107651571,0.7477883827582963,2.6081061996013952,0.20254040479351307
1.6819859107651571,0.7477883827582963,2.618220106891006,0.20254040479351307
1.6819859107651571,0.7477883827582963,2.4170609751514984,0.20254040479351307
1.6819859107651571,0.7477883827582963,2.6043252674619732,0.20254040479351307
1.6819859107651571,0.7477883827582963,2.4004918902373884,0.20254040479351307
1.6819859107651571,0.7477883827582963,2.7051700895355086,0.20254040479351307
1.6819859107651571,0.7477883827582963,2.4418676736144764,0.20254040479351307
1.6819859107651571,0.7477883827582963,2.628864762524881,0.20254040479351307
1.6819859107651571,0.7477883827582963,2.807671944777359,0.20254040479351307
1.6819859107651571,0.7477883827582963,2.6061168344488106,0.20254040479351307
1.6819859107651571,0.7477883827582963,2.576742296574379,0.20254040479351307
1.6819859107651571,0.7477883827582963,2.6011198988886473,0.20254040479351307
1.6819859107651571,0.7477883827582963,2.427356739794824,0.20254040479351307
1.6819859107651571,0.7477883827582963,2.755125150386413,0.20254040479351307
1.6819859107651571,0.7477883827582963,2.520824807291413,0.20254040479351307
1.6819859107651571,0.7477883827582963,2.744675813511688,0.20254040479351307
1.6819859107651571,0.7477883827582963,2.7283603855555225,0.20254040479351307
1.6819859107651571,0.7477883827582963,2.5976173338788833,0.20254040479351307
1.6819859107651571,0.7477883827582963,2.4526308189748796,0.20254040479351307
1.6819859107651571,0.7477883827582963,2.3867556788576345,0.20254040479351307
1.6819859107651571,0.7477883827582963,2.704366046797331,0.20254040479351307
1.6641579217630689,0.7477883827582963,2.573237721525826,0.20254040479351307
1.6641579217630689,0.7477883827582963,2.766701380456558,0.20254040479351307
1.6641579217630689,0.7477883827582963,2.700814386721096,0.20254040479351307
1.6641579217630689,0.7477883827582963,2.2750895823800645,0.20254040479351307
1.6641579217630689,0.7477883827582963,2.598317501528188,0.20254040479351307
1.6641579217630689,0.7482441213017693,2.211445874123962,0.20254040479351307
1.6641579217630689,0.7482441213017693,2.521161195417315,0.20254040479351307
1.6641579217630689,0.7482441213017693,2.656398197981901,0.20254040479351307
1.6641579217630689,0.7482441213017693,2.343422758994283,0.20254040479351307
1.6641579217630689,0.7482441213017693,2.5696038768598846,0.20254040479351307
1.6641579217630689,0.7482441213017693,2.3855268648281185,0.20254040479351307
1.6641579217630689,0.7482441213017693,2.540006081187489,0.20254040479351307
1.6641579217630689,0.7482441213017693,2.551399628630437,0.20254040479351307
1.6641579217630689,0.7482441213017693,2.50723267731265,0.20254040479351307
1.9528417753917755,0.7482441213017693,2.39431822971741,0.20254040479351307
1.8945683603502854,0.7482441213017693,2.337039551648834,0.20254040479351307
1.8945683603502854,0.7482441213017693,2.2218330373201134,0.20254040479351307
1.8945683603502854,0.7482441213017693,2.4082879022666734,0.20254040479351307
1.8945683603502854,0.7482441213017693,2.3607173460075894,0.20254040479351307
1.8945683603502854,0.7482441213017693,2.1731075830080675,0.20254040479351307
1.8945683603502854,0.7482441213017693,2.2227626037570745,0.20254040479351307
1.8945683603502854,0.7482441213017693,2.034189898309775,0.20254040479351307
1.7449583166161136,0.7482441213017693,2.2776882638756737,0.20254040479351307
1.7449583166161136,0.7482441213017693,2.3699335720801074,0.20254040479351307
1.7449583166161136,0.7482441213017693,2.4105635873582734,0.20254040479351307
1.7449583166161136,0.7482441213017693,2.4538584447994998,0.20254040479351307
1.7449583166161136,0.7482441213017693,2.251400606744544,0.20254040479351307
1.7449583166161136,0.7482441213017693,2.2875178312094637,0.20254040479351307
1.7449583166161136,0.7482441213017693,2.4300507532389664,0.20254040479351307
1.910660672978651,0.7482441213017693,2.193831135238376,0.20254040479351307
1.910660672978651,0.7482441213017693,2.287468656952026,0.20254040479351307
1.910660672978651,0.7482441213017693,2.146462208211907,0.20254040479351307
1.910660672978651,0.7482441213017693,2.2140721577276734,0.20254040479351307
1.910660672978651,0.7482441213017693,2.0264354728256855,0.20254040479351307
1.910660672978651,0.7482441213017693,2.188925620786866,0.20254040479351307
1.910660672978651,0.7367750297248697,2.162901141823582,0.20254040479351307
1.910660672978651,0.7367750297248697,2.2415259047167555,0.20254040479351307
1.910660672978651,0.7367750297248697,2.0600738998350896,0.20254040479351307
1.910660672978651,0.7367750297248697,2.3304073049807914,0.20254040479351307
1.910660672978651,0.7367750297248697,2.0663048398063673,0.20254040479351307
1.910660672978651,0.7367750297248697,2.3496050870059313,0.20254040479351307
1.910660672978651,0.7367750297248697,2.0169644389128174,0.20254040479351307
1.910660672978651,0.7367750297248697,2.155470842080803,0.20254040479351307
1.910660672978651,0.7367750297248697,2.3340870215497853,0.20254040479351307
1.910660672978651,0.7367750297248697,2.1519436307787547,0.20254040479351307
1.910660672978651,0.7367750297248697,2.300106002909952,0.20254040479351307
1.910660672978651,0.7367750297248697,2.0801503272844517,0.20254040479351307
1.910660672978651,0.7367750297248697,2.0890507869717205,0.20254040479351307
1.910660672978651,0.7367750297248697,2.3265075136939823,0.20254040479351307
1.910660672978651,0.7367750297248697,2.050755242638281,0.20254040479351307
1.9912975820118164,0.7367750297248697,2.055620496069764,0.20254040479351307
1.9912975820118164,0.7367750297248697,2.195749395265939,0.20254040479351307
1.8425155215354612,0.7367750297248697,2.147589888859468,0.20254040479351307
1.8425155215354612,0.7367750297248697,2.087076722189075,0.20254040479351307
1.8425155215354612,0.7367750297248697,2.1947670398295323,0.20254040479351307
1.8425155215354612,0.7367750297248697,2.4365516260048756,0.20254040479351307
1.8425155215354612,0.7367750297248697,2.206266692624823,0.20254040479351307
1.8425155215354612,0.7367750297248697,2.2352282146228637,0.20254040479351307
1.8425155215354612,0.7367750297248697,2.0122253013941407,0.20254040479351307
1.8425155215354612,0.7367750297248697,2.2630811602933374,0.20254040479351307
1.8425155215354612,0.7367750297248697,2.219878780304566,0.20254040479351307
1.8425155215354612,0.7367750297248697,2.3555988265322956,0.20254040479351307
1.8425155215354612,0.7367750297248697,2.2970107666586994,0.20254040479351307
1.8425155215354612,0.7367750297248697,2.1676345538559763,0.20254040479351307
1.8425155215354612,0.7367750297248697,2.6838070403562972,0.20254040479351307
1.8425155215354612,0.7367750297248697,2.2904945299527846,0.20254040479351307
1.8425155215354612,0.7367750297248697,2.5122880400488827,0.20254040479351307
1.8425155215354612,0.7367750297248697,2.1044251611347278,0.20254040479351307
1.8425155215354612,0.7367750297248697,2.4945377181640027,0.20254040479351307
1.8425155215354612,0.7367750297248697,2.2159535630529987,0.20254040479351307
1.8425155215354612,0.7367750297248697,2.47952360640294,0.20254040479351307
1.8425155215354612,0.7367750297248697,2.4590231465401713,0.20254040479351307
1.8425155215354612,0.7367750297248697,2.253083594716722,0.20254040479351307
1.8425155215354612,0.7750332915514756,2.19580073270166,0.20254040479351307
1.763838626536004,0.7750332915514756,2.3032272374039984,0.20254040479351307
1.763838626536004,0.7750332915514756,2.3363884268919675,0.20254040479351307
1.763838626536004,0.7750332915514756,2.5163183017861415,0.20254040479351307
1.763838626536004,0.7750332915514756,2.2465648257374533,0.20254040479351307
1.763838626536004,0.7750332915514756,2.274401798307144,0.20254040479351307
1.763838626536004,0.7750332915514756,2.430541753645678,0.20254040479351307
1.763838626536004,0.7750332915514756,2.2535019555417373,0.20254040479351307
1.685284628289697,0.7750332915514756,2.266407453188792,0.20254040479351307
1.590785440474676,0.7750332915514756,2.4159306348500023,0.20254040479351307
1.590785440474676,0.7750332915514756,2.2901204676260787,0.20254040479351307
1.590785440474676,0.7750332915514756,2.392953448938421,0.20254040479351307
1.590785440474676,0.7750332915514756,2.615161102552012,0.20254040479351307
1.590785440474676,0.7750332915514756,2.4335978070820645,0.20254040479351307
1.590785440474676,0.7750332915514756,2.6098827085935734,0.20254040479351307
1.590785440474676,0.7750332915514756,2.2046178767031153,0.20254040479351307
1.590785440474676,0.7750332915514756,2.49652350134451,0.20254040479351307
1.676718561355603,0.7750332915514756,2.4839109610927568,0.20254040479351307
1.676718561355603,0.7750332915514756,2.7368052297197663,0.20254040479351307
1.676718561355603,0.7750332915514756,2.3833054366978734,0.20254040479351307
1.676718561355603,0.7750332915514756,2.455695614905418,0.20254040479351307
1.676718561355603,0.778082123961,2.5889413960509153,0.20254040479351307
1.676718561355603,0.778082123961,2.5661298880798498,0.20254040479351307
1.676718561355603,0.778082123961,2.356238935101248,0.20254040479351307
1.676718561355603,0.778082123961,2.6070537880108864,0.20254040479351307
1.676718561355603,0.778082123961,2.1407509760975736,0.20254040479351307
1.676718561355603,0.778082123961,2.4320966413696024,0.20254040479351307
1.676718561355603,0.778082123961,2.167771286555192,0.20254040479351307
1.676718561355603,0.778082123961,2.520632768552975,0.20254040479351307
1.676718561355603,0.778082123961,2.5403547484504125,0.20254040479351307
1.676718561355603,0.778082123961,2.1951871067451423,0.20254040479351307
1.676718561355603,0.778082123961,2.2169461060940474,0.20254040479351307
1.676718561355603,0.778082123961,2.586940773253027,0.20254040479351307
1.676718561355603,0.778082123961,2.213025475270055,0.20254040479351307
1.676718561355603,0.778082123961,2.4164845273965474,0.20254040479351307
1.676718561355603,0.778082123961,2.3061441269505933,0.20254040479351307
1.7874961479775426,0.778082123961,2.4772706753315474,0.20254040479351307
1.7874961479775426,0.778082123961,2.1804249160542235,0.20254040479351307
1.7874961479775426,0.778082123961,2.3435826089439753,0.20254040479351307
1.7874961479775426,0.778082123961,2.3654075179349814,0.20254040479351307
1.7776573547506314,0.778082123961,2.249848199586696,0.20254040479351307
1.7776573547506314,0.778082123961,2.421619667200134,0.20254040479351307
1.6444209247919503,0.778082123961,2.3382135277424023,0.20254040479351307
1.6444209247919503,0.778082123961,2.5507804072012306,0.20254040479351307
1.6444209247919503,0.778082123961,2.422389999298449,0.20254040479351307
1.8453409434433994,0.778082123961,2.3409447338830383,0.20254040479351307
1.8453409434433994,0.778082123961,2.3374340967460476,0.20254040479351307
1.8221107173992719,0.778082123961,1.931200213063228,0.20254040479351307
1.8221107173992719,0.778082123961,2.048136126174894,0.20254040479351307
1.8221107173992719,0.778082123961,2.082844250387645,0.20254040479351307
1.8221107173992719,0.778082123961,2.1599300593768125,0.20254040479351307
1.8221107173992719,0.778082123961,2.1448047163768886,0.20254040479351307
1.8221107173992719,0.778082123961,2.0731983262327263,0.20254040479351307
1.8221107173992719,0.778082123961,2.408496986319187,0.20254040479351307
1.8221107173992719,0.778082123961,2.149092229444205,0.20254040479351307
1.8221107173992719,0.778082123961,2.2513978526784846,0.20254040479351307
1.8221107173992719,0.813058102887434,2.039816829387154,0.20254040479351307
1.8221107173992719,0.813058102887434,2.2309886694868424,0.20254040479351307
1.8221107173992719,0.813058102887434,2.313976726891273,0.20254040479351307
1.8221107173992719,0.813058102887434,2.2852708464479603,0.20254040479351307
1.8221107173992719,0.813058102887434,2.020600871494521,0.20254040479351307
1.8299852581645222,0.813058102887434,2.0513211440628623,0.20254040479351307
1.8299852581645222,0.813058102887434,2.1678483601334446,0.20254040479351307
1.8299852581645222,0.7614006403112942,2.1545820606946373,0.20254040479351307
2.04002895436175,0.7211259873757946,2.194727043043245,0.20254040479351307
2.04002895436175,0.7211259873757946,2.2491243313413314,0.20254040479351307
2.04002895436175,0.7430656530060996,2.292612031117425,0.20254040479351307
2.04002895436175,0.7430656530060996,2.008249361787855,0.20254040479351307
2.04002895436175,0.7430656530060996,2.159374179632151,0.20254040479351307
2.04002895436175,0.7430656530060996,2.1142659094330614,0.20254040479351307
2.107213512234927,0.7430656530060996,1.9476326756570987,0.20254040479351307
2.107213512234927,0.7430656530060996,2.1841431543448833,0.20254040479351307
1.838616025433641,0.7430656530060996,2.2334476895392195,0.20254040479351307
1.838616025433641,0.7430656530060996,2.2336881942540736,0.20254040479351307
1.838616025433641,0.7430656530060996,2.461568389508703,0.20254040479351307
1.838616025433641,0.7430656530060996,2.4551004393935827,0.20254040479351307
1.838616025433641,0.7430656530060996,2.4955212465736523,0.20254040479351307
1.838616025433641,0.7430656530060996,2.346188360233122,0.20254040479351307
1.838616025433641,0.7430656530060996,2.3456463162287946,0.20254040479351307
1.838616025433641,0.7430656530060996,2.4368847292432037,0.20254040479351307
1.838616025433641,0.7430656530060996,2.495226821489403,0.20254040479351307
1.838616025433641,0.7430656530060996,2.2713446922789946,0.20254040479351307
1.838616025433641,0.7430656530060996,2.4214548748944575,0.20254040479351307
1.838616025433641,0.7430656530060996,2.300967085310214,0.20254040479351307
1.838616025433641,0.7430656530060996,2.514966757663861,0.20254040479351307
1.838616025433641,0.7430656530060996,2.4351311396903124,0.20254040479351307
1.838616025433641,0.7572534340071606,2.136162627445123,0.20254040479351307
1.838616025433641,0.7572534340071606,2.1518831525318243,0.20254040479351307
1.838616025433641,0.7572534340071606,2.166165543646359,0.20254040479351307
1.838616025433641,0.7572534340071606,2.057207229196447,0.20254040479351307
1.838616025433641,0.7572534340071606,1.941621975540082,0.20254040479351307
1.838616025433641,0.7572534340071606,2.333026469492872,0.20254040479351307
1.7540056582998322,0.7572534340071606,2.3907860421009497,0.20254040479351307
1.8353609245862288,0.7624622008675608,2.4820071268582824,0.20254040479351307
1.8353609245862288,0.7624622008675608,2.2597530831945836,0.20254040479351307
1.8353609245862288,0.7624622008675608,2.257042444217822,0.20254040479351307
1.8353609245862288,0.7624622008675608,2.1391794151051333,0.20254040479351307
2.1809249789977248,0.7624622008675608,1.9692584483407078,0.20254040479351307
2.1809249789977248,0.7624622008675608,1.963025396823635,0.20254040479351307
2.1809249789977248,0.7421467185595322,1.995477707015712,0.20254040479351307
2.1809249789977248,0.7421467185595322,2.070059391212128,0.20254040479351307
2.1809249789977248,0.7421467185595322,1.914585545330324,0.20254040479351307
2.1809249789977248,0.7421467185595322,1.9329988822291229,0.20254040479351307
2.1809249789977248,0.7421467185595322,1.9646028848193693,0.20254040479351307
2.1009571431801874,0.7421467185595322,1.9316947167645264,0.20254040479351307
2.1009571431801874,0.7421467185595322,2.0620759488838485,0.20254040479351307
2.1009571431801874,0.7421467185595322,2.0852870126644176,0.20254040479351307
2.1009571431801874,0.7421467185595322,2.1914617883789944,0.20254040479351307
2.1342324441003644,0.7421467185595322,1.9837006697368762,0.20254040479351307
2.2439804420284384,0.6713664035838641,2.0400710169306953,0.20254040479351307
2.2439804420284384,0.6713664035838641,2.2048201146710857,0.20443947149606748
2.2439804420284384,0.6713664035838641,2.0479587336033926,0.20443947149606748
2.2439804420284384,0.6713664035838641,2.0990295438825,0.20443947149606748
2.2439804420284384,0.6713664035838641,2.1887719361591746,0.20443947149606748
2.2439804420284384,0.6713664035838641,2.1279386806751144,0.20443947149606748
2.2439804420284384,0.6713664035838641,2.31998356761443,0.20443947149606748
2.2439804420284384,0.6713664035838641,2.157191458788158,0.20443947149606748
2.2439804420284384,0.6713664035838641,2.2874388207942684,0.20443947149606748
2.2439804420284384,0.6713664035838641,2.279755532975452,0.20443947149606748
2.2439804420284384,0.6713664035838641,2.1186432049236585,0.20443947149606748
2.2439804420284384,0.6713664035838641,2.1543136978965927,0.20443947149606748
2.2439804420284384,0.6713664035838641,1.8712559345878772,0.20443947149606748
2.2439804420284384,0.6713664035838641,2.0275755794158536,0.20443947149606748
2.2439804420284384,0.6713664035838641,2.1645684938090994,0.20443947149606748
2.0928260111900476,0.6713664035838641,2.1180854036221217,0.20443947149606748
2.0928260111900476,0.6713664035838641,2.131340915725381,0.20443947149606748
2.0928260111900476,0.6713664035838641,2.053397851760885,0.20443947149606748
2.0928260111900476,0.6713664035838641,2.388924947753138,0.20443947149606748
2.0928260111900476,0.6713664035838641,2.3607675539143336,0.20443947149606748
2.0928260111900476,0.6713664035838641,2.319577203750763,0.20443947149606748
2.0928260111900476,0.6713664035838641,2.245383355325137,0.20443947149606748
2.0928260111900476,0.6713664035838641,2.2934938554361097,0.20443947149606748
2.0928260111900476,0.6713664035838641,2.27650966057538,0.20443947149606748
2.0928260111900476,0.6713664035838641,2.25278260815748,0.20443947149606748
1.9667414351228991,0.6713664035838641,2.199989010377239,0.20443947149606748
1.9667414351228991,0.6713664035838641,2.2709032022288995,0.20443947149606748
1.9667414351228991,0.6713664035838641,2.2826836472683243,0.20443947149606748
1.9667414351228991,0.6713664035838641,2.2529367448698436,0.20443947149606748
1.9667414351228991,0.6713664035838641,2.5740410186669043,0.20443947149606748
1.9667414351228991,0.6713664035838641,2.2400121117883556,0.20443947149606748
1.9667414351228991,0.6713664035838641,2.3213780158946395,0.20443947149606748
1.9667414351228991,0.6713664035838641,2.2141567792959056,0.20443947149606748
1.9667414351228991,0.6713664035838641,2.5239056949894527,0.20443947149606748
1.9667414351228991,0.6713664035838641,2.2541010914545865,0.20443947149606748
1.9667414351228991,0.6713664035838641,2.354896219407733,0.20443947149606748
1.9667414351228991,0.6713664035838641,2.619027582233554,0.20443947149606748
2.129445965210099,0.6713664035838641,2.0993092378074625,0.20443947149606748
2.129445965210099,0.6713664035838641,2.236983662852948,0.20443947149606748
2.129445965210099,0.6713664035838641,2.207141150321846,0.20443947149606748
2.129445965210099,0.6713664035838641,2.151131819509237,0.20443947149606748
2.129445965210099,0.6713664035838641,2.203403665833207,0.20443947149606748
2.129445965210099,0.6713664035838641,2.6856027685431227,0.20443947149606748
2.129445965210099,0.6713664035838641,2.460524819890978,0.20443947149606748
2.129445965210099,0.6713664035838641,2.1640639243720505,0.20443947149606748
2.129445965210099,0.6713664035838641,1.9517630068005367,0.20443947149606748
2.129445965210099,0.6713664035838641,2.213638773428753,0.20443947149606748
2.415728394026165,0.6713664035838641,2.045111458145669,0.20443947149606748
2.415728394026165,0.6713664035838641,1.809226496252308,0.20443947149606748
2.415728394026165,0.6713664035838641,2.0233410190606396,0.20443947149606748
2.415728394026165,0.6713664035838641,1.928471279568569,0.20443947149606748
2.415728394026165,0.6713664035838641,1.9412462741093728,0.20443947149606748
2.415728394026165,0.6713664035838641,2.1375805778946937,0.20443947149606748
2.415728394026165,0.6428172432891962,2.0704078671190937,0.20443947149606748
2.415728394026165,0.6428172432891962,1.9139118555886447,0.20443947149606748
2.2868383793180365,0.6428172432891962,2.0274375348419573,0.20443947149606748
2.2868383793180365,0.6428172432891962,2.183299339263714,0.20443947149606748
2.2601105691975927,0.6428172432891962,1.9606260608980168,0.20443947149606748
2.2601105691975927,0.6428172432891962,2.28929655192881,0.20443947149606748
2.2601105691975927,0.6428172432891962,2.099268955327821,0.20443947149606748
2.229146268805376,0.6428172432891962,1.9014750302348573,0.20443947149606748
2.229146268805376,0.6428172432891962,1.9873127581851815,0.20443947149606748
2.229146268805376,0.6428172432891962,2.170323371543323,0.20443947149606748
2.229146268805376,0.6428172432891962,2.289774217808424,0.20443947149606748
2.229146268805376,0.6428172432891962,2.2738217130462526,0.20443947149606748
2.229146268805376,0.6428172432891962,2.040115717994796,0.20443947149606748
2.229146268805376,0.6428172432891962,1.9282191268122668,0.20443947149606748
2.229146268805376,0.6428172432891962,1.9926777595786487,0.20443947149606748
2.229146268805376,0.6428172432891962,1.988261670591359,0.20443947149606748
2.229146268805376,0.6428172432891962,2.064581761618059,0.20443947149606748
1.9939049177273165,0.6428172432891962,2.460408109798222,0.20443947149606748
1.9939049177273165,0.6428172432891962,2.4034922895588613,0.20443947149606748
1.9939049177273165,0.6428172432891962,2.583577409589227,0.20443947149606748
1.9939049177273165,0.7063114403027572,2.2889022373765266,0.20443947149606748
1.9939049177273165,0.7063114403027572,2.2474252028032318,0.20443947149606748
1.9939049177273165,0.7063114403027572,2.289364097977732,0.20443947149606748
1.9939049177273165,0.7063114403027572,2.0973455991123764,0.20443947149606748
1.981408013614814,0.7063114403027572,2.27200316126308,0.20443947149606748
1.981408013614814,0.7063114403027572,2.190940971022508,0.20443947149606748
1.981408013614814,0.7063114403027572,2.2679352663273327,0.20443947149606748
1.9096858998805954,0.7063114403027572,2.578647130849007,0.20443947149606748
1.9096858998805954,0.7063114403027572,2.2060659464541224,0.20443947149606748
1.9096858998805954,0.7577273446288304,2.2957972586630246,0.20443947149606748
1.9096858998805954,0.752313401372524,2.2503503009070753,0.20443947149606748
1.9096858998805954,0.752313401372524,2.190843801302353,0.20443947149606748
1.9096858998805954,0.752313401372524,2.122202368042582,0.20443947149606748
1.9096858998805954,0.752313401372524,2.0836907763592385,0.20443947149606748
1.9096858998805954,0.752313401372524,2.3208035852318005,0.20443947149606748
1.9096858998805954,0.752313401372524,2.174462671843261,0.20443947149606748
1.9096858998805954,0.752313401372524,2.2553169723095134,0.20443947149606748
1.9096858998805954,0.752313401372524,2.227236318676116,0.20443947149606748
1.9096858998805954,0.752313401372524,2.1011475602588225,0.20443947149606748
1.9096858998805954,0.752313401372524,2.2615783868355313,0.20443947149606748
1.9096858998805954,0.752313401372524,2.2556800404503283,0.20443947149606748
1.9096858998805954,0.752313401372524,2.2141957594533728,0.20443947149606748
1.9096858998805954,0.752313401372524,2.0651594005180556,0.20443947149606748
1.9096858998805954,0.752313401372524,2.2986150395074634,0.20443947149606748
1.9096858998805954,0.7007390273933722,2.311118903367134,0.20443947149606748
1.9096858998805954,0.7007390273933722,2.458126575139909,0.20443947149606748
1.9096858998805954,0.7007390273933722,2.4018393524093593,0.20443947149606748
1.9096858998805954,0.7007390273933722,2.2463561035856747,0.20443947149606748
1.9096858998805954,0.7007390273933722,2.3001753163909266,0.20443947149606748
1.9096858998805954,0.7007390273933722,2.3194029014519093,0.20443947149606748
1.9096858998805954,0.7007390273933722,2.447537031230368,0.20443947149606748
1.9096858998805954,0.7007390273933722,2.1458855463541564,0.20443947149606748
1.9096858998805954,0.7007390273933722,2.3103751291851866,0.20443947149606748
1.9096858998805954,0.7007390273933722,2.3140921751556567,0.20443947149606748
1.9096858998805954,0.7007390273933722,2.436507381844725,0.20443947149606748
1.9096858998805954,0.7007390273933722,2.3325972936990547,0.20443947149606748
1.9096858998805954,0.7007390273933722,2.1460138152897787,0.20443947149606748
1.9096858998805954,0.7007390273933722,2.1619810221260956,0.20443947149606748
1.9096858998805954,0.7007390273933722,2.212954385537837,0.20443947149606748
1.9096858998805954,0.7007390273933722,2.3929795777296063,0.20443947149606748
1.9096858998805954,0.7007390273933722,2.2067735967432114,0.20443947149606748
1.9096858998805954,0.7007390273933722,2.298212200160631,0.20443947149606748
1.9096858998805954,0.7007390273933722,2.44842397472304,0.20443947149606748
1.9096858998805954,0.7007390273933722,2.3869093471648783,0.20443947149606748
1.9096858998805954,0.7007390273933722,2.3908641827842696,0.20443947149606748
1.9096858998805954,0.7007390273933722,2.3489331907392463,0.20443947149606748
2.05583828407219,0.7007390273933722,2.2846399758337177,0.20443947149606748
2.05583828407219,0.7007390273933722,2.406256515354778,0.20443947149606748
2.05583828407219,0.7007390273933722,2.0916300706237285,0.20443947149606748
1.925490542432025,0.7007390273933722,2.0112213828436225,0.20443947149606748
1.925490542432025,0.7007390273933722,2.4573962969886805,0.20443947149606748
1.925490542432025,0.7007390273933722,2.18370528103456,0.20443947149606748
2.0128020894590843,0.7007390273933722,2.3799483836739412,0.20443947149606748
2.0128020894590843,0.7007390273933722,2.1529978685518496,0.20443947149606748
2.0128020894590843,0.7007390273933722,1.97628997519236,0.20443947149606748
2.0983342577788737,0.7007390273933722,2.0801419725440113,0.20443947149606748
2.0983342577788737,0.7007390273933722,2.274458588650275,0.20443947149606748
2.0983342577788737,0.7007390273933722,2.058940372088409,0.20443947149606748
2.0983342577788737,0.7007390273933722,2.0785330625982557,0.20443947149606748
2.0983342577788737,0.7007390273933722,2.086301619189395,0.20443947149606748
2.1467554429140385,0.7007390273933722,2.310840348055051,0.20443947149606748
2.1467554429140385,0.7007390273933722,2.017574139540037,0.20443947149606748
2.1467554429140385,0.7007390273933722,2.2727210203134485,0.20443947149606748
2.1467554429140385,0.7007390273933722,1.9771899875276528,0.20443947149606748
2.1467554429140385,0.7007390273933722,1.8735410658630676,0.20443947149606748
2.1467554429140385,0.7007390273933722,2.1144949178040653,0.20443947149606748
2.1467554429140385,0.6757946749237277,2.2136233506202303,0.20443947149606748
2.1467554429140385,0.6757946749237277,2.144084331371553,0.20443947149606748
2.1467554429140385,0.6757946749237277,2.048742596830017,0.20443947149606748
2.1467554429140385,0.6757946749237277,2.199981424527009,0.20443947149606748
2.1467554429140385,0.6757946749237277,2.474136545670921,0.20443947149606748
2.1467554429140385,0.6757946749237277,2.0674825260258705,0.20443947149606748
2.1467554429140385,0.6757946749237277,2.247807415091043,0.20443947149606748
2.1467554429140385,0.6757946749237277,2.033885214416456,0.20443947149606748
2.1467554429140385,0.6757946749237277,2.1643268562643785,0.20443947149606748
2.1467554429140385,0.6757946749237277,2.063518987299971,0.20443947149606748
2.1467554429140385,0.6757946749237277,1.9562287548759045,0.20443947149606748
2.1467554429140385,0.6757946749237277,2.233124887876052,0.20443947149606748
2.1467554429140385,0.6757946749237277,2.267607418070003,0.20443947149606748
1.905171067929704,0.6757946749237277,2.2799448165196754,0.20443947149606748
1.905171067929704,0.6757946749237277,2.308491961471443,0.20443947149606748
1.905171067929704,0.6757946749237277,2.399697818875705,0.20443947149606748
1.905171067929704,0.6757946749237277,2.4793596155978412,0.20443947149606748
1.905171067929704,0.6757946749237277,2.1839774987480234,0.20443947149606748
1.905171067929704,0.6757946749237277,2.703674422858383,0.20443947149606748
1.9441649480424863,0.6757946749237277,2.374379205474602,0.20443947149606748
1.9441649480424863,0.6757946749237277,2.4578607766393943,0.20443947149606748
1.9441649480424863,0.6757946749237277,2.4195277332013725,0.20443947149606748
1.9441649480424863,0.6757946749237277,2.43165283045877,0.20443947149606748
1.9441649480424863,0.6757946749237277,2.5450699082759685,0.20443947149606748
1.9441649480424863,0.6757946749237277,2.5413517455081602,0.20443947149606748
1.9441649480424863,0.6757946749237277,2.314259148287661,0.20443947149606748
1.9441649480424863,0.6757946749237277,2.2109635422491882,0.20443947149606748
1.9441649480424863,0.6757946749237277,2.2283601215644713,0.20443947149606748
1.9441649480424863,0.6757946749237277,2.4748431402258664,0.20443947149606748
1.9441649480424863,0.6757946749237277,2.4011512513045217,0.20443947149606748
1.9441649480424863,0.6757946749237277,2.273503819574085,0.20443947149606748
1.9360084544400749,0.6757946749237277,2.289591768444572,0.20443947149606748
1.9360084544400749,0.6757946749237277,2.395358786014689,0.20443947149606748
1.9360084544400749,0.6757946749237277,2.3107683329371107,0.20443947149606748
1.9360084544400749,0.6757946749237277,2.3524122217495083,0.20443947149606748
1.9360084544400749,0.6757946749237277,2.317406530470383,0.20443947149606748
1.9360084544400749,0.6757946749237277,2.315190186784895,0.20443947149606748
1.9360084544400749,0.6757946749237277,2.2670027280280114,0.20443947149606748
1.9360084544400749,0.6757946749237277,2.212684664754592,0.20443947149606748
1.9360084544400749,0.6757946749237277,2.6367848998818437,0.20443947149606748
1.9360084544400749,0.6757946749237277,2.531590692172018,0.20443947149606748
1.9360084544400749,0.6757946749237277,2.2540874919002136,0.20443947149606748
1.9360084544400749,0.6757946749237277,2.3971056359132246,0.20175742404555166
1.8826569566173113,0.6757946749237277,2.4219681992870052,0.20175742404555166
1.8826569566173113,0.6757946749237277,2.5756367587972266,0.20175742404555166
1.8826569566173113,0.6757946749237277,2.4011397054285415,0.20175742404555166
1.8826569566173113,0.6757946749237277,2.4837480419807085,0.20175742404555166
1.8826569566173113,0.6757946749237277,2.6054414871285982,0.20175742404555166
1.8826569566173113,0.6757946749237277,2.293988282801681,0.20175742404555166
1.8826569566173113,0.7609923843086851,2.543824813849377,0.20175742404555166
1.9084764215098624,0.7609923843086851,2.032978583137543,0.20175742404555166
1.9084764215098624,0.7609923843086851,2.2054738790196713,0.20175742404555166
1.9084764215098624,0.7609923843086851,2.3403863256483115,0.20175742404555166
1.8956613910726294,0.7609923843086851,2.104955191199552,0.20175742404555166
1.8956613910726294,0.7609923843086851,2.4322554070976086,0.20175742404555166
1.8956613910726294,0.7609923843086851,2.13133890172022,0.20175742404555166
1.8956613910726294,0.7609923843086851,2.2823636851202234,0.20175742404555166
1.8956613910726294,0.7609923843086851,1.943920421963799,0.20175742404555166
1.8956613910726294,0.7609923843086851,2.0656260234867383,0.20175742404555166
1.8956613910726294,0.7609923843086851,2.2871289304255127,0.20175742404555166
1.8956613910726294,0.7609923843086851,2.0284213655743937,0.20175742404555166
1.8831686688209353,0.7476370043250223,2.3441322909169258,0.20175742404555166
1.8831686688209353,0.7476370043250223,2.183754219636832,0.20175742404555166
1.7326183342811405,0.7476370043250223,2.377700859255002,0.20175742404555166
1.7326183342811405,0.7476370043250223,2.514739066733852,0.20175742404555166
1.7669743237998428,0.7029000961708189,2.672650179790161,0.20175742404555166
1.7669743237998428,0.7029000961708189,2.7995775635672313,0.20175742404555166
1.8008574578638292,0.7834443516815974,2.382383979337819,0.20175742404555166
1.8008574578638292,0.7834443516815974,2.180685264427651,0.20175742404555166
1.8008574578638292,0.7834443516815974,2.2591224447363887,0.20175742404555166
1.8008574578638292,0.7834443516815974,2.079404697115072,0.20175742404555166
1.8008574578638292,0.7834443516815974,2.1719734164724684,0.20175742404555166
1.8008574578638292,0.7834443516815974,2.171202516733019,0.20175742404555166
1.8008574578638292,0.7834443516815974,2.3380417965840925,0.20175742404555166
1.8008574578638292,0.7834443516815974,2.262837584945411,0.20175742404555166
1.8008574578638292,0.7834443516815974,2.281786143037336,0.20175742404555166
1.8008574578638292,0.7834443516815974,2.283378124101731,0.20175742404555166
1.8008574578638292,0.7834443516815974,1.972561481437532,0.20175742404555166
1.8008574578638292,0.7834443516815974,2.1716903018859806,0.20175742404555166
1.8008574578638292,0.7834443516815974,2.1378864560939834,0.20175742404555166
1.8008574578638292,0.7834443516815974,2.246172985883643,0.20175742404555166
1.8008574578638292,0.7834443516815974,2.1769490391669706,0.20175742404555166
1.8721550337839519,0.7834443516815974,2.0716246975165773,0.20175742404555166
1.8721550337839519,0.7834443516815974,2.107435074143922,0.20175742404555166
1.8721550337839519,0.7834443516815974,2.1643117229810613,0.20175742404555166
1.8721550337839519,0.7834443516815974,2.0098653168608176,0.20175742404555166
1.8721550337839519,0.7834443516815974,2.0870725372397034,0.20175742404555166
1.8721550337839519,0.7834443516815974,2.011112688223853,0.20175742404555166
1.8721550337839519,0.7834443516815974,2.1009612369081663,0.20175742404555166
1.8721550337839519,0.7834443516815974,2.1285418787025714,0.20175742404555166
1.8070817355365072,0.7834443516815974,2.1629572359161364,0.20175742404555166
1.8070817355365072,0.7834443516815974,1.999251622106722,0.20175742404555166
1.8070817355365072,0.7834443516815974,2.351889395745851,0.20175742404555166
1.8070817355365072,0.7834443516815974,2.3725302460143647,0.20175742404555166
1.8070817355365072,0.7834443516815974,2.33557176718663,0.20175742404555166
1.8070817355365072,0.7834443516815974,2.357641376662233,0.20175742404555166
1.8070817355365072,0.7834443516815974,2.2894218125598234,0.20175742404555166
1.8070817355365072,0.7834443516815974,2.290851341884982,0.20175742404555166
1.8070817355365072,0.7834443516815974,2.11438394466957,0.20175742404555166
1.8070817355365072,0.7834443516815974,2.3026578828078064,0.20175742404555166
1.8070817355365072,0.7834443516815974,2.233110913271262,0.20175742404555166
1.8070817355365072,0.7834443516815974,2.2508134259276136,0.20175742404555166
1.8070817355365072,0.7834443516815974,2.0239706012241894,0.20175742404555166
1.8059594961415746,0.7834443516815974,2.2827475332262215,0.20175742404555166
1.8059594961415746,0.7387930157683242,2.3582776725497063,0.20175742404555166
1.8177702798809343,0.7387930157683242,2.334172520247221,0.20175742404555166
1.8177702798809343,0.7387930157683242,2.505269609640515,0.20175742404555166
1.8177702798809343,0.7387930157683242,2.4794598642588648,0.20175742404555166
1.8177702798809343,0.7387930157683242,2.3368522376917324,0.20175742404555166
1.8177702798809343,0.7387930157683242,2.3551646789586744,0.20175742404555166
1.8177702798809343,0.7387930157683242,2.1269040855925736,0.20175742404555166
1.8177702798809343,0.7387930157683242,2.2315728245442132,0.20175742404555166
1.8177702798809343,0.7387930157683242,2.5937598390015104,0.20175742404555166
1.7218910800919132,0.7387930157683242,2.476978309914922,0.20175742404555166
1.7218910800919132,0.7387930157683242,2.67674130574603,0.20175742404555166
1.7218910800919132,0.7387930157683242,2.597119034071221,0.20175742404555166
1.7218910800919132,0.7387930157683242,2.6488600141949465,0.20175742404555166
1.7218910800919132,0.7387930157683242,2.6730223825739015,0.20175742404555166
1.7218910800919132,0.73719622732036,2.3840567569223783,0.20175742404555166
1.7218910800919132,0.73719622732036,2.415710725747011,0.20175742404555166
1.7218910800919132,0.7848246073175069,2.5082253943880763,0.20175742404555166
1.7218910800919132,0.7848246073175069,2.1592157222036663,0.20175742404555166
1.7218910800919132,0.7848246073175069,2.3507910948669553,0.20175742404555166
1.7218910800919132,0.7848246073175069,2.381835906284146,0.20175742404555166
1.7218910800919132,0.7848246073175069,2.0570148562030806,0.20175742404555166
1.7218910800919132,0.7848246073175069,2.501516175748499,0.20175742404555166
1.7218910800919132,0.7848246073175069,2.3417236126894516,0.20175742404555166
1.7218910800919132,0.7848246073175069,2.409694585621341,0.20175742404555166
1.7218910800919132,0.7848246073175069,2.223188757185751,0.20175742404555166
1.7218910800919132,0.7848246073175069,2.280457360788149,0.20175742404555166
1.6231475488824776,0.7848246073175069,2.5227712826173443,0.20175742404555166
1.6231475488824776,0.7848246073175069,2.5117167716162014,0.20175742404555166
1.6231475488824776,0.7848246073175069,2.5122740780287645,0.20175742404555166
1.6231475488824776,0.7848246073175069,2.655852483643263,0.20175742404555166
1.6231475488824776,0.7848246073175069,2.4552714883926967,0.20175742404555166
1.6231475488824776,0.7848246073175069,2.1336059588443366,0.20175742404555166
1.6231475488824776,0.7848246073175069,2.3728981321807425,0.20175742404555166
1.6231475488824776,0.7848246073175069,2.403457070593799,0.20175742404555166
1.787701419328591,0.7848246073175069,2.428215435949643,0.20175742404555166
1.787701419328591,0.7848246073175069,2.196328753639223,0.20175742404555166
1.787701419328591,0.7848246073175069,2.190154346028158,0.20175742404555166
1.787701419328591,0.7848246073175069,2.182338294870247,0.20175742404555166
1.787701419328591,0.7848246073175069,2.2660126817866777,0.20175742404555166
1.787701419328591,0.7848246073175069,2.140402606541409,0.20175742404555166
1.934823403401182,0.7848246073175069,2.210427014959506,0.20175742404555166
1.934823403401182,0.7848246073175069,1.9304846102205757,0.20175742404555166
1.934823403401182,0.7848246073175069,2.025362464455857,0.20175742404555166
1.934823403401182,0.7848246073175069,2.0957108220215956,0.20175742404555166
1.934823403401182,0.7848246073175069,1.9933117320921854,0.20175742404555166
1.934823403401182,0.7848246073175069,2.1752736212062467,0.20175742404555166
1.934823403401182,0.7848246073175069,1.9402077262806823,0.20175742404555166
1.934823403401182,0.7848246073175069,2.1991096340259357,0.20175742404555166
1.934823403401182,0.7848246073175069,2.0833859896896065,0.20175742404555166
1.6673965290754977,0.7848246073175069,2.176864347737039,0.20175742404555166
1.6673965290754977,0.7848246073175069,2.767824991550919,0.20175742404555166
1.6673965290754977,0.7848246073175069,2.321645958853445,0.20175742404555166
1.6673965290754977,0.7848246073175069,2.4621207587692626,0.20175742404555166
1.6673965290754977,0.7848246073175069,2.346624163435682,0.20175742404555166
1.6673965290754977,0.7848246073175069,2.297097219921791,0.20175742404555166
1.6673965290754977,0.7848246073175069,2.694977331730604,0.20175742404555166
1.6673965290754977,0.7848246073175069,2.6190930970573807,0.20175742404555166
1.6673965290754977,0.7848246073175069,2.3445765030322656,0.20175742404555166
1.6673965290754977,0.7848246073175069,2.232647997571817,0.20175742404555166
1.6673965290754977,0.7848246073175069,2.394489869122639,0.20175742404555166
1.6673965290754977,0.7848246073175069,2.468208815747859,0.20175742404555166
1.6673965290754977,0.7848246073175069,2.1980333055975336,0.20175742404555166
1.6673965290754977,0.7848246073175069,2.3213914722279294,0.20175742404555166
1.6673965290754977,0.7848246073175069,2.4910476015213914,0.20175742404555166
1.6673965290754977,0.7848246073175069,2.486633040416124,0.20175742404555166
1.6673965290754977,0.7848246073175069,2.464079013518089,0.20175742404555166
1.6673965290754977,0.7848246073175069,2.3224592016969465,0.20175742404555166
1.6673965290754977,0.7848246073175069,2.6567970111568697,0.20175742404555166
1.6673965290754977,0.7848246073175069,2.3589190656285033,0.20175742404555166
1.6673965290754977,0.7848246073175069,2.259280619719054,0.20175742404555166
1.6345049522568889,0.7848246073175069,2.324276492145238,0.20175742404555166
1.6345049522568889,0.7848246073175069,2.2520031673032284,0.20175742404555166
1.6345049522568889,0.7848246073175069,2.4090448727226206,0.20175742404555166
1.6345049522568889,0.7848246073175069,2.117163287516004,0.20175742404555166
1.6345049522568889,0.7848246073175069,2.6167656514282713,0.20175742404555166
1.6345049522568889,0.7848246073175069,2.4355978840344448,0.20175742404555166
1.6345049522568889,0.7848246073175069,2.5087364260343064,0.20175742404555166
1.6345049522568889,0.7848246073175069,2.4511463324813993,0.20175742404555166
1.6345049522568889,0.7848246073175069,2.3490356384623894,0.20175742404555166
1.6345049522568889,0.7848246073175069,2.412892681585495,0.20175742404555166
1.6345049522568889,0.7848246073175069,2.5365813787788323,0.20175742404555166
1.6345049522568889,0.7848246073175069,2.3432834712135806,0.20175742404555166
1.6345049522568889,0.7848246073175069,2.693630835799963,0.20175742404555166
1.6345049522568889,0.7769142814147897,2.3432981990983777,0.20175742404555166
1.6345049522568889,0.7769142814147897,2.54139732871508,0.20175742404555166
1.6345049522568889,0.7769142814147897,2.475013811072041,0.20175742404555166
1.6638231090263198,0.7769142814147897,2.559831128204642,0.20175742404555166
1.6638231090263198,0.7769142814147897,2.6212909437017946,0.20175742404555166
1.6638231090263198,0.7769142814147897,2.838178604992204,0.20175742404555166
1.6638231090263198,0.7769142814147897,2.2444663519010986,0.20175742404555166
1.6638231090263198,0.7769142814147897,2.3489862645631967,0.20175742404555166
1.6638231090263198,0.7769142814147897,2.4471512150079615,0.20175742404555166
1.6638231090263198,0.7769142814147897,2.615424201696399,0.20175742404555166
1.6638231090263198,0.7769142814147897,2.3657933376241744,0.20175742404555166
1.6638231090263198,0.7769142814147897,2.6462664742407283,0.20175742404555166
1.6638231090263198,0.7769142814147897,2.4198658984550154,0.20175742404555166
1.6638231090263198,0.7769142814147897,2.457703239128137,0.20175742404555166
1.6638231090263198,0.7769142814147897,2.3475960584818982,0.20175742404555166
1.6638231090263198,0.7769142814147897,2.4367682714948264,0.20175742404555166
1.6638231090263198,0.7769142814147897,2.406770923395503,0.20175742404555166
1.6638231090263198,0.7769142814147897,2.3816839388078,0.20175742404555166
1.6638231090263198,0.7769142814147897,2.559939811788546,0.20175742404555166
1.6638231090263198,0.7769142814147897,2.4790762442685743,0.20175742404555166
1.6638231090263198,0.7769142814147897,2.2831848015372236,0.20175742404555166
1.6638231090263198,0.7769142814147897,2.265821433896789,0.20175742404555166
1.6638231090263198,0.7769142814147897,2.509992189809219,0.20175742404555166
1.6638231090263198,0.7769142814147897,2.3797790825592444,0.20175742404555166
1.6638231090263198,0.7769142814147897,2.3092173778808514,0.20175742404555166
1.6638231090263198,0.7769142814147897,2.211635897050913,0.20175742404555166
1.7106414486737689,0.7769142814147897,2.371445313540995,0.20175742404555166
1.7106414486737689,0.7843732389028906,2.2317473225617914,0.20175742404555166
1.4975113317421094,0.7843732389028906,2.4851807820778853,0.20175742404555166
1.4975113317421094,0.7843732389028906,2.386167467116556,0.20175742404555166
1.4975113317421094,0.7843732389028906,2.5634200473126283,0.20175742404555166
1.4975113317421094,0.7843732389028906,2.673489686943017,0.20175742404555166
1.4975113317421094,0.7843732389028906,2.516918963081503,0.20175742404555166
1.5308929948017425,0.7843732389028906,2.5688472365249977,0.20175742404555166
1.5308929948017425,0.7843732389028906,2.6799065173199867,0.20175742404555166
1.6951819606522784,0.7843732389028906,2.349511751842487,0.20175742404555166
1.6951819606522784,0.7843732389028906,2.249584352276516,0.20175742404555166
1.6909106452412455,0.7843732389028906,2.262183539049932,0.20175742404555166
1.6909106452412455,0.7843732389028906,2.3272561019811033,0.20175742404555166
1.6909106452412455,0.7843732389028906,2.120468843595696,0.20175742404555166
1.6909106452412455,0.7843732389028906,2.3821392546012423,0.20175742404555166
1.6909106452412455,0.7843732389028906,2.499962809955555,0.20175742404555166
1.6909106452412455,0.7843732389028906,2.3907182588493563,0.20175742404555166
1.6909106452412455,0.7843732389028906,2.364834651051145,0.20175742404555166
1.6909106452412455,0.7843732389028906,2.420091151831307,0.20175742404555166
1.6909106452412455,0.7843732389028906,2.4109361914186223,0.20175742404555166
1.6909106452412455,0.7843732389028906,2.7223950662863903,0.20175742404555166
1.6909106452412455,0.7843732389028906,2.4312073807049175,0.20175742404555166
1.6909106452412455,0.7843732389028906,2.3590301194870347,0.20175742404555166
1.6909106452412455,0.7843732389028906,2.2258160380084564,0.20175742404555166
1.6909106452412455,0.7741842215168506,2.304677991524524,0.20175742404555166
1.6909106452412455,0.7741842215168506,2.3026613212039266,0.20175742404555166
1.6909106452412455,0.7741842215168506,2.731107176076646,0.20175742404555166
1.6909106452412455,0.7741842215168506,2.2958683236135524,0.20175742404555166
1.6909106452412455,0.7741842215168506,2.406253281348257,0.20175742404555166
1.6909106452412455,0.7741842215168506,2.4725114875856344,0.20175742404555166
1.7964221953885424,0.7741842215168506,2.2888867737216763,0.20175742404555166
1.7964221953885424,0.7741842215168506,2.3400109360199743,0.20175742404555166
1.7964221953885424,0.7741842215168506,1.95723630091489,0.20175742404555166
1.7964221953885424,0.7741842215168506,2.5449277450888252,0.20175742404555166
1.7964221953885424,0.7741842215168506,2.1349580509855226,0.20175742404555166
1.6375304603751268,0.7741842215168506,2.352568169749956,0.20175742404555166
1.6375304603751268,0.7741842215168506,2.5484853327199564,0.20175742404555166
1.6375304603751268,0.7741842215168506,2.5667813641368697,0.20175742404555166
1.6375304603751268,0.7741842215168506,2.3386126974274117,0.20175742404555166
1.6375304603751268,0.7741842215168506,2.596264331756602,0.20175742404555166
1.6375304603751268,0.801276564944112,2.1778340134455108,0.20175742404555166
1.6375304603751268,0.801276564944112,2.1302124610634325,0.20175742404555166
1.6375304603751268,0.801276564944112,2.2846418750546165,0.20175742404555166
1.6375304603751268,0.801276564944112,2.446311887142945,0.20175742404555166
1.6375304603751268,0.801276564944112,2.6920069387184324,0.20175742404555166
1.6375304603751268,0.801276564944112,2.595132066051453,0.20175742404555166
1.6375304603751268,0.801276564944112,2.1078896023023743,0.20175742404555166
1.6375304603751268,0.801276564944112,2.1595766026461884,0.20175742404555166
1.6375304603751268,0.801276564944112,2.3614480578665127,0.20175742404555166
1.6375304603751268,0.801276564944112,2.5626331550018135,0.20175742404555166
1.6375304603751268,0.801276564944112,2.2770677278127014,0.20175742404555166
1.6375304603751268,0.801276564944112,2.3318319368798828,0.20175742404555166
2.0880933947427045,0.801276564944112,2.070458357552293,0.20175742404555166
2.0880933947427045,0.801276564944112,1.7328986845685712,0.20175742404555166
2.0880933947427045,0.801276564944112,2.005110960780137,0.20175742404555166
2.0880933947427045,0.801276564944112,1.9972259688351983,0.20175742404555166
2.0880933947427045,0.801276564944112,1.7107526093192038,0.20175742404555166
2.0880933947427045,0.6529060469184871,1.9511528401372786,0.20175742404555166
2.0880933947427045,0.6529060469184871,2.420315024130229,0.20175742404555166
1.7861314914711506,0.6529060469184871,2.466202985983304,0.20175742404555166
1.7861314914711506,0.6529060469184871,2.8133696897653224,0.20175742404555166
1.7861314914711506,0.6529060469184871,2.5405512402518737,0.20175742404555166
1.7861314914711506,0.6529060469184871,2.750478874708876,0.20175742404555166
1.7861314914711506,0.6529060469184871,2.8105414968548716,0.20175742404555166
1.7592619163634944,0.6529060469184871,2.452701954694188,0.20175742404555166
1.7592619163634944,0.6529060469184871,2.685958605548489,0.20175742404555166
1.7592619163634944,0.6529060469184871,2.796897571005951,0.20175742404555166
1.7592619163634944,0.6529060469184871,2.8607099327323824,0.20175742404555166
1.7592619163634944,0.6529060469184871,2.5255756705294847,0.20175742404555166
1.7592619163634944,0.6529060469184871,2.277772010718232,0.20175742404555166
1.7592619163634944,0.8277401257152582,2.3643839105674487,0.20175742404555166
1.7592619163634944,0.7369998811739796,2.3610637649583834,0.20175742404555166
1.7592619163634944,0.7369998811739796,2.5555655377190467,0.20175742404555166
1.7592619163634944,0.7643194888566214,2.383557334463456,0.20175742404555166
1.7592619163634944,0.7643194888566214,2.439909188904505,0.20175742404555166
1.7592619163634944,0.7643194888566214,2.242771421116416,0.20175742404555166
1.7592619163634944,0.7643194888566214,2.6859168591849696,0.20175742404555166
1.7592619163634944,0.7643194888566214,2.312617038961276,0.20175742404555166
1.7592619163634944,0.7643194888566214,2.313224966497972,0.20175742404555166
1.7592619163634944,0.7643194888566214,2.240821892432161,0.20175742404555166
1.9067685900053601,0.7643194888566214,2.034142954175441,0.20175742404555166
1.9067685900053601,0.7643194888566214,2.2098632667376927,0.20175742404555166
1.9067685900053601,0.7643194888566214,1.8997837539843239,0.20175742404555166
1.9067685900053601,0.7643194888566214,2.2891604154749765,0.20175742404555166
1.9067685900053601,0.7643194888566214,2.230385325457114,0.20175742404555166
1.9067685900053601,0.7643194888566214,2.230211810850654,0.20175742404555166
1.9067685900053601,0.7643194888566214,2.0962247017742612,0.20175742404555166
1.9067685900053601,0.7643194888566214,2.180542770885262,0.20175742404555166
1.9067685900053601,0.7643194888566214,2.2113637701110567,0.20124759401025916
1.9067685900053601,0.7195683637569241,2.2782628753569627,0.20124759401025916
1.6869151500192787,0.7195683637569241,2.5177686294040567,0.20124759401025916
1.6869151500192787,0.7195683637569241,2.6365186943441516,0.20124759401025916
1.6869151500192787,0.7195683637569241,2.394484734138898,0.20124759401025916
1.6869151500192787,0.7195683637569241,2.5912714454672265,0.20124759401025916
1.6869151500192787,0.7195683637569241,2.4806564365546473,0.20124759401025916
1.6869151500192787,0.7195683637569241,2.5780696351629593,0.20124759401025916
1.6869151500192787,0.7195683637569241,2.5644404207553073,0.20124759401025916
1.6869151500192787,0.7195683637569241,2.5234856161935486,0.20124759401025916
1.6869151500192787,0.7195683637569241,2.67913219644442,0.20124759401025916
1.6859880009365669,0.7195683637569241,2.290443618568867,0.20124759401025916
1.6859880009365669,0.7195683637569241,2.4484338263283036,0.20124759401025916
1.6859880009365669,0.7195683637569241,2.6496982322930394,0.20124759401025916
1.6859880009365669,0.7195683637569241,2.9358900340706606,0.20124759401025916
1.6859880009365669,0.7195683637569241,2.7638684164622322,0.20124759401025916
1.6859880009365669,0.7195683637569241,2.969077675811681,0.20124759401025916
1.6859880009365669,0.7195683637569241,2.5231106526212534,0.20124759401025916
1.6859880009365669,0.7195683637569241,2.462179414152277,0.20124759401025916
1.6859880009365669,0.7195683637569241,2.7929658454680077,0.20124759401025916
1.6859880009365669,0.7195683637569241,2.436721339589553,0.20124759401025916
1.6859880009365669,0.7195683637569241,2.5445512679014906,0.20124759401025916
1.6859880009365669,0.7195683637569241,2.5529995440348774,0.20124759401025916
1.6859880009365669,0.7195683637569241,2.802039869845303,0.20124759401025916
1.8106291322378887,0.7195683637569241,2.420300968875806,0.20124759401025916
1.8106291322378887,0.7195683637569241,2.233553039705057,0.20124759401025916
1.8106291322378887,0.7195683637569241,2.2896680957338242,0.20124759401025916
1.8106291322378887,0.7195683637569241,2.8354089840392414,0.20124759401025916
1.8106291322378887,0.7195683637569241,2.243388091770758,0.20124759401025916
1.8106291322378887,0.7195683637569241,2.4759024686611446,0.20124759401025916
1.8106291322378887,0.7195683637569241,2.681060170837801,0.20124759401025916
1.8106291322378887,0.7195683637569241,2.5968536348681077,0.20124759401025916
1.8106291322378887,0.7195683637569241,2.5667823875649796,0.20124759401025916
1.8106291322378887,0.7195683637569241,2.381588609906971,0.20124759401025916
1.8106291322378887,0.7195683637569241,2.5069507173001337,0.20124759401025916
1.8106291322378887,0.7195683637569241,2.3049285189378117,0.20124759401025916
1.8106291322378887,0.7195683637569241,2.4312585087525975,0.20124759401025916
1.8106291322378887,0.7195683637569241,2.302607794649423,0.20124759401025916
1.8106291322378887,0.7195683637569241,2.510894644288636,0.20124759401025916
1.8106291322378887,0.7195683637569241,2.1918402602219045,0.20124759401025916
1.8106291322378887,0.7195683637569241,2.404216877531737,0.20124759401025916
1.8106291322378887,0.7195683637569241,2.2678296391986383,0.20124759401025916
1.8106291322378887,0.7195683637569241,2.1720330170127795,0.20124759401025916
1.8106291322378887,0.7195683637569241,2.440995855049484,0.20124759401025916
1.8106291322378887,0.7195683637569241,2.3320087538833514,0.20124759401025916
1.6870866870976986,0.7195683637569241,2.6612755973275353,0.20124759401025916
1.6870866870976986,0.7195683637569241,2.6430146642153423,0.20124759401025916
1.6870866870976986,0.7195683637569241,2.5415435093312784,0.20124759401025916
1.6870866870976986,0.7195683637569241,2.6815480534851956,0.20124759401025916
1.6870866870976986,0.7195683637569241,2.806965571949865,0.20124759401025916
1.6870866870976986,0.7195683637569241,2.647341368318345,0.20124759401025916
1.6870866870976986,0.7195683637569241,2.4655382174435365,0.20124759401025916
1.6870866870976986,0.7195683637569241,2.5887861121838003,0.20124759401025916
1.6870866870976986,0.7195683637569241,2.756314053037117,0.20124759401025916
1.882445519094654,0.7195683637569241,2.499955041269658,0.20124759401025916
1.882445519094654,0.7195683637569241,2.515377130626182,0.20124759401025916
1.882445519094654,0.7195683637569241,2.111385278822823,0.20124759401025916
1.882445519094654,0.7195683637569241,2.5317629326809103,0.20124759401025916
1.882445519094654,0.7195683637569241,2.2723541069536948,0.20124759401025916
1.882445519094654,0.7195683637569241,2.0686868230403794,0.20124759401025916
1.882445519094654,0.7195683637569241,2.4094724593847077,0.20124759401025916
1.882445519094654,0.7195683637569241,2.243397175631162,0.20124759401025916
1.882445519094654,0.7195683637569241,2.10914326099219,0.20124759401025916
1.882445519094654,0.7101320749232332,2.390793730390018,0.20124759401025916
1.882445519094654,0.7101320749232332,2.2354506901509343,0.20124759401025916
1.882445519094654,0.7101320749232332,2.211777039625065,0.20124759401025916
1.6928664110677476,0.7101320749232332,2.6127519502674423,0.20124759401025916
1.6928664110677476,0.7101320749232332,2.353745701372313,0.20124759401025916
1.6928664110677476,0.7101320749232332,2.5604541219505186,0.20124759401025916
1.6928664110677476,0.7101320749232332,2.5561840158253486,0.20124759401025916
1.6928664110677476,0.7101320749232332,2.4964738569821163,0.20124759401025916
1.6928664110677476,0.7101320749232332,2.496785841778569,0.20124759401025916
1.6928664110677476,0.7101320749232332,2.5026004227106964,0.20124759401025916
1.6928664110677476,0.7101320749232332,2.6265865548386356,0.20124759401025916
1.6969240130193504,0.7101320749232332,2.3996814840423637,0.20124759401025916
1.6969240130193504,0.7101320749232332,2.4263680130382563,0.20124759401025916
1.6969240130193504,0.7101320749232332,2.5227216076482306,0.20124759401025916
1.6969240130193504,0.7101320749232332,2.541186590870742,0.20124759401025916
1.6969240130193504,0.7101320749232332,2.2985714980263587,0.20124759401025916
2.036361804281311,0.7101320749232332,2.3427417625214564,0.20124759401025916
2.036361804281311,0.7101320749232332,2.1819125553819134,0.20124759401025916
2.036361804281311,0.7101320749232332,2.2319936017853736,0.20124759401025916
2.036361804281311,0.7442997806425177,2.0345079655501945,0.20124759401025916
2.036361804281311,0.7442997806425177,2.00421676421675,0.20124759401025916
2.036361804281311,0.7442997806425177,1.99271405845414,0.20124759401025916
2.036361804281311,0.7442997806425177,1.9578032791427114,0.20124759401025916
2.036361804281311,0.7442997806425177,2.131814463915419,0.20124759401025916
2.036361804281311,0.7442997806425177,2.0818199816881378,0.20124759401025916
2.036361804281311,0.7442997806425177,2.124279319625645,0.20124759401025916
2.1073648085172416,0.7442997806425177,2.1738315501126033,0.20124759401025916
2.1073648085172416,0.7442997806425177,2.072792174143217,0.20124759401025916
2.1073648085172416,0.7442997806425177,2.0496253983520996,0.20124759401025916
2.1073648085172416,0.7442997806425177,2.0060923896078604,0.20124759401025916
2.1073648085172416,0.7442997806425177,1.9900615276220683,0.20124759401025916
2.1073648085172416,0.7442997806425177,2.3322008098072953,0.20124759401025916
2.1073648085172416,0.7442997806425177,2.1138747125057873,0.20124759401025916
2.1073648085172416,0.7442997806425177,2.019667072989541,0.20124759401025916
2.1073648085172416,0.7359669156398507,1.6914384405025291,0.20124759401025916
2.1073648085172416,0.7359669156398507,2.066911996337123,0.20124759401025916
2.1073648085172416,0.7359669156398507,2.051908060331717,0.20124759401025916
2.1073648085172416,0.7359669156398507,1.888725108667006,0.20124759401025916
2.1073648085172416,0.7359669156398507,1.8457147544880552,0.20124759401025916
1.8551804190538543,0.7359669156398507,2.128050202980949,0.20124759401025916
1.8551804190538543,0.7359669156398507,2.321897364882786,0.20124759401025916
1.8551804190538543,0.7359669156398507,2.183470367321934,0.20124759401025916
1.8551804190538543,0.7359669156398507,2.0962663517367015,0.20124759401025916
1.8551804190538543,0.7359669156398507,2.675629154937201,0.20124759401025916
1.8551804190538543,0.7359669156398507,2.218579889337575,0.20124759401025916
1.8551804190538543,0.7359669156398507,2.298932833447459,0.20124759401025916
1.5563152859785696,0.7359669156398507,2.6060622976084242,0.20124759401025916
1.5563152859785696,0.7359669156398507,2.705335138270895,0.20124759401025916
1.5563152859785696,0.7359669156398507,2.5935220722814645,0.20124759401025916
1.5563152859785696,0.7359669156398507,2.771266991680575,0.20124759401025916
1.5563152859785696,0.7359669156398507,2.7914678015980456,0.20124759401025916
1.5563152859785696,0.7359669156398507,2.617859074682148,0.20124759401025916
1.5563152859785696,0.7359669156398507,2.4990841844306253,0.20124759401025916
1.5563152859785696,0.7359669156398507,2.918981336339565,0.20124759401025916
1.5563152859785696,0.7359669156398507,2.8216461024935295,0.20124759401025916
1.582684325500926,0.7359669156398507,2.5695837497347003,0.20124759401025916
1.582684325500926,0.7359669156398507,2.4665199155886723,0.20124759401025916
1.582684325500926,0.7359669156398507,2.75283716340568,0.20124759401025916
1.582684325500926,0.7359669156398507,2.3949291050030506,0.20124759401025916
1.582684325500926,0.7359669156398507,2.484685638323208,0.20124759401025916
1.582684325500926,0.7359669156398507,2.641555963974768,0.20124759401025916
1.582684325500926,0.7359669156398507,2.6324036486408375,0.20124759401025916
1.582684325500926,0.8298118921872611,2.512402362432774,0.20124759401025916
1.582684325500926,0.7718928750453729,2.5882877799227515,0.20124759401025916
1.582684325500926,0.7718928750453729,2.4476128337502243,0.20124759401025916
1.5770866855239758,0.7718928750453729,2.7623547015568386,0.20124759401025916
1.5770866855239758,0.7718928750453729,2.532450955200207,0.20124759401025916
1.5770866855239758,0.7718928750453729,2.401103462459666,0.20124759401025916
1.5770866855239758,0.7718928750453729,2.493982176466009,0.20124759401025916
1.5770866855239758,0.7718928750453729,2.5627393831559515,0.20124759401025916
1.5770866855239758,0.7718928750453729,2.4103264024400817,0.20124759401025916
1.5770866855239758,0.7718928750453729,2.6067527235230608,0.20124759401025916
1.5770866855239758,0.7718928750453729,2.4570341086652476,0.20124759401025916
1.6599787529931715,0.7718928750453729,2.492149947865795,0.20124759401025916
1.6599787529931715,0.7718928750453729,2.6234616795410957,0.20124759401025916
1.6599787529931715,0.7718928750453729,2.4055321005822288,0.20124759401025916
1.6599787529931715,0.7718928750453729,2.70203255753447,0.20124759401025916
1.6599787529931715,0.7718928750453729,2.4380823254109867,0.20124759401025916
1.6599787529931715,0.7718928750453729,2.3323998265276007,0.20124759401025916
1.6599787529931715,0.7718928750453729,2.43864495723611,0.20124759401025916
1.6599787529931715,0.7718928750453729,2.416572207335729,0.20124759401025916
1.6599787529931715,0.7718928750453729,2.3915262943062943,0.20124759401025916
1.6599787529931715,0.7718928750453729,2.470995147743301,0.20124759401025916
1.6599787529931715,0.7718928750453729,2.445561773869741,0.20124759401025916
1.6599787529931715,0.7718928750453729,2.299952145534794,0.20124759401025916
1.6599787529931715,0.7718928750453729,2.347560389236884,0.20124759401025916
1.6599787529931715,0.7718928750453729,2.4578427285921407,0.20124759401025916
2.0879701139904983,0.7718928750453729,2.165091073988731,0.20124759401025916
2.0879701139904983,0.7718928750453729,1.7519220765620755,0.20124759401025916
1.7502980417023704,0.7718928750453729,2.141815891726667,0.20124759401025916
1.7502980417023704,0.7718928750453729,2.5091425168646273,0.20124759401025916
1.7502980417023704,0.7718928750453729,2.211382975175474,0.20124759401025916
1.7502980417023704,0.7718928750453729,2.142951910497818,0.20124759401025916
1.7502980417023704,0.7718928750453729,2.3040466960692245,0.20124759401025916
1.7502980417023704,0.7718928750453729,2.3068567427081432,0.20124759401025916
1.7502980417023704,0.7718928750453729,2.046565398892102,0.20124759401025916
1.7502980417023704,0.7718928750453729,2.268708959001448,0.20124759401025916
1.7502980417023704,0.7718928750453729,2.6828099438343154,0.20124759401025916
1.7502980417023704,0.7718928750453729,2.2988911034618966,0.20124759401025916
1.7502980417023704,0.7718928750453729,2.2117172371924516,0.20124759401025916
1.7502980417023704,0.7718928750453729,2.3683487320562397,0.20124759401025916
1.7502980417023704,0.7718928750453729,2.351529568408542,0.20124759401025916
1.7502980417023704,0.7718928750453729,2.2834724065687326,0.20124759401025916
1.7502980417023704,0.7718928750453729,2.366183569322045,0.20124759401025916
1.7502980417023704,0.7718928750453729,2.2313984201622925,0.20124759401025916
1.7502980417023704,0.7718928750453729,2.178785416537453,0.20124759401025916
1.7502980417023704,0.7718928750453729,2.0985787792122395,0.20124759401025916
1.7502980417023704,0.7718928750453729,2.3702794430809324,0.20124759401025916
1.7502980417023704,0.7718928750453729,2.3406252863915733,0.20124759401025916
1.7502980417023704,0.7718928750453729,2.3115039071171863,0.20124759401025916
1.7502980417023704,0.7718928750453729,2.4503308514261652,0.20124759401025916
1.7502980417023704,0.7718928750453729,2.3555809404534522,0.20124759401025916
1.7502980417023704,0.7718928750453729,2.393571039315763,0.20124759401025916
1.7502980417023704,0.7718928750453729,2.470235413674972,0.20124759401025916
1.7502980417023704,0.7718928750453729,2.499310400075974,0.20124759401025916
1.7502980417023704,0.7718928750453729,2.490573294834946,0.20124759401025916
1.7502980417023704,0.7718928750453729,2.362557299388645,0.20124759401025916
1.7502980417023704,0.7718928750453729,2.414576324592007,0.20124759401025916
1.7502980417023704,0.7718928750453729,2.272390735123349,0.20124759401025916
1.7502980417023704,0.7718928750453729,2.284982164477774,0.20124759401025916
1.7502980417023704,0.7718928750453729,2.1760222511349228,0.20124759401025916
1.7502980417023704,0.7718928750453729,2.4158498327948825,0.20124759401025916
1.7502980417023704,0.7718928750453729,2.128597923865217,0.20124759401025916
1.636479923131458,0.7718928750453729,2.312637211213102,0.20124759401025916
1.636479923131458,0.7431991835510985,2.915200859104663,0.20124759401025916
1.636479923131458,0.7431991835510985,2.3103091402517815,0.20124759401025916
1.636479923131458,0.7431991835510985,2.9658606773281524,0.20124759401025916
1.636479923131458,0.7431991835510985,2.745601275040468,0.20124759401025916
1.636479923131458,0.7431991835510985,2.4131830326167467,0.20124759401025916
1.5302056209405037,0.7431991835510985,2.742170378031631,0.20124759401025916
1.5302056209405037,0.7431991835510985,2.807852002995806,0.20124759401025916
1.5302056209405037,0.7431991835510985,2.471712259174324,0.20124759401025916
1.5302056209405037,0.7431991835510985,2.9429972236461146,0.20124759401025916
1.5302056209405037,0.7431991835510985,3.1240429135834007,0.20124759401025916
1.5302056209405037,0.7431991835510985,2.7199333221590445,0.20124759401025916
1.5302056209405037,0.7431991835510985,2.8419629963845514,0.20124759401025916
1.6265058525791658,0.7431991835510985,2.4328357952735957,0.20124759401025916
1.6265058525791658,0.7431991835510985,2.617350097124227,0.20124759401025916
1.6265058525791658,0.7431991835510985,2.769955086803935,0.20124759401025916
1.6265058525791658,0.7431991835510985,2.465703458715154,0.20124759401025916
1.6265058525791658,0.7431991835510985,2.7374018996692664,0.20124759401025916
1.6265058525791658,0.7431991835510985,2.7396257685228766,0.20124759401025916
1.6265058525791658,0.7431991835510985,2.6101242512726563,0.20124759401025916
1.6265058525791658,0.7431991835510985,2.148594682989179,0.20124759401025916
1.6265058525791658,0.7431991835510985,2.4095149627231067,0.20124759401025916
1.6265058525791658,0.7431991835510985,2.533124711889853,0.20124759401025916
1.6265058525791658,0.7431991835510985,2.434055096389737,0.20124759401025916
1.6265058525791658,0.7431991835510985,2.353276880005359,0.20124759401025916
1.6265058525791658,0.7431991835510985,2.607607505685502,0.20124759401025916
1.6265058525791658,0.7431991835510985,2.397381307801736,0.20124759401025916
1.6265058525791658,0.7431991835510985,2.474635515172584,0.20124759401025916
1.6265058525791658,0.7431991835510985,2.507561391089282,0.20124759401025916
1.6265058525791658,0.7431991835510985,2.3502841738528617,0.20124759401025916
1.6265058525791658,0.7431991835510985,2.8127852712892647,0.20124759401025916
1.6265058525791658,0.7431991835510985,2.407670176454827,0.20124759401025916
1.6265058525791658,0.7431991835510985,2.522546035957818,0.20124759401025916
1.6265058525791658,0.7431991835510985,2.4867603728486074,0.20124759401025916
1.6265058525791658,0.7431991835510985,2.673003285607859,0.20124759401025916
1.6265058525791658,0.7431991835510985,2.473914052875828,0.20124759401025916
1.6265058525791658,0.7431991835510985,2.6184159334801898,0.20124759401025916
1.6265058525791658,0.7431991835510985,2.556099983835902,0.20124759401025916
1.6265058525791658,0.7431991835510985,2.5996045445587423,0.20124759401025916
1.6265058525791658,0.7431991835510985,2.7643530875868647,0.20124759401025916
1.6265058525791658,0.7431991835510985,2.5817011938752867,0.20124759401025916
1.6265058525791658,0.7431991835510985,2.4883092887623133,0.20124759401025916
1.6265058525791658,0.7431991835510985,2.5363916743141335,0.20124759401025916
1.6265058525791658,0.7431991835510985,2.797691698516345,0.20124759401025916
1.6265058525791658,0.7431991835510985,2.7502859988255564,0.20124759401025916
1.6265058525791658,0.7431991835510985,2.4719211929524203,0.20124759401025916
1.6265058525791658,0.7431991835510985,2.630943472721876,0.20124759401025916
1.6265058525791658,0.7431991835510985,2.2530822008017433,0.20124759401025916
1.6265058525791658,0.7431991835510985,2.5295102532062894,0.20124759401025916
1.6265058525791658,0.7431991835510985,2.697363854357235,0.20124759401025916
1.6265058525791658,0.7431991835510985,2.447062139702013,0.20124759401025916
1.6265058525791658,0.7431991835510985,2.4333681032151215,0.20124759401025916
1.6265058525791658,0.7431991835510985,2.504536695515579,0.20124759401025916
1.5767432634003185,0.7431991835510985,2.761233393137734,0.20124759401025916
1.5767432634003185,0.7431991835510985,2.5792929574908925,0.20124759401025916
1.5767432634003185,0.7431991835510985,2.611844930008905,0.20124759401025916
1.5767432634003185,0.7431991835510985,2.7715624116477966,0.20124759401025916
1.5767432634003185,0.7431991835510985,2.735411700163768,0.20124759401025916
1.5767432634003185,0.7431991835510985,2.64478867672666,0.20124759401025916
1.5767432634003185,0.7431991835510985,2.817469140581331,0.20124759401025916
1.5767432634003185,0.7431991835510985,2.8095102974144677,0.20124759401025916
1.5767432634003185,0.7431991835510985,2.4931795307039555,0.20124759401025916
1.5767432634003185,0.7431991835510985,2.6062077625172075,0.20124759401025916
1.8292116319074994,0.7431991835510985,2.5608984848714447,0.20124759401025916
1.8292116319074994,0.7431991835510985,2.0717582076520453,0.20124759401025916
1.8292116319074994,0.7431991835510985,2.264879137218023,0.20124759401025916
1.8292116319074994,0.7431991835510985,2.1754384798042605,0.20124759401025916
1.8292116319074994,0.7431991835510985,2.473461797390438,0.20124759401025916
1.8292116319074994,0.7683110322794855,2.5373625363080854,0.20124759401025916
1.8292116319074994,0.7683110322794855,2.2085986601223384,0.20124759401025916
1.8292116319074994,0.7683110322794855,2.241576477478654,0.20124759401025916
1.8292116319074994,0.7683110322794855,2.153626610722284,0.20124759401025916
1.8292116319074994,0.7683110322794855,2.246468347527158,0.20124759401025916
1.8292116319074994,0.7510699278907672,2.2178487095760864,0.20124759401025916
1.9053719287180546,0.7510699278907672,2.2649585116893047,0.20124759401025916
1.9053719287180546,0.7510699278907672,2.207551205770894,0.20124759401025916
1.9053719287180546,0.7510699278907672,2.3255507941363813,0.20124759401025916
1.9053719287180546,0.7510699278907672,2.2628615615100287,0.20124759401025916
1.9053719287180546,0.7510699278907672,2.223010242303588,0.20124759401025916
1.9053719287180546,0.7510699278907672,2.0604992932220467,0.20124759401025916
1.9053719287180546,0.7510699278907672,2.0891222489447245,0.20124759401025916
1.8196054910047872,0.7510699278907672,2.2238048147486524,0.20124759401025916
1.8196054910047872,0.7510699278907672,2.195866011650229,0.20124759401025916
1.8196054910047872,0.7510699278907672,2.379633086087384,0.20124759401025916
1.8196054910047872,0.7312482117706408,2.2810807016773587,0.20124759401025916
1.8196054910047872,0.7312482117706408,2.3369557262830614,0.20124759401025916
1.729017687265079,0.7312482117706408,2.3385927247861793,0.20124759401025916
1.729017687265079,0.7312482117706408,2.4492769522772333,0.20124759401025916
1.729017687265079,0.7312482117706408,2.727902987896944,0.20124759401025916
1.729017687265079,0.7312482117706408,2.3706536142761823,0.20124759401025916
1.729017687265079,0.7312482117706408,2.5551103244492195,0.20124759401025916
1.7773987420854993,0.7312482117706408,2.377635550410783,0.20124759401025916
1.7773987420854993,0.7312482117706408,2.450268177496205,0.20124759401025916
1.7773987420854993,0.7312482117706408,2.432210005479626,0.20124759401025916
1.7773987420854993,0.7312482117706408,2.3545908442849255,0.20124759401025916
1.7773987420854993,0.7312482117706408,2.3304332758054516,0.20124759401025916
1.7773987420854993,0.7312482117706408,2.4541292740014304,0.20124759401025916
1.7773987420854993,0.7312482117706408,2.5988994767337763,0.20124759401025916
1.7773987420854993,0.7312482117706408,2.4430426530784146,0.20124759401025916
1.7773987420854993,0.7312482117706408,2.244424073839734,0.20124759401025916
1.7773987420854993,0.7312482117706408,2.6585613508270693,0.20124759401025916
1.7773987420854993,0.7312482117706408,2.309017162402547,0.20124759401025916
1.7773987420854993,0.7312482117706408,2.324195856901186,0.20124759401025916
1.7528526696837845,0.7312482117706408,2.602137605156214,0.20073593361923386
1.7528526696837845,0.7312482117706408,2.4317691076983228,0.20073593361923386
1.7528526696837845,0.7312482117706408,2.4774406845697214,0.20073593361923386
1.7528526696837845,0.7312482117706408,2.1007250762207437,0.20073593361923386
1.8201966726158618,0.7312482117706408,2.539445582635233,0.20073593361923386
1.8201966726158618,0.7312482117706408,2.320392465793391,0.20073593361923386
1.8201966726158618,0.7312482117706408,2.2113022191731577,0.20073593361923386
1.8201966726158618,0.7312482117706408,2.3135964943147367,0.20073593361923386
1.8201966726158618,0.7312482117706408,2.26001060205166,0.20073593361923386
1.8201966726158618,0.7312482117706408,2.2648014282648288,0.20073593361923386
1.8201966726158618,0.7312482117706408,2.3378918856919557,0.20073593361923386
1.8201966726158618,0.7312482117706408,2.2900555706726617,0.20073593361923386
1.8201966726158618,0.7312482117706408,2.1463103724671906,0.20073593361923386
1.8201966726158618,0.7312482117706408,2.5112420332937653,0.20073593361923386
1.8201966726158618,0.7312482117706408,2.27732691546638,0.20073593361923386
1.9946139539079346,0.7312482117706408,2.271628437256836,0.20073593361923386
1.9946139539079346,0.7312482117706408,2.2097964899549463,0.20073593361923386
1.9946139539079346,0.7312482117706408,2.0691904806272987,0.20073593361923386
1.9946139539079346,0.7312482117706408,2.0466419400087053,0.20073593361923386
1.9946139539079346,0.7312482117706408,2.346478071737754,0.20073593361923386
1.9946139539079346,0.7312482117706408,2.056372256975572,0.20073593361923386
1.9946139539079346,0.7312482117706408,2.223319580845324,0.20073593361923386
1.9946139539079346,0.7312482117706408,2.339222987126699,0.20073593361923386
1.9946139539079346,0.7312482117706408,2.1652894434572634,0.20073593361923386
1.9946139539079346,0.7312482117706408,2.1003301582516656,0.20073593361923386
1.9946139539079346,0.7312482117706408,2.194440094228473,0.20073593361923386
1.9946139539079346,0.7312482117706408,2.25241806049317,0.20073593361923386
1.9946139539079346,0.7312482117706408,2.186812674359349,0.20073593361923386
1.9946139539079346,0.7312482117706408,1.9878643421848354,0.20073593361923386
1.9946139539079346,0.7312482117706408,2.266014376390823,0.20073593361923386
1.9946139539079346,0.7312482117706408,2.2203819993579406,0.20073593361923386
1.9946139539079346,0.7312482117706408,2.2188972009725445,0.20073593361923386
1.9946139539079346,0.7312482117706408,2.3778990627477454,0.20073593361923386
1.9946139539079346,0.7312482117706408,2.220021701718103,0.20073593361923386
1.9946139539079346,0.7312482117706408,2.250713138027655,0.20073593361923386
1.9946139539079346,0.7312482117706408,2.2464109620450485,0.20073593361923386
1.9946139539079346,0.7312482117706408,2.1121869418932406,0.20073593361923386
1.9946139539079346,0.7312482117706408,1.972397398910499,0.20073593361923386
1.9946139539079346,0.7312482117706408,2.106216841826865,0.20073593361923386
1.9946139539079346,0.7312482117706408,1.9617983904020535,0.20073593361923386
1.9946139539079346,0.7312482117706408,2.0669479368051693,0.20073593361923386
1.9946139539079346,0.7312482117706408,2.2955287472058354,0.20073593361923386
1.9946139539079346,0.7365083887791255,2.2847056166690884,0.20073593361923386
1.9946139539079346,0.7365083887791255,2.301773601157023,0.20073593361923386
1.9946139539079346,0.7365083887791255,2.1156615507149903,0.20073593361923386
1.9946139539079346,0.7365083887791255,2.26464632215202,0.20073593361923386
1.9946139539079346,0.7365083887791255,2.315967583173209,0.20073593361923386
1.9946139539079346,0.7365083887791255,1.9787409282616297,0.20073593361923386
1.9946139539079346,0.7365083887791255,2.284047557353697,0.20073593361923386
1.9946139539079346,0.7365083887791255,2.097320286214035,0.20073593361923386
1.9946139539079346,0.7365083887791255,2.2497393506701786,0.20073593361923386
1.9946139539079346,0.7365083887791255,2.2213391918819005,0.20073593361923386
1.9946139539079346,0.7398314262972117,2.2800866093003336,0.20073593361923386
1.9946139539079346,0.7398314262972117,2.0091420006078713,0.20073593361923386
1.9946139539079346,0.7398314262972117,2.2686758572792476,0.20073593361923386
1.9946139539079346,0.7398314262972117,2.1364512673383897,0.20073593361923386
1.9946139539079346,0.7398314262972117,1.9275109307857792,0.20073593361923386
1.9946139539079346,0.7398314262972117,2.0880098741491615,0.20073593361923386
1.9946139539079346,0.7398314262972117,2.131368235779777,0.20073593361923386
2.022531593582816,0.7398314262972117,2.2934806158885768,0.20073593361923386
2.022531593582816,0.7398314262972117,2.239040306221308,0.20073593361923386
2.022531593582816,0.7398314262972117,2.038998124601052,0.20073593361923386
2.022531593582816,0.7398314262972117,2.1517870165973436,0.20073593361923386
2.022531593582816,0.7398314262972117,2.015660106276857,0.20073593361923386
2.022531593582816,0.7398314262972117,2.009713808448339,0.20073593361923386
2.022531593582816,0.7398314262972117,1.998709194055635,0.20073593361923386
1.8255603393877526,0.7398314262972117,2.242409464036325,0.20073593361923386
1.9794150462762337,0.7398314262972117,2.140501550269367,0.20073593361923386
1.9794150462762337,0.7398314262972117,1.9083019286501137,0.20073593361923386
1.9794150462762337,0.7398314262972117,2.1741107341336843,0.20073593361923386
1.9794150462762337,0.7398314262972117,2.3780482633360354,0.20073593361923386
1.9794150462762337,0.7398314262972117,2.257532452665941,0.20073593361923386
1.9794150462762337,0.7398314262972117,2.072624388161056,0.20073593361923386
1.9794150462762337,0.7398314262972117,2.001477439910198,0.20073593361923386
1.9794150462762337,0.7398314262972117,1.98798232570734,0.20073593361923386
1.9794150462762337,0.7398314262972117,2.188108611507657,0.20073593361923386
1.9794150462762337,0.7398314262972117,2.1554135326532475,0.20073593361923386
1.9794150462762337,0.7398314262972117,2.2671113619620193,0.20073593361923386
1.9794150462762337,0.7398314262972117,2.4119024153497275,0.20073593361923386
1.9523917449353556,0.7398314262972117,2.539609236991839,0.20073593361923386
1.9523917449353556,0.7398314262972117,2.2147790795262523,0.20073593361923386
1.9523917449353556,0.7398314262972117,2.3064843771048764,0.20073593361923386
1.9523917449353556,0.7398314262972117,2.173572691961071,0.20073593361923386
1.9523917449353556,0.7398314262972117,2.5363364193399747,0.20073593361923386
1.9523917449353556,0.7398314262972117,2.167777256631895,0.20073593361923386
1.9523917449353556,0.7398314262972117,2.2327439651349517,0.20073593361923386
1.9523917449353556,0.7398314262972117,2.204807275198493,0.20073593361923386
1.9523917449353556,0.7398314262972117,2.2155923783933815,0.20073593361923386
1.9523917449353556,0.7398314262972117,2.1931053221450556,0.20073593361923386
1.9523917449353556,0.7398314262972117,2.267881811465174,0.20073593361923386
1.9523917449353556,0.7398314262972117,2.2925255120863754,0.20073593361923386
1.6615794475838361,0.7398314262972117,2.3510564465104298,0.20073593361923386
1.6615794475838361,0.7398314262972117,2.4767678567363713,0.20073593361923386
1.6615794475838361,0.7398314262972117,2.952553052008608,0.20073593361923386
1.7010945235194868,0.7398314262972117,2.5759692264425094,0.20073593361923386
1.7010945235194868,0.7398314262972117,2.4341032067325936,0.20073593361923386
1.7010945235194868,0.7398314262972117,2.60766632571537,0.20073593361923386
1.7010945235194868,0.7398314262972117,2.5335527998680196,0.20073593361923386
1.7010945235194868,0.7398314262972117,2.6234204632867106,0.20073593361923386
1.7010945235194868,0.7398314262972117,2.4558877887109003,0.20073593361923386
1.7010945235194868,0.7398314262972117,2.527263191024288,0.20073593361923386
1.6212456233261603,0.7398314262972117,3.0253043816603484,0.20073593361923386
1.6212456233261603,0.7398314262972117,2.6694415015561046,0.20073593361923386
1.6212456233261603,0.7398314262972117,2.4744302931683073,0.20073593361923386
1.6212456233261603,0.7398314262972117,2.4808436879897506,0.20073593361923386
1.6212456233261603,0.7398314262972117,2.6665599257731807,0.20073593361923386
1.6212456233261603,0.7398314262972117,2.537273079340908,0.20073593361923386
1.8262233675130402,0.7398314262972117,2.4838824739719696,0.20073593361923386
1.8262233675130402,0.7398314262972117,2.2705737487274655,0.20073593361923386
1.8262233675130402,0.7398314262972117,2.3883249457190123,0.20073593361923386
1.8262233675130402,0.7398314262972117,2.1882922057064085,0.20073593361923386
1.8262233675130402,0.7398314262972117,2.387409499853291,0.20073593361923386
1.8262233675130402,0.7398314262972117,2.5145240235902304,0.20073593361923386
1.8262233675130402,0.7398314262972117,2.500264304713846,0.20073593361923386
1.8262233675130402,0.7398314262972117,2.329038407503449,0.20073593361923386
1.8262233675130402,0.7398314262972117,2.5171923652113954,0.20073593361923386
1.8262233675130402,0.7398314262972117,2.36565979329344,0.20073593361923386
1.8262233675130402,0.7398314262972117,2.2942836071899366,0.20073593361923386
1.8262233675130402,0.7398314262972117,2.443553942442578,0.20073593361923386
1.8262233675130402,0.7398314262972117,2.3264839664956294,0.20073593361923386
1.8262233675130402,0.7398314262972117,2.2621505604407575,0.20073593361923386
1.8177615076674332,0.7398314262972117,2.418236626827716,0.20073593361923386
1.8177615076674332,0.7398314262972117,2.384577621659461,0.20073593361923386
1.8177615076674332,0.7398314262972117,2.274429542370374,0.20073593361923386
1.8177615076674332,0.7398314262972117,2.3473119998346634,0.20073593361923386
1.8177615076674332,0.7398314262972117,2.5112013053092563,0.20073593361923386
1.8177615076674332,0.7398314262972117,2.2095075004163522,0.20073593361923386
1.6041507830866188,0.7398314262972117,2.583237794599686,0.20073593361923386
1.5758455508153217,0.7398314262972117,2.5918141125597103,0.20073593361923386
1.5758455508153217,0.7398314262972117,2.8086103911654514,0.20073593361923386
1.5758455508153217,0.7398314262972117,2.8838909524328096,0.20073593361923386
1.5758455508153217,0.7398314262972117,2.970301364443309,0.20073593361923386
1.5758455508153217,0.7398314262972117,2.6718056938321038,0.20073593361923386
1.6225801242268807,0.7398314262972117,2.591655481136963,0.20073593361923386
1.6225801242268807,0.7398314262972117,3.2361145520546164,0.20073593361923386
1.6225801242268807,0.7398314262972117,2.5271555378486235,0.20073593361923386
1.6225801242268807,0.7398314262972117,2.162255888652748,0.20073593361923386
1.6334293225248173,0.7398314262972117,2.832225478677753,0.20073593361923386
1.7032192186937931,0.7398314262972117,2.5405677471270387,0.20073593361923386
1.6649940930106997,0.7398314262972117,2.3806851529313784,0.20073593361923386
1.6649940930106997,0.7398314262972117,2.938063164049932,0.20073593361923386
1.6649940930106997,0.7398314262972117,2.610045131090403,0.20073593361923386
1.6649940930106997,0.7398314262972117,2.4740877874706975,0.20073593361923386
1.6649940930106997,0.7398314262972117,2.3686314240473947,0.20073593361923386
1.6649940930106997,0.7398314262972117,2.6861364637184915,0.20073593361923386
1.6649940930106997,0.7398314262972117,2.7221519446684517,0.20073593361923386
1.6649940930106997,0.7398314262972117,2.4936781169137103,0.20073593361923386
1.6649940930106997,0.7398314262972117,2.570556955960656,0.20073593361923386
1.6649940930106997,0.7398314262972117,2.5502234616962243,0.20073593361923386
1.6649940930106997,0.7398314262972117,2.5668273111806186,0.20073593361923386
1.7290233210528663,0.7398314262972117,2.4856612436572494,0.20073593361923386
1.618733936729207,0.7398314262972117,2.5704222029295543,0.20073593361923386
1.618733936729207,0.7398314262972117,2.6860560017394626,0.20073593361923386
1.618733936729207,0.7551336375186325,2.5115788544568023,0.20073593361923386
1.618733936729207,0.7551336375186325,2.8911991790332228,0.20073593361923386
1.618733936729207,0.7551336375186325,2.4246308704363044,0.20073593361923386
1.618733936729207,0.7551336375186325,2.549964573768282,0.20073593361923386
1.618733936729207,0.7551336375186325,2.500395376296396,0.20073593361923386
1.618733936729207,0.7551336375186325,2.3672795966421116,0.20073593361923386
1.618733936729207,0.7551336375186325,2.56016858807753,0.20073593361923386
1.618733936729207,0.7348326871487988,2.471394677221341,0.20073593361923386
1.618733936729207,0.7348326871487988,2.7137013065003215,0.20073593361923386
1.618733936729207,0.7348326871487988,2.935608995556324,0.20073593361923386
1.618733936729207,0.7348326871487988,2.596785319717164,0.20073593361923386
1.618733936729207,0.7348326871487988,2.5173456289669462,0.20073593361923386
1.5612085952677996,0.7348326871487988,2.455162158648181,0.20073593361923386
1.872312868869811,0.7348326871487988,2.4224949997107084,0.20073593361923386
1.872312868869811,0.7348326871487988,2.33370918251473,0.20073593361923386
1.872312868869811,0.7348326871487988,2.253352048322859,0.20073593361923386
1.872312868869811,0.7348326871487988,2.47799037872667,0.20073593361923386
1.872312868869811,0.7348326871487988,2.4325019757255357,0.20073593361923386
1.872312868869811,0.7348326871487988,2.220272820295482,0.20073593361923386
1.872312868869811,0.7348326871487988,2.2297581269429356,0.20073593361923386
1.872312868869811,0.7348326871487988,2.1110242635994143,0.20073593361923386
1.872312868869811,0.7127763466599161,2.270308389091285,0.20073593361923386
1.872312868869811,0.7127763466599161,2.3507602552066107,0.20073593361923386
1.872312868869811,0.7127763466599161,2.4873296262462095,0.20073593361923386
1.872312868869811,0.7539305230271166,2.149410373416554,0.20073593361923386
1.872312868869811,0.7539305230271166,2.3194672011722712,0.20073593361923386
1.872312868869811,0.7539305230271166,2.175157184431953,0.20073593361923386
1.872312868869811,0.7539305230271166,2.1892581576527155,0.20073593361923386
1.872312868869811,0.7539305230271166,2.1678725123756175,0.20073593361923386
1.872312868869811,0.7539305230271166,2.28381718648731,0.20073593361923386
1.872312868869811,0.7539305230271166,1.930337907136739,0.20073593361923386
1.872312868869811,0.7539305230271166,2.041806056646251,0.20073593361923386
1.872312868869811,0.7539305230271166,2.1328289926345785,0.20073593361923386
1.872312868869811,0.7539305230271166,2.1295825437272913,0.20073593361923386
1.872312868869811,0.7539305230271166,2.4004211932451267,0.20073593361923386
1.7502108092802464,0.7539305230271166,2.212392435699225,0.20073593361923386
1.7502108092802464,0.7539305230271166,2.402665162427358,0.20073593361923386
1.7502108092802464,0.7539305230271166,2.3357367039279846,0.20073593361923386
1.7502108092802464,0.7539305230271166,2.54222298129567,0.20073593361923386
1.982682545966894,0.7539305230271166,2.297994538208818,0.20073593361923386
1.982682545966894,0.7539305230271166,1.9693528819509558,0.20073593361923386
1.982682545966894,0.7539305230271166,2.3235974293974744,0.20073593361923386
1.982682545966894,0.7539305230271166,2.1407638169129513,0.20073593361923386
1.982682545966894,0.7539305230271166,2.1237210121277736,0.20073593361923386
1.982682545966894,0.7539305230271166,2.1026663807487056,0.20073593361923386
1.982682545966894,0.7539305230271166,2.2167624140570377,0.20073593361923386
1.982682545966894,0.7539305230271166,1.9547125740865896,0.20073593361923386
1.982682545966894,0.7539305230271166,2.2840170639025033,0.20073593361923386
1.982682545966894,0.7539305230271166,2.0423561058562636,0.20073593361923386
2.0624284463837768,0.7539305230271166,1.9516641921308289,0.20073593361923386
2.0624284463837768,0.7539305230271166,2.1155225449442985,0.20073593361923386
2.0624284463837768,0.7539305230271166,2.0418588991563458,0.20073593361923386
1.956422055485097,0.7539305230271166,2.132640014621455,0.20073593361923386
1.956422055485097,0.7539305230271166,2.109186179091494,0.20073593361923386
1.956422055485097,0.7539305230271166,2.274747812714275,0.20073593361923386
1.956422055485097,0.7539305230271166,2.1167464998901893,0.20073593361923386
1.956422055485097,0.7102320053917973,2.1732933749950263,0.20073593361923386
1.956422055485097,0.7102320053917973,2.274150556254983,0.20073593361923386
1.956422055485097,0.7102320053917973,2.127973359257633,0.20073593361923386
1.956422055485097,0.7102320053917973,2.4271712062721513,0.20073593361923386
1.956422055485097,0.7102320053917973,2.140550306494313,0.20073593361923386
1.956422055485097,0.7102320053917973,2.376570269859587,0.20073593361923386
1.956422055485097,0.7102320053917973,2.3741629030385805,0.20073593361923386
1.956422055485097,0.7102320053917973,2.3889137843305512,0.20073593361923386
1.9767779033704538,0.7102320053917973,2.3911863180562802,0.20073593361923386
1.9767779033704538,0.7102320053917973,2.2611530242228106,0.20073593361923386
1.9767779033704538,0.7102320053917973,2.264261185099501,0.20073593361923386
1.9767779033704538,0.7102320053917973,2.3217491927834666,0.20073593361923386
1.9767779033704538,0.7102320053917973,2.3655589889220896,0.20073593361923386
1.9767779033704538,0.7102320053917973,2.303810051983517,0.20073593361923386
1.9767779033704538,0.7102320053917973,2.074562250015273,0.20073593361923386
1.9767779033704538,0.7102320053917973,2.1448660904858534,0.20073593361923386
1.9767779033704538,0.7102320053917973,2.00791838742109,0.20073593361923386
1.9767779033704538,0.7102320053917973,2.528155629172351,0.20073593361923386
1.9767779033704538,0.7102320053917973,2.154284732427643,0.20073593361923386
1.9365931404830439,0.7102320053917973,2.5369189115341255,0.20073593361923386
2.1006134342072014,0.7102320053917973,2.0996913171815415,0.20073593361923386
2.1006134342072014,0.7102320053917973,2.1008324375158027,0.20073593361923386
2.1006134342072014,0.7102320053917973,2.170982264221643,0.20073593361923386
2.1006134342072014,0.7102320053917973,2.272425963542877,0.20073593361923386
2.1006134342072014,0.7102320053917973,2.1520493290351967,0.20073593361923386
2.1006134342072014,0.7102320053917973,2.0880013385672496,0.20073593361923386
2.223249933928413,0.7102320053917973,2.1736314874470315,0.20073593361923386
2.223249933928413,0.7102320053917973,2.0207051674746883,0.20073593361923386
2.223249933928413,0.7102320053917973,1.810976356629305,0.20073593361923386
2.2563224152853563,0.7102320053917973,1.9741733825470862,0.20073593361923386
2.2563224152853563,0.7102320053917973,1.9033603998441433,0.20073593361923386
2.2563224152853563,0.7102320053917973,1.8980877694833063,0.20073593361923386
2.2563224152853563,0.7102320053917973,2.111033430858965,0.20073593361923386
2.2563224152853563,0.7102320053917973,1.8977283594940484,0.20073593361923386
2.2563224152853563,0.7102320053917973,1.9583069274155396,0.20073593361923386
2.2563224152853563,0.7102320053917973,1.9173371151254532,0.20073593361923386
2.2563224152853563,0.7102320053917973,1.772511319020789,0.20073593361923386
2.2563224152853563,0.7102320053917973,2.0226270960959325,0.20073593361923386
2.2563224152853563,0.7102320053917973,1.8933128335400706,0.20073593361923386
2.2563224152853563,0.7102320053917973,2.1896565888797532,0.20073593361923386
2.2563224152853563,0.7102320053917973,1.9292819258593998,0.20073593361923386
2.0719965750123603,0.7102320053917973,2.0813263115716536,0.20073593361923386
2.0719965750123603,0.7102320053917973,2.175195376821659,0.20073593361923386
2.0719965750123603,0.7102320053917973,2.0796647028493935,0.20073593361923386
2.0719965750123603,0.7102320053917973,2.061341696168964,0.20073593361923386
2.0719965750123603,0.7102320053917973,2.2326802741605327,0.20073593361923386
2.0719965750123603,0.7102320053917973,2.0442293956473696,0.20073593361923386
2.0719965750123603,0.7102320053917973,2.1177094706508264,0.20073593361923386
2.0719965750123603,0.7102320053917973,2.314751258615038,0.20073593361923386
2.0719965750123603,0.6887814105941058,1.9867280865951655,0.20073593361923386
2.0719965750123603,0.6887814105941058,2.225260089144106,0.20073593361923386
2.0719965750123603,0.6887814105941058,2.001263677471856,0.20073593361923386
2.0719965750123603,0.6887814105941058,2.0830270821927073,0.20073593361923386
2.0719965750123603,0.6887814105941058,2.0752770170357158,0.20073593361923386
2.0719965750123603,0.6887814105941058,2.247373520391506,0.20073593361923386
2.0719965750123603,0.6969197437594501,2.013643405001725,0.20073593361923386
2.0719965750123603,0.6969197437594501,2.2351137025402092,0.20056515300931432
2.0719965750123603,0.6969197437594501,2.1278696638426915,0.20056515300931432
2.0719965750123603,0.6969197437594501,2.1008485988664933,0.20056515300931432
2.0719965750123603,0.6969197437594501,2.370747978358412,0.20056515300931432
2.0719965750123603,0.6969197437594501,2.091334549949231,0.20056515300931432
2.0719965750123603,0.7295045872441508,2.0377609337773483,0.20056515300931432
2.0719965750123603,0.7295045872441508,2.06469923262258,0.20056515300931432
2.0608288984407896,0.7295045872441508,2.163217371787163,0.20056515300931432
2.0608288984407896,0.7094102484726835,2.0313200853871507,0.20056515300931432
1.942133786761,0.7094102484726835,2.177793470835866,0.20056515300931432
1.942133786761,0.7094102484726835,2.4504549547336127,0.20056515300931432
2.0453846306289005,0.7094102484726835,2.226854817131683,0.20056515300931432
2.0453846306289005,0.7094102484726835,2.074085904334769,0.20056515300931432
2.0453846306289005,0.7094102484726835,1.9668133045668017,0.20056515300931432
1.785140729186411,0.7094102484726835,2.1958574443228422,0.20056515300931432
1.785140729186411,0.7094102484726835,2.660694828625738,0.20056515300931432
1.6666521834826367,0.7094102484726835,2.785754008709319,0.20056515300931432
1.6666521834826367,0.7529344498472483,2.714459541786697,0.20056515300931432
1.6666521834826367,0.7529344498472483,2.5295675589069284,0.20056515300931432
1.6666521834826367,0.7529344498472483,2.44755694570101,0.20056515300931432
1.6666521834826367,0.7529344498472483,2.37973536483492,0.20056515300931432
1.6666521834826367,0.7529344498472483,2.3236951946331867,0.20056515300931432
1.6666521834826367,0.7529344498472483,2.61322950822425,0.20056515300931432
1.6666521834826367,0.7529344498472483,2.5964988431433373,0.20056515300931432
1.6666521834826367,0.7529344498472483,2.5742567322789256,0.20056515300931432
1.6666521834826367,0.7529344498472483,2.7628926007968158,0.20056515300931432
1.6666521834826367,0.7529344498472483,2.3581098204338784,0.20056515300931432
1.6666521834826367,0.7529344498472483,2.4714220057005662,0.20056515300931432
1.6666521834826367,0.7529344498472483,2.3858541912162257,0.20056515300931432
1.6666521834826367,0.7529344498472483,2.4806138374849493,0.20056515300931432
1.6666521834826367,0.7529344498472483,2.383815141567085,0.20056515300931432
1.6666521834826367,0.7529344498472483,2.04574920352802,0.20056515300931432
1.6774451400528727,0.7529344498472483,2.4485789987161275,0.20056515300931432
1.6774451400528727,0.7529344498472483,2.345492821929883,0.20056515300931432
1.6774451400528727,0.7529344498472483,2.4223653040255932,0.20056515300931432
1.6774451400528727,0.7529344498472483,2.3892759335888183,0.20056515300931432
1.6774451400528727,0.7529344498472483,2.484450328567964,0.20056515300931432
1.6774451400528727,0.7529344498472483,2.377612480834753,0.20056515300931432
1.749996410261652,0.7529344498472483,2.6818441198090626,0.20056515300931432
1.749996410261652,0.7529344498472483,2.326678457164714,0.20056515300931432
1.749996410261652,0.7529344498472483,2.3571911412367546,0.20056515300931432
1.749996410261652,0.7529344498472483,2.2476437165148764,0.20056515300931432
1.749996410261652,0.7529344498472483,2.7297205368152766,0.20056515300931432
1.749996410261652,0.7529344498472483,2.4142691559716596,0.20056515300931432
1.749996410261652,0.7529344498472483,2.4276587708511825,0.20056515300931432
1.749996410261652,0.7452752375108298,2.411919442431926,0.20056515300931432
1.749996410261652,0.7452752375108298,2.398650675120078,0.20056515300931432
1.749996410261652,0.7452752375108298,2.3520853320990316,0.20056515300931432
1.749996410261652,0.7452752375108298,2.459289135350565,0.20056515300931432
1.749996410261652,0.7452752375108298,2.5548218072879796,0.20056515300931432
1.749996410261652,0.7452752375108298,2.0745028647461674,0.20056515300931432
1.749996410261652,0.7452752375108298,2.555095438770621,0.20056515300931432
1.749996410261652,0.7452752375108298,2.377395430483273,0.20056515300931432
1.749996410261652,0.7452752375108298,2.699085387653376,0.20056515300931432
1.749996410261652,0.7452752375108298,2.2515189089083485,0.20056515300931432
1.749996410261652,0.7452752375108298,2.546142498752107,0.20056515300931432
1.749996410261652,0.7452752375108298,2.6598204359776227,0.20056515300931432
1.749996410261652,0.7452752375108298,2.3598907549074433,0.20056515300931432
1.749996410261652,0.7452752375108298,2.3916353402590778,0.20056515300931432
1.749996410261652,0.7452752375108298,2.3163521845390393,0.20056515300931432
1.749996410261652,0.7452752375108298,2.4346987108412543,0.20056515300931432
1.749996410261652,0.7452752375108298,2.2905556983655755,0.20056515300931432
1.749996410261652,0.7365688144962793,2.6602535824475146,0.20056515300931432
1.749996410261652,0.7365688144962793,2.3753378078168836,0.20056515300931432
1.749996410261652,0.7365688144962793,2.152659672893544,0.20056515300931432
1.7570042817927878,0.7365688144962793,2.373661730396555,0.20056515300931432
1.7570042817927878,0.7365688144962793,2.4682510922218692,0.20056515300931432
1.7570042817927878,0.7365688144962793,2.445066458717163,0.20056515300931432
1.7570042817927878,0.7365688144962793,2.674133976881478,0.20056515300931432
1.7570042817927878,0.7365688144962793,2.4314536209040876,0.20056515300931432
1.7570042817927878,0.7365688144962793,2.308805526235141,0.20056515300931432
1.7500365370241266,0.7365688144962793,2.4855590991037726,0.20056515300931432
1.7500365370241266,0.7365688144962793,2.436424597475263,0.20056515300931432
1.8963378162449058,0.7365688144962793,2.1378701297795906,0.20056515300931432
1.5524442582965183,0.7365688144962793,2.4994400291939005,0.20056515300931432
1.5524442582965183,0.7365688144962793,2.8955269388810905,0.20056515300931432
1.5524442582965183,0.7365688144962793,2.7174392275937005,0.20056515300931432
1.5524442582965183,0.7365688144962793,2.681065635964916,0.20056515300931432
1.5524442582965183,0.7365688144962793,2.7208563992504815,0.20056515300931432
1.5524442582965183,0.7365688144962793,2.8570170451197066,0.20056515300931432
1.5524442582965183,0.7365688144962793,2.986965870837162,0.20056515300931432
1.5524442582965183,0.7365688144962793,2.961752107680497,0.20056515300931432
1.5524442582965183,0.7365688144962793,2.473650276428454,0.20056515300931432
1.5524442582965183,0.7365688144962793,3.185582721551774,0.20056515300931432
1.5524442582965183,0.7524809081270291,2.578261477494063,0.20056515300931432
1.5524442582965183,0.7524809081270291,2.5587741925431486,0.20056515300931432
1.5524442582965183,0.7524809081270291,2.4867418533222008,0.20056515300931432
1.5524442582965183,0.7524809081270291,2.7227007062628283,0.20056515300931432
1.5524442582965183,0.7524809081270291,2.827360794435467,0.20056515300931432
1.5524442582965183,0.7524809081270291,2.6278536977313656,0.20056515300931432
1.5524442582965183,0.7524809081270291,2.6422540152922784,0.20056515300931432
1.5524442582965183,0.7524809081270291,2.5970227294533554,0.20056515300931432
1.5524442582965183,0.7524809081270291,2.512370471523879,0.20056515300931432
1.8761163158820713,0.7524809081270291,2.4111758434716104,0.20056515300931432
1.8761163158820713,0.7524809081270291,1.9221612484867954,0.20056515300931432
1.8761163158820713,0.7524809081270291,2.1379286407006295,0.20056515300931432
1.8761163158820713,0.7524809081270291,2.353357802932146,0.20056515300931432
1.8761163158820713,0.7524809081270291,2.5533367487139635,0.20056515300931432
1.8761163158820713,0.7524809081270291,2.1911615547109604,0.20056515300931432
1.8761163158820713,0.7524809081270291,2.0968640744903517,0.20056515300931432
1.8761163158820713,0.7524809081270291,2.2094582807089456,0.20056515300931432
1.8761163158820713,0.7524809081270291,2.453771046034193,0.20056515300931432
1.8761163158820713,0.7524809081270291,2.1621452984891247,0.20056515300931432
1.8761163158820713,0.7524809081270291,2.313758743155966,0.20056515300931432
1.8761163158820713,0.7524809081270291,2.3589358435961447,0.20056515300931432
1.8761163158820713,0.7524809081270291,2.4682593951418914,0.20056515300931432
1.8761163158820713,0.7524809081270291,2.31293616534007,0.20056515300931432
1.8761163158820713,0.7524809081270291,2.197089399505459,0.20056515300931432
1.8761163158820713,0.7524809081270291,2.2122539041400504,0.20056515300931432
1.8761163158820713,0.7524809081270291,2.350722637276047,0.20056515300931432
1.8761163158820713,0.7524809081270291,2.2133182518927272,0.20056515300931432
1.8761163158820713,0.7524809081270291,2.102905471991398,0.20056515300931432
1.8761163158820713,0.7524809081270291,2.2929313717084243,0.20056515300931432
1.8761163158820713,0.7524809081270291,1.9985983412979063,0.20056515300931432
1.8761163158820713,0.7524809081270291,2.4421508993721983,0.20056515300931432
1.8761163158820713,0.7524809081270291,2.345837871970208,0.20056515300931432
1.8761163158820713,0.7524809081270291,2.131601245935734,0.20056515300931432
1.8761163158820713,0.7524809081270291,2.3200424373050272,0.20056515300931432
1.7176875205691775,0.7524809081270291,2.232085773440209,0.20056515300931432
1.6592746962684037,0.7524809081270291,2.2834952342871793,0.20056515300931432
1.6592746962684037,0.7524809081270291,2.635994600095019,0.20056515300931432
1.6592746962684037,0.7524809081270291,2.0983691781305986,0.20056515300931432
1.6592746962684037,0.7524809081270291,2.5718924782582384,0.20056515300931432
1.6592746962684037,0.7524809081270291,2.6989755719959585,0.20056515300931432
1.6592746962684037,0.7524809081270291,2.60106437582159,0.20056515300931432
1.6592746962684037,0.7524809081270291,2.395426193531197,0.20056515300931432
1.6592746962684037,0.7524809081270291,2.6176068497425913,0.20056515300931432
1.6592746962684037,0.7524809081270291,2.767677175794231,0.20056515300931432
1.6592746962684037,0.7524809081270291,2.718697215342698,0.20056515300931432
1.6592746962684037,0.7524809081270291,2.612632609435469,0.20056515300931432
1.6592746962684037,0.7524809081270291,2.4193699195374045,0.20056515300931432
1.5319077991807513,0.7524809081270291,2.724309654630348,0.20056515300931432
1.5319077991807513,0.7524809081270291,2.6111027707179684,0.20056515300931432
1.5319077991807513,0.7524809081270291,2.602572107007093,0.20056515300931432
1.5319077991807513,0.7524809081270291,2.6846288189705367,0.20056515300931432
1.5319077991807513,0.7524809081270291,2.698796591754346,0.20056515300931432
1.5319077991807513,0.7524809081270291,2.8567683542706845,0.20056515300931432
1.5319077991807513,0.7524809081270291,2.7605975375034255,0.20056515300931432
1.5319077991807513,0.7524809081270291,2.8820848683357285,0.20056515300931432
1.5319077991807513,0.7524809081270291,2.9088736675621663,0.20056515300931432
1.5319077991807513,0.7524809081270291,2.4752967309166634,0.20056515300931432
1.5319077991807513,0.7524809081270291,2.600952274351358,0.20056515300931432
1.5319077991807513,0.7524809081270291,2.633163058778743,0.20056515300931432
1.5319077991807513,0.7524809081270291,2.7412249920847467,0.20056515300931432
1.5319077991807513,0.7524809081270291,2.4037558722072676,0.20056515300931432
1.5319077991807513,0.7524809081270291,2.7531351396148773,0.20056515300931432
1.5319077991807513,0.7524809081270291,2.4277070967642205,0.20056515300931432
1.5703396234708138,0.7524809081270291,2.793324094050993,0.20056515300931432
1.5703396234708138,0.7524809081270291,2.407634990347945,0.20056515300931432
1.5703396234708138,0.7524809081270291,2.563908203221142,0.20056515300931432
1.5703396234708138,0.7524809081270291,2.4309520929470025,0.20056515300931432
1.5703396234708138,0.7524809081270291,2.497496152916633,0.20056515300931432
1.5703396234708138,0.7524809081270291,2.7882607463763396,0.20056515300931432
1.5703396234708138,0.7524809081270291,2.588405338672445,0.20056515300931432
1.5703396234708138,0.7524809081270291,2.592947763405804,0.20056515300931432
1.5703396234708138,0.7524809081270291,2.812932758407688,0.20056515300931432
1.5703396234708138,0.7524809081270291,3.017673626723859,0.20056515300931432
1.5703396234708138,0.7524809081270291,2.506926386454209,0.20056515300931432
1.5703396234708138,0.7524809081270291,3.0466968000010555,0.20056515300931432
1.5703396234708138,0.7524809081270291,2.6492318964073434,0.20056515300931432
1.5703396234708138,0.7524809081270291,2.723014346100506,0.20056515300931432
1.5703396234708138,0.7310441027990126,2.7350578137108332,0.20056515300931432
1.5703396234708138,0.7310441027990126,2.464790777127729,0.20056515300931432
1.5703396234708138,0.7310441027990126,2.9677738108792457,0.20056515300931432
1.5703396234708138,0.7310441027990126,2.678464569222094,0.20056515300931432
1.512259889522296,0.7310441027990126,2.9770724723549487,0.20056515300931432
1.512259889522296,0.7310441027990126,2.746902428356195,0.20056515300931432
1.512259889522296,0.7310441027990126,2.725816086120332,0.20056515300931432
1.512259889522296,0.8124987867848342,2.570139560353398,0.20056515300931432
1.512259889522296,0.8124987867848342,2.5587037148105884,0.20056515300931432
1.512259889522296,0.8124987867848342,2.551372831856709,0.20056515300931432
1.512259889522296,0.8124987867848342,2.257613091821026,0.20056515300931432
1.512259889522296,0.8124987867848342,2.37639782296801,0.20056515300931432
1.512259889522296,0.8124987867848342,2.4550738186054044,0.20056515300931432
1.512259889522296,0.8124987867848342,2.513549564214353,0.20056515300931432
1.512259889522296,0.8124987867848342,3.0163059460182438,0.20056515300931432
1.512259889522296,0.8124987867848342,2.4633692691211544,0.20056515300931432
1.512259889522296,0.8124987867848342,2.814911654289472,0.20056515300931432
1.512259889522296,0.8124987867848342,2.340885902809646,0.20056515300931432
1.512259889522296,0.8124987867848342,2.4973678026084274,0.20056515300931432
1.512259889522296,0.8124987867848342,2.35664634130221,0.20056515300931432
1.512259889522296,0.8124987867848342,2.740110053930923,0.20056515300931432
1.512259889522296,0.8124987867848342,2.6087506309938013,0.20056515300931432
1.512259889522296,0.8124987867848342,2.8081325479504677,0.20056515300931432
1.512259889522296,0.8124987867848342,2.3097956741475842,0.20056515300931432
1.512259889522296,0.8124987867848342,2.7067417673404113,0.20056515300931432
1.512259889522296,0.8124987867848342,2.3336653513234955,0.20056515300931432
1.512259889522296,0.8124987867848342,2.7549161437337637,0.20056515300931432
1.5548593179342167,0.8124987867848342,2.6252392290487165,0.20056515300931432
1.5548593179342167,0.8124987867848342,2.664221510878869,0.20056515300931432
1.5548593179342167,0.801206714807873,2.345255994706387,0.20056515300931432
1.5548593179342167,0.801206714807873,2.45564281885851,0.20056515300931432
1.5548593179342167,0.801206714807873,2.6407911864204445,0.20056515300931432
1.5548593179342167,0.801206714807873,2.5387124397863814,0.20056515300931432
1.5548593179342167,0.801206714807873,2.5372654258805554,0.20056515300931432
1.5548593179342167,0.801206714807873,2.373847457263602,0.20056515300931432
1.5548593179342167,0.801206714807873,2.459465140450915,0.20056515300931432
1.5548593179342167,0.801206714807873,2.6522630020399918,0.20056515300931432
1.5548593179342167,0.801206714807873,2.620105160506306,0.20056515300931432
1.5548593179342167,0.801206714807873,2.4335219637161787,0.20056515300931432
1.5548593179342167,0.801206714807873,2.49415826967138,0.20056515300931432
1.5548593179342167,0.801206714807873,2.5672674480018207,0.20056515300931432
1.5548593179342167,0.801206714807873,2.4401717186597613,0.20056515300931432
1.5548593179342167,0.801206714807873,2.721349758930332,0.20056515300931432
1.5548593179342167,0.8068208847692212,2.4956830521569917,0.20056515300931432
1.5548593179342167,0.8068208847692212,2.3567452541168206,0.20056515300931432
1.5548593179342167,0.8068208847692212,2.4591626879020203,0.20056515300931432
1.5548593179342167,0.8068208847692212,2.7422716884603457,0.20056515300931432
1.5548593179342167,0.8068208847692212,2.3230445537760867,0.20056515300931432
1.5548593179342167,0.8068208847692212,2.3973528648935654,0.20056515300931432
1.5548593179342167,0.8068208847692212,2.532656856863819,0.20056515300931432
1.5548593179342167,0.8068208847692212,2.5362577480836626,0.20056515300931432
1.5548593179342167,0.8068208847692212,2.479522744410093,0.20056515300931432
1.5548593179342167,0.8068208847692212,2.716408847208866,0.20056515300931432
1.5548593179342167,0.8068208847692212,2.4621222263898987,0.20056515300931432
1.5548593179342167,0.8068208847692212,2.3718568178749018,0.20056515300931432
1.5548593179342167,0.8068208847692212,2.5689912668414574,0.20056515300931432
1.5548593179342167,0.8068208847692212,2.573155304971598,0.20056515300931432
1.5548593179342167,0.7201213337920382,2.548273427996518,0.20056515300931432
1.5548593179342167,0.7201213337920382,2.8066195161032352,0.20056515300931432
1.5548593179342167,0.7201213337920382,2.6966731995970052,0.20056515300931432
1.5548593179342167,0.7201213337920382,2.940197254540987,0.20056515300931432
1.5548593179342167,0.7201213337920382,2.8869123622126334,0.20056515300931432
1.5548593179342167,0.7201213337920382,2.4998740011481266,0.20056515300931432
1.5548593179342167,0.7201213337920382,2.7909134890288416,0.20056515300931432
1.5548593179342167,0.7201213337920382,2.5362434547643122,0.20056515300931432
1.5548593179342167,0.7201213337920382,2.7335423782980417,0.20056515300931432
1.5548593179342167,0.7201213337920382,2.7429231143174966,0.20056515300931432
1.5548593179342167,0.7201213337920382,3.3241480536208416,0.20056515300931432
1.5548593179342167,0.7201213337920382,2.778949902805407,0.20056515300931432
1.5548593179342167,0.7201213337920382,2.863739046855374,0.20056515300931432
1.5548593179342167,0.7201213337920382,2.9763623923060747,0.20056515300931432
1.5548593179342167,0.7201213337920382,2.978324338310534,0.20056515300931432
1.5548593179342167,0.7201213337920382,2.5015972240791933,0.20056515300931432
1.5548593179342167,0.7201213337920382,3.0632779716362477,0.20056515300931432
1.5548593179342167,0.7201213337920382,3.3238065234239857,0.20056515300931432
1.5548593179342167,0.7201213337920382,2.8490630535611148,0.20056515300931432
1.5548593179342167,0.7201213337920382,2.6448694847797647,0.20056515300931432
1.5548593179342167,0.7201213337920382,2.8383688399719618,0.20056515300931432
1.5548593179342167,0.7201213337920382,2.4936628323192456,0.20056515300931432
1.5548593179342167,0.7201213337920382,2.601009599437196,0.20056515300931432
1.5548593179342167,0.7201213337920382,3.065153032864943,0.20056515300931432
1.5548593179342167,0.7201213337920382,3.108660677924939,0.20056515300931432
1.5548593179342167,0.7201213337920382,2.7770540958716436,0.20056515300931432
1.5548593179342167,0.7201213337920382,2.9315284469692404,0.20056515300931432
1.5548593179342167,0.7201213337920382,2.659590170059678,0.20056515300931432
1.5548593179342167,0.7201213337920382,2.804136035834796,0.20056515300931432
1.5548593179342167,0.7380431105044292,2.8923897830580265,0.20056515300931432
1.5548593179342167,0.7380431105044292,2.70202106986778,0.20056515300931432
1.5548593179342167,0.7380431105044292,3.0558129341330997,0.20056515300931432
1.5548593179342167,0.7380431105044292,2.9316051410492467,0.20056515300931432
1.5548593179342167,0.7380431105044292,3.1057296265720717,0.20056515300931432
1.5548593179342167,0.7380431105044292,2.590246073091293,0.20056515300931432
1.7480979542112898,0.7380431105044292,2.643131766210718,0.20056515300931432
1.7480979542112898,0.7380431105044292,2.6744089816439236,0.20056515300931432
1.7480979542112898,0.7380431105044292,2.211070265354189,0.20056515300931432
1.7480979542112898,0.7380431105044292,2.4162411190773567,0.20056515300931432
1.7480979542112898,0.7380431105044292,2.522605763004804,0.20056515300931432
1.9012983520093476,0.7380431105044292,1.9986910278331016,0.20056515300931432
1.9012983520093476,0.7380431105044292,2.2387609517656255,0.20056515300931432
1.9012983520093476,0.7380431105044292,2.1883822312475707,0.20056515300931432
1.9012983520093476,0.7083303052465323,2.3224177596299107,0.20056515300931432
1.9012983520093476,0.7083303052465323,2.310468537319793,0.20056515300931432
1.9012983520093476,0.7083303052465323,2.191995250797081,0.20056515300931432
1.9012983520093476,0.7083303052465323,2.4669220884170806,0.20056515300931432
1.9012983520093476,0.7083303052465323,2.322813621634151,0.20056515300931432
1.9012983520093476,0.7083303052465323,2.5538104820466727,0.20056515300931432
1.7015904614478363,0.7083303052465323,2.3672654235367885,0.20056515300931432
1.7015904614478363,0.7083303052465323,2.5199243271399956,0.20056515300931432
1.7015904614478363,0.7083303052465323,2.6470066968152204,0.20056515300931432
1.7015904614478363,0.7083303052465323,2.6123136747931097,0.20056515300931432
1.7015904614478363,0.7083303052465323,2.6247869596885254,0.20056515300931432
1.7015904614478363,0.7083303052465323,2.6809938185343,0.20056515300931432
1.7015904614478363,0.7083303052465323,2.373128811989121,0.20056515300931432
1.7015904614478363,0.7083303052465323,2.5855582312772376,0.20056515300931432
1.7015904614478363,0.7083303052465323,2.676580981177667,0.20056515300931432
1.7015904614478363,0.7083303052465323,2.534857285673724,0.20056515300931432
1.7056249894317996,0.7083303052465323,2.5181982278505606,0.20056515300931432
1.7056249894317996,0.7083303052465323,2.784285853351138,0.20056515300931432
1.7056249894317996,0.7083303052465323,2.7176528834210223,0.20056515300931432
1.7056249894317996,0.7083303052465323,2.591294566292248,0.20056515300931432
1.7056249894317996,0.7083303052465323,2.520186356540731,0.20056515300931432
1.804980212206964,0.7083303052465323,2.6371635690480715,0.20056515300931432
1.804980212206964,0.7083303052465323,2.5143999835146884,0.20056515300931432
1.804980212206964,0.7250697942361466,2.479838859802229,0.20056515300931432
1.804980212206964,0.7250697942361466,2.415472978186691,0.20056515300931432
1.804980212206964,0.7250697942361466,2.5037718501972197,0.20056515300931432
1.804980212206964,0.7250697942361466,2.452335663808282,0.20056515300931432
1.804980212206964,0.7250697942361466,2.4165204047956133,0.20056515300931432
1.804980212206964,0.7250697942361466,2.537141997438884,0.20056515300931432
1.804980212206964,0.7250697942361466,2.414278004304115,0.20056515300931432
1.804980212206964,0.7250697942361466,2.4895773590236567,0.20056515300931432
1.804980212206964,0.7250697942361466,2.60616838143971,0.20056515300931432
1.804980212206964,0.7250697942361466,2.3300443228522214,0.20056515300931432
1.804980212206964,0.7250697942361466,2.40164382255389,0.20056515300931432
1.804980212206964,0.7250697942361466,2.2024023968518622,0.20056515300931432
1.804980212206964,0.7250697942361466,2.3071580920914627,0.20056515300931432
1.804980212206964,0.7250697942361466,2.3153699668588175,0.20056515300931432
1.804980212206964,0.7250697942361466,2.3356962847244174,0.20056515300931432
1.804980212206964,0.7079147754951078,2.455526410619049,0.20056515300931432
1.804980212206964,0.7079147754951078,2.5411059993952847,0.20056515300931432
1.7788417271123707,0.7079147754951078,2.390510549950413,0.20056515300931432
1.7788417271123707,0.7079147754951078,2.537773478378363,0.20056515300931432
1.7788417271123707,0.7079147754951078,2.4684474854550382,0.20056515300931432
1.7788417271123707,0.7079147754951078,2.590871821531848,0.20056515300931432
1.7788417271123707,0.7079147754951078,2.646969510993906,0.20056515300931432
1.7788417271123707,0.7079147754951078,2.655242098091195,0.20056515300931432
1.7788417271123707,0.7079147754951078,2.383208302227292,0.20056515300931432
1.7788417271123707,0.7079147754951078,2.401943389584841,0.20056515300931432
1.7788417271123707,0.7079147754951078,2.495963788808597,0.20056515300931432
1.7788417271123707,0.7079147754951078,2.4722990203651016,0.20056515300931432
1.7788417271123707,0.7079147754951078,2.5107233069610064,0.20056515300931432
1.878398774040517,0.7079147754951078,2.394003133725022,0.20056515300931432
1.878398774040517,0.7079147754951078,2.320278532203685,0.20056515300931432
1.878398774040517,0.7079147754951078,2.2152788622636215,0.20056515300931432
1.878398774040517,0.7079147754951078,2.163642807987973,0.20056515300931432
1.878398774040517,0.7079147754951078,2.338867294139609,0.20056515300931432
1.878398774040517,0.7079147754951078,2.3742115760816516,0.20056515300931432
1.878398774040517,0.7079147754951078,2.5861339647551485,0.20056515300931432
1.878398774040517,0.7079147754951078,2.429560830692837,0.20056515300931432
1.8828450687012275,0.7079147754951078,2.3664202674965527,0.20056515300931432
1.8828450687012275,0.7767276169822745,2.137690596434718,0.20056515300931432
1.8828450687012275,0.7767276169822745,2.3642049251436905,0.20056515300931432
1.8828450687012275,0.7767276169822745,2.111121436746529,0.20056515300931432
1.8828450687012275,0.7767276169822745,2.1896588168740023,0.20056515300931432
1.8828450687012275,0.7767276169822745,2.027352719726477,0.20056515300931432
1.8828450687012275,0.7767276169822745,2.0166289499050225,0.20056515300931432
1.8828450687012275,0.7767276169822745,2.138473567569995,0.20056515300931432
1.8828450687012275,0.7767276169822745,2.3949623454712103,0.20056515300931432
1.8828450687012275,0.7767276169822745,2.157702973700855,0.20056515300931432
1.8828450687012275,0.7505084823327252,2.271302468157412,0.20056515300931432
1.8828450687012275,0.7505084823327252,2.249381397697875,0.20056515300931432
1.684547251005712,0.7505084823327252,2.3318387337228175,0.20056515300931432
1.684547251005712,0.7505084823327252,2.6556099980843935,0.20056515300931432
1.684547251005712,0.7505084823327252,2.529009118586025,0.20056515300931432
1.684547251005712,0.7505084823327252,2.6697004975568923,0.20056515300931432
1.684547251005712,0.708720619675503,3.1669827358064304,0.20056515300931432
1.684547251005712,0.708720619675503,2.554878138116321,0.20056515300931432
1.684547251005712,0.708720619675503,2.6671912649569696,0.20056515300931432
1.684547251005712,0.708720619675503,2.7254417824763264,0.20056515300931432
1.684547251005712,0.708720619675503,2.622130844349095,0.20056515300931432
1.684547251005712,0.708720619675503,2.6858384624938076,0.20056515300931432
1.684547251005712,0.708720619675503,2.5888822745432813,0.20056515300931432
1.684547251005712,0.708720619675503,2.488269133565509,0.20056515300931432
1.684547251005712,0.708720619675503,2.6239007307157225,0.20056515300931432
1.684547251005712,0.708720619675503,2.612790529234034,0.20056515300931432
1.684547251005712,0.708720619675503,2.63509966198371,0.20056515300931432
1.684547251005712,0.708720619675503,2.631155046689271,0.20056515300931432
1.684547251005712,0.708720619675503,2.7309098673746544,0.20056515300931432
1.684547251005712,0.708720619675503,2.402381904073378,0.20056515300931432
1.684547251005712,0.708720619675503,2.6237228777718307,0.20056515300931432
1.9842509819643883,0.708720619675503,2.335176174063791,0.20056515300931432
1.9842509819643883,0.708720619675503,2.2846232128320683,0.20056515300931432
1.9842509819643883,0.708720619675503,2.2556659488899653,0.20056515300931432
1.9842509819643883,0.708720619675503,2.2095121923891026,0.20056515300931432
1.9842509819643883,0.708720619675503,2.1101057098786278,0.20056515300931432
1.9842509819643883,0.708720619675503,2.320618419805862,0.20056515300931432
1.9842509819643883,0.708720619675503,2.3767808118658755,0.20056515300931432
1.9842509819643883,0.708720619675503,2.14565167026558,0.20056515300931432
1.9842509819643883,0.708720619675503,2.1363466240857125,0.20056515300931432
1.9842509819643883,0.708720619675503,1.9096559713776327,0.20056515300931432
1.9842509819643883,0.708720619675503,2.3291541582664483,0.20056515300931432
1.9842509819643883,0.708720619675503,2.4609905722422014,0.20056515300931432
1.9842509819643883,0.708720619675503,1.9804130889529106,0.20056515300931432
1.9842509819643883,0.708720619675503,2.080115066530213,0.20056515300931432
1.9592256587677843,0.708720619675503,2.4229492524481944,0.20056515300931432
1.9592256587677843,0.708720619675503,2.0485637404187553,0.20056515300931432
1.9592256587677843,0.708720619675503,2.0787245664261533,0.20056515300931432
1.9592256587677843,0.708720619675503,2.192133805061451,0.20056515300931432
1.9592256587677843,0.708720619675503,2.146753921453411,0.20056515300931432
1.9592256587677843,0.708720619675503,2.3364721559803874,0.20056515300931432
1.9592256587677843,0.708720619675503,2.062630015657541,0.20056515300931432
1.9270462865559082,0.708720619675503,2.3901384552896667,0.20056515300931432
1.9270462865559082,0.708720619675503,2.6318252991487614,0.20056515300931432
1.9270462865559082,0.708720619675503,2.2254174588432836,0.20056515300931432
1.9270462865559082,0.708720619675503,2.0107409671553946,0.20056515300931432
1.9270462865559082,0.708720619675503,2.2104476592077047,0.20056515300931432
1.9270462865559082,0.708720619675503,2.3494610905324484,0.20056515300931432
1.9270462865559082,0.708720619675503,2.228660007321952,0.20056515300931432
1.9270462865559082,0.708720619675503,2.307562922377663,0.20056515300931432
1.9270462865559082,0.708720619675503,2.2739959257783786,0.20056515300931432
1.9270462865559082,0.708720619675503,2.4078125080399215,0.20056515300931432
1.9270462865559082,0.708720619675503,2.1475428304385416,0.20056515300931432
1.9270462865559082,0.708720619675503,2.097140355509525,0.20056515300931432
1.9270462865559082,0.708720619675503,2.237824155837583,0.20056515300931432
1.9270462865559082,0.708720619675503,2.2234783128185795,0.20056515300931432
1.9270462865559082,0.708720619675503,2.0346738242248446,0.20056515300931432
1.9270462865559082,0.708720619675503,2.240583675721199,0.20056515300931432
1.9270462865559082,0.708720619675503,2.420834429679752,0.20056515300931432
1.9270462865559082,0.708720619675503,2.2093440619057643,0.20056515300931432
1.9270462865559082,0.708720619675503,2.482030027497232,0.20056515300931432
1.9270462865559082,0.708720619675503,2.1905315768600984,0.20056515300931432
1.9270462865559082,0.708720619675503,2.3429689129967204,0.20056515300931432
1.860544924459632,0.708720619675503,2.3049324447091686,0.20056515300931432
1.860544924459632,0.708720619675503,2.225261714441647,0.20056515300931432
1.860544924459632,0.708720619675503,2.1995738639352,0.20056515300931432
1.828805380750303,0.708720619675503,2.5140923780023017,0.20056515300931432
1.828805380750303,0.708720619675503,2.5562377117189827,0.20056515300931432
1.828805380750303,0.708720619675503,2.322938006526717,0.20056515300931432
1.828805380750303,0.708720619675503,2.153233623859236,0.20056515300931432
1.828805380750303,0.708720619675503,2.4714043429995867,0.20056515300931432
1.828805380750303,0.708720619675503,2.5433546260870656,0.20056515300931432
1.828805380750303,0.708720619675503,2.2228548450760175,0.20056515300931432
1.828805380750303,0.708720619675503,2.623342730043141,0.20056515300931432
1.828805380750303,0.708720619675503,2.241750478229981,0.20056515300931432
1.828805380750303,0.708720619675503,2.470367903101396,0.20056515300931432
1.828805380750303,0.708720619675503,2.275910628043382,0.20056515300931432
1.828805380750303,0.708720619675503,2.488119599691861,0.20056515300931432
1.828805380750303,0.708720619675503,2.4027536858681025,0.20056515300931432
1.828805380750303,0.708720619675503,2.5686213623280874,0.20056515300931432
1.828805380750303,0.708720619675503,2.360271703597243,0.20056515300931432
1.828805380750303,0.708720619675503,2.4233933617544188,0.20056515300931432
2.0587731916799203,0.708720619675503,1.9844798977679983,0.20056515300931432
1.951171178348334,0.708720619675503,1.9456851920724172,0.20056515300931432
1.863713611863462,0.708720619675503,2.3278376332595374,0.20056515300931432
1.863713611863462,0.708720619675503,2.1605694729469347,0.20056515300931432
1.863713611863462,0.708720619675503,2.391041295752479,0.20056515300931432
1.863713611863462,0.708720619675503,2.3467176808695216,0.20056515300931432
1.863713611863462,0.708720619675503,2.5231915156472007,0.20056515300931432
1.863713611863462,0.708720619675503,2.409253547239491,0.20056515300931432
1.863713611863462,0.708720619675503,2.223642813384194,0.20056515300931432
1.83080978975673,0.708720619675503,2.5884506157219227,0.20056515300931432
1.83080978975673,0.708720619675503,2.4226123981203598,0.20056515300931432
1.8331281094148248,0.708720619675503,2.4858934183319668,0.20056515300931432
1.8331281094148248,0.708720619675503,2.3850839251365294,0.20056515300931432
1.8331281094148248,0.708720619675503,2.3867172651614594,0.20056515300931432
1.7719279339888114,0.708720619675503,2.432466134031061,0.20056515300931432
1.7719279339888114,0.708720619675503,2.3661656177059953,0.20056515300931432
1.7719279339888114,0.708720619675503,2.449165059958808,0.20056515300931432
1.7719279339888114,0.708720619675503,2.400536242865975,0.20056515300931432
1.7719279339888114,0.708720619675503,2.671811292653543,0.20056515300931432
1.7719279339888114,0.708720619675503,2.260206433379142,0.20056515300931432
1.7719279339888114,0.708720619675503,2.465473410592875,0.20056515300931432
1.7719279339888114,0.708720619675503,2.683393053293167,0.20056515300931432
1.7719279339888114,0.708720619675503,2.5746725672113357,0.20056515300931432
1.7719279339888114,0.708720619675503,2.63805952161917,0.20056515300931432
1.7719279339888114,0.708720619675503,2.5572859901765224,0.20056515300931432
1.7719279339888114,0.708720619675503,2.266276945892862,0.20056515300931432
1.7719279339888114,0.708720619675503,2.3492716816769152,0.20056515300931432
1.7719279339888114,0.708720619675503,2.65183825406988,0.20056515300931432
1.7719279339888114,0.708720619675503,2.355659161190531,0.20056515300931432
1.845348898032908,0.708720619675503,2.471753838589059,0.20056515300931432
1.845348898032908,0.708720619675503,2.353216277022,0.20056515300931432
1.845348898032908,0.708720619675503,2.392587278233685,0.20056515300931432
1.845348898032908,0.708720619675503,2.4249991613205943,0.20056515300931432
1.845348898032908,0.708720619675503,2.246554163376699,0.20056515300931432
1.845348898032908,0.708720619675503,2.2152671429143482,0.20056515300931432
1.685123013885291,0.708720619675503,2.5842506990340963,0.20056515300931432
1.685123013885291,0.708720619675503,2.7193659736786726,0.20056515300931432
1.7153602280872664,0.708720619675503,2.2801974086207752,0.20056515300931432
1.7153602280872664,0.708720619675503,2.408905893295009,0.20056515300931432
1.7153602280872664,0.708720619675503,2.8331169014240887,0.20056515300931432
1.7153602280872664,0.708720619675503,2.5074902459711943,0.20056515300931432
1.7153602280872664,0.708720619675503,2.4234743416931526,0.20056515300931432
1.7153602280872664,0.708720619675503,2.4397701803848877,0.20056515300931432
1.7153602280872664,0.708720619675503,2.411715828047689,0.20056515300931432
1.7153602280872664,0.708720619675503,2.437445294728516,0.20056515300931432
1.7153602280872664,0.6713917460469871,2.4742620005918985,0.20056515300931432
1.7153602280872664,0.6713917460469871,2.669239009476919,0.20056515300931432
1.7153602280872664,0.6713917460469871,2.6019704977577107,0.20056515300931432
1.8617299613293155,0.6713917460469871,2.6247020999575668,0.20056515300931432
1.8617299613293155,0.6713917460469871,2.548178466403244,0.20056515300931432
1.8617299613293155,0.6713917460469871,2.606641259218816,0.20056515300931432
1.954112045331452,0.6713917460469871,2.2640990593730383,0.20056515300931432
1.954112045331452,0.6713917460469871,2.2824261574327487,0.20056515300931432
1.954112045331452,0.6713917460469871,2.390774520678365,0.20056515300931432
2.085160694587735,0.6713917460469871,2.341641994504815,0.20056515300931432
2.085160694587735,0.6713917460469871,2.2952508615154312,0.20056515300931432
2.085160694587735,0.6713917460469871,2.0535165917892453,0.20056515300931432
2.085160694587735,0.6713917460469871,2.1400994272356293,0.20056515300931432
2.085160694587735,0.6713917460469871,2.1947701957746184,0.20056515300931432
2.085160694587735,0.6713917460469871,2.1905729931641984,0.20056515300931432
2.085160694587735,0.6713917460469871,2.1923172535693594,0.20056515300931432
2.085160694587735,0.6713917460469871,2.1479928562777384,0.20056515300931432
2.085160694587735,0.6713917460469871,2.2771350782289064,0.20056515300931432
2.085160694587735,0.6713917460469871,2.450378033376271,0.20056515300931432
2.085160694587735,0.6713917460469871,2.205845145844939,0.20056515300931432
2.085160694587735,0.6713917460469871,2.38018422256274,0.20056515300931432
2.085160694587735,0.6713917460469871,2.3978080635732804,0.20056515300931432
2.085160694587735,0.6713917460469871,2.3410258360796665,0.20056515300931432
2.085160694587735,0.6713917460469871,2.134852613108703,0.20056515300931432
2.085160694587735,0.6713917460469871,2.2340719750868407,0.20056515300931432
1.9767574575975984,0.6713917460469871,2.2334615596763387,0.20056515300931432
1.9767574575975984,0.6713917460469871,2.2274500907293806,0.20056515300931432
1.9767574575975984,0.6713917460469871,2.3122874550621004,0.20056515300931432
1.9767574575975984,0.6713917460469871,2.319548017227948,0.20056515300931432
1.9767574575975984,0.6713917460469871,2.1266278460932178,0.20056515300931432
1.9767574575975984,0.6713917460469871,2.110024359224649,0.20056515300931432
1.9767574575975984,0.6713917460469871,2.2284053766956506,0.20056515300931432
1.9767574575975984,0.6713917460469871,2.6059679341906246,0.20056515300931432
2.1574140359824625,0.6713917460469871,2.1918612924494445,0.20056515300931432
2.1574140359824625,0.6713917460469871,2.2615505848441293,0.20056515300931432
2.1574140359824625,0.6713917460469871,1.9969661700479964,0.20056515300931432
2.1574140359824625,0.6713917460469871,2.252266507279162,0.20056515300931432
2.1574140359824625,0.6713917460469871,2.3847448068876997,0.20056515300931432
2.1574140359824625,0.6713917460469871,2.1242362437699502,0.20056515300931432
2.1574140359824625,0.6713917460469871,2.1460296638774503,0.20056515300931432
2.1574140359824625,0.6713917460469871,2.0110612255843505,0.20056515300931432
2.1574140359824625,0.6713917460469871,2.1826497182311138,0.20056515300931432
2.1574140359824625,0.6713917460469871,2.225921446462217,0.20056515300931432
2.1574140359824625,0.6713917460469871,2.0516932504885497,0.20056515300931432
2.1574140359824625,0.6713917460469871,2.4256041178964254,0.20056515300931432
2.0880116121544083,0.6713917460469871,2.2893492215134077,0.20056515300931432
2.0880116121544083,0.6713917460469871,2.11512830907984,0.20056515300931432
1.9654509731788607,0.6713917460469871,2.2308183001333433,0.20056515300931432
1.9654509731788607,0.6713917460469871,2.668155611877671,0.20056515300931432
1.9654509731788607,0.6713917460469871,2.4314755226586056,0.20056515300931432
1.9654509731788607,0.6713917460469871,2.3991779604556456,0.20056515300931432
1.9654509731788607,0.6713917460469871,2.2589540177825613,0.20056515300931432
1.9654509731788607,0.6713917460469871,2.2318323667831153,0.20056515300931432
2.000692968219162,0.6713917460469871,2.0711705057974013,0.20056515300931432
2.000692968219162,0.6713917460469871,2.2340475013413217,0.20056515300931432
2.000692968219162,0.6713917460469871,2.3226225303499026,0.20056515300931432
2.000692968219162,0.6713917460469871,2.0874387805079486,0.20056515300931432
2.000692968219162,0.6713917460469871,2.4784234712507325,0.20056515300931432
2.000692968219162,0.6713917460469871,2.2173601006626233,0.20056515300931432
2.000692968219162,0.6713917460469871,2.092048688341094,0.20056515300931432
2.000692968219162,0.6713917460469871,2.499837201181654,0.20056515300931432
2.000692968219162,0.6713917460469871,2.1567013838099545,0.20056515300931432
2.000692968219162,0.6713917460469871,2.296985295983898,0.20056515300931432
2.109922628434512,0.6713917460469871,2.1993768854277564,0.20056515300931432
2.109922628434512,0.6713917460469871,2.345054578610125,0.20056515300931432
2.109922628434512,0.6713917460469871,2.1836918272228,0.20056515300931432
2.109922628434512,0.6713917460469871,2.177784446126588,0.20056515300931432
2.109922628434512,0.6713917460469871,2.1111432172964006,0.20056515300931432
2.109922628434512,0.6713917460469871,2.3180044262557558,0.20056515300931432
2.109922628434512,0.6713917460469871,2.261492290731102,0.20056515300931432
2.109922628434512,0.6713917460469871,2.1162471253573445,0.20056515300931432
2.109922628434512,0.682523203380208,2.3364176316006353,0.20056515300931432
2.109922628434512,0.682523203380208,2.0619835816932044,0.20056515300931432
2.109922628434512,0.682523203380208,2.1262299483852254,0.20056515300931432
2.109922628434512,0.682523203380208,2.3415117077787606,0.20056515300931432
2.109922628434512,0.682523203380208,2.296613810219975,0.20056515300931432
2.109922628434512,0.682523203380208,2.221821126704626,0.20056515300931432
2.109922628434512,0.682523203380208,2.040256174638319,0.20056515300931432
2.109922628434512,0.682523203380208,2.3062998148193143,0.20056515300931432
2.109922628434512,0.682523203380208,2.2518328119810413,0.20056515300931432
1.9824748296343406,0.682523203380208,2.371267775195386,0.20056515300931432
2.0752093886488097,0.682523203380208,2.2300951632693775,0.20056515300931432
2.0752093886488097,0.682523203380208,2.2543750944623233,0.20056515300931432
2.0752093886488097,0.682523203380208,2.4745034133980073,0.20056515300931432
2.0752093886488097,0.682523203380208,2.1232922845692603,0.20056515300931432
2.0752093886488097,0.682523203380208,2.3569108295324415,0.20056515300931432
2.0752093886488097,0.682523203380208,2.036125385018004,0.20056515300931432
2.0752093886488097,0.682523203380208,2.469093650998913,0.20056515300931432
2.0752093886488097,0.682523203380208,2.2458692639379083,0.20056515300931432
2.0752093886488097,0.682523203380208,2.189256982364048,0.20056515300931432
2.0752093886488097,0.682523203380208,2.298965180965676,0.20056515300931432
2.0752093886488097,0.682523203380208,2.105710855355545,0.20056515300931432
2.0752093886488097,0.682523203380208,2.2500564043495226,0.20056515300931432
2.0752093886488097,0.682523203380208,2.1559874690329406,0.20056515300931432
2.0979470705758656,0.6950019763741423,2.0972671081519483,0.20056515300931432
2.0979470705758656,0.6950019763741423,2.3874325563889136,0.20056515300931432
2.0979470705758656,0.6950019763741423,2.0090300167768085,0.20056515300931432
2.0979470705758656,0.6950019763741423,2.1032711237565382,0.20056515300931432
2.0979470705758656,0.6950019763741423,2.090090874061203,0.20056515300931432
2.0979470705758656,0.6950019763741423,2.0871205266869817,0.20056515300931432
2.0979470705758656,0.6950019763741423,2.1706680403309355,0.20056515300931432
2.0979470705758656,0.6950019763741423,2.2895348880614614,0.20056515300931432
2.0979470705758656,0.6774525663962617,2.147319488411474,0.20056515300931432
2.0979470705758656,0.6774525663962617,2.170289097002472,0.20056515300931432
2.0979470705758656,0.6774525663962617,2.2347674835085973,0.20056515300931432
1.9738689897495558,0.6774525663962617,2.328456856564466,0.20056515300931432
1.9738689897495558,0.6774525663962617,2.339394052897257,0.20056515300931432
1.9738689897495558,0.6774525663962617,2.294705047118102,0.20056515300931432
2.01347447173143,0.6774525663962617,2.275800736900641,0.20056515300931432
2.01347447173143,0.6774525663962617,2.336350082944705,0.20056515300931432
2.01347447173143,0.6687106023211077,2.6166089609213707,0.20056515300931432
2.01347447173143,0.6687106023211077,2.272209750750965,0.20056515300931432
2.01347447173143,0.6687106023211077,2.113280000661671,0.20056515300931432
2.01347447173143,0.6687106023211077,2.397684561817837,0.20056515300931432
2.01347447173143,0.7154086423110274,2.2573203820038574,0.20056515300931432
2.01347447173143,0.7154086423110274,2.098486481547728,0.20056515300931432
2.01347447173143,0.7154086423110274,2.031023727051842,0.20056515300931432
2.01347447173143,0.7154086423110274,2.337235305007544,0.20056515300931432
2.01347447173143,0.7154086423110274,2.13978359928647,0.20056515300931432
2.01347447173143,0.7154086423110274,2.0555051931260824,0.20056515300931432
2.01347447173143,0.7154086423110274,2.2144854015808133,0.20056515300931432
2.01347447173143,0.7154086423110274,2.3371619315033434,0.20056515300931432
2.01347447173143,0.7154086423110274,2.0703226448360095,0.20056515300931432
2.01347447173143,0.7154086423110274,1.9752384937615952,0.20056515300931432
2.01347447173143,0.7027734751279228,2.198693439821762,0.20056515300931432
2.01347447173143,0.7027734751279228,2.021329931727459,0.20056515300931432
2.01347447173143,0.7027734751279228,2.2756167513124774,0.20056515300931432
2.01347447173143,0.7027734751279228,2.1162933572130513,0.20056515300931432
1.6550242361663234,0.7027734751279228,2.538375616038434,0.20056515300931432
1.6550242361663234,0.7027734751279228,2.73587288581908,0.20056515300931432
1.6550242361663234,0.7027734751279228,2.734460872421065,0.20056515300931432
1.6550242361663234,0.7027734751279228,2.723329787239459,0.20056515300931432
1.6550242361663234,0.7027734751279228,2.5530661630477707,0.20056515300931432
1.6550242361663234,0.7027734751279228,2.5145390096576725,0.20056515300931432
1.6550242361663234,0.7027734751279228,2.6129574758624794,0.20056515300931432
1.6550242361663234,0.7027734751279228,2.759397372423357,0.20056515300931432
1.6550242361663234,0.7027734751279228,2.8678774486543226,0.20056515300931432
1.6550242361663234,0.7027734751279228,2.8974757714206625,0.20056515300931432
1.9550246575494898,0.7027734751279228,2.4854795415525146,0.20056515300931432
1.9550246575494898,0.7094267910710427,2.2581074748410344,0.20056515300931432
1.863010627124362,0.7094267910710427,2.310793291253723,0.20056515300931432
1.7760954278670034,0.7094267910710427,2.4707386378022664,0.20056515300931432
1.7760954278670034,0.7094267910710427,2.419124698887999,0.20056515300931432
1.7760954278670034,0.7094267910710427,2.6148806675097784,0.20056515300931432
1.7760954278670034,0.7621223778822493,2.364025128643093,0.20056515300931432
1.8202773392331797,0.7621223778822493,2.4498487142473993,0.20056515300931432
1.8202773392331797,0.7621223778822493,2.331141581937236,0.20056515300931432
1.8202773392331797,0.7621223778822493,2.092441748801792,0.20056515300931432
1.8202773392331797,0.7621223778822493,2.1765427504948733,0.20056515300931432
1.8202773392331797,0.7621223778822493,2.351824190524564,0.20056515300931432
1.7402012994816447,0.7621223778822493,2.228426034528508,0.20056515300931432
1.7402012994816447,0.7621223778822493,2.451098806841859,0.20056515300931432
1.7402012994816447,0.7621223778822493,2.456874381253947,0.20056515300931432
1.7402012994816447,0.7621223778822493,2.3887576414582266,0.20056515300931432
1.711240328722536,0.7621223778822493,2.43042539939419,0.20056515300931432
1.711240328722536,0.7621223778822493,2.2910645952968043,0.20056515300931432
1.711240328722536,0.7621223778822493,2.486790524985978,0.20056515300931432
1.711240328722536,0.7621223778822493,2.5601886931755478,0.20056515300931432
1.711240328722536,0.7621223778822493,2.417969852126928,0.20056515300931432
1.711240328722536,0.7621223778822493,2.2163429781241244,0.20056515300931432
1.711240328722536,0.7621223778822493,2.5818512819675914,0.20056515300931432
2.089325142606283,0.7621223778822493,2.0912952078353704,0.20056515300931432
2.089325142606283,0.7621223778822493,2.1839486780444277,0.20056515300931432
2.057913495786817,0.7621223778822493,1.9578321032565074,0.20056515300931432
2.057913495786817,0.7621223778822493,2.1254783919320164,0.20056515300931432
2.057913495786817,0.7621223778822493,2.3662569341888706,0.20056515300931432
2.057913495786817,0.7621223778822493,1.972906424355534,0.20056515300931432
2.057913495786817,0.7621223778822493,2.1346404730776922,0.20056515300931432
2.057913495786817,0.7621223778822493,1.951062551175795,0.20056515300931432
2.057913495786817,0.7621223778822493,2.151428706770476,0.20056515300931432
2.057913495786817,0.7621223778822493,1.8624459670603424,0.20056515300931432
2.057913495786817,0.7621223778822493,2.094131070247279,0.20056515300931432
2.057913495786817,0.7621223778822493,1.9937505059805538,0.20056515300931432
1.7998835412119865,0.7621223778822493,2.1210439848309344,0.20056515300931432
1.7998835412119865,0.7621223778822493,2.549396807741463,0.20056515300931432
1.7998835412119865,0.7621223778822493,2.078605497545626,0.20056515300931432
1.7998835412119865,0.7621223778822493,2.4662000188114694,0.20056515300931432
1.7998835412119865,0.7621223778822493,2.0648818854454944,0.20056515300931432
1.7998835412119865,0.7621223778822493,2.086683354005956,0.20056515300931432
1.7998835412119865,0.7621223778822493,2.482961852532391,0.20056515300931432
1.7998835412119865,0.7621223778822493,2.411576026965887,0.20056515300931432
1.7998835412119865,0.7621223778822493,2.1368289435144083,0.20056515300931432
1.7998835412119865,0.7621223778822493,2.1086438930080376,0.20056515300931432
1.7998835412119865,0.7621223778822493,2.1910806645282936,0.20056515300931432
1.7998835412119865,0.7621223778822493,2.161086008810544,0.20056515300931432
1.7998835412119865,0.7621223778822493,2.1002816674914038,0.20056515300931432
1.7998835412119865,0.7621223778822493,2.1155418996106987,0.20056515300931432
1.7998835412119865,0.7621223778822493,2.226302829533077,0.20056515300931432
1.7998835412119865,0.7621223778822493,2.31526717487657,0.20056515300931432
1.7998835412119865,0.7621223778822493,2.281445061590538,0.20056515300931432
1.7998835412119865,0.7621223778822493,2.169055044747479,0.20056515300931432
1.7998835412119865,0.7621223778822493,2.3530509002426943,0.20056515300931432
1.7998835412119865,0.7566419309310546,2.498253366048106,0.20056515300931432
1.7998835412119865,0.8038546327559406,1.9999561652243307,0.20056515300931432
1.7998835412119865,0.8038546327559406,2.126889403263816,0.20056515300931432
1.7998835412119865,0.8038546327559406,2.386061780612658,0.20084325123887092
1.7998835412119865,0.8038546327559406,2.0138510684544766,0.20084325123887092
1.7998835412119865,0.8038546327559406,2.2206773836123412,0.20084325123887092
1.7998835412119865,0.8038546327559406,2.3606684615147375,0.20084325123887092
1.7998835412119865,0.8038546327559406,2.37087620834551,0.20084325123887092
1.7998835412119865,0.701975595669683,2.212050413439468,0.20084325123887092
1.7998835412119865,0.701975595669683,2.3673434037662235,0.20084325123887092
1.7957747077630428,0.701975595669683,2.529919153938282,0.20084325123887092
1.7957747077630428,0.701975595669683,2.4920583002672254,0.20084325123887092
1.7957747077630428,0.701975595669683,2.3744731409193056,0.20084325123887092
1.7957747077630428,0.701975595669683,2.213842865936214,0.20084325123887092
1.7957747077630428,0.701975595669683,2.635488661007691,0.20084325123887092
1.950678552571539,0.725145774920405,2.592969270259213,0.20084325123887092
1.950678552571539,0.725145774920405,2.159398781606367,0.20084325123887092
1.950678552571539,0.725145774920405,2.3025432980117215,0.20084325123887092
1.950678552571539,0.725145774920405,2.306625675327072,0.20084325123887092
1.950678552571539,0.725145774920405,2.212274492373759,0.20084325123887092
1.950678552571539,0.725145774920405,2.2818473126653243,0.20084325123887092
1.950678552571539,0.725145774920405,2.158082077818306,0.20084325123887092
1.950678552571539,0.725145774920405,2.135874665598375,0.20084325123887092
1.950678552571539,0.725145774920405,2.245889511878062,0.20084325123887092
1.950678552571539,0.725145774920405,1.9678708160729088,0.20100016378187094
1.8925559894157142,0.725145774920405,2.248142163229479,0.20100016378187094
2.069552331802139,0.725145774920405,2.2139085451236564,0.20100016378187094
2.069552331802139,0.725145774920405,2.1770458622522386,0.20100016378187094
2.069552331802139,0.725145774920405,1.9956223631623893,0.20100016378187094
2.069552331802139,0.725145774920405,2.0060851541722458,0.20100016378187094
2.069552331802139,0.725145774920405,2.097643730562346,0.20100016378187094
2.069552331802139,0.725145774920405,1.9970474570892878,0.20100016378187094
2.069552331802139,0.725145774920405,2.1774653940561164,0.20100016378187094
2.069552331802139,0.725145774920405,2.2730189678966464,0.20100016378187094
2.069552331802139,0.725145774920405,2.0910766791572852,0.20100016378187094
2.069552331802139,0.725145774920405,1.9672602716649161,0.20100016378187094
2.069552331802139,0.725145774920405,2.0962825649488495,0.20100016378187094
2.069552331802139,0.725145774920405,2.0504338159619424,0.20100016378187094
2.069552331802139,0.725145774920405,2.073780649651831,0.20100016378187094
2.069552331802139,0.725145774920405,1.885465558052168,0.20100016378187094
2.069552331802139,0.725145774920405,1.8548879520006103,0.20100016378187094
2.069552331802139,0.725145774920405,2.098653969039244,0.20100016378187094
2.069552331802139,0.725145774920405,2.056061335042269,0.20100016378187094
2.069552331802139,0.725145774920405,2.2213294574676143,0.20100016378187094
1.9034128517723006,0.725145774920405,2.131156121225981,0.20100016378187094
1.9034128517723006,0.725145774920405,2.350132085096272,0.20100016378187094
1.9034128517723006,0.725145774920405,2.153600937836012,0.20100016378187094
1.8605876524713016,0.725145774920405,2.31132714796431,0.20100016378187094
1.8605876524713016,0.725145774920405,2.375329691623317,0.20100016378187094
1.8605876524713016,0.725145774920405,2.6125842404311395,0.20100016378187094
1.8028699987239656,0.725145774920405,2.282565130321359,0.20100016378187094
1.8028699987239656,0.725145774920405,2.463670384538318,0.20100016378187094
1.8028699987239656,0.725145774920405,2.474682837012114,0.20100016378187094
1.8082165209402756,0.725145774920405,2.402563074534716,0.20100016378187094
1.8082165209402756,0.725145774920405,2.510228970977568,0.20100016378187094
1.8082165209402756,0.725145774920405,2.4312290786073296,0.20100016378187094
1.8082165209402756,0.725145774920405,2.3559976389131982,0.20100016378187094
1.8082165209402756,0.725145774920405,2.479215587823448,0.20100016378187094
1.8082165209402756,0.725145774920405,2.25422489540126,0.20100016378187094
1.9791422781849743,0.725145774920405,2.435862238193987,0.20100016378187094
1.9791422781849743,0.725145774920405,2.10979860360041,0.20100016378187094
1.9791422781849743,0.725145774920405,2.1603391841784894,0.20100016378187094
1.9137007377999113,0.725145774920405,2.194604299922055,0.20100016378187094
1.9137007377999113,0.725145774920405,2.339594314279847,0.20100016378187094
1.9137007377999113,0.725145774920405,2.3920983392675095,0.20100016378187094
1.9137007377999113,0.725145774920405,2.1072125570182747,0.20100016378187094
1.9137007377999113,0.725145774920405,2.411884752810731,0.20100016378187094
1.9137007377999113,0.725145774920405,2.3530783274361626,0.20100016378187094
1.9137007377999113,0.725145774920405,2.3343598596461868,0.20100016378187094
1.9137007377999113,0.725145774920405,2.155944330953087,0.20100016378187094
2.219033125763135,0.725145774920405,2.127716227460133,0.20100016378187094
2.219033125763135,0.725145774920405,1.879215129209302,0.20100016378187094
2.219033125763135,0.725145774920405,2.009116201180156,0.20100016378187094
2.219033125763135,0.725145774920405,1.8704269963186826,0.20100016378187094
2.3357907472391823,0.725145774920405,1.7818599372133885,0.20100016378187094
2.3357907472391823,0.725145774920405,1.775134914396544,0.20100016378187094
2.3357907472391823,0.725145774920405,2.0986377554888493,0.20100016378187094
2.3357907472391823,0.725145774920405,1.9816422694471094,0.20100016378187094
2.3357907472391823,0.725145774920405,1.8161796330670814,0.20100016378187094
2.3357907472391823,0.725145774920405,1.7843157948033048,0.20100016378187094
2.3357907472391823,0.725145774920405,1.866044500711855,0.20100016378187094
2.3357907472391823,0.725145774920405,1.978595590881747,0.20100016378187094
2.3357907472391823,0.725145774920405,1.965747717043877,0.20100016378187094
2.3357907472391823,0.725145774920405,1.7514150014461924,0.20100016378187094
2.3357907472391823,0.725145774920405,1.92539677652833,0.20100016378187094
2.3564186827884273,0.725145774920405,1.7787350392510581,0.20100016378187094
2.3564186827884273,0.725145774920405,1.6683221759858389,0.20100016378187094
2.3564186827884273,0.725145774920405,1.9963223205962404,0.20100016378187094
2.3564186827884273,0.7787807537584178,1.7041124883807557,0.20100016378187094
2.3564186827884273,0.7787807537584178,1.7417761929226905,0.20100016378187094
2.3564186827884273,0.7787807537584178,1.7011451129455217,0.20100016378187094
2.3564186827884273,0.7787807537584178,1.551233134083553,0.20100016378187094
2.302228052294618,0.7787807537584178,1.7245326628449944,0.20100016378187094
2.27841213535675,0.7787807537584178,1.835445946267288,0.20100016378187094
2.27841213535675,0.7787807537584178,1.8423333870182776,0.20100016378187094
2.27841213535675,0.7787807537584178,1.733577345077415,0.20100016378187094
2.27841213535675,0.7787807537584178,1.8157242308504964,0.20100016378187094
2.27841213535675,0.7787807537584178,1.8307310224790363,0.20100016378187094
2.27841213535675,0.7787807537584178,1.937041218662204,0.20100016378187094
2.27841213535675,0.7787807537584178,1.8702615456555303,0.20100016378187094
2.27841213535675,0.7787807537584178,1.7793595941767744,0.20100016378187094
2.27841213535675,0.7787807537584178,1.7678016589586274,0.20100016378187094
2.27841213535675,0.7787807537584178,1.7702029856108503,0.20100016378187094
2.27841213535675,0.7787807537584178,1.6744720976404681,0.20100016378187094
2.27841213535675,0.7787807537584178,1.7108160707569926,0.20100016378187094
2.27841213535675,0.7787807537584178,1.8194787006432718,0.20100016378187094
2.27841213535675,0.7787807537584178,1.6103985040792346,0.20100016378187094
2.27841213535675,0.7787807537584178,1.6391254316029518,0.20100016378187094
2.27841213535675,0.7787807537584178,1.827053871949569,0.20100016378187094
2.27841213535675,0.7787807537584178,1.6194823891611376,0.20100016378187094
2.27841213535675,0.7787807537584178,1.8147934524573612,0.20100016378187094
2.27841213535675,0.7787807537584178,1.7375978386799054,0.20100016378187094
2.27841213535675,0.7787807537584178,1.6957285367321224,0.20100016378187094
2.27841213535675,0.7787807537584178,1.7600643832927656,0.20100016378187094
2.27841213535675,0.7787807537584178,1.6953716833942758,0.20100016378187094
2.27841213535675,0.7787807537584178,1.8256058701720823,0.20100016378187094
2.27841213535675,0.6675145281661854,1.862889759413132,0.20100016378187094
2.27841213535675,0.6675145281661854,1.998961910741906,0.20100016378187094
2.27841213535675,0.6675145281661854,1.8887167866879404,0.20100016378187094
2.337618470345736,0.6675145281661854,1.976295087848104,0.20100016378187094
2.337618470345736,0.6675145281661854,1.9807467796867695,0.20100016378187094
2.221106745705913,0.6675145281661854,2.1281594964810866,0.20100016378187094
2.221106745705913,0.6675145281661854,2.1340791453124073,0.20100016378187094
2.221106745705913,0.6675145281661854,2.2520509179607098,0.20100016378187094
2.221106745705913,0.6675145281661854,1.9746962458080373,0.20100016378187094
2.221106745705913,0.6675145281661854,2.1984699934859595,0.20100016378187094
2.221106745705913,0.6675145281661854,2.05961978649444,0.20100016378187094
2.221106745705913,0.6675145281661854,2.0306227079801893,0.20100016378187094
2.221106745705913,0.6675145281661854,2.1922634755493284,0.20100016378187094
2.221106745705913,0.6675145281661854,2.0647672413995815,0.20100016378187094
2.333025947756581,0.6675145281661854,2.01654889386134,0.20100016378187094
2.333025947756581,0.6675145281661854,1.967731920551732,0.20100016378187094
2.333025947756581,0.6675145281661854,2.087794418183193,0.20100016378187094
2.333025947756581,0.6675145281661854,1.8920402585989105,0.20100016378187094
2.333025947756581,0.6675145281661854,1.89971036118567,0.20100016378187094
2.333025947756581,0.6675145281661854,2.1123074568064633,0.20100016378187094
2.333025947756581,0.6675145281661854,1.9421650023058301,0.20100016378187094
2.333025947756581,0.6675145281661854,1.983488010762396,0.20100016378187094
2.125401063180901,0.6675145281661854,2.1090955741685975,0.20100016378187094
2.125401063180901,0.6675145281661854,2.4604699074272105,0.20100016378187094
2.125401063180901,0.6675145281661854,2.225030464867352,0.20100016378187094
2.125401063180901,0.6675145281661854,2.147821273868341,0.20100016378187094
2.125401063180901,0.6675145281661854,2.0836365808184856,0.20100016378187094
2.125401063180901,0.6675145281661854,2.290020652149553,0.20100016378187094
2.125401063180901,0.6675145281661854,2.1442540681199365,0.20100016378187094
2.125401063180901,0.6675145281661854,2.205642495759359,0.20100016378187094
2.125401063180901,0.6675145281661854,2.423204220224835,0.20100016378187094
2.125401063180901,0.6675145281661854,2.1387817911987996,0.20100016378187094
2.125401063180901,0.6675145281661854,2.091753966197305,0.20100016378187094
2.3472148580168537,0.6675145281661854,2.025964186863694,0.20100016378187094
2.3472148580168537,0.6675145281661854,2.0105748718436836,0.20100016378187094
2.3472148580168537,0.6675145281661854,1.9975003509796743,0.20100016378187094
2.3472148580168537,0.6675145281661854,2.2111795348067114,0.20100016378187094
2.368237530717478,0.6675145281661854,2.062441418486445,0.20100016378187094
2.368237530717478,0.6675145281661854,1.8919071199130277,0.20100016378187094
2.368237530717478,0.6675145281661854,1.886903255121522,0.20100016378187094
2.368237530717478,0.6675145281661854,2.0217592138605753,0.20100016378187094
2.368237530717478,0.6675145281661854,1.9149480731740114,0.20100016378187094
2.368237530717478,0.6675145281661854,1.9829149435697575,0.20100016378187094
2.368237530717478,0.6879571481228365,1.9171285634462403,0.20100016378187094
2.368237530717478,0.6879571481228365,1.8618524252380764,0.20100016378187094
2.368237530717478,0.6879571481228365,1.8051289449561954,0.20100016378187094
2.368237530717478,0.6891461573904405,1.8564021501188168,0.20100016378187094
2.368237530717478,0.6891461573904405,1.9278528938707864,0.20100016378187094
2.368237530717478,0.6891461573904405,1.8858138784079261,0.20100016378187094
2.368237530717478,0.6891461573904405,2.0578533244072243,0.20100016378187094
2.368237530717478,0.6436355657349861,1.8760005152611678,0.20100016378187094
2.368237530717478,0.6436355657349861,2.001175269149218,0.20100016378187094
2.368237530717478,0.6436355657349861,2.0336352339035795,0.20100016378187094
2.368237530717478,0.6436355657349861,2.0336677884019654,0.20100016378187094
2.368237530717478,0.6436355657349861,2.0221540312552904,0.20100016378187094
2.368237530717478,0.6436355657349861,1.8902710323747072,0.20100016378187094
2.368237530717478,0.6436355657349861,1.9393979754513218,0.20100016378187094
2.368237530717478,0.6436355657349861,2.0539916838353798,0.20100016378187094
2.368237530717478,0.6436355657349861,1.9687679910026998,0.20100016378187094
2.368237530717478,0.6436355657349861,2.1004571270300114,0.20100016378187094
2.295231478510115,0.6436355657349861,2.0204349170823686,0.20100016378187094
2.295231478510115,0.6436355657349861,2.0230120689261275,0.20100016378187094
2.295231478510115,0.6436355657349861,2.113608903722405,0.20100016378187094
2.295231478510115,0.6436355657349861,2.1053175698043787,0.20100016378187094
2.0826086518988625,0.6436355657349861,2.1823780515596645,0.20100016378187094
2.0826086518988625,0.6436355657349861,2.5263839422467758,0.20100016378187094
2.0826086518988625,0.6436355657349861,2.22467596342259,0.20100016378187094
2.0826086518988625,0.6436355657349861,2.538946657956196,0.20100016378187094
2.1570304773711313,0.6436355657349861,2.3204082186807238,0.20100016378187094
2.1570304773711313,0.6436355657349861,2.149598024248909,0.20100016378187094
2.1570304773711313,0.6436355657349861,2.2603178527002603,0.20100016378187094
2.1570304773711313,0.6436355657349861,2.166413719585157,0.20100016378187094
2.1570304773711313,0.6436355657349861,2.341687907699987,0.20100016378187094
2.1570304773711313,0.6436355657349861,2.2603225235175843,0.20100016378187094
2.1570304773711313,0.6436355657349861,2.33179441420355,0.20100016378187094
2.1570304773711313,0.6436355657349861,2.2537002972030913,0.20100016378187094
2.1570304773711313,0.6436355657349861,2.2198543128829424,0.20100016378187094
2.1570304773711313,0.6436355657349861,2.365268571585579,0.20100016378187094
2.1570304773711313,0.6436355657349861,2.1763386951736283,0.20100016378187094
2.1570304773711313,0.6436355657349861,2.2720913317593476,0.20100016378187094
2.1570304773711313,0.6436355657349861,2.290125431202383,0.20100016378187094
1.9392546908254695,0.6436355657349861,2.2921254758006304,0.20100016378187094
1.9392546908254695,0.6436355657349861,2.647590215707556,0.20100016378187094
1.9392546908254695,0.6436355657349861,2.55435088468096,0.20100016378187094
1.9392546908254695,0.6436355657349861,2.300490890530981,0.20100016378187094
1.9392546908254695,0.6436355657349861,2.643388783203376,0.20100016378187094
1.9392546908254695,0.6436355657349861,2.2029121256705686,0.20100016378187094
1.9392546908254695,0.6436355657349861,2.7035360208010517,0.20100016378187094
1.9392546908254695,0.6436355657349861,2.4517840318825836,0.20100016378187094
2.041668777179465,0.6436355657349861,2.375253719263085,0.20100016378187094
2.041668777179465,0.6436355657349861,2.3386559745450843,0.20100016378187094
2.041668777179465,0.6436355657349861,2.4686720103730755,0.20100016378187094
1.8986097562020943,0.6436355657349861,2.1380505167191703,0.20100016378187094
1.8986097562020943,0.6436355657349861,2.4650447065607937,0.20100016378187094
1.8986097562020943,0.6436355657349861,2.4906785885339677,0.20100016378187094
1.8986097562020943,0.6436355657349861,2.7959927448738924,0.20100016378187094
1.8986097562020943,0.6436355657349861,2.649745939307598,0.20100016378187094
1.8986097562020943,0.7406775815958947,2.642661787206903,0.20100016378187094
1.8986097562020943,0.7406775815958947,2.196414431980472,0.20100016378187094
1.8986097562020943,0.6973810325895348,2.330230328211442,0.20100016378187094
1.8986097562020943,0.6973810325895348,2.114740452231315,0.20100016378187094
1.9955055671523336,0.6973810325895348,2.272199737836438,0.20100016378187094
1.9955055671523336,0.6973810325895348,2.241291435251804,0.20100016378187094
1.6025542406821551,0.6973810325895348,2.5514049423570246,0.20100016378187094
1.6025542406821551,0.6973810325895348,2.8566608137509313,0.20100016378187094
1.6025542406821551,0.6973810325895348,2.770252923498045,0.20100016378187094
1.3833574561164492,0.6973810325895348,3.2680299035335474,0.20100016378187094
1.3833574561164492,0.6973810325895348,3.1308662915948284,0.20100016378187094
1.68183298994068,0.6973810325895348,3.2362554445396574,0.20100016378187094
1.6639528812931546,0.6973810325895348,2.3792368816319582,0.20100016378187094
1.6639528812931546,0.6973810325895348,2.5953337802509666,0.20100016378187094
1.792935250492201,0.6973810325895348,2.4927693828274466,0.20100016378187094
1.792935250492201,0.6973810325895348,2.306148384740115,0.20100016378187094
1.792935250492201,0.6973810325895348,2.456091966453641,0.20100016378187094
1.792935250492201,0.7721344816020572,2.314763395411955,0.20100016378187094
1.792935250492201,0.7721344816020572,2.397422701638432,0.20100016378187094
1.792935250492201,0.7721344816020572,2.12868218264371,0.20100016378187094
1.792935250492201,0.7721344816020572,2.3197696336851457,0.20100016378187094
1.792935250492201,0.7721344816020572,2.1928968200349934,0.20100016378187094
1.792935250492201,0.7721344816020572,2.3830574583072632,0.20100016378187094
1.792935250492201,0.7721344816020572,2.1627862475665975,0.20100016378187094
1.792935250492201,0.7721344816020572,2.3120506920012844,0.20100016378187094
1.792935250492201,0.7721344816020572,2.248370535326502,0.20100016378187094
1.792935250492201,0.7721344816020572,2.3721295169127345,0.20100016378187094
1.792935250492201,0.7721344816020572,2.4517898040368595,0.20100016378187094
1.9298494776467925,0.7721344816020572,2.1049212783948335,0.20100016378187094
1.9298494776467925,0.7721344816020572,1.9254035948836927,0.20100016378187094
1.9298494776467925,0.7721344816020572,2.0209020056268603,0.20100016378187094
1.910313806179429,0.7721344816020572,2.201035702928235,0.20100016378187094
1.910313806179429,0.7721344816020572,2.1749793732569533,0.20100016378187094
1.9408405640629258,0.7721344816020572,2.1554195874862594,0.20100016378187094
1.9408405640629258,0.7721344816020572,2.1546887648973803,0.20100016378187094
1.9408405640629258,0.7721344816020572,2.1143378396292585,0.20100016378187094
1.9408405640629258,0.7721344816020572,2.0797892714483623,0.20100016378187094
1.9408405640629258,0.7721344816020572,1.8994184211159193,0.20100016378187094
1.9408405640629258,0.7721344816020572,2.138550878184918,0.20100016378187094
1.9408405640629258,0.7721344816020572,2.0365366079776104,0.20100016378187094
1.7834516206296174,0.7721344816020572,2.146981385538953,0.20100016378187094
1.7834516206296174,0.7721344816020572,2.354908068911679,0.20100016378187094
1.7834516206296174,0.7721344816020572,2.4505443820957136,0.20100016378187094
1.7834516206296174,0.7721344816020572,2.1783659397450617,0.20100016378187094
1.7834516206296174,0.7721344816020572,2.25077632016065,0.20100016378187094
1.7834516206296174,0.7721344816020572,2.37805795391133,0.20100016378187094
1.7770403982352212,0.7721344816020572,2.54676248469624,0.20100016378187094
1.7770403982352212,0.7721344816020572,2.272053964533715,0.20100016378187094
1.7770403982352212,0.7669327514505876,2.118519810497797,0.20100016378187094
1.7770403982352212,0.7669327514505876,2.3242154571421603,0.20100016378187094
1.7770403982352212,0.7669327514505876,2.4697575925075648,0.20100016378187094
1.7770403982352212,0.7669327514505876,2.225634520994683,0.20100016378187094
1.9754113380178968,0.7669327514505876,2.093372168928332,0.20100016378187094
1.9754113380178968,0.7669327514505876,1.8950965029715408,0.20100016378187094
1.9754113380178968,0.7669327514505876,1.9479173857301337,0.20100016378187094
1.9754113380178968,0.7669327514505876,2.0938325588502433,0.20100016378187094
1.9754113380178968,0.7669327514505876,2.109159508342089,0.20100016378187094
1.9754113380178968,0.7880580810220578,1.9451225090539879,0.20100016378187094
1.9754113380178968,0.7880580810220578,1.9999070017826317,0.20100016378187094
1.9754113380178968,0.7880580810220578,1.9192031075449865,0.20100016378187094
1.9754113380178968,0.7880580810220578,2.0583012301181416,0.20100016378187094
1.9754113380178968,0.7880580810220578,2.165276997745996,0.20100016378187094
1.9754113380178968,0.7880580810220578,1.936970611144862,0.20100016378187094
1.9754113380178968,0.7880580810220578,2.121413805466452,0.20100016378187094
1.9754113380178968,0.7880580810220578,1.9966303277769952,0.20100016378187094
1.9754113380178968,0.7470770742374367,1.9506814549959988,0.20100016378187094
1.9754113380178968,0.7470770742374367,2.237454640683193,0.20100016378187094
1.9754113380178968,0.7470770742374367,2.226801376996117,0.20100016378187094
1.9754113380178968,0.7470770742374367,2.2196945790381735,0.20100016378187094
1.897318057407511,0.7470770742374367,2.053447213671946,0.20100016378187094
1.897318057407511,0.7470770742374367,2.039482586912972,0.20100016378187094
1.897318057407511,0.7470770742374367,2.4428833147219082,0.20100016378187094
1.8454362739596024,0.7439963817338927,2.2351088086118205,0.20100016378187094
1.8454362739596024,0.7439963817338927,2.3395828252213504,0.20100016378187094
1.8454362739596024,0.7439963817338927,2.145272089978291,0.20100016378187094
1.8454362739596024,0.7439963817338927,2.2169152988048095,0.20100016378187094
1.8454362739596024,0.7439963817338927,2.428249744883932,0.20100016378187094
1.8983717812706744,0.7439963817338927,2.4484057437532583,0.20100016378187094
1.8983717812706744,0.7439963817338927,2.1413848493226557,0.20100016378187094
1.8983717812706744,0.7439963817338927,2.1074043015579984,0.20100016378187094
1.8983717812706744,0.7439963817338927,2.2187850712324946,0.20100016378187094
1.8983717812706744,0.7439963817338927,2.2283372871503504,0.20100016378187094
1.8983717812706744,0.7439963817338927,2.2991131503772064,0.20100016378187094
1.8983717812706744,0.7439963817338927,2.2685587996916916,0.20100016378187094
1.8983717812706744,0.7439963817338927,2.0794145642537822,0.20100016378187094
1.8983717812706744,0.7439963817338927,2.294651154689807,0.20100016378187094
1.8983717812706744,0.7439963817338927,2.026501106251355,0.20100016378187094
1.8983717812706744,0.7439963817338927,2.1568980738783265,0.20100016378187094
1.8983717812706744,0.7439963817338927,2.2476136894941656,0.20100016378187094
1.8983717812706744,0.7439963817338927,2.328664705413994,0.20100016378187094
1.8983717812706744,0.7439963817338927,2.047475334870617,0.20100016378187094
1.8983717812706744,0.7439963817338927,2.268462382668482,0.20100016378187094
1.8983717812706744,0.7439963817338927,2.378898726192849,0.20100016378187094
1.8983717812706744,0.7439963817338927,2.282302863136677,0.20100016378187094
1.5901203777585213,0.7439963817338927,2.449085406968912,0.20100016378187094
1.5901203777585213,0.7439963817338927,2.768189784108447,0.20100016378187094
1.5901203777585213,0.7439963817338927,2.595974297465343,0.20100016378187094
1.5901203777585213,0.7439963817338927,2.6965277171829656,0.20100016378187094
1.7790090449513265,0.7382744080940619,2.467686967519252,0.20100016378187094
1.7790090449513265,0.7382744080940619,2.4978220099917907,0.20100016378187094
1.7790090449513265,0.7382744080940619,2.277873506678311,0.20100016378187094
1.7790090449513265,0.7382744080940619,2.490974272370144,0.20100016378187094
1.7790090449513265,0.7382744080940619,2.3909715636443227,0.20100016378187094
1.7790090449513265,0.7382744080940619,2.2554124301514262,0.20100016378187094
1.7790090449513265,0.7382744080940619,2.224810642587891,0.20100016378187094
1.9795727511684083,0.7382744080940619,2.2909576955107047,0.20100016378187094
1.9795727511684083,0.7382744080940619,2.0834081842377845,0.20100016378187094
1.9795727511684083,0.7382744080940619,2.269190910429617,0.20100016378187094
1.9795727511684083,0.7382744080940619,2.0790477499463185,0.20100016378187094
1.9795727511684083,0.7382744080940619,2.236537883339454,0.20100016378187094
1.9795727511684083,0.7382744080940619,2.292709275209507,0.20100016378187094
1.9795727511684083,0.7382744080940619,2.0528433581525745,0.20100016378187094
1.9795727511684083,0.7382744080940619,2.223370457778729,0.20100016378187094
1.9795727511684083,0.7382744080940619,2.0625248967977368,0.20100016378187094
1.9795727511684083,0.7382744080940619,2.2222359259275435,0.20100016378187094
1.9795727511684083,0.7382744080940619,2.2185267438368,0.20100016378187094
1.9795727511684083,0.7382744080940619,2.0247501465291804,0.20100016378187094
1.9795727511684083,0.7382744080940619,1.9810084581655738,0.20100016378187094
1.8708366589776009,0.7382744080940619,2.290492448669515,0.20100016378187094
1.8708366589776009,0.7382744080940619,2.2301752238407992,0.20100016378187094
1.8708366589776009,0.7382744080940619,2.433679818230852,0.20100016378187094
1.8708366589776009,0.7382744080940619,2.1215508320914678,0.20100016378187094
1.8708366589776009,0.7382744080940619,2.1716228853712067,0.20100016378187094
1.8708366589776009,0.7382744080940619,2.097942393919215,0.20100016378187094
1.8708366589776009,0.7382744080940619,2.38702654645811,0.20100016378187094
2.081658433494815,0.6902566196036456,2.2744028698684877,0.20100016378187094
2.1523550544668684,0.6902566196036456,2.1780835167811587,0.20100016378187094
2.1523550544668684,0.6902566196036456,2.0969029872072724,0.20100016378187094
2.1523550544668684,0.6902566196036456,2.1296704872425516,0.20100016378187094
2.1523550544668684,0.6902566196036456,1.965446327999811,0.20100016378187094
2.1523550544668684,0.6902566196036456,1.892992516487119,0.20100016378187094
2.1523550544668684,0.6902566196036456,2.08445385900413,0.20100016378187094
2.1523550544668684,0.6902566196036456,1.9034031714870827,0.20100016378187094
2.1523550544668684,0.6902566196036456,2.2386273044212066,0.20100016378187094
2.1523550544668684,0.6902566196036456,2.0028227704133843,0.20100016378187094
2.1523550544668684,0.6902566196036456,2.360181942485375,0.20100016378187094
2.1523550544668684,0.6902566196036456,1.9817731952631434,0.20100016378187094
2.1523550544668684,0.6902566196036456,1.9473242662072379,0.20100016378187094
2.1523550544668684,0.6902566196036456,1.9532331309659952,0.20100016378187094
2.1523550544668684,0.6902566196036456,2.0063470425240673,0.20100016378187094
2.1523550544668684,0.6902566196036456,2.0254641757882657,0.20100016378187094
2.1523550544668684,0.6902566196036456,2.119168576033383,0.20100016378187094
2.1523550544668684,0.6902566196036456,2.120329877294117,0.20100016378187094
2.1523550544668684,0.6902566196036456,2.1174706552991016,0.20100016378187094
2.1523550544668684,0.6902566196036456,2.117121841794744,0.20100016378187094
2.1523550544668684,0.6902566196036456,2.1099042810244892,0.20100016378187094
2.1523550544668684,0.6902566196036456,2.3256424566486595,0.20100016378187094
2.1523550544668684,0.6902566196036456,2.0485480755713557,0.20100016378187094
2.1523550544668684,0.6902566196036456,2.3593919351784125,0.20100016378187094
2.1523550544668684,0.6902566196036456,2.2235658767674695,0.20100016378187094
2.211691996579388,0.6902566196036456,2.0407074218643877,0.20100016378187094
2.211691996579388,0.6902566196036456,2.0537794667686415,0.20100016378187094
2.211691996579388,0.6902566196036456,2.435814795654711,0.20100016378187094
2.211691996579388,0.6902566196036456,1.9468168741410532,0.20100016378187094
2.211691996579388,0.6902566196036456,2.00215514343134,0.20100016378187094
2.211691996579388,0.6902566196036456,1.9901458268732066,0.20100016378187094
2.211691996579388,0.6902566196036456,2.133082962753282,0.20100016378187094
2.211691996579388,0.6902566196036456,1.958865258131328,0.20100016378187094
2.211691996579388,0.6902566196036456,1.976380102940102,0.20100016378187094
2.211691996579388,0.6902566196036456,1.8427730366540136,0.20100016378187094
2.211691996579388,0.6902566196036456,1.7269487098149994,0.20100016378187094
2.318341168484416,0.6902566196036456,2.087096622723896,0.20100016378187094
2.318341168484416,0.6902566196036456,1.9317884777612706,0.20100016378187094
2.318341168484416,0.6902566196036456,1.908518106741313,0.20100016378187094
2.318341168484416,0.6902566196036456,2.0587463609365595,0.20100016378187094
2.318341168484416,0.6902566196036456,1.9429901029284549,0.20100016378187094
2.318341168484416,0.6902566196036456,2.1940073375896376,0.20100016378187094
2.318341168484416,0.6902566196036456,2.005564025333625,0.20100016378187094
1.9945835365467355,0.6902566196036456,2.1376635222721747,0.20100016378187094
1.9945835365467355,0.6902566196036456,2.3191474520312187,0.20100016378187094
1.9945835365467355,0.6902566196036456,2.3009541892021854,0.20100016378187094
1.9945835365467355,0.6902566196036456,2.2918857213770742,0.20100016378187094
1.9945835365467355,0.6902566196036456,2.202879545455811,0.20100016378187094
1.9752965514275675,0.6902566196036456,2.592778917644277,0.20100016378187094
1.9752965514275675,0.6902566196036456,2.1354665772964765,0.20100016378187094
1.9752965514275675,0.6902566196036456,2.431177270086942,0.20100016378187094
1.9752965514275675,0.6902566196036456,2.1054313836599303,0.20100016378187094
1.9752965514275675,0.6902566196036456,2.4580440747526824,0.20100016378187094
1.9752965514275675,0.6902566196036456,2.152696072405554,0.20100016378187094
1.9752965514275675,0.6603811564105846,2.3258511054883413,0.20100016378187094
1.9752965514275675,0.6603811564105846,2.715091133876736,0.20100016378187094
1.9752965514275675,0.6603811564105846,2.3858994405883065,0.20100016378187094
1.9752965514275675,0.6603811564105846,2.481778014745588,0.20100016378187094
1.9752965514275675,0.6603811564105846,2.263362506513235,0.20100016378187094
1.9752965514275675,0.6603811564105846,2.3734138251182064,0.20100016378187094
1.9752965514275675,0.6603811564105846,2.4018778800592675,0.20100016378187094
1.9752965514275675,0.6603811564105846,2.3018110337946793,0.20100016378187094
1.9752965514275675,0.6603811564105846,2.1971221929427234,0.20100016378187094
1.8794481678698156,0.6603811564105846,2.447768849937317,0.20100016378187094
1.8794481678698156,0.6603811564105846,2.5498613464874196,0.20100016378187094
1.8794481678698156,0.6603811564105846,2.410739377428666,0.20100016378187094
1.8794481678698156,0.6603811564105846,2.6122997494268176,0.20100016378187094
1.8794481678698156,0.6603811564105846,2.5598692978385733,0.20100016378187094
1.8794481678698156,0.6603811564105846,2.2913783951854203,0.20100016378187094
1.8794481678698156,0.6603811564105846,2.23260666664479,0.20100016378187094
1.8794481678698156,0.6603811564105846,2.425897499169033,0.20100016378187094
1.8794481678698156,0.6603811564105846,2.5792635527387473,0.20100016378187094
1.8794481678698156,0.7041463345953538,2.6047309338778364,0.20100016378187094
1.8794481678698156,0.7041463345953538,2.2937659426658263,0.20100016378187094
1.8794481678698156,0.7041463345953538,2.3171891367927655,0.20100016378187094
1.8794481678698156,0.7041463345953538,2.4765052333119746,0.20100016378187094
1.5815615823454257,0.7041463345953538,2.8177242756917256,0.20100016378187094
1.5815615823454257,0.7041463345953538,2.7681697526549467,0.20100016378187094
1.5815615823454257,0.7041463345953538,2.738714595953044,0.20100016378187094
1.5815615823454257,0.7650342855039759,2.686778331680832,0.20100016378187094
1.5815615823454257,0.7650342855039759,2.5286487762399648,0.20100016378187094
1.5815615823454257,0.7650342855039759,2.9046019726357235,0.20100016378187094
1.5815615823454257,0.7650342855039759,2.3078252132362658,0.20100016378187094
1.5815615823454257,0.7650342855039759,2.682834781005941,0.20100016378187094
1.5815615823454257,0.7650342855039759,2.574123490866908,0.20100016378187094
1.5815615823454257,0.7650342855039759,2.913173416816673,0.20100016378187094
1.5815615823454257,0.7650342855039759,2.5806848046420696,0.20100016378187094
1.5815615823454257,0.7650342855039759,2.4488137414745603,0.20100016378187094
1.5815615823454257,0.7650342855039759,2.5146540914195388,0.20100016378187094
1.5815615823454257,0.7650342855039759,2.8533342889026017,0.20100016378187094
1.5815615823454257,0.7650342855039759,2.639545089846488,0.20100016378187094
1.5815615823454257,0.7650342855039759,2.318541145937691,0.20100016378187094
1.5815615823454257,0.7650342855039759,2.4897304046947735,0.20100016378187094
1.5815615823454257,0.7650342855039759,2.4546592023089895,0.20100016378187094
1.5815615823454257,0.7650342855039759,2.6744109843414794,0.20100016378187094
1.5815615823454257,0.7650342855039759,2.5979268439407575,0.20100016378187094
1.5815615823454257,0.7650342855039759,2.6448954774533586,0.20100016378187094
1.5815615823454257,0.7945032625342515,2.4885085465716443,0.20100016378187094
1.5815615823454257,0.7945032625342515,2.4392285206158744,0.20100016378187094
1.5815615823454257,0.7945032625342515,2.616164971570564,0.20100016378187094
1.5939930854500006,0.7945032625342515,2.5073256747114883,0.20100016378187094
1.5939930854500006,0.7945032625342515,2.441242425194193,0.20100016378187094
1.5939930854500006,0.7945032625342515,2.266106783958685,0.20100016378187094
1.5939930854500006,0.7945032625342515,2.5889945693709504,0.20100016378187094
1.5939930854500006,0.7945032625342515,2.261656802621036,0.20100016378187094
1.5939930854500006,0.7945032625342515,2.7066177180067177,0.20100016378187094
1.5939930854500006,0.7945032625342515,2.578014897825294,0.20100016378187094
1.5939930854500006,0.7945032625342515,2.2636261223853578,0.20100016378187094
1.5939930854500006,0.7945032625342515,2.5034970643907255,0.20100016378187094
1.5939930854500006,0.7945032625342515,2.50811272150638,0.20100016378187094
1.5939930854500006,0.7945032625342515,2.5290805954410263,0.20100016378187094
1.7942713394612038,0.7945032625342515,2.2883185182899424,0.20100016378187094
1.7942713394612038,0.7945032625342515,1.9957751612268773,0.20100016378187094
1.7942713394612038,0.7945032625342515,2.2358583792164946,0.20100016378187094
1.7942713394612038,0.7945032625342515,2.3293171599296696,0.20100016378187094
1.4223984920954098,0.7945032625342515,2.527889635862241,0.20100016378187094
1.4223984920954098,0.7945032625342515,2.6242404270072224,0.20100016378187094
1.4223984920954098,0.7945032625342515,2.540969969056301,0.20100016378187094
1.4223984920954098,0.7945032625342515,2.8306785824292064,0.20100016378187094
1.4223984920954098,0.7945032625342515,2.6725318384010768,0.20100016378187094
1.4223984920954098,0.7945032625342515,2.838174154500949,0.20100016378187094
1.474303039470603,0.7945032625342515,2.877895720569212,0.20100016378187094
1.474303039470603,0.7556671157127202,2.6613715664588034,0.20100016378187094
1.474303039470603,0.7556671157127202,2.675569872081789,0.20100016378187094
1.474303039470603,0.7598426111093045,2.458644643767117,0.20100016378187094
1.474303039470603,0.7598426111093045,2.7177924495418995,0.20100016378187094
1.474303039470603,0.7598426111093045,2.6710994888032946,0.20100016378187094
1.5410083705305935,0.7598426111093045,2.7882923111267917,0.20100016378187094
1.6101239745259188,0.7598426111093045,2.54421655424918,0.20100016378187094
1.6101239745259188,0.7598426111093045,2.6793610332723654,0.20100016378187094
1.6101239745259188,0.7598426111093045,2.349758918314806,0.20100016378187094
1.6101239745259188,0.7598426111093045,2.6393681734358125,0.20100016378187094
1.6101239745259188,0.7598426111093045,2.4786737356620625,0.20100016378187094
1.6101239745259188,0.7598426111093045,2.426441956216773,0.20100016378187094
1.6101239745259188,0.7598426111093045,2.72643798058503,0.20100016378187094
1.6101239745259188,0.7598426111093045,2.557461018751717,0.20100016378187094
1.6101239745259188,0.7598426111093045,2.365785741505216,0.20100016378187094
1.6101239745259188,0.7598426111093045,2.4263410716426486,0.20100016378187094
1.6101239745259188,0.7598426111093045,2.702197442923385,0.20100016378187094
1.6101239745259188,0.7598426111093045,2.3534217850236208,0.20100016378187094
1.6101239745259188,0.7598426111093045,2.6024633458329594,0.20100016378187094
1.7770630977927646,0.7598426111093045,2.520103006851763,0.20100016378187094
1.7770630977927646,0.7598426111093045,2.3993776090649774,0.20100016378187094
1.7770630977927646,0.7598426111093045,2.1697254153829935,0.20100016378187094
1.7770630977927646,0.7598426111093045,2.2682219084944126,0.20100016378187094
1.7770630977927646,0.7598426111093045,2.350332038286444,0.20100016378187094
1.7770630977927646,0.7598426111093045,2.1837376384909213,0.20299782637556263
1.6959707723240947,0.7355457763067864,2.734716302961085,0.20299782637556263
1.6959707723240947,0.7355457763067864,2.706598987210379,0.20299782637556263
1.6959707723240947,0.7355457763067864,2.578260834017464,0.20299782637556263
1.6959707723240947,0.7355457763067864,2.511236174077266,0.20299782637556263
1.6959707723240947,0.7355457763067864,2.5563879134969665,0.20299782637556263
1.6959707723240947,0.7355457763067864,2.6240056279519304,0.20299782637556263
1.6959707723240947,0.7355457763067864,2.5447675401515406,0.20299782637556263
1.6959707723240947,0.7355457763067864,2.3341636823416283,0.20299782637556263
1.6959707723240947,0.7355457763067864,2.773377555487879,0.20299782637556263
1.6959707723240947,0.7355457763067864,2.306009114343145,0.20299782637556263
1.6959707723240947,0.7355457763067864,2.646346300564359,0.20299782637556263
1.6959707723240947,0.7355457763067864,2.5089725909828724,0.20299782637556263
1.6959707723240947,0.7355457763067864,2.6897252241164247,0.20299782637556263
1.6959707723240947,0.7355457763067864,2.6563747479997732,0.20299782637556263
1.6959707723240947,0.7355457763067864,2.5599871107801495,0.20299782637556263
1.6959707723240947,0.7355457763067864,2.5715736028003393,0.20299782637556263
1.6959707723240947,0.7355457763067864,2.430220965537335,0.20299782637556263
1.6959707723240947,0.7355457763067864,2.3688292072471904,0.20299782637556263
1.6959707723240947,0.7355457763067864,2.513479048045795,0.20299782637556263
1.6959707723240947,0.7355457763067864,2.75515494855349,0.20299782637556263
1.6959707723240947,0.7355457763067864,2.478302161274634,0.20299782637556263
1.7541469109969665,0.7355457763067864,2.337857091162241,0.20299782637556263
1.7541469109969665,0.7355457763067864,2.4963204190654364,0.20299782637556263
1.7541469109969665,0.7355457763067864,2.5746941153813134,0.20299782637556263
1.7541469109969665,0.7355457763067864,2.5819038293881924,0.20299782637556263
1.7541469109969665,0.7355457763067864,2.5151111974509814,0.20299782637556263
1.7541469109969665,0.7355457763067864,2.3236757122341736,0.20299782637556263
1.7541469109969665,0.7355457763067864,2.663741457196384,0.20299782637556263
1.7541469109969665,0.7355457763067864,2.3450725281429827,0.20299782637556263
1.7541469109969665,0.7355457763067864,2.491585747001033,0.20299782637556263
1.7541469109969665,0.7355457763067864,2.5759779641535774,0.20299782637556263
1.7541469109969665,0.7355457763067864,2.3535439015900903,0.20299782637556263
1.7541469109969665,0.7355457763067864,2.469608211399374,0.20299782637556263
1.7541469109969665,0.7355457763067864,2.3403828151901016,0.20299782637556263
1.7541469109969665,0.7355457763067864,2.321521198785647,0.20299782637556263
1.7541469109969665,0.7355457763067864,2.4692898787774746,0.20299782637556263
1.7541469109969665,0.7355457763067864,2.5233387349779406,0.20299782637556263
1.7541469109969665,0.7355457763067864,2.3571074680535906,0.20299782637556263
1.7541469109969665,0.7355457763067864,2.413608661644899,0.20299782637556263
1.7541469109969665,0.7355457763067864,2.448889471805439,0.20220375472013877
2.188328396197133,0.6942399660492663,2.126768981118004,0.20220375472013877
2.188328396197133,0.6942399660492663,1.936819882664929,0.20220375472013877
2.188328396197133,0.6942399660492663,2.1901883746897055,0.20220375472013877
2.188328396197133,0.6942399660492663,2.0777727878321604,0.20220375472013877
2.188328396197133,0.6942399660492663,1.9216658546981737,0.20220375472013877
2.179098198073475,0.6942399660492663,1.8891751172602682,0.20220375472013877
2.179098198073475,0.628815432698119,2.1597562722322916,0.20220375472013877
2.179098198073475,0.628815432698119,2.2034591949990627,0.20220375472013877
2.179098198073475,0.628815432698119,2.293700876506217,0.20220375472013877
2.179098198073475,0.628815432698119,2.2631211085500405,0.20220375472013877
2.179098198073475,0.628815432698119,2.375976391941237,0.20220375472013877
2.179098198073475,0.628815432698119,2.4409119690584644,0.20220375472013877
2.179098198073475,0.628815432698119,2.1856440579048106,0.20220375472013877
2.179098198073475,0.628815432698119,2.319100226689336,0.20220375472013877
2.179098198073475,0.628815432698119,2.0179931189898115,0.20220375472013877
2.179098198073475,0.628815432698119,2.507511728003269,0.20220375472013877
2.179098198073475,0.628815432698119,2.2036219268505857,0.20220375472013877
2.17542057017407,0.628815432698119,2.0537078836276867,0.20220375472013877
2.17542057017407,0.628815432698119,2.287575121833646,0.20220375472013877
2.17542057017407,0.628815432698119,2.335953805356263,0.20220375472013877
2.17542057017407,0.628815432698119,2.380200599498184,0.20220375472013877
2.17542057017407,0.628815432698119,2.321056495023211,0.20220375472013877
2.17542057017407,0.628815432698119,2.2920615326697793,0.20220375472013877
2.17542057017407,0.628815432698119,2.225019651229192,0.20220375472013877
2.17542057017407,0.628815432698119,2.4700210506825715,0.2019353406711751
2.17542057017407,0.628815432698119,2.0346176543869134,0.2019353406711751
2.17542057017407,0.7024686116220367,2.124271516707054,0.2019353406711751
2.17542057017407,0.7024686116220367,2.173737821445473,0.2019353406711751
1.80522984923504,0.7024686116220367,2.229503333836391,0.2019353406711751
1.80522984923504,0.7024686116220367,2.707111203105254,0.2019353406711751
1.80522984923504,0.7024686116220367,2.373791279265991,0.2019353406711751
1.80522984923504,0.7024686116220367,2.4480619719200707,0.2019353406711751
1.80522984923504,0.7024686116220367,2.3749362862754553,0.2019353406711751
1.80522984923504,0.6952959768359092,2.5010683778246134,0.2019353406711751
1.80522984923504,0.6952959768359092,2.3580779570047303,0.2019353406711751
1.9158976584960115,0.6952959768359092,2.414983314634782,0.2019353406711751
1.9158976584960115,0.6952959768359092,2.2723964712956244,0.2019353406711751
1.9158976584960115,0.6952959768359092,2.493822384254089,0.2019353406711751
1.9158976584960115,0.6952959768359092,2.2915501401374887,0.2019353406711751
1.9158976584960115,0.6952959768359092,2.4417859803299486,0.2019353406711751
1.9158976584960115,0.6952959768359092,2.4132444604526535,0.2019353406711751
1.9158976584960115,0.6952959768359092,2.3608316547089823,0.2019353406711751
1.6420986187233635,0.6952959768359092,2.618327023938545,0.2019353406711751
1.6111407161340376,0.6952959768359092,2.78928190659245,0.2019353406711751
1.6111407161340376,0.6952959768359092,3.0961038367634393,0.2019353406711751
1.6111407161340376,0.6952959768359092,2.3280201368924436,0.2019353406711751
1.6111407161340376,0.6952959768359092,2.8989924452305202,0.2019353406711751
1.6111407161340376,0.6952959768359092,2.6834259261608917,0.2019353406711751
1.6111407161340376,0.6952959768359092,2.457198865969224,0.2019353406711751
1.6111407161340376,0.6952959768359092,3.0255899739426226,0.2019353406711751
1.6111407161340376,0.6952959768359092,2.799323941495749,0.2019353406711751
1.6111407161340376,0.6952959768359092,2.6192380973455247,0.2019353406711751
1.5870544658464552,0.6952959768359092,2.793238100379639,0.2019353406711751
1.5870544658464552,0.8030126660837615,2.4852590034954294,0.2019353406711751
1.5870544658464552,0.8030126660837615,2.4936610100018886,0.2019353406711751
1.5870544658464552,0.8030126660837615,2.3824206980058316,0.2019353406711751
1.5870544658464552,0.8030126660837615,2.2278882985970205,0.2019353406711751
1.5870544658464552,0.8030126660837615,2.443179779074669,0.2019353406711751
1.5870544658464552,0.8030126660837615,2.4424303442568664,0.2019353406711751
1.5870544658464552,0.8030126660837615,2.340010125696744,0.2019353406711751
1.5870544658464552,0.8030126660837615,2.737007721737239,0.2019353406711751
1.5870544658464552,0.8030126660837615,2.5854292401827235,0.2019353406711751
1.5870544658464552,0.8030126660837615,2.465954605531597,0.2019353406711751
1.5870544658464552,0.8030126660837615,2.3894786082760144,0.2019353406711751
1.5870544658464552,0.8030126660837615,2.3062157959723604,0.2019353406711751
1.5870544658464552,0.8030126660837615,2.4158169842076584,0.2019353406711751
1.5870544658464552,0.8030126660837615,2.270788012401077,0.2019353406711751
1.5870544658464552,0.8030126660837615,2.6101795639598775,0.2019353406711751
1.5870544658464552,0.8030126660837615,2.4052963436748893,0.2019353406711751
1.5870544658464552,0.8030126660837615,2.3687996397545708,0.2019353406711751
1.5870544658464552,0.8030126660837615,2.0648789644674665,0.2019353406711751
1.5870544658464552,0.8030126660837615,2.329517130160571,0.2019353406711751
1.5870544658464552,0.8030126660837615,2.306998088795237,0.2019353406711751
1.5870544658464552,0.8030126660837615,2.442473914909467,0.2019353406711751
1.5870544658464552,0.8030126660837615,2.600320319756283,0.2019353406711751
1.5870544658464552,0.8030126660837615,2.236682287834576,0.2019353406711751
1.5870544658464552,0.8030126660837615,2.219345579018841,0.2019353406711751
1.5870544658464552,0.8030126660837615,2.590447593510709,0.2019353406711751
1.5870544658464552,0.8030126660837615,2.322446148209223,0.2019353406711751
1.5870544658464552,0.8030126660837615,2.4048383498051242,0.2019353406711751
1.5870544658464552,0.8030126660837615,2.58098305675343,0.2019353406711751
1.5172145023696249,0.8030126660837615,2.6156493590825747,0.2019353406711751
1.5172145023696249,0.8030126660837615,2.5805518416318547,0.2019353406711751
1.5172145023696249,0.8030126660837615,2.7786576316643,0.2019353406711751
1.5172145023696249,0.8030126660837615,3.1951796643411425,0.2019353406711751
1.5172145023696249,0.7981862613823322,2.3633988975237425,0.2019353406711751
1.5172145023696249,0.7981862613823322,2.644807288512238,0.2019353406711751
1.5172145023696249,0.7981862613823322,2.4732796015923153,0.2019353406711751
1.5172145023696249,0.7981862613823322,2.3372647791244323,0.2019353406711751
1.5172145023696249,0.7981862613823322,2.5385164062841605,0.2019353406711751
1.5172145023696249,0.7981862613823322,2.7613812743786728,0.2019353406711751
1.5172145023696249,0.7981862613823322,2.7141260184834453,0.2019353406711751
1.6138997400088502,0.7981862613823322,2.8215886540906157,0.2019353406711751
1.6138997400088502,0.7981862613823322,2.253355383267494,0.2019353406711751
1.6138997400088502,0.7981862613823322,2.305717612162299,0.2019353406711751
1.6138997400088502,0.7981862613823322,2.6798029866775672,0.2019353406711751
1.6138997400088502,0.7981862613823322,2.385875761632463,0.2019353406711751
1.6138997400088502,0.7981862613823322,2.5315163020944866,0.2019353406711751
1.6138997400088502,0.7981862613823322,2.8403715965752507,0.2019353406711751
1.6138997400088502,0.7981862613823322,2.5977471067676925,0.2019353406711751
1.6138997400088502,0.7981862613823322,2.439289081451654,0.2019353406711751
1.6138997400088502,0.7981862613823322,2.631468946651722,0.2019353406711751
1.6138997400088502,0.7981862613823322,2.375903056431374,0.2019353406711751
1.6138997400088502,0.7981862613823322,2.5216509680089936,0.2019353406711751
1.6138997400088502,0.7981862613823322,2.305221804454113,0.2019353406711751
1.6138997400088502,0.7981862613823322,2.3396942598235624,0.2019353406711751
2.046248963082692,0.7981862613823322,2.0800182501181546,0.2019353406711751
2.046248963082692,0.7981862613823322,1.9829382796502144,0.2019353406711751
2.046248963082692,0.7981862613823322,1.9002745589319991,0.2019353406711751
2.046248963082692,0.7981862613823322,1.996207305741076,0.2019353406711751
2.046248963082692,0.7981862613823322,1.8943046874174778,0.2019353406711751
2.046248963082692,0.7981862613823322,1.8435558126345557,0.2019353406711751
2.046248963082692,0.7981862613823322,1.9829843966883824,0.2019353406711751
2.046248963082692,0.7981862613823322,1.886329062211936,0.2019353406711751
2.046248963082692,0.7981862613823322,1.9342458279691876,0.2019353406711751
2.053390259221805,0.6613697621243803,2.188658226657901,0.2019353406711751
2.053390259221805,0.6613697621243803,2.290521027422923,0.2019353406711751
2.053390259221805,0.6613697621243803,2.2321436607155922,0.2019353406711751
2.053390259221805,0.6613697621243803,2.246092169129425,0.2019353406711751
2.053390259221805,0.6613697621243803,2.280250445989744,0.2019353406711751
2.053390259221805,0.6613697621243803,2.2578314544691733,0.2019353406711751
2.053390259221805,0.6613697621243803,2.2551833200055547,0.2019353406711751
2.053390259221805,0.6613697621243803,2.471188415759973,0.2019353406711751
1.7840637608860785,0.6613697621243803,2.4833883228142324,0.2019353406711751
1.7840637608860785,0.6613697621243803,2.496349401071344,0.2019353406711751
1.7840637608860785,0.6613697621243803,2.3497286370142216,0.2019353406711751
1.9170369838684096,0.6613697621243803,2.594227194735306,0.2019353406711751
1.9170369838684096,0.6613697621243803,2.764313325319694,0.2019353406711751
1.9170369838684096,0.6613697621243803,2.4246400797750596,0.2019353406711751
1.9170369838684096,0.6613697621243803,2.25033371719856,0.2019353406711751
1.9170369838684096,0.6613697621243803,2.3137225848180334,0.2019353406711751
1.9170369838684096,0.7373029610164258,2.347897644706871,0.2019353406711751
1.9170369838684096,0.7373029610164258,2.141304017392673,0.2019353406711751
1.9170369838684096,0.7373029610164258,2.1105729220483975,0.2019353406711751
1.9170369838684096,0.7373029610164258,2.351613580758744,0.2019353406711751
1.9170369838684096,0.7373029610164258,2.565796505996078,0.2019353406711751
1.9170369838684096,0.7373029610164258,1.979751164151794,0.2019353406711751
1.9170369838684096,0.7373029610164258,2.1020664853250546,0.2019353406711751
1.9170369838684096,0.7373029610164258,2.181302560120248,0.2019353406711751
1.9170369838684096,0.7373029610164258,2.4000780209487376,0.2019353406711751
1.9170369838684096,0.7373029610164258,2.390958680045004,0.2019353406711751
2.0429776757822853,0.7373029610164258,2.1013597908297603,0.2019353406711751
2.0429776757822853,0.7373029610164258,1.9995358548229076,0.2019353406711751
2.0429776757822853,0.7373029610164258,2.0144513883486383,0.2019353406711751
2.0429776757822853,0.7373029610164258,1.9812942481018405,0.2019353406711751
1.973158246527954,0.7373029610164258,2.0896607702803576,0.1999159878572697
1.973158246527954,0.7296619609390838,2.250285048421875,0.1999159878572697
1.973158246527954,0.7296619609390838,2.4402646839088384,0.1999159878572697
1.973158246527954,0.7296619609390838,2.1379451943245167,0.1999159878572697
1.973158246527954,0.7296619609390838,2.1139753274036566,0.1999159878572697
1.973158246527954,0.7296619609390838,2.03047622256511,0.1999159878572697
1.973158246527954,0.7296619609390838,1.9700489294053471,0.1999159878572697
2.019094978293603,0.7296619609390838,1.9733959756109245,0.1999159878572697
2.019094978293603,0.6417217122324048,2.388746737693101,0.1999159878572697
2.019094978293603,0.7445239340799619,2.3244135578171172,0.1999159878572697
2.019094978293603,0.7313779895349315,2.087390179082037,0.1999159878572697
2.019094978293603,0.7313779895349315,2.04859909811327,0.1999159878572697
2.019094978293603,0.7313779895349315,2.0766287633437024,0.1999159878572697
2.019094978293603,0.7313779895349315,2.079905464109251,0.1999159878572697
2.019094978293603,0.7313779895349315,2.2486141084411124,0.1999159878572697
2.2802071490509257,0.7313779895349315,1.9216868323195357,0.1999159878572697
2.2802071490509257,0.7313779895349315,1.8944995852873516,0.1999159878572697
2.2802071490509257,0.7313779895349315,1.8381789026342386,0.1999159878572697
2.2802071490509257,0.7313779895349315,1.9670790533896523,0.1999159878572697
2.2802071490509257,0.7313779895349315,2.231216724049686,0.1999159878572697
2.2802071490509257,0.7313779895349315,1.7860735233792109,0.1999159878572697
2.2802071490509257,0.7313779895349315,1.794506588875801,0.1999159878572697
2.2802071490509257,0.7313779895349315,1.7299613259410707,0.1999159878572697
2.2802071490509257,0.7313779895349315,1.802139168811081,0.1999159878572697
2.2802071490509257,0.7313779895349315,1.8785376252680521,0.1999159878572697
2.2802071490509257,0.7313779895349315,1.8403820217468432,0.1999159878572697
2.2802071490509257,0.7313779895349315,1.9713783497003585,0.1999159878572697
2.2802071490509257,0.7313779895349315,1.8496922054397988,0.1999159878572697
2.2802071490509257,0.7313779895349315,1.9373317606232263,0.1999159878572697
2.2802071490509257,0.7313779895349315,1.7647853049046558,0.1999159878572697
2.117134575594327,0.7313779895349315,1.9585210848991845,0.1999159878572697
2.117134575594327,0.7313779895349315,2.0863562738290287,0.1999159878572697
2.0703976724776236,0.7313779895349315,2.040225004148731,0.1999159878572697
2.0703976724776236,0.7313779895349315,1.977652961561515,0.1999159878572697
2.0703976724776236,0.7313779895349315,2.291777870457933,0.1999159878572697
2.0703976724776236,0.6727359647426183,1.9902399262717945,0.1999159878572697
2.0703976724776236,0.6727359647426183,2.3864389646264828,0.1999159878572697
2.0703976724776236,0.6727359647426183,2.1853349029345037,0.1999159878572697
2.025146461812974,0.6727359647426183,2.103358983620447,0.1999159878572697
2.025146461812974,0.6727359647426183,2.2155113371030697,0.1999159878572697
2.025146461812974,0.6727359647426183,2.212004429171087,0.1999159878572697
2.025146461812974,0.6727359647426183,2.276242453951773,0.1999159878572697
2.025146461812974,0.6727359647426183,2.3077797419899895,0.1999159878572697
2.025146461812974,0.6727359647426183,2.234983322889901,0.1999159878572697
2.025146461812974,0.6727359647426183,2.3084938179413252,0.1999159878572697
2.025146461812974,0.6727359647426183,2.243628592312888,0.1999159878572697
2.025146461812974,0.6727359647426183,2.0113878112604806,0.1999159878572697
2.025146461812974,0.6727359647426183,2.2535536879304727,0.1999159878572697
2.025146461812974,0.6727359647426183,2.572597812207188,0.1999159878572697
2.025146461812974,0.6727359647426183,2.514976372613298,0.1999159878572697
2.025146461812974,0.6727359647426183,2.411205969033721,0.1999159878572697
2.025146461812974,0.6727359647426183,2.341458368627213,0.1999159878572697
2.025146461812974,0.6727359647426183,2.2749700431644606,0.1999159878572697
2.025146461812974,0.6727359647426183,2.4292035376900767,0.1999159878572697
2.025146461812974,0.6727359647426183,2.2779247767810142,0.1999159878572697
2.025146461812974,0.6727359647426183,2.2960354149014397,0.1999159878572697
1.8741532001976426,0.6727359647426183,2.5047250319175043,0.1999159878572697
1.8741532001976426,0.6727359647426183,2.389093336954744,0.1999159878572697
2.0794508564766168,0.6727359647426183,2.569826766558114,0.1999159878572697
2.0794508564766168,0.6727359647426183,2.2444895290465627,0.1999159878572697
2.0794508564766168,0.6727359647426183,2.2324423054371763,0.1999159878572697
1.822696017955121,0.6727359647426183,2.3710626959443504,0.1999159878572697
1.822696017955121,0.6727359647426183,2.7807478413252955,0.1999159878572697
1.822696017955121,0.6727359647426183,2.534863469849558,0.1999159878572697
1.8265802070472628,0.6727359647426183,2.1252742070873687,0.1999159878572697
1.8265802070472628,0.6727359647426183,2.632069903396943,0.1999159878572697
1.6532816624799647,0.6727359647426183,2.7731736093468213,0.1999159878572697
1.6532816624799647,0.6727359647426183,2.7764576737519224,0.1999159878572697
1.6532816624799647,0.6727359647426183,2.742822941315931,0.1999159878572697
1.6532816624799647,0.6727359647426183,2.777693099802861,0.1999159878572697
1.6532816624799647,0.6727359647426183,2.7375733619097837,0.1999159878572697
1.6532816624799647,0.6727359647426183,3.0532673169247375,0.1999159878572697
1.6532816624799647,0.6727359647426183,2.8951219406232105,0.1999159878572697
1.6532816624799647,0.6727359647426183,2.751696937090606,0.1999159878572697
1.6532816624799647,0.6727359647426183,2.547601374187516,0.1999159878572697
1.6532816624799647,0.6727359647426183,2.767295143888863,0.1999159878572697
1.6532816624799647,0.6727359647426183,2.7492143943404908,0.1999159878572697
1.6532816624799647,0.6727359647426183,2.736129288062391,0.1999159878572697
1.6532816624799647,0.6727359647426183,3.0666930741500753,0.1999159878572697
1.6532816624799647,0.6727359647426183,2.5216860193785116,0.1999159878572697
1.6532816624799647,0.6727359647426183,2.868788447445786,0.1999159878572697
1.6532816624799647,0.6727359647426183,3.0172053435214865,0.1999159878572697
1.6532816624799647,0.6727359647426183,2.7038541550241066,0.1999159878572697
1.6532816624799647,0.6727359647426183,2.573371362558271,0.1999159878572697
1.6532816624799647,0.6727359647426183,2.776212404131137,0.1999159878572697
1.6532816624799647,0.6727359647426183,2.471325946932302,0.1999159878572697
1.6532816624799647,0.6727359647426183,2.75960197362124,0.1999159878572697
1.6532816624799647,0.6727359647426183,2.7760074890802393,0.1999159878572697
1.6532816624799647,0.7493538664455512,2.6502318578526207,0.1999159878572697
1.6532816624799647,0.7493538664455512,2.213052105927175,0.1999159878572697
1.6532816624799647,0.7493538664455512,2.624343934222466,0.1999159878572697
1.6532816624799647,0.7601110857620973,2.4977905882634,0.1999159878572697
1.6532816624799647,0.7601110857620973,2.5844378221827826,0.1999159878572697
1.6532816624799647,0.7601110857620973,2.419170473891774,0.1999159878572697
1.6532816624799647,0.7601110857620973,2.7669887670259845,0.1999159878572697
1.6532816624799647,0.7601110857620973,2.6607804650103843,0.1999159878572697
1.6532816624799647,0.7601110857620973,2.2786387631889773,0.1999159878572697
1.6532816624799647,0.7601110857620973,2.5617076278799207,0.1999159878572697
1.6532816624799647,0.7601110857620973,2.6157980441813278,0.1999159878572697
1.6532816624799647,0.7149721960473475,2.425862868790473,0.1999159878572697
1.6532816624799647,0.7149721960473475,2.635792728600691,0.1999159878572697
1.6532816624799647,0.7149721960473475,2.521484492733523,0.1999159878572697
1.6532816624799647,0.7149721960473475,2.5316268960216433,0.1999159878572697
1.6532816624799647,0.7149721960473475,2.618549573307509,0.1999159878572697
1.6532816624799647,0.7149721960473475,2.663772555683258,0.1999159878572697
1.6532816624799647,0.7149721960473475,2.5346606012673876,0.1999159878572697
1.6532816624799647,0.7149721960473475,2.647017317245058,0.1999159878572697
1.6532816624799647,0.7149721960473475,2.7044407266762907,0.1999159878572697
1.6532816624799647,0.7149721960473475,2.5866478362822813,0.1999159878572697
1.6739486992929222,0.7149721960473475,2.2083116622397654,0.1999159878572697
1.6739486992929222,0.7149721960473475,2.7612111020946544,0.1999159878572697
1.6739486992929222,0.7149721960473475,2.3755171888537054,0.1999159878572697
1.6739486992929222,0.6966821896644931,2.714809452083974,0.1999159878572697
1.7747037890754416,0.6966821896644931,2.6073019656650223,0.1999159878572697
1.7747037890754416,0.6966821896644931,2.5371910929445383,0.1999159878572697
1.7747037890754416,0.6966821896644931,2.5587897196347726,0.1999159878572697
1.7747037890754416,0.6966821896644931,2.6086307963215005,0.1999159878572697
1.7747037890754416,0.6966821896644931,2.454579593681621,0.1999159878572697
1.7747037890754416,0.6966821896644931,2.4568847562191327,0.1999159878572697
1.7747037890754416,0.6966821896644931,2.621412502507936,0.1999159878572697
1.7747037890754416,0.6966821896644931,2.463098422891818,0.1999159878572697
1.7747037890754416,0.6966821896644931,2.539235071116099,0.1999159878572697
1.7747037890754416,0.6945024999268571,2.357994331806033,0.1999159878572697
1.7747037890754416,0.6945024999268571,2.874468750058012,0.1999159878572697
1.7747037890754416,0.6945024999268571,2.5995167589078423,0.1999159878572697
1.782336553409159,0.6945024999268571,2.4074382496389672,0.1999159878572697
1.782336553409159,0.6945024999268571,2.3488966330612624,0.1999159878572697
1.782336553409159,0.6945024999268571,2.5504046156772606,0.1999159878572697
1.782336553409159,0.6945024999268571,2.530181131056929,0.1999159878572697
1.782336553409159,0.6945024999268571,2.534556440392151,0.1999159878572697
1.782336553409159,0.6945024999268571,2.5216185330568295,0.1999159878572697
1.7450729705918697,0.6945024999268571,2.663760423056452,0.1999159878572697
1.7450729705918697,0.6945024999268571,2.6601894045175425,0.1999159878572697
1.7450729705918697,0.6945024999268571,2.7790472844672682,0.1999159878572697
1.7450729705918697,0.6945024999268571,2.3168622798798606,0.1999159878572697
1.7450729705918697,0.6945024999268571,2.5902690560495474,0.1999159878572697
1.7450729705918697,0.6945024999268571,2.468363795593934,0.1999159878572697
1.7450729705918697,0.6945024999268571,2.4067478532902364,0.1999159878572697
1.7450729705918697,0.6945024999268571,2.3778711187482937,0.1999159878572697
1.7450729705918697,0.6945024999268571,2.507225217193736,0.1999159878572697
1.7450729705918697,0.6945024999268571,2.48506548251174,0.1999159878572697
1.7450729705918697,0.6945024999268571,2.8081846246759286,0.1999159878572697
1.7450729705918697,0.6945024999268571,2.7783300244943625,0.20056351084426374
1.7450729705918697,0.6945024999268571,2.530163628776204,0.20056351084426374
1.7450729705918697,0.6945024999268571,2.5551519132526184,0.20056351084426374
1.7450729705918697,0.6945024999268571,2.749659624989685,0.20056351084426374
1.7450729705918697,0.6945024999268571,2.8031335709310525,0.20056351084426374
1.7450729705918697,0.6945024999268571,2.411335621720482,0.20056351084426374
1.7450729705918697,0.6945024999268571,2.486966486177204,0.20056351084426374
1.7651885833631962,0.6945024999268571,2.579950975061916,0.20056351084426374
1.933411083176429,0.6945024999268571,2.451955937193241,0.20056351084426374
1.933411083176429,0.6945024999268571,2.50136543229657,0.20056351084426374
1.933411083176429,0.6945024999268571,2.4142767204698723,0.20056351084426374
1.933411083176429,0.6945024999268571,2.193687106573279,0.20056351084426374
1.933411083176429,0.6945024999268571,2.2851565245191376,0.20056351084426374
1.933411083176429,0.6945024999268571,2.647068636813243,0.20056351084426374
1.933411083176429,0.6945024999268571,2.3951122639493145,0.20056351084426374
1.933411083176429,0.6945024999268571,2.5423629755016384,0.20056351084426374
1.933411083176429,0.6945024999268571,2.4603878006027022,0.20056351084426374
1.933411083176429,0.6945024999268571,2.431311563480992,0.20056351084426374
1.933411083176429,0.6945024999268571,2.0958215664803164,0.20056351084426374
1.933411083176429,0.6945024999268571,2.6040991492279604,0.20056351084426374
1.933411083176429,0.6945024999268571,2.501459261624701,0.20056351084426374
1.933411083176429,0.6945024999268571,2.4389331390123608,0.20056351084426374
1.933411083176429,0.6945024999268571,2.2256297823977516,0.20056351084426374
1.933411083176429,0.6945024999268571,2.1101418893487365,0.20056351084426374
1.933411083176429,0.6945024999268571,2.3433042208500017,0.20056351084426374
1.933411083176429,0.6945024999268571,2.568199902772773,0.20056351084426374
1.933411083176429,0.6945024999268571,2.4592471366757294,0.20056351084426374
1.933411083176429,0.6945024999268571,2.322945559100271,0.20056351084426374
1.933411083176429,0.6945024999268571,2.279082078617581,0.20056351084426374
1.933411083176429,0.6945024999268571,2.1869216131808162,0.20056351084426374
1.933411083176429,0.6945024999268571,2.3647150490085433,0.20056351084426374
1.933411083176429,0.6945024999268571,2.535412030589537,0.20056351084426374
1.933411083176429,0.6945024999268571,2.5885846050921315,0.20056351084426374
1.933411083176429,0.6945024999268571,2.291492674466423,0.20056351084426374
1.933411083176429,0.6945024999268571,2.373280092022695,0.20056351084426374
1.933411083176429,0.6945024999268571,2.3562435372284134,0.20056351084426374
1.933411083176429,0.6945024999268571,2.175734349062933,0.20056351084426374
1.933411083176429,0.6945024999268571,2.8051508533924987,0.20056351084426374
1.933411083176429,0.6945024999268571,2.180836647850802,0.20056351084426374
1.933411083176429,0.6945024999268571,2.24283126843324,0.20056351084426374
1.933411083176429,0.6945024999268571,2.366042126161262,0.20056351084426374
1.933411083176429,0.6945024999268571,2.111186993104796,0.20056351084426374
1.88972029140883,0.6945024999268571,2.3353559749462898,0.20056351084426374
1.88972029140883,0.6945024999268571,2.315165201178751,0.20056351084426374
1.88972029140883,0.6945024999268571,2.56039554159487,0.20056351084426374
1.88972029140883,0.6945024999268571,2.4086567621819945,0.20056351084426374
1.88972029140883,0.6945024999268571,2.20508791030141,0.20056351084426374
1.88972029140883,0.6945024999268571,2.526806865674751,0.20056351084426374
1.9598755795305074,0.6945024999268571,2.3924230602252603,0.20056351084426374
1.9598755795305074,0.6945024999268571,2.361906653129382,0.20056351084426374
1.9598755795305074,0.6945024999268571,2.222235020003522,0.20056351084426374
1.9598755795305074,0.6945024999268571,2.337072784641905,0.20056351084426374
1.9598755795305074,0.6945024999268571,2.1354327386945324,0.20056351084426374
1.9598755795305074,0.6945024999268571,2.1068413081166177,0.20056351084426374
1.9748055595396776,0.6945024999268571,2.7337792809127084,0.20056351084426374
1.9748055595396776,0.6945024999268571,2.2719977447493176,0.20056351084426374
1.9748055595396776,0.6945024999268571,1.971967684268119,0.20056351084426374
1.9748055595396776,0.6945024999268571,2.2433600081388043,0.20056351084426374
1.9748055595396776,0.6945024999268571,2.0863642622201337,0.20056351084426374
1.9748055595396776,0.6945024999268571,2.0857136695021237,0.20056351084426374
1.9748055595396776,0.6945024999268571,2.5687747850285096,0.20056351084426374
1.9748055595396776,0.6945024999268571,2.4217377405741303,0.20056351084426374
1.9748055595396776,0.6945024999268571,2.372091826118945,0.20056351084426374
1.9748055595396776,0.6945024999268571,2.3125925102925597,0.20056351084426374
1.943848547554153,0.6945024999268571,2.2768836734787947,0.20056351084426374
1.943848547554153,0.6945024999268571,2.329945174545519,0.20056351084426374
1.943848547554153,0.6945024999268571,2.4024057092396474,0.20056351084426374
1.943848547554153,0.6945024999268571,2.2411563460042676,0.20056351084426374
1.943848547554153,0.6945024999268571,2.134905235143469,0.20056351084426374
1.943848547554153,0.6945024999268571,2.510853687647527,0.20056351084426374
1.943848547554153,0.6945024999268571,2.467134235017,0.20056351084426374
1.943848547554153,0.6945024999268571,2.3716850680295285,0.20056351084426374
1.943848547554153,0.6945024999268571,2.2763515152201736,0.20056351084426374
1.943848547554153,0.6945024999268571,2.5981592444044015,0.20056351084426374
1.943848547554153,0.6945024999268571,2.1021497171406427,0.20056351084426374
1.943848547554153,0.6945024999268571,2.532173461788581,0.20056351084426374
1.943848547554153,0.6945024999268571,2.287005323485071,0.20056351084426374
1.943848547554153,0.6945024999268571,2.313333189154128,0.20056351084426374
2.3699733792697892,0.6945024999268571,2.1030284870457745,0.20056351084426374
2.237586887313652,0.6945024999268571,1.8961255657276186,0.20056351084426374
2.237586887313652,0.6945024999268571,2.143376565618662,0.20056351084426374
2.237586887313652,0.6945024999268571,1.894585682674692,0.20056351084426374
2.237586887313652,0.6945024999268571,1.9294141548902477,0.20056351084426374
2.237586887313652,0.6945024999268571,2.149897624911454,0.20056351084426374
2.237586887313652,0.6945024999268571,1.9797746731891352,0.20056351084426374
2.237586887313652,0.6945024999268571,1.9455980520343272,0.20056351084426374
2.237586887313652,0.6945024999268571,1.904155164121889,0.20056351084426374
2.237586887313652,0.6945024999268571,1.8148154120317757,0.20056351084426374
2.237586887313652,0.6945024999268571,2.0260037819390515,0.20056351084426374
2.237586887313652,0.6945024999268571,2.19272294941753,0.20056351084426374
2.237586887313652,0.6945024999268571,2.1338474166575567,0.20056351084426374
2.237586887313652,0.6945024999268571,1.854839850305162,0.20056351084426374
2.237586887313652,0.6945024999268571,1.9669842514504774,0.20056351084426374
2.237586887313652,0.6945024999268571,2.1002675606334646,0.20056351084426374
2.237586887313652,0.6945024999268571,2.265703036230332,0.20056351084426374
2.21214355662444,0.6945024999268571,2.112784617028631,0.20056351084426374
2.21214355662444,0.6945024999268571,1.9696243581196804,0.20056351084426374
2.21214355662444,0.6945024999268571,1.9970266099606195,0.20056351084426374
2.21214355662444,0.6945024999268571,2.1096571703225218,0.20056351084426374
2.21214355662444,0.6945024999268571,2.1242396125338883,0.20056351084426374
2.1870227530365143,0.6945024999268571,2.1231366579212656,0.20056351084426374
2.1870227530365143,0.6945024999268571,2.002559818501275,0.20056351084426374
2.1870227530365143,0.6945024999268571,2.0097250105037294,0.20056351084426374
2.123655039881234,0.6945024999268571,2.0551798434908783,0.20056351084426374
2.123655039881234,0.6945024999268571,2.1368787151062945,0.20056351084426374
2.123655039881234,0.6945024999268571,2.14997807690257,0.20056351084426374
2.123655039881234,0.6945024999268571,2.006502844405119,0.20056351084426374
2.123655039881234,0.6945024999268571,2.2631767774916223,0.20056351084426374
2.123655039881234,0.6945024999268571,2.121022231604612,0.20056351084426374
2.123655039881234,0.6945024999268571,1.9992262236705245,0.20056351084426374
2.123655039881234,0.6945024999268571,2.2733360684379766,0.20056351084426374
2.123655039881234,0.6590237691392258,2.2705654317745774,0.20056351084426374
2.123655039881234,0.6590237691392258,2.263468933373544,0.20056351084426374
2.1461735239765805,0.6590237691392258,2.1934135149059433,0.20056351084426374
2.1461735239765805,0.6590237691392258,2.3510585922569587,0.20056351084426374
2.1461735239765805,0.6590237691392258,2.025306458893234,0.20056351084426374
2.1461735239765805,0.6590237691392258,1.9874082396516364,0.20056351084426374
2.1461735239765805,0.6590237691392258,2.2786493999135984,0.20056351084426374
2.1461735239765805,0.6590237691392258,2.252532509042794,0.20056351084426374
2.1461735239765805,0.6590237691392258,2.224782667428124,0.20056351084426374
2.1461735239765805,0.6590237691392258,2.0578001870081946,0.20056351084426374
2.1461735239765805,0.6590237691392258,2.4929674901877354,0.20056351084426374
2.1584573349438503,0.6590237691392258,2.122313047876227,0.20056351084426374
2.1584573349438503,0.6590237691392258,2.3215865580467856,0.20056351084426374
2.1584573349438503,0.6590237691392258,2.199179813518832,0.20056351084426374
2.1584573349438503,0.6590237691392258,2.161877921519706,0.20056351084426374
2.1584573349438503,0.6590237691392258,2.18716844509439,0.20056351084426374
2.1584573349438503,0.6590237691392258,2.2409240352726516,0.20056351084426374
2.1584573349438503,0.7379461219947279,2.103027029086419,0.20056351084426374
2.1584573349438503,0.7379461219947279,1.9345660134000033,0.20056351084426374
2.1584573349438503,0.7379461219947279,1.9138366764788841,0.20056351084426374
2.1584573349438503,0.7379461219947279,1.8866813133121916,0.20056351084426374
2.1584573349438503,0.7379461219947279,2.035606110630082,0.20056351084426374
2.1584573349438503,0.7379461219947279,2.045138626747904,0.20056351084426374
2.1584573349438503,0.7379461219947279,1.9482196488197787,0.20056351084426374
2.1584573349438503,0.7379461219947279,2.0711197552874943,0.20056351084426374
2.1584573349438503,0.7379461219947279,2.132148480381274,0.20056351084426374
2.1584573349438503,0.7379461219947279,1.9257783369447226,0.20056351084426374
2.1584573349438503,0.7379461219947279,1.931382648071711,0.20056351084426374
2.1584573349438503,0.7379461219947279,1.9086071318504585,0.20056351084426374
2.1584573349438503,0.7379461219947279,1.8574384565120916,0.20056351084426374
2.185636370485433,0.7379461219947279,1.9110458324095208,0.20056351084426374
2.10252327896962,0.7379461219947279,1.9257125198806149,0.20056351084426374
2.10252327896962,0.699580806080012,1.9806585979638804,0.20056351084426374
2.10252327896962,0.699580806080012,2.3377597452381496,0.20056351084426374
2.10252327896962,0.699580806080012,2.1162305984735217,0.20056351084426374
2.10252327896962,0.699580806080012,2.0111731544201428,0.20056351084426374
2.10252327896962,0.699580806080012,2.1726006282280346,0.20056351084426374
2.000915991162629,0.699580806080012,2.1723731956900942,0.20056351084426374
2.000915991162629,0.699580806080012,2.1984170633236966,0.20056351084426374
2.000915991162629,0.699580806080012,2.4699878284098777,0.20056351084426374
2.000915991162629,0.699580806080012,2.046476236757785,0.20056351084426374
2.000915991162629,0.699580806080012,2.241307484811201,0.20056351084426374
2.000915991162629,0.699580806080012,2.286662952488808,0.20056351084426374
2.000915991162629,0.699580806080012,2.240879218518699,0.20056351084426374
2.000915991162629,0.699580806080012,2.010613439136591,0.20056351084426374
1.9850503506709236,0.699580806080012,2.349606108166859,0.20056351084426374
1.9850503506709236,0.699580806080012,2.2930708373305744,0.20056351084426374
1.9850503506709236,0.699580806080012,2.220149057084399,0.20056351084426374
1.9850503506709236,0.699580806080012,2.2958659460335644,0.20056351084426374
1.9850503506709236,0.699580806080012,2.171568938575815,0.20056351084426374
1.9850503506709236,0.699580806080012,2.1774887631981406,0.20056351084426374
1.9850503506709236,0.699580806080012,2.283773452011956,0.20056351084426374
1.9850503506709236,0.699580806080012,2.337886825710401,0.20056351084426374
1.9850503506709236,0.699580806080012,2.2407626033484016,0.20056351084426374
1.9850503506709236,0.699580806080012,2.3473004237096764,0.20056351084426374
1.597370403899784,0.732310472555024,2.38429155109841,0.20056351084426374
1.7946688788846863,0.732310472555024,2.717025579101616,0.20056351084426374
1.7946688788846863,0.732310472555024,2.435905295905907,0.20056351084426374
1.7946688788846863,0.732310472555024,2.3597665146066147,0.20056351084426374
1.7946688788846863,0.7634359848478693,2.2344343558554054,0.20056351084426374
1.811220971703952,0.7634359848478693,2.404729860650454,0.20056351084426374
1.811220971703952,0.7634359848478693,2.33211230952213,0.20056351084426374
1.811220971703952,0.7634359848478693,2.358753157425276,0.20056351084426374
1.811220971703952,0.7634359848478693,2.1625546955495007,0.20056351084426374
1.811220971703952,0.7634359848478693,2.1613593119855654,0.20056351084426374
1.811220971703952,0.7634359848478693,2.024265015312679,0.20056351084426374
1.811220971703952,0.7634359848478693,2.1962195842142416,0.20056351084426374
1.811220971703952,0.7634359848478693,2.2650042299661073,0.20056351084426374
1.811220971703952,0.7634359848478693,2.3750266056573657,0.20056351084426374
1.811220971703952,0.7634359848478693,2.221343362513345,0.20056351084426374
1.811220971703952,0.7634359848478693,2.4172519399511545,0.20056351084426374
1.811220971703952,0.7634359848478693,2.2350339845453484,0.20056351084426374
1.811220971703952,0.7634359848478693,2.3755376599959654,0.20056351084426374
1.8179065125816707,0.7634359848478693,2.322187871962006,0.20056351084426374
1.8179065125816707,0.7634359848478693,2.4068760793418607,0.20056351084426374
1.8179065125816707,0.7634359848478693,2.408149507416121,0.20056351084426374
1.8179065125816707,0.7634359848478693,2.4783333511828376,0.20056351084426374
1.8179065125816707,0.7634359848478693,2.147994719543881,0.20056351084426374
1.8179065125816707,0.7634359848478693,2.1559463190048636,0.20056351084426374
1.8179065125816707,0.7634359848478693,2.371954513843947,0.20056351084426374
1.8179065125816707,0.7634359848478693,2.078353996356838,0.20056351084426374
1.8179065125816707,0.7634359848478693,2.437154271123219,0.20056351084426374
1.8179065125816707,0.7634359848478693,2.337755548563234,0.20056351084426374
1.8179065125816707,0.7584057621791841,2.4075788920143015,0.20056351084426374
1.8179065125816707,0.7584057621791841,2.2781187981822124,0.20056351084426374
1.8179065125816707,0.7584057621791841,2.3176577742931928,0.20056351084426374
1.8179065125816707,0.7584057621791841,2.1690565711985124,0.20056351084426374
1.8179065125816707,0.7584057621791841,2.4815120863943427,0.20056351084426374
1.7953993595220823,0.7584057621791841,2.3710535870407963,0.20056351084426374
1.7982272021365455,0.7584057621791841,2.1730331820116704,0.20056351084426374
1.7982272021365455,0.7584057621791841,2.5685223680222333,0.20056351084426374
1.7982272021365455,0.7584057621791841,2.2226679393321094,0.20056351084426374
1.7982272021365455,0.7584057621791841,2.241995231935059,0.20056351084426374
1.7982272021365455,0.7584057621791841,2.452644760865766,0.20056351084426374
1.7982272021365455,0.7584057621791841,2.365359568186098,0.20056351084426374
1.7445140637208771,0.7584057621791841,2.392765825915217,0.20056351084426374
1.7445140637208771,0.7584057621791841,2.390764999020811,0.20056351084426374
1.7445140637208771,0.7584057621791841,2.5565041429428406,0.20056351084426374
1.7445140637208771,0.7584057621791841,2.505644239303403,0.20056351084426374
1.7445140637208771,0.7584057621791841,2.2443135506976546,0.20056351084426374
1.7445140637208771,0.7584057621791841,2.2717502744636624,0.20056351084426374
2.0263608686677546,0.7584057621791841,1.9452680990506588,0.20056351084426374
2.0263608686677546,0.7295360398247468,2.074982987980361,0.20056351084426374
2.0263608686677546,0.7295360398247468,2.060447790679808,0.20056351084426374
2.0263608686677546,0.7295360398247468,2.240664570286643,0.20056351084426374
2.0263608686677546,0.7594866586315172,1.9411536540385637,0.20056351084426374
2.0263608686677546,0.7594866586315172,2.182783026926539,0.20056351084426374
2.0263608686677546,0.7594866586315172,2.0469166114425743,0.20056351084426374
2.0263608686677546,0.7594866586315172,2.086120425708638,0.20056351084426374
2.0263608686677546,0.7594866586315172,2.1745667466797642,0.20056351084426374
2.0263608686677546,0.7594866586315172,2.182689034033516,0.20056351084426374
2.0263608686677546,0.7594866586315172,2.0300535732914566,0.20056351084426374
2.0263608686677546,0.7594866586315172,1.9568427037257878,0.20056351084426374
2.0263608686677546,0.7594866586315172,1.8488561541172883,0.20056351084426374
2.0263608686677546,0.7594866586315172,1.9201499839294318,0.20056351084426374
2.0263608686677546,0.7594866586315172,2.018094890778964,0.20056351084426374
2.0263608686677546,0.7594866586315172,1.9342204966877028,0.20056351084426374
2.0263608686677546,0.7594866586315172,2.1895760060584686,0.20056351084426374
2.0263608686677546,0.7594866586315172,2.110581301328512,0.20056351084426374
2.0263608686677546,0.7594866586315172,2.159671369596424,0.20056351084426374
2.0263608686677546,0.7594866586315172,1.9486068841196065,0.20056351084426374
2.0263608686677546,0.7594866586315172,2.1199156067512757,0.20056351084426374
2.0263608686677546,0.7594866586315172,2.023092086109714,0.20056351084426374
1.8591764695343271,0.7594866586315172,2.1248926584975245,0.20056351084426374
1.6604501222874164,0.7594866586315172,2.3243532422923274,0.20056351084426374
1.6604501222874164,0.7594866586315172,2.3248744358075726,0.20056351084426374
1.6604501222874164,0.7594866586315172,2.5676013447580974,0.20056351084426374
1.6604501222874164,0.7594866586315172,2.5895536683811704,0.20056351084426374
1.6604501222874164,0.7594866586315172,2.6060156182658676,0.20056351084426374
1.6604501222874164,0.7594866586315172,2.5133477300406377,0.20056351084426374
1.6604501222874164,0.7594866586315172,2.631999408069257,0.20056351084426374
1.6604501222874164,0.7594866586315172,2.2853414735427524,0.20056351084426374
1.6604501222874164,0.7594866586315172,2.5417785328025175,0.20056351084426374
1.6604501222874164,0.7594866586315172,2.5030392420844283,0.20056351084426374
1.6604501222874164,0.7594866586315172,2.28488443279356,0.20056351084426374
1.6604501222874164,0.7594866586315172,2.6239666639803807,0.20056351084426374
1.6604501222874164,0.7594866586315172,2.5500165824744214,0.20056351084426374
1.6604501222874164,0.7594866586315172,2.3167193567939504,0.20056351084426374
1.6604501222874164,0.7594866586315172,2.675738360078226,0.20056351084426374
1.6604501222874164,0.7594866586315172,2.659753912949318,0.20056351084426374
1.6604501222874164,0.7594866586315172,2.459934172550568,0.20056351084426374
1.73303027631363,0.7594866586315172,2.6964741481225163,0.20056351084426374
1.73303027631363,0.7594866586315172,2.4491601668135106,0.20056351084426374
1.73303027631363,0.7400594666175864,2.63991356848409,0.20056351084426374
1.73303027631363,0.7400594666175864,2.404206975428104,0.20056351084426374
1.73303027631363,0.7400594666175864,2.472956354230077,0.20056351084426374
1.73303027631363,0.7400594666175864,2.408349572173918,0.20056351084426374
1.73303027631363,0.7400594666175864,2.7335805723009514,0.20056351084426374
1.73303027631363,0.7400594666175864,2.2781954428506013,0.20056351084426374
1.677584093293425,0.7400594666175864,2.486425645217374,0.20056351084426374
1.677584093293425,0.7400594666175864,2.24859459813418,0.20056351084426374
1.677584093293425,0.7400594666175864,2.703615516739092,0.20056351084426374
1.677584093293425,0.7626622125844805,2.5876778275952783,0.20056351084426374
1.677584093293425,0.7626622125844805,2.342076583855385,0.20056351084426374
1.677584093293425,0.7626622125844805,2.4794985282012654,0.20056351084426374
1.677584093293425,0.7626622125844805,2.494253426681162,0.20056351084426374
1.677584093293425,0.7734527844432257,2.482067909775589,0.20056351084426374
1.677584093293425,0.7734527844432257,2.5032534158083584,0.20056351084426374
1.677584093293425,0.7734527844432257,2.7163751148804542,0.20056351084426374
1.677584093293425,0.7734527844432257,2.382051307657509,0.20056351084426374
1.677584093293425,0.7734527844432257,2.33039332414833,0.20056351084426374
1.677584093293425,0.7734527844432257,2.4352583090921303,0.20056351084426374
1.677584093293425,0.7734527844432257,2.2540950268126068,0.20056351084426374
1.677584093293425,0.7734527844432257,2.4670236879267797,0.20056351084426374
1.677584093293425,0.7734527844432257,2.261356536957237,0.20056351084426374
1.7681816861890611,0.7734527844432257,2.319406690428268,0.20056351084426374
1.7434484632570606,0.7734527844432257,2.2417144239266125,0.20056351084426374
1.7434484632570606,0.7734527844432257,2.2876892695856377,0.20056351084426374
1.7434484632570606,0.7734527844432257,2.393519671554122,0.20056351084426374
1.7434484632570606,0.7734527844432257,2.3329951871736467,0.20056351084426374
1.7434484632570606,0.7734527844432257,2.317107370541601,0.20056351084426374
1.7434484632570606,0.7734527844432257,2.411110966987344,0.20056351084426374
1.7434484632570606,0.7807137393009007,2.169503218271066,0.20056351084426374
1.7434484632570606,0.7807137393009007,2.371404853170311,0.20056351084426374
1.7434484632570606,0.7807137393009007,2.281703004999461,0.20056351084426374
1.7434484632570606,0.7807137393009007,2.3579209736707347,0.20056351084426374
1.7434484632570606,0.7807137393009007,2.298728909092822,0.20056351084426374
1.7434484632570606,0.7750902933512814,2.3512981053779205,0.20056351084426374
1.7434484632570606,0.7750902933512814,2.2442468056997846,0.20056351084426374
1.7434484632570606,0.7750902933512814,2.2792393931707777,0.20056351084426374
1.7434484632570606,0.7750902933512814,2.4233706500990584,0.20056351084426374
1.7434484632570606,0.7750902933512814,2.3302826922362887,0.20056351084426374
1.7434484632570606,0.7750902933512814,2.4583828943171873,0.20056351084426374
1.7434484632570606,0.7750902933512814,2.275585355041421,0.20056351084426374
1.7434484632570606,0.7429240123160439,2.1850006906719455,0.20056351084426374
1.7434484632570606,0.7429240123160439,2.311311211896039,0.20056351084426374
1.7434484632570606,0.7429240123160439,2.482508317797366,0.20056351084426374
1.7434484632570606,0.7429240123160439,2.3335203306456473,0.20056351084426374
1.7434484632570606,0.7429240123160439,2.7100892263821423,0.20056351084426374
1.7434484632570606,0.7429240123160439,2.3416314122811794,0.20056351084426374
1.7434484632570606,0.7429240123160439,2.3612440575108744,0.20056351084426374
1.7434484632570606,0.7429240123160439,2.610358538325778,0.20056351084426374
1.7434484632570606,0.7429240123160439,2.2344827262694293,0.20056351084426374
1.7434484632570606,0.7429240123160439,2.5820687685827655,0.20056351084426374
1.7434484632570606,0.7429240123160439,2.2088993851895133,0.20056351084426374
1.7434484632570606,0.7429240123160439,2.412807931625483,0.20056351084426374
1.7434484632570606,0.7429240123160439,2.4281026993495907,0.20056351084426374
1.7434484632570606,0.7429240123160439,2.4055720150734556,0.20056351084426374
1.5552080857597137,0.7429240123160439,2.861778664451343,0.20056351084426374
1.5552080857597137,0.7429240123160439,2.451853595588101,0.20056351084426374
1.5552080857597137,0.7429240123160439,2.7463927908402774,0.20056351084426374
1.8740948649116906,0.7429240123160439,2.5444643350017984,0.20056351084426374
1.8740948649116906,0.7429240123160439,2.3190259538699984,0.20056351084426374
1.8740948649116906,0.7429240123160439,2.2488949738603408,0.20056351084426374
1.8740948649116906,0.7429240123160439,2.2029009006706692,0.20056351084426374
1.8740948649116906,0.7429240123160439,2.3908309744464074,0.20056351084426374
1.8796857958714492,0.7429240123160439,1.9694458377345267,0.20056351084426374
1.8796857958714492,0.7429240123160439,2.1803672516005217,0.20056351084426374
1.8796857958714492,0.7429240123160439,2.25969343351567,0.20056351084426374
1.8796857958714492,0.7429240123160439,2.2225494953299654,0.20056351084426374
1.8796857958714492,0.7429240123160439,2.097820494352102,0.20056351084426374
1.8796857958714492,0.7429240123160439,2.8422852839019908,0.20056351084426374
1.8796857958714492,0.7429240123160439,2.2335946765838575,0.20056351084426374
1.7504682288193456,0.7429240123160439,2.3321513349269423,0.20056351084426374
1.7504682288193456,0.7429240123160439,2.3708591135935237,0.20056351084426374
1.7230046252731872,0.7429240123160439,2.572486864320897,0.20056351084426374
1.8223350416832962,0.7429240123160439,2.293203312070656,0.20056351084426374
1.8223350416832962,0.7429240123160439,2.205041834171293,0.20056351084426374
1.7738010488862606,0.7429240123160439,2.2398933465698487,0.20056351084426374
1.7738010488862606,0.7429240123160439,2.1883295143881036,0.20056351084426374
1.7738010488862606,0.7429240123160439,2.5183125716875177,0.20056351084426374
1.7738010488862606,0.7429240123160439,2.5305417886694,0.20056351084426374
1.7738010488862606,0.7429240123160439,2.3340428228780743,0.20056351084426374
1.7738010488862606,0.7429240123160439,2.1157847984915925,0.20056351084426374
1.7738010488862606,0.7517012110646113,2.414801825093841,0.20056351084426374
1.7319501253781058,0.7517012110646113,2.3591115094338573,0.20056351084426374
1.7319501253781058,0.7517012110646113,2.387653091657109,0.20056351084426374
1.7319501253781058,0.7517012110646113,2.358604620182601,0.20056351084426374
1.7319501253781058,0.7517012110646113,2.5681428468840815,0.20056351084426374
1.5973323200795366,0.7517012110646113,2.675827908393366,0.20056351084426374
1.5973323200795366,0.7517012110646113,2.6296275375155598,0.20056351084426374
1.60625773914879,0.7517012110646113,2.837154071349763,0.20056351084426374
1.641178681876402,0.7517012110646113,2.5614131886255813,0.20056351084426374
1.641178681876402,0.7517012110646113,2.3379713562399043,0.20056351084426374
1.641178681876402,0.7517012110646113,2.2483647809960194,0.20056351084426374
1.641178681876402,0.7517012110646113,2.896103894553956,0.20056351084426374
1.641178681876402,0.7517012110646113,2.6635387595663533,0.20056351084426374
1.641178681876402,0.7517012110646113,2.650843609962874,0.20056351084426374
1.641178681876402,0.7517012110646113,2.553491992337183,0.20056351084426374
1.641178681876402,0.7517012110646113,2.519042117566765,0.20056351084426374
1.641178681876402,0.7517012110646113,2.7854830706407037,0.20056351084426374
1.641178681876402,0.7517012110646113,2.430138733853012,0.20056351084426374
1.641178681876402,0.7517012110646113,2.4192195122184774,0.20056351084426374
1.641178681876402,0.7517012110646113,2.4316006250801268,0.20056351084426374
1.641178681876402,0.7517012110646113,2.605817104515812,0.20056351084426374
1.641178681876402,0.7517012110646113,2.4527286799018664,0.20056351084426374
1.641178681876402,0.7517012110646113,2.612859720420131,0.20056351084426374
1.641178681876402,0.7517012110646113,2.875733141090903,0.20056351084426374
1.641178681876402,0.7517012110646113,2.4461483702737286,0.20056351084426374
1.641178681876402,0.7517012110646113,2.650010032647024,0.20056351084426374
1.641178681876402,0.7517012110646113,2.556493339269267,0.20056351084426374
1.641178681876402,0.7517012110646113,2.496054649381846,0.20056351084426374
1.641178681876402,0.7517012110646113,2.488337773092043,0.20056351084426374
1.641178681876402,0.7517012110646113,2.637347530357612,0.20056351084426374
1.641178681876402,0.7517012110646113,2.5008999689507956,0.20056351084426374
1.641178681876402,0.7517012110646113,2.3247877725450667,0.20056351084426374
1.641178681876402,0.7517012110646113,2.3649020947166046,0.20056351084426374
1.641178681876402,0.7517012110646113,2.4656036157561196,0.20056351084426374
1.641178681876402,0.7517012110646113,2.4290292238752613,0.20056351084426374
1.641178681876402,0.7517012110646113,2.891845422366073,0.20056351084426374
1.641178681876402,0.7517012110646113,2.6569982057691903,0.20056351084426374
1.641178681876402,0.7517012110646113,2.415450940846129,0.20056351084426374
1.641178681876402,0.7517012110646113,2.6435228369889248,0.20056351084426374
1.641178681876402,0.7517012110646113,2.3731047860700247,0.20056351084426374
1.641178681876402,0.7296246905469388,2.6827729967819636,0.20056351084426374
1.641178681876402,0.7296246905469388,2.7201040533342336,0.20056351084426374
1.641178681876402,0.7296246905469388,2.612388746844896,0.20056351084426374
1.641178681876402,0.7296246905469388,2.51595265721576,0.20056351084426374
1.641178681876402,0.7296246905469388,2.5882294163017,0.20056351084426374
1.641178681876402,0.7296246905469388,2.7968706469756692,0.20056351084426374
1.641178681876402,0.7296246905469388,2.4031557115325546,0.20056351084426374
1.641178681876402,0.7296246905469388,2.5352208233704108,0.20056351084426374
1.641178681876402,0.7296246905469388,2.544507551634797,0.20056351084426374
1.641178681876402,0.7296246905469388,2.6828412767124536,0.20056351084426374
1.641178681876402,0.7296246905469388,2.601909890167716,0.20056351084426374
1.641178681876402,0.7296246905469388,2.7689307824122817,0.20056351084426374
1.641178681876402,0.7296246905469388,2.755476246763112,0.20056351084426374
1.641178681876402,0.7296246905469388,2.3879019845937837,0.20056351084426374
1.641178681876402,0.7296246905469388,2.3652606936449865,0.20056351084426374
1.641178681876402,0.7296246905469388,3.140874671883893,0.20056351084426374
1.641178681876402,0.7296246905469388,2.7160074294752667,0.20056351084426374
1.641178681876402,0.7296246905469388,2.8292001847970685,0.20056351084426374
1.641178681876402,0.7296246905469388,2.786602736077454,0.20056351084426374
1.641178681876402,0.7296246905469388,2.5038999274296354,0.20056351084426374
1.641178681876402,0.7296246905469388,2.633240148071129,0.20056351084426374
1.641178681876402,0.7296246905469388,2.629233750415106,0.20056351084426374
1.641178681876402,0.7296246905469388,2.531939700870457,0.20056351084426374
1.641178681876402,0.7296246905469388,2.4978404201288558,0.20056351084426374
1.641178681876402,0.7296246905469388,2.6662244599372142,0.20056351084426374
1.641178681876402,0.7296246905469388,2.596282906975936,0.20056351084426374
1.6202997470319729,0.7296246905469388,2.7996020520338907,0.20056351084426374
1.8430864932179005,0.7296246905469388,2.419244474451942,0.20056351084426374
1.8430864932179005,0.7296246905469388,2.3969128886801436,0.20056351084426374
1.8430864932179005,0.7296246905469388,2.5704894899882897,0.20056351084426374
1.8430864932179005,0.7296246905469388,2.3979166323588337,0.20056351084426374
1.8430864932179005,0.7296246905469388,2.4645637137751355,0.20056351084426374
1.8430864932179005,0.7296246905469388,2.3630895795249987,0.20056351084426374
1.8430864932179005,0.7296246905469388,2.480920784088795,0.20056351084426374
1.8430864932179005,0.7296246905469388,2.2581845770628326,0.20056351084426374
1.8430864932179005,0.7296246905469388,2.406575204637284,0.20056351084426374
1.8430864932179005,0.7296246905469388,2.217163145279837,0.20056351084426374
1.8430864932179005,0.7296246905469388,2.030286295444548,0.20056351084426374
1.8430864932179005,0.7296246905469388,2.5316250364929496,0.20056351084426374
1.8430864932179005,0.7296246905469388,2.4397981773290756,0.20056351084426374
1.8430864932179005,0.7296246905469388,2.371620219112851,0.20056351084426374
1.8430864932179005,0.7296246905469388,2.435030188513586,0.20056351084426374
1.8430864932179005,0.7296246905469388,2.1707335454709664,0.20056351084426374
1.8430864932179005,0.7296246905469388,2.191264901597361,0.20056351084426374
1.8430864932179005,0.7296246905469388,2.285280431072073,0.20056351084426374
1.8430864932179005,0.7296246905469388,2.312588834927938,0.20056351084426374
1.8430864932179005,0.7296246905469388,2.436301379914187,0.20056351084426374
1.8430864932179005,0.7304217541863642,2.3493590727611697,0.20056351084426374
1.8430864932179005,0.7304217541863642,2.3503167379455068,0.20056351084426374
1.8430864932179005,0.7521305570954737,2.3355346801094403,0.20056351084426374
1.8481066310650822,0.7521305570954737,2.172431145241011,0.20056351084426374
1.8481066310650822,0.7521305570954737,2.452500099250044,0.20056351084426374
1.8481066310650822,0.7521305570954737,2.1604648510852367,0.20056351084426374
1.8481066310650822,0.7521305570954737,2.14911276357525,0.20056351084426374
1.8481066310650822,0.7521305570954737,2.3043544360594495,0.20056351084426374
1.8481066310650822,0.7521305570954737,2.4258124991861236,0.20056351084426374
1.8481066310650822,0.7521305570954737,2.2269061856229517,0.20056351084426374
1.7978151534482665,0.7521305570954737,2.25750890921887,0.20056351084426374
1.7978151534482665,0.7521305570954737,2.4428915869009304,0.20056351084426374
1.8191177571330108,0.7521305570954737,2.2534590938524985,0.20056351084426374
1.8191177571330108,0.7521305570954737,2.321342050515458,0.20056351084426374
1.8191177571330108,0.7521305570954737,2.1599550135406043,0.20056351084426374
1.8191177571330108,0.7521305570954737,2.218340836901487,0.20056351084426374
1.8191177571330108,0.7521305570954737,2.1818970903775208,0.20056351084426374
1.8191177571330108,0.7521305570954737,2.0139703999554683,0.19989081462284206
1.8191177571330108,0.7521305570954737,2.5095841172335143,0.19989081462284206
1.8191177571330108,0.7521305570954737,2.4469457594879755,0.19989081462284206
1.8191177571330108,0.7521305570954737,2.5300080770922406,0.19989081462284206
1.8191177571330108,0.7521305570954737,2.5299661636293376,0.19989081462284206
1.7468590726355893,0.7521305570954737,2.201401721966467,0.19989081462284206
1.7468590726355893,0.7521305570954737,2.2160541528933986,0.19989081462284206
1.7468590726355893,0.7521305570954737,2.212056921821823,0.19989081462284206
1.7468590726355893,0.7521305570954737,2.4723139277343202,0.19989081462284206
1.7468590726355893,0.7521305570954737,2.3883669316481417,0.19989081462284206
1.7468590726355893,0.7521305570954737,2.5618647769221408,0.19989081462284206
1.7468590726355893,0.7521305570954737,2.250977176299051,0.19989081462284206
1.7468590726355893,0.7521305570954737,2.5557858713563872,0.19989081462284206
1.7468590726355893,0.7521305570954737,2.6348077212378773,0.19989081462284206
1.7468590726355893,0.7521305570954737,2.1723021236018973,0.19989081462284206
1.7468590726355893,0.7521305570954737,2.3344971224632864,0.19989081462284206
1.7468590726355893,0.7521305570954737,2.3626381948039934,0.19989081462284206
1.7468590726355893,0.7521305570954737,2.3652536762082144,0.19989081462284206
1.7468590726355893,0.7521305570954737,2.312454429603879,0.19989081462284206
1.7468590726355893,0.7521305570954737,2.420213683552818,0.19989081462284206
1.7468590726355893,0.7521305570954737,2.5255619934161775,0.19989081462284206
1.7468590726355893,0.7521305570954737,2.4747890975372195,0.19989081462284206
1.704227947135696,0.7637201996736337,2.3228437677114,0.19989081462284206
1.704227947135696,0.7637201996736337,2.5193270171867157,0.19989081462284206
1.704227947135696,0.7637201996736337,2.3335689292051245,0.19989081462284206
1.704227947135696,0.7637201996736337,2.3031208727970855,0.19989081462284206
1.704227947135696,0.7637201996736337,2.2034424960551617,0.19989081462284206
1.4515076652160612,0.7637201996736337,2.6464650221280905,0.19989081462284206
1.4515076652160612,0.7637201996736337,3.001185746383761,0.19989081462284206
1.6106423160712613,0.7637201996736337,2.6921924036230274,0.19989081462284206
1.8297994220245082,0.7637201996736337,2.4405308915357535,0.19989081462284206
1.8297994220245082,0.7637201996736337,2.5373550418294597,0.19989081462284206
1.8297994220245082,0.7637201996736337,2.5891813766268044,0.19989081462284206
1.8297994220245082,0.7637201996736337,2.02905458686836,0.19989081462284206
1.8297994220245082,0.7637201996736337,2.1866547795760494,0.19989081462284206
1.8297994220245082,0.7637201996736337,2.1679322415811537,0.19989081462284206
1.8297994220245082,0.7637201996736337,2.1435291974580197,0.19989081462284206
1.8403529337291669,0.7637201996736337,1.9695571128361387,0.19989081462284206
1.7134275183705465,0.7637201996736337,2.4184819156915363,0.19989081462284206
1.7134275183705465,0.7637201996736337,2.5812628043823564,0.19989081462284206
1.7134275183705465,0.7637201996736337,2.2526952600099572,0.19989081462284206
1.7134275183705465,0.7637201996736337,2.696026829751461,0.19989081462284206
1.7134275183705465,0.7637201996736337,2.396061677472146,0.19989081462284206
1.7134275183705465,0.7637201996736337,2.1927403751271877,0.19989081462284206
1.7134275183705465,0.7637201996736337,2.4175811344554714,0.19989081462284206
1.7134275183705465,0.7637201996736337,2.1707242278391083,0.19989081462284206
1.7134275183705465,0.7637201996736337,2.6254470801242227,0.19989081462284206
1.7134275183705465,0.7637201996736337,2.4155782395113268,0.19989081462284206
1.7134275183705465,0.7637201996736337,2.277097269430019,0.19989081462284206
1.7134275183705465,0.7637201996736337,2.4482175743778996,0.19989081462284206
1.7134275183705465,0.7637201996736337,2.5311165719643967,0.19989081462284206
1.7134275183705465,0.7637201996736337,2.2638094907084563,0.19989081462284206
1.7134275183705465,0.7637201996736337,2.27559908002712,0.19989081462284206
1.7134275183705465,0.7637201996736337,2.4087696074120752,0.19989081462284206
1.7134275183705465,0.7637201996736337,2.4437531435766315,0.19989081462284206
1.7134275183705465,0.7637201996736337,2.4404323166363393,0.19989081462284206
1.7134275183705465,0.7637201996736337,2.4615494046533093,0.19989081462284206
1.8193497849969957,0.7637201996736337,2.1972583560542778,0.19989081462284206
1.8193497849969957,0.7637201996736337,2.2084883659687544,0.19989081462284206
1.8193497849969957,0.7637201996736337,2.0910102222248765,0.19989081462284206
1.8193497849969957,0.7637201996736337,1.9724704943837656,0.19989081462284206
1.8193497849969957,0.7637201996736337,2.2572972802188715,0.19989081462284206
1.8193497849969957,0.7637201996736337,2.383498710266657,0.19989081462284206
1.8193497849969957,0.7637201996736337,2.1303250276959957,0.19989081462284206
1.8193497849969957,0.7637201996736337,2.0086323050536348,0.19989081462284206
1.8193497849969957,0.7637201996736337,2.2238215687923018,0.19989081462284206
1.8193497849969957,0.739458863955436,2.22920533207476,0.19989081462284206
1.8193497849969957,0.739458863955436,2.6841248144556316,0.19989081462284206
1.8193497849969957,0.739458863955436,2.423540684556254,0.19989081462284206
1.8193497849969957,0.739458863955436,2.2629845615115958,0.19989081462284206
1.8193497849969957,0.739458863955436,2.382284711344386,0.19989081462284206
1.8193497849969957,0.739458863955436,2.333614627262625,0.19989081462284206
1.8193497849969957,0.739458863955436,2.3723096923561053,0.19989081462284206
1.8193497849969957,0.739458863955436,2.4143745816615283,0.19989081462284206
1.896278249238487,0.739458863955436,2.1340707498196223,0.19989081462284206
1.896278249238487,0.739458863955436,2.1554699598015428,0.19989081462284206
1.896278249238487,0.739458863955436,2.3791238056024,0.19989081462284206
1.896278249238487,0.739458863955436,2.2467569428943994,0.19989081462284206
1.896278249238487,0.739458863955436,2.281885582727592,0.19989081462284206
1.896278249238487,0.739458863955436,2.0952269503982253,0.19989081462284206
1.896278249238487,0.739458863955436,2.2480943756652634,0.19989081462284206
1.9244241594312332,0.739458863955436,2.354302216886329,0.19989081462284206
1.8426981395541577,0.739458863955436,2.1865850153835726,0.19989081462284206
1.8426981395541577,0.739458863955436,2.2285322374956995,0.19989081462284206
1.8426981395541577,0.739458863955436,2.2377736061554203,0.19989081462284206
1.8426981395541577,0.739458863955436,2.248261303954836,0.19989081462284206
1.8426981395541577,0.739458863955436,2.5977010511536904,0.19989081462284206
1.8426981395541577,0.739458863955436,2.2476600041360126,0.19989081462284206
1.8426981395541577,0.739458863955436,2.4281045865589017,0.19989081462284206
1.8426981395541577,0.739458863955436,2.00830401677366,0.19989081462284206
1.8426981395541577,0.739458863955436,2.271438539403846,0.19989081462284206
1.8426981395541577,0.7309206139484341,2.152805042428252,0.19989081462284206
1.8426981395541577,0.7309206139484341,2.344475066247968,0.19989081462284206
2.14851135542258,0.7309206139484341,1.9419529807877656,0.19989081462284206
1.9441423340819244,0.7309206139484341,2.1165393977639506,0.19989081462284206
1.9441423340819244,0.7309206139484341,2.100021138057119,0.19989081462284206
1.9441423340819244,0.7309206139484341,2.228456702599045,0.19989081462284206
1.9441423340819244,0.7309206139484341,2.0902089749938364,0.19989081462284206
1.9441423340819244,0.7309206139484341,2.2031504996112985,0.19989081462284206
1.9441423340819244,0.7309206139484341,2.337906618926141,0.19989081462284206
1.9441423340819244,0.7309206139484341,2.548336239785535,0.19989081462284206
1.9441423340819244,0.7309206139484341,2.21775056109075,0.19989081462284206
1.9441423340819244,0.7309206139484341,2.218939636619308,0.19989081462284206
1.9441423340819244,0.7309206139484341,2.0216298012545755,0.19989081462284206
1.9441423340819244,0.7309206139484341,2.1726178949564594,0.19989081462284206
1.9441423340819244,0.7309206139484341,2.3480560018282306,0.19989081462284206
2.0357890245073316,0.7309206139484341,2.2848148673125133,0.19986819037311443
2.0357890245073316,0.7620100417666906,2.1517637980995454,0.19986819037311443
2.037425872231092,0.7620100417666906,2.1080775222831196,0.19986819037311443
2.037425872231092,0.7620100417666906,2.144629980935003,0.19986819037311443
2.037425872231092,0.7620100417666906,2.0145740049419554,0.19986819037311443
2.037425872231092,0.7620100417666906,2.1057975992553644,0.19986819037311443
2.037425872231092,0.7620100417666906,2.0767250602551908,0.19986819037311443
2.037425872231092,0.7620100417666906,2.2478429618647935,0.19986819037311443
2.037425872231092,0.7620100417666906,1.8716953197655914,0.19986819037311443
2.037425872231092,0.7670344941801268,2.0321192384302997,0.19986819037311443
2.0441481496619343,0.7670344941801268,1.824325563571916,0.19986819037311443
2.0441481496619343,0.7670344941801268,2.1705362020324435,0.19986819037311443
2.0441481496619343,0.7670344941801268,2.0116221662248273,0.19986819037311443
1.9664406672790586,0.7670344941801268,2.140072473254308,0.19986819037311443
1.9664406672790586,0.7670344941801268,2.059036222175346,0.19986819037311443
1.9664406672790586,0.7670344941801268,1.9051500661053433,0.19986819037311443
1.9664406672790586,0.7670344941801268,2.188942121813879,0.19986819037311443
2.0019378302398962,0.768445123779947,2.1585145543453073,0.19986819037311443
2.0019378302398962,0.768445123779947,1.909455796149561,0.19986819037311443
2.0019378302398962,0.768445123779947,1.8879149787648435,0.19986819037311443
2.0019378302398962,0.768445123779947,2.136811989537387,0.19986819037311443
2.0019378302398962,0.768445123779947,2.027255920279498,0.19986819037311443
2.0019378302398962,0.768445123779947,2.049915453295271,0.19986819037311443
2.003401514879523,0.768445123779947,2.0332679284905173,0.19986819037311443
2.003401514879523,0.768445123779947,1.997510615878684,0.19986819037311443
2.003401514879523,0.661870139109433,2.2286734230741994,0.19986819037311443
2.001376210321104,0.661870139109433,2.363885918327733,0.19986819037311443
2.001376210321104,0.661870139109433,2.1723852407413893,0.19986819037311443
2.027850804899354,0.7009799056451296,2.394731517031358,0.19986819037311443
2.027850804899354,0.7009799056451296,2.178459593296394,0.19986819037311443
2.027850804899354,0.7009799056451296,2.1361721145003707,0.19986819037311443
2.027850804899354,0.7009799056451296,2.2102482135116026,0.19986819037311443
2.027850804899354,0.7009799056451296,1.9689409060079646,0.19986819037311443
2.027850804899354,0.7009799056451296,2.143885004515019,0.19986819037311443
2.027850804899354,0.7009799056451296,2.266062159530731,0.19986819037311443
2.027850804899354,0.7009799056451296,2.2654219616895506,0.19986819037311443
2.027850804899354,0.7009799056451296,2.2413033118232746,0.19986819037311443
2.027850804899354,0.7009799056451296,2.336692299436951,0.19986819037311443
2.027850804899354,0.7009799056451296,2.1020513097739797,0.19986819037311443
1.9582945939979268,0.7009799056451296,2.479213668065218,0.19986819037311443
1.9582945939979268,0.7009799056451296,2.30949805340324,0.19986819037311443
1.9582945939979268,0.7009799056451296,2.226308520115164,0.19986819037311443
1.6479255698499875,0.7009799056451296,2.5011540498922282,0.19986819037311443
1.6479255698499875,0.7009799056451296,2.827038577185435,0.19986819037311443
1.6479255698499875,0.7009799056451296,2.6270121184549606,0.19986819037311443
1.6479255698499875,0.7009799056451296,2.638577962965819,0.19986819037311443
1.6479255698499875,0.7009799056451296,2.702928918667993,0.19986819037311443
1.6479255698499875,0.7009799056451296,2.4691418420180464,0.19986819037311443
1.6166504945876021,0.7009799056451296,2.9978575314214533,0.19986819037311443
1.6166504945876021,0.7997010457729266,2.5543597931701987,0.19986819037311443
1.6166504945876021,0.7997010457729266,2.40589613388907,0.19986819037311443
1.6166504945876021,0.7997010457729266,2.5575902631878007,0.19986819037311443
1.6166504945876021,0.7997010457729266,2.352317836570637,0.19986819037311443
1.6166504945876021,0.7997010457729266,2.370479422065058,0.19986819037311443
1.6166504945876021,0.7997010457729266,2.280930595642822,0.19986819037311443
1.6166504945876021,0.7997010457729266,2.500160906177974,0.19986819037311443
1.6166504945876021,0.7997010457729266,2.3447847451471215,0.19986819037311443
1.6166504945876021,0.7997010457729266,2.2847755719498224,0.19986819037311443
1.6166504945876021,0.7997010457729266,2.524748436385405,0.19986819037311443
1.6166504945876021,0.7997010457729266,2.3550644962275196,0.19986819037311443
1.6166504945876021,0.7997010457729266,2.410480075558702,0.19986819037311443
1.6166504945876021,0.7997010457729266,2.5132296060661723,0.19986819037311443
1.6166504945876021,0.7997010457729266,2.5662187343659983,0.19986819037311443
1.6614536408236977,0.7997010457729266,2.4259287353634207,0.19986819037311443
1.6614536408236977,0.7997010457729266,2.181124939859196,0.19986819037311443
1.6614536408236977,0.7997010457729266,2.233520333938247,0.19986819037311443
1.7198303494559575,0.7997010457729266,2.2503041507506296,0.19986819037311443
1.7198303494559575,0.7997010457729266,2.273363420460126,0.19986819037311443
1.741377631985452,0.7997010457729266,2.0468407724570183,0.19986819037311443
1.741377631985452,0.7997010457729266,2.215726715276067,0.19986819037311443
1.741377631985452,0.7997010457729266,2.2977003534888265,0.19986819037311443
1.741377631985452,0.7997010457729266,2.3060530073639667,0.19986819037311443
1.741377631985452,0.7997010457729266,2.4921343230086035,0.19986819037311443
1.891491714534205,0.7997010457729266,2.0684339500976416,0.19986819037311443
1.891491714534205,0.7997010457729266,2.1826631424615366,0.19986819037311443
1.891491714534205,0.7997010457729266,2.1377601955580237,0.19986819037311443
1.7886741134970014,0.7997010457729266,2.030660303400706,0.19986819037311443
1.7886741134970014,0.7997010457729266,2.181899411158651,0.19986819037311443
1.7886741134970014,0.7997010457729266,2.1414526500590583,0.19986819037311443
1.7886741134970014,0.7997010457729266,2.3087074467792474,0.19986819037311443
1.7886741134970014,0.7997010457729266,2.3472936751532885,0.19986819037311443
1.7886741134970014,0.7997010457729266,2.127490477843214,0.19986819037311443
1.7886741134970014,0.7997010457729266,2.3552605225487704,0.19986819037311443
1.7886741134970014,0.7997010457729266,2.2383216407171376,0.19986819037311443
1.7886741134970014,0.7343604068771268,2.1006723022779243,0.19986819037311443
1.7886741134970014,0.7343604068771268,2.367617502974718,0.19986819037311443
1.7886741134970014,0.7343604068771268,2.4280956679566073,0.19986819037311443
1.7886741134970014,0.7343604068771268,2.433930655741888,0.19986819037311443
1.7886741134970014,0.7343604068771268,2.447961492328164,0.19986819037311443
1.7886741134970014,0.7343604068771268,2.280765593926725,0.19986819037311443
1.8768722784270682,0.7343604068771268,2.3659852780997475,0.19986819037311443
1.8768722784270682,0.7343604068771268,2.318935765141658,0.19986819037311443
1.8768722784270682,0.7343604068771268,2.189830453571098,0.19986819037311443
1.8768722784270682,0.7343604068771268,2.0537963129288377,0.19986819037311443
1.8768722784270682,0.7343604068771268,2.276566165519371,0.19986819037311443
1.8768722784270682,0.7343604068771268,2.035726730738865,0.19986819037311443
1.8768722784270682,0.7262051854504407,2.373642039944661,0.19986819037311443
1.8768722784270682,0.7262051854504407,2.559622916916319,0.19986819037311443
1.8768722784270682,0.7262051854504407,2.3813900431320536,0.19986819037311443
1.8768722784270682,0.7262051854504407,2.076367954098803,0.19986819037311443
1.8768722784270682,0.7262051854504407,2.177861485526564,0.19986819037311443
1.8768722784270682,0.7262051854504407,2.5061392389247996,0.19986819037311443
1.8768722784270682,0.7262051854504407,2.36716484834199,0.19986819037311443
1.8768722784270682,0.7262051854504407,2.681262461167897,0.19986819037311443
1.8768722784270682,0.7262051854504407,2.190517204742107,0.19986819037311443
1.8768722784270682,0.7262051854504407,2.311766321887458,0.19986819037311443
1.8768722784270682,0.7262051854504407,2.195253309511756,0.19986819037311443
1.8768722784270682,0.7262051854504407,2.411895040109236,0.19986819037311443
1.8768722784270682,0.7262051854504407,2.107372828456999,0.19986819037311443
1.9873341522787074,0.7262051854504407,2.262534773812567,0.19986819037311443
1.8807924942725118,0.7262051854504407,2.286706557998843,0.19986819037311443
1.8807924942725118,0.7262051854504407,2.55393458677465,0.19986819037311443
1.7381279481284198,0.7262051854504407,2.3972955592384837,0.19986819037311443
1.7381279481284198,0.7262051854504407,2.5631291941645955,0.19986819037311443
1.7381279481284198,0.7262051854504407,2.4627844545397286,0.19986819037311443
1.7381279481284198,0.7262051854504407,2.5546139167424453,0.19986819037311443
1.7381279481284198,0.7262051854504407,2.5779298816382004,0.19986819037311443
1.7381279481284198,0.7262051854504407,2.6437256471524813,0.19986819037311443
1.7381279481284198,0.7262051854504407,2.42664100331361,0.19986819037311443
1.8366803345385387,0.7262051854504407,2.4733887911046617,0.19986819037311443
1.8366803345385387,0.7262051854504407,2.3107081489481036,0.19986819037311443
1.8366803345385387,0.7262051854504407,2.339928842770333,0.19986819037311443
1.8366803345385387,0.7262051854504407,2.489350762171026,0.19986819037311443
1.8366803345385387,0.7262051854504407,2.336999560767861,0.19986819037311443
1.8366803345385387,0.7262051854504407,2.1607141410090023,0.19986819037311443
1.8366803345385387,0.7262051854504407,2.3252367784021435,0.19986819037311443
1.8366803345385387,0.7262051854504407,2.4617300116646907,0.19986819037311443
1.8366803345385387,0.7262051854504407,2.4726178854197434,0.19986819037311443
1.8366803345385387,0.7262051854504407,2.2891956368835418,0.19986819037311443
1.8366803345385387,0.7262051854504407,2.400821855758386,0.19986819037311443
1.8366803345385387,0.7262051854504407,2.1984063998461942,0.19986819037311443
1.8366803345385387,0.7262051854504407,2.2351959839601308,0.19986819037311443
1.8366803345385387,0.7262051854504407,2.3570912246989892,0.19986819037311443
1.8366803345385387,0.7262051854504407,2.4465515209075286,0.19986819037311443
1.8366803345385387,0.7262051854504407,2.220646114506223,0.19986819037311443
1.8366803345385387,0.7262051854504407,2.1383603772646516,0.19986819037311443
1.8366803345385387,0.7262051854504407,2.603514075001111,0.19986819037311443
1.8366803345385387,0.7262051854504407,2.455804749478459,0.19986819037311443
1.8296986117846266,0.7262051854504407,2.2887546360734854,0.19986819037311443
1.8296986117846266,0.7262051854504407,2.3746297429573753,0.19986819037311443
1.8296986117846266,0.7262051854504407,2.4028848202071362,0.19986819037311443
1.8296986117846266,0.7262051854504407,2.5423485855571424,0.19986819037311443
1.8296986117846266,0.7262051854504407,2.2766296310396075,0.19986819037311443
1.8296986117846266,0.7262051854504407,2.1079985105665524,0.19986819037311443
1.8296986117846266,0.7262051854504407,2.300933480800952,0.19986819037311443
2.052110451787572,0.7262051854504407,2.17412701266777,0.19986819037311443
2.052110451787572,0.7262051854504407,2.12889965983738,0.19986819037311443
2.052110451787572,0.6938813785654213,2.203520509949295,0.19986819037311443
2.052110451787572,0.6938813785654213,2.2616017260422017,0.19986819037311443
2.052110451787572,0.6938813785654213,2.236477980583641,0.19986819037311443
2.052110451787572,0.6938813785654213,2.2335977936174696,0.19986819037311443
2.052110451787572,0.6938813785654213,2.1438312332433873,0.19986819037311443
2.052110451787572,0.6938813785654213,1.958978316024436,0.19935415572634638
2.052110451787572,0.6938813785654213,2.1787150979592793,0.19935415572634638
2.052110451787572,0.6938813785654213,2.1116589538357085,0.19935415572634638
2.052110451787572,0.6938813785654213,2.0460145529532903,0.19935415572634638
2.059763747772536,0.6938813785654213,2.4497901356130325,0.19935415572634638
2.059763747772536,0.6938813785654213,2.3324154536754937,0.19935415572634638
2.059763747772536,0.6938813785654213,2.189634870625621,0.19935415572634638
2.059763747772536,0.6938813785654213,1.9238323124636454,0.19935415572634638
2.059763747772536,0.6938813785654213,2.222934798513271,0.19935415572634638
2.059763747772536,0.6938813785654213,2.166663754369843,0.19935415572634638
2.059763747772536,0.6938813785654213,2.232850440692516,0.19935415572634638
2.059763747772536,0.6938813785654213,2.236133550445639,0.19935415572634638
2.059763747772536,0.6938813785654213,2.3028673244954896,0.19935415572634638
2.059763747772536,0.6938813785654213,2.147512364851221,0.19935415572634638
2.059763747772536,0.6938813785654213,2.201660457560694,0.19935415572634638
2.059763747772536,0.6938813785654213,2.1056131646007117,0.19935415572634638
2.059763747772536,0.6938813785654213,2.256145024937185,0.19935415572634638
2.059763747772536,0.6938813785654213,2.3102489684690344,0.19935415572634638
2.059763747772536,0.6938813785654213,2.1384853205377916,0.19935415572634638
2.059763747772536,0.6938813785654213,2.1492669454298556,0.19935415572634638
2.059763747772536,0.6938813785654213,2.119587746376017,0.19935415572634638
2.059763747772536,0.6938813785654213,2.210458322613979,0.19935415572634638
2.059763747772536,0.6938813785654213,2.191450241332664,0.19935415572634638
2.059763747772536,0.6938813785654213,2.213616019943532,0.19935415572634638
2.059763747772536,0.6938813785654213,2.2054985328653745,0.19935415572634638
2.0435745407171875,0.6938813785654213,2.3420874419516555,0.19935415572634638
2.0435745407171875,0.6938813785654213,2.2972026433833643,0.19935415572634638
2.0435745407171875,0.6938813785654213,1.9704966050546684,0.19935415572634638
2.0435745407171875,0.6938813785654213,2.116133339211459,0.19935415572634638
2.0435745407171875,0.6938813785654213,2.062027009360109,0.19935415572634638
2.0435745407171875,0.6938813785654213,2.1879495295640736,0.19935415572634638
2.0435745407171875,0.6938813785654213,2.0474784788265783,0.19935415572634638
2.0435745407171875,0.6938813785654213,2.0063329691929783,0.19935415572634638
2.0435745407171875,0.6938813785654213,2.183006426229044,0.19935415572634638
2.0435745407171875,0.6938813785654213,2.336611841744782,0.19935415572634638
2.0435745407171875,0.6938813785654213,2.092943801677324,0.19935415572634638
2.0435745407171875,0.6938813785654213,2.271332065117814,0.19935415572634638
2.0435745407171875,0.6938813785654213,2.2220852612762605,0.19935415572634638
1.8581878849065643,0.6938813785654213,2.381952745521692,0.19935415572634638
1.8581878849065643,0.6938813785654213,2.3070323294896307,0.19935415572634638
1.8581878849065643,0.7455736398668007,2.3473351469875663,0.19935415572634638
1.8581878849065643,0.7455736398668007,2.089438887044075,0.19935415572634638
1.8581878849065643,0.7455736398668007,2.0499268358068967,0.19935415572634638
1.8190900801518968,0.7196024103318046,2.1678946416023295,0.19935415572634638
1.8190900801518968,0.7196024103318046,2.240145764850921,0.19935415572634638
1.8190900801518968,0.7196024103318046,2.6872614065204496,0.19935415572634638
1.8190900801518968,0.7196024103318046,2.5044107874030304,0.19935415572634638
1.8190900801518968,0.7196024103318046,2.7333863368005598,0.19935415572634638
1.8190900801518968,0.7196024103318046,2.3701092706633977,0.19935415572634638
1.8190900801518968,0.7196024103318046,2.5028707839158577,0.19935415572634638
1.8190900801518968,0.7196024103318046,2.275662356827345,0.19935415572634638
1.8190900801518968,0.7196024103318046,2.4510409007150757,0.19935415572634638
1.8190900801518968,0.7196024103318046,2.2476418512451852,0.19935415572634638
1.8190900801518968,0.7196024103318046,2.34982804508379,0.19935415572634638
1.8190900801518968,0.7196024103318046,2.641492807218689,0.19935415572634638
1.8190900801518968,0.7196024103318046,2.4410162109542717,0.19935415572634638
1.8190900801518968,0.7196024103318046,2.3251447862317147,0.19935415572634638
1.8190900801518968,0.7196024103318046,2.19586345309139,0.19935415572634638
1.8190900801518968,0.7196024103318046,2.4971600497869164,0.19935415572634638
1.8190900801518968,0.7196024103318046,2.49025092899265,0.19935415572634638
1.8190900801518968,0.7196024103318046,2.3377933227221384,0.19935415572634638
1.8190900801518968,0.7196024103318046,2.1654228108196265,0.19935415572634638
1.8190900801518968,0.7196024103318046,2.209870464686312,0.19935415572634638
1.8190900801518968,0.7196024103318046,2.250384381623924,0.19935415572634638
1.8190900801518968,0.7196024103318046,2.371325669758442,0.19935415572634638
1.8190900801518968,0.7196024103318046,2.4722624947395384,0.19935415572634638
1.8190900801518968,0.7196024103318046,2.4441658207400305,0.19935415572634638
1.826151011184731,0.7196024103318046,2.3284626337625194,0.19935415572634638
1.826151011184731,0.7196024103318046,2.133949595889377,0.19935415572634638
1.826151011184731,0.7196024103318046,2.335254059905213,0.19935415572634638
1.826151011184731,0.7196024103318046,2.5110946266333527,0.19935415572634638
1.826151011184731,0.7196024103318046,2.4311799189862233,0.19935415572634638
1.826151011184731,0.7196024103318046,2.3734517965761297,0.19935415572634638
1.826151011184731,0.7196024103318046,2.3733036169726445,0.19935415572634638
2.19732777750873,0.7196024103318046,2.083242488715932,0.19935415572634638
2.19732777750873,0.7196024103318046,1.9990861842818934,0.19935415572634638
2.19732777750873,0.7196024103318046,2.1195869349682717,0.19935415572634638
2.19732777750873,0.7196024103318046,2.0935467519319286,0.19935415572634638
2.19732777750873,0.7196024103318046,1.992534398630313,0.19935415572634638
2.19732777750873,0.7196024103318046,2.055122771908849,0.19935415572634638
2.19732777750873,0.7196024103318046,1.8005633250768571,0.19935415572634638
2.19732777750873,0.7196024103318046,2.0973347010835757,0.19935415572634638
2.19732777750873,0.7196024103318046,2.1531970997092817,0.19935415572634638
2.19732777750873,0.7196024103318046,2.003985631037352,0.19935415572634638
1.9932114766191127,0.7196024103318046,2.1449542295204815,0.19935415572634638
1.9932114766191127,0.7196024103318046,2.1288063513069453,0.19935415572634638
1.9932114766191127,0.7196024103318046,2.364731025923418,0.19935415572634638
1.9932114766191127,0.7196024103318046,2.238992139778247,0.19935415572634638
1.9932114766191127,0.7196024103318046,1.9281691932617309,0.19935415572634638
1.9932114766191127,0.7196024103318046,2.2783053669006583,0.19935415572634638
1.9932114766191127,0.7196024103318046,2.080594612438972,0.19935415572634638
1.9932114766191127,0.7196024103318046,2.1190809590399686,0.19935415572634638
1.9932114766191127,0.7196024103318046,2.2863477812923922,0.19935415572634638
1.9932114766191127,0.7196024103318046,2.2895437726513674,0.19935415572634638
1.9932114766191127,0.7196024103318046,1.9314877346650194,0.19935415572634638
1.9932114766191127,0.7196024103318046,2.3605353905498028,0.19935415572634638
1.9932114766191127,0.7196024103318046,2.0878957358841546,0.19935415572634638
1.9932114766191127,0.7196024103318046,2.0444703143073677,0.19935415572634638
1.9932114766191127,0.7196024103318046,1.949094574263246,0.19935415572634638
1.9932114766191127,0.7196024103318046,2.0188100603891153,0.19935415572634638
1.9932114766191127,0.7196024103318046,2.1346443889906177,0.19935415572634638
1.9932114766191127,0.7196024103318046,2.104638951043695,0.19935415572634638
1.9932114766191127,0.7196024103318046,1.8915066571264039,0.19935415572634638
1.9932114766191127,0.7196024103318046,2.3328445762295273,0.19935415572634638
1.9932114766191127,0.7196024103318046,2.2665620806638493,0.19935415572634638
1.9932114766191127,0.7196024103318046,2.131585319848429,0.19935415572634638
1.9932114766191127,0.7196024103318046,2.02254826403234,0.19935415572634638
1.9932114766191127,0.7196024103318046,2.016833225919298,0.19935415572634638
1.9268433018030633,0.7196024103318046,2.117661081622758,0.19935415572634638
1.9268433018030633,0.7196024103318046,2.0730051630432387,0.19935415572634638
1.9268433018030633,0.7196024103318046,2.30662838089102,0.19935415572634638
1.9268433018030633,0.7196024103318046,2.257421887006613,0.19935415572634638
1.9268433018030633,0.7196024103318046,2.1492936613264133,0.19935415572634638
1.9268433018030633,0.7196024103318046,2.1238945245695664,0.19935415572634638
1.9268433018030633,0.7196024103318046,2.3476246172360966,0.19935415572634638
1.9268433018030633,0.7196024103318046,2.1040373917949617,0.19935415572634638
1.9268433018030633,0.7196024103318046,2.3161861373244643,0.19935415572634638
1.9268433018030633,0.7196024103318046,2.278854025023865,0.19935415572634638
1.9268433018030633,0.7196024103318046,2.150944854358976,0.19935415572634638
1.9268433018030633,0.7196024103318046,2.0477070177262147,0.19935415572634638
1.9268433018030633,0.7196024103318046,2.2016184486612222,0.19935415572634638
1.9268433018030633,0.7196024103318046,2.210217940953318,0.19935415572634638
1.9268433018030633,0.7196024103318046,2.1471470491915863,0.19935415572634638
1.9268433018030633,0.7196024103318046,2.3504227218190312,0.19935415572634638
1.9268433018030633,0.7196024103318046,2.4320872988074522,0.19935415572634638
1.9268433018030633,0.7196024103318046,2.2802838987131326,0.19935415572634638
1.9268433018030633,0.7196024103318046,2.281930693059447,0.19935415572634638
1.9361572266365792,0.7196024103318046,2.2396730825278817,0.19935415572634638
1.9361572266365792,0.7196024103318046,2.346232699882013,0.19935415572634638
1.9361572266365792,0.7196024103318046,2.1838365135807147,0.19935415572634638
1.9361572266365792,0.7196024103318046,2.2600429969322686,0.19935415572634638
1.9361572266365792,0.7196024103318046,2.1842844459036503,0.19935415572634638
1.9361572266365792,0.7196024103318046,2.070518574191311,0.19935415572634638
1.9361572266365792,0.7196024103318046,2.2795077832600006,0.19935415572634638
1.9361572266365792,0.7196024103318046,2.423181369188682,0.19935415572634638
1.9361572266365792,0.7196024103318046,2.388677011818344,0.19935415572634638
1.9361572266365792,0.7196024103318046,2.389780680420704,0.19935415572634638
1.9361572266365792,0.7196024103318046,2.292988418170253,0.19935415572634638
1.9361572266365792,0.7196024103318046,2.1981573893910538,0.19935415572634638
1.9361572266365792,0.7196024103318046,2.2958483074927085,0.19935415572634638
2.1127088934529286,0.7196024103318046,2.085546435372041,0.19935415572634638
2.103588065406707,0.7196024103318046,2.0469015461616453,0.19935415572634638
2.103588065406707,0.7196024103318046,2.050040495789118,0.19935415572634638
2.0272881062998365,0.7196024103318046,2.145695732153602,0.19935415572634638
1.9781649112273672,0.7196024103318046,2.256651689329758,0.19935415572634638
1.9781649112273672,0.7196024103318046,2.260239769971412,0.19935415572634638
1.9781649112273672,0.7196024103318046,2.4315121464137834,0.19935415572634638
1.9781649112273672,0.7196024103318046,2.157289860684951,0.19935415572634638
1.9781649112273672,0.7196024103318046,2.239935445959506,0.19935415572634638
1.9781649112273672,0.7196024103318046,2.2514799657062246,0.19935415572634638
1.9781649112273672,0.7196024103318046,2.240412352882937,0.19935415572634638
1.9564414320407808,0.7196024103318046,2.060404184972348,0.19935415572634638
1.9564414320407808,0.7196024103318046,2.1656144999745117,0.19935415572634638
1.9564414320407808,0.7196024103318046,2.215404342388402,0.19935415572634638
1.9564414320407808,0.7196024103318046,2.0763225713706612,0.19935415572634638
1.9234648813977275,0.7196024103318046,2.2809786454219894,0.19935415572634638
1.9234648813977275,0.7196024103318046,2.187089082207614,0.19935415572634638
1.9234648813977275,0.7196024103318046,2.407878557449587,0.19935415572634638
1.9234648813977275,0.7196024103318046,2.428362805686689,0.19935415572634638
1.9234648813977275,0.7196024103318046,2.141320128051094,0.19935415572634638
1.9234648813977275,0.7196024103318046,2.4395623776664714,0.19935415572634638
1.9234648813977275,0.7196024103318046,2.3262639042869666,0.19935415572634638
1.9234648813977275,0.7196024103318046,2.5082350177469745,0.19935415572634638
1.9234648813977275,0.7200209879685928,2.3532412764463277,0.19935415572634638
1.9234648813977275,0.7200209879685928,2.38087071090854,0.19935415572634638
1.9234648813977275,0.7200209879685928,2.156990775445514,0.19935415572634638
1.7676490277203305,0.7200209879685928,2.2937609981002174,0.19935415572634638
1.7676490277203305,0.7200209879685928,2.2449428938176936,0.19935415572634638
1.7676490277203305,0.7450630807932833,2.59215667286311,0.19935415572634638
1.7676490277203305,0.7450630807932833,2.4584915038695643,0.19935415572634638
1.7676490277203305,0.7450630807932833,2.0898074530765998,0.19935415572634638
1.7676490277203305,0.7450630807932833,2.4740208523513774,0.19935415572634638
1.7676490277203305,0.7450630807932833,2.3263640825373835,0.19935415572634638
1.7676490277203305,0.7450630807932833,2.1108713575723983,0.19935415572634638
1.7676490277203305,0.7450630807932833,1.9805508284677962,0.19935415572634638
1.7676490277203305,0.7450630807932833,2.3973442618243945,0.19935415572634638
1.7676490277203305,0.7450630807932833,2.448582602905607,0.19935415572634638
1.7676490277203305,0.7450630807932833,2.500525025297917,0.19935415572634638
1.7676490277203305,0.7450630807932833,2.3497998609139588,0.19935415572634638
1.7676490277203305,0.7450630807932833,2.553735300112362,0.19935415572634638
1.6934486303769958,0.7450630807932833,2.2269452999761428,0.19935415572634638
1.6934486303769958,0.7450630807932833,2.8598062173915273,0.19935415572634638
1.6945013210224606,0.7450630807932833,2.383262320586128,0.19935415572634638
1.6945013210224606,0.7450630807932833,2.4759310182241707,0.19935415572634638
1.6945013210224606,0.7450630807932833,2.3542097955365837,0.19935415572634638
1.6945013210224606,0.7450630807932833,2.6231042522495676,0.19935415572634638
1.6945013210224606,0.7450630807932833,2.548637762787239,0.19935415572634638
1.6945013210224606,0.7450630807932833,2.4557642124738206,0.19935415572634638
1.6945013210224606,0.7450630807932833,2.6376444338367167,0.19935415572634638
1.6945013210224606,0.7450630807932833,2.4618392792247494,0.19935415572634638
1.6945013210224606,0.7450630807932833,2.6143227439013974,0.19935415572634638
1.6945013210224606,0.7041256724874699,2.6530453984751263,0.19935415572634638
1.6945013210224606,0.7676118497610801,2.2479883936619567,0.19935415572634638
1.6982786020925853,0.7676118497610801,2.41163847672924,0.19935415572634638
1.6982786020925853,0.7676118497610801,2.6417000280392924,0.19935415572634638
1.6982786020925853,0.7676118497610801,2.399346753810092,0.19935415572634638
1.6982786020925853,0.7676118497610801,2.3567152906614814,0.19935415572634638
1.6982786020925853,0.7676118497610801,2.3315614322622213,0.19935415572634638
1.6982786020925853,0.7676118497610801,2.2407675498547603,0.19935415572634638
1.6982786020925853,0.7676118497610801,2.5377460809204044,0.19935415572634638
1.6982786020925853,0.7676118497610801,2.4999008923264867,0.19935415572634638
1.6486740535425402,0.7676118497610801,2.1961150553166218,0.19935415572634638
1.4555098724262345,0.7676118497610801,2.7023325837731607,0.19935415572634638
1.4555098724262345,0.7676118497610801,2.5716715364369898,0.19935415572634638
1.4555098724262345,0.7676118497610801,2.9278033913099635,0.19935415572634638
1.464125271141443,0.7676118497610801,2.7340479441234233,0.19935415572634638
1.5479605116338566,0.7676118497610801,2.5500787788874595,0.19935415572634638
1.5479605116338566,0.7676118497610801,2.690401240407187,0.19935415572634638
1.5479605116338566,0.7676118497610801,2.626060261568692,0.19935415572634638
1.7060098871132274,0.7676118497610801,2.435358169201537,0.19935415572634638
1.7060098871132274,0.7676118497610801,2.4339755908439025,0.19935415572634638
1.7060098871132274,0.7676118497610801,2.308225111859683,0.19935415572634638
1.5475912364285447,0.7676118497610801,2.5472417126270344,0.19935415572634638
1.5475912364285447,0.7676118497610801,2.5812831494226027,0.19935415572634638
1.5475912364285447,0.7676118497610801,2.731972226547617,0.19935415572634638
1.5475912364285447,0.7676118497610801,2.5592238499666777,0.19935415572634638
1.5475912364285447,0.7676118497610801,2.745286303320158,0.19935415572634638
1.5475912364285447,0.7676118497610801,2.7605003523902765,0.19935415572634638
1.5475912364285447,0.7676118497610801,2.7073544279916626,0.19935415572634638
1.5475912364285447,0.7676118497610801,2.745535164101969,0.19935415572634638
1.9271309364440783,0.7676118497610801,2.3266175217963063,0.19935415572634638
2.030894391318025,0.7676118497610801,2.1328602673363553,0.19935415572634638
2.030894391318025,0.7676118497610801,1.9380738023058144,0.19935415572634638
2.030894391318025,0.7676118497610801,1.8844390633253547,0.19935415572634638
2.030894391318025,0.7676118497610801,2.1929737881505535,0.19935415572634638
2.030894391318025,0.7676118497610801,2.237656761774932,0.19935415572634638
2.030894391318025,0.7676118497610801,2.1144060052050553,0.19935415572634638
2.030894391318025,0.7676118497610801,1.884860670285653,0.19935415572634638
2.030894391318025,0.7676118497610801,1.988818506606391,0.19935415572634638
2.030894391318025,0.7676118497610801,2.1200702450082334,0.19935415572634638
2.030894391318025,0.7676118497610801,1.978054314583602,0.19935415572634638
2.030894391318025,0.7676118497610801,2.1414177897946667,0.19935415572634638
2.030894391318025,0.7676118497610801,2.1911333693557804,0.19935415572634638
2.030894391318025,0.7676118497610801,2.111944713293998,0.19935415572634638
2.030894391318025,0.7676118497610801,1.8639772685705231,0.19935415572634638
2.030894391318025,0.7676118497610801,1.8780712573428964,0.19935415572634638
2.030894391318025,0.7676118497610801,2.0701770601823593,0.19935415572634638
2.030894391318025,0.7676118497610801,2.121227857127506,0.19935415572634638
2.030894391318025,0.7676118497610801,2.0847535087140194,0.19935415572634638
2.030894391318025,0.7676118497610801,2.053610901649597,0.19935415572634638
2.030894391318025,0.7676118497610801,1.9818930541448467,0.19935415572634638
2.030894391318025,0.7676118497610801,2.0161835717233845,0.19935415572634638
2.030894391318025,0.7676118497610801,1.9600182687407794,0.19935415572634638
1.7468351888130693,0.7676118497610801,2.093879213513074,0.19935415572634638
1.7468351888130693,0.7676118497610801,2.166056391822581,0.19935415572634638
1.7468351888130693,0.7676118497610801,2.143278535979308,0.19935415572634638
1.7661983812320057,0.7676118497610801,2.1533306110109978,0.19935415572634638
1.636007027782079,0.7676118497610801,2.4554417274959963,0.19935415572634638
1.636007027782079,0.7676118497610801,2.480799130489371,0.19935415572634638
1.636007027782079,0.7676118497610801,2.4270049920890493,0.19935415572634638
1.636007027782079,0.7648720955849765,2.3664332005695625,0.19935415572634638
1.880709115614764,0.7648720955849765,2.3628442277996022,0.19935415572634638
1.880709115614764,0.7648720955849765,2.26937717202456,0.19935415572634638
1.880709115614764,0.7648720955849765,2.4779225589889995,0.19935415572634638
1.880709115614764,0.7648720955849765,2.3702578267859393,0.19935415572634638
1.880709115614764,0.7648720955849765,2.222717582568865,0.19935415572634638
1.880709115614764,0.7648720955849765,2.1353724630160045,0.19935415572634638
1.880709115614764,0.7648720955849765,2.3424620245639827,0.19935415572634638
1.880709115614764,0.7648720955849765,2.1235331044031027,0.19935415572634638
1.880709115614764,0.7648720955849765,2.162726829217273,0.19935415572634638
1.880709115614764,0.7648720955849765,2.017921880898847,0.19935415572634638
1.880709115614764,0.7648720955849765,2.0844870521870975,0.19935415572634638
1.880709115614764,0.7648720955849765,2.164031645123439,0.19935415572634638
1.880709115614764,0.7648720955849765,2.04779244492462,0.19935415572634638
1.880709115614764,0.7648720955849765,2.1306257570481084,0.19935415572634638
1.880709115614764,0.7648720955849765,2.0823421468377794,0.19935415572634638
1.9388077132716817,0.7648720955849765,2.0264048443435283,0.19935415572634638
1.9388077132716817,0.7648720955849765,1.9207641441960133,0.19935415572634638
1.9388077132716817,0.7648720955849765,2.0432204857484537,0.19935415572634638
1.9388077132716817,0.7648720955849765,2.143479336606867,0.19935415572634638
1.9388077132716817,0.7648720955849765,1.7203735166232197,0.19935415572634638
1.9388077132716817,0.7648720955849765,2.0394780130443158,0.19935415572634638
1.9388077132716817,0.7648720955849765,2.355274242239232,0.19935415572634638
1.9998579194754527,0.7084567005807867,2.183631523164496,0.19935415572634638
1.9998579194754527,0.7084567005807867,2.160675864831117,0.19935415572634638
1.9998579194754527,0.7084567005807867,2.1914237216122707,0.19935415572634638
1.9998579194754527,0.7084567005807867,2.014166975993306,0.19935415572634638
1.9998579194754527,0.7084567005807867,2.2525507893931755,0.19935415572634638
1.9998579194754527,0.7084567005807867,2.1977192215415586,0.19935415572634638
1.9998579194754527,0.7084567005807867,2.1542083843070103,0.19935415572634638
1.9766495208745856,0.7084567005807867,2.234210766831082,0.19935415572634638
1.9766495208745856,0.7084567005807867,2.1335603072344025,0.19935415572634638
1.9766495208745856,0.7084567005807867,2.1713350307176777,0.19935415572634638
1.9766495208745856,0.7084567005807867,2.422362204157553,0.19935415572634638
1.9766495208745856,0.7084567005807867,2.479236177002459,0.19935415572634638
1.9766495208745856,0.7084567005807867,2.2427249030913625,0.19935415572634638
1.9766495208745856,0.7084567005807867,2.243658852314773,0.19935415572634638
1.9766495208745856,0.7084567005807867,2.359698520175092,0.19935415572634638
1.9766495208745856,0.7186347838186451,2.25674628047309,0.19935415572634638
1.9770616654726825,0.7186347838186451,2.3111498746327506,0.19935415572634638
1.9770616654726825,0.7186347838186451,1.8723666294281487,0.19935415572634638
1.9770616654726825,0.7186347838186451,2.139766819251956,0.19935415572634638
1.9770616654726825,0.7186347838186451,2.194480600800164,0.19935415572634638
1.9770616654726825,0.7186347838186451,2.1256101165607104,0.19935415572634638
1.9770616654726825,0.7186347838186451,2.238229137903549,0.19935415572634638
2.060300791283892,0.7186347838186451,2.338750172171112,0.19935415572634638
2.060300791283892,0.7186347838186451,1.8114108556615276,0.19935415572634638
2.060300791283892,0.7186347838186451,1.9844814289546862,0.19935415572634638
2.060300791283892,0.7186347838186451,2.0718469417001413,0.19935415572634638
2.060300791283892,0.7186347838186451,2.051502575509343,0.19935415572634638
2.060300791283892,0.7186347838186451,2.021581735895561,0.19935415572634638
2.060300791283892,0.7186347838186451,2.061752347376895,0.19935415572634638
2.060300791283892,0.7186347838186451,2.2421696558658506,0.19935415572634638
2.060300791283892,0.7186347838186451,1.9208545468909901,0.19935415572634638
2.060300791283892,0.7186347838186451,2.2224518925211165,0.19935415572634638
2.060300791283892,0.7186347838186451,1.9945113059763828,0.19935415572634638
2.060300791283892,0.7186347838186451,2.01162207109415,0.19935415572634638
2.060300791283892,0.7186347838186451,2.123113752802579,0.19935415572634638
1.8690743706305397,0.7186347838186451,2.2804368471145122,0.19935415572634638
1.8690743706305397,0.6412090516553327,2.498725543397327,0.19935415572634638
1.8690743706305397,0.6412090516553327,2.5777829250328543,0.19935415572634638
1.8690743706305397,0.6412090516553327,2.6333674503462605,0.19935415572634638
1.8690743706305397,0.6412090516553327,2.5472535041885767,0.19935415572634638
1.8690743706305397,0.6412090516553327,2.87112964076916,0.19935415572634638
2.1471975460841555,0.6412090516553327,2.3553085381841043,0.19935415572634638
2.1471975460841555,0.6412090516553327,2.2267954586214995,0.19935415572634638
2.1471975460841555,0.6412090516553327,2.015157745707172,0.19935415572634638
2.2202773752630622,0.6412090516553327,2.0470018126321636,0.19935415572634638
2.2202773752630622,0.6412090516553327,2.1303091821929003,0.19935415572634638
2.2202773752630622,0.6412090516553327,2.1271871222129595,0.19935415572634638
2.2202773752630622,0.6412090516553327,2.179179075734449,0.19935415572634638
2.2202773752630622,0.6412090516553327,2.204810087878878,0.19935415572634638
2.2202773752630622,0.6412090516553327,2.046028555325237,0.19935415572634638
2.2202773752630622,0.6412090516553327,2.2043445841556046,0.19935415572634638
2.2202773752630622,0.6412090516553327,2.5237121487063057,0.19935415572634638
2.2202773752630622,0.6412090516553327,2.3240431442112914,0.19935415572634638
2.2202773752630622,0.6412090516553327,2.0155327087107078,0.19935415572634638
2.2202773752630622,0.6412090516553327,2.305608960354796,0.19935415572634638
2.2202773752630622,0.6412090516553327,2.1326903702286177,0.19935415572634638
2.2202773752630622,0.6412090516553327,2.052184415402002,0.19935415572634638
2.2202773752630622,0.6412090516553327,2.247588343802769,0.19935415572634638
2.239867700406655,0.6412090516553327,2.3641404016296375,0.19935415572634638
2.12076812413662,0.6412090516553327,2.229354975492634,0.19935415572634638
2.12076812413662,0.6412090516553327,2.0867221802139033,0.19935415572634638
2.12076812413662,0.6412090516553327,2.4581928470968215,0.19935415572634638
2.1040304482244294,0.6412090516553327,2.363340800062262,0.19935415572634638
2.1040304482244294,0.6412090516553327,2.1221675628132464,0.19935415572634638
2.1040304482244294,0.6412090516553327,2.313936958842388,0.19935415572634638
2.1040304482244294,0.6412090516553327,2.416901830920834,0.19935415572634638
1.991846274419728,0.6412090516553327,2.2929373954538326,0.19935415572634638
1.991846274419728,0.6412090516553327,2.4353762551940594,0.19935415572634638
1.991846274419728,0.6487850703653615,2.5926720670217436,0.19935415572634638
1.991846274419728,0.6487850703653615,2.2293536147777346,0.19935415572634638
1.991846274419728,0.6487850703653615,2.24365847939321,0.19935415572634638
2.0069152296211485,0.6683731245010416,2.4824879791560206,0.19935415572634638
2.0069152296211485,0.6683731245010416,2.4186686812399625,0.19935415572634638
2.0069152296211485,0.6683731245010416,2.4276900853667054,0.19935415572634638
2.022180062993413,0.6683731245010416,2.322612696366788,0.19935415572634638
2.022180062993413,0.6683731245010416,2.4836571737361166,0.19935415572634638
2.022180062993413,0.6683731245010416,2.215017206042702,0.19935415572634638
2.022180062993413,0.6683731245010416,2.0742758792068314,0.19935415572634638
2.022180062993413,0.6683731245010416,2.5351060170732174,0.19935415572634638
2.022180062993413,0.6683731245010416,2.3624134673700374,0.19935415572634638
1.9169868973124649,0.6683731245010416,2.3208885905422245,0.19935415572634638
1.9169868973124649,0.6683731245010416,2.4028266663547346,0.19935415572634638
1.9169868973124649,0.6683731245010416,2.61766645848154,0.19935415572634638
1.9169868973124649,0.6683731245010416,2.629951446989746,0.19935415572634638
1.9169868973124649,0.6683731245010416,2.47027682030105,0.19935415572634638
1.9169868973124649,0.7399490078028029,2.3292202799239305,0.19935415572634638
1.9169868973124649,0.7399490078028029,2.1774260668806096,0.19935415572634638
1.8456618607939694,0.7399490078028029,2.324329578446149,0.19935415572634638
1.8489034951835739,0.7399490078028029,2.289192829289387,0.19935415572634638
1.8489034951835739,0.6756356891315454,2.335749732481168,0.19935415572634638
1.8489034951835739,0.6756356891315454,2.8122227001681512,0.19935415572634638
1.8489034951835739,0.6756356891315454,2.467677621812767,0.19935415572634638
1.8489034951835739,0.6756356891315454,2.6378490644416295,0.19935415572634638
1.8489034951835739,0.6756356891315454,2.5638662172294944,0.19935415572634638
1.8489034951835739,0.6756356891315454,2.46298187639567,0.19935415572634638
1.8489034951835739,0.6756356891315454,2.43962867089918,0.19935415572634638
1.8489034951835739,0.6756356891315454,2.5671583808098446,0.19935415572634638
1.8489034951835739,0.6756356891315454,2.564443991609094,0.19935415572634638
1.8489034951835739,0.6756356891315454,2.3025226630618723,0.19935415572634638
1.8489034951835739,0.7053420992315703,2.393673274658363,0.19935415572634638
1.8489034951835739,0.7053420992315703,2.4981941385753825,0.19935415572634638
1.8489034951835739,0.7053420992315703,2.4027828658799453,0.19935415572634638
1.8489034951835739,0.7053420992315703,2.174428125315487,0.19935415572634638
1.8489034951835739,0.7053420992315703,2.389327196616525,0.19935415572634638
1.8489034951835739,0.7053420992315703,2.3461982383755036,0.19935415572634638
1.8489034951835739,0.7053420992315703,2.148180689945737,0.19935415572634638
1.8489034951835739,0.7053420992315703,2.2794096867247395,0.19935415572634638
1.8489034951835739,0.7053420992315703,2.186942182421027,0.19935415572634638
2.082915792523086,0.7053420992315703,2.3396334066238995,0.19935415572634638
2.082915792523086,0.7053420992315703,2.1104120507721538,0.19935415572634638
2.082915792523086,0.7053420992315703,2.1067662374860654,0.19935415572634638
2.082915792523086,0.7053420992315703,1.9537844395354689,0.19935415572634638
2.082915792523086,0.7053420992315703,1.994877651736738,0.19935415572634638
2.082915792523086,0.7053420992315703,2.3087484304024333,0.19935415572634638
2.082915792523086,0.7053420992315703,2.0050042232404213,0.19935415572634638
2.082915792523086,0.7053420992315703,1.970392984345762,0.19935415572634638
2.082915792523086,0.7053420992315703,2.009801354080039,0.19935415572634638
2.082915792523086,0.7053420992315703,2.3785006988881117,0.19935415572634638
2.082915792523086,0.7053420992315703,2.006857442664203,0.19935415572634638
2.082915792523086,0.7053420992315703,2.061138189656233,0.19935415572634638
2.082915792523086,0.7053420992315703,1.9732270689539202,0.19935415572634638
2.082915792523086,0.7053420992315703,1.9572558971941574,0.19935415572634638
2.082915792523086,0.7053420992315703,2.0989962496092773,0.19935415572634638
2.082915792523086,0.7053420992315703,2.0274358405532125,0.19935415572634638
2.082915792523086,0.7053420992315703,2.135682954851427,0.19935415572634638
2.0008829986585446,0.7053420992315703,1.963696691982233,0.19935415572634638
2.0008829986585446,0.7053420992315703,2.1994683377099764,0.19935415572634638
2.0008829986585446,0.7053420992315703,2.449468228346443,0.19935415572634638
2.0008829986585446,0.7053420992315703,2.1630769867718267,0.19935415572634638
2.0008829986585446,0.7053420992315703,2.029191099822339,0.19935415572634638
2.0008829986585446,0.7053420992315703,2.40985273220072,0.19935415572634638
2.0008829986585446,0.7053420992315703,2.490834398069167,0.19935415572634638
2.0008829986585446,0.7053420992315703,2.3048793362821303,0.19935415572634638
2.0008829986585446,0.7053420992315703,2.128087717374767,0.19935415572634638
2.0008829986585446,0.7053420992315703,2.2282024042956703,0.19935415572634638
2.0008829986585446,0.7053420992315703,1.984132563047258,0.19935415572634638
2.0008829986585446,0.7053420992315703,2.0666658862782583,0.19935415572634638
2.0008829986585446,0.7053420992315703,2.3048225417220713,0.19935415572634638
2.0008829986585446,0.7053420992315703,2.2291721158233315,0.19935415572634638
2.0008829986585446,0.7053420992315703,2.1402122258317307,0.19935415572634638
2.0008829986585446,0.7053420992315703,2.2316343804489738,0.19935415572634638
2.0008829986585446,0.7053420992315703,2.066182779304457,0.19935415572634638
2.0008829986585446,0.7053420992315703,2.359499543654954,0.19935415572634638
2.0008829986585446,0.7053420992315703,2.186722106064347,0.19935415572634638
2.0008829986585446,0.7053420992315703,2.0442332674760673,0.19935415572634638
2.0008829986585446,0.7053420992315703,2.231021639612609,0.19935415572634638
2.0008829986585446,0.7053420992315703,2.192601578569505,0.19935415572634638
2.0008829986585446,0.7053420992315703,2.2938881402233244,0.19935415572634638
2.0008829986585446,0.6994464879535999,2.1530903631681437,0.19935415572634638
2.0008829986585446,0.6994464879535999,2.371720373748491,0.19935415572634638
1.7907546547874147,0.6994464879535999,2.3494905867100906,0.19935415572634638
1.7907546547874147,0.6994464879535999,2.2541369253155574,0.19935415572634638
1.7907546547874147,0.6994464879535999,2.5799313062760336,0.19935415572634638
1.7907546547874147,0.6994464879535999,2.62441907845758,0.19935415572634638
1.7907546547874147,0.6994464879535999,2.715785970795276,0.19935415572634638
1.7907546547874147,0.6994464879535999,2.259152770012553,0.19935415572634638
1.7907546547874147,0.6994464879535999,2.7023340207253326,0.19935415572634638
1.7907546547874147,0.6994464879535999,2.3730065452020432,0.19935415572634638
1.7907546547874147,0.6994464879535999,2.5890050472548825,0.19935415572634638
1.8594006037591209,0.6994464879535999,2.144758174935151,0.19935415572634638
1.8954648739424456,0.6994464879535999,2.3695281456801816,0.19935415572634638
1.8954648739424456,0.6994464879535999,2.337341951338928,0.19935415572634638
1.8954648739424456,0.6994464879535999,2.153007688139902,0.19935415572634638
1.8954648739424456,0.6994464879535999,2.199947389886403,0.19935415572634638
1.8954648739424456,0.6994464879535999,2.2622654260091304,0.19935415572634638
1.8954648739424456,0.6994464879535999,2.140822790112295,0.19935415572634638
1.8954648739424456,0.6994464879535999,2.550930844230354,0.19935415572634638
1.8954648739424456,0.6994464879535999,2.3563171852616667,0.19935415572634638
1.8954648739424456,0.6994464879535999,2.3755957860028776,0.19935415572634638
1.8954648739424456,0.6994464879535999,2.4384999237918046,0.19935415572634638
1.8954648739424456,0.6994464879535999,2.3509906914289447,0.19935415572634638
1.8585588813890157,0.6994464879535999,2.430281852560671,0.19935415572634638
1.8585588813890157,0.6994464879535999,2.356543554287762,0.19935415572634638
1.8585588813890157,0.6994464879535999,2.1982998758608696,0.19935415572634638
1.8585588813890157,0.6994464879535999,2.5369602088700938,0.19935415572634638
1.8585588813890157,0.6994464879535999,2.5209226507429645,0.19935415572634638
1.8585588813890157,0.6994464879535999,2.27914755946376,0.19935415572634638
1.8585588813890157,0.6994464879535999,2.429967655866209,0.19935415572634638
1.8585588813890157,0.6994464879535999,2.4389132783189447,0.19935415572634638
1.8585588813890157,0.6994464879535999,2.6663877745897344,0.19935415572634638
1.8585588813890157,0.6994464879535999,2.2430956891018115,0.19935415572634638
1.749173321311058,0.6994464879535999,2.706973301122995,0.19935415572634638
1.749173321311058,0.6994464879535999,2.307904779714714,0.19935415572634638
1.749173321311058,0.6994464879535999,3.0491118212824033,0.19935415572634638
1.749173321311058,0.7659052406335072,2.3748543701914535,0.19935415572634638
1.749173321311058,0.756873694122786,2.452440963684883,0.19935415572634638
1.749173321311058,0.756873694122786,2.406296835802327,0.19935415572634638
1.8056671230138746,0.756873694122786,2.378504340305402,0.19935415572634638
1.8056671230138746,0.756873694122786,2.2677470558528148,0.19935415572634638
1.8056671230138746,0.756873694122786,2.231346538120569,0.19935415572634638
1.8056671230138746,0.756873694122786,2.2353579505555565,0.19935415572634638
1.8056671230138746,0.7605907436735833,2.0454748798975206,0.19935415572634638
1.8056671230138746,0.7605907436735833,2.397681169503807,0.19935415572634638
1.8056671230138746,0.7605907436735833,2.32077654541265,0.19935415572634638
1.8056671230138746,0.7605907436735833,2.090389240738428,0.19935415572634638
1.8056671230138746,0.7605907436735833,2.3543072203153157,0.19935415572634638
1.8056671230138746,0.7605907436735833,2.3703737369472324,0.19935415572634638
1.8056671230138746,0.7605907436735833,2.488677222977773,0.19935415572634638
1.6263603671644433,0.7605907436735833,2.4166356501713517,0.19935415572634638
1.6263603671644433,0.7605907436735833,2.3391932459096183,0.19935415572634638
1.6263603671644433,0.7605907436735833,2.5902576686654046,0.19935415572634638
1.6263603671644433,0.7605907436735833,2.582454836121064,0.19935415572634638
1.6263603671644433,0.7605907436735833,2.5818869607490873,0.19935415572634638
1.6263603671644433,0.7605907436735833,2.5016496604381273,0.19935415572634638
1.66114004197468,0.7605907436735833,2.2781358944650925,0.19935415572634638
1.66114004197468,0.7605907436735833,2.5606275477230835,0.19935415572634638
1.66114004197468,0.7605907436735833,2.4877594702303494,0.19935415572634638
1.66114004197468,0.7605907436735833,2.4511038626731465,0.19935415572634638
1.66114004197468,0.7605907436735833,2.6837204704288813,0.19935415572634638
1.66114004197468,0.7605907436735833,2.5755425620352295,0.19935415572634638
1.66114004197468,0.7605907436735833,2.5450336036939043,0.19935415572634638
1.66114004197468,0.7605907436735833,2.1815936468699864,0.19935415572634638
1.66114004197468,0.7605907436735833,2.5746300135070195,0.19935415572634638
1.66114004197468,0.7605907436735833,2.668534209341391,0.19935415572634638
1.66114004197468,0.7605907436735833,2.5572016909916995,0.19935415572634638
1.66114004197468,0.7605907436735833,2.644021035908256,0.19935415572634638
1.66114004197468,0.7605907436735833,2.5756805684182216,0.19935415572634638
1.66114004197468,0.7605907436735833,2.663434028424462,0.19935415572634638
1.66114004197468,0.7605907436735833,2.4414267970780776,0.19935415572634638
1.66114004197468,0.7605907436735833,2.527961781544105,0.19935415572634638
1.66114004197468,0.7605907436735833,2.4936215809918343,0.19935415572634638
1.66114004197468,0.7605907436735833,2.3405930065213676,0.19935415572634638
1.66114004197468,0.7605907436735833,2.4728901619716024,0.19935415572634638
1.66114004197468,0.7605907436735833,2.4697088151508795,0.19935415572634638
1.66114004197468,0.7605907436735833,2.5456478600542436,0.19935415572634638
1.66114004197468,0.7605907436735833,2.2748306771110163,0.19935415572634638
1.66114004197468,0.7605907436735833,2.968434477885895,0.19935415572634638
1.8132420828837958,0.7605907436735833,2.342797895360515,0.19935415572634638
1.9323049893717383,0.7605907436735833,2.142011019017774,0.19935415572634638
1.9323049893717383,0.7605907436735833,2.3281305125710703,0.19935415572634638
1.9323049893717383,0.7605907436735833,1.9695500822188834,0.19935415572634638
1.9323049893717383,0.7330080324739463,2.1282586147775313,0.19935415572634638
1.9323049893717383,0.7330080324739463,1.984305223172892,0.19935415572634638
1.9323049893717383,0.7330080324739463,1.9708600777366059,0.19935415572634638
1.9323049893717383,0.7330080324739463,2.1710653295165,0.19935415572634638
1.9323049893717383,0.7330080324739463,2.260381000485955,0.19935415572634638
1.9323049893717383,0.7330080324739463,2.2893415186854926,0.19935415572634638
1.8193857642979139,0.7330080324739463,2.3272064872474942,0.19935415572634638
1.8193857642979139,0.7330080324739463,2.2780575287748186,0.19935415572634638
1.8193857642979139,0.6954573552813336,2.2828790781499557,0.19935415572634638
1.8193857642979139,0.6954573552813336,2.8152554772272036,0.19935415572634638
1.8193857642979139,0.6954573552813336,2.3706550403770885,0.19935415572634638
1.8193857642979139,0.6954573552813336,2.562712438548636,0.19935415572634638
1.8193857642979139,0.6954573552813336,2.3147052960405383,0.19935415572634638
1.8193857642979139,0.6954573552813336,2.648429440834221,0.19935415572634638
1.8193857642979139,0.6954573552813336,2.513635867205052,0.19935415572634638
1.8193857642979139,0.6954573552813336,2.691492020891543,0.19935415572634638
1.8193857642979139,0.6954573552813336,2.572981013212023,0.19935415572634638
1.8193857642979139,0.6954573552813336,2.2662979457656527,0.19935415572634638
1.8193857642979139,0.6954573552813336,2.265904158024279,0.19935415572634638
1.8193857642979139,0.6954573552813336,2.3639941072223927,0.19935415572634638
1.8193857642979139,0.6954573552813336,2.259522804508912,0.19935415572634638
1.8193857642979139,0.6954573552813336,2.4782988991340025,0.19935415572634638
1.8193857642979139,0.6954573552813336,2.5264868359752954,0.19935415572634638
1.898942279723128,0.7094567651773367,2.3576668143944532,0.19935415572634638
1.898942279723128,0.7094567651773367,2.3521552313859653,0.19935415572634638
1.898942279723128,0.7094567651773367,2.2662269528044963,0.19935415572634638
1.898942279723128,0.6392811665854363,2.5947381808412096,0.19935415572634638
1.898942279723128,0.6392811665854363,2.3722332931400163,0.19935415572634638
1.898942279723128,0.6392811665854363,2.5444380481293694,0.19935415572634638
1.898942279723128,0.6392811665854363,2.611996919671689,0.19935415572634638
1.898942279723128,0.6392811665854363,2.564588715731741,0.19935415572634638
1.898942279723128,0.6392811665854363,2.5211427397178436,0.19935415572634638
1.898942279723128,0.6392811665854363,2.434373194819069,0.19935415572634638
1.898942279723128,0.6392811665854363,2.471135519805648,0.19935415572634638
1.898942279723128,0.6392811665854363,2.9856864923934254,0.19935415572634638
1.898942279723128,0.6392811665854363,2.4975302446456857,0.19935415572634638
1.898942279723128,0.6392811665854363,2.7328154278368078,0.19935415572634638
1.898942279723128,0.6499872228563418,2.5635416629257124,0.19935415572634638
1.898942279723128,0.6499872228563418,2.5406611053475436,0.19935415572634638
2.12944228977278,0.6499872228563418,2.2935096925300575,0.19935415572634638
2.12944228977278,0.6499872228563418,2.2073824008993914,0.19935415572634638
2.12944228977278,0.6499872228563418,2.4304903817754844,0.19935415572634638
2.12944228977278,0.6499872228563418,2.3829508075960666,0.19935415572634638
2.12944228977278,0.6499872228563418,2.3241237363614546,0.19935415572634638
2.12944228977278,0.6499872228563418,2.322700653778077,0.19935415572634638
2.12944228977278,0.6499872228563418,2.1315881544802204,0.19935415572634638
2.12944228977278,0.6499872228563418,2.161935396825064,0.19935415572634638
2.12944228977278,0.6499872228563418,2.125655669580346,0.19935415572634638
2.12944228977278,0.6499872228563418,2.0302065757806873,0.19935415572634638
2.124159188156291,0.6499872228563418,2.2247007679112025,0.19935415572634638
2.0074297425870573,0.6499872228563418,2.378339092308953,0.19935415572634638
2.0074297425870573,0.6499872228563418,2.3124489527615797,0.19935415572634638
2.0213470308257073,0.6499872228563418,2.3189247083378155,0.19935415572634638
2.0213470308257073,0.6499872228563418,2.323124870297659,0.19935415572634638
2.0213470308257073,0.7164233029184633,2.2845747808491175,0.19935415572634638
2.0213470308257073,0.7164233029184633,2.152523477749472,0.19935415572634638
2.0213470308257073,0.7164233029184633,2.17306092463021,0.19935415572634638
2.0213470308257073,0.7164233029184633,2.164080253467528,0.19935415572634638
2.0213470308257073,0.7164233029184633,2.100530632463299,0.19935415572634638
2.0213470308257073,0.7164233029184633,2.0364189359120877,0.19935415572634638
2.0213470308257073,0.7164233029184633,2.3005169903193043,0.19935415572634638
2.0213470308257073,0.6918626188926054,2.3123607136974353,0.19935415572634638
2.0213470308257073,0.6918626188926054,2.289994317351126,0.19935415572634638
2.0213470308257073,0.6918626188926054,2.481194517358328,0.19935415572634638
2.0213470308257073,0.6918626188926054,2.3211210148400974,0.19935415572634638
2.0213470308257073,0.6918626188926054,2.128205442762436,0.19935415572634638
2.0213470308257073,0.7009993738585028,2.27324220690716,0.19935415572634638
2.0213470308257073,0.7009993738585028,2.2236703294150435,0.19935415572634638
2.0213470308257073,0.7009993738585028,2.232661550830198,0.19935415572634638
2.0213470308257073,0.7009993738585028,2.1781786328815382,0.19935415572634638
2.0213470308257073,0.7009993738585028,2.2973459883044502,0.19935415572634638
2.0213470308257073,0.7009993738585028,1.9941940484098488,0.19935415572634638
2.0213470308257073,0.7009993738585028,2.0773430566566047,0.19935415572634638
2.0213470308257073,0.7009993738585028,2.159364689029391,0.19935415572634638
2.0213470308257073,0.7009993738585028,2.2553964898279344,0.19935415572634638
1.8523112313167194,0.7009993738585028,2.314002870315483,0.19935415572634638
1.5805826034825756,0.7009993738585028,2.845892173336964,0.19935415572634638
1.5805826034825756,0.7009993738585028,2.7090511695664152,0.19935415572634638
1.5805826034825756,0.7009993738585028,2.683049510717194,0.19935415572634638
1.5805826034825756,0.7009993738585028,2.7652375325500795,0.19935415572634638
1.5805826034825756,0.7009993738585028,2.768251891472799,0.19935415572634638
1.6265871782947192,0.7009993738585028,2.6567867442930506,0.19935415572634638
1.6265871782947192,0.7009993738585028,2.6754299142158278,0.19935415572634638
1.6265871782947192,0.7009993738585028,2.6083955053833088,0.19935415572634638
1.6265871782947192,0.7009993738585028,2.6194910005731415,0.19935415572634638
1.6265871782947192,0.7009993738585028,2.770841134461155,0.19935415572634638
1.6265871782947192,0.7009993738585028,2.579578770579129,0.19935415572634638
1.6265871782947192,0.7364704435541609,2.9188964800143524,0.19935415572634638
1.6265871782947192,0.7364704435541609,2.7270031522924723,0.19935415572634638
1.6265871782947192,0.7364704435541609,2.5895713311825244,0.19935415572634638
1.6265871782947192,0.7364704435541609,2.739959749395518,0.19935415572634638
1.6265871782947192,0.7364704435541609,2.5375095214980137,0.19935415572634638
1.803578625746836,0.7364704435541609,2.431791985386424,0.19935415572634638
1.803578625746836,0.7364704435541609,2.093602257899771,0.19935415572634638
1.803578625746836,0.7364704435541609,2.430512738873881,0.19935415572634638
1.8834999795602259,0.7364704435541609,2.273171426943689,0.19935415572634638
1.8834999795602259,0.7364704435541609,2.2573544673443005,0.19935415572634638
1.8834999795602259,0.7364704435541609,1.8805259642338805,0.19935415572634638
1.8834999795602259,0.7364704435541609,2.114636230264518,0.19935415572634638
1.8834999795602259,0.7364704435541609,2.116169321268465,0.19935415572634638
1.8834999795602259,0.7364704435541609,2.3775154012582917,0.19935415572634638
1.8834999795602259,0.7364704435541609,2.328654094552318,0.19935415572634638
1.8834999795602259,0.7364704435541609,2.3994356863363606,0.19935415572634638
1.8834999795602259,0.7364704435541609,2.32931765209421,0.19935415572634638
1.8834999795602259,0.7364704435541609,2.299758946366574,0.19935415572634638
1.8834999795602259,0.7364704435541609,2.3879498137991546,0.19935415572634638
1.8834999795602259,0.7364704435541609,2.3547669814926406,0.19935415572634638
1.8834999795602259,0.7364704435541609,2.7020403210961055,0.19935415572634638
1.8834999795602259,0.7364704435541609,2.382931618771651,0.19935415572634638
1.8834999795602259,0.7364704435541609,2.1658912174115814,0.19935415572634638
1.943181969773619,0.7364704435541609,2.1069078466005653,0.19935415572634638
1.8500680080888334,0.7364704435541609,2.2357000993729392,0.19935415572634638
1.8500680080888334,0.7364704435541609,2.3381342412049055,0.19935415572634638
1.8500680080888334,0.7364704435541609,2.242287265611197,0.19935415572634638
1.8500680080888334,0.7364704435541609,2.198205566129223,0.19935415572634638
1.8500680080888334,0.7364704435541609,2.361767749014394,0.19935415572634638
1.8500680080888334,0.7364704435541609,2.369275437792748,0.19935415572634638
1.8500680080888334,0.7364704435541609,2.4148356569698985,0.19935415572634638
1.8500680080888334,0.7364704435541609,2.313828898276479,0.19935415572634638
1.8209313604891728,0.7364704435541609,2.3140047811799183,0.19935415572634638
1.8209313604891728,0.7364704435541609,2.4635073562327183,0.19935415572634638
1.8209313604891728,0.7364704435541609,2.5949140288666714,0.19935415572634638
1.8209313604891728,0.7364704435541609,2.0270035949706076,0.19935415572634638
1.8209313604891728,0.7364704435541609,2.4991346423449152,0.19935415572634638
1.8209313604891728,0.7364704435541609,2.3270185247473485,0.19935415572634638
1.8209313604891728,0.7364704435541609,2.1690678233024534,0.19935415572634638
1.8209313604891728,0.7364704435541609,2.110710096842964,0.19935415572634638
1.8209313604891728,0.7364704435541609,2.375265250119219,0.19935415572634638
1.8209313604891728,0.7364704435541609,2.3095747077650137,0.19935415572634638
1.8209313604891728,0.7364704435541609,2.2282285077720023,0.19935415572634638
1.8209313604891728,0.7364704435541609,2.3226681118042123,0.19935415572634638
1.8209313604891728,0.7364704435541609,2.516672382839954,0.19935415572634638
1.8209313604891728,0.7364704435541609,2.2792662104003774,0.19935415572634638
1.8209313604891728,0.7364704435541609,2.331592129845579,0.19935415572634638
1.8209313604891728,0.7364704435541609,2.1860605572037226,0.19935415572634638
1.8209313604891728,0.7364704435541609,2.5522624114134107,0.19935415572634638
2.172513449947901,0.7364704435541609,2.042561563149561,0.19935415572634638
2.172513449947901,0.7364704435541609,1.8552771662328875,0.19935415572634638
2.172513449947901,0.7364704435541609,1.8825655087954833,0.19935415572634638
2.17464346639228,0.7364704435541609,1.985303345677173,0.19935415572634638
2.17464346639228,0.7364704435541609,1.954964645415484,0.19935415572634638
2.171937807955725,0.7364704435541609,1.802868209126282,0.19935415572634638
2.171937807955725,0.7364704435541609,1.996547947090541,0.19935415572634638
2.171937807955725,0.7364704435541609,1.997200714800083,0.19935415572634638
2.1339746583849135,0.7364704435541609,1.7951659467026682,0.19935415572634638
2.1339746583849135,0.7364704435541609,1.845443159726987,0.19935415572634638
2.1339746583849135,0.7364704435541609,2.0051033336069777,0.19935415572634638
2.1339746583849135,0.7364704435541609,2.001507433480498,0.19935415572634638
2.1339746583849135,0.7364704435541609,2.215035611558579,0.19935415572634638
2.1339746583849135,0.7150889429881615,1.9844112973715375,0.19935415572634638
2.1339746583849135,0.7150889429881615,1.8248286298742868,0.19935415572634638
2.1339746583849135,0.7150889429881615,2.0974964132249085,0.19935415572634638
2.1339746583849135,0.7150889429881615,2.0457529040195115,0.19935415572634638
2.1339746583849135,0.7150889429881615,1.9533802246022485,0.19935415572634638
1.689523982146816,0.7150889429881615,2.316110414099677,0.19935415572634638
1.689523982146816,0.7150889429881615,2.836192418569361,0.19935415572634638
1.689523982146816,0.7150889429881615,2.696522047859876,0.19935415572634638
1.689523982146816,0.7150889429881615,2.643208110267485,0.19935415572634638
1.689523982146816,0.7150889429881615,2.343221104308768,0.19935415572634638
1.689523982146816,0.7150889429881615,2.634616646152058,0.19935415572634638
1.689523982146816,0.7150889429881615,2.4232932293190643,0.19935415572634638
1.689523982146816,0.7150889429881615,2.7429237620786373,0.19935415572634638
1.689523982146816,0.7150889429881615,2.7138107734563865,0.19935415572634638
1.689523982146816,0.7150889429881615,2.6883028422961623,0.19935415572634638
1.8573623690928878,0.7150889429881615,2.5538850789395973,0.19935415572634638
1.8573623690928878,0.7150889429881615,2.71356280040461,0.19935415572634638
1.8573623690928878,0.7150889429881615,2.324222667221412,0.19935415572634638
1.8851955390038175,0.7150889429881615,2.2348940485251245,0.19935415572634638
1.8851955390038175,0.7150889429881615,2.1794042357908374,0.19935415572634638
1.8851955390038175,0.7150889429881615,2.1722746541386555,0.19935415572634638
1.8851955390038175,0.7150889429881615,2.141033508416491,0.19935415572634638
1.8851955390038175,0.7150889429881615,2.488251456351015,0.19935415572634638
1.8851955390038175,0.7150889429881615,2.408829283230441,0.19935415572634638
1.8851955390038175,0.7150889429881615,2.1951741767446644,0.19935415572634638
1.8851955390038175,0.7150889429881615,2.1948529511486754,0.19935415572634638
1.8851955390038175,0.7150889429881615,2.5196775713270854,0.19935415572634638
1.8851955390038175,0.7150889429881615,2.1389739307291578,0.19935415572634638
1.8851955390038175,0.7150889429881615,2.408293670961393,0.19935415572634638
1.8851955390038175,0.7150889429881615,2.327538795600383,0.19935415572634638
1.8851955390038175,0.7150889429881615,2.415142923569084,0.19935415572634638
1.7092144879830409,0.7150889429881615,2.4855433300003384,0.19935415572634638
1.7092144879830409,0.7150889429881615,2.4174278056388387,0.19935415572634638
1.7092144879830409,0.7150889429881615,2.7256991697133786,0.19935415572634638
1.7092144879830409,0.7150889429881615,2.9509006987882818,0.19935415572634638
1.747124508288266,0.7150889429881615,2.747079764979979,0.19935415572634638
1.6531197732087182,0.7150889429881615,2.711549980618176,0.19935415572634638
1.6531197732087182,0.7150889429881615,2.5555503317693486,0.19935415572634638
1.6531197732087182,0.7150889429881615,2.5424737659067485,0.19935415572634638
1.6531197732087182,0.7150889429881615,2.6339068021199474,0.19935415572634638
1.6531197732087182,0.7150889429881615,2.530536439541342,0.19935415572634638
1.6531197732087182,0.7150889429881615,2.763057522057458,0.19935415572634638
1.6531197732087182,0.7150889429881615,2.5383323152092236,0.19935415572634638
1.6531197732087182,0.7150889429881615,2.823637475984055,0.19935415572634638
1.6531197732087182,0.7150889429881615,2.6267957564803397,0.19935415572634638
1.6531197732087182,0.7150889429881615,2.717443052240996,0.19935415572634638
1.6531197732087182,0.7150889429881615,2.8621979825745965,0.19935415572634638
1.6531197732087182,0.7150889429881615,2.678360355328702,0.19935415572634638
1.6531197732087182,0.7150889429881615,2.699415126242524,0.19935415572634638
1.6531197732087182,0.7150889429881615,2.8293148500474388,0.19935415572634638
1.6531197732087182,0.7150889429881615,2.6578796228438284,0.19935415572634638
1.6531197732087182,0.7150889429881615,2.695761542750672,0.19935415572634638
1.6531197732087182,0.7150889429881615,2.6092665448560894,0.19935415572634638
1.6531197732087182,0.7150889429881615,2.741987709726558,0.19935415572634638
1.6531197732087182,0.7150889429881615,2.610614811450443,0.19935415572634638
1.6531197732087182,0.7150889429881615,2.8135948418245165,0.19935415572634638
1.6531197732087182,0.7150889429881615,2.611195224537808,0.19935415572634638
1.6531197732087182,0.7150889429881615,2.8155267581172096,0.19935415572634638
1.6531197732087182,0.7150889429881615,2.5937856288991803,0.19935415572634638
1.7212985444339461,0.7150889429881615,2.2819538382642386,0.19935415572634638
1.7212985444339461,0.7150889429881615,2.471372944175923,0.19935415572634638
1.7212985444339461,0.7150889429881615,2.581196023879271,0.19935415572634638
1.7212985444339461,0.7150889429881615,3.061879171311123,0.19935415572634638
1.7212985444339461,0.7150889429881615,2.7798720344403285,0.19935415572634638
1.7212985444339461,0.7150889429881615,2.400333283161146,0.19935415572634638
1.7212985444339461,0.7150889429881615,2.262761037971076,0.19935415572634638
1.7212985444339461,0.7150889429881615,2.6934734868927284,0.19935415572634638
1.7212985444339461,0.7150889429881615,2.287832549423877,0.19935415572634638
1.7212985444339461,0.7150889429881615,2.538703916227758,0.19935415572634638
1.7212985444339461,0.7150889429881615,2.366988118555214,0.19935415572634638
1.7212985444339461,0.7150889429881615,2.404513075148856,0.19935415572634638
1.7212985444339461,0.7150889429881615,2.539382345532793,0.19935415572634638
1.7212985444339461,0.7150889429881615,2.667012743669491,0.19935415572634638
1.7212985444339461,0.7150889429881615,2.5086944974596324,0.19935415572634638
1.7212985444339461,0.730801204378417,2.457616608609276,0.19935415572634638
1.7212985444339461,0.730801204378417,2.8390814708118346,0.19935415572634638
1.7212985444339461,0.730801204378417,2.5571152105145645,0.19935415572634638
1.7212985444339461,0.730801204378417,2.3564134940978265,0.19935415572634638
1.7212985444339461,0.730801204378417,2.3330075552629985,0.19935415572634638
1.7212985444339461,0.730801204378417,2.546085755730042,0.19935415572634638
1.7212985444339461,0.730801204378417,2.636894254417642,0.19935415572634638
1.7212985444339461,0.730801204378417,2.635912165048616,0.19935415572634638
1.7212985444339461,0.730801204378417,2.7118947710030072,0.19935415572634638
1.7212985444339461,0.730801204378417,2.5260085441630005,0.19935415572634638
1.7212985444339461,0.730801204378417,2.4570639845322626,0.19935415572634638
1.7212985444339461,0.730801204378417,2.4702744305949516,0.19935415572634638
1.7212985444339461,0.730801204378417,2.6719964106915652,0.19935415572634638
1.7205888399158067,0.730801204378417,2.3779096843378356,0.19935415572634638
1.7205888399158067,0.730801204378417,2.5370932410771436,0.19935415572634638
1.597999745220987,0.730801204378417,2.3372814456367754,0.19935415572634638
1.597999745220987,0.730801204378417,2.83850371638524,0.19935415572634638
1.597999745220987,0.730801204378417,2.683233483839382,0.19935415572634638
1.597999745220987,0.730801204378417,2.6202402251813446,0.19935415572634638
1.597999745220987,0.730801204378417,2.785900318187737,0.19935415572634638
1.597999745220987,0.730801204378417,2.541363122271779,0.19935415572634638
1.9189041225264418,0.730801204378417,2.43474494720815,0.19935415572634638
1.9189041225264418,0.730801204378417,2.2686996629922027,0.19935415572634638
1.9189041225264418,0.730801204378417,2.334127476266217,0.19935415572634638
1.9189041225264418,0.730801204378417,2.1793979986717456,0.19935415572634638
1.9189041225264418,0.730801204378417,2.522028418742157,0.19935415572634638
1.9189041225264418,0.730801204378417,2.369326219810201,0.19935415572634638
1.9189041225264418,0.730801204378417,2.4228623606563047,0.19935415572634638
1.9189041225264418,0.730801204378417,2.00228103505777,0.19935415572634638
1.9189041225264418,0.730801204378417,2.3878066613518953,0.19935415572634638
1.9189041225264418,0.730801204378417,2.2784215252060416,0.19935415572634638
1.9189041225264418,0.730801204378417,2.3301076942599557,0.19935415572634638
1.84589009241766,0.730801204378417,2.3517243353017556,0.19935415572634638
1.84589009241766,0.730801204378417,2.399592924032279,0.19935415572634638
1.84589009241766,0.730801204378417,2.320928203142328,0.19935415572634638
1.84589009241766,0.730801204378417,2.4123018850044313,0.19935415572634638
1.84589009241766,0.730801204378417,2.195858164217171,0.19935415572634638
1.84589009241766,0.730801204378417,2.3285461219172525,0.19935415572634638
1.84589009241766,0.730801204378417,2.4643564694457667,0.19935415572634638
1.84589009241766,0.730801204378417,2.3856634476685756,0.19935415572634638
1.84589009241766,0.730801204378417,2.3543239198561188,0.19935415572634638
1.84589009241766,0.730801204378417,2.279988557092547,0.19935415572634638
1.7776198765272604,0.730801204378417,2.2596723740060494,0.19935415572634638
1.7776198765272604,0.730801204378417,2.4119745316741334,0.19935415572634638
1.7776198765272604,0.730801204378417,2.418979182485546,0.19935415572634638
1.7776198765272604,0.730801204378417,2.304018146808514,0.19935415572634638
1.7776198765272604,0.730801204378417,2.4734447849719174,0.19935415572634638
1.7776198765272604,0.730801204378417,2.25648605335664,0.19935415572634638
1.7776198765272604,0.730801204378417,2.3270338347648676,0.19935415572634638
1.7776198765272604,0.730801204378417,2.440110836371414,0.19935415572634638
1.7776198765272604,0.730801204378417,2.579042120768606,0.19935415572634638
1.9097993778700224,0.730801204378417,2.3467385144808475,0.19935415572634638
1.9097993778700224,0.730801204378417,2.364006733770744,0.19935415572634638
1.9097993778700224,0.730801204378417,2.4062525738815177,0.19935415572634638
1.9097993778700224,0.730801204378417,2.3436146745226467,0.19935415572634638
1.9097993778700224,0.730801204378417,2.28456234400619,0.19935415572634638
1.8688415586098206,0.730801204378417,2.218099087106773,0.19935415572634638
1.8688415586098206,0.6785572700639618,2.183605149802156,0.19935415572634638
1.8688415586098206,0.6785572700639618,2.2658815598760293,0.19935415572634638
1.8688415586098206,0.6785572700639618,2.1068277512868097,0.19935415572634638
1.8688415586098206,0.6785572700639618,2.1997711241208493,0.19935415572634638
1.8688415586098206,0.6785572700639618,2.363074922243192,0.19935415572634638
1.8688415586098206,0.6785572700639618,2.5341455189531557,0.19935415572634638
1.8688415586098206,0.6785572700639618,2.705081061062302,0.19935415572634638
1.8688415586098206,0.6785572700639618,2.705438056321441,0.19935415572634638
1.8688415586098206,0.6785572700639618,2.153631330623623,0.19935415572634638
1.8688415586098206,0.6785572700639618,2.277992876175354,0.19935415572634638
1.8688415586098206,0.6785572700639618,2.241029516538707,0.19935415572634638
1.8641268671653586,0.6785572700639618,2.374838002302567,0.19935415572634638
1.8641268671653586,0.6785572700639618,2.4997282265199017,0.19935415572634638
1.8641268671653586,0.6785572700639618,2.354460577716272,0.19935415572634638
1.8641268671653586,0.6785572700639618,2.388946360351012,0.19935415572634638
1.8641268671653586,0.6785572700639618,2.4926276836578922,0.19935415572634638
1.8641268671653586,0.6785572700639618,2.5133661253338953,0.19935415572634638
1.8641268671653586,0.6785572700639618,2.4433167694850804,0.19935415572634638
1.8641268671653586,0.6785572700639618,2.2739730968089713,0.19935415572634638
1.8641268671653586,0.6785572700639618,2.5875431520728434,0.19935415572634638
1.8641268671653586,0.6785572700639618,2.357710469664656,0.19935415572634638
1.8641268671653586,0.6785572700639618,2.716296641017173,0.19935415572634638
1.8641268671653586,0.6785572700639618,2.246816377605665,0.19935415572634638
1.6036115701210625,0.6785572700639618,2.677668215718425,0.19935415572634638
1.7642582075219075,0.6785572700639618,2.4359538514283714,0.19935415572634638
1.7642582075219075,0.6785572700639618,2.5974558981625857,0.19935415572634638
1.7642582075219075,0.6785572700639618,2.8230899956296907,0.19935415572634638
1.7642582075219075,0.6785572700639618,2.6291249450987455,0.19935415572634638
1.7642582075219075,0.6785572700639618,2.731099741007432,0.19935415572634638
1.7642582075219075,0.6785572700639618,2.5067164335094194,0.19935415572634638
1.7642582075219075,0.6785572700639618,2.610428070958265,0.19935415572634638
1.7642582075219075,0.6785572700639618,2.447337308148451,0.19935415572634638
1.7642582075219075,0.6785572700639618,2.7761439608271754,0.19935415572634638
1.7642582075219075,0.6785572700639618,2.4579200295909596,0.19935415572634638
1.7642582075219075,0.6785572700639618,2.5947459989363084,0.19935415572634638
1.7642582075219075,0.6785572700639618,2.5429125416499216,0.19935415572634638
1.7642582075219075,0.6785572700639618,2.7201113481639463,0.19935415572634638
1.7642582075219075,0.6785572700639618,2.568155797289709,0.19935415572634638
1.7642582075219075,0.6785572700639618,2.7731391976033155,0.19935415572634638
1.7642582075219075,0.6785572700639618,3.037110973401461,0.19935415572634638
1.7642582075219075,0.6785572700639618,2.402954285247104,0.19935415572634638
1.7642582075219075,0.6785572700639618,2.6217049488651893,0.19935415572634638
1.7642582075219075,0.6785572700639618,2.675699964151334,0.19935415572634638
1.7642582075219075,0.6785572700639618,2.360086021762002,0.19935415572634638
1.588302196745003,0.6785572700639618,3.0609111680240413,0.19935415572634638
1.588302196745003,0.6785572700639618,2.7358826956688067,0.19935415572634638
1.588302196745003,0.6785572700639618,2.5730214158257794,0.19935415572634638
1.588302196745003,0.6785572700639618,2.7822418169400147,0.19935415572634638
1.588302196745003,0.6785572700639618,3.4445024211496356,0.19935415572634638
1.588302196745003,0.6785572700639618,2.723778251511683,0.19935415572634638
1.843326861891188,0.6785572700639618,2.484570907128036,0.19935415572634638
1.843326861891188,0.6785572700639618,2.42250197393578,0.19935415572634638
1.843326861891188,0.6785572700639618,2.4113341765152243,0.19935415572634638
1.843326861891188,0.6785572700639618,2.6326637885654147,0.19935415572634638
1.843326861891188,0.6785572700639618,2.4296990994707226,0.19935415572634638
1.843326861891188,0.6785572700639618,2.4935795566704777,0.19935415572634638
1.843326861891188,0.6785572700639618,2.484065598430993,0.19935415572634638
1.843326861891188,0.6785572700639618,2.5429806321988595,0.19935415572634638
1.843326861891188,0.6785572700639618,2.4839073232973274,0.19935415572634638
1.843326861891188,0.6785572700639618,2.5455320129143004,0.19935415572634638
1.843326861891188,0.6785572700639618,2.692153865523468,0.19935415572634638
1.843326861891188,0.6785572700639618,2.2818510857789476,0.19935415572634638
1.843326861891188,0.6785572700639618,2.789258596439987,0.19935415572634638
1.843326861891188,0.6785572700639618,2.5873532861442343,0.19935415572634638
1.843326861891188,0.6785572700639618,2.457160183900685,0.19935415572634638
1.843326861891188,0.6785572700639618,2.3905289628572683,0.19935415572634638
1.843326861891188,0.6785572700639618,2.431430118514337,0.19935415572634638
1.843326861891188,0.6785572700639618,2.2755566758462855,0.19935415572634638
1.843326861891188,0.6785572700639618,2.223027433817066,0.19935415572634638
1.843326861891188,0.6785572700639618,2.501592654432521,0.19935415572634638
1.843326861891188,0.6785572700639618,2.6092349745228627,0.19935415572634638
1.843326861891188,0.6785572700639618,2.3634129323153403,0.19935415572634638
1.843326861891188,0.6785572700639618,2.292796655032032,0.19935415572634638
1.843326861891188,0.6785572700639618,2.460888718394612,0.19935415572634638
1.843326861891188,0.6785572700639618,2.406034580721576,0.19935415572634638
1.843326861891188,0.7003545770298104,2.669292999727194,0.19935415572634638
1.843326861891188,0.7003545770298104,2.5377685161871018,0.19935415572634638
1.843326861891188,0.7003545770298104,2.4722849860029426,0.19935415572634638
2.343245163262792,0.7003545770298104,2.1091575020869167,0.19935415572634638
2.343245163262792,0.7003545770298104,1.993856663422977,0.19935415572634638
2.343245163262792,0.7003545770298104,1.994892871096225,0.19935415572634638
2.343245163262792,0.7003545770298104,1.8475697444102108,0.19935415572634638
2.343245163262792,0.7003545770298104,1.8654410158557078,0.19935415572634638
2.343245163262792,0.7003545770298104,1.7501865474224416,0.19935415572634638
2.343245163262792,0.7003545770298104,1.9176469111184482,0.19935415572634638
2.343245163262792,0.7003545770298104,2.06623927254083,0.19935415572634638
2.3614983597489747,0.7003545770298104,1.843260793318666,0.19935415572634638
2.3614983597489747,0.7003545770298104,1.7358264496104883,0.19935415572634638
2.3614983597489747,0.7003545770298104,2.129307658958572,0.19935415572634638
1.990338908514845,0.7003545770298104,1.9576080275809524,0.19935415572634638
1.990338908514845,0.7003545770298104,2.065296522708627,0.19935415572634638
1.990338908514845,0.7003545770298104,2.201973577487511,0.19935415572634638
1.990338908514845,0.7003545770298104,2.3055044226233927,0.19935415572634638
1.990338908514845,0.7003545770298104,2.399807119634414,0.19935415572634638
1.990338908514845,0.7046002092777223,2.2885647720414966,0.19935415572634638
1.990338908514845,0.7046002092777223,2.2575319059461463,0.19935415572634638
1.990338908514845,0.7046002092777223,2.2611167677468416,0.19935415572634638
1.990338908514845,0.7046002092777223,2.359141855138642,0.19935415572634638
1.990338908514845,0.7046002092777223,2.0782977959596898,0.19935415572634638
1.990338908514845,0.7046002092777223,2.2122311542190634,0.19935415572634638
1.990338908514845,0.7046002092777223,2.1811056078653057,0.19935415572634638
1.990338908514845,0.7046002092777223,2.218307938456469,0.19935415572634638
1.7994229791228218,0.7046002092777223,2.3579136235329696,0.19935415572634638
1.7994229791228218,0.7046002092777223,2.618852380013354,0.19935415572634638
1.7994229791228218,0.7046002092777223,2.4742825672407256,0.19935415572634638
1.7994229791228218,0.7046002092777223,2.3978731221948135,0.19935415572634638
1.7994229791228218,0.7046002092777223,2.4498139773042324,0.19935415572634638
1.7994229791228218,0.7046002092777223,2.8268796627628223,0.19935415572634638
1.8303926495577993,0.7046002092777223,2.404607891253724,0.19935415572634638
2.0711913569618337,0.7046002092777223,2.3264501061403435,0.19935415572634638
2.0711913569618337,0.7046002092777223,2.1559046388134466,0.19935415572634638
2.0711913569618337,0.7046002092777223,2.4137757084316056,0.19935415572634638
2.0711913569618337,0.7046002092777223,2.2618072952512405,0.19935415572634638
2.0711913569618337,0.7046002092777223,2.1698600154314067,0.19935415572634638
2.0711913569618337,0.7046002092777223,2.1847479285764817,0.19935415572634638
2.0711913569618337,0.7046002092777223,2.109543705836911,0.19935415572634638
2.0711913569618337,0.7046002092777223,2.2445450645946488,0.19935415572634638
2.0711913569618337,0.7046002092777223,2.279956053550907,0.19935415572634638
2.0711913569618337,0.7046002092777223,2.4053011024365416,0.19935415572634638
2.0534612774864613,0.7046002092777223,2.4642063417535685,0.19935415572634638
2.0534612774864613,0.6872527207802859,2.1681131002098364,0.19935415572634638
2.0534612774864613,0.6872527207802859,2.16313074421344,0.19935415572634638
2.0534612774864613,0.6872527207802859,2.1192971827489218,0.19935415572634638
2.0534612774864613,0.6872527207802859,2.1660623351326893,0.19935415572634638
2.0534612774864613,0.6872527207802859,2.0203106717471013,0.19935415572634638
2.0534612774864613,0.6872527207802859,2.1903561946999983,0.19935415572634638
2.0534612774864613,0.6872527207802859,2.550413709865367,0.19935415572634638
2.0534612774864613,0.6872527207802859,2.1673481747996486,0.19935415572634638
2.0534612774864613,0.6872527207802859,2.2272650487356676,0.19935415572634638
2.0534612774864613,0.6872527207802859,2.320755736938971,0.19935415572634638
2.086979897665421,0.6872527207802859,2.155886879594907,0.19935415572634638
2.086979897665421,0.6872527207802859,2.294955920570339,0.19935415572634638
2.086979897665421,0.6872527207802859,2.317613498695792,0.19935415572634638
2.086979897665421,0.6872527207802859,2.3365489302506455,0.19935415572634638
2.086979897665421,0.6872527207802859,2.077513694599546,0.19935415572634638
2.086979897665421,0.6872527207802859,1.9454065232343376,0.19935415572634638
2.0534559623994215,0.6872527207802859,2.1178343686612044,0.19935415572634638
2.154375200997668,0.6872527207802859,2.147958703512575,0.19935415572634638
2.154375200997668,0.6872527207802859,2.1292371041362697,0.19935415572634638
2.154375200997668,0.6872527207802859,2.0694491135456827,0.19935415572634638
2.154375200997668,0.6872527207802859,2.22150092487136,0.19935415572634638
2.154375200997668,0.6872527207802859,2.3195359540700418,0.19935415572634638
2.270873986671307,0.6872527207802859,1.8106886980056827,0.19935415572634638
2.270873986671307,0.6872527207802859,2.056683844614699,0.19935415572634638
2.270873986671307,0.6872527207802859,2.1348601530930535,0.19935415572634638
2.270873986671307,0.6872527207802859,1.9271038354569903,0.19935415572634638
2.1900321996137033,0.6872527207802859,1.8983061818111053,0.19935415572634638
2.1900321996137033,0.6872527207802859,2.158345143874954,0.19935415572634638
2.1900321996137033,0.6872527207802859,2.1746491010514535,0.19935415572634638
1.9686671582506143,0.6872527207802859,2.2005004621343125,0.19935415572634638
1.982980732364265,0.6872527207802859,2.346045074764369,0.19935415572634638
1.982980732364265,0.6872527207802859,2.1383611834477545,0.19935415572634638
1.982980732364265,0.6872527207802859,2.277768426588519,0.19935415572634638
1.982980732364265,0.6872527207802859,2.44812364484242,0.19935415572634638
1.982980732364265,0.6872527207802859,2.315521803885533,0.19935415572634638
1.982980732364265,0.6872527207802859,2.316958100560992,0.19935415572634638
1.982980732364265,0.6872527207802859,2.1612015522859003,0.19935415572634638
1.982980732364265,0.6872527207802859,2.2044048040967983,0.19935415572634638
1.982980732364265,0.6872527207802859,2.2336078731482885,0.19935415572634638
1.982980732364265,0.6872527207802859,2.3451425391811407,0.19935415572634638
1.9718800396489828,0.6872527207802859,2.334104406017829,0.19935415572634638
1.9718800396489828,0.6872527207802859,2.1753468269364458,0.19935415572634638
1.9718800396489828,0.6872527207802859,2.2910645095201105,0.19935415572634638
1.9718800396489828,0.6872527207802859,2.2813932689683627,0.19935415572634638
1.9718800396489828,0.6872527207802859,2.374066678862598,0.19935415572634638
1.9718800396489828,0.6872527207802859,2.288993891500696,0.19935415572634638
1.9718800396489828,0.6872527207802859,2.1044899758742197,0.19935415572634638
1.9718800396489828,0.6872527207802859,2.204432322007957,0.19935415572634638
1.9718800396489828,0.6872527207802859,2.409125279045848,0.19935415572634638
1.9718800396489828,0.6872527207802859,2.167837181763003,0.19935415572634638
1.9718800396489828,0.6872527207802859,2.3551686359670123,0.19935415572634638
1.9718800396489828,0.6872527207802859,2.628260267448443,0.19935415572634638
1.9718800396489828,0.6872527207802859,2.238627830797807,0.19935415572634638
1.9718800396489828,0.6872527207802859,1.9811094007327328,0.19935415572634638
1.9718800396489828,0.6872527207802859,2.4147367274664306,0.19935415572634638
2.1136344518451557,0.6872527207802859,2.149652235783464,0.19935415572634638
2.1136344518451557,0.6872527207802859,2.229986557876729,0.19935415572634638
2.1136344518451557,0.6861036229253704,2.036414619801732,0.19935415572634638
2.1136344518451557,0.6861036229253704,2.2612175198120346,0.19935415572634638
2.1136344518451557,0.6861036229253704,2.2449214393166064,0.19935415572634638
2.1136344518451557,0.6861036229253704,2.219889733419909,0.19935415572634638
2.1136344518451557,0.6861036229253704,2.138401672912961,0.19935415572634638
2.1136344518451557,0.6861036229253704,2.333067061703263,0.19935415572634638
2.1136344518451557,0.6861036229253704,2.1872179450802753,0.19935415572634638
2.1136344518451557,0.6861036229253704,2.1414525874663144,0.19935415572634638
2.1136344518451557,0.6861036229253704,2.3093351657948245,0.19935415572634638
2.1136344518451557,0.6861036229253704,2.0475967371894765,0.19935415572634638
1.9386292556705356,0.6861036229253704,2.1443354823776457,0.19935415572634638
1.9386292556705356,0.6861036229253704,2.327612904713892,0.19935415572634638
1.9386292556705356,0.6861036229253704,2.400974087430181,0.19935415572634638
1.9386292556705356,0.6861036229253704,2.2767465991146856,0.19935415572634638
2.1069242973518607,0.6861036229253704,2.256673997245777,0.19935415572634638
2.1069242973518607,0.6861036229253704,2.5604570032475062,0.19935415572634638
2.1069242973518607,0.6861036229253704,2.0260188294550474,0.19935415572634638
2.1069242973518607,0.6861036229253704,2.1009597672729647,0.19935415572634638
2.1069242973518607,0.6861036229253704,2.1486869984935724,0.19935415572634638
1.8186535847396275,0.6861036229253704,2.3751518055763623,0.19935415572634638
1.8186535847396275,0.6861036229253704,2.483253410218143,0.19935415572634638
1.8186535847396275,0.6861036229253704,2.774090580598383,0.19935415572634638
2.037255603359296,0.6861036229253704,2.216266586663681,0.19935415572634638
2.037255603359296,0.6861036229253704,2.1128056690459904,0.19935415572634638
2.037255603359296,0.6861036229253704,2.193167117203167,0.19935415572634638
2.037255603359296,0.6861036229253704,2.0632795854830444,0.19935415572634638
2.0583017551232445,0.6861036229253704,2.172097470975919,0.19935415572634638
2.0583017551232445,0.6861036229253704,2.183549968220503,0.19935415572634638
2.0583017551232445,0.6861036229253704,2.313721365354293,0.19935415572634638
1.9772340642421016,0.6861036229253704,2.080915990099159,0.19935415572634638
1.9772340642421016,0.6861036229253704,2.2123262586045787,0.19935415572634638
1.9772340642421016,0.6861036229253704,2.232222794284703,0.19935415572634638
1.9772340642421016,0.6861036229253704,2.1599649655989044,0.19935415572634638
1.6770789286037233,0.6861036229253704,2.50767882819776,0.19935415572634638
1.6770789286037233,0.6861036229253704,2.630777938698799,0.19935415572634638
1.6770789286037233,0.6861036229253704,2.5264457931333735,0.19935415572634638
1.6770789286037233,0.6861036229253704,2.4342669475183705,0.19935415572634638
1.7105831528354678,0.6861036229253704,2.329009630219373,0.19935415572634638
1.7105831528354678,0.6861036229253704,2.790819992201397,0.19935415572634638
1.7105831528354678,0.6861036229253704,2.6230984467762273,0.19935415572634638
1.7105831528354678,0.6861036229253704,2.64916512733768,0.19935415572634638
1.7105831528354678,0.6861036229253704,2.765280500924271,0.19935415572634638
1.7105831528354678,0.6861036229253704,2.650626641269903,0.19935415572634638
1.7105831528354678,0.6861036229253704,2.5094705915272346,0.19935415572634638
2.14219690976402,0.6861036229253704,2.382975933463682,0.19935415572634638
2.14219690976402,0.6861036229253704,2.4479166131704524,0.19935415572634638
2.14219690976402,0.6861036229253704,2.232925473336136,0.19935415572634638
2.14219690976402,0.6861036229253704,2.0104756201889846,0.19935415572634638
2.14219690976402,0.6861036229253704,2.036236142337949,0.19935415572634638
2.14219690976402,0.6861036229253704,2.106077639037417,0.19935415572634638
2.14219690976402,0.6861036229253704,2.125540392462486,0.19935415572634638
2.1181307326212306,0.6861036229253704,2.3561145185198824,0.19935415572634638
2.1181307326212306,0.6861036229253704,2.064112928900706,0.19935415572634638
2.1181307326212306,0.6861036229253704,2.2366010753286547,0.19935415572634638
2.1350141649992094,0.6861036229253704,2.3094868106342905,0.19935415572634638
2.1350141649992094,0.6861036229253704,2.2237596118745593,0.19935415572634638
2.1350141649992094,0.6861036229253704,2.151611216696191,0.19935415572634638
2.1350141649992094,0.6861036229253704,2.235338487489497,0.19935415572634638
2.1350141649992094,0.6861036229253704,2.2039339848249604,0.19935415572634638
2.4964435561577676,0.6861036229253704,1.990436218646635,0.19935415572634638
2.4964435561577676,0.6861036229253704,1.8896677219655973,0.19935415572634638
2.4964435561577676,0.6861036229253704,1.7639438310603135,0.19935415572634638
2.4964435561577676,0.6861036229253704,1.7290011146507824,0.19935415572634638
2.2318079406394795,0.6861036229253704,1.82531639560294,0.19935415572634638
2.2318079406394795,0.6861036229253704,1.9568863215575742,0.19935415572634638
2.2318079406394795,0.6861036229253704,1.991870297585565,0.19935415572634638
2.2318079406394795,0.6861036229253704,1.940987886231812,0.19935415572634638
2.2318079406394795,0.6861036229253704,2.007916748732394,0.19935415572634638
2.2318079406394795,0.6861036229253704,2.150565835226753,0.19935415572634638
2.2318079406394795,0.6861036229253704,2.181068953021945,0.19935415572634638
2.2318079406394795,0.6861036229253704,2.025898951125493,0.19935415572634638
2.2318079406394795,0.6861036229253704,2.0733842659159762,0.19935415572634638
2.2318079406394795,0.6861036229253704,2.074867346979845,0.19935415572634638
2.2318079406394795,0.6861036229253704,1.9736566163376343,0.19935415572634638
2.2318079406394795,0.6861036229253704,2.107946668130774,0.19935415572634638
2.2318079406394795,0.6861036229253704,2.082306958822032,0.19935415572634638
2.2318079406394795,0.6861036229253704,2.0577195884541495,0.19935415572634638
2.2318079406394795,0.6861036229253704,2.160802483401959,0.19935415572634638
2.2318079406394795,0.6861036229253704,2.2079750541661483,0.19935415572634638
2.2318079406394795,0.6861036229253704,2.0855777219696967,0.19935415572634638
2.2318079406394795,0.6861036229253704,2.0028930228799147,0.19935415572634638
2.2318079406394795,0.6861036229253704,1.889236867466413,0.19935415572634638
2.2318079406394795,0.6861036229253704,2.2691939672601116,0.19935415572634638
2.2318079406394795,0.6861036229253704,1.875324613378086,0.19935415572634638
2.2318079406394795,0.6861036229253704,2.1855145253025103,0.19935415572634638
2.2318079406394795,0.6861036229253704,2.0935035362479533,0.19935415572634638
2.2318079406394795,0.6861036229253704,2.055952973562272,0.19935415572634638
2.0720198427634537,0.6861036229253704,2.013991108141612,0.19935415572634638
2.0720198427634537,0.6861036229253704,2.2243086553412597,0.19935415572634638
2.0720198427634537,0.6861036229253704,2.0619030408610177,0.19935415572634638
2.0720198427634537,0.6861036229253704,2.271955805591158,0.19935415572634638
1.7590751446247928,0.6861036229253704,2.4466982304518994,0.19935415572634638
1.7590751446247928,0.6861036229253704,2.789585515344099,0.19935415572634638
1.7590751446247928,0.7477139908132853,2.189436117483306,0.19935415572634638
1.7590751446247928,0.7477139908132853,2.1786691979905943,0.19935415572634638
1.7590751446247928,0.7477139908132853,2.2777111409076456,0.19935415572634638
1.7590751446247928,0.7477139908132853,2.227362963477673,0.19935415572634638
1.7590751446247928,0.7477139908132853,2.428769931256107,0.19935415572634638
1.7590751446247928,0.7477139908132853,2.2470624672215567,0.19935415572634638
1.7590751446247928,0.7051453285649439,2.4176155309239595,0.19935415572634638
1.7590751446247928,0.7051453285649439,2.364088103638697,0.19935415572634638
1.7590751446247928,0.7051453285649439,2.4773992080888703,0.19935415572634638
1.7590751446247928,0.7051453285649439,2.447280115478253,0.19935415572634638
1.7590751446247928,0.7051453285649439,2.5919324254771143,0.19935415572634638
1.7590751446247928,0.7051453285649439,2.367562476803176,0.19935415572634638
1.7590751446247928,0.7051453285649439,2.47449191121677,0.19935415572634638
1.7590751446247928,0.7051453285649439,2.6673971506864795,0.19935415572634638
1.7590751446247928,0.7051453285649439,2.286826706035477,0.19935415572634638
1.7590751446247928,0.7051453285649439,2.4576206529487745,0.19935415572634638
1.7590751446247928,0.7051453285649439,2.689219635722976,0.19935415572634638
1.7590751446247928,0.7046052649995056,2.569467950632241,0.19935415572634638
1.7590751446247928,0.7289304740962941,2.4610924396553004,0.19935415572634638
1.7590751446247928,0.7289304740962941,2.5452432461134156,0.19935415572634638
1.7590751446247928,0.7289304740962941,2.3886327885739096,0.19935415572634638
1.7590751446247928,0.7289304740962941,2.4022450134352358,0.19935415572634638
1.7590751446247928,0.7289304740962941,2.8383605513005623,0.19935415572634638
1.7590751446247928,0.7289304740962941,2.3624910134594224,0.19935415572634638
1.7590751446247928,0.7289304740962941,2.3441862282513446,0.19935415572634638
1.7590751446247928,0.7289304740962941,2.5416969749964546,0.19935415572634638
2.088835883463302,0.7289304740962941,2.0917491129458954,0.19935415572634638
2.088835883463302,0.7289304740962941,2.2367103910820396,0.19935415572634638
2.088835883463302,0.7289304740962941,1.9311874588758826,0.19935415572634638
2.088835883463302,0.7289304740962941,1.906890405755305,0.19935415572634638
2.088835883463302,0.7289304740962941,2.314192473897382,0.19935415572634638
2.088835883463302,0.7289304740962941,2.0007860489305345,0.19935415572634638
2.088835883463302,0.7289304740962941,1.8884276365435555,0.19935415572634638
2.088835883463302,0.7289304740962941,2.021285845476058,0.19935415572634638
2.088835883463302,0.7289304740962941,1.9388455486537823,0.19935415572634638
2.088835883463302,0.7289304740962941,2.014041718523979,0.19935415572634638
2.088835883463302,0.7289304740962941,2.0454621197373135,0.19935415572634638
2.088835883463302,0.7289304740962941,2.0799046501564815,0.19935415572634638
2.088835883463302,0.7289304740962941,1.9727038773741155,0.19935415572634638
2.088835883463302,0.7289304740962941,2.1872185383554075,0.19935415572634638
2.088835883463302,0.7289304740962941,2.1674708758674663,0.19935415572634638
2.088835883463302,0.7289304740962941,2.191108575900741,0.19935415572634638
2.088835883463302,0.7289304740962941,2.2794780162739325,0.19935415572634638
2.088835883463302,0.7289304740962941,2.0256696455156695,0.19935415572634638
1.8576861747636009,0.7289304740962941,2.2349739914644533,0.19935415572634638
1.853712162799105,0.7289304740962941,2.436028995380476,0.19935415572634638
1.853712162799105,0.7289304740962941,2.3241334471293267,0.19935415572634638
1.853712162799105,0.7287103483639604,2.332577844950937,0.19935415572634638
1.853712162799105,0.7287103483639604,2.3265611931280645,0.19935415572634638
1.853712162799105,0.7287103483639604,2.4978014008112326,0.19935415572634638
1.853712162799105,0.7287103483639604,2.5732550306401527,0.19935415572634638
1.853712162799105,0.7287103483639604,2.4162634922740334,0.19935415572634638
1.853712162799105,0.7287103483639604,2.3841985316850107,0.19935415572634638
1.853712162799105,0.7287103483639604,2.1382757482579655,0.19935415572634638
1.853712162799105,0.7287103483639604,2.509944673950298,0.19935415572634638
1.853712162799105,0.7287103483639604,2.3697070093631583,0.19935415572634638
1.853712162799105,0.7287103483639604,2.459622224247395,0.19935415572634638
1.853712162799105,0.7287103483639604,2.598004673046493,0.19935415572634638
1.853712162799105,0.7287103483639604,2.2376794172853747,0.19935415572634638
1.853712162799105,0.7287103483639604,2.3576531540439474,0.19935415572634638
1.853712162799105,0.7287103483639604,2.089493037612106,0.19935415572634638
1.853712162799105,0.7287103483639604,2.2502062581777182,0.19935415572634638
1.853712162799105,0.7287103483639604,2.301003103668939,0.19935415572634638
1.8406736867247102,0.7287103483639604,2.3640260001641704,0.19935415572634638
1.8406736867247102,0.7287103483639604,2.628967450088611,0.19935415572634638
1.8406736867247102,0.7287103483639604,2.6613393066732995,0.19935415572634638
1.8406736867247102,0.7287103483639604,2.672943902872411,0.19935415572634638
1.8406736867247102,0.7287103483639604,2.4527162390864277,0.19935415572634638
1.8406736867247102,0.7287103483639604,2.217584145329658,0.19935415572634638
1.828152480024537,0.7287103483639604,2.6836040002737027,0.19935415572634638
1.828152480024537,0.7287103483639604,2.5109449481634893,0.19935415572634638
1.828152480024537,0.7287103483639604,2.430123979299371,0.19935415572634638
1.828152480024537,0.7287103483639604,2.6215833795431958,0.19935415572634638
1.828152480024537,0.7287103483639604,2.3660612306313227,0.19935415572634638
1.828152480024537,0.7287103483639604,2.2329806187541448,0.19935415572634638
1.828152480024537,0.7287103483639604,2.331304681855102,0.19935415572634638
1.828152480024537,0.7287103483639604,2.2187518693566846,0.19935415572634638
1.828152480024537,0.7287103483639604,2.1420715898220655,0.19935415572634638
1.828152480024537,0.7287103483639604,2.3667291963543877,0.19935415572634638
1.828152480024537,0.7287103483639604,2.3012416118499033,0.19935415572634638
1.828152480024537,0.7287103483639604,2.374827003621185,0.19935415572634638
1.828152480024537,0.7287103483639604,2.1352375230449634,0.19935415572634638
1.828152480024537,0.7287103483639604,2.2153434068559896,0.19935415572634638
1.828152480024537,0.7287103483639604,2.176032047776159,0.19935415572634638
1.828152480024537,0.7287103483639604,2.471830695721888,0.19935415572634638
1.828152480024537,0.7287103483639604,2.5073124572256376,0.19935415572634638
1.828152480024537,0.7287103483639604,2.4627560083572617,0.19935415572634638
1.828152480024537,0.7287103483639604,2.4276859206266246,0.19935415572634638
1.828152480024537,0.7287103483639604,2.194783819972692,0.19935415572634638
1.828152480024537,0.7287103483639604,2.2958542917572524,0.19935415572634638
1.6427160287514193,0.7287103483639604,2.36548429013991,0.19935415572634638
1.6427160287514193,0.7287103483639604,2.5196288281374923,0.19935415572634638
1.6427160287514193,0.7287103483639604,2.345886013910683,0.19935415572634638
1.6427160287514193,0.7287103483639604,2.5985260090678635,0.19935415572634638
1.6427160287514193,0.7287103483639604,2.535661712388941,0.19935415572634638
1.6427160287514193,0.7287103483639604,2.7568523363065465,0.19935415572634638
1.6427160287514193,0.7287103483639604,2.44050846129956,0.19935415572634638
1.6427160287514193,0.7287103483639604,2.7784911922967184,0.19935415572634638
1.6427160287514193,0.7287103483639604,2.9410676836975327,0.19935415572634638
1.6427160287514193,0.7287103483639604,2.5580633188958544,0.19935415572634638
1.6427160287514193,0.7287103483639604,2.5219452383015977,0.19935415572634638
1.6427160287514193,0.7287103483639604,2.7385739088476204,0.19935415572634638
1.6427160287514193,0.7287103483639604,2.4703154893896997,0.19935415572634638
1.6427160287514193,0.7287103483639604,2.7885455330583353,0.19935415572634638
1.5766226003934622,0.7287103483639604,2.691380433506617,0.19935415572634638
1.5766226003934622,0.7287103483639604,2.474475426878722,0.19935415572634638
1.5766226003934622,0.7287103483639604,2.5844810836678844,0.19935415572634638
1.6350282699283116,0.7287103483639604,2.580067417247097,0.19935415572634638
1.6350282699283116,0.7287103483639604,2.6255742897594856,0.19935415572634638
1.6350282699283116,0.7287103483639604,2.664556496112863,0.19935415572634638
1.6350282699283116,0.7287103483639604,2.5983447967803484,0.19935415572634638
1.6350282699283116,0.7287103483639604,2.5871125914549125,0.19935415572634638
1.6350282699283116,0.7287103483639604,2.6956972177553995,0.19935415572634638
1.6350282699283116,0.7287103483639604,2.9751669111613994,0.19935415572634638
1.6350282699283116,0.7287103483639604,2.7450209784029096,0.19935415572634638
1.6350282699283116,0.7287103483639604,2.5293169880051813,0.19935415572634638
1.6350282699283116,0.7287103483639604,2.6797613604435924,0.19935415572634638
1.6350282699283116,0.7287103483639604,2.826182776006948,0.19935415572634638
1.6350282699283116,0.7287103483639604,2.5414376927698346,0.19935415572634638
1.6350282699283116,0.7287103483639604,2.5443843167023865,0.19935415572634638
1.6350282699283116,0.7287103483639604,2.4163417893267547,0.19935415572634638
1.6350282699283116,0.7287103483639604,2.3264919255401457,0.19935415572634638
1.6350282699283116,0.7287103483639604,2.4543665681140063,0.19935415572634638
1.6350282699283116,0.7287103483639604,2.7512865768683556,0.19935415572634638
1.6350282699283116,0.7287103483639604,2.4736123128679193,0.19935415572634638
1.6773254367304564,0.7287103483639604,2.61156660733023,0.19935415572634638
1.6773254367304564,0.7287103483639604,2.565282482924997,0.19935415572634638
1.6773254367304564,0.7287103483639604,2.6364739183249526,0.19935415572634638
1.6773254367304564,0.7287103483639604,2.419632971929628,0.19935415572634638
1.6773254367304564,0.7339104823293415,2.5859550241315135,0.19935415572634638
1.6773254367304564,0.7339104823293415,2.3730343656992234,0.19935415572634638
1.6773254367304564,0.7339104823293415,2.302145230206787,0.19935415572634638
1.6773254367304564,0.7339104823293415,2.8062874121602084,0.19935415572634638
1.6773254367304564,0.7339104823293415,2.510150825691973,0.19935415572634638
1.6773254367304564,0.7339104823293415,2.596977454136686,0.19935415572634638
1.6773254367304564,0.7339104823293415,2.352060445396636,0.19935415572634638
1.6773254367304564,0.7339104823293415,2.541978203792682,0.19935415572634638
1.6773254367304564,0.7339104823293415,2.5434451019579902,0.19935415572634638
1.6773254367304564,0.7339104823293415,2.470463240453385,0.19935415572634638
1.6773254367304564,0.7339104823293415,2.246654839896342,0.19935415572634638
1.6773254367304564,0.7339104823293415,2.4578432105461925,0.19935415572634638
1.6773254367304564,0.7339104823293415,2.5428214207268067,0.19935415572634638
1.6773254367304564,0.7339104823293415,2.563444671508033,0.19935415572634638
1.6773254367304564,0.7339104823293415,2.657620313929325,0.19935415572634638
1.6773254367304564,0.7339104823293415,2.4997919535223714,0.19935415572634638
1.6773254367304564,0.7339104823293415,2.6853050209596963,0.19935415572634638
1.6773254367304564,0.7339104823293415,2.4174670299052035,0.19935415572634638
1.6773254367304564,0.7339104823293415,2.3467923669702007,0.19935415572634638
1.6773254367304564,0.7339104823293415,2.894016895719199,0.19935415572634638
1.6773254367304564,0.7339104823293415,2.7841262575714256,0.19935415572634638
1.6773254367304564,0.7339104823293415,2.8042606481906907,0.19935415572634638
1.6773254367304564,0.7339104823293415,2.4314725231892043,0.19935415572634638
1.6773254367304564,0.7478810457808587,2.6188533202720548,0.19935415572634638
1.6773254367304564,0.7478810457808587,2.363050216750104,0.19935415572634638
1.6773254367304564,0.7478810457808587,2.7118096391324062,0.19935415572634638
1.6773254367304564,0.7478810457808587,2.7720321835988297,0.19935415572634638
1.7885354663088806,0.7478810457808587,2.4016166791488507,0.19935415572634638
1.7885354663088806,0.7478810457808587,2.568817126112577,0.19935415572634638
1.7885354663088806,0.7478810457808587,2.528376079912099,0.19935415572634638
1.7885354663088806,0.7478810457808587,2.082251550001352,0.19935415572634638
1.7885354663088806,0.7478810457808587,2.3356641609401274,0.19935415572634638
1.7885354663088806,0.7478810457808587,2.313660409103261,0.19935415572634638
1.7885354663088806,0.7478810457808587,2.183948427377715,0.19935415572634638
1.7981879247051733,0.7478810457808587,2.4960937929840687,0.19935415572634638
1.7981879247051733,0.7478810457808587,2.395816522963814,0.19935415572634638
1.7981879247051733,0.7478810457808587,2.311580906917658,0.19935415572634638
1.7981879247051733,0.7478810457808587,2.320057590573894,0.19935415572634638
1.7981879247051733,0.7478810457808587,2.2800784202394455,0.19935415572634638
1.7981879247051733,0.7478810457808587,2.2664388597196066,0.19935415572634638
1.7981879247051733,0.7478810457808587,2.1087009430632606,0.19935415572634638
1.7981879247051733,0.7478810457808587,2.08838709754088,0.19935415572634638
1.7981879247051733,0.7478810457808587,2.1422310712936685,0.19935415572634638
1.7981879247051733,0.7478810457808587,2.432480144350473,0.19935415572634638
1.7981879247051733,0.7478810457808587,2.487462496546533,0.19935415572634638
1.7981879247051733,0.6905779892341029,2.701884198942971,0.19935415572634638
1.7981879247051733,0.6905779892341029,2.4739903168166753,0.19935415572634638
1.7981879247051733,0.6905779892341029,2.511633968858928,0.19935415572634638
1.7981879247051733,0.6905779892341029,2.431523017159509,0.19935415572634638
1.7981879247051733,0.6905779892341029,2.465405873637423,0.19935415572634638
1.7981879247051733,0.6905779892341029,2.2582777341316116,0.19935415572634638
2.015295114705494,0.6905779892341029,2.1156711138459037,0.19935415572634638
2.015295114705494,0.7315557482966888,2.222045578948969,0.19935415572634638
2.015295114705494,0.7315557482966888,2.2888906605710524,0.19935415572634638
2.015295114705494,0.7315557482966888,2.2506701277639514,0.19935415572634638
2.015295114705494,0.7315557482966888,2.140972999179072,0.19935415572634638
2.015295114705494,0.7315557482966888,2.1784768995241612,0.19935415572634638
2.015295114705494,0.7315557482966888,1.9850560410758795,0.19935415572634638
1.9293470666925372,0.7315557482966888,2.0979052343730733,0.19935415572634638
1.9293470666925372,0.7315557482966888,2.6701875413792875,0.19935415572634638
1.9293470666925372,0.7315557482966888,2.2181838405212893,0.19935415572634638
1.9293470666925372,0.6978911678104259,2.1715734862346876,0.19935415572634638
1.952489633105877,0.6978911678104259,2.096128681326809,0.19935415572634638
1.952489633105877,0.6978911678104259,2.2819245997986184,0.19935415572634638
2.0020046995734204,0.6978911678104259,2.1254961446447664,0.19935415572634638
2.0020046995734204,0.6978911678104259,2.172634893332445,0.19935415572634638
2.0020046995734204,0.6638586794894824,2.4514517831193228,0.19935415572634638
2.0020046995734204,0.6638586794894824,2.5037151552508905,0.19935415572634638
2.0020046995734204,0.6638586794894824,2.2498538856615964,0.19935415572634638
2.0020046995734204,0.6638586794894824,2.451255687669665,0.19935415572634638
2.0020046995734204,0.6638586794894824,2.333636679428209,0.19935415572634638
2.0020046995734204,0.6638586794894824,2.208315652942028,0.19935415572634638
2.0020046995734204,0.6638586794894824,2.1531473570347592,0.19935415572634638
2.0020046995734204,0.6638586794894824,2.3003936760326407,0.19935415572634638
1.9648442510802535,0.6638586794894824,2.168453588149705,0.19935415572634638
1.9648442510802535,0.6638586794894824,2.6863318595043126,0.19935415572634638
1.9648442510802535,0.6755032093826071,2.362451685867676,0.19935415572634638
1.9648442510802535,0.6755032093826071,2.428925199609693,0.19935415572634638
1.9648442510802535,0.6755032093826071,2.24126867367471,0.19935415572634638
1.9648442510802535,0.6755032093826071,2.4609940326465254,0.19935415572634638
1.9648442510802535,0.6755032093826071,2.2712378830797784,0.19935415572634638
1.9648442510802535,0.6755032093826071,2.271627038702466,0.19935415572634638
1.9648442510802535,0.6755032093826071,2.477686110054157,0.19935415572634638
1.9648442510802535,0.6755032093826071,2.456296203067884,0.19935415572634638
1.9648442510802535,0.6755032093826071,2.397784209544428,0.19935415572634638
1.9648442510802535,0.6755032093826071,2.230880311495709,0.19935415572634638
1.9648442510802535,0.6755032093826071,2.1328441633234663,0.19935415572634638
1.9648442510802535,0.6755032093826071,2.208880836817086,0.19935415572634638
1.9648442510802535,0.6755032093826071,2.3824147353972687,0.19935415572634638
1.908309977419159,0.6755032093826071,2.361908436001176,0.19935415572634638
1.908309977419159,0.6755032093826071,2.1862708507071296,0.19935415572634638
1.908309977419159,0.6755032093826071,2.788781412607508,0.19935415572634638
1.8761346495148103,0.6755032093826071,2.742441115963232,0.19935415572634638
1.8761346495148103,0.6823354966904717,2.4303086976146453,0.19935415572634638
1.8761346495148103,0.6823354966904717,2.227617481346269,0.19935415572634638
1.8761346495148103,0.6823354966904717,2.707873020114762,0.19935415572634638
1.8761346495148103,0.6823354966904717,2.574754396578327,0.19935415572634638
1.8761346495148103,0.6823354966904717,2.719222405964131,0.19935415572634638
1.8761346495148103,0.6823354966904717,2.4644002912152634,0.19935415572634638
1.8761346495148103,0.6823354966904717,2.534353941344898,0.19935415572634638
2.10438422360193,0.6823354966904717,2.3081862901189485,0.19935415572634638
2.10438422360193,0.6823354966904717,2.259032251808979,0.19935415572634638
2.10438422360193,0.6823354966904717,2.1971234997103934,0.19935415572634638
2.10438422360193,0.6823354966904717,2.2712530710709635,0.19935415572634638
2.10438422360193,0.6823354966904717,2.2059271295323706,0.19935415572634638
2.10438422360193,0.6823354966904717,2.4509667076398083,0.19935415572634638
2.10438422360193,0.6823354966904717,2.2568497074754315,0.19935415572634638
2.10438422360193,0.6823354966904717,2.0157359567902686,0.19935415572634638
2.10438422360193,0.6823354966904717,1.983888868827884,0.19935415572634638
2.10438422360193,0.6823354966904717,2.1502108255987724,0.19935415572634638
2.10438422360193,0.6823354966904717,2.28469267376622,0.19935415572634638
2.0986448917378793,0.6823354966904717,2.290066597442263,0.19935415572634638
2.0986448917378793,0.6823354966904717,1.9229141165798074,0.19935415572634638
2.212033868486752,0.6823354966904717,2.0740999669571885,0.19935415572634638
2.212033868486752,0.6823354966904717,2.1672557946488302,0.19935415572634638
2.212033868486752,0.6823354966904717,2.0938683029531875,0.19935415572634638
2.212033868486752,0.6823354966904717,2.125234034121954,0.19935415572634638
2.212033868486752,0.6823354966904717,2.182394039024658,0.19935415572634638
2.212033868486752,0.6823354966904717,2.1581404185428346,0.19935415572634638
2.212033868486752,0.6823354966904717,1.9832228818600834,0.19935415572634638
2.212033868486752,0.6823354966904717,2.071062263988235,0.19935415572634638
2.212033868486752,0.6823354966904717,2.27261046094482,0.19935415572634638
2.212033868486752,0.6823354966904717,2.0085030514565405,0.19935415572634638
2.212033868486752,0.720639296878207,1.8730826762908905,0.19935415572634638
2.212033868486752,0.720639296878207,1.8522423482955004,0.19935415572634638
2.212033868486752,0.720639296878207,2.0396463820170005,0.19935415572634638
2.212033868486752,0.720639296878207,1.9948935612079455,0.19935415572634638
2.212033868486752,0.720639296878207,1.9441739627591021,0.19935415572634638
2.0656657118374344,0.720639296878207,2.2553149815606774,0.19935415572634638
2.0656657118374344,0.720639296878207,2.221491952894098,0.19935415572634638
2.0656657118374344,0.720639296878207,2.1498794330557063,0.19935415572634638
2.0728624127419795,0.720639296878207,2.0836828597040435,0.19935415572634638
2.0805771326128313,0.720639296878207,2.077410274064065,0.19935415572634638
2.0805771326128313,0.720639296878207,2.0202598675447923,0.19935415572634638
2.0805771326128313,0.720639296878207,1.937763247676863,0.19935415572634638
2.0805771326128313,0.681710627456862,2.286005223192378,0.19935415572634638
2.0805771326128313,0.681710627456862,2.305226464227185,0.19935415572634638
2.1794663303500936,0.681710627456862,1.986917113962842,0.19935415572634638
2.1794663303500936,0.681710627456862,1.9120404894214715,0.19935415572634638
2.1794663303500936,0.681710627456862,2.08671649296371,0.19935415572634638
2.0468617931253186,0.681710627456862,2.0243199378382384,0.19935415572634638
2.0468617931253186,0.681710627456862,2.1321029081729197,0.19935415572634638
2.0468617931253186,0.681710627456862,2.103001231998961,0.19935415572634638
2.0468617931253186,0.681710627456862,2.2100084327196763,0.19935415572634638
2.1205901279964823,0.681710627456862,2.03102233429536,0.19935415572634638
2.289919682490009,0.681710627456862,2.0001231060735116,0.19935415572634638
2.289919682490009,0.681710627456862,1.9986415532165793,0.19935415572634638
2.289919682490009,0.681710627456862,2.1906986888533138,0.19935415572634638
2.289919682490009,0.681710627456862,1.9322076647303565,0.19935415572634638
2.289919682490009,0.681710627456862,2.176583223831623,0.19935415572634638
2.289919682490009,0.681710627456862,2.1247437921714365,0.19935415572634638
2.289919682490009,0.681710627456862,1.9636856600715304,0.19935415572634638
2.289919682490009,0.681710627456862,2.0408652988979807,0.19935415572634638
2.289919682490009,0.681710627456862,2.11792272480168,0.19935415572634638
2.3094327724532433,0.681710627456862,2.056726178753232,0.19935415572634638
2.3094327724532433,0.681710627456862,2.0213075070575104,0.19935415572634638
2.3094327724532433,0.681710627456862,1.8581854500461925,0.19935415572634638
2.3094327724532433,0.681710627456862,1.837880008255726,0.19935415572634638
2.3094327724532433,0.6618811272413779,2.0184377987705657,0.19935415572634638
2.288827633904914,0.6618811272413779,1.9873646834614878,0.19935415572634638
2.288827633904914,0.6618811272413779,2.2266659296037643,0.19935415572634638
2.288827633904914,0.6618811272413779,2.0839396680106157,0.19935415572634638
2.288827633904914,0.6618811272413779,1.892991962420541,0.19935415572634638
2.288827633904914,0.6618811272413779,2.009060102324457,0.19935415572634638
2.288827633904914,0.6618811272413779,2.0393334122636957,0.19935415572634638
2.288827633904914,0.6618811272413779,2.107837187240367,0.19935415572634638
2.288827633904914,0.6618811272413779,2.0209544696378026,0.19935415572634638
2.288827633904914,0.6618811272413779,2.0565260481732888,0.19935415572634638
2.2007541438005997,0.6618811272413779,2.0655841570684816,0.19935415572634638
2.2007541438005997,0.6618811272413779,2.0822365690709197,0.19935415572634638
2.2007541438005997,0.6618811272413779,1.966227302504573,0.19935415572634638
2.008387651628925,0.6618811272413779,2.111606855055218,0.19935415572634638
2.008387651628925,0.6618811272413779,2.333718191414546,0.19935415572634638
2.008387651628925,0.6618811272413779,2.5520325571707585,0.19935415572634638
2.008387651628925,0.6618811272413779,2.4715572701823656,0.19935415572634638
1.8845784416504279,0.6618811272413779,2.355810153485728,0.19935415572634638
1.8845784416504279,0.6618811272413779,2.9984887314922406,0.19935415572634638
1.8845784416504279,0.6618811272413779,2.4313275406081254,0.19935415572634638
1.8845784416504279,0.6618811272413779,2.6561829510762767,0.19935415572634638
1.8845784416504279,0.6618811272413779,2.42385238889297,0.19935415572634638
1.8253298094113009,0.6618811272413779,2.6238958407028017,0.19935415572634638
1.8253298094113009,0.6618811272413779,2.4225221408896447,0.19935415572634638
1.8253298094113009,0.6618811272413779,2.697909811809656,0.19935415572634638
1.8253298094113009,0.6618811272413779,2.2345780581120325,0.19935415572634638
1.8253298094113009,0.6618811272413779,2.512939878334195,0.19935415572634638
1.8253298094113009,0.6618811272413779,2.724248412482013,0.19935415572634638
1.8253298094113009,0.6618811272413779,2.8008412996824856,0.19935415572634638
1.8253298094113009,0.6618811272413779,2.68959743961874,0.19935415572634638
1.8253298094113009,0.6618811272413779,2.505932215160083,0.19935415572634638
1.8253298094113009,0.6618811272413779,2.491509077434037,0.19935415572634638
1.8253298094113009,0.6618811272413779,2.9095094931906025,0.19935415572634638
1.8253298094113009,0.6618811272413779,2.468796912779322,0.19935415572634638
1.8253298094113009,0.6618811272413779,2.468725664355229,0.19935415572634638
1.8253298094113009,0.6618811272413779,2.4117907221660952,0.19935415572634638
1.8253298094113009,0.6618811272413779,2.5501449579504794,0.19935415572634638
2.0046945609611564,0.6618811272413779,2.5494775061193966,0.19935415572634638
2.0599385878678165,0.6618811272413779,2.2549049809994317,0.19935415572634638
2.3975441977239367,0.6618811272413779,2.041672563839758,0.19935415572634638
2.3975441977239367,0.6618811272413779,1.8017075405326537,0.19935415572634638
2.3975441977239367,0.6618811272413779,2.0558619073611757,0.19935415572634638
2.3975441977239367,0.6406080613604425,1.9120480945698133,0.19935415572634638
2.4946477145093815,0.6406080613604425,1.8444975893005273,0.19935415572634638
2.4946477145093815,0.6406080613604425,1.979796054610631,0.19935415572634638
2.4946477145093815,0.6406080613604425,1.7095147635635088,0.19935415572634638
2.4946477145093815,0.6406080613604425,1.945512850032136,0.19935415572634638
2.4946477145093815,0.6406080613604425,2.0364149177516326,0.19935415572634638
2.4946477145093815,0.6506536833185176,1.9003508646269343,0.19935415572634638
2.4946477145093815,0.6506536833185176,1.7696102308597819,0.19935415572634638
2.4946477145093815,0.6506536833185176,2.0049105535349403,0.19935415572634638
2.4946477145093815,0.6506536833185176,1.8847319243327554,0.19935415572634638
2.4946477145093815,0.6506536833185176,1.9695141749254186,0.19935415572634638
2.4946477145093815,0.6506536833185176,2.091829962024416,0.19935415572634638
2.4946477145093815,0.6506536833185176,2.0807032043231217,0.19935415572634638
2.4946477145093815,0.6506536833185176,1.7096243438029983,0.19935415572634638
2.4946477145093815,0.6506536833185176,1.783358053244766,0.19935415572634638
2.4946477145093815,0.6506536833185176,1.9461344431951875,0.19935415572634638
2.4946477145093815,0.6506536833185176,2.085304025502788,0.19935415572634638
2.4946477145093815,0.6506536833185176,1.7675063685625736,0.19935415572634638
2.4946477145093815,0.6506536833185176,1.9661920607674768,0.19935415572634638
2.4946477145093815,0.6506536833185176,1.8120184624607232,0.19935415572634638
2.4946477145093815,0.6506536833185176,1.8935599112277182,0.19935415572634638
2.4946477145093815,0.6506536833185176,1.9211607639546822,0.19935415572634638
2.4946477145093815,0.6506536833185176,2.0251791926385505,0.19935415572634638
2.4946477145093815,0.6506536833185176,1.8512614256539446,0.19935415572634638
2.428270729111112,0.6506536833185176,2.006151164500495,0.19935415572634638
2.1358329106113154,0.6506536833185176,1.9547516331272978,0.19935415572634638
2.1358329106113154,0.6506536833185176,2.330837589389517,0.19935415572634638
2.1358329106113154,0.6506536833185176,2.2372008256120566,0.19935415572634638
2.1358329106113154,0.6506536833185176,2.0899258123659354,0.19935415572634638
2.1358329106113154,0.6506536833185176,1.972703280626905,0.19935415572634638
2.1358329106113154,0.6506536833185176,2.0586639380983764,0.19935415572634638
2.3236968796938573,0.6506536833185176,2.1135994823643633,0.19935415572634638
2.3236968796938573,0.6506536833185176,1.9703925852600546,0.19935415572634638
2.3618973692975596,0.6506536833185176,1.9706015706953595,0.19935415572634638
2.3618973692975596,0.6506536833185176,1.8714821544211604,0.19935415572634638
2.2011479326502683,0.6506536833185176,2.054875746365629,0.19935415572634638
2.034093508349099,0.6506536833185176,2.2281176927256565,0.19935415572634638
2.034093508349099,0.7265512842963936,2.2396088210496736,0.19935415572634638
2.034093508349099,0.7265512842963936,2.075867908353902,0.19935415572634638
2.034093508349099,0.7265512842963936,1.9535112614959589,0.19935415572634638
2.034093508349099,0.7265512842963936,2.1959428170172846,0.19935415572634638
2.034093508349099,0.7265512842963936,2.2903924430273506,0.19935415572634638
2.034093508349099,0.7265512842963936,2.059714364357589,0.19935415572634638
2.034093508349099,0.7265512842963936,2.220937080760991,0.19935415572634638
2.034093508349099,0.7265512842963936,2.3389785775452685,0.19935415572634638
2.034093508349099,0.7265512842963936,2.1304366614836865,0.19935415572634638
2.034093508349099,0.7265512842963936,2.2276458112239843,0.19935415572634638
2.034093508349099,0.7265512842963936,1.9621172312734174,0.19935415572634638
2.034093508349099,0.7265512842963936,2.5099336829196424,0.19935415572634638
2.034093508349099,0.7265512842963936,2.1620063773828155,0.19935415572634638
2.034093508349099,0.7265512842963936,2.02029160255857,0.19935415572634638
2.034093508349099,0.7265512842963936,1.9360965059709379,0.19935415572634638
2.034093508349099,0.7265512842963936,1.8183195665921115,0.19935415572634638
2.034093508349099,0.7265512842963936,2.0664910994980286,0.19935415572634638
2.034093508349099,0.7265512842963936,2.1938293822220243,0.19935415572634638
2.034093508349099,0.7265512842963936,2.1836001341886275,0.19935415572634638
2.059077957426292,0.7265512842963936,1.9484348854348312,0.19935415572634638
2.059077957426292,0.7265512842963936,1.9584849128837132,0.19935415572634638
2.059077957426292,0.7265512842963936,2.1309287064987004,0.19935415572634638
2.059077957426292,0.7265512842963936,2.258334963879135,0.19935415572634638
2.059077957426292,0.7265512842963936,2.33374062064272,0.19935415572634638
2.059077957426292,0.7265512842963936,2.224894963645434,0.19935415572634638
2.059077957426292,0.7265512842963936,2.2211176152915737,0.19935415572634638
2.059077957426292,0.7265512842963936,2.149189457065582,0.19935415572634638
2.059077957426292,0.7265512842963936,2.234882907064282,0.19935415572634638
2.059077957426292,0.7265512842963936,2.0332508469651143,0.19935415572634638
2.059077957426292,0.7265512842963936,2.2232156387341977,0.19935415572634638
1.7133736849815069,0.7265512842963936,2.3402452912966436,0.19935415572634638
1.7133736849815069,0.7265512842963936,2.4345712422546217,0.19935415572634638
1.7133736849815069,0.7265512842963936,2.342830261714119,0.19935415572634638
1.7133736849815069,0.7265512842963936,2.4795481631852203,0.19935415572634638
1.7133736849815069,0.7265512842963936,2.6259559022598653,0.19935415572634638
1.7133736849815069,0.7265512842963936,2.593061488810628,0.19935415572634638
1.7133736849815069,0.7265512842963936,2.604464962377334,0.19935415572634638
1.7133736849815069,0.7265512842963936,2.6713614077972037,0.19935415572634638
1.7133736849815069,0.7265512842963936,2.6596907845654196,0.19935415572634638
1.7133736849815069,0.7265512842963936,2.3230307692894465,0.19935415572634638
1.7133736849815069,0.7265512842963936,2.805506870837906,0.19935415572634638
1.7133736849815069,0.7265512842963936,2.6431079310850625,0.19935415572634638
1.7133736849815069,0.7265512842963936,2.4304167286362084,0.19935415572634638
1.7133736849815069,0.7265512842963936,2.4856579215360712,0.19935415572634638
1.7133736849815069,0.7265512842963936,2.431760655357841,0.19935415572634638
1.7133736849815069,0.7265512842963936,2.4098286007696506,0.19935415572634638
1.7133736849815069,0.7265512842963936,2.6039010374226352,0.19935415572634638
1.7133736849815069,0.7563814557809783,2.549980773013763,0.19935415572634638
1.7133736849815069,0.7563814557809783,2.6359830165381872,0.19935415572634638
1.7133736849815069,0.7563814557809783,2.486766714219304,0.19935415572634638
1.7133736849815069,0.7563814557809783,2.2087541928868513,0.19935415572634638
1.7133736849815069,0.7563814557809783,2.3947071013680516,0.19935415572634638
1.7133736849815069,0.7563814557809783,2.5725508901066534,0.19935415572634638
1.7133736849815069,0.7563814557809783,2.4452557536063266,0.19935415572634638
1.7133736849815069,0.7563814557809783,2.404787678251017,0.19935415572634638
1.7133736849815069,0.7563814557809783,2.1885610245122766,0.19935415572634638
1.8043445364138266,0.7563814557809783,2.288535072728791,0.19935415572634638
1.8043445364138266,0.7563814557809783,2.1558356970396657,0.19935415572634638
1.8043445364138266,0.7563814557809783,2.3914386849787874,0.19935415572634638
1.8043445364138266,0.7563814557809783,2.391383366882888,0.19935415572634638
1.8593554598442157,0.7563814557809783,2.0940969946508186,0.19935415572634638
1.8593554598442157,0.7563814557809783,2.3804534736027674,0.19935415572634638
1.8593554598442157,0.7563814557809783,2.356583893035432,0.19935415572634638
1.8593554598442157,0.7563814557809783,2.3682259910275656,0.19935415572634638
1.8593554598442157,0.7563814557809783,2.4059790525616145,0.19935415572634638
1.8593554598442157,0.7563814557809783,2.60658316749793,0.19935415572634638
1.8593554598442157,0.7563814557809783,1.952463608278242,0.19935415572634638
1.8593554598442157,0.7563814557809783,2.3033382146690147,0.19935415572634638
1.8593554598442157,0.7563814557809783,2.1010010599161797,0.19935415572634638
1.8593554598442157,0.7563814557809783,2.242784974112288,0.19935415572634638
1.8593554598442157,0.7563814557809783,2.2402059304899242,0.19935415572634638
1.8593554598442157,0.7563814557809783,2.3210803200394805,0.19935415572634638
1.8593554598442157,0.7563814557809783,2.1734704841982264,0.19935415572634638
1.8593554598442157,0.7563814557809783,2.04246959869412,0.19935415572634638
1.8593554598442157,0.7563814557809783,2.4501807990164868,0.19935415572634638
1.7875303289048807,0.7563814557809783,2.288295128459119,0.19935415572634638
1.7875303289048807,0.7563814557809783,2.312330436883833,0.19935415572634638
1.7875303289048807,0.7563814557809783,2.3450936081640545,0.19935415572634638
1.7875303289048807,0.7563814557809783,2.2113126269443057,0.19935415572634638
1.7875303289048807,0.7563814557809783,2.270561034646169,0.19935415572634638
1.7875303289048807,0.7563814557809783,2.2583877554914515,0.19935415572634638
1.7875303289048807,0.7563814557809783,2.4553058349984953,0.19935415572634638
1.7875303289048807,0.7563814557809783,2.389016017125544,0.19935415572634638
1.7875303289048807,0.7563814557809783,2.146913517276455,0.19935415572634638
1.7751288879926996,0.7563814557809783,2.3534527468574753,0.19935415572634638
1.7751288879926996,0.7563814557809783,2.2514354309075104,0.19935415572634638
1.8113458527673705,0.7563814557809783,2.3772847280656255,0.19935415572634638
1.8113458527673705,0.7563814557809783,2.3762012714683465,0.19935415572634638
1.8113458527673705,0.7563814557809783,2.321828024934113,0.19935415572634638
1.8113458527673705,0.7563814557809783,2.4936147948075136,0.19935415572634638
1.5037703316318374,0.7563814557809783,2.368914753095825,0.19935415572634638
1.5037703316318374,0.7563814557809783,2.5876149029553654,0.19935415572634638
1.5037703316318374,0.7563814557809783,2.7174523278519183,0.19935415572634638
1.5037703316318374,0.7563814557809783,2.8614901960393584,0.19935415572634638
1.5037703316318374,0.7563814557809783,2.921259025811466,0.19935415572634638
1.5037703316318374,0.7563814557809783,2.785924617167405,0.19935415572634638
1.6770181194856482,0.7563814557809783,2.6443734572330246,0.19935415572634638
1.6770181194856482,0.7563814557809783,2.4001430997063706,0.19935415572634638
1.6770181194856482,0.7563814557809783,2.3075774318484803,0.19935415572634638
1.6770181194856482,0.7563814557809783,2.863801368041496,0.19935415572634638
1.6770181194856482,0.7563814557809783,2.4503454860070186,0.19935415572634638
1.6770181194856482,0.7563814557809783,2.498735575519628,0.19935415572634638
1.6770181194856482,0.7563814557809783,2.5209574612898766,0.19935415572634638
1.6770181194856482,0.7563814557809783,2.4239457962462394,0.19935415572634638
1.7738721324058175,0.7563814557809783,2.343002832042218,0.19935415572634638
1.7738721324058175,0.7563814557809783,2.2625666276777374,0.19935415572634638
1.7738721324058175,0.7563814557809783,2.2819804027915596,0.19935415572634638
1.5858289226190538,0.7563814557809783,2.572413843340936,0.19935415572634638
1.818579409794162,0.7563814557809783,2.471483309621519,0.19935415572634638
1.818579409794162,0.7563814557809783,1.9484210093457874,0.19935415572634638
1.839173308480977,0.7563814557809783,2.4175305027732032,0.19935415572634638
1.839173308480977,0.7563814557809783,2.472703836235109,0.19935415572634638
1.839173308480977,0.7563814557809783,2.091967690397537,0.19935415572634638
1.839173308480977,0.7563814557809783,2.2043667222171486,0.19935415572634638
1.839173308480977,0.7563814557809783,2.1855951765812263,0.19935415572634638
1.839173308480977,0.7563814557809783,2.2814318961063957,0.19935415572634638
1.8932735403119423,0.7563814557809783,2.341659084567987,0.19935415572634638
1.8932735403119423,0.7563814557809783,2.1763269703432964,0.19935415572634638
1.8932735403119423,0.7563814557809783,2.11030919657516,0.19935415572634638
1.8932735403119423,0.7563814557809783,2.200757837368506,0.19935415572634638
1.8932735403119423,0.7563814557809783,2.1776263580526347,0.19935415572634638
1.8932735403119423,0.7563814557809783,1.979891935036344,0.19935415572634638
1.8932735403119423,0.7563814557809783,2.0856329937585083,0.19935415572634638
1.8932735403119423,0.7563814557809783,2.2574445568272874,0.19935415572634638
1.8932735403119423,0.7563814557809783,2.176071719807179,0.19935415572634638
1.8932735403119423,0.7563814557809783,1.9069699132512148,0.19935415572634638
1.8022173777277826,0.7392590793372509,2.34886608690739,0.19935415572634638
1.8022173777277826,0.7392590793372509,2.3806512057769176,0.19935415572634638
1.642490572694026,0.7392590793372509,2.48736096084282,0.19935415572634638
1.642490572694026,0.7392590793372509,2.481379633625769,0.19935415572634638
1.642490572694026,0.7392590793372509,2.60193336598137,0.19935415572634638
1.642490572694026,0.7392590793372509,2.6124153694586516,0.19935415572634638
1.642490572694026,0.7392590793372509,2.5286185783158177,0.19935415572634638
1.8280334080447447,0.7392590793372509,2.415930012682921,0.19935415572634638
1.8280334080447447,0.7392590793372509,2.475795436874467,0.19935415572634638
1.8280334080447447,0.7392590793372509,2.3395586682374234,0.19935415572634638
1.8280334080447447,0.7544587238551599,2.4264962873494422,0.19935415572634638
1.8280334080447447,0.7544587238551599,2.386017465032744,0.19935415572634638
1.8280334080447447,0.7418728229761165,2.4472535462012135,0.19935415572634638
1.8280334080447447,0.7418728229761165,2.3585543055538714,0.19935415572634638
1.8280334080447447,0.7418728229761165,2.521623933774847,0.19935415572634638
1.8280334080447447,0.7418728229761165,2.4284339505620443,0.19935415572634638
1.8280334080447447,0.7418728229761165,2.416262811007592,0.19935415572634638
1.8280334080447447,0.7418728229761165,2.3625934454726694,0.19935415572634638
1.8280334080447447,0.7418728229761165,2.3760407823980305,0.19935415572634638
1.8576785382835654,0.7418728229761165,2.2106532089389948,0.19935415572634638
1.8576785382835654,0.7418728229761165,2.1529111734541613,0.19935415572634638
1.8576785382835654,0.7418728229761165,2.3071778625181145,0.19935415572634638
1.8191681122633871,0.7418728229761165,2.250184192233023,0.19935415572634638
1.8283836508846667,0.7418728229761165,2.2287298921912497,0.19935415572634638
1.8283836508846667,0.7418728229761165,2.2300094747446852,0.19935415572634638
1.8283836508846667,0.7418728229761165,2.3683020946429174,0.19935415572634638
1.8283836508846667,0.7418728229761165,2.162602259563521,0.19935415572634638
1.8283836508846667,0.7418728229761165,2.113816528226301,0.19935415572634638
1.8283836508846667,0.7418728229761165,2.2836311205256523,0.19935415572634638
1.8283836508846667,0.7418728229761165,2.5135276653761798,0.19935415572634638
1.8283836508846667,0.7418728229761165,2.3527171110289036,0.19935415572634638
1.8283836508846667,0.7418728229761165,2.57292037396015,0.19935415572634638
1.8283836508846667,0.7418728229761165,2.445356063957143,0.19935415572634638
1.8283836508846667,0.7418728229761165,2.25177167400113,0.19935415572634638
1.8283836508846667,0.7418728229761165,2.216973618134664,0.19935415572634638
1.8283836508846667,0.7418728229761165,2.0532920737970937,0.19935415572634638
1.8283836508846667,0.7418728229761165,2.2073105794689702,0.19935415572634638
1.8283836508846667,0.7418728229761165,2.3063859126650925,0.19935415572634638
1.8283836508846667,0.7418728229761165,2.636776384266902,0.19935415572634638
1.8283836508846667,0.7418728229761165,2.2727074908588993,0.19935415572634638
1.8283836508846667,0.7418728229761165,2.8428579455989333,0.19935415572634638
1.8283836508846667,0.7418728229761165,2.176550606465136,0.19935415572634638
1.8283836508846667,0.7418728229761165,2.227801389574312,0.19935415572634638
1.8283836508846667,0.7418728229761165,2.378775469132705,0.19935415572634638
1.8283836508846667,0.7418728229761165,2.233902426508043,0.19935415572634638
1.8283836508846667,0.7418728229761165,2.1470914039266837,0.19935415572634638
1.8283836508846667,0.7418728229761165,2.3541383681839236,0.19935415572634638
1.8283836508846667,0.7418728229761165,2.320900924778902,0.19935415572634638
1.8283836508846667,0.7418728229761165,2.3178927809470937,0.19935415572634638
1.8283836508846667,0.7418728229761165,2.1142682325326385,0.19935415572634638
1.8283836508846667,0.7249320661424862,2.2828386547853845,0.19935415572634638
1.8283836508846667,0.7249320661424862,2.3441671862389297,0.19935415572634638
1.8283836508846667,0.7249320661424862,2.360377954877746,0.19935415572634638
1.8283836508846667,0.6844025385869127,2.509718731861968,0.19935415572634638
1.7882961893991323,0.6844025385869127,2.596498626154952,0.19935415572634638
1.7882961893991323,0.6844025385869127,2.59246987463522,0.19935415572634638
1.7882961893991323,0.6844025385869127,2.5104560628138186,0.19935415572634638
1.7882961893991323,0.6844025385869127,2.4955516506906346,0.19935415572634638
1.7882961893991323,0.6844025385869127,2.6159788306990106,0.19935415572634638
1.7882961893991323,0.6844025385869127,2.4651124888701483,0.19935415572634638
1.7882961893991323,0.6844025385869127,2.526242164875834,0.19935415572634638
1.9114145849623807,0.6844025385869127,2.389107410548938,0.19935415572634638
1.9114145849623807,0.6844025385869127,2.3530095179528954,0.19935415572634638
1.9114145849623807,0.6844025385869127,2.3815452160598545,0.19935415572634638
1.9114145849623807,0.6844025385869127,2.5114484243935546,0.19935415572634638
1.9114145849623807,0.6844025385869127,2.5401291251658273,0.19935415572634638
1.9114145849623807,0.6844025385869127,2.2176829080865823,0.19935415572634638
1.9114145849623807,0.6844025385869127,2.263788380378602,0.19935415572634638
1.9114145849623807,0.6844025385869127,2.250189319423552,0.19935415572634638
1.9114145849623807,0.6844025385869127,2.203494286011025,0.19935415572634638
1.9114145849623807,0.6844025385869127,2.2167813066272277,0.19935415572634638
1.9114145849623807,0.6844025385869127,2.3946857558475227,0.19935415572634638
1.9114145849623807,0.6844025385869127,2.3759316336375065,0.19935415572634638
1.6799453534418518,0.6844025385869127,2.5509226317220164,0.19935415572634638
1.6799453534418518,0.6844025385869127,2.617124566960063,0.19935415572634638
1.6799453534418518,0.6844025385869127,3.205501757864114,0.19935415572634638
1.6799453534418518,0.6844025385869127,2.8483112478964143,0.19935415572634638
1.6799453534418518,0.6844025385869127,2.5269999750822807,0.19935415572634638
1.7236658114768812,0.6844025385869127,2.2594391115104915,0.19935415572634638
1.7236658114768812,0.6844025385869127,2.531712260051037,0.19935415572634638
1.7236658114768812,0.6844025385869127,2.5765606189271604,0.19935415572634638
1.7236658114768812,0.6844025385869127,2.872402080293666,0.19935415572634638
1.8793583861017136,0.6844025385869127,2.437532726975188,0.19935415572634638
1.8793583861017136,0.6844025385869127,2.6825441859825196,0.19935415572634638
1.8793583861017136,0.6844025385869127,2.4572148392888327,0.19935415572634638
1.8793583861017136,0.6844025385869127,2.1044601466911868,0.19935415572634638
1.8793583861017136,0.6844025385869127,2.7151165753560114,0.19935415572634638
1.8793583861017136,0.6844025385869127,2.4569982378880835,0.19935415572634638
1.8793583861017136,0.6844025385869127,2.270847001188985,0.19935415572634638
1.8793583861017136,0.6844025385869127,2.467160583158457,0.19935415572634638
1.8793583861017136,0.6844025385869127,2.4447256094334096,0.19935415572634638
1.8793583861017136,0.6844025385869127,2.5714629505624327,0.19935415572634638
1.8793583861017136,0.6844025385869127,2.1544153054158093,0.19935415572634638
1.8793583861017136,0.6844025385869127,2.661272997083336,0.19935415572634638
1.8793583861017136,0.6844025385869127,2.3460844389628503,0.19935415572634638
1.8793583861017136,0.6844025385869127,2.693403350517875,0.19935415572634638
1.8793583861017136,0.6844025385869127,2.2225994431904503,0.19935415572634638
1.8793583861017136,0.6844025385869127,2.6578247705367524,0.19935415572634638
1.8793583861017136,0.6844025385869127,2.2718758549931,0.19935415572634638
1.8793583861017136,0.6844025385869127,2.6176885427197534,0.19935415572634638
1.8793583861017136,0.6844025385869127,2.6539447110163996,0.19935415572634638
1.8793583861017136,0.6844025385869127,2.4067671094243326,0.19935415572634638
1.8793583861017136,0.6844025385869127,2.389749786898016,0.19935415572634638
1.8793583861017136,0.6844025385869127,2.466908220520403,0.19935415572634638
1.7074838504939143,0.6844025385869127,2.6166123443163505,0.19935415572634638
1.7074838504939143,0.6844025385869127,2.6475800627280774,0.19935415572634638
1.9477861771618268,0.6844025385869127,2.4505161878781236,0.19935415572634638
2.1068783952229357,0.6844025385869127,2.211008055083652,0.19935415572634638
2.1068783952229357,0.6844025385869127,2.187328141763773,0.19935415572634638
2.1068783952229357,0.6844025385869127,2.1128749116606054,0.19935415572634638
2.1068783952229357,0.6844025385869127,2.0170050500835437,0.19935415572634638
2.1068783952229357,0.6844025385869127,2.0392969372565846,0.19935415572634638
2.1068783952229357,0.6844025385869127,2.3626459103816027,0.19935415572634638
2.1068783952229357,0.6844025385869127,2.276212094637824,0.19935415572634638
2.1068783952229357,0.6844025385869127,2.0791012487854865,0.19935415572634638
2.1068783952229357,0.6844025385869127,2.3176493693287448,0.19935415572634638
2.1068783952229357,0.6844025385869127,2.2076212537293545,0.19935415572634638
2.1068783952229357,0.6844025385869127,2.178312063318144,0.19935415572634638
2.1068783952229357,0.6844025385869127,2.2359704747233105,0.19935415572634638
2.1068783952229357,0.6844025385869127,2.0145289394280903,0.19935415572634638
2.0497837646053316,0.6844025385869127,2.3991792846234694,0.19935415572634638
2.0497837646053316,0.6844025385869127,2.504363647331939,0.19935415572634638
2.0497837646053316,0.6844025385869127,2.1570153311397338,0.19935415572634638
2.0497837646053316,0.6844025385869127,2.322285588144523,0.19935415572634638
2.0497837646053316,0.6844025385869127,2.2390394513388996,0.19935415572634638
2.0497837646053316,0.6844025385869127,2.1779469399181552,0.19935415572634638
2.0497837646053316,0.6844025385869127,2.323228668200611,0.19935415572634638
2.0497837646053316,0.6844025385869127,2.1821363788430377,0.19935415572634638
2.0497837646053316,0.6844025385869127,2.228610265653979,0.19935415572634638
2.0497837646053316,0.6844025385869127,2.1954880040245883,0.19935415572634638
2.0497837646053316,0.6844025385869127,2.1111384034958327,0.19935415572634638
2.0497837646053316,0.6844025385869127,2.4662715328952145,0.19935415572634638
2.0497837646053316,0.6844025385869127,2.2670255851024934,0.19935415572634638
2.0497837646053316,0.6844025385869127,2.140569261241055,0.19935415572634638
2.0497837646053316,0.6844025385869127,1.9507847546866375,0.19935415572634638
2.0497837646053316,0.6844025385869127,2.226621717170127,0.19935415572634638
2.0497837646053316,0.6844025385869127,2.3027663614324605,0.19935415572634638
2.0497837646053316,0.6844025385869127,2.145142774678636,0.19935415572634638
1.8103165051319616,0.6844025385869127,2.2971242932323146,0.19935415572634638
1.781933194010287,0.6844025385869127,2.463910897922585,0.19935415572634638
1.781933194010287,0.6844025385869127,2.668730989468731,0.19935415572634638
1.5610713154754172,0.6844025385869127,3.0143345262192027,0.19935415572634638
1.5610713154754172,0.6844025385869127,2.848449222656071,0.19935415572634638
1.5610713154754172,0.6844025385869127,3.1137379496803606,0.19935415572634638
1.5610713154754172,0.6844025385869127,3.117671147348579,0.19935415572634638
1.5610713154754172,0.6844025385869127,3.3527041141188807,0.19935415572634638
1.5610713154754172,0.7590084233671781,2.5421329156421404,0.19935415572634638
1.5783157027547428,0.7590084233671781,2.5516160653060305,0.19935415572634638
1.5783157027547428,0.7567976945839995,2.4179173277053776,0.19935415572634638
1.5783157027547428,0.7131395856696915,2.549255509435744,0.19935415572634638
1.5783157027547428,0.7131395856696915,2.5799961532945077,0.19935415572634638
1.5783157027547428,0.7131395856696915,2.7621743684821043,0.19935415572634638
1.5783157027547428,0.7131395856696915,3.0480752522896375,0.19935415572634638
1.5783157027547428,0.7131395856696915,2.7026188582454114,0.19935415572634638
1.5783157027547428,0.7131395856696915,2.787970503131957,0.19935415572634638
1.6174091448358168,0.7131395856696915,2.814175626846682,0.19935415572634638
1.6174091448358168,0.7131395856696915,2.9194010497188567,0.19935415572634638
1.6174091448358168,0.7131395856696915,3.121012382237946,0.19935415572634638
1.6174091448358168,0.7131395856696915,2.584498868734775,0.19935415572634638
1.6174091448358168,0.7131395856696915,2.72771962806772,0.19935415572634638
1.815061225836422,0.7131395856696915,2.563509697061324,0.19935415572634638
1.815061225836422,0.7131395856696915,2.41366438161794,0.19935415572634638
1.815061225836422,0.7131395856696915,2.751638508695261,0.19935415572634638
1.815061225836422,0.7131395856696915,2.320449074734162,0.19935415572634638
1.815061225836422,0.7131395856696915,2.375339659444534,0.19935415572634638
1.815061225836422,0.7131395856696915,2.255206116124462,0.19935415572634638
1.815061225836422,0.7131395856696915,2.3364053538568075,0.19935415572634638
1.815061225836422,0.7131395856696915,2.4874972272881823,0.19935415572634638
1.815061225836422,0.7131395856696915,2.3730465931092573,0.19935415572634638
1.815061225836422,0.7131395856696915,2.3169197215871256,0.19935415572634638
1.815061225836422,0.7131395856696915,2.330803741210332,0.19935415572634638
1.815061225836422,0.7131395856696915,2.523233391371518,0.19935415572634638
1.815061225836422,0.7327945446113784,2.268023839741944,0.19935415572634638
1.815061225836422,0.7327945446113784,2.4332969380565457,0.19935415572634638
1.815061225836422,0.7327945446113784,2.9480628045830435,0.19935415572634638
1.815061225836422,0.7327945446113784,2.3364791449585103,0.19935415572634638
1.815061225836422,0.7327945446113784,2.1922667180384274,0.19935415572634638
1.815061225836422,0.7123231700354683,2.4306315570091597,0.19935415572634638
1.815061225836422,0.7123231700354683,2.4561141239965973,0.19935415572634638
1.815061225836422,0.7123231700354683,2.55913153273043,0.19935415572634638
1.815061225836422,0.7123231700354683,2.4689727278343843,0.19935415572634638
1.815061225836422,0.7123231700354683,2.5655020076565864,0.19935415572634638
1.815061225836422,0.7123231700354683,2.442976931480766,0.19935415572634638
1.815061225836422,0.7123231700354683,2.284303374553462,0.19935415572634638
1.815061225836422,0.7123231700354683,2.6168824048852093,0.19935415572634638
1.815061225836422,0.7123231700354683,2.2631607615403193,0.19935415572634638
1.815061225836422,0.7123231700354683,2.4992407450436778,0.19935415572634638
1.815061225836422,0.7123231700354683,2.618802578771372,0.19935415572634638
1.7931131279167773,0.7123231700354683,2.6075015486579978,0.19935415572634638
1.7931131279167773,0.7123231700354683,2.3086392280589356,0.19935415572634638
1.7931131279167773,0.7123231700354683,2.5687601740745074,0.19935415572634638
1.7931131279167773,0.7123231700354683,2.5668754926866737,0.19935415572634638
1.7931131279167773,0.7123231700354683,2.5270325129873688,0.19935415572634638
1.7931131279167773,0.7123231700354683,2.7247661344048026,0.19935415572634638
1.7931131279167773,0.7123231700354683,2.2951262762550177,0.19935415572634638
1.7931131279167773,0.7123231700354683,2.078504840164815,0.19935415572634638
1.7931131279167773,0.7123231700354683,2.5611364357934896,0.19935415572634638
1.7564086606671396,0.7123231700354683,2.373324771870882,0.19935415572634638
1.7564086606671396,0.7123231700354683,2.515881698589337,0.19935415572634638
1.7564086606671396,0.7123231700354683,2.3969400959090694,0.19935415572634638
1.7564086606671396,0.7123231700354683,2.500540852476555,0.19935415572634638
1.7564086606671396,0.7123231700354683,2.292770963916667,0.19935415572634638
1.7564086606671396,0.7123231700354683,2.5571355410027596,0.19935415572634638
1.7564086606671396,0.7123231700354683,2.5951262553810492,0.19935415572634638
1.7564086606671396,0.7123231700354683,2.4813622149172834,0.19935415572634638
1.7564086606671396,0.7123231700354683,2.4861076261632213,0.19935415572634638
1.7564086606671396,0.7123231700354683,2.5469585533731864,0.19935415572634638
1.7564086606671396,0.7123231700354683,2.84829028274283,0.19935415572634638
1.7564086606671396,0.7123231700354683,2.6628919539271783,0.19935415572634638
1.7564086606671396,0.7123231700354683,2.664093896350154,0.19935415572634638
1.7564086606671396,0.7123231700354683,2.3030806737224596,0.19935415572634638
1.796273519688341,0.7123231700354683,2.2349785409661385,0.19935415572634638
1.796273519688341,0.7123231700354683,2.595151290424226,0.19935415572634638
1.796273519688341,0.7123231700354683,2.82358138092653,0.19935415572634638
1.796273519688341,0.7123231700354683,2.4852038791912183,0.19935415572634638
1.796273519688341,0.7123231700354683,2.3944460926777507,0.19935415572634638
1.796273519688341,0.7123231700354683,2.664132212278945,0.19935415572634638
1.796273519688341,0.7123231700354683,2.4092438780138568,0.19935415572634638
1.796273519688341,0.7123231700354683,3.001835927956337,0.19935415572634638
1.656638880498079,0.7123231700354683,2.5487498932208337,0.19935415572634638
1.656638880498079,0.7123231700354683,2.6245616982188693,0.19935415572634638
1.656638880498079,0.7123231700354683,2.130709489240876,0.19935415572634638
1.8156991493150818,0.7123231700354683,2.466501688245219,0.19935415572634638
1.8156991493150818,0.7123231700354683,2.298777366607018,0.19935415572634638
1.8156991493150818,0.7123231700354683,2.565771593143075,0.19935415572634638
1.8156991493150818,0.7123231700354683,2.4918393768867824,0.19935415572634638
1.8156991493150818,0.7123231700354683,2.2295228266148017,0.19935415572634638
1.8156991493150818,0.7123231700354683,2.647579687079854,0.19935415572634638
1.8156991493150818,0.7123231700354683,2.0939248853550376,0.19935415572634638
1.8156991493150818,0.7123231700354683,2.5948572037721007,0.19935415572634638
1.8156991493150818,0.7123231700354683,2.1898286841078622,0.19935415572634638
1.8156991493150818,0.7123231700354683,2.491957493874878,0.19935415572634638
1.8156991493150818,0.7123231700354683,2.0805206735343496,0.19935415572634638
1.8156991493150818,0.7123231700354683,2.5955926734660686,0.19935415572634638
1.8156991493150818,0.6793689821700574,2.4808670043513357,0.19935415572634638
1.8156991493150818,0.6793689821700574,2.2828489118041215,0.19935415572634638
1.8156991493150818,0.6793689821700574,2.50726439607956,0.19935415572634638
1.8156991493150818,0.6793689821700574,2.5615251173305524,0.19935415572634638
1.8156991493150818,0.6793689821700574,2.7453777887648516,0.19935415572634638
1.8156991493150818,0.6793689821700574,2.5216852719764913,0.19935415572634638
1.8156991493150818,0.6793689821700574,2.6741063808586887,0.19935415572634638
1.8156991493150818,0.6793689821700574,2.4309253319645756,0.19935415572634638
1.8156991493150818,0.6793689821700574,2.5765139625937152,0.19935415572634638
1.923208483229411,0.6793689821700574,2.335070561405916,0.19935415572634638
1.923208483229411,0.6793689821700574,2.2132547562243774,0.19935415572634638
1.923208483229411,0.6793689821700574,2.3579685258991496,0.19935415572634638
1.923208483229411,0.6793689821700574,2.3778254655336,0.19935415572634638
1.923208483229411,0.6793689821700574,2.3429101130694723,0.19935415572634638
1.923208483229411,0.6793689821700574,2.224592222524946,0.19935415572634638
1.923208483229411,0.6793689821700574,2.4624773270119884,0.19935415572634638
1.923208483229411,0.6793689821700574,2.317686277061257,0.19935415572634638
1.923208483229411,0.6793689821700574,2.222688614790692,0.19935415572634638
1.923208483229411,0.6793689821700574,2.046079847669502,0.19935415572634638
1.923208483229411,0.6793689821700574,2.423922553447578,0.19935415572634638
1.923208483229411,0.6793689821700574,2.584753672484423,0.19935415572634638
1.923208483229411,0.6793689821700574,2.3686983030873523,0.19935415572634638
1.923208483229411,0.6793689821700574,2.2914576132978333,0.19935415572634638
1.923208483229411,0.6793689821700574,2.363739480284892,0.19935415572634638
1.923208483229411,0.6793689821700574,2.30485681668675,0.19935415572634638
1.923208483229411,0.6793689821700574,2.524763154445634,0.19935415572634638
1.923208483229411,0.6793689821700574,2.441783485444472,0.19935415572634638
1.923208483229411,0.6793689821700574,2.302189629943853,0.19935415572634638
1.923208483229411,0.6793689821700574,2.251330010628198,0.19935415572634638
1.923208483229411,0.6793689821700574,2.2700337537460737,0.19935415572634638
1.923208483229411,0.6793689821700574,2.3157349414658137,0.19935415572634638
1.923208483229411,0.6793689821700574,2.3131157330219585,0.19935415572634638
1.923208483229411,0.6793689821700574,2.3569169551156848,0.19935415572634638
1.923208483229411,0.6793689821700574,2.479800555776366,0.19935415572634638
1.923208483229411,0.6793689821700574,2.3473111398892597,0.19935415572634638
1.923208483229411,0.6793689821700574,2.4569491044432317,0.19935415572634638
1.923208483229411,0.6793689821700574,2.395210482350832,0.19935415572634638
1.923208483229411,0.6793689821700574,2.4005772412798874,0.19935415572634638
1.923208483229411,0.6793689821700574,2.037726810554325,0.19935415572634638
1.923208483229411,0.6793689821700574,2.5254900023234113,0.19935415572634638
1.923208483229411,0.6793689821700574,2.1230908425000594,0.19935415572634638
1.923208483229411,0.6793689821700574,2.533492839788428,0.19935415572634638
1.923208483229411,0.6793689821700574,2.2547176939519673,0.19935415572634638
1.923208483229411,0.6793689821700574,2.190655615423453,0.19935415572634638
1.923208483229411,0.6793689821700574,2.2712467432254235,0.19935415572634638
1.923208483229411,0.6793689821700574,2.2310173823525274,0.19935415572634638
1.923208483229411,0.6793689821700574,2.3641110532633625,0.19935415572634638
1.923208483229411,0.6793689821700574,2.3568249269728607,0.19935415572634638
1.923208483229411,0.6793689821700574,2.846644920693692,0.19935415572634638
1.923208483229411,0.6793689821700574,2.521150760187816,0.19935415572634638
1.923208483229411,0.6793689821700574,2.4534597355801684,0.19935415572634638
1.923208483229411,0.6793689821700574,2.337372547462863,0.19935415572634638
1.923208483229411,0.6793689821700574,2.2929775757806903,0.19935415572634638
1.923208483229411,0.6793689821700574,2.7627049800163928,0.19935415572634638
1.923208483229411,0.6793689821700574,2.203567727110526,0.19935415572634638
1.988310371389872,0.6793689821700574,2.46116384600443,0.19935415572634638
1.988310371389872,0.6793689821700574,2.2312193524972286,0.19935415572634638
1.988310371389872,0.6793689821700574,2.1458460853546217,0.19935415572634638
1.988310371389872,0.6793689821700574,2.4426054777868544,0.19935415572634638
1.988310371389872,0.6793689821700574,2.175449528775092,0.19935415572634638
1.988310371389872,0.6793689821700574,2.5647381223156995,0.19935415572634638
1.989651668271494,0.6793689821700574,2.380727055235793,0.19935415572634638
1.8915407741442052,0.6793689821700574,2.4487009035177705,0.19935415572634638
1.8915407741442052,0.6793689821700574,2.4373657247875538,0.19935415572634638
1.8915407741442052,0.6793689821700574,2.71619679420392,0.19935415572634638
1.8915407741442052,0.6793689821700574,2.2831617742259223,0.19935415572634638
1.8915407741442052,0.6793689821700574,2.5728062445927495,0.19935415572634638
1.8915407741442052,0.6793689821700574,2.3563166017175146,0.19935415572634638
1.8915407741442052,0.6793689821700574,2.944047507018181,0.19935415572634638
1.8915407741442052,0.6793689821700574,2.5502108482630863,0.19935415572634638
1.8915407741442052,0.6793689821700574,2.3829471926691514,0.19935415572634638
1.9787973250306705,0.6793689821700574,2.3859858708120867,0.19935415572634638
1.9787973250306705,0.6793689821700574,2.4505124713495614,0.19935415572634638
1.9787973250306705,0.688412676886831,2.1096875935846593,0.19935415572634638
1.9787973250306705,0.688412676886831,2.2878613517430426,0.19935415572634638
2.023516630248323,0.688412676886831,2.060930115590022,0.19935415572634638
2.023516630248323,0.688412676886831,2.193662115731033,0.19935415572634638
2.023516630248323,0.688412676886831,2.4434950267457975,0.19935415572634638
2.023516630248323,0.688412676886831,2.344728484388414,0.19935415572634638
2.023516630248323,0.688412676886831,2.1125429267240063,0.19935415572634638
2.023516630248323,0.688412676886831,2.349822138631082,0.19935415572634638
2.023516630248323,0.688412676886831,2.4457817058903246,0.19935415572634638
2.023516630248323,0.688412676886831,2.0067581510081687,0.19935415572634638
2.023516630248323,0.688412676886831,2.205691197451265,0.19935415572634638
2.075242245023488,0.688412676886831,2.063858527641871,0.19935415572634638
1.8881667385897953,0.688412676886831,2.205760982821503,0.19935415572634638
1.8355447947511805,0.688412676886831,2.469796207300447,0.19935415572634638
1.8355447947511805,0.688412676886831,2.6820554236210596,0.19935415572634638
1.96848649858784,0.688412676886831,2.3542621258062213,0.19935415572634638
1.96848649858784,0.688412676886831,2.3873542337297566,0.19935415572634638
1.96848649858784,0.688412676886831,2.3926958676106858,0.19935415572634638
1.96848649858784,0.688412676886831,2.5196326119782366,0.19935415572634638
2.10380662648334,0.688412676886831,2.0145404711485333,0.19935415572634638
2.10380662648334,0.688412676886831,1.9599438525282618,0.19935415572634638
2.10380662648334,0.688412676886831,2.0745448461647458,0.19935415572634638
2.10380662648334,0.688412676886831,2.399992720347623,0.19935415572634638
2.10380662648334,0.688412676886831,2.0470951038251246,0.19935415572634638
2.10380662648334,0.688412676886831,1.9347331615350425,0.19935415572634638
2.10380662648334,0.688412676886831,2.144329462175908,0.19935415572634638
1.9958341294261341,0.688412676886831,2.1523963627817038,0.19935415572634638
1.9958341294261341,0.688412676886831,2.064593598892199,0.19935415572634638
1.9958341294261341,0.688412676886831,2.0111127600000325,0.19935415572634638
1.9958341294261341,0.688412676886831,2.4744405491494987,0.19935415572634638
1.9958341294261341,0.688412676886831,2.196519614088324,0.19935415572634638
1.9958341294261341,0.688412676886831,2.0174782291848876,0.19935415572634638
1.9958341294261341,0.688412676886831,2.2863789218756017,0.19935415572634638
1.9958341294261341,0.688412676886831,2.1882551817112623,0.19935415572634638
1.9958341294261341,0.688412676886831,2.3372914651016825,0.19935415572634638
1.9958341294261341,0.688412676886831,2.3084438026264813,0.19935415572634638
1.9958341294261341,0.688412676886831,2.0031154797497517,0.19935415572634638
1.9958341294261341,0.688412676886831,2.106525375601348,0.19935415572634638
1.9958341294261341,0.688412676886831,2.1605219040140584,0.19935415572634638
1.9958341294261341,0.688412676886831,2.0868375192812127,0.19935415572634638
2.031671285164503,0.688412676886831,2.2731984152497393,0.19935415572634638
2.031671285164503,0.688412676886831,2.306332583965443,0.19935415572634638
2.031671285164503,0.688412676886831,2.3219989853825846,0.19935415572634638
2.031671285164503,0.688412676886831,2.1561172755906326,0.19935415572634638
2.031671285164503,0.688412676886831,2.029955142011654,0.19935415572634638
2.031671285164503,0.688412676886831,2.2962064579201464,0.19935415572634638
2.031671285164503,0.688412676886831,2.1121016119135483,0.19935415572634638
2.031671285164503,0.688412676886831,2.048181302033105,0.19935415572634638
2.031671285164503,0.688412676886831,1.8360767943369531,0.19935415572634638
2.031671285164503,0.688412676886831,2.1217486781878443,0.19935415572634638
2.031671285164503,0.688412676886831,2.178165985746422,0.19935415572634638
2.031671285164503,0.688412676886831,2.264866121510115,0.19935415572634638
2.031671285164503,0.688412676886831,2.311620449576098,0.19935415572634638
2.031671285164503,0.688412676886831,2.362525115715279,0.19935415572634638
2.031671285164503,0.688412676886831,2.0879843204731885,0.19935415572634638
1.9906705346112945,0.688412676886831,2.262699321220667,0.19935415572634638
1.9906705346112945,0.688412676886831,2.3458041527344418,0.19935415572634638
1.9906705346112945,0.688412676886831,2.1578888123816684,0.19935415572634638
1.9906705346112945,0.688412676886831,2.3793521911146223,0.19935415572634638
1.8255562419159481,0.6760167628262163,2.4720824667319,0.19935415572634638
1.8255562419159481,0.6760167628262163,2.433306214536528,0.19935415572634638
1.8255562419159481,0.6760167628262163,2.604779443480628,0.19935415572634638
1.8255562419159481,0.6760167628262163,2.352019784270197,0.19935415572634638
1.8255562419159481,0.6760167628262163,2.47038105356126,0.19935415572634638
1.8255562419159481,0.6760167628262163,2.7357247325186647,0.19935415572634638
1.724438228108751,0.6760167628262163,2.539087394323653,0.19935415572634638
1.724438228108751,0.6760167628262163,2.730838217191168,0.19935415572634638
1.682057969780855,0.6760167628262163,2.7642050286594673,0.19935415572634638
1.682057969780855,0.6760167628262163,2.5623461707238135,0.19935415572634638
1.682057969780855,0.6760167628262163,2.747113140988446,0.19935415572634638
1.682057969780855,0.6760167628262163,2.412921732777166,0.19935415572634638
1.682057969780855,0.6760167628262163,2.7431203984291543,0.19935415572634638
1.682057969780855,0.6760167628262163,2.8445559652665486,0.19935415572634638
1.682057969780855,0.6760167628262163,2.610534589873167,0.19935415572634638
1.682057969780855,0.6760167628262163,2.524354181743366,0.19935415572634638
1.682057969780855,0.6760167628262163,2.7493089536946687,0.19935415572634638
1.682057969780855,0.6760167628262163,2.779042560045255,0.19935415572634638
1.682057969780855,0.6760167628262163,2.8419397624554756,0.19935415572634638
1.682057969780855,0.6760167628262163,2.969031967108964,0.19935415572634638
1.682057969780855,0.6760167628262163,3.0144319853306136,0.19935415572634638
1.682057969780855,0.6760167628262163,2.775169826869958,0.19935415572634638
1.682057969780855,0.6760167628262163,2.6411627618018523,0.19935415572634638
1.682057969780855,0.7524674780046768,2.62514651338272,0.19935415572634638
1.682057969780855,0.7524674780046768,2.63248530102339,0.19935415572634638
1.682057969780855,0.7524674780046768,2.625487092200763,0.19935415572634638
1.682057969780855,0.7524674780046768,2.6441876598526357,0.19935415572634638
1.682057969780855,0.7524674780046768,2.382539298207957,0.19935415572634638
1.682057969780855,0.7524674780046768,2.280368830233297,0.19935415572634638
1.682057969780855,0.7524674780046768,2.5017825598741075,0.19935415572634638
1.682057969780855,0.7524674780046768,2.5284158453237744,0.19935415572634638
1.682057969780855,0.7524674780046768,2.6449475776871187,0.19935415572634638
1.682057969780855,0.7524674780046768,2.333421548693564,0.19935415572634638
1.6085859040659676,0.7524674780046768,2.4474112189454806,0.19935415572634638
1.6085859040659676,0.7524674780046768,2.7826569609047076,0.19935415572634638
1.6085859040659676,0.7524674780046768,2.8166055106400023,0.19935415572634638
1.6085859040659676,0.7524674780046768,2.7265098871310287,0.19935415572634638
1.6085859040659676,0.7524674780046768,2.5565062446104303,0.19935415572634638
1.6085859040659676,0.7524674780046768,2.8011437505093966,0.19935415572634638
1.6085859040659676,0.7524674780046768,2.6484695331711023,0.19935415572634638
1.6085859040659676,0.7524674780046768,2.369088086475068,0.19935415572634638
1.6085859040659676,0.7524674780046768,2.6811303110600315,0.19935415572634638
1.6085859040659676,0.7524674780046768,2.302282154284918,0.19935415572634638
1.7525998611376457,0.7524674780046768,2.5519114346306244,0.19935415572634638
1.7525998611376457,0.7524674780046768,2.8007323234108448,0.19935415572634638
1.7525998611376457,0.7524674780046768,2.213383850932993,0.19935415572634638
1.7525998611376457,0.7524674780046768,2.4373956103516656,0.19935415572634638
1.7525998611376457,0.7524674780046768,2.234680840491832,0.19935415572634638
1.7525998611376457,0.7524674780046768,2.4776631105841114,0.19935415572634638
1.7525998611376457,0.7431808109267646,2.5013346981504307,0.19935415572634638
1.7525998611376457,0.7431808109267646,2.526938606241825,0.19935415572634638
1.7525998611376457,0.7431808109267646,2.4909226791570918,0.19935415572634638
1.7525998611376457,0.7431808109267646,2.4052913893591397,0.19935415572634638
1.7525998611376457,0.6992406372956782,2.216284287558246,0.19935415572634638
1.7525998611376457,0.6992406372956782,2.407967751590964,0.19935415572634638
1.7525998611376457,0.6992406372956782,2.5335774054894076,0.19935415572634638
1.7525998611376457,0.6992406372956782,2.5080275953626625,0.19935415572634638
1.7525998611376457,0.6992406372956782,2.646935856013003,0.19935415572634638
1.7525998611376457,0.6992406372956782,2.421099362205696,0.19935415572634638
1.7525998611376457,0.6992406372956782,2.737617059425388,0.19935415572634638
1.7525998611376457,0.6992406372956782,2.622918826179538,0.19935415572634638
1.7525998611376457,0.6992406372956782,2.2507607763107256,0.19935415572634638
1.7525998611376457,0.6992406372956782,2.70074113655795,0.19935415572634638
1.8825409474848414,0.6992406372956782,2.074244615211175,0.19935415572634638
1.8825409474848414,0.6992406372956782,2.4112720000402157,0.19935415572634638
1.8825409474848414,0.6992406372956782,2.1865239568822346,0.19935415572634638
1.8825409474848414,0.6992406372956782,2.2079997396078164,0.19935415572634638
1.8825409474848414,0.6992406372956782,2.125865646130528,0.19935415572634638
1.8825409474848414,0.6992406372956782,2.308082888705338,0.19935415572634638
1.9532290354951236,0.6992406372956782,2.3176064800025675,0.19935415572634638
1.9532290354951236,0.6992406372956782,2.02533310172971,0.19935415572634638
1.9532290354951236,0.6992406372956782,2.4001314853942333,0.19935415572634638
1.9532290354951236,0.6992406372956782,2.317788395196439,0.19935415572634638
1.9532290354951236,0.6992406372956782,2.1747096699962096,0.19935415572634638
1.9532290354951236,0.6992406372956782,2.423407978909115,0.19935415572634638
1.9532290354951236,0.6992406372956782,2.2983300462608756,0.19935415572634638
1.9532290354951236,0.6992406372956782,2.35248080428478,0.19935415572634638
1.9532290354951236,0.6992406372956782,2.1663145350196267,0.19935415572634638
1.9532290354951236,0.6992406372956782,2.4746135159399865,0.19935415572634638
1.9532290354951236,0.6992406372956782,2.1857576740843867,0.19935415572634638
1.9532290354951236,0.6992406372956782,2.2889063183044174,0.19935415572634638
1.9532290354951236,0.6992406372956782,2.217609489135159,0.19935415572634638
1.9532290354951236,0.6992406372956782,2.205060612456803,0.19935415572634638
1.9532290354951236,0.6992406372956782,2.2597910361254696,0.19935415572634638
1.9532290354951236,0.6992406372956782,2.3690099720261606,0.19935415572634638
1.9532290354951236,0.6992406372956782,2.3786214683958833,0.19935415572634638
1.9532290354951236,0.6992406372956782,2.511414616321782,0.19935415572634638
1.9532290354951236,0.6992406372956782,2.2226662926113834,0.19935415572634638
1.9532290354951236,0.6892154445771175,2.2012654915769185,0.19935415572634638
1.9532290354951236,0.6892154445771175,2.498519654233053,0.19935415572634638
1.9532290354951236,0.6892154445771175,2.2739739728157007,0.19935415572634638
1.9532290354951236,0.6892154445771175,2.233346275852823,0.19935415572634638
1.9532290354951236,0.6892154445771175,2.4128802001411516,0.19935415572634638
1.9532290354951236,0.6892154445771175,2.333263321184787,0.19935415572634638
1.9532290354951236,0.6892154445771175,2.2313554847742663,0.19935415572634638
1.9532290354951236,0.6892154445771175,2.3712243765913668,0.19935415572634638
1.9532290354951236,0.6892154445771175,2.1020692310831746,0.19935415572634638
1.9532290354951236,0.6892154445771175,2.301856498480623,0.19935415572634638
1.9532290354951236,0.6892154445771175,2.512053049999708,0.19935415572634638
1.9666713685623651,0.6892154445771175,2.217606995729127,0.19935415572634638
1.9666713685623651,0.6892154445771175,2.513182940118615,0.19935415572634638
1.9666713685623651,0.6892154445771175,2.1787115349120065,0.19935415572634638
1.9666713685623651,0.6892154445771175,2.3182866209698854,0.19935415572634638
1.9666713685623651,0.6892154445771175,2.2286124403670713,0.19935415572634638
1.9666713685623651,0.6892154445771175,2.4109949936256694,0.19935415572634638
1.9666713685623651,0.6892154445771175,2.277194011159248,0.19935415572634638
1.9666713685623651,0.6892154445771175,2.3942845233259114,0.19935415572634638
1.9666713685623651,0.6892154445771175,2.3464524681991037,0.19935415572634638
1.648994523764673,0.6892154445771175,2.5232015822407106,0.19935415572634638
1.648994523764673,0.6892154445771175,2.559784019436617,0.19935415572634638
1.648994523764673,0.7527995484086913,2.833425428131751,0.19935415572634638
2.0621893746847286,0.7527995484086913,2.02696231131259,0.19935415572634638
2.0621893746847286,0.7527995484086913,1.9369317141962472,0.19935415572634638
2.0621893746847286,0.7527995484086913,1.844544366634894,0.19935415572634638
2.0621893746847286,0.7527995484086913,2.0761132028533957,0.19935415572634638
2.0621893746847286,0.7527995484086913,2.3035149039493157,0.19935415572634638
2.0621893746847286,0.7527995484086913,2.0076999393478054,0.19935415572634638
2.0621893746847286,0.7527995484086913,1.8870072699781935,0.19935415572634638
2.0621893746847286,0.7057198535344085,1.9751156659596547,0.19935415572634638
2.0621893746847286,0.7057198535344085,1.9932451117367187,0.19935415572634638
2.0621893746847286,0.7057198535344085,2.38579973678612,0.19935415572634638
2.0621893746847286,0.7057198535344085,2.3618159981250426,0.19935415572634638
2.2042953044337947,0.7057198535344085,2.06669121070005,0.19935415572634638
2.2042953044337947,0.7057198535344085,1.9121781553700556,0.19935415572634638
2.2042953044337947,0.7057198535344085,2.0387090760907975,0.19935415572634638
2.2042953044337947,0.7363248381930978,1.9936899363680696,0.19935415572634638
2.2042953044337947,0.7363248381930978,2.0979780164843893,0.19935415572634638
2.2042953044337947,0.7363248381930978,1.9912096368478232,0.19935415572634638
2.2042953044337947,0.7363248381930978,2.147577271455232,0.19935415572634638
2.2042953044337947,0.7363248381930978,1.7639935699265266,0.19935415572634638
2.2042953044337947,0.7363248381930978,1.8876183818659518,0.19935415572634638
2.2042953044337947,0.6817848353472813,2.110810873233909,0.19935415572634638
2.2042953044337947,0.6817848353472813,2.017522347215141,0.19935415572634638
2.2042953044337947,0.6727973849362606,2.025557779575608,0.19935415572634638
2.2042953044337947,0.6727973849362606,1.935020246690584,0.19935415572634638
2.2042953044337947,0.6727973849362606,2.268375307667063,0.19935415572634638
2.2042953044337947,0.6727973849362606,2.2665534457551595,0.19935415572634638
2.2042953044337947,0.6727973849362606,1.942847811056574,0.19935415572634638
2.2042953044337947,0.6727973849362606,2.2122476680700793,0.19935415572634638
2.2042953044337947,0.6727973849362606,2.0819483374072765,0.19935415572634638
2.2042953044337947,0.6727973849362606,2.2311106576960955,0.19935415572634638
1.8667215073733567,0.6727973849362606,2.188974762040324,0.19935415572634638
1.8667215073733567,0.6727973849362606,2.3460865608965435,0.19935415572634638
1.9016742894054846,0.6727973849362606,2.563894003074918,0.19935415572634638
1.9016742894054846,0.6727973849362606,2.2990532760075006,0.19935415572634638
1.9016742894054846,0.6727973849362606,2.4072561078299444,0.19935415572634638
1.9016742894054846,0.6727973849362606,2.1285210919021558,0.19935415572634638
1.9016742894054846,0.6727973849362606,2.43914000124923,0.19935415572634638
1.9016742894054846,0.6727973849362606,2.6138241850183963,0.19935415572634638
1.9016742894054846,0.6727973849362606,2.595828380708185,0.19935415572634638
1.9016742894054846,0.6727973849362606,2.442527936908052,0.19935415572634638
1.9016742894054846,0.6727973849362606,2.687003838438377,0.19935415572634638
1.9016742894054846,0.6727973849362606,2.514420538614359,0.19935415572634638
1.9016742894054846,0.6727973849362606,2.3363924874893467,0.19935415572634638
1.9016742894054846,0.6727973849362606,2.4384117927782922,0.19935415572634638
1.9016742894054846,0.6727973849362606,2.514425356690234,0.19935415572634638
1.9016742894054846,0.6727973849362606,2.279167869054417,0.19935415572634638
1.9016742894054846,0.6727973849362606,2.42294348754938,0.19935415572634638
1.9016742894054846,0.6727973849362606,2.503576439270758,0.19935415572634638
1.9016742894054846,0.6727973849362606,2.641780720814379,0.19935415572634638
1.9016742894054846,0.6727973849362606,2.3690242895030957,0.19935415572634638
1.9016742894054846,0.6727973849362606,2.6604187482837616,0.19935415572634638
1.9016742894054846,0.6727973849362606,2.308774347015307,0.19935415572634638
1.9016742894054846,0.6727973849362606,2.2808716312979858,0.19935415572634638
1.9016742894054846,0.7298163211326641,2.359877567702266,0.19935415572634638
1.9016742894054846,0.7298163211326641,2.0615666175697562,0.19935415572634638
1.9016742894054846,0.7298163211326641,2.2564787148438756,0.19935415572634638
1.9016742894054846,0.7298163211326641,1.9518449633867605,0.19935415572634638
1.9016742894054846,0.7298163211326641,2.3082082835294133,0.19935415572634638
1.9016742894054846,0.7298163211326641,2.58022601503145,0.19935415572634638
1.9016742894054846,0.7298163211326641,2.150939231041603,0.19935415572634638
1.9016742894054846,0.7298163211326641,2.3148379702859434,0.19935415572634638
1.9016742894054846,0.7298163211326641,2.4169417331802885,0.19935415572634638
1.9016742894054846,0.7002663100992463,2.2536077555555005,0.19935415572634638
1.9016742894054846,0.7002663100992463,2.2495554861078677,0.19935415572634638
1.9194026301522649,0.7002663100992463,2.427136406509662,0.19935415572634638
1.9194026301522649,0.7002663100992463,2.3347305202179998,0.19935415572634638
1.9194026301522649,0.7002663100992463,2.4773807670667525,0.19935415572634638
1.9194026301522649,0.7002663100992463,2.242133683653613,0.19935415572634638
1.9194026301522649,0.7002663100992463,2.5965980294602025,0.19935415572634638
1.9194026301522649,0.7002663100992463,2.086471120504087,0.19935415572634638
1.9194026301522649,0.7002663100992463,2.6458019432271365,0.19935415572634638
1.9194026301522649,0.7002663100992463,2.524966203153013,0.19935415572634638
1.9194026301522649,0.7002663100992463,2.1262088315014975,0.19935415572634638
1.9194026301522649,0.7002663100992463,2.290719942034604,0.19935415572634638
1.9194026301522649,0.7002663100992463,2.402189969124334,0.19935415572634638
1.9194026301522649,0.7002663100992463,2.4944751862021683,0.19935415572634638
1.9194026301522649,0.7002663100992463,2.4403990736278645,0.19935415572634638
1.9194026301522649,0.7002663100992463,2.496947259746587,0.19935415572634638
1.9194026301522649,0.7002663100992463,2.420980289750855,0.19935415572634638
1.9194026301522649,0.7002663100992463,2.416277742470837,0.19935415572634638
1.9194026301522649,0.7002663100992463,2.2862853159336143,0.19935415572634638
1.9194026301522649,0.7002663100992463,2.260383316347543,0.19935415572634638
1.9194026301522649,0.7002663100992463,2.3175479009468694,0.19935415572634638
1.9194026301522649,0.7002663100992463,2.2000015417734966,0.19935415572634638
1.9453939243186706,0.7002663100992463,2.514695691436736,0.19935415572634638
1.9453939243186706,0.7002663100992463,2.5016455490468683,0.19935415572634638
1.9453939243186706,0.7002663100992463,2.131930542795163,0.19935415572634638
1.9453939243186706,0.7002663100992463,2.2836284445279036,0.19935415572634638
1.9453939243186706,0.7002663100992463,2.009337912226076,0.19935415572634638
1.9453939243186706,0.7002663100992463,2.658471009791932,0.19935415572634638
1.9453939243186706,0.7002663100992463,2.4031086934085173,0.19935415572634638
1.9453939243186706,0.7002663100992463,2.400876327697695,0.19935415572634638
1.9453939243186706,0.7002663100992463,2.5131896677723375,0.19935415572634638
1.9453939243186706,0.7002663100992463,1.9879559600588395,0.19935415572634638
1.9090291610814336,0.7002663100992463,2.181096006621924,0.19935415572634638
1.9090291610814336,0.7002663100992463,2.0950739326399908,0.19935415572634638
1.9090291610814336,0.7002663100992463,2.4625508964811713,0.19935415572634638
1.9090291610814336,0.7002663100992463,2.2907176297188134,0.19935415572634638
1.9090291610814336,0.7002663100992463,2.38707734662863,0.19935415572634638
1.9090291610814336,0.7002663100992463,2.3576885421231784,0.19935415572634638
1.835122928405157,0.7002663100992463,2.5018440832869917,0.19935415572634638
1.835122928405157,0.7002663100992463,2.5596930236324753,0.19935415572634638
1.835122928405157,0.7002663100992463,2.343444288519046,0.19935415572634638
1.835122928405157,0.7002663100992463,2.1713821456201337,0.19935415572634638
1.835122928405157,0.7127098111803213,2.3339207077199458,0.19935415572634638
1.835122928405157,0.7127098111803213,2.2124862470888433,0.19935415572634638
1.835122928405157,0.7127098111803213,2.4509762690656336,0.19935415572634638
1.835122928405157,0.7127098111803213,2.240906393035865,0.19935415572634638
1.864370160503767,0.7127098111803213,2.4650875579591545,0.19935415572634638
1.864370160503767,0.7127098111803213,2.3610187295666374,0.19935415572634638
1.864370160503767,0.7127098111803213,2.4511262389110087,0.19935415572634638
1.864370160503767,0.7127098111803213,2.5227960169260037,0.19935415572634638
1.864370160503767,0.7127098111803213,2.4040424705829455,0.19935415572634638
1.864370160503767,0.7127098111803213,2.5481085112498456,0.19935415572634638
1.864370160503767,0.7127098111803213,2.255194320348511,0.19935415572634638
1.864370160503767,0.7127098111803213,2.1561368264272947,0.19935415572634638
1.864370160503767,0.7127098111803213,2.238591633852144,0.19935415572634638
1.864370160503767,0.7127098111803213,2.634826062753114,0.19935415572634638
1.864370160503767,0.7127098111803213,2.287911876938768,0.19935415572634638
1.864370160503767,0.7471423820548172,2.2173357464983003,0.19935415572634638
2.0287096510238483,0.7471423820548172,2.173376130141946,0.19935415572634638
2.0287096510238483,0.7471423820548172,2.1992090571935283,0.19935415572634638
2.0287096510238483,0.7471423820548172,2.2522164273122036,0.19935415572634638
2.0287096510238483,0.7471423820548172,2.344159541855607,0.19935415572634638
2.0287096510238483,0.7471423820548172,1.9526371532444864,0.19935415572634638
2.0287096510238483,0.7471423820548172,2.1475014367291374,0.19935415572634638
2.0287096510238483,0.7471423820548172,1.963314417824024,0.19935415572634638
2.0287096510238483,0.7471423820548172,2.0989581274763207,0.19935415572634638
2.0287096510238483,0.7578602495598638,2.109133305289158,0.19935415572634638
2.0287096510238483,0.7578602495598638,1.9599397803636924,0.19935415572634638
2.0287096510238483,0.7578602495598638,1.9524942519386541,0.19935415572634638
2.0287096510238483,0.7578602495598638,1.9474450224107687,0.19935415572634638
2.0287096510238483,0.7578602495598638,1.8961733452558167,0.19935415572634638
2.0287096510238483,0.7578602495598638,2.0005055836739745,0.19935415572634638
2.0287096510238483,0.7578602495598638,2.0007969799254064,0.19935415572634638
2.0287096510238483,0.7578602495598638,2.042803068521731,0.19935415572634638
2.0287096510238483,0.7578602495598638,2.1210263882997973,0.19935415572634638
2.0287096510238483,0.7578602495598638,2.0350910925238606,0.19935415572634638
2.0287096510238483,0.7578602495598638,2.1250851749116215,0.19935415572634638
2.0287096510238483,0.7578602495598638,2.026890810708181,0.19935415572634638
1.8570076840135572,0.7578602495598638,2.1127842936874863,0.19935415572634638
1.950894875676301,0.7578602495598638,1.9932832532283056,0.19935415572634638
1.950894875676301,0.7578602495598638,2.126101900141214,0.19935415572634638
1.950894875676301,0.7578602495598638,1.993130852663058,0.19935415572634638
1.950894875676301,0.7578602495598638,2.16747658240155,0.19935415572634638
1.950894875676301,0.7578602495598638,2.3525762812383304,0.19935415572634638
1.950894875676301,0.7578602495598638,2.17329714647762,0.19935415572634638
1.7120432634335134,0.7578602495598638,2.1332970786881904,0.19935415572634638
1.6663320734305271,0.7578602495598638,2.3613753413585536,0.19935415572634638
1.6663320734305271,0.7578602495598638,2.6848834023169403,0.19935415572634638
1.6663320734305271,0.7578602495598638,2.547118091433185,0.19935415572634638
1.6663320734305271,0.7578602495598638,2.626710813369258,0.19935415572634638
1.6663320734305271,0.7578602495598638,2.572609698403005,0.19935415572634638
1.6663320734305271,0.7578602495598638,2.377153061894767,0.19935415572634638
1.6663320734305271,0.7578602495598638,2.335520231755923,0.19935415572634638
1.6663320734305271,0.7578602495598638,2.4866346089383504,0.19935415572634638
1.6663320734305271,0.7578602495598638,2.462019272237372,0.19935415572634638
1.6663320734305271,0.7560126098291203,2.1801813814080755,0.19935415572634638
1.6663320734305271,0.7560126098291203,2.0448960398672957,0.19935415572634638
1.6663320734305271,0.7560126098291203,2.653564148801592,0.19935415572634638
1.6663320734305271,0.7560126098291203,2.484676727985507,0.19935415572634638
1.5965586526948454,0.7560126098291203,2.448643640129005,0.19935415572634638
1.6059706725347287,0.7560126098291203,2.934030708483657,0.19935415572634638
1.6059706725347287,0.7560126098291203,2.3989442975606674,0.19935415572634638
1.6059706725347287,0.7560126098291203,2.4767641899889155,0.19935415572634638
1.6059706725347287,0.7560126098291203,2.5013210261317895,0.19935415572634638
1.6059706725347287,0.7560126098291203,2.651668936533226,0.19935415572634638
1.6059706725347287,0.7560126098291203,2.807531681303773,0.19935415572634638
1.6059706725347287,0.7560126098291203,3.014914914517692,0.19935415572634638
1.6059706725347287,0.7560126098291203,2.5576583367571026,0.19935415572634638
1.6059706725347287,0.7560126098291203,2.487485344566818,0.19935415572634638
1.6059706725347287,0.7560126098291203,2.821387360732281,0.19935415572634638
1.6059706725347287,0.7560126098291203,2.505279935653506,0.19935415572634638
1.6059706725347287,0.7560126098291203,2.710674939911262,0.19935415572634638
1.6059706725347287,0.7560126098291203,2.628231890736032,0.19935415572634638
1.6059706725347287,0.7560126098291203,2.7098851181868757,0.19935415572634638
1.6059706725347287,0.7560126098291203,2.6145636811631134,0.19935415572634638
1.6059706725347287,0.7560126098291203,2.4453072851830586,0.19935415572634638
1.6059706725347287,0.7560126098291203,2.6683216805183716,0.19935415572634638
1.6059706725347287,0.7560126098291203,3.0181521852467417,0.19935415572634638
1.6059706725347287,0.7560126098291203,2.5055041172547865,0.19935415572634638
1.6059706725347287,0.7560126098291203,2.301878878915046,0.19935415572634638
1.6059706725347287,0.7626164822091328,2.7967798147952556,0.19935415572634638
1.6059706725347287,0.7626164822091328,2.5256518470007636,0.19935415572634638
1.6059706725347287,0.7626164822091328,2.617518603852679,0.19935415572634638
1.6059706725347287,0.7626164822091328,2.5469161099473165,0.19935415572634638
1.6059706725347287,0.7626164822091328,2.490592766932224,0.19935415572634638
1.6059706725347287,0.7554041378080627,2.8069281989046315,0.19935415572634638
1.6059706725347287,0.7554041378080627,2.484943680464142,0.19935415572634638
1.6059706725347287,0.7554041378080627,2.728793616126939,0.19935415572634638
1.6059706725347287,0.7554041378080627,2.405264133218155,0.19935415572634638
1.6059706725347287,0.7554041378080627,2.477689371103323,0.19935415572634638
1.6059706725347287,0.7554041378080627,2.5684862474478822,0.19935415572634638
1.6059706725347287,0.7554041378080627,2.4487672735730195,0.19935415572634638
1.6059706725347287,0.7554041378080627,2.9607000311284146,0.19935415572634638
1.6059706725347287,0.7554041378080627,2.3797972576878053,0.19935415572634638
1.6059706725347287,0.7554041378080627,2.726290969142094,0.19935415572634638
1.6059706725347287,0.7554041378080627,2.4164701203655916,0.19935415572634638
1.6059706725347287,0.7903059785415578,2.67101001148646,0.19935415572634638
1.6059706725347287,0.7903059785415578,2.5569080195071687,0.19935415572634638
1.6059706725347287,0.7903059785415578,2.4263420933292323,0.19935415572634638
1.6059706725347287,0.7903059785415578,2.5468504304671002,0.19935415572634638
1.6059706725347287,0.7903059785415578,2.3308914407444723,0.19935415572634638
1.6059706725347287,0.7903059785415578,2.443943927763927,0.19935415572634638
1.6176108862449359,0.7903059785415578,2.5417644711925944,0.19935415572634638
1.6176108862449359,0.7903059785415578,2.426852392158026,0.19935415572634638
1.7562068577270373,0.7903059785415578,2.3570373274237775,0.19935415572634638
1.7562068577270373,0.7903059785415578,2.228427110611365,0.19935415572634638
1.7562068577270373,0.7903059785415578,2.387678004006454,0.19935415572634638
1.7562068577270373,0.7129878207988403,2.104415411511404,0.19935415572634638
1.7562068577270373,0.7129878207988403,2.269614204157671,0.19935415572634638
1.7562068577270373,0.7129878207988403,2.5459382364696053,0.19935415572634638
1.7562068577270373,0.7129878207988403,2.6251948310814064,0.19935415572634638
1.7562068577270373,0.7129878207988403,2.489640331763138,0.19935415572634638
1.7562068577270373,0.7129878207988403,2.352012417146156,0.19935415572634638
1.7562068577270373,0.7129878207988403,2.5273083917048367,0.19935415572634638
1.7562068577270373,0.7129878207988403,2.8394669408978452,0.19935415572634638
1.7562068577270373,0.7129878207988403,2.084729533286189,0.19935415572634638
1.7562068577270373,0.7129878207988403,2.727920069932054,0.19935415572634638
1.7562068577270373,0.7129878207988403,2.333268427105265,0.19935415572634638
1.7562068577270373,0.7129878207988403,2.442529443918525,0.19935415572634638
1.7562068577270373,0.7129878207988403,2.3707833620177223,0.19935415572634638
1.7562068577270373,0.7129878207988403,2.719920420203753,0.19935415572634638
1.7562068577270373,0.7129878207988403,2.4467936851993906,0.19935415572634638
1.7562068577270373,0.7129878207988403,2.5862782225908956,0.19935415572634638
1.7670407402419344,0.7129878207988403,2.503104058643164,0.19935415572634638
1.7670407402419344,0.7129878207988403,2.3017796619578395,0.19935415572634638
1.7670407402419344,0.7129878207988403,2.4587229415147958,0.19935415572634638
1.7670407402419344,0.7129878207988403,2.50476081834521,0.19935415572634638
1.7670407402419344,0.7129878207988403,2.4833257414073904,0.19935415572634638
1.7670407402419344,0.7129878207988403,2.3276871598670597,0.19935415572634638
1.7670407402419344,0.7129878207988403,2.414064747249064,0.19935415572634638
1.7670407402419344,0.7129878207988403,2.496336079283185,0.19935415572634638
1.7670407402419344,0.7129878207988403,2.6781252487651486,0.19935415572634638
1.7670407402419344,0.7129878207988403,2.298712861394186,0.19935415572634638
1.7670407402419344,0.7125734459042463,2.4014742093316634,0.19935415572634638
1.7670407402419344,0.7125734459042463,2.3449459137775737,0.19935415572634638
1.7670407402419344,0.7125734459042463,2.4732662649291735,0.19935415572634638
1.7670407402419344,0.7125734459042463,2.559759143118713,0.19935415572634638
1.7670407402419344,0.7125734459042463,2.4511258359560637,0.19935415572634638
1.7670407402419344,0.7125734459042463,2.4515859171837504,0.19935415572634638
1.7670407402419344,0.7125734459042463,2.5074870395677493,0.19935415572634638
1.7670407402419344,0.6814250392128491,2.352881831426104,0.19935415572634638
1.7670407402419344,0.6814250392128491,2.459168719059728,0.19935415572634638
1.7670407402419344,0.6814250392128491,2.578856167545135,0.19935415572634638
1.7670407402419344,0.6814250392128491,2.5409870793326497,0.19935415572634638
1.7670407402419344,0.7060917517074485,2.686049073701958,0.19935415572634638
1.7670407402419344,0.7060917517074485,2.3989783934064763,0.19935415572634638
1.6991093842449752,0.7060917517074485,2.6467237398807524,0.19935415572634638
1.6991093842449752,0.7060917517074485,2.656552611625691,0.19935415572634638
1.6991093842449752,0.7060917517074485,2.768831325829481,0.19935415572634638
1.6991093842449752,0.7060917517074485,2.727383238025017,0.19935415572634638
1.6991093842449752,0.7060917517074485,2.6593193818625185,0.19935415572634638
1.6991093842449752,0.7060917517074485,2.654229162388146,0.19935415572634638
1.6991093842449752,0.7060917517074485,2.7019995253211775,0.19935415572634638
1.6991093842449752,0.7060917517074485,2.71106835830351,0.19935415572634638
1.6991093842449752,0.7060917517074485,2.561586268598317,0.19935415572634638
1.6991093842449752,0.7060917517074485,2.685628995126429,0.19935415572634638
1.6991093842449752,0.7060917517074485,2.800585212352366,0.19935415572634638
1.6991093842449752,0.7359350641671405,2.5108854856933958,0.19935415572634638
1.6991093842449752,0.7359350641671405,2.6338695264879686,0.19935415572634638
1.6991093842449752,0.7359350641671405,2.6559191530626185,0.19935415572634638
1.6991093842449752,0.7359350641671405,2.6469486870994636,0.19935415572634638
1.6991093842449752,0.7359350641671405,2.7229358291815173,0.19935415572634638
1.6991093842449752,0.7359350641671405,2.361390788405343,0.19935415572634638
1.8500094094932074,0.7359350641671405,2.419272984058384,0.19935415572634638
1.8199194766467959,0.7359350641671405,2.3854845740127697,0.19935415572634638
1.8199194766467959,0.7359350641671405,2.551948852138499,0.19935415572634638
1.8199194766467959,0.7359350641671405,2.0188082430777774,0.19935415572634638
1.8199194766467959,0.7359350641671405,2.8672839560410326,0.19935415572634638
1.8199194766467959,0.7359350641671405,2.5567279887357457,0.19935415572634638
1.8199194766467959,0.7359350641671405,2.3884367247993765,0.19935415572634638
1.8199194766467959,0.7359350641671405,2.311012078709395,0.19935415572634638
1.8199194766467959,0.7359350641671405,2.3637572687681834,0.19935415572634638
1.8199194766467959,0.7359350641671405,2.1225439796522894,0.19935415572634638
1.8199194766467959,0.7359350641671405,2.441967147954611,0.19935415572634638
1.8199194766467959,0.7359350641671405,2.2986098516529556,0.19935415572634638
1.8199194766467959,0.7359350641671405,2.4163115750515027,0.19935415572634638
1.9758981560276534,0.7359350641671405,2.1791484622770434,0.19935415572634638
1.9758981560276534,0.7359350641671405,2.447530362419326,0.19935415572634638
1.9758981560276534,0.7359350641671405,2.0846695991707453,0.19935415572634638
1.9758981560276534,0.7359350641671405,2.0066081559976046,0.19935415572634638
1.9758981560276534,0.6709029911685572,2.1130707684803585,0.19935415572634638
1.9758981560276534,0.6709029911685572,2.2072348099595502,0.19935415572634638
1.9758981560276534,0.6709029911685572,2.4654355903612375,0.19935415572634638
1.9758981560276534,0.6709029911685572,2.3591945825576475,0.19935415572634638
1.9758981560276534,0.6709029911685572,2.119435874536839,0.19935415572634638
1.9758981560276534,0.701812107006267,2.437017486670637,0.19935415572634638
2.1602139570192485,0.701812107006267,2.2417243077546587,0.19935415572634638
2.1602139570192485,0.701812107006267,2.046741374576482,0.19935415572634638
2.1602139570192485,0.701812107006267,2.009313596228858,0.19935415572634638
2.1602139570192485,0.701812107006267,2.0067650933918264,0.19935415572634638
2.1602139570192485,0.701812107006267,2.2463679274288517,0.19935415572634638
2.0370358275837797,0.701812107006267,2.0933156615196267,0.19935415572634638
2.0370358275837797,0.701812107006267,2.311240002942176,0.19935415572634638
2.0370358275837797,0.701812107006267,2.4918775203090306,0.19935415572634638
2.0370358275837797,0.701812107006267,2.3205546663188685,0.19935415572634638
2.0370358275837797,0.701812107006267,2.276977657650765,0.19935415572634638
2.0370358275837797,0.701812107006267,2.0827989797854056,0.19935415572634638
2.0225275389947313,0.701812107006267,2.2693667882433446,0.19935415572634638
1.86728911557347,0.701812107006267,2.309851410119829,0.19935415572634638
1.86728911557347,0.701812107006267,2.5982780691661387,0.19935415572634638
1.86728911557347,0.701812107006267,2.577442716922326,0.19935415572634638
1.86728911557347,0.701812107006267,2.4554261006753557,0.19935415572634638
1.86728911557347,0.701812107006267,2.5580545302640094,0.19935415572634638
1.86728911557347,0.701812107006267,2.3664657172531487,0.19935415572634638
1.86728911557347,0.701812107006267,2.2911691278018727,0.19935415572634638
1.8718555922427251,0.701812107006267,2.463600695479171,0.19935415572634638
1.8718555922427251,0.701812107006267,2.4060101150355457,0.19935415572634638
1.8718555922427251,0.701812107006267,2.424851852386464,0.19935415572634638
1.8718555922427251,0.701812107006267,2.641724489801259,0.19935415572634638
1.8718555922427251,0.701812107006267,2.2059839400932133,0.19935415572634638
1.8718555922427251,0.701812107006267,2.4936059249359226,0.19935415572634638
1.7182047249153936,0.701812107006267,2.5987096299664185,0.19935415572634638
1.8211374486750316,0.701812107006267,2.4936161752159616,0.19935415572634638
1.8211374486750316,0.701812107006267,2.4066010073273376,0.19935415572634638
1.444352195771954,0.701812107006267,2.7741839129085952,0.19935415572634638
1.444352195771954,0.701812107006267,2.6629202817609667,0.19935415572634638
1.444352195771954,0.701812107006267,3.41886477884009,0.19935415572634638
1.444352195771954,0.701812107006267,3.075193207209552,0.19935415572634638
1.444352195771954,0.701812107006267,3.009633870084082,0.19935415572634638
1.444352195771954,0.701812107006267,2.853199246895919,0.19935415572634638
1.444352195771954,0.701812107006267,3.3243400775240763,0.19935415572634638
1.444352195771954,0.701812107006267,3.435585661190943,0.19935415572634638
1.444352195771954,0.701812107006267,2.7939004729451944,0.19935415572634638
1.444352195771954,0.701812107006267,2.7845810545288545,0.19935415572634638
1.444352195771954,0.701812107006267,3.181933498642434,0.19935415572634638
1.488877049334059,0.701812107006267,3.3745580797884878,0.19935415572634638
1.5260053857338045,0.701812107006267,2.9887521566876005,0.19935415572634638
1.5260053857338045,0.701812107006267,2.7159464113222462,0.19935415572634638
1.5260053857338045,0.701812107006267,2.8889442074505407,0.19935415572634638
1.5260053857338045,0.701812107006267,2.7608040254684116,0.19935415572634638
1.5260053857338045,0.701812107006267,2.5894076890410145,0.19935415572634638
1.5260053857338045,0.701812107006267,3.027626607071851,0.19935415572634638
1.5260053857338045,0.701812107006267,2.8906445366204907,0.19935415572634638
1.5260053857338045,0.701812107006267,3.4318234047217824,0.19935415572634638
1.5260053857338045,0.701812107006267,2.656162736357454,0.19935415572634638
1.5260053857338045,0.701812107006267,2.9427754925339005,0.19935415572634638
1.5260053857338045,0.701812107006267,2.8971902733965247,0.19935415572634638
1.5260053857338045,0.701812107006267,3.051784606825274,0.19935415572634638
1.5260053857338045,0.701812107006267,2.604310178865069,0.19935415572634638
1.5260053857338045,0.701812107006267,2.8715743139258505,0.19935415572634638
1.5260053857338045,0.701812107006267,2.9669499845790774,0.19935415572634638
1.5260053857338045,0.7508853855883127,2.85485066233319,0.19935415572634638
1.5260053857338045,0.7508853855883127,2.8390836980406915,0.19935415572634638
1.5260053857338045,0.7508853855883127,2.838027698622138,0.19935415572634638
1.662097258018077,0.7508853855883127,2.705908086287981,0.19935415572634638
1.662097258018077,0.7782141669953525,2.5657491040527187,0.19935415572634638
1.662097258018077,0.7782141669953525,2.556513887675481,0.19935415572634638
1.662097258018077,0.7782141669953525,2.562209663734079,0.19935415572634638
1.5987392398171163,0.7782141669953525,2.3539367329535854,0.19935415572634638
1.5987392398171163,0.7782141669953525,2.8865774478958555,0.19935415572634638
1.5987392398171163,0.7782141669953525,2.5297458565888173,0.19935415572634638
1.704168169646419,0.7782141669953525,2.4033894169912857,0.19935415572634638
1.704168169646419,0.7540835859812087,2.4932477698557065,0.19935415572634638
1.704168169646419,0.7540835859812087,2.265167191465115,0.19935415572634638
1.704168169646419,0.7540835859812087,2.3894401946022645,0.19935415572634638
1.704168169646419,0.7540835859812087,2.199406549634677,0.19935415572634638
1.704168169646419,0.7540835859812087,2.2374949078466213,0.19935415572634638
1.704168169646419,0.7540835859812087,2.3850017227306672,0.19935415572634638
1.8270218979777801,0.7540835859812087,2.2895725416232784,0.19935415572634638
1.8270218979777801,0.7540835859812087,2.1493054736083126,0.19935415572634638
1.8270218979777801,0.7540835859812087,2.1247977684699353,0.19935415572634638
1.8270218979777801,0.7540835859812087,2.2788244926371632,0.19935415572634638
1.8270218979777801,0.7540835859812087,2.127327172209035,0.19935415572634638
1.8270218979777801,0.7540835859812087,2.144977743635865,0.19935415572634638
1.8270218979777801,0.7220375922891625,2.2640236189437615,0.19935415572634638
1.8270218979777801,0.7220375922891625,2.322126961965709,0.19935415572634638
1.8270218979777801,0.7220375922891625,2.259318334897587,0.19935415572634638
1.8270218979777801,0.7220375922891625,2.162203342107975,0.19935415572634638
1.8270218979777801,0.7220375922891625,2.311141934709105,0.19935415572634638
1.8270218979777801,0.7220375922891625,2.2099242816947755,0.19935415572634638
1.8270218979777801,0.6899660697773152,2.4311579751040027,0.19935415572634638
1.8270218979777801,0.6899660697773152,2.62681860948996,0.19935415572634638
1.8270218979777801,0.6899660697773152,2.66673869665446,0.19935415572634638
1.8270218979777801,0.6899660697773152,2.3619157211346398,0.19935415572634638
1.8270218979777801,0.6899660697773152,2.5569218182469133,0.19935415572634638
1.8270218979777801,0.6899660697773152,2.4001569094554704,0.19935415572634638
1.8270218979777801,0.6899660697773152,2.4142409395823083,0.19935415572634638
1.8542416859227149,0.6899660697773152,2.5203879348006737,0.19935415572634638
1.780515375540975,0.6899660697773152,2.6689675392802874,0.19935415572634638
1.7744996070618777,0.6899660697773152,2.6025810845524138,0.19935415572634638
1.7744996070618777,0.6899660697773152,2.968935301983181,0.19935415572634638
1.5982184058854694,0.6899660697773152,2.738737877314766,0.19935415572634638
1.5982184058854694,0.6899660697773152,2.8846575017974976,0.19935415572634638
1.5982184058854694,0.6899660697773152,2.7958528761396577,0.19935415572634638
1.5982184058854694,0.6899660697773152,2.7064892818919524,0.19935415572634638
1.5982184058854694,0.6899660697773152,2.543469446158741,0.19935415572634638
1.5982184058854694,0.6899660697773152,2.828923618406051,0.19935415572634638
1.5982184058854694,0.6899660697773152,2.5264622005264217,0.19935415572634638
1.5982184058854694,0.6899660697773152,3.066056679673711,0.19935415572634638
1.5982184058854694,0.6899660697773152,2.628044647845513,0.19935415572634638
1.5982184058854694,0.6899660697773152,2.6510539545495018,0.19935415572634638
1.5982184058854694,0.7402851730753542,2.728417615772806,0.19935415572634638
1.5982184058854694,0.7402851730753542,2.663986764276598,0.19935415572634638
1.5982184058854694,0.7402851730753542,2.479568814424534,0.19935415572634638
1.5982184058854694,0.7075289276477394,2.9555320085918515,0.19935415572634638
1.5982184058854694,0.7075289276477394,2.8009622765412643,0.19935415572634638
1.5982184058854694,0.7075289276477394,2.333223308699945,0.19935415572634638
1.5982184058854694,0.7075289276477394,2.987840971571159,0.19935415572634638
1.5982184058854694,0.7075289276477394,2.706628150810878,0.19935415572634638
1.5982184058854694,0.7075289276477394,2.680516656027869,0.19935415572634638
1.5982184058854694,0.7075289276477394,2.5730796695587816,0.19935415572634638
1.5982184058854694,0.7075289276477394,2.6610317803037065,0.19935415572634638
1.5982184058854694,0.7075289276477394,2.789663237277248,0.19935415572634638
1.5982184058854694,0.7075289276477394,3.0459104381258704,0.19935415572634638
1.5982184058854694,0.7075289276477394,3.155330698137634,0.19935415572634638
1.5734557271496437,0.7075289276477394,2.9648560418730217,0.19935415572634638
1.5734557271496437,0.7075289276477394,2.768143481810575,0.19935415572634638
1.5734557271496437,0.7075289276477394,2.800661380248213,0.19935415572634638
1.5734557271496437,0.7075289276477394,2.569541209206126,0.19935415572634638
1.5734557271496437,0.7075289276477394,3.1025885848772816,0.19935415572634638
1.5734557271496437,0.7075289276477394,2.8381176617305193,0.19935415572634638
1.5734557271496437,0.7075289276477394,2.778959618842075,0.19935415572634638
1.5734557271496437,0.7075289276477394,2.848146835761994,0.19935415572634638
1.5734557271496437,0.7075289276477394,2.941645976213187,0.19935415572634638
1.5734557271496437,0.7075289276477394,2.6199040889798844,0.19935415572634638
1.5734557271496437,0.7075289276477394,2.5154447693012387,0.19935415572634638
1.5734557271496437,0.7075289276477394,2.9890177490551757,0.19935415572634638
1.5734557271496437,0.7075289276477394,2.7950842992540976,0.19935415572634638
1.5734557271496437,0.7075289276477394,2.9777174872413736,0.19935415572634638
1.5806007790086847,0.7075289276477394,2.734472587790098,0.19935415572634638
1.5806007790086847,0.7075289276477394,2.913071272339695,0.19935415572634638
1.5806007790086847,0.7075289276477394,2.6534328727552468,0.19935415572634638
1.538641113588505,0.7075289276477394,2.867862979083423,0.19935415572634638
1.538641113588505,0.7075289276477394,2.8293775500054825,0.19935415572634638
1.538641113588505,0.7075289276477394,3.026304799063565,0.19935415572634638
1.555974936806553,0.7075289276477394,2.694669829717319,0.19935415572634638
1.555974936806553,0.7075289276477394,2.6575414501593126,0.19935415572634638
1.555974936806553,0.7075289276477394,2.7991020773033597,0.19935415572634638
1.555974936806553,0.7075289276477394,3.1426951840491886,0.19935415572634638
1.555974936806553,0.7075289276477394,2.7665397621236396,0.19935415572634638
1.555974936806553,0.7075289276477394,2.807904548064577,0.19935415572634638
1.555974936806553,0.7075289276477394,2.8903264766238976,0.19935415572634638
1.555974936806553,0.7075289276477394,3.3570252315438993,0.19935415572634638
1.555974936806553,0.7075289276477394,3.086351688686401,0.19935415572634638
1.555974936806553,0.7075289276477394,3.393637824311008,0.19935415572634638
1.555974936806553,0.7075289276477394,3.1335023308321297,0.19935415572634638
1.555974936806553,0.7075289276477394,2.9504603681735726,0.19935415572634638
1.555974936806553,0.7075289276477394,2.7936372649181336,0.19935415572634638
1.555974936806553,0.7075289276477394,2.6062850331389265,0.19935415572634638
1.555974936806553,0.7075289276477394,2.8114495182683203,0.19935415572634638
1.555974936806553,0.7075289276477394,2.94103580063533,0.19935415572634638
1.5270249710707813,0.7075289276477394,2.8492418145636553,0.19935415572634638
1.5270249710707813,0.7075289276477394,2.768094965845838,0.19935415572634638
1.5270249710707813,0.7075289276477394,2.8783914816223275,0.19935415572634638
1.5270249710707813,0.7075289276477394,3.0295942256716337,0.19935415572634638
1.5270249710707813,0.7075289276477394,2.830387907554296,0.19935415572634638
1.5270249710707813,0.7075289276477394,3.092841590611382,0.19935415572634638
1.5270249710707813,0.7075289276477394,3.107516004324855,0.19935415572634638
1.5270249710707813,0.7075289276477394,3.2377319514633345,0.19935415572634638
1.5270249710707813,0.7075289276477394,3.2719402818967094,0.19935415572634638
1.5270249710707813,0.7075289276477394,2.8323958646113003,0.19935415572634638
1.5270249710707813,0.7075289276477394,2.631581773226892,0.19935415572634638
1.5270249710707813,0.7075289276477394,2.6598607246109185,0.19935415572634638
1.5270249710707813,0.7075289276477394,2.9203244221743696,0.19935415572634638
1.5270249710707813,0.7075289276477394,3.0191668042196858,0.19935415572634638
1.5270249710707813,0.7075289276477394,2.779915861683964,0.19935415572634638
1.5270249710707813,0.7075289276477394,2.86093258496551,0.19935415572634638
1.5270249710707813,0.7075289276477394,2.932346485880114,0.19935415572634638
1.5270249710707813,0.7075289276477394,2.8823942333253125,0.19935415572634638
1.5270249710707813,0.7075289276477394,2.919772432366042,0.19935415572634638
1.5270249710707813,0.6992764519113133,3.0479550002514633,0.19935415572634638
1.5270249710707813,0.6992764519113133,2.905295285141478,0.19935415572634638
1.5270249710707813,0.7612196186833193,2.986055742638868,0.19935415572634638
1.5270249710707813,0.7612196186833193,2.7637593136147083,0.19935415572634638
1.5270249710707813,0.7612196186833193,2.8384367516071567,0.19935415572634638
1.7109871549661284,0.7612196186833193,2.449773355872599,0.19935415572634638
1.7109871549661284,0.7612196186833193,2.6896356145383744,0.19935415572634638
1.7109871549661284,0.7612196186833193,2.242492035182719,0.19935415572634638
1.7109871549661284,0.7612196186833193,2.2334084700604593,0.19935415572634638
1.7109871549661284,0.7612196186833193,2.407398112624543,0.19935415572634638
1.7109871549661284,0.7612196186833193,2.4758023381927177,0.19935415572634638
1.7109871549661284,0.7612196186833193,2.4454046873073625,0.19935415572634638
1.7109871549661284,0.7612196186833193,2.4047492152206464,0.19935415572634638
1.7109871549661284,0.7612196186833193,2.398077093696272,0.19935415572634638
1.7109871549661284,0.7612196186833193,2.6375372835139963,0.19935415572634638
1.7109871549661284,0.7612196186833193,2.3244220036425465,0.19935415572634638
1.7109871549661284,0.7612196186833193,2.4665158179281184,0.19935415572634638
1.7109871549661284,0.7612196186833193,2.267112448496483,0.19935415572634638
1.7109871549661284,0.7612196186833193,2.6915128598681983,0.19935415572634638
1.7641647420204647,0.7612196186833193,2.3376453890992686,0.19935415572634638
1.7641647420204647,0.7612196186833193,2.2268565330934207,0.19935415572634638
1.7641647420204647,0.7612196186833193,2.4032237426088545,0.19935415572634638
1.7641647420204647,0.7612196186833193,2.4853843775610724,0.19935415572634638
1.7641647420204647,0.7612196186833193,2.2156258021782573,0.19935415572634638
1.7641647420204647,0.7612196186833193,2.5533257062424894,0.19935415572634638
1.7641647420204647,0.7612196186833193,2.388135294813121,0.19935415572634638
1.7641647420204647,0.7612196186833193,2.2930942547558284,0.19935415572634638
1.7641647420204647,0.7612196186833193,2.264609322325903,0.19935415572634638
1.7641647420204647,0.7612196186833193,2.0482100428188987,0.19935415572634638
1.7641647420204647,0.7612196186833193,2.2665145750725055,0.19935415572634638
1.7641647420204647,0.7612196186833193,2.3023377910638856,0.19935415572634638
1.7734906413865799,0.7612196186833193,2.180542109602534,0.19935415572634638
1.7734906413865799,0.7612196186833193,2.344845583939838,0.19935415572634638
1.7734906413865799,0.7612196186833193,2.4557443803706582,0.19935415572634638
1.7734906413865799,0.7612196186833193,2.299020337558181,0.19935415572634638
1.717066752938122,0.7612196186833193,2.2331691424906284,0.19935415572634638
1.717066752938122,0.7612196186833193,2.7708363139583656,0.19935415572634638
1.717066752938122,0.7612196186833193,2.41678069993209,0.19935415572634638
1.717066752938122,0.7612196186833193,2.5301724277856232,0.19935415572634638
1.717066752938122,0.7612196186833193,2.275846643282391,0.19935415572634638
1.717066752938122,0.7612196186833193,2.2205715286540393,0.19935415572634638
1.717066752938122,0.7612196186833193,2.352925498625424,0.19935415572634638
1.717066752938122,0.7612196186833193,2.6952947823622915,0.19935415572634638
1.717066752938122,0.7612196186833193,2.4877568425392913,0.19935415572634638
1.717066752938122,0.7612196186833193,2.3925866681026964,0.19935415572634638
1.717066752938122,0.7612196186833193,2.146801581770449,0.19935415572634638
1.717066752938122,0.7612196186833193,2.5103467483334256,0.19935415572634638
1.717066752938122,0.7612196186833193,2.5426835397289036,0.19935415572634638
1.717066752938122,0.7612196186833193,2.452935626295048,0.19935415572634638
1.717066752938122,0.7612196186833193,2.2918008325478314,0.19935415572634638
1.717066752938122,0.7612196186833193,2.4351186990064515,0.19935415572634638
1.717066752938122,0.7612196186833193,2.727524506015923,0.19935415572634638
1.717066752938122,0.7612196186833193,2.8177481827661723,0.19935415572634638
1.717066752938122,0.7612196186833193,2.469789077521547,0.19935415572634638
1.717066752938122,0.7612196186833193,2.634894054725265,0.19935415572634638
1.717066752938122,0.7612196186833193,2.44759406255155,0.19935415572634638
1.717066752938122,0.7612196186833193,2.4041858580711386,0.19935415572634638
1.717066752938122,0.7612196186833193,2.522265180759759,0.19935415572634638
1.717066752938122,0.7612196186833193,2.3975571018582684,0.19935415572634638
1.717066752938122,0.7612196186833193,2.246592891287525,0.19935415572634638
1.717066752938122,0.7612196186833193,2.2276034162947593,0.19935415572634638
1.717066752938122,0.7612196186833193,2.2066779601607673,0.19935415572634638
1.717066752938122,0.7612196186833193,2.385100774989102,0.19935415572634638
1.717066752938122,0.7612196186833193,2.622814470023072,0.19935415572634638
1.717066752938122,0.7612196186833193,2.2312138121286575,0.19935415572634638
1.7165880743384754,0.7612196186833193,2.270710569304046,0.19935415572634638
1.7165880743384754,0.7612196186833193,2.6248761343782623,0.19935415572634638
1.7165880743384754,0.7612196186833193,2.177875605351623,0.19935415572634638
1.7165880743384754,0.7612196186833193,2.5006396677543328,0.19935415572634638
1.7165880743384754,0.7612196186833193,2.222287908947963,0.19935415572634638
1.7165880743384754,0.7612196186833193,2.332125839969887,0.19935415572634638
1.7165880743384754,0.7612196186833193,2.506761711897543,0.19935415572634638
1.5377382592029534,0.7612196186833193,2.578487787144184,0.19935415572634638
1.5377382592029534,0.7612196186833193,3.2547610235816666,0.19935415572634638
1.5377382592029534,0.7612196186833193,2.560139647661084,0.19935415572634638
1.5377382592029534,0.7612196186833193,2.620729331689704,0.19935415572634638
1.5294173555032748,0.7612196186833193,2.704279321901015,0.19935415572634638
1.5294173555032748,0.7612196186833193,2.4960331386339036,0.19935415572634638
1.5294173555032748,0.7612196186833193,3.1597877625236355,0.19935415572634638
1.5294173555032748,0.7969442789591625,2.4381093785252115,0.19935415572634638
1.5294173555032748,0.7969442789591625,2.6322942121656956,0.19935415572634638
1.5294173555032748,0.7969442789591625,2.5676307922258683,0.19935415572634638
1.5294173555032748,0.7969442789591625,2.8732884611081064,0.19935415572634638
1.5294173555032748,0.7969442789591625,2.447763790134451,0.19935415572634638
1.5294173555032748,0.7969442789591625,2.661844466855046,0.19935415572634638
1.5294173555032748,0.7969442789591625,2.2394746872134714,0.19935415572634638
1.5294173555032748,0.7969442789591625,2.659489875372438,0.19935415572634638
1.604354939031612,0.7969442789591625,2.3808999562870286,0.19935415572634638
1.604354939031612,0.7969442789591625,2.148048555590743,0.19935415572634638
1.604354939031612,0.7969442789591625,2.198044828466649,0.19935415572634638
1.604354939031612,0.7969442789591625,2.508604396342149,0.19935415572634638
1.604354939031612,0.7969442789591625,2.8335343829701265,0.19935415572634638
1.604354939031612,0.7969442789591625,2.719217640882654,0.19935415572634638
1.604354939031612,0.7969442789591625,2.470340118903038,0.19935415572634638
1.604354939031612,0.7969442789591625,2.2926576111951484,0.19935415572634638
1.789294185616697,0.7969442789591625,2.2495265197535943,0.19935415572634638
1.789294185616697,0.7969442789591625,2.1626774442260013,0.19935415572634638
1.789294185616697,0.7969442789591625,2.1943185908954193,0.19935415572634638
1.789294185616697,0.7969442789591625,2.0954681160949993,0.19935415572634638
1.789294185616697,0.7351547266825335,2.1925352796705453,0.19935415572634638
1.789294185616697,0.7351547266825335,2.407960266112986,0.19935415572634638
1.789294185616697,0.7288406136525584,2.51592625881828,0.19935415572634638
2.1329977737513928,0.7288406136525584,2.167476416411822,0.19935415572634638
2.1329977737513928,0.7288406136525584,1.8060481274076614,0.19935415572634638
2.1329977737513928,0.7288406136525584,1.9896054603339022,0.19935415572634638
2.1329977737513928,0.7288406136525584,2.0505273216905073,0.19935415572634638
2.1329977737513928,0.7288406136525584,2.066594239559237,0.19935415572634638
2.1329977737513928,0.7288406136525584,1.895264511041493,0.19935415572634638
2.1329977737513928,0.7288406136525584,2.0193507677949873,0.19935415572634638
2.1329977737513928,0.7288406136525584,2.051421021170754,0.19935415572634638
2.1329977737513928,0.7288406136525584,2.0232922193122964,0.19935415572634638
2.1329977737513928,0.7288406136525584,1.9894050389915188,0.19935415572634638
2.1329977737513928,0.7288406136525584,2.013582492209935,0.19935415572634638
2.1329977737513928,0.7288406136525584,2.031615985263025,0.19935415572634638
2.1329977737513928,0.7288406136525584,1.8990466616111985,0.19935415572634638
2.1329977737513928,0.7288406136525584,2.189509899380095,0.19935415572634638
2.1329977737513928,0.7288406136525584,1.9632967991993444,0.19935415572634638
2.1329977737513928,0.6333850424058789,2.03260892866183,0.19935415572634638
2.1329977737513928,0.6333850424058789,2.0862606924568956,0.19935415572634638
2.1329977737513928,0.6333850424058789,2.0844614811695372,0.19935415572634638
2.2917410010156667,0.6333850424058789,2.0660283972157365,0.19935415572634638
2.2917410010156667,0.6333850424058789,2.1621865231309116,0.19935415572634638
2.2917410010156667,0.661454882823425,2.0978808687562776,0.19935415572634638
2.2917410010156667,0.661454882823425,2.024026561680993,0.19935415572634638
2.2917410010156667,0.661454882823425,2.0025202900600894,0.19935415572634638
2.2917410010156667,0.661454882823425,2.0967493250550597,0.19935415572634638
2.311894641415123,0.661454882823425,2.054470982328031,0.19935415572634638
2.311894641415123,0.661454882823425,2.0831612158870327,0.19935415572634638
2.311894641415123,0.661454882823425,2.0389581798977257,0.19935415572634638
2.311894641415123,0.661454882823425,1.9831991911839797,0.19935415572634638
2.311894641415123,0.661454882823425,1.996179958766655,0.19935415572634638
2.311894641415123,0.661454882823425,2.068134648208309,0.19935415572634638
1.9139222110918108,0.661454882823425,2.156766926710481,0.19935415572634638
1.9139222110918108,0.661454882823425,2.5202556197028723,0.19935415572634638
1.9139222110918108,0.661454882823425,2.375373486925762,0.19935415572634638
1.9139222110918108,0.6808908049890405,2.308607461387732,0.19935415572634638
1.9139222110918108,0.6808908049890405,2.3459084626036755,0.19935415572634638
1.9139222110918108,0.6808908049890405,2.3904415753679342,0.19935415572634638
1.4766596412648043,0.6808908049890405,2.7608779859310757,0.19935415572634638
1.4766596412648043,0.6808908049890405,3.071734930122948,0.19935415572634638
1.4766596412648043,0.6808908049890405,3.064471258109415,0.19935415572634638
1.4766596412648043,0.6808908049890405,2.964040677371929,0.19935415572634638
1.4766596412648043,0.6808908049890405,3.1218612421889267,0.19935415572634638
1.5559205613526015,0.6808908049890405,3.0303791821962,0.19935415572634638
1.8214820594344614,0.6808908049890405,2.8071934944316355,0.19935415572634638
1.8214820594344614,0.6808908049890405,2.5894290931014545,0.19935415572634638
1.8398827574706034,0.6808908049890405,2.631155162913226,0.19935415572634638
1.9726769109946904,0.6808908049890405,2.5317762759111644,0.19935415572634638
1.883250132329,0.6808908049890405,2.5317312457416863,0.19935415572634638
1.883250132329,0.6808908049890405,2.4572132456233002,0.19935415572634638
1.883250132329,0.6808908049890405,2.5878125160965544,0.19935415572634638
1.883250132329,0.6808908049890405,2.354432370303851,0.19935415572634638
1.883250132329,0.6808908049890405,2.544166607395879,0.19935415572634638
1.883250132329,0.6808908049890405,2.308576561729873,0.19935415572634638
1.883250132329,0.6808908049890405,2.4318847672770354,0.19935415572634638
1.8775477136362286,0.6808908049890405,2.288998868823328,0.19935415572634638
1.8775477136362286,0.6808908049890405,2.4630759713246335,0.19935415572634638
1.8775477136362286,0.6808908049890405,2.448572864267968,0.19935415572634638
1.8775477136362286,0.6808908049890405,2.6445837597164483,0.19935415572634638
1.8775477136362286,0.6808908049890405,2.409382276541019,0.19935415572634638
1.8775477136362286,0.6808908049890405,2.2658521322321477,0.19935415572634638
1.8775477136362286,0.6808908049890405,2.2530361517828963,0.19935415572634638
1.8775477136362286,0.6808908049890405,2.6315041469967406,0.19935415572634638
1.8775477136362286,0.6808908049890405,2.2390785757366736,0.19935415572634638
1.9025639889899386,0.6808908049890405,2.3894464515413367,0.19935415572634638
1.9025639889899386,0.6808908049890405,2.50361264079654,0.19935415572634638
1.9025639889899386,0.6808908049890405,2.473570579142506,0.19935415572634638
1.9025639889899386,0.6863589257289104,2.120967417139065,0.19935415572634638
1.9025639889899386,0.6863589257289104,2.3370540960265194,0.19935415572634638
1.9025639889899386,0.6863589257289104,2.6242144311176947,0.19935415572634638
1.9025639889899386,0.6863589257289104,2.731122027036308,0.19935415572634638
1.9025639889899386,0.6863589257289104,2.4918745654596144,0.19935415572634638
1.9025639889899386,0.6863589257289104,2.436659312571885,0.19935415572634638
1.8874206752047555,0.6863589257289104,2.1900216572545363,0.19935415572634638
1.8874206752047555,0.6863589257289104,2.3663607994520515,0.19935415572634638
1.8874206752047555,0.6863589257289104,2.284071173386629,0.19935415572634638
1.8874206752047555,0.6863589257289104,2.2462240744580737,0.19935415572634638
1.8874206752047555,0.6863589257289104,2.2141283154625855,0.19935415572634638
1.8874206752047555,0.6863589257289104,2.2245554226159037,0.19935415572634638
1.8874206752047555,0.6863589257289104,2.3968103483688648,0.19935415572634638
1.8874206752047555,0.6863589257289104,2.611074961661072,0.19935415572634638
1.8874206752047555,0.6863589257289104,2.537815527382787,0.19935415572634638
1.8874206752047555,0.6863589257289104,2.2843717621257205,0.19935415572634638
1.8874206752047555,0.6863589257289104,2.3680806055562806,0.19935415572634638
1.8874206752047555,0.6863589257289104,2.1585938828004365,0.19935415572634638
1.8874206752047555,0.6863589257289104,2.324054143482896,0.19935415572634638
1.8874206752047555,0.6863589257289104,2.4366920493508304,0.19935415572634638
1.8874206752047555,0.6863589257289104,2.6915303547702445,0.19935415572634638
1.8874206752047555,0.6863589257289104,2.5868750879709466,0.19935415572634638
1.8874206752047555,0.6863589257289104,2.4390603657162737,0.19935415572634638
1.8874206752047555,0.6863589257289104,2.459066490924162,0.19935415572634638
1.8874206752047555,0.6863589257289104,2.6201762172069847,0.19935415572634638
1.8874206752047555,0.6863589257289104,2.1804240713629506,0.19935415572634638
1.8874206752047555,0.6863589257289104,2.4098681965246076,0.19935415572634638
1.8874206752047555,0.6863589257289104,2.0870406085244104,0.19935415572634638
1.8874206752047555,0.6863589257289104,2.837038153452067,0.19935415572634638
1.8874206752047555,0.6863589257289104,2.3205717603256875,0.19935415572634638
1.7026507810145883,0.6863589257289104,2.614302759357816,0.19935415572634638
1.7026507810145883,0.6863589257289104,2.497011813545984,0.19935415572634638
1.839912350416181,0.6863589257289104,2.5477875387446787,0.19935415572634638
1.839912350416181,0.6863589257289104,2.3688811461983716,0.19935415572634638
1.839912350416181,0.6725875452657869,2.937234967395368,0.19935415572634638
1.839912350416181,0.6725875452657869,2.4108415729808375,0.19935415572634638
1.839912350416181,0.6725875452657869,2.272862314218786,0.19935415572634638
1.839912350416181,0.6725875452657869,2.416232783886049,0.19935415572634638
1.839912350416181,0.6725875452657869,2.7880296841836647,0.19935415572634638
1.839912350416181,0.6725875452657869,2.229857994979466,0.19935415572634638
1.839912350416181,0.6725875452657869,2.52520109774376,0.19935415572634638
1.839912350416181,0.6725875452657869,2.317327896053727,0.19935415572634638
1.839912350416181,0.6725875452657869,2.485537559756224,0.19935415572634638
1.839912350416181,0.6725875452657869,2.7145912505391205,0.19935415572634638
1.839912350416181,0.6725875452657869,2.4953834051065504,0.19935415572634638
1.839912350416181,0.6725875452657869,2.448348212872806,0.19935415572634638
1.839912350416181,0.6725875452657869,2.6401030622719697,0.19935415572634638
1.839912350416181,0.6725875452657869,2.3127825161970357,0.19935415572634638
1.7198682713260405,0.682021803643691,2.543915763760121,0.19935415572634638
1.7198682713260405,0.682021803643691,2.6525129915892713,0.19935415572634638
2.0497388158478844,0.682021803643691,2.423899030354419,0.19935415572634638
2.0497388158478844,0.682021803643691,2.0613367702207928,0.19935415572634638
2.0497388158478844,0.682021803643691,2.192119441641477,0.19935415572634638
2.0497388158478844,0.682021803643691,2.2779462140729825,0.19935415572634638
2.0497388158478844,0.682021803643691,2.196138099360889,0.19935415572634638
2.0497388158478844,0.682021803643691,2.256690194728348,0.19935415572634638
2.0497388158478844,0.682021803643691,2.347380328906545,0.19935415572634638
2.0497388158478844,0.6781895195109728,2.1812795207046722,0.19935415572634638
2.0497388158478844,0.6781895195109728,2.1383439844429657,0.19935415572634638
2.0497388158478844,0.6781895195109728,2.0743439282702565,0.19935415572634638
2.0497388158478844,0.6781895195109728,1.9933407281803024,0.19935415572634638
2.0497388158478844,0.6781895195109728,2.101150043481504,0.19935415572634638
2.0497388158478844,0.6781895195109728,2.111036610678114,0.19935415572634638
2.0497388158478844,0.6781895195109728,2.1207292947241,0.19935415572634638
2.0497388158478844,0.6781895195109728,2.2850547391465965,0.19935415572634638
2.0497388158478844,0.6781895195109728,2.21286133520532,0.19935415572634638
2.0497388158478844,0.6781895195109728,2.2278269134182844,0.19935415572634638
2.0497388158478844,0.6781895195109728,2.3071241427011264,0.19935415572634638
2.0497388158478844,0.6781895195109728,2.205918316427208,0.19935415572634638
2.0497388158478844,0.6781895195109728,2.5415358395339935,0.19935415572634638
2.0497388158478844,0.6781895195109728,2.4053233751767897,0.19935415572634638
1.9887470323878138,0.6781895195109728,2.1253222101936515,0.19935415572634638
1.9887470323878138,0.6781895195109728,2.34760991417463,0.19935415572634638
1.9856740255162204,0.6781895195109728,2.21660727389778,0.19935415572634638
1.9856740255162204,0.6781895195109728,1.9841547798657813,0.19935415572634638
1.9856740255162204,0.6781895195109728,2.1475081219719008,0.19935415572634638
1.9179873011586057,0.6781895195109728,2.342489529815291,0.19935415572634638
1.9179873011586057,0.6781895195109728,2.5249623713094924,0.19935415572634638
1.9179873011586057,0.6781895195109728,2.475449827997031,0.19935415572634638
1.9179873011586057,0.6781895195109728,2.3267892906778513,0.19935415572634638
1.9179873011586057,0.6781895195109728,2.3587240512754484,0.19935415572634638
1.9179873011586057,0.6781895195109728,2.40234145143068,0.19935415572634638
1.9179873011586057,0.6781895195109728,2.4612073134116303,0.19935415572634638
1.9179873011586057,0.6781895195109728,2.303576925133096,0.19935415572634638
1.9179873011586057,0.6781895195109728,2.3956788192164136,0.19935415572634638
1.9179873011586057,0.6781895195109728,2.30239814681796,0.19935415572634638
1.9179873011586057,0.6781895195109728,2.427216493467538,0.19935415572634638
1.9179873011586057,0.6781895195109728,2.1914229011552795,0.19935415572634638
1.9179873011586057,0.6781895195109728,2.6171742799872724,0.19935415572634638
1.9179873011586057,0.6781895195109728,2.322231528439292,0.19935415572634638
1.7990551316273713,0.6781895195109728,2.3530818936502356,0.19935415572634638
1.7990551316273713,0.6781895195109728,2.543476318535282,0.19935415572634638
1.7990551316273713,0.6781895195109728,2.589805740624254,0.19935415572634638
1.7990551316273713,0.6781895195109728,2.6825055694353743,0.19935415572634638
1.7990551316273713,0.6781895195109728,2.5731574677278846,0.19935415572634638
1.7990551316273713,0.6781895195109728,2.5794347648329894,0.19935415572634638
1.7036362610363527,0.6781895195109728,2.8184275234548166,0.19935415572634638
1.7036362610363527,0.6781895195109728,2.684919986198767,0.19935415572634638
1.7036362610363527,0.6781895195109728,2.4416018953904928,0.19935415572634638
1.7036362610363527,0.6781895195109728,2.8298780947195286,0.19935415572634638
1.9119945669277083,0.6781895195109728,2.445178569387245,0.19935415572634638
1.9119945669277083,0.6781895195109728,2.3032543225110174,0.19935415572634638
1.9119945669277083,0.6781895195109728,2.1842822187285558,0.19935415572634638
1.9119945669277083,0.6781895195109728,2.358632937749951,0.19935415572634638
1.9119945669277083,0.6781895195109728,2.562963641007783,0.19935415572634638
1.9119945669277083,0.6781895195109728,2.3352049551742398,0.19935415572634638
1.9119945669277083,0.6781895195109728,2.2604391002970727,0.19935415572634638
1.9119945669277083,0.6781895195109728,2.51802022483052,0.19935415572634638
1.9119945669277083,0.6781895195109728,2.803387389237551,0.19935415572634638
1.9119945669277083,0.6781895195109728,2.312570326036689,0.19935415572634638
1.9119945669277083,0.6781895195109728,2.3138381484863113,0.19935415572634638
1.9119945669277083,0.6781895195109728,2.4473235695968683,0.19935415572634638
1.9119945669277083,0.6781895195109728,2.8383744495372594,0.19935415572634638
1.9119945669277083,0.6781895195109728,2.456485507594926,0.19935415572634638
1.9119945669277083,0.6781895195109728,2.3541466363693457,0.19935415572634638
1.9119945669277083,0.6781895195109728,2.3668247451116606,0.19935415572634638
1.9119945669277083,0.7063834130728635,2.2301687769109484,0.19935415572634638
1.9119945669277083,0.6953043920358297,2.248435441894513,0.19935415572634638
1.9119945669277083,0.6953043920358297,2.2950659346852302,0.19935415572634638
1.9119945669277083,0.6953043920358297,2.493713024355709,0.19935415572634638
1.9119945669277083,0.6953043920358297,2.2191421400423432,0.19935415572634638
1.9119945669277083,0.6953043920358297,2.4852892163401736,0.19935415572634638
1.9119945669277083,0.6953043920358297,2.1824238329505965,0.19935415572634638
1.9119945669277083,0.6953043920358297,2.1313254968153412,0.19935415572634638
1.9119945669277083,0.6953043920358297,2.4690558581462723,0.19935415572634638
1.9119945669277083,0.6953043920358297,2.38915142248578,0.19935415572634638
1.863000033315185,0.6953043920358297,2.275345185016064,0.19935415572634638
1.863000033315185,0.6953043920358297,2.4666193916644468,0.19935415572634638
1.863000033315185,0.6953043920358297,2.5821336462821733,0.19935415572634638
1.863000033315185,0.6953043920358297,2.5378558575547068,0.19935415572634638
1.7500076626133043,0.6953043920358297,2.5550710099792595,0.19935415572634638
1.7089802107692447,0.6953043920358297,2.747176003883623,0.19935415572634638
1.7089802107692447,0.6953043920358297,2.624754906102944,0.19935415572634638
1.8705816082097673,0.6953043920358297,2.4018961720699616,0.19935415572634638
1.8705816082097673,0.6953043920358297,2.506824869829459,0.19935415572634638
1.8705816082097673,0.6953043920358297,2.4143735775869866,0.19935415572634638
1.8191280388120996,0.6953043920358297,2.395201259954359,0.19935415572634638
1.6436783407249087,0.6953043920358297,2.6220202189482777,0.19935415572634638
1.6436783407249087,0.6953043920358297,2.735649576399539,0.19935415572634638
1.6436783407249087,0.6953043920358297,2.8480079124350945,0.19935415572634638
1.6436783407249087,0.6953043920358297,2.437385642617269,0.19935415572634638
1.6436783407249087,0.6953043920358297,2.7831661472257028,0.19935415572634638
1.6436783407249087,0.6953043920358297,2.4380483148595777,0.19935415572634638
1.6436783407249087,0.6953043920358297,2.6110034717324346,0.19935415572634638
