α,β,θ,ρ
0.49476464772632034,1.1181798968557446,1.1896797031731996,0.6988739180294793
0.49476464772632034,1.1181798968557446,1.0835761932650196,0.6988739180294793
0.49476464772632034,1.1181798968557446,0.8964582780342761,0.6988739180294793
0.49476464772632034,1.1181798968557446,0.8800355766142759,0.6988739180294793
0.49476464772632034,1.1181798968557446,1.0051394441455865,0.6988739180294793
0.49476464772632034,1.1181798968557446,0.9568068490761225,0.6988739180294793
0.49476464772632034,1.1181798968557446,1.0396075990959535,0.6988739180294793
0.49476464772632034,1.1181798968557446,1.0503608380051368,0.6988739180294793
0.49476464772632034,1.1181798968557446,1.1294370923516128,0.6988739180294793
0.49476464772632034,1.1181798968557446,1.03395336489932,0.6988739180294793
0.49476464772632034,1.1181798968557446,1.2122799875781682,0.6988739180294793
0.49476464772632034,1.1181798968557446,0.9788378941348684,0.6988739180294793
0.49476464772632034,1.1181798968557446,0.9115196646160583,0.6988739180294793
0.49476464772632034,1.1181798968557446,1.0100486082613063,0.6988739180294793
0.49476464772632034,1.1181798968557446,0.948358516231486,0.6988739180294793
0.49476464772632034,1.1181798968557446,0.9536030927400906,0.6988739180294793
0.49476464772632034,1.1181798968557446,1.096532763442495,0.6988739180294793
0.49476464772632034,1.1181798968557446,0.8784413903919983,0.6988739180294793
0.49476464772632034,1.1181798968557446,1.2180638454877533,0.6988739180294793
0.49476464772632034,1.1181798968557446,0.8932664048690918,0.6988739180294793
0.49476464772632034,1.1181798968557446,0.997607825070621,0.6988739180294793
0.49476464772632034,1.1181798968557446,0.9211138353948171,0.6988739180294793
0.49476464772632034,1.1181798968557446,0.9954166095145305,0.6988739180294793
0.49476464772632034,1.1181798968557446,0.9167221493561791,0.6988739180294793
0.49476464772632034,1.1181798968557446,0.9422548708942978,0.6988739180294793
0.49476464772632034,1.1181798968557446,1.1821660314129547,0.6988739180294793
0.49476464772632034,1.1181798968557446,0.9797125736135299,0.6988739180294793
0.49476464772632034,1.1181798968557446,1.0896182483009655,0.6988739180294793
0.49476464772632034,1.1181798968557446,1.04493926941072,0.6988739180294793
0.49476464772632034,1.1181798968557446,0.9939795055909152,0.6988739180294793
0.49476464772632034,1.1181798968557446,1.275237003574163,0.6988739180294793
0.49476464772632034,1.1181798968557446,0.9381768104824475,0.6988739180294793
0.49476464772632034,1.1181798968557446,0.984010669742497,0.6988739180294793
0.49476464772632034,1.1181798968557446,1.100934931184485,0.6988739180294793
0.49476464772632034,1.1181798968557446,0.9148212391696003,0.6988739180294793
0.49476464772632034,1.1181798968557446,0.884079021719816,0.6988739180294793
0.49476464772632034,1.1181798968557446,0.9258525634574987,0.6988739180294793
0.46148858232336826,1.1181798968557446,1.067514949836246,0.6988739180294793
0.46148858232336826,1.1181798968557446,1.2127260036961267,0.6988739180294793
0.46148858232336826,1.1181798968557446,1.0863385137340384,0.6988739180294793
0.46148858232336826,1.1181798968557446,0.971669372378427,0.6988739180294793
0.46148858232336826,1.1181798968557446,0.9017264775244097,0.6988739180294793
0.46148858232336826,1.1181798968557446,1.078680373254811,0.6988739180294793
0.46148858232336826,1.0943509490337948,1.068078535999657,0.6988739180294793
0.46148858232336826,1.0943509490337948,1.3247137510669365,0.6988739180294793
0.46148858232336826,1.0943509490337948,1.0470326415474263,0.6988739180294793
0.46148858232336826,1.0943509490337948,1.1707605455978407,0.6988739180294793
0.46148858232336826,1.0943509490337948,1.132656372165909,0.6988739180294793
0.46148858232336826,1.0943509490337948,0.9963967435764962,0.6988739180294793
0.46148858232336826,1.0943509490337948,1.3229364063337334,0.6988739180294793
0.46148858232336826,1.0943509490337948,1.1466382158293795,0.6988739180294793
0.46148858232336826,1.0943509490337948,1.1891653258311816,0.6988739180294793
0.46148858232336826,1.0943509490337948,1.2415735629745308,0.6988739180294793
0.46148858232336826,1.0943509490337948,1.0934957690252733,0.6988739180294793
0.46148858232336826,1.0943509490337948,1.217534448981536,0.6988739180294793
0.46148858232336826,1.0943509490337948,1.3316708634357195,0.6988739180294793
0.46148858232336826,1.0943509490337948,1.2331306217037385,0.6988739180294793
0.46148858232336826,1.0943509490337948,1.2363514018172639,0.6988739180294793
0.46148858232336826,1.0943509490337948,1.103705525008116,0.6988739180294793
0.46148858232336826,1.0943509490337948,1.122589295970986,0.6988739180294793
0.46148858232336826,1.0943509490337948,1.2136690330949995,0.6988739180294793
0.46148858232336826,1.0943509490337948,1.1935938787273623,0.6988739180294793
0.46148858232336826,1.0943509490337948,1.3872844153722372,0.6988739180294793
0.46148858232336826,1.0943509490337948,1.2923669553833423,0.6988739180294793
0.46148858232336826,1.0943509490337948,1.306421158692878,0.6988739180294793
0.46148858232336826,1.0943509490337948,1.3123724595071629,0.6988739180294793
0.46148858232336826,1.0943509490337948,0.941308549336348,0.6988739180294793
0.46148858232336826,1.0943509490337948,1.1232043098159683,0.6988739180294793
0.46148858232336826,1.0943509490337948,1.0522767556101613,0.6988739180294793
0.46148858232336826,1.0943509490337948,1.1143816389314691,0.6988739180294793
0.46148858232336826,1.0943509490337948,1.3462055551551524,0.6988739180294793
0.46148858232336826,1.0943509490337948,1.2584887642842877,0.6988739180294793
0.46148858232336826,1.0943509490337948,0.9901395421029188,0.6988739180294793
0.46148858232336826,1.0943509490337948,1.2166842279794639,0.6988739180294793
0.46148858232336826,1.0943509490337948,1.2953491437764626,0.6988739180294793
0.46148858232336826,1.0943509490337948,1.0480818939744974,0.6988739180294793
0.46148858232336826,1.0943509490337948,1.2280755745920044,0.6988739180294793
0.46148858232336826,1.0943509490337948,1.2849153121787211,0.6988739180294793
0.46148858232336826,1.0943509490337948,1.2149675471013666,0.6988739180294793
0.46148858232336826,1.0943509490337948,1.2439043571672073,0.6988739180294793
0.48778099393509244,1.0943509490337948,1.319133121743946,0.6988739180294793
0.48778099393509244,1.0943509490337948,1.0361761328177903,0.6988739180294793
0.48778099393509244,1.0943509490337948,1.145485726137946,0.6988739180294793
0.48778099393509244,1.0943509490337948,1.105421487203089,0.6988739180294793
0.48778099393509244,1.0943509490337948,1.1100158634302681,0.6988739180294793
0.48778099393509244,1.0943509490337948,1.0945423685132796,0.6988739180294793
0.48778099393509244,1.0943509490337948,1.2722956562695487,0.6988739180294793
0.48778099393509244,1.0943509490337948,1.2257754605017392,0.6988739180294793
0.48778099393509244,1.0943509490337948,1.0388644562829925,0.6988739180294793
0.48778099393509244,1.0943509490337948,1.047806620568235,0.6988739180294793
0.6052606873400941,1.0943509490337948,0.9302980850625007,0.6988739180294793
0.6052606873400941,1.0943509490337948,1.1379311998990977,0.6988739180294793
0.6052606873400941,1.0943509490337948,0.9392857750287855,0.6988739180294793
0.6052606873400941,1.0943509490337948,0.9309320398170915,0.6988739180294793
0.6052606873400941,1.0943509490337948,1.0573013512291936,0.6988739180294793
0.6052606873400941,1.0943509490337948,0.9253114293161142,0.6988739180294793
0.6052606873400941,1.0943509490337948,0.917734205742098,0.6988739180294793
0.6052606873400941,1.0943509490337948,0.8987636694261079,0.6988739180294793
0.6052606873400941,1.0943509490337948,0.7755363308305324,0.6988739180294793
0.6052606873400941,1.0693401006274752,0.9695749219452344,0.6988739180294793
0.6052606873400941,1.0693401006274752,0.9249592568623052,0.6988739180294793
0.6052606873400941,1.0693401006274752,1.0448530901706163,0.6988739180294793
0.6052606873400941,1.0693401006274752,1.1152493650135389,0.6988739180294793
0.6052606873400941,1.0693401006274752,0.8386232533696817,0.6988739180294793
0.5057887951837126,1.0693401006274752,1.0986359972877813,0.6988739180294793
0.5057887951837126,1.0693401006274752,1.1035739575847685,0.6988739180294793
0.5057887951837126,1.0693401006274752,1.5016664715710017,0.6988739180294793
0.5057887951837126,1.0693401006274752,1.1656225420573643,0.6988739180294793
0.5057887951837126,1.0693401006274752,1.1871040042935639,0.6988739180294793
0.5057887951837126,1.0693401006274752,1.0077451587261737,0.6988739180294793
0.5057887951837126,1.0693401006274752,1.0935741802614305,0.6988739180294793
0.5057887951837126,1.0693401006274752,1.288193281513172,0.6988739180294793
0.5057887951837126,1.0693401006274752,0.8887266325510746,0.6988739180294793
0.5057887951837126,1.0693401006274752,1.115967036939787,0.6988739180294793
0.5057887951837126,1.0693401006274752,1.3321285335232838,0.6988739180294793
0.5057887951837126,1.0693401006274752,1.121988859754667,0.6988739180294793
0.5057887951837126,1.0693401006274752,1.229083101705332,0.6988739180294793
0.5057887951837126,1.0693401006274752,1.2649951655044236,0.6988739180294793
0.5057887951837126,1.0693401006274752,1.26111884184211,0.6988739180294793
0.624275137321398,1.0693401006274752,1.1291715399290525,0.6988739180294793
0.624275137321398,1.0693401006274752,0.9930645703537665,0.6988739180294793
0.624275137321398,1.0693401006274752,1.0337779307755075,0.6988739180294793
0.624275137321398,1.0693401006274752,0.9889136597100857,0.6988739180294793
0.624275137321398,1.0693401006274752,0.996816679962663,0.6988739180294793
0.624275137321398,1.0693401006274752,1.046887104384566,0.6988739180294793
0.624275137321398,1.0693401006274752,1.1163874365667417,0.6988739180294793
0.624275137321398,1.0693401006274752,1.1751454260963143,0.6988739180294793
0.624275137321398,1.0693401006274752,1.1009711627902885,0.6988739180294793
0.624275137321398,1.0693401006274752,0.9548744144841993,0.6988739180294793
0.624275137321398,1.0693401006274752,1.0714374927946546,0.6988739180294793
0.624275137321398,1.0693401006274752,0.9511662646749208,0.6988739180294793
0.624275137321398,1.0693401006274752,0.9701959721499779,0.6988739180294793
0.5415028839095948,1.0693401006274752,1.0150715814668965,0.6988739180294793
0.5415028839095948,1.0693401006274752,1.1458846258402955,0.6988739180294793
0.5415028839095948,1.0693401006274752,1.1165094279189578,0.6988739180294793
0.5415028839095948,1.0693401006274752,1.4317936838095606,0.6988739180294793
0.5415028839095948,1.0693401006274752,1.2862478639400048,0.6988739180294793
0.5415028839095948,1.0693401006274752,1.3394095054530302,0.6988739180294793
0.5415028839095948,1.0693401006274752,1.162644756772906,0.6988739180294793
0.5415028839095948,1.0693401006274752,1.074642205584336,0.6988739180294793
0.5415028839095948,1.0693401006274752,1.1476429465381341,0.6988739180294793
0.5415028839095948,1.0388102755131512,1.2847944386313634,0.6988739180294793
0.5415028839095948,1.0388102755131512,1.2741491113065866,0.6988739180294793
0.5415028839095948,1.0388102755131512,1.1297515059188723,0.6988739180294793
0.5415028839095948,1.0388102755131512,1.416002182657359,0.6988739180294793
0.5415028839095948,1.0388102755131512,1.3352177777285177,0.6988739180294793
0.5415028839095948,1.0388102755131512,1.2254805483368207,0.6988739180294793
0.5415028839095948,1.0388102755131512,1.202684261104899,0.6988739180294793
0.5415028839095948,1.0388102755131512,0.968388268088845,0.6988739180294793
0.5415028839095948,1.0388102755131512,1.1297326179749163,0.6988739180294793
0.5415028839095948,1.0388102755131512,1.207272909185934,0.6988739180294793
0.5415028839095948,1.0388102755131512,1.1377803831975493,0.6988739180294793
0.5415028839095948,1.0388102755131512,1.317687893720286,0.6988739180294793
0.5415028839095948,1.0388102755131512,1.4596216986550021,0.6988739180294793
0.5415028839095948,1.0388102755131512,1.1598465308394839,0.6988739180294793
0.5415028839095948,1.0388102755131512,1.3831419712652928,0.6988739180294793
0.5415028839095948,1.0388102755131512,1.0230906233677437,0.6988739180294793
0.5415028839095948,1.0388102755131512,1.5767012758997336,0.6988739180294793
0.5415028839095948,1.0388102755131512,1.286635921154529,0.6988739180294793
0.5415028839095948,1.0388102755131512,0.933523139472696,0.6988739180294793
0.5415028839095948,1.0388102755131512,1.179643028869938,0.6988739180294793
0.5415028839095948,1.0388102755131512,1.2764821654105722,0.6988739180294793
0.5415028839095948,1.0388102755131512,1.4003516430102967,0.6988739180294793
0.5415028839095948,1.0388102755131512,1.158483593161937,0.6988739180294793
0.5415028839095948,1.0388102755131512,1.1973214065658873,0.6988739180294793
0.5658747353019955,1.0388102755131512,1.1099178404390313,0.6988739180294793
0.5658747353019955,1.0388102755131512,1.2742218444665647,0.6988739180294793
0.5658747353019955,1.0388102755131512,1.1254914321423357,0.6988739180294793
0.5658747353019955,1.0388102755131512,1.4025547058088212,0.6988739180294793
0.5658747353019955,1.0388102755131512,1.1687768507724183,0.6988739180294793
0.5658747353019955,1.0388102755131512,1.0718430919289355,0.6988739180294793
0.5658747353019955,1.0388102755131512,1.1914973172348853,0.6988739180294793
0.5658747353019955,1.0388102755131512,1.5904559756857066,0.6988739180294793
0.5658747353019955,1.0388102755131512,1.0021268728271127,0.6988739180294793
0.5658747353019955,1.0388102755131512,1.0273426647420867,0.6988739180294793
0.5658747353019955,1.0388102755131512,1.2729054302197524,0.6988739180294793
0.5658747353019955,1.0388102755131512,1.2014414477059272,0.6988739180294793
0.5658747353019955,1.0388102755131512,1.3347668174494873,0.6988739180294793
0.5658747353019955,1.0453271319392887,1.2344027311019683,0.6988739180294793
0.5658747353019955,1.0453271319392887,1.2086003263076377,0.6988739180294793
0.5658747353019955,1.0453271319392887,1.1286184824642258,0.6988739180294793
0.5658747353019955,1.0453271319392887,1.1606809461602043,0.6988739180294793
0.5658747353019955,1.0453271319392887,1.1964028888183789,0.6988739180294793
0.5658747353019955,1.0453271319392887,1.2836093302447358,0.6988739180294793
0.5658747353019955,1.0453271319392887,0.8675975033070756,0.6988739180294793
0.5658747353019955,1.0453271319392887,1.3947027589265324,0.6988739180294793
0.5658747353019955,1.0453271319392887,1.1631922541320832,0.6988739180294793
0.5658747353019955,1.0453271319392887,1.109638574837881,0.6988739180294793
0.5658747353019955,1.0453271319392887,1.2907693605873896,0.6988739180294793
0.5658747353019955,1.0453271319392887,1.1000133377400125,0.6988739180294793
0.5658747353019955,1.0453271319392887,1.1718381130226718,0.6988739180294793
0.5658747353019955,1.0453271319392887,1.0985153495075992,0.6988739180294793
0.5658747353019955,1.0453271319392887,1.2311460927028153,0.6988739180294793
0.5658747353019955,1.0453271319392887,1.2669914259873811,0.6988739180294793
0.5658747353019955,1.0453271319392887,1.0837367939920166,0.6988739180294793
0.5658747353019955,1.0453271319392887,1.2157585032858855,0.6988739180294793
0.5658747353019955,1.0453271319392887,1.3117043705250462,0.6988739180294793
0.5658747353019955,1.0453271319392887,1.0016485273865168,0.6988739180294793
0.5658747353019955,1.0453271319392887,1.324837544718842,0.6988739180294793
0.5658747353019955,1.0453271319392887,1.1746292648198247,0.6988739180294793
0.5658747353019955,1.0453271319392887,1.2572136116918877,0.6988739180294793
0.5658747353019955,1.0453271319392887,1.2090718362529786,0.6988739180294793
0.5658747353019955,1.0453271319392887,1.072463388524257,0.6988739180294793
0.5658747353019955,1.0453271319392887,1.2066983025877556,0.6988739180294793
0.5658747353019955,1.0453271319392887,0.9488110319354601,0.6988739180294793
0.5658747353019955,1.0453271319392887,1.004326163636495,0.6988739180294793
0.5658747353019955,1.0453271319392887,1.202393446980154,0.6988739180294793
0.5658747353019955,1.0453271319392887,1.1906113909912643,0.6988739180294793
0.5658747353019955,1.0453271319392887,1.270882714261607,0.6988739180294793
0.5658747353019955,1.0453271319392887,1.1219167028603405,0.6988739180294793
0.5658747353019955,1.0453271319392887,1.0749762732238273,0.6988739180294793
0.5658747353019955,1.0453271319392887,1.0849674219246042,0.6988739180294793
0.5658747353019955,1.0453271319392887,1.2610392069090168,0.6988739180294793
0.5658747353019955,1.0453271319392887,1.1619182087788944,0.6988739180294793
0.5658747353019955,1.0453271319392887,1.0801221249001542,0.6988739180294793
0.5658747353019955,1.0453271319392887,1.1996915341018193,0.6988739180294793
0.5658747353019955,1.0453271319392887,1.103849834001322,0.6988739180294793
0.5658747353019955,1.0453271319392887,1.137074404172738,0.6988739180294793
0.5658747353019955,1.0453271319392887,1.3113639965837165,0.6988739180294793
0.5658747353019955,1.0453271319392887,1.1942035544087943,0.6988739180294793
0.5658747353019955,1.0453271319392887,1.2245039041493007,0.6988739180294793
0.5658747353019955,1.0453271319392887,1.3538758106043824,0.6988739180294793
0.5658747353019955,1.0453271319392887,1.0331148324620671,0.6988739180294793
0.5658747353019955,1.0453271319392887,1.0379950958411697,0.6988739180294793
0.5658747353019955,1.0453271319392887,1.1939995963884955,0.6988739180294793
0.5658747353019955,1.0453271319392887,1.0854343128111152,0.6988739180294793
0.5658747353019955,1.0453271319392887,1.288324578357442,0.6988739180294793
0.5658747353019955,1.0453271319392887,1.091417226143908,0.6988739180294793
0.5658747353019955,1.0453271319392887,1.2659741346029079,0.6988739180294793
0.5658747353019955,1.0453271319392887,1.0805548383152077,0.6988739180294793
0.5658747353019955,1.0453271319392887,1.1455470974127102,0.6988739180294793
0.5658747353019955,1.0453271319392887,1.2656403349141987,0.6988739180294793
0.5658747353019955,1.0453271319392887,1.3499521907866137,0.6988739180294793
0.5658747353019955,1.0453271319392887,1.523229524216467,0.6988739180294793
0.5658747353019955,1.0453271319392887,1.339566850239902,0.6988739180294793
0.5658747353019955,1.0453271319392887,1.1121085221637965,0.6988739180294793
0.5658747353019955,1.0453271319392887,1.1372713609214207,0.6988739180294793
0.5658747353019955,1.0453271319392887,1.0651142546690537,0.6988739180294793
0.5658747353019955,1.0453271319392887,1.1219786244640404,0.6988739180294793
0.5658747353019955,1.0453271319392887,1.1117112555352737,0.6988739180294793
0.5658747353019955,1.0453271319392887,1.2248856801566295,0.6988739180294793
0.5658747353019955,1.0453271319392887,1.0401894921871881,0.6988739180294793
0.5658747353019955,1.0453271319392887,1.6637461764555486,0.6988739180294793
0.5658747353019955,1.0453271319392887,0.9670584035270282,0.6988739180294793
0.5658747353019955,1.0453271319392887,1.2776182447229132,0.6988739180294793
0.5658747353019955,1.0453271319392887,1.2074461639303078,0.6988739180294793
0.5658747353019955,1.0453271319392887,1.2403763979735927,0.6988739180294793
0.5658747353019955,1.0453271319392887,1.2400890957761037,0.6988739180294793
0.5658747353019955,1.0063274995738405,1.4062030106428762,0.6988739180294793
0.5658747353019955,1.0063274995738405,1.173968527400463,0.6988739180294793
0.5658747353019955,1.0063274995738405,1.2335218595296151,0.6988739180294793
0.5658747353019955,1.0063274995738405,1.3296115814190657,0.6988739180294793
0.5658747353019955,1.0063274995738405,1.2928204642664942,0.6988739180294793
0.5431454552480655,1.0063274995738405,1.502283410891987,0.6988739180294793
0.5431454552480655,1.0063274995738405,1.7401267633444248,0.6988739180294793
0.5431454552480655,1.0063274995738405,1.4617194093162218,0.6988739180294793
0.5431454552480655,1.0877926026793638,1.1690046390776658,0.6988739180294793
0.5431454552480655,1.0877926026793638,1.0817302156171218,0.6988739180294793
0.5431454552480655,1.0877926026793638,0.89437580160153,0.6988739180294793
0.5431454552480655,1.0877926026793638,0.9974612226154332,0.6988739180294793
0.5431454552480655,1.0877926026793638,1.0045872296739369,0.6988739180294793
0.5431454552480655,1.0877926026793638,0.9894823867343274,0.6988739180294793
0.5431454552480655,1.0877926026793638,0.9642627853882755,0.6988739180294793
0.5431454552480655,1.0877926026793638,0.9716229759425669,0.6988739180294793
0.5431454552480655,1.0877926026793638,1.1506555408039603,0.6988739180294793
0.5431454552480655,1.0877926026793638,1.0424831688089633,0.6988739180294793
0.5431454552480655,1.0877926026793638,0.9454310426959952,0.6988739180294793
0.5431454552480655,1.0877926026793638,1.0211939891298398,0.6988739180294793
0.5431454552480655,1.0877926026793638,1.2132875736819901,0.6988739180294793
0.5431454552480655,1.0877926026793638,0.9850131082033077,0.6988739180294793
0.5431454552480655,1.0877926026793638,1.2467562024879644,0.6988739180294793
0.5431454552480655,1.0877926026793638,1.138137964367641,0.6988739180294793
0.5431454552480655,1.0877926026793638,0.8734283747628416,0.6988739180294793
0.5431454552480655,1.0877926026793638,1.0707990270342655,0.6988739180294793
0.5431454552480655,1.0877926026793638,1.0058659009636273,0.6988739180294793
0.5431454552480655,1.0877926026793638,1.0963899409212636,0.6988739180294793
0.5273879586697684,1.0877926026793638,1.2134615455780515,0.6988739180294793
0.5273879586697684,1.0877926026793638,1.0562124848042773,0.6988739180294793
0.5273879586697684,1.0877926026793638,1.0254202953577387,0.6988739180294793
0.6122061123075693,1.0877926026793638,0.9283133491591867,0.6988739180294793
0.6122061123075693,1.0877926026793638,0.9065037181229237,0.6988739180294793
0.6122061123075693,1.0877926026793638,0.8838734435546276,0.6988739180294793
0.6122061123075693,1.0877926026793638,0.8676130445074909,0.6988739180294793
0.6122061123075693,1.0877926026793638,0.8844283541440796,0.6988739180294793
0.6122061123075693,1.0877926026793638,1.01695292382724,0.6988739180294793
0.6122061123075693,1.0877926026793638,1.0392723112034494,0.6988739180294793
0.6122061123075693,1.0877926026793638,0.9849560191344193,0.6988739180294793
0.6122061123075693,1.0877926026793638,1.0302419830965386,0.6988739180294793
0.6122061123075693,1.0877926026793638,1.007066803967844,0.6988739180294793
0.6122061123075693,1.0877926026793638,0.8846847680889903,0.6988739180294793
0.6122061123075693,1.0877926026793638,1.063849484552256,0.6988739180294793
0.6122061123075693,1.0877926026793638,0.9451292072217932,0.6988739180294793
0.6122061123075693,1.0877926026793638,0.9792338874375166,0.6988739180294793
0.6122061123075693,1.0877926026793638,1.019906998454488,0.6988739180294793
0.6122061123075693,1.0877926026793638,0.9393596111184479,0.6988739180294793
0.6122061123075693,1.0877926026793638,0.9187185196815719,0.6988739180294793
0.6122061123075693,1.0877926026793638,0.9584388145727395,0.6988739180294793
0.6122061123075693,1.0877926026793638,0.9051815159952183,0.6988739180294793
0.6122061123075693,1.0877926026793638,1.0010217080900699,0.6988739180294793
0.6122061123075693,1.0877926026793638,0.8804887048420327,0.6988739180294793
0.6122061123075693,1.0877926026793638,0.9951769205964088,0.6988739180294793
0.6122061123075693,1.0877926026793638,1.0132729787788188,0.6988739180294793
0.6122061123075693,1.0877926026793638,1.1064281755941228,0.6988739180294793
0.6122061123075693,1.0877926026793638,0.994541792446806,0.6988739180294793
0.6122061123075693,1.0877926026793638,0.9378622771306285,0.6988739180294793
0.6122061123075693,1.0877926026793638,0.876799450468833,0.6988739180294793
0.6122061123075693,1.0877926026793638,1.3701386101060118,0.6988739180294793
0.6122061123075693,1.0877926026793638,0.9415308429016664,0.6988739180294793
0.6122061123075693,1.0877926026793638,1.0804551041575836,0.6988739180294793
0.6122061123075693,1.0877926026793638,1.0252459670188614,0.6988739180294793
0.6122061123075693,1.0877926026793638,0.9970210951033023,0.6988739180294793
0.6122061123075693,1.0877926026793638,0.9530107355757597,0.6988739180294793
0.6122061123075693,1.0877926026793638,0.9178476188754113,0.6988739180294793
0.6122061123075693,1.0877926026793638,1.0307936111528329,0.6988739180294793
0.6122061123075693,1.0877926026793638,1.0605529687769277,0.6988739180294793
0.6122061123075693,1.0877926026793638,0.7697130250969094,0.6988739180294793
0.6122061123075693,1.0877926026793638,1.05959200571398,0.6988739180294793
0.6122061123075693,1.0877926026793638,0.87182535640339,0.6988739180294793
0.6122061123075693,1.0877926026793638,0.8902445891639735,0.6988739180294793
0.6122061123075693,1.0877926026793638,0.9689560036658044,0.6988739180294793
0.5529670626404555,1.0877926026793638,0.935391119948465,0.6988739180294793
0.5529670626404555,1.0877926026793638,1.1700613213727182,0.6988739180294793
0.5529670626404555,1.0877926026793638,1.168252044814678,0.6988739180294793
0.5529670626404555,1.0877926026793638,1.0464419376865575,0.6988739180294793
0.5529670626404555,1.0877926026793638,0.9568928723954357,0.6988739180294793
0.5529670626404555,1.0877926026793638,0.9238889357147955,0.6988739180294793
0.5529670626404555,1.0877926026793638,1.083076063693944,0.6988739180294793
0.5529670626404555,1.0877926026793638,0.980209753416798,0.6988739180294793
0.5529670626404555,1.0877926026793638,1.101001068747047,0.6988739180294793
0.5529670626404555,1.0877926026793638,0.9183683626353762,0.6988739180294793
0.5529670626404555,1.0877926026793638,1.1347539763075827,0.6988739180294793
0.5529670626404555,1.0877926026793638,1.1482496026838056,0.6988739180294793
0.5529670626404555,1.0877926026793638,1.119773676000792,0.6988739180294793
0.5529670626404555,1.0877926026793638,1.1691716855808107,0.6988739180294793
0.5529670626404555,1.0877926026793638,1.0112128191426213,0.6988739180294793
0.5529670626404555,1.0877926026793638,1.4741210161596374,0.6988739180294793
0.5529670626404555,1.0877926026793638,1.1464631893466115,0.6988739180294793
0.5529670626404555,1.0877926026793638,0.9629173092970631,0.6988739180294793
0.5529670626404555,1.0877926026793638,0.8572363031814708,0.6988739180294793
0.5529670626404555,1.0877926026793638,1.0318668445701575,0.6988739180294793
0.5529670626404555,1.0877926026793638,1.0500329076406913,0.6988739180294793
0.5529670626404555,1.0877926026793638,1.1107668319830128,0.6988739180294793
0.5529670626404555,1.0877926026793638,0.9533303534114095,0.6988739180294793
0.5529670626404555,1.0877926026793638,0.9304321270673137,0.6988739180294793
0.5529670626404555,1.0877926026793638,1.1722637430311211,0.6988739180294793
0.5529670626404555,1.0877926026793638,0.8471324786491238,0.6988739180294793
0.5529670626404555,1.0877926026793638,1.007893065759475,0.6988739180294793
0.5529670626404555,1.0877926026793638,1.145204790973904,0.6988739180294793
0.530236360976018,1.0877926026793638,1.2162240708398915,0.6988739180294793
0.530236360976018,1.0877926026793638,1.1684706965700637,0.6988739180294793
0.530236360976018,1.0877926026793638,1.0285274312456438,0.6988739180294793
0.552385676288969,1.0877926026793638,1.0449020684080086,0.6988739180294793
0.552385676288969,1.0877926026793638,1.2242786995041308,0.6988739180294793
0.552385676288969,1.0877926026793638,1.3207189466547653,0.6988739180294793
0.552385676288969,1.0877926026793638,0.9461587811796885,0.6988739180294793
0.6155841120547182,1.0877926026793638,0.8908690288172438,0.6988739180294793
0.6155841120547182,1.0877926026793638,0.9263862643657425,0.6988739180294793
0.6155841120547182,1.0877926026793638,0.9019364247022923,0.6988739180294793
0.6155841120547182,1.0877926026793638,0.7769197048766071,0.6988739180294793
0.6155841120547182,1.0877926026793638,1.0245560231575384,0.6988739180294793
0.6155841120547182,1.0877926026793638,0.8254960675814842,0.6988739180294793
0.6155841120547182,1.0877926026793638,0.9505979417852852,0.6988739180294793
0.6155841120547182,1.0877926026793638,0.8694442617797926,0.6988739180294793
0.6155841120547182,1.0877926026793638,1.0796057317214536,0.6988739180294793
0.6155841120547182,1.0877926026793638,0.8492941805678937,0.6988739180294793
0.6155841120547182,1.0877926026793638,1.0501011050748965,0.6988739180294793
0.6155841120547182,1.0877926026793638,0.9538320738892027,0.6988739180294793
0.6155841120547182,1.0877926026793638,1.0282296916694893,0.6988739180294793
0.6155841120547182,1.0877926026793638,0.9392396072118102,0.6988739180294793
0.6155841120547182,1.0877926026793638,1.0018987313527328,0.6988739180294793
0.6155841120547182,1.0877926026793638,0.9064278916711969,0.6988739180294793
0.6155841120547182,1.0877926026793638,0.983902831622231,0.6988739180294793
0.6155841120547182,1.0877926026793638,0.8011545588596933,0.6988739180294793
0.6155841120547182,1.0877926026793638,0.9587031716627125,0.6988739180294793
0.6155841120547182,1.0877926026793638,0.9245357875706395,0.6988739180294793
0.6155841120547182,1.0877926026793638,0.960743826440895,0.6988739180294793
0.6155841120547182,1.0877926026793638,1.1094682549390715,0.6988739180294793
0.6155841120547182,1.0877926026793638,0.8958003651772053,0.6988739180294793
0.6155841120547182,1.0877926026793638,0.9140832575698344,0.6988739180294793
0.6155841120547182,1.0877926026793638,0.7660845297794946,0.6988739180294793
0.6155841120547182,1.0877926026793638,1.03080481813834,0.6988739180294793
0.6155841120547182,1.0817562319651097,0.8870540707746584,0.6988739180294793
0.6155841120547182,1.0817562319651097,0.9663504299941931,0.6988739180294793
0.6155841120547182,1.0817562319651097,0.9150332596669534,0.6988739180294793
0.6155841120547182,1.0817562319651097,0.8921284535523288,0.6988739180294793
0.6155841120547182,1.0817562319651097,0.9106152947438081,0.6988739180294793
0.6155841120547182,1.0817562319651097,0.9119732087379567,0.6988739180294793
0.6155841120547182,1.0817562319651097,0.8748640047831986,0.6988739180294793
0.6155841120547182,1.0817562319651097,0.9118791162243352,0.6988739180294793
0.6155841120547182,1.0817562319651097,0.7935156061269929,0.6988739180294793
0.6155841120547182,1.0817562319651097,0.7856825929061219,0.6988739180294793
0.6155841120547182,1.0817562319651097,1.0026884660797741,0.6988739180294793
0.6155841120547182,1.0817562319651097,0.9620229394545082,0.6988739180294793
0.5749905567516027,1.0817562319651097,0.9202239392781888,0.6988739180294793
0.5749905567516027,1.0817562319651097,1.0126236746874848,0.6988739180294793
0.5749905567516027,1.0817562319651097,0.940717460878302,0.6988739180294793
0.5749905567516027,1.0817562319651097,1.1350623532885735,0.6988739180294793
0.5749905567516027,1.0817562319651097,0.9490076853088305,0.6988739180294793
0.5749905567516027,1.0817562319651097,1.0242790601482405,0.6988739180294793
0.5749905567516027,1.0817562319651097,1.2216714977321435,0.6988739180294793
0.5749905567516027,1.0817562319651097,1.097780888698927,0.6988739180294793
0.5749905567516027,1.0817562319651097,1.0553165349270377,0.6988739180294793
0.5749905567516027,1.0817562319651097,0.989598508306403,0.6988739180294793
0.5749905567516027,1.0817562319651097,0.8283293583761406,0.6988739180294793
0.5749905567516027,1.0817562319651097,0.9553142642964068,0.6988739180294793
0.5790491443149143,1.0817562319651097,0.938213411634701,0.6988739180294793
0.5790491443149143,1.0817562319651097,0.9254212827385947,0.6988739180294793
0.5790491443149143,1.0817562319651097,1.272931068228949,0.6988739180294793
0.5790491443149143,1.0817562319651097,1.1544561194882181,0.6988739180294793
0.5790491443149143,1.0817562319651097,0.9844249236974445,0.6988739180294793
0.5790491443149143,1.0817562319651097,1.155744830754394,0.6988739180294793
0.5790491443149143,1.0817562319651097,1.0087173381231782,0.6988739180294793
0.5790491443149143,1.0817562319651097,0.9644854766119973,0.6988739180294793
0.5790491443149143,1.0817562319651097,0.9644816111340184,0.6988739180294793
0.5790491443149143,1.0817562319651097,1.1656466445535294,0.6988739180294793
0.5790491443149143,1.0817562319651097,1.1107354705228127,0.6988739180294793
0.5790491443149143,1.0817562319651097,1.0123690517544859,0.6988739180294793
0.5790491443149143,1.0817562319651097,1.0802274125036144,0.6988739180294793
0.5790491443149143,1.0817562319651097,1.019184322002889,0.6988739180294793
0.5790491443149143,1.0817562319651097,0.9676179603380238,0.6988739180294793
0.5790491443149143,1.0817562319651097,0.9939380255148924,0.6988739180294793
0.5790491443149143,1.0817562319651097,1.1354209516437481,0.6988739180294793
0.5164239617020954,1.0817562319651097,0.887296995099978,0.6988739180294793
0.5164239617020954,1.0817562319651097,1.6114977498683158,0.6988739180294793
0.5164239617020954,1.0817562319651097,0.9122756551053876,0.6988739180294793
0.5164239617020954,1.0817562319651097,1.069133010456675,0.6988739180294793
0.5164239617020954,1.1009480880376512,1.1013921749978883,0.6988739180294793
0.5164239617020954,1.1009480880376512,1.0355438358128113,0.6988739180294793
0.5164239617020954,1.1009480880376512,1.1487615540252063,0.6988739180294793
0.5164239617020954,1.1009480880376512,1.145490398883284,0.6988739180294793
0.5164239617020954,1.1009480880376512,1.1758091961030064,0.6988739180294793
0.5276334272997041,1.1009480880376512,0.94044520625572,0.6988739180294793
0.5276334272997041,1.1009480880376512,1.2076839936412738,0.6988739180294793
0.5276334272997041,1.1009480880376512,1.077024414457971,0.6988739180294793
0.5302316712070372,1.1009480880376512,1.0259752471243697,0.6988739180294793
0.5302316712070372,1.1009480880376512,1.192488737507156,0.6988739180294793
0.5302316712070372,1.1009480880376512,1.0116836178468605,0.6988739180294793
0.5302316712070372,1.1009480880376512,0.9695437802275221,0.6988739180294793
0.5302316712070372,1.1009480880376512,0.9577413993723455,0.6988739180294793
0.5302316712070372,1.1009480880376512,0.8892249604268186,0.6988739180294793
0.5302316712070372,1.1009480880376512,1.1381800495731755,0.6988739180294793
0.5302316712070372,1.1009480880376512,0.8730041176445215,0.6988739180294793
0.5302316712070372,1.1009480880376512,1.1455231508124628,0.6988739180294793
0.5302316712070372,1.1009480880376512,1.0513228784304154,0.6988739180294793
0.5302316712070372,1.1009480880376512,1.0053399192606733,0.6988739180294793
0.5302316712070372,1.1009480880376512,0.9536950448110983,0.6988739180294793
0.5302316712070372,1.1009480880376512,0.8777647857548565,0.6988739180294793
0.5302316712070372,1.1009480880376512,1.029011819417199,0.6988739180294793
0.5302316712070372,1.1009480880376512,0.9632120529149543,0.6988739180294793
0.5302316712070372,1.1009480880376512,1.0819076225180273,0.6988739180294793
0.5302316712070372,1.1009480880376512,1.041074770055728,0.6988739180294793
0.5302316712070372,1.1009480880376512,0.9824763101072073,0.6988739180294793
0.5302316712070372,1.1009480880376512,0.921155264810645,0.6988739180294793
0.5302316712070372,1.1009480880376512,1.0422704685618833,0.6988739180294793
0.5302316712070372,1.1009480880376512,1.0595787646094175,0.6988739180294793
0.5302316712070372,1.1009480880376512,0.9917250440137322,0.6988739180294793
0.5302316712070372,1.1009480880376512,0.897761340992652,0.6988739180294793
0.5302316712070372,1.1009480880376512,1.149613352167164,0.6988739180294793
0.5302316712070372,1.1009480880376512,0.8773828453704143,0.6988739180294793
0.5302316712070372,1.1009480880376512,0.9807487553401172,0.6988739180294793
0.5302316712070372,1.1009480880376512,1.2161682257021922,0.6988739180294793
0.5302316712070372,1.1009480880376512,0.9234043641679758,0.6988739180294793
0.5302316712070372,1.1009480880376512,0.9632984858143545,0.6988739180294793
0.5302316712070372,1.1009480880376512,1.011415959523463,0.6988739180294793
0.5302316712070372,1.1009480880376512,0.9492507887429288,0.6988739180294793
0.5302316712070372,1.1009480880376512,1.077352877195813,0.6988739180294793
0.5302316712070372,1.1009480880376512,1.0352678756928446,0.6988739180294793
0.5302316712070372,1.1082007558850124,0.9610463123759682,0.6988739180294793
0.5302316712070372,1.1082007558850124,0.9555092147425068,0.6988739180294793
0.5302316712070372,1.1082007558850124,0.9743039352125257,0.6988739180294793
0.4744611489105529,1.1082007558850124,1.0039597418570325,0.6988739180294793
0.4744611489105529,1.1082007558850124,1.057387393254488,0.6988739180294793
0.4744611489105529,1.1082007558850124,1.2133302079271344,0.6988739180294793
0.4744611489105529,1.1082007558850124,1.2369970579379788,0.6988739180294793
0.4744611489105529,1.1082007558850124,1.186771762853718,0.6988739180294793
0.4744611489105529,1.1082007558850124,0.9802966133801586,0.6988739180294793
0.4744611489105529,1.1082007558850124,1.1070276593044197,0.6988739180294793
0.4744611489105529,1.1082007558850124,0.9453053629174822,0.6988739180294793
0.4744611489105529,1.1082007558850124,1.064053325834591,0.6988739180294793
0.4744611489105529,1.1082007558850124,1.251505270068534,0.6988739180294793
0.4744611489105529,1.1082007558850124,1.1047457503693,0.6988739180294793
0.4744611489105529,1.1082007558850124,1.0533556502463017,0.6988739180294793
0.4744611489105529,1.1082007558850124,1.289598677508898,0.6988739180294793
0.4744611489105529,1.1082007558850124,1.1420092955332697,0.6988739180294793
0.4744611489105529,1.1082007558850124,0.9117599862756959,0.6988739180294793
0.4744611489105529,1.1082007558850124,1.0888306489577813,0.6988739180294793
0.4744611489105529,1.1082007558850124,1.2842971957972795,0.6988739180294793
0.4744611489105529,1.1082007558850124,1.3121513104001212,0.6988739180294793
0.4744611489105529,1.1082007558850124,1.0110433376600827,0.6988739180294793
0.4744611489105529,1.1082007558850124,1.098264075008614,0.6988739180294793
0.4744611489105529,1.1082007558850124,1.2344940987970596,0.6988739180294793
0.4744611489105529,1.1082007558850124,1.1663546567710201,0.6988739180294793
0.4744611489105529,1.1082007558850124,1.1429010284244119,0.6988739180294793
0.4744611489105529,1.1082007558850124,1.4228354831137662,0.6988739180294793
0.4744611489105529,1.1082007558850124,1.1956833936061664,0.6988739180294793
0.4744611489105529,1.1082007558850124,1.1372421610143115,0.6988739180294793
0.4744611489105529,1.1082007558850124,1.0074968647881686,0.6988739180294793
0.4744611489105529,1.1082007558850124,1.1947628816945322,0.6988739180294793
0.4744611489105529,1.1082007558850124,1.0735827336653347,0.6988739180294793
0.4744611489105529,1.1082007558850124,1.1291919666576626,0.6988739180294793
0.4744611489105529,1.1082007558850124,1.0153346773682952,0.6988739180294793
0.4744611489105529,1.1082007558850124,1.1534075585361594,0.6988739180294793
0.4744611489105529,1.1082007558850124,1.1304811783255424,0.6988739180294793
0.4744611489105529,1.1082007558850124,1.1904663813890481,0.6988739180294793
0.4744611489105529,1.1082007558850124,1.2823056783560236,0.6988739180294793
0.4744611489105529,1.1082007558850124,1.1498630250564565,0.6988739180294793
0.4744611489105529,1.1082007558850124,1.132413367946119,0.6988739180294793
0.4744611489105529,1.1082007558850124,1.1468731307689983,0.6988739180294793
0.4744611489105529,1.1082007558850124,1.2306849713662051,0.6988739180294793
0.4744611489105529,1.0810889902901892,1.2453396150093543,0.6988739180294793
0.4744611489105529,1.0810889902901892,1.215245920151313,0.6988739180294793
0.4744611489105529,1.0810889902901892,1.445081966043731,0.6988739180294793
0.4744611489105529,1.0810889902901892,1.2430238467655645,0.6988739180294793
0.4744611489105529,1.0810889902901892,1.0895855145063387,0.6988739180294793
0.5785244802283822,1.0810889902901892,1.1165784476674623,0.6988739180294793
0.5947008191392862,1.0810889902901892,0.8934510440715212,0.6988739180294793
0.5947008191392862,1.0810889902901892,0.9971556094026885,0.6988739180294793
0.5947008191392862,1.0810889902901892,0.8123372805636828,0.6988739180294793
0.5947008191392862,1.0810889902901892,1.2022746725486462,0.6988739180294793
0.5947008191392862,1.0810889902901892,0.846249347988001,0.6988739180294793
0.5947008191392862,1.0810889902901892,0.8928608334881147,0.6988739180294793
0.5947008191392862,1.0810889902901892,0.9225145435354154,0.6988739180294793
0.5947008191392862,1.0810889902901892,0.8945895096057171,0.6988739180294793
0.5947008191392862,1.0810889902901892,1.0163787720031796,0.6988739180294793
0.5947008191392862,1.0810889902901892,0.9835756353903575,0.6988739180294793
0.5947008191392862,1.0810889902901892,0.9593165746985468,0.6988739180294793
0.5947008191392862,1.0810889902901892,0.9016708971964935,0.6988739180294793
0.5947008191392862,1.0810889902901892,0.9491203473748949,0.6988739180294793
0.5947008191392862,1.0810889902901892,0.8875068640913564,0.6988739180294793
0.5947008191392862,1.0810889902901892,1.1421563364709755,0.6988739180294793
0.5947008191392862,1.0810889902901892,1.0407011071605385,0.6988739180294793
0.5947008191392862,1.0810889902901892,1.08503282001118,0.6988739180294793
0.5947008191392862,1.0810889902901892,1.022129017706215,0.6988739180294793
0.5947008191392862,1.0810889902901892,0.7640365773614257,0.6988739180294793
0.5947008191392862,1.0628825639122657,0.9693054919820199,0.6988739180294793
0.5947008191392862,1.0628825639122657,1.1470475863495428,0.6988739180294793
0.5947008191392862,1.0628825639122657,1.181478916388653,0.6988739180294793
0.5947008191392862,1.0628825639122657,1.2010161057895428,0.6988739180294793
0.5947008191392862,1.0628825639122657,1.0512220938003514,0.6988739180294793
0.5947008191392862,1.0628825639122657,1.014736175697201,0.6988739180294793
0.5947008191392862,1.0628825639122657,0.9653759053786506,0.6988739180294793
0.5947008191392862,1.0628825639122657,1.0687707480479927,0.6988739180294793
0.5947008191392862,1.0628825639122657,0.8982633668539636,0.6988739180294793
0.5947008191392862,1.0628825639122657,1.1052432242593897,0.6988739180294793
0.5947008191392862,1.0628825639122657,1.3928664328563063,0.6988739180294793
0.5947008191392862,1.0628825639122657,1.056065886415889,0.6988739180294793
0.5947008191392862,1.0628825639122657,1.1247938010977057,0.6988739180294793
0.5947008191392862,1.0628825639122657,1.1903454788239587,0.6988739180294793
0.5947008191392862,1.0628825639122657,1.053178137939457,0.6988739180294793
0.5947008191392862,1.0628825639122657,1.078200628846064,0.6988739180294793
0.5947008191392862,1.0628825639122657,1.1054866099817524,0.6988970455413408
0.5947008191392862,1.0628825639122657,0.9406519339652751,0.6988970455413408
0.5947008191392862,1.0628825639122657,1.0516398298275085,0.6988970455413408
0.5947008191392862,1.0628825639122657,1.0788801558797478,0.6988970455413408
0.5947008191392862,1.0628825639122657,1.0415656207732216,0.6988970455413408
0.5947008191392862,1.0628825639122657,1.1414003635693344,0.6988970455413408
0.5947008191392862,1.0628825639122657,0.9685591141948123,0.6988970455413408
0.5947008191392862,1.0628825639122657,1.1800919524164468,0.6988970455413408
0.5947008191392862,1.0628825639122657,1.2334158322770985,0.6988970455413408
0.5947008191392862,1.0628825639122657,0.8426667722949294,0.6988970455413408
0.5947008191392862,1.02315529289061,1.013053232021273,0.6988970455413408
0.5947008191392862,1.02315529289061,1.2284758709758767,0.6988970455413408
0.5947008191392862,1.02315529289061,1.1963458944992371,0.6974722593559248
0.5947008191392862,1.02315529289061,1.2474241870169942,0.6974722593559248
0.6199917380373375,1.02315529289061,1.2826082861615289,0.6974722593559248
0.6199917380373375,1.02315529289061,1.3185817627377465,0.6974722593559248
0.6199917380373375,1.02315529289061,1.054744942348757,0.6974722593559248
0.6199917380373375,1.02315529289061,1.096816686029537,0.6974722593559248
0.6199917380373375,1.02315529289061,1.1065764518517,0.6974722593559248
0.6199917380373375,1.02315529289061,1.0507693641178135,0.6974722593559248
0.6199917380373375,1.02315529289061,1.0918315450445792,0.6974722593559248
0.6199917380373375,1.0635923892610817,1.1241633898730334,0.6974722593559248
0.6199917380373375,1.0635923892610817,0.9728073224084043,0.6974722593559248
0.6199917380373375,1.0635923892610817,0.9481021870908176,0.6974722593559248
0.6199917380373375,1.0635923892610817,0.9941835835401689,0.6974722593559248
0.6199917380373375,1.0635923892610817,1.070666066708513,0.6974722593559248
0.6199917380373375,1.0635923892610817,0.9257456980393736,0.6974722593559248
0.6199917380373375,1.0635923892610817,1.2643711205171708,0.6974722593559248
0.6199917380373375,1.0635923892610817,1.0529090164215154,0.6974722593559248
0.6199917380373375,1.0635923892610817,0.9498721837766442,0.6974722593559248
0.6199917380373375,1.0635923892610817,0.8639168511401926,0.6974722593559248
0.6199917380373375,1.0635923892610817,0.9364710906560954,0.6974722593559248
0.6199917380373375,1.0635923892610817,1.0119400625302224,0.6974722593559248
0.6199917380373375,1.0635923892610817,0.8741695374581111,0.6974722593559248
0.6199917380373375,1.0635923892610817,1.1331190807516665,0.6974722593559248
0.6199917380373375,1.0635923892610817,0.9880325811729839,0.6974722593559248
0.6199917380373375,1.0635923892610817,1.0169395235869931,0.6974722593559248
0.6199917380373375,1.0635923892610817,0.9685842327188006,0.6974722593559248
0.6199917380373375,1.0635923892610817,0.9859995390846432,0.6974722593559248
0.6199917380373375,1.0635923892610817,1.2457989569284262,0.6974722593559248
0.6199917380373375,1.0635923892610817,1.349006957788,0.6974722593559248
0.6199917380373375,1.0635923892610817,0.9943683529152859,0.6974722593559248
0.6199917380373375,1.0635923892610817,1.0303106656201848,0.6974722593559248
0.6199917380373375,1.0635923892610817,0.9906167341673466,0.6974722593559248
0.6199917380373375,1.0635923892610817,1.0854836559734373,0.6974722593559248
0.6199917380373375,1.0635923892610817,0.957993850829188,0.6974722593559248
0.6199917380373375,1.0197789185685782,1.1065839598981289,0.6974722593559248
0.6511237808618403,1.0025707138750417,1.103090814028321,0.6974722593559248
0.6550529756127972,1.0025707138750417,1.3862078659744506,0.6974722593559248
0.6550529756127972,1.0025707138750417,1.3496613359459446,0.6974722593559248
0.6550529756127972,1.0025707138750417,1.1032520931711054,0.6974722593559248
0.6550529756127972,1.0025707138750417,1.2068155752490666,0.6974722593559248
0.6550529756127972,1.0025707138750417,1.2624139800036942,0.6974722593559248
0.7195764032528851,1.0025707138750417,1.0141070340092548,0.6974722593559248
0.7195764032528851,1.0025707138750417,1.0022794221882028,0.6974722593559248
0.7195764032528851,1.0025707138750417,1.0605984408633629,0.6974722593559248
0.7195764032528851,1.0025707138750417,1.0501564674509642,0.6974722593559248
0.7195764032528851,1.0025707138750417,1.0870379880946843,0.6974722593559248
0.7195764032528851,1.0025707138750417,1.1427998423159949,0.6974722593559248
0.7195764032528851,1.0025707138750417,1.055536616772442,0.6974722593559248
0.7181614534327895,1.0025707138750417,1.134652419152134,0.6974722593559248
0.7181614534327895,1.0025707138750417,0.9396645338395283,0.6974722593559248
0.7181614534327895,1.0141170363970096,1.1454658370604496,0.6974722593559248
0.7181614534327895,1.0141170363970096,1.1179328084965372,0.6974722593559248
0.7181614534327895,1.0141170363970096,1.2484397118082127,0.6974722593559248
0.7181614534327895,1.0141170363970096,0.9488862505038773,0.6974722593559248
0.7181614534327895,1.0141170363970096,1.0001409494177116,0.6974722593559248
0.7181614534327895,1.069852780526683,0.8928083688639596,0.6974722593559248
0.7181614534327895,1.069852780526683,0.9527962692707772,0.6974722593559248
0.7181614534327895,1.069852780526683,0.7462659113333199,0.6974722593559248
0.7181614534327895,1.069852780526683,0.8376270154526219,0.6974722593559248
0.7181614534327895,1.069852780526683,0.8477329045852541,0.6974722593559248
0.7181614534327895,1.069852780526683,0.9049005252639895,0.6974722593559248
0.7181614534327895,1.069852780526683,0.8933032506145592,0.6974722593559248
0.7181614534327895,1.069852780526683,0.9140513575268207,0.6974722593559248
0.7181614534327895,1.069852780526683,0.871878736873107,0.6974722593559248
0.7181614534327895,1.069852780526683,0.778983391731183,0.6974722593559248
0.7181614534327895,1.069852780526683,0.7394955738746782,0.6974722593559248
0.7181614534327895,1.069852780526683,0.8890164363202198,0.6974722593559248
0.7181614534327895,1.069852780526683,0.9545528989813283,0.6974722593559248
0.7181614534327895,1.069852780526683,0.8661120885428828,0.6974722593559248
0.7181614534327895,1.069852780526683,1.0298766893663158,0.6974722593559248
0.7181614534327895,1.069852780526683,0.9358588548964825,0.6974722593559248
0.7181614534327895,1.069852780526683,0.8852498411427548,0.6974722593559248
0.7181614534327895,1.069852780526683,0.849243328872242,0.6974722593559248
0.73061221408292,1.069852780526683,0.765573809780414,0.6974722593559248
0.73061221408292,1.069852780526683,0.8455279642067982,0.6974722593559248
0.73061221408292,1.069852780526683,0.9395940226511653,0.6974722593559248
0.73061221408292,1.069852780526683,0.7638326525354563,0.6974722593559248
0.5045054365741003,1.069852780526683,0.898512369386606,0.6974722593559248
0.5045054365741003,1.069852780526683,0.9333609874666815,0.6974722593559248
0.5045054365741003,1.069852780526683,1.163710507397357,0.6974722593559248
0.5045054365741003,1.069852780526683,1.2182443491057906,0.6974722593559248
0.5045054365741003,1.069852780526683,1.1537147506082652,0.6974722593559248
0.5045054365741003,1.069852780526683,1.253092746765854,0.6974722593559248
0.5045054365741003,1.069852780526683,1.1880697517792311,0.6974722593559248
0.5640408319689026,1.069852780526683,1.1439075736354887,0.6974722593559248
0.5640408319689026,1.069852780526683,1.238916799748417,0.6974722593559248
0.5640408319689026,1.069852780526683,1.3001873087700258,0.6974722593559248
0.5640408319689026,1.069852780526683,1.1509921604816116,0.6974722593559248
0.5640408319689026,1.069852780526683,1.1693336275003152,0.6974722593559248
0.5640408319689026,1.069852780526683,1.157446483205118,0.6974722593559248
0.5640408319689026,1.069852780526683,0.9985273808830673,0.6974722593559248
0.5640408319689026,1.069852780526683,1.2312228041322297,0.6974722593559248
0.5640408319689026,1.0941010093282058,0.9717276553912908,0.6974722593559248
0.5640408319689026,1.0941010093282058,0.9978762340919607,0.6974722593559248
0.5640408319689026,1.0941010093282058,1.0662033062631364,0.6974722593559248
0.5640408319689026,1.0941010093282058,0.8327599597007717,0.6974722593559248
0.5640408319689026,1.0941010093282058,1.019114306317982,0.6974722593559248
0.5640408319689026,1.0941010093282058,0.9529512986483175,0.6974722593559248
0.5640408319689026,1.0941010093282058,0.964193102747626,0.6974722593559248
0.5640408319689026,1.0941010093282058,1.053318684988556,0.6974722593559248
0.5640408319689026,1.0941010093282058,0.950328806281059,0.6974722593559248
0.5640408319689026,1.0941010093282058,0.9361552796620567,0.6974722593559248
0.5640408319689026,1.0941010093282058,1.111788067893306,0.6974722593559248
0.5640408319689026,1.0941010093282058,1.1151857564730672,0.6974722593559248
0.5640408319689026,1.0941010093282058,0.9270339683620874,0.6974722593559248
0.5640408319689026,1.0941010093282058,0.993684798759423,0.6974722593559248
0.5640408319689026,1.0941010093282058,1.1258251454739758,0.6974722593559248
0.5640408319689026,1.0941010093282058,0.945679460717485,0.6974722593559248
0.5640408319689026,1.0941010093282058,1.0008414863170403,0.6974722593559248
0.5640408319689026,1.0941010093282058,0.9936110740110998,0.6974722593559248
0.5640408319689026,1.090441001146212,0.9577770130352905,0.6974722593559248
0.5640408319689026,1.090441001146212,1.0037899530554522,0.6974722593559248
0.5640408319689026,1.090441001146212,1.0387221683518342,0.6974722593559248
0.5640408319689026,1.090441001146212,0.9771088973878057,0.6974722593559248
0.5640408319689026,1.090441001146212,1.0125207774204643,0.6974722593559248
0.5640408319689026,1.090441001146212,0.9013340937051392,0.6974722593559248
0.5640408319689026,1.090441001146212,0.793027485163944,0.6974722593559248
0.5640408319689026,1.090441001146212,1.2228985136093793,0.6974722593559248
0.5640408319689026,1.090441001146212,0.9255478575068278,0.6974722593559248
0.5640408319689026,1.100042627723805,1.0882997174190026,0.6974722593559248
0.5640408319689026,1.100042627723805,0.8800387080063891,0.6974722593559248
0.5640408319689026,1.100042627723805,0.9141656272874173,0.6974722593559248
0.5640408319689026,1.100042627723805,1.068910870777967,0.6974722593559248
0.5640408319689026,1.100042627723805,1.0647179792223784,0.7047341909224372
0.5640408319689026,1.100042627723805,0.9589418564385941,0.7047341909224372
0.5640408319689026,1.100042627723805,0.7149041822366504,0.7047341909224372
0.5640408319689026,1.100042627723805,0.8530315652118077,0.7047341909224372
0.5640408319689026,1.100042627723805,0.8617166796546032,0.7047341909224372
0.5640408319689026,1.100042627723805,0.8863220146393206,0.7047341909224372
0.5640408319689026,1.100042627723805,1.0079653104891082,0.7047341909224372
0.5640408319689026,1.100042627723805,0.89742214430843,0.7047341909224372
0.5640408319689026,1.100042627723805,0.9237460392700363,0.7047341909224372
0.4516293260284611,1.100042627723805,1.1557708357394028,0.7047341909224372
0.4516293260284611,1.100042627723805,1.066572530366003,0.7047341909224372
0.46825852733005613,1.100042627723805,1.225590638809503,0.7047341909224372
0.46825852733005613,1.100042627723805,1.3283859180336934,0.7047341909224372
0.46825852733005613,1.100042627723805,1.2045066162362685,0.7047341909224372
0.46825852733005613,1.100042627723805,1.3313979512886944,0.7047341909224372
0.46825852733005613,1.100042627723805,1.1626811298895277,0.7047341909224372
0.46825852733005613,1.100042627723805,1.2340061818813286,0.7047341909224372
0.46825852733005613,1.100042627723805,1.142029642755873,0.7047341909224372
0.46825852733005613,1.100042627723805,1.2856046552713194,0.7047341909224372
0.46825852733005613,1.100042627723805,1.2720832652274692,0.7047341909224372
0.46825852733005613,1.100042627723805,1.1332740305627134,0.7047341909224372
0.46825852733005613,1.100042627723805,1.113345858424159,0.7047341909224372
0.46825852733005613,1.100042627723805,1.1079586069020897,0.7047341909224372
0.43657997561006284,1.100042627723805,1.2351285368200005,0.7047341909224372
0.43657997561006284,1.100042627723805,1.009837735519004,0.7047341909224372
0.43657997561006284,1.100042627723805,1.2254456749497502,0.7047341909224372
0.43657997561006284,1.100042627723805,1.002143011771641,0.7047341909224372
0.43657997561006284,1.100042627723805,1.1235714118576823,0.7047341909224372
0.43657997561006284,1.100042627723805,1.1648671006855402,0.7047341909224372
0.43657997561006284,1.100042627723805,1.1395437597907185,0.7047341909224372
0.43657997561006284,1.0986774737922549,1.307237144435223,0.7047341909224372
0.43657997561006284,1.0986774737922549,1.3335298385585834,0.7047341909224372
0.43657997561006284,1.0986774737922549,1.2301082279068936,0.7047341909224372
0.43657997561006284,1.0986774737922549,1.056739074572858,0.7047341909224372
0.43657997561006284,1.0872408358245067,1.3241834092422575,0.7047341909224372
0.43657997561006284,1.0872408358245067,1.160833439726961,0.7047341909224372
0.43657997561006284,1.0872408358245067,0.9781862753546177,0.7127746212885456
0.43657997561006284,1.0764313285533662,1.1687108894379632,0.7127746212885456
0.43657997561006284,1.0764313285533662,1.2724743543854296,0.7127746212885456
0.43657997561006284,1.0764313285533662,1.4351565926954366,0.7127746212885456
0.43657997561006284,1.0764313285533662,1.3703676994273777,0.7127746212885456
0.43657997561006284,1.0764313285533662,1.301078032712759,0.7127746212885456
0.4595799177699659,1.0764313285533662,1.5702689436861734,0.7127746212885456
0.4595799177699659,1.0764313285533662,1.3036009568153755,0.7127746212885456
0.4595799177699659,1.0764313285533662,1.1288074607177794,0.7127746212885456
0.4595799177699659,1.0764313285533662,1.2985534622530597,0.7127746212885456
0.4595799177699659,1.0764313285533662,1.2072655378246888,0.7127746212885456
0.4595799177699659,1.0764313285533662,1.4692737486101264,0.7127746212885456
0.4595799177699659,1.0764313285533662,1.436264801126461,0.7023345939394405
0.4595799177699659,1.0764313285533662,1.3975794397902734,0.7023345939394405
0.4595799177699659,1.0764313285533662,1.3258705719160295,0.7023345939394405
0.4595799177699659,1.0764313285533662,1.3636547602633284,0.7023345939394405
0.4595799177699659,1.0764313285533662,1.2044482855101324,0.7023345939394405
0.4595799177699659,1.0764313285533662,1.0590621925089474,0.7023345939394405
0.4595799177699659,1.0764313285533662,1.384445527352836,0.7023345939394405
0.4595799177699659,1.0764313285533662,1.2249918959892199,0.7023345939394405
0.4595799177699659,1.0764313285533662,1.4158963378760139,0.7023345939394405
0.4595799177699659,1.0764313285533662,1.269852979772463,0.7023345939394405
0.4595799177699659,1.0764313285533662,1.1534552570922543,0.7023345939394405
0.4595799177699659,1.0764313285533662,1.194014916437658,0.7023345939394405
0.4595799177699659,1.0764313285533662,1.28506790992799,0.7023345939394405
0.4595799177699659,1.0764313285533662,1.3068081909274494,0.7023345939394405
0.4595799177699659,1.0764313285533662,1.1655227897890887,0.7023345939394405
0.4595799177699659,1.0764313285533662,1.8547100277062003,0.7023345939394405
0.4595799177699659,1.0764313285533662,1.3312923031945039,0.7023345939394405
0.5990764682186538,1.0764313285533662,1.2560822197178527,0.7023345939394405
0.5990764682186538,1.0764313285533662,1.1767201163943308,0.7023345939394405
0.6500255377806935,1.0764313285533662,0.8097225842399018,0.7023345939394405
0.6500255377806935,1.0764313285533662,0.9414856373022801,0.7023345939394405
0.6634033833111116,1.0764313285533662,1.0212101415718755,0.7023345939394405
0.6634033833111116,1.0764313285533662,0.937453597328439,0.7023345939394405
0.6634033833111116,1.0764313285533662,0.9008026704352404,0.7023345939394405
0.6634033833111116,1.0764313285533662,0.8186297482384393,0.7023345939394405
0.6634033833111116,1.0764313285533662,0.8876049370687048,0.7023345939394405
0.7282114849720576,1.0764313285533662,0.8198885151673704,0.7023345939394405
0.612440105383088,1.0764313285533662,0.8118981935329803,0.7023345939394405
0.612440105383088,1.0764313285533662,0.9837712289773123,0.7023345939394405
0.612440105383088,1.0764313285533662,1.0100908179031727,0.7023345939394405
0.612440105383088,1.0764313285533662,0.9554271519522687,0.7023345939394405
0.612440105383088,1.0764313285533662,1.0568414847417784,0.7023345939394405
0.4940725154267967,1.0764313285533662,1.2672200419320998,0.7023345939394405
0.4940725154267967,1.0764313285533662,0.9702524363326994,0.7023345939394405
0.4940725154267967,1.0764313285533662,1.1439390040246142,0.7023345939394405
0.4940725154267967,1.0764313285533662,1.314070473039875,0.7023345939394405
0.4940725154267967,1.0764313285533662,1.415658454156271,0.7023345939394405
0.4940725154267967,1.0764313285533662,1.23057379043626,0.7023345939394405
0.4940725154267967,1.0764313285533662,1.224488755818457,0.7023345939394405
0.4940725154267967,1.0764313285533662,1.280570623727758,0.7023345939394405
0.4940725154267967,1.0764313285533662,1.0431408087064098,0.7023345939394405
0.4940725154267967,1.0764313285533662,1.2037797577114717,0.7023345939394405
0.5672207249408685,1.0764313285533662,1.2187358880002568,0.7023345939394405
0.5672207249408685,1.0764313285533662,1.1534735687175033,0.7023345939394405
0.5672207249408685,1.0764313285533662,1.0812288461139656,0.7023345939394405
0.5672207249408685,1.0764313285533662,1.0516769354935622,0.7023345939394405
0.5672207249408685,1.0764313285533662,1.0402465363857811,0.7023345939394405
0.5672207249408685,1.0764313285533662,1.05411058830315,0.7023345939394405
0.5672207249408685,1.0764313285533662,1.2683446034389652,0.7023345939394405
0.5672207249408685,1.0764313285533662,1.0607657047770984,0.7023345939394405
0.5672207249408685,1.0764313285533662,0.9604280574235815,0.7023345939394405
0.5672207249408685,1.0764313285533662,1.1341551394250733,0.7023345939394405
0.5672207249408685,1.0764313285533662,0.9916233892876494,0.7023345939394405
0.5672207249408685,1.0764313285533662,1.1526058889979467,0.7023345939394405
0.5672207249408685,1.0764313285533662,1.1051899088344033,0.7023345939394405
0.5672207249408685,1.0764313285533662,1.0892005652730428,0.7023345939394405
0.5672207249408685,1.0764313285533662,1.1397243264835952,0.7023345939394405
0.5672207249408685,1.0764313285533662,0.941390091398128,0.7023345939394405
0.5672207249408685,1.0764313285533662,1.155374670127117,0.7023345939394405
0.5672207249408685,1.0764313285533662,0.9257590313678772,0.7023345939394405
0.5672207249408685,1.0764313285533662,1.2257710714445849,0.7023345939394405
0.5672207249408685,1.0764313285533662,0.9769038656069274,0.7023345939394405
0.5672207249408685,1.0764313285533662,1.1182289309487632,0.7023345939394405
0.5672207249408685,1.0764313285533662,1.028323680829125,0.7023345939394405
0.5672207249408685,1.0764313285533662,1.0128814185680106,0.7023345939394405
0.5672207249408685,1.0764313285533662,1.0495330178761384,0.7023345939394405
0.5672207249408685,1.0764313285533662,1.1000301651601356,0.7023345939394405
0.484306259172974,1.0764313285533662,1.1803887258704853,0.7023345939394405
0.484306259172974,1.0764313285533662,1.1433031775770544,0.7023345939394405
0.484306259172974,1.0764313285533662,1.3007676400749728,0.7023345939394405
0.484306259172974,1.0764313285533662,1.224235514025845,0.7023345939394405
0.484306259172974,1.1180508197283745,1.0186798927404208,0.7023345939394405
0.484306259172974,1.1180508197283745,0.8953674648262483,0.7023345939394405
0.484306259172974,1.1180508197283745,0.9087765662955551,0.7023345939394405
0.484306259172974,1.1180508197283745,1.172935920863422,0.7023345939394405
0.484306259172974,1.1180508197283745,1.0267124576406008,0.7023345939394405
0.484306259172974,1.1180508197283745,1.178673845852734,0.7023345939394405
0.484306259172974,1.1180508197283745,0.9805100638129688,0.7023345939394405
0.484306259172974,1.1180508197283745,0.8791511551414127,0.7023345939394405
0.484306259172974,1.1180508197283745,1.1497044977907218,0.7023345939394405
0.484306259172974,1.1180508197283745,0.9008069181917918,0.7023345939394405
0.484306259172974,1.1180508197283745,1.1627071782876253,0.7023345939394405
0.484306259172974,1.1180508197283745,1.0819249930889299,0.7023345939394405
0.484306259172974,1.1180508197283745,1.0124002737417144,0.7023345939394405
0.484306259172974,1.1180508197283745,0.9952425116744185,0.7023345939394405
0.484306259172974,1.1180508197283745,0.9215251888339661,0.7023345939394405
0.484306259172974,1.1180508197283745,1.2488538299765926,0.7023345939394405
0.484306259172974,1.1180508197283745,1.0588325886198153,0.7023345939394405
0.484306259172974,1.1180508197283745,0.9778712739580442,0.7023345939394405
0.484306259172974,1.1180508197283745,1.0240275331513713,0.7023345939394405
0.484306259172974,1.1180508197283745,0.9806842581974428,0.7023345939394405
0.484306259172974,1.1180508197283745,1.0655207178092003,0.7023345939394405
0.484306259172974,1.1180508197283745,1.0431145522486205,0.7023345939394405
0.484306259172974,1.1180508197283745,1.0238706886192102,0.7023345939394405
0.484306259172974,1.1180508197283745,1.1489879810940615,0.7023345939394405
0.484306259172974,1.1180508197283745,1.0016259219300454,0.7023345939394405
0.484306259172974,1.1180508197283745,1.1642350826864796,0.7023345939394405
0.484306259172974,1.1180508197283745,1.0982669105777672,0.7023345939394405
0.484306259172974,1.1180508197283745,0.9589083151414155,0.7023345939394405
0.484306259172974,1.1180508197283745,1.1085159219658087,0.7023345939394405
0.484306259172974,1.1180508197283745,1.0442850173167977,0.7023345939394405
0.484306259172974,1.1180508197283745,1.040323175617858,0.7023345939394405
0.484306259172974,1.1180508197283745,1.2091001813179951,0.7023345939394405
0.484306259172974,1.1180508197283745,1.07360664956869,0.7023345939394405
0.484306259172974,1.1180508197283745,1.0484824816766698,0.7023345939394405
0.484306259172974,1.1180508197283745,1.0202222565379948,0.7023345939394405
0.484306259172974,1.1180508197283745,1.0967901956739776,0.7023345939394405
0.484306259172974,1.1180508197283745,0.9501773635612782,0.7023345939394405
0.484306259172974,1.1180508197283745,1.0266000273523987,0.7023345939394405
0.484306259172974,1.1180508197283745,1.0450235015327198,0.7023345939394405
0.484306259172974,1.1180508197283745,0.8874542858148023,0.7023345939394405
0.484306259172974,1.1180508197283745,1.0876084714951566,0.7023345939394405
0.484306259172974,1.1180508197283745,1.0787356396267285,0.7023345939394405
0.484306259172974,1.1180508197283745,0.9535734736940619,0.7023345939394405
0.484306259172974,1.1180508197283745,1.178033184938002,0.7023345939394405
0.484306259172974,1.1180508197283745,1.1963442293579634,0.7023345939394405
0.484306259172974,1.1180508197283745,1.1404618531402941,0.7023345939394405
0.484306259172974,1.1180508197283745,1.0882042594070924,0.7023345939394405
0.484306259172974,1.1180508197283745,1.0917717219340564,0.7023345939394405
0.484306259172974,1.1180508197283745,1.147123154476268,0.7023345939394405
0.4202451124024547,1.1180508197283745,1.2966696462706504,0.7023345939394405
0.4202451124024547,1.1180508197283745,1.403599408783137,0.7023345939394405
0.4202451124024547,1.1180508197283745,1.3095620555617669,0.7023345939394405
0.4202451124024547,1.1180508197283745,1.0831579364683828,0.7023345939394405
0.4202451124024547,1.1180508197283745,1.0629782646455384,0.7023345939394405
0.4202451124024547,1.1180508197283745,1.0185826659143664,0.7023345939394405
0.4202451124024547,1.1180508197283745,1.3062360309568861,0.7023345939394405
0.4202451124024547,1.1180508197283745,1.34694677302426,0.7023345939394405
0.4202451124024547,1.1180508197283745,0.8809994123070948,0.7023345939394405
0.4202451124024547,1.1180508197283745,1.2941393960406586,0.7023345939394405
0.4202451124024547,1.1180508197283745,1.036925262611341,0.7023345939394405
0.4202451124024547,1.1180508197283745,0.9765012445315328,0.7023345939394405
0.4202451124024547,1.1180508197283745,1.3273610095653556,0.7023345939394405
0.4202451124024547,1.1180508197283745,1.285730115538041,0.7023345939394405
0.4297652991711569,1.1180508197283745,1.548512204489937,0.7023345939394405
0.4297652991711569,1.1180508197283745,1.133932708996157,0.7023345939394405
0.4297652991711569,1.1180508197283745,1.2097903895066713,0.7023345939394405
0.4297652991711569,1.1180508197283745,1.0350726216904373,0.7023345939394405
0.4297652991711569,1.1180508197283745,1.4508076019851976,0.7023345939394405
0.4297652991711569,1.1180508197283745,1.0377029918595055,0.7023345939394405
0.4297652991711569,1.1180508197283745,1.1272263179823385,0.7023345939394405
0.4297652991711569,1.1180508197283745,1.1007071581098815,0.7023345939394405
0.4297652991711569,1.1180508197283745,1.074559946340901,0.7023345939394405
0.4297652991711569,1.1180508197283745,1.0236682621318725,0.7023345939394405
0.4297652991711569,1.1180508197283745,1.113749255448557,0.7023345939394405
0.4297652991711569,1.1180508197283745,1.2367199427225208,0.7023345939394405
0.4297652991711569,1.1180508197283745,1.1672808419696625,0.7023345939394405
0.4297652991711569,1.1180508197283745,1.169654735801933,0.7023345939394405
0.4297652991711569,1.1180508197283745,1.36208778092291,0.7023345939394405
0.4297652991711569,1.1180508197283745,1.0659060358195276,0.7023345939394405
0.4297652991711569,1.1180508197283745,1.143508873147706,0.7023345939394405
0.4297652991711569,1.1180508197283745,1.1719692596580749,0.7023345939394405
0.4297652991711569,1.1234836460520783,1.0484461277772694,0.7023345939394405
0.4297652991711569,1.1234836460520783,1.1941272254334783,0.7023345939394405
0.4297652991711569,1.1234836460520783,1.079514840090919,0.7023345939394405
0.4297652991711569,1.1234836460520783,1.1222068491099813,0.7023345939394405
0.4297652991711569,1.1234836460520783,1.320246837776906,0.7023345939394405
0.4297652991711569,1.1234836460520783,1.0394003894116581,0.7023345939394405
0.4297652991711569,1.1322170040955457,1.1242452829216607,0.7023345939394405
0.4297652991711569,1.1322170040955457,1.176372859414192,0.7023345939394405
0.4297652991711569,1.1322170040955457,1.0473832719595808,0.7023345939394405
0.4297652991711569,1.1322170040955457,1.0673943895023796,0.7023345939394405
0.4297652991711569,1.1322170040955457,1.1697632550152663,0.7023345939394405
0.4297652991711569,1.1322170040955457,1.2723907434353425,0.7023345939394405
0.4297652991711569,1.1322170040955457,1.08117621558235,0.7023345939394405
0.4297652991711569,1.1322170040955457,1.1482792275521763,0.7023345939394405
0.4297652991711569,1.1322170040955457,1.078293821915386,0.7023345939394405
0.4297652991711569,1.1322170040955457,1.0778610367701604,0.7023345939394405
0.4297652991711569,1.1927417942922216,0.8537424956834401,0.7023345939394405
0.4297652991711569,1.1927417942922216,0.9371510357286246,0.7023345939394405
0.4297652991711569,1.1927417942922216,0.9267261189560245,0.7023345939394405
0.4297652991711569,1.1927417942922216,0.7362175207361763,0.7023345939394405
0.4297652991711569,1.1927417942922216,0.8837346373318838,0.7023345939394405
0.4297652991711569,1.1927417942922216,0.8185911248849872,0.7023345939394405
0.4297652991711569,1.1927417942922216,0.9379458536000581,0.7023345939394405
0.4297652991711569,1.1927417942922216,0.7109351122018602,0.7023345939394405
0.4297652991711569,1.1927417942922216,0.9143703849217553,0.7023345939394405
0.4297652991711569,1.1927417942922216,0.9390756047528944,0.7023345939394405
0.4297652991711569,1.1927417942922216,0.8282197772129251,0.7023345939394405
0.4297652991711569,1.1927417942922216,0.9077059445569712,0.7023345939394405
0.4297652991711569,1.1927417942922216,0.7150119177586695,0.7023345939394405
0.4297652991711569,1.1927417942922216,1.0826201494456638,0.7023345939394405
0.4297652991711569,1.1927417942922216,1.028842450045924,0.7023345939394405
0.4297652991711569,1.1927417942922216,0.9090467134401746,0.7023345939394405
0.4297652991711569,1.1927417942922216,0.9832609953222201,0.7023345939394405
0.4297652991711569,1.1927417942922216,0.8707847939015886,0.7023345939394405
0.4297652991711569,1.1927417942922216,0.9082019140345838,0.7023345939394405
0.4297652991711569,1.1624514882516697,0.9097104698439938,0.7023345939394405
0.4297652991711569,1.1878880962599123,0.9142022295299906,0.7023345939394405
0.4297652991711569,1.1878880962599123,0.8136713003762257,0.7023345939394405
0.4297652991711569,1.1878880962599123,0.8339089621597189,0.7023345939394405
0.4297652991711569,1.1878880962599123,0.7263877857420549,0.7023345939394405
0.4297652991711569,1.1878880962599123,1.1262812772207906,0.7023345939394405
0.4297652991711569,1.1878880962599123,0.7988673742135249,0.7023345939394405
0.4297652991711569,1.1878880962599123,0.9819122158942257,0.7023345939394405
0.4297652991711569,1.1878880962599123,0.8181528491979011,0.7023345939394405
0.4297652991711569,1.1878880962599123,0.8761894116606168,0.7023345939394405
0.4297652991711569,1.1878880962599123,0.7316399509392911,0.7023345939394405
0.4297652991711569,1.1878880962599123,0.8099897997148185,0.7023345939394405
0.4297652991711569,1.1878880962599123,0.9020224543488138,0.7023345939394405
0.4297652991711569,1.1878880962599123,0.9647644924850752,0.7023345939394405
0.4297652991711569,1.1878880962599123,0.9715714639662606,0.7023345939394405
0.4297652991711569,1.1878880962599123,0.8147040565632413,0.7023345939394405
0.4297652991711569,1.1878880962599123,0.9572256409475405,0.7023345939394405
0.4297652991711569,1.1878880962599123,0.9975189697465904,0.7023345939394405
0.4297652991711569,1.1878880962599123,0.8294789463276119,0.7023345939394405
0.4297652991711569,1.1878880962599123,0.8781268062561113,0.7023345939394405
0.4297652991711569,1.1878880962599123,0.8243730002966906,0.7023345939394405
0.4297652991711569,1.1878880962599123,0.9130211421620862,0.7023345939394405
0.4297652991711569,1.1878880962599123,1.0016917617275025,0.7023345939394405
0.4297652991711569,1.1878880962599123,0.9357268382179663,0.7023345939394405
0.4297652991711569,1.1878880962599123,0.8519531515165277,0.7023345939394405
0.4297652991711569,1.1878880962599123,0.9131558861884306,0.7023345939394405
0.4128091216484771,1.1878880962599123,0.9992013950445003,0.7023345939394405
0.4128091216484771,1.1878880962599123,0.8991255721821385,0.7023345939394405
0.4128091216484771,1.1878880962599123,0.9256567327890748,0.7023345939394405
0.4128091216484771,1.1878880962599123,1.1367696989567697,0.7023345939394405
0.4128091216484771,1.1878880962599123,0.9848751166660379,0.7023345939394405
0.4128091216484771,1.1878880962599123,0.937208891970862,0.7023345939394405
0.4128091216484771,1.1878880962599123,0.8607401177295573,0.7023345939394405
0.4128091216484771,1.1878880962599123,0.9556977855961765,0.7023345939394405
0.4128091216484771,1.1878880962599123,0.8200837867844846,0.7023345939394405
0.4128091216484771,1.1878880962599123,0.9232449235077945,0.7023345939394405
0.4128091216484771,1.1878880962599123,1.0081321858019112,0.7023345939394405
0.4128091216484771,1.1878880962599123,0.9658227550550703,0.7023345939394405
0.4128091216484771,1.1878880962599123,0.8238473201647665,0.7023345939394405
0.4046109334516455,1.1878880962599123,0.8925795907521443,0.7023345939394405
0.4046109334516455,1.1878880962599123,1.0012793201341743,0.7023345939394405
0.4046109334516455,1.1878880962599123,0.9923913497778009,0.7023345939394405
0.4046109334516455,1.1878880962599123,0.9760725528281798,0.7023345939394405
0.4046109334516455,1.1878880962599123,1.1982747210622817,0.7023345939394405
0.4046109334516455,1.1878880962599123,0.95749099457919,0.7023345939394405
0.4046109334516455,1.1878880962599123,0.8979585979823945,0.7023345939394405
0.4046109334516455,1.1878880962599123,1.108116607782907,0.7023345939394405
0.4046109334516455,1.1878880962599123,0.9361707632622391,0.7023345939394405
0.4046109334516455,1.1878880962599123,1.0075207951934533,0.7023345939394405
0.4046109334516455,1.1878880962599123,0.9196312324336896,0.7023345939394405
0.4046109334516455,1.1878880962599123,0.9483914370414755,0.7023345939394405
0.4046109334516455,1.1490992722944773,0.9740430250253809,0.7023345939394405
0.4046109334516455,1.1490992722944773,1.2786859587953263,0.7023345939394405
0.4046109334516455,1.1490992722944773,1.3075790156015914,0.7023345939394405
0.4046109334516455,1.1490992722944773,1.2404015144943654,0.7023345939394405
0.4046109334516455,1.1490992722944773,1.0355015654718436,0.7023345939394405
0.4046109334516455,1.1490992722944773,1.0540577094449703,0.7023345939394405
0.4046109334516455,1.1490992722944773,0.9247452331542937,0.7023345939394405
0.4046109334516455,1.1490992722944773,1.2569589069232945,0.7023345939394405
0.4046109334516455,1.1490992722944773,1.100790336756378,0.7023345939394405
0.4046109334516455,1.1490992722944773,1.1039910522440441,0.7023345939394405
0.4046109334516455,1.1490992722944773,0.9311263050676291,0.7023345939394405
0.4046109334516455,1.1388840183311943,1.2020600401181074,0.7023345939394405
0.4046109334516455,1.1388840183311943,1.2025405977136725,0.7023345939394405
0.4046109334516455,1.1388840183311943,1.091739582157673,0.7023345939394405
0.4046109334516455,1.1388840183311943,1.0377650038653998,0.7023345939394405
0.4046109334516455,1.1388840183311943,0.998180981717918,0.7023345939394405
0.4046109334516455,1.1388840183311943,1.0411748972998598,0.7023345939394405
0.4046109334516455,1.1388840183311943,0.9866003585627976,0.7023345939394405
0.4046109334516455,1.1388840183311943,1.3960113746771943,0.7023345939394405
0.4046109334516455,1.1388840183311943,1.1391144716033426,0.7023345939394405
0.4046109334516455,1.1388840183311943,1.0692627831544044,0.7023345939394405
0.4046109334516455,1.1388840183311943,1.0963447956064158,0.7023345939394405
0.4046109334516455,1.1388840183311943,1.2231564413591618,0.7023345939394405
0.4046109334516455,1.1388840183311943,1.1989387516805912,0.7023345939394405
0.4046109334516455,1.1388840183311943,1.126558193929709,0.7023345939394405
0.4046109334516455,1.1388840183311943,1.3630808919716642,0.7023345939394405
0.4046109334516455,1.1333842106336156,1.1935428240165469,0.7023345939394405
0.4046109334516455,1.1333842106336156,1.094075655019894,0.7023345939394405
0.4046109334516455,1.2150400337461462,0.9194927532526633,0.7023345939394405
0.4046109334516455,1.2150400337461462,0.861813220265331,0.7023345939394405
0.4046109334516455,1.2150400337461462,1.0102573255665694,0.7023345939394405
0.4046109334516455,1.1284453675738249,1.1217384099221628,0.7023345939394405
0.38002270783238706,1.1284453675738249,1.482442012746027,0.7023345939394405
0.38002270783238706,1.1284453675738249,1.2798396055845846,0.7023345939394405
0.38002270783238706,1.1284453675738249,1.2783175221178036,0.7023345939394405
0.38002270783238706,1.1284453675738249,1.3431285140129516,0.7023345939394405
0.35852389069714496,1.1284453675738249,1.466071251231657,0.7023345939394405
0.42763906408248675,1.1284453675738249,1.1978928480415936,0.7023345939394405
0.42763906408248675,1.1284453675738249,1.2159751525157547,0.7023345939394405
0.42763906408248675,1.1284453675738249,1.0445594532442597,0.7023345939394405
0.42763906408248675,1.1284453675738249,1.6032657037438727,0.7023345939394405
0.42763906408248675,1.1284453675738249,1.1440399095769467,0.7023345939394405
0.42763906408248675,1.1284453675738249,1.2577761423961535,0.7023345939394405
0.42763906408248675,1.1284453675738249,1.2899949112638933,0.7023345939394405
0.42763906408248675,1.1284453675738249,1.109475291020472,0.7023345939394405
0.4644802534777001,1.1284453675738249,1.190288512854682,0.7023345939394405
0.4644802534777001,1.1284453675738249,0.9373020106161265,0.7023345939394405
0.4644802534777001,1.1284453675738249,1.160012034576341,0.7023345939394405
0.4644802534777001,1.1284453675738249,1.1596116951308344,0.7023345939394405
0.4644802534777001,1.1284453675738249,1.0900362792016338,0.7023345939394405
0.4644802534777001,1.1284453675738249,0.9760258766354318,0.7023345939394405
0.4644802534777001,1.1284453675738249,1.089506086351073,0.7023345939394405
0.4644802534777001,1.1284453675738249,1.1541098471047657,0.7023345939394405
0.4644802534777001,1.1284453675738249,0.9659716307626423,0.7023345939394405
0.4644802534777001,1.1284453675738249,1.0250416174980093,0.7023345939394405
0.4644802534777001,1.1284453675738249,1.0801168838819237,0.7023345939394405
0.4644802534777001,1.1284453675738249,1.075875674554959,0.7023345939394405
0.4644802534777001,1.1284453675738249,0.9633246770075855,0.7023345939394405
0.4644802534777001,1.1284453675738249,1.0614733002454302,0.7023345939394405
0.4644802534777001,1.1284453675738249,0.8998569750518667,0.7023345939394405
0.4644802534777001,1.1284453675738249,1.0435821432352497,0.7023345939394405
0.4644802534777001,1.1284453675738249,1.0387157604374657,0.7023345939394405
0.4644802534777001,1.1284453675738249,0.9332782868318892,0.7023345939394405
0.4644802534777001,1.1284453675738249,1.1330746364239324,0.7023345939394405
0.4644802534777001,1.1284453675738249,1.1376765649736713,0.7023345939394405
0.4644802534777001,1.1284453675738249,0.933270739206846,0.7023345939394405
0.549484655688064,1.1284453675738249,0.8745873159458645,0.7023345939394405
0.549484655688064,1.1284453675738249,1.1632837342120965,0.7023345939394405
0.549484655688064,1.1284453675738249,0.7717907714098577,0.7023345939394405
0.549484655688064,1.1284453675738249,0.8030626904454303,0.7023345939394405
0.549484655688064,1.1284453675738249,0.9109004178453267,0.7023345939394405
0.549484655688064,1.1284453675738249,0.8742372583310899,0.7023345939394405
0.549484655688064,1.1284453675738249,1.0147873419501836,0.7023345939394405
0.549484655688064,1.1284453675738249,0.9668972596456445,0.7023345939394405
0.549484655688064,1.1284453675738249,0.9970941853220254,0.7023345939394405
0.549484655688064,1.1284453675738249,0.9219410293576286,0.7023345939394405
0.549484655688064,1.1284453675738249,0.8750609210431365,0.7023345939394405
0.549484655688064,1.1284453675738249,0.8889633086596825,0.7023345939394405
0.549484655688064,1.1284453675738249,0.9277650124819331,0.7023345939394405
0.549484655688064,1.1284453675738249,0.9884603339354461,0.7023345939394405
0.615587431952076,1.1284453675738249,0.7882820741659247,0.7023345939394405
0.615587431952076,1.1284453675738249,0.717250509994843,0.7023345939394405
0.615587431952076,1.1284453675738249,0.7559026182811628,0.7023345939394405
0.615587431952076,1.1284453675738249,0.8949302489192905,0.7023345939394405
0.615587431952076,1.1284453675738249,0.9272154965830857,0.7023345939394405
0.615587431952076,1.1284453675738249,0.8515125314243802,0.7023345939394405
0.615587431952076,1.1284453675738249,0.7553149631862762,0.7023345939394405
0.615587431952076,1.06189147041651,0.8793600514567471,0.7023345939394405
0.615587431952076,1.06189147041651,1.1389280963003034,0.7023345939394405
0.615587431952076,1.06189147041651,0.854788427411211,0.7023345939394405
0.615587431952076,1.06189147041651,1.049663776414679,0.7023345939394405
0.615587431952076,1.06189147041651,1.00719661455957,0.7023345939394405
0.615587431952076,1.06189147041651,0.9569035617288703,0.7023345939394405
0.615587431952076,1.06189147041651,1.048042317554383,0.7023345939394405
0.615587431952076,1.06189147041651,1.2589594027211641,0.7023345939394405
0.615587431952076,1.06189147041651,1.0046485923533077,0.7023345939394405
0.615587431952076,1.06189147041651,1.0175851817609742,0.7023345939394405
0.615587431952076,1.0254171858298577,1.0129270439977338,0.7023345939394405
0.615587431952076,1.0254171858298577,1.170950172099499,0.6961517700995531
0.615587431952076,1.0254171858298577,1.1748091974758401,0.6961517700995531
0.615587431952076,1.0254171858298577,1.2209542247733853,0.6961517700995531
0.615587431952076,1.0254171858298577,1.163159997277905,0.6961517700995531
0.615587431952076,1.0254171858298577,1.2123606629218522,0.6961517700995531
0.615587431952076,1.0254171858298577,1.1876395227009982,0.6961517700995531
0.615587431952076,1.0562695160221762,1.1664852365975484,0.6961517700995531
0.615587431952076,1.0562695160221762,0.9826821990928885,0.6961517700995531
0.615587431952076,1.0562695160221762,1.1645162641542028,0.6961517700995531
0.615587431952076,1.0562695160221762,1.0969185850374268,0.6961517700995531
0.615587431952076,1.0562695160221762,1.0244462925592488,0.6961517700995531
0.5958743216373822,1.0562695160221762,1.0329485262803983,0.6961517700995531
0.5958743216373822,1.0562695160221762,0.9754933074221549,0.6961517700995531
0.5958743216373822,1.0562695160221762,1.2095025621776712,0.6961517700995531
0.5958743216373822,1.0562695160221762,1.3608674186666805,0.6961517700995531
0.5968756729797489,1.0562695160221762,1.0223041801603634,0.6961517700995531
0.5968756729797489,1.0562695160221762,1.2074687711538759,0.6961517700995531
0.5968756729797489,1.0562695160221762,0.9366044019503768,0.6961517700995531
0.5968756729797489,1.0562695160221762,0.7747659137480876,0.6961517700995531
0.5968756729797489,1.0562695160221762,1.0954164297262796,0.6961517700995531
0.5968756729797489,1.0562695160221762,1.0536745705845283,0.6961517700995531
0.5968756729797489,1.0562695160221762,1.1112786157334522,0.6961517700995531
0.5968756729797489,1.0562695160221762,1.2217097199486138,0.6961517700995531
0.5968756729797489,1.0562695160221762,0.8457593892157023,0.6961517700995531
0.5968756729797489,1.0562695160221762,1.1542795554331384,0.6961517700995531
0.5968756729797489,1.0562695160221762,1.05813564120213,0.6961517700995531
0.5968756729797489,1.0562695160221762,1.140060461499782,0.6961517700995531
0.5968756729797489,1.0562695160221762,1.0359062526068052,0.6961517700995531
0.5968756729797489,1.0562695160221762,1.017051757127555,0.6961517700995531
0.5968756729797489,1.0562695160221762,0.8695488630778134,0.6961517700995531
0.5968756729797489,1.0562695160221762,1.0612904574660378,0.6961517700995531
0.5968756729797489,1.0562695160221762,1.2881308347888532,0.6961517700995531
0.5219928196362378,1.0562695160221762,1.2376121408536895,0.6961517700995531
0.5219928196362378,1.0562695160221762,1.1504543852349802,0.6961517700995531
0.5219928196362378,1.0562695160221762,1.56418456473441,0.6961517700995531
0.5219928196362378,1.0562695160221762,1.1921012586836894,0.6961517700995531
0.5219928196362378,1.0562695160221762,1.1765513732248836,0.6961517700995531
0.5219928196362378,1.0562695160221762,1.3022675606100718,0.6961517700995531
0.5219928196362378,1.0562695160221762,1.3017084958310188,0.6961517700995531
0.5219928196362378,1.0562695160221762,1.2806986133226446,0.6961517700995531
0.5219928196362378,1.0562695160221762,1.2489875092228784,0.6961517700995531
0.5219928196362378,1.0562695160221762,1.3615040255786712,0.6961517700995531
0.5219928196362378,1.0562695160221762,1.1914817336102297,0.6961517700995531
0.5219928196362378,1.0562695160221762,1.0869148860220674,0.6961517700995531
0.5219928196362378,1.0562695160221762,1.270459338070417,0.6961517700995531
0.5219928196362378,1.0562695160221762,1.521009567417608,0.6961517700995531
0.5219928196362378,1.0562695160221762,1.2189550432490575,0.6961517700995531
0.5219928196362378,1.0562695160221762,1.1620111771973698,0.6961517700995531
0.6153331607894358,1.0562695160221762,1.1192729897667983,0.6961517700995531
0.6153331607894358,1.0562695160221762,0.8871542503644295,0.6961517700995531
0.6153331607894358,1.0562695160221762,0.9852070728690892,0.6961517700995531
0.6153331607894358,1.0562695160221762,0.9737507929319099,0.6961517700995531
0.6153331607894358,1.0562695160221762,1.151014402627359,0.6961517700995531
0.6153331607894358,1.0562695160221762,1.1947549837651465,0.6961517700995531
0.6153331607894358,1.0562695160221762,1.0404022338597472,0.6961517700995531
0.6153331607894358,1.0562695160221762,1.2725502605311305,0.6961517700995531
0.6153331607894358,1.0562695160221762,1.1021882097321953,0.6961517700995531
0.6153331607894358,1.0562695160221762,0.836095926082564,0.6961517700995531
0.6153331607894358,1.0562695160221762,1.0957141228617666,0.6961517700995531
0.6153331607894358,1.0562695160221762,1.0598596848335982,0.6961517700995531
0.6153331607894358,1.0562695160221762,1.1596548623556728,0.6961517700995531
0.6153331607894358,1.0562695160221762,1.0132095969406918,0.6961517700995531
0.6153331607894358,1.0562695160221762,0.990043562195423,0.6961517700995531
0.6153331607894358,1.0562695160221762,0.9611693448108185,0.6961517700995531
0.6153331607894358,1.0562695160221762,1.0873546873508602,0.6961517700995531
0.6153331607894358,1.0562695160221762,0.9387724547767563,0.6961517700995531
0.6153331607894358,1.0562695160221762,0.8882086953561611,0.6961517700995531
0.6153331607894358,1.0562695160221762,1.0084454782188306,0.6961517700995531
0.6153331607894358,1.0562695160221762,1.2442130648354548,0.6961517700995531
0.6153331607894358,1.0562695160221762,0.9483548045549496,0.6961517700995531
0.6153331607894358,1.0562695160221762,1.098385570470366,0.6961517700995531
0.6153331607894358,1.0562695160221762,1.1248493972657103,0.6961517700995531
0.6153331607894358,1.0562695160221762,1.1799873532857663,0.6961517700995531
0.6153331607894358,1.0562695160221762,1.073681533688302,0.6961517700995531
0.6153331607894358,1.0562695160221762,0.9015856853358396,0.6961517700995531
0.6153331607894358,1.0562695160221762,0.9491618223106122,0.6961517700995531
0.6153331607894358,1.0562695160221762,0.9102776495183099,0.6961517700995531
0.6153331607894358,1.0562695160221762,1.1522385391961163,0.6961517700995531
0.6153331607894358,1.0562695160221762,1.0141482890864892,0.6961517700995531
0.6153331607894358,1.0562695160221762,1.0406386335739743,0.6961517700995531
0.6153331607894358,1.0562695160221762,1.0520569598578458,0.6961517700995531
0.6153331607894358,1.0562695160221762,1.0314020637315657,0.6961517700995531
0.6153331607894358,1.0562695160221762,1.1173041313585297,0.6961517700995531
0.6153331607894358,1.0562695160221762,0.9199858446658064,0.6961517700995531
0.6153331607894358,1.0562695160221762,1.0908907273790602,0.6961517700995531
0.6153331607894358,1.0562695160221762,1.2232249519018752,0.6961517700995531
0.6153331607894358,1.0562695160221762,0.9922142110226103,0.6961517700995531
0.6153331607894358,1.0562695160221762,1.020078849682393,0.6961517700995531
0.6153331607894358,1.0562695160221762,1.0167718811173223,0.6961517700995531
0.6153331607894358,1.0562695160221762,1.0594932290551584,0.6961517700995531
0.6153331607894358,1.0562695160221762,1.1259474979731645,0.6961517700995531
0.6153331607894358,1.0562695160221762,1.1569450071059983,0.6961517700995531
0.6153331607894358,1.0562695160221762,1.114587597742516,0.6961517700995531
0.6153331607894358,1.0562695160221762,0.9688573838169476,0.6961517700995531
0.6153331607894358,1.0562695160221762,1.1016001255742682,0.6961517700995531
0.6153331607894358,1.0562695160221762,0.9699978561934041,0.6961517700995531
0.6153331607894358,1.0562695160221762,1.1200047058458367,0.6961517700995531
0.6153331607894358,1.0562695160221762,1.0297292208354505,0.6961517700995531
0.6153331607894358,1.0562695160221762,1.1197994307464492,0.6961517700995531
0.6153331607894358,1.0562695160221762,1.172717274026815,0.6961517700995531
0.6153331607894358,1.0562695160221762,1.0702007617805462,0.6961517700995531
0.6153331607894358,1.0562695160221762,1.0462766802991244,0.6961517700995531
0.6153331607894358,1.0562695160221762,1.0457939032855583,0.6961517700995531
0.6153331607894358,1.0562695160221762,1.2907041419316387,0.6961517700995531
0.6153331607894358,1.0562695160221762,1.014817784821197,0.6961517700995531
0.6153331607894358,1.0562695160221762,1.246501942499885,0.6961517700995531
0.6610115564695979,1.0562695160221762,1.0100820235560402,0.6961517700995531
0.6610115564695979,1.0562695160221762,0.9066401743080843,0.6961517700995531
0.6610115564695979,1.0562695160221762,0.9367863559014573,0.6961517700995531
0.6610115564695979,1.0562695160221762,1.0357518200756055,0.6961517700995531
0.6610115564695979,1.0562695160221762,0.9847360357254848,0.6961517700995531
0.6610115564695979,1.0562695160221762,1.0064194852938702,0.6961517700995531
0.6610115564695979,1.0562695160221762,0.9695552746274008,0.6961517700995531
0.6610115564695979,1.0562695160221762,0.9214833737259513,0.6961517700995531
0.6610115564695979,1.0562695160221762,0.9808052977089476,0.6961517700995531
0.6610115564695979,1.0562695160221762,0.819844116160404,0.6961517700995531
0.6610115564695979,1.0562695160221762,0.9466507057231479,0.6961517700995531
0.5928928566178414,1.0562695160221762,1.0192267001998327,0.6961517700995531
0.5928928566178414,1.0562695160221762,0.9980100450375352,0.6961517700995531
0.5928928566178414,1.0562695160221762,1.0811001387115933,0.6961517700995531
0.5928928566178414,1.0562695160221762,1.1575015277622356,0.6961517700995531
0.6066467766943574,1.0562695160221762,1.1981868099793975,0.6961517700995531
0.6066467766943574,1.0562695160221762,0.8921434003782355,0.6961517700995531
0.6066467766943574,1.0562695160221762,1.0637067888076923,0.6961517700995531
0.6066467766943574,1.0562695160221762,1.061023713468349,0.6961517700995531
0.6066467766943574,1.0562695160221762,1.0758191111527013,0.6961517700995531
0.6066467766943574,1.0603627572069128,1.1105168295792356,0.6961517700995531
0.6066467766943574,1.0603627572069128,0.9701406378437096,0.6961517700995531
0.6066467766943574,1.0603627572069128,1.035764162790716,0.6961517700995531
0.6066467766943574,1.0603627572069128,1.0642343195020163,0.6961517700995531
0.6014144018892571,1.0603627572069128,1.067083107455412,0.6961517700995531
0.6014144018892571,1.0603627572069128,0.9966994965628745,0.6961517700995531
0.6014144018892571,1.0603627572069128,0.9329688949297795,0.6961517700995531
0.6014144018892571,1.0603627572069128,1.0831734001627404,0.6961517700995531
0.6014144018892571,1.0603627572069128,0.9760977916712936,0.6961517700995531
0.6014144018892571,1.0603627572069128,1.0188816524400555,0.6961517700995531
0.6014144018892571,1.0603627572069128,0.9904010361900955,0.6961517700995531
0.6014144018892571,1.0603627572069128,1.0875281933376248,0.6961517700995531
0.6014144018892571,1.0603627572069128,0.8904440548296471,0.6961517700995531
0.6014144018892571,1.0603627572069128,1.010732154634904,0.6961517700995531
0.6014144018892571,1.0603627572069128,1.0456215533088944,0.6961517700995531
0.6014144018892571,1.0603627572069128,1.233050601790063,0.6961517700995531
0.6014144018892571,1.0603627572069128,1.1471742944649383,0.6961517700995531
0.6014144018892571,1.0603627572069128,1.0635012456662625,0.6961517700995531
0.6014144018892571,1.0603627572069128,1.3175842391218222,0.6961517700995531
0.6014144018892571,1.0603627572069128,0.9366583568562876,0.6961517700995531
0.6014144018892571,1.0603627572069128,0.9819970338307619,0.6961517700995531
0.6014144018892571,1.0603627572069128,0.9004694810044402,0.6961517700995531
0.6014144018892571,1.0603627572069128,0.9792436070468318,0.6961517700995531
0.6014144018892571,1.0826822747811111,1.1091921768616393,0.6961517700995531
0.5817248082722508,1.0826822747811111,0.8925780633894853,0.6961517700995531
0.5817248082722508,1.0826822747811111,1.1080075245694185,0.6961517700995531
0.5817248082722508,1.0826822747811111,1.169476244873796,0.6961517700995531
0.5817248082722508,1.0758561254174877,0.8788539501236701,0.6961517700995531
0.5817248082722508,1.0758561254174877,1.0679260488925133,0.6961517700995531
0.5817248082722508,1.0758561254174877,0.8833929305811798,0.6961517700995531
0.5817248082722508,1.0758561254174877,1.1881723537339168,0.6961517700995531
0.5817248082722508,1.0758561254174877,0.8763471254782932,0.6961517700995531
0.5817248082722508,1.0758561254174877,1.0355411563189618,0.6961517700995531
0.5817248082722508,1.0758561254174877,1.03322120210899,0.6961517700995531
0.5817248082722508,1.0758561254174877,1.0386565063201387,0.6961517700995531
0.5817248082722508,1.0758561254174877,1.1163616715316664,0.6961517700995531
0.5817248082722508,1.0758561254174877,0.9608862573997999,0.6961517700995531
0.5817248082722508,1.0758561254174877,0.965641510527864,0.6961517700995531
0.5817248082722508,1.0758561254174877,1.0174692198239805,0.6961517700995531
0.5817248082722508,1.0758561254174877,0.9356236280459611,0.6961517700995531
0.5817248082722508,1.0758561254174877,0.9222885197106014,0.6961517700995531
0.5817248082722508,1.0758561254174877,1.1317769012078196,0.6961517700995531
0.5817248082722508,1.0758561254174877,0.997860618865314,0.6961517700995531
0.5817248082722508,1.0758561254174877,1.094810860005595,0.6961517700995531
0.5817248082722508,1.0758561254174877,1.0047769163073144,0.6961517700995531
0.5817248082722508,1.0758561254174877,0.9561608795007324,0.6961517700995531
0.5817248082722508,1.0758561254174877,1.1012716946890153,0.6961517700995531
0.5817248082722508,1.0758561254174877,1.0274794376715102,0.6961517700995531
0.5817248082722508,1.0758561254174877,1.0744911368389385,0.6961517700995531
0.5817248082722508,1.0758561254174877,1.1662636558403887,0.6961517700995531
0.5817248082722508,1.0758561254174877,0.8625925129716041,0.6961517700995531
0.5817248082722508,1.0758561254174877,1.2148844028644656,0.6961517700995531
0.5817248082722508,1.0758561254174877,0.9124427362876191,0.6961517700995531
0.5817248082722508,1.0758561254174877,0.9070113299782344,0.6961517700995531
0.5817248082722508,1.0758561254174877,1.0242609698017149,0.6961517700995531
0.5817248082722508,1.0758561254174877,1.1601565844531623,0.6961517700995531
0.5817248082722508,1.0758561254174877,1.1078727228162588,0.6961517700995531
0.5817248082722508,1.0758561254174877,0.9691824990945909,0.6961517700995531
0.5817248082722508,1.0758561254174877,0.9762275566211561,0.6961517700995531
0.5817248082722508,1.0758561254174877,0.9156993328280577,0.6961517700995531
0.5817248082722508,1.0758561254174877,0.955514720952554,0.6961517700995531
0.5817248082722508,1.0758561254174877,1.0691574397764652,0.6961517700995531
0.5817248082722508,1.0758561254174877,1.2115276311546233,0.6961517700995531
0.5817248082722508,1.0758561254174877,1.0188801750467291,0.6961517700995531
0.5817248082722508,1.0758561254174877,1.12815705812926,0.6961517700995531
0.5817248082722508,1.0758561254174877,1.1280023803896784,0.6961517700995531
0.5817248082722508,1.0758561254174877,1.0504054571588537,0.6961517700995531
0.5817248082722508,1.0758561254174877,1.1050844506363555,0.6961517700995531
0.5825627147414058,1.0758561254174877,0.9801513958055402,0.6961517700995531
0.5825627147414058,1.0758561254174877,0.8624998695869943,0.6961517700995531
0.5825627147414058,1.0758561254174877,0.9487667499482468,0.6961517700995531
0.5825627147414058,1.0758561254174877,1.21434127026455,0.6961517700995531
0.5825627147414058,1.0758561254174877,1.022794294221609,0.6961517700995531
0.5825627147414058,1.0758561254174877,1.0407331823040293,0.6961517700995531
0.6062895583700603,1.0758561254174877,1.0599140946879777,0.6961517700995531
0.6062895583700603,1.0758561254174877,1.028685081042511,0.6961517700995531
0.6062895583700603,1.0758561254174877,1.0126888923208706,0.6961517700995531
0.6062895583700603,1.0758561254174877,0.955121797507643,0.6961517700995531
0.6062895583700603,1.0758561254174877,1.0316472018764569,0.6961517700995531
0.6062895583700603,1.0758561254174877,1.2118308660487989,0.6961517700995531
0.6062895583700603,1.0758561254174877,0.970663265285618,0.6961517700995531
0.6062895583700603,1.0758561254174877,1.1895923736332659,0.6961517700995531
0.6062895583700603,1.0758561254174877,0.9728928141671915,0.6961517700995531
0.6062895583700603,1.0758561254174877,0.908142296086215,0.6961517700995531
0.6062895583700603,1.0758561254174877,1.1654441213881672,0.6961517700995531
0.6062895583700603,1.0758561254174877,0.969827345304725,0.6961517700995531
0.6062895583700603,1.0758561254174877,1.0293145888403663,0.6961517700995531
0.6062895583700603,1.0758561254174877,0.8878376430362698,0.6961517700995531
0.6062895583700603,1.0758561254174877,0.830064619078449,0.6961517700995531
0.6062895583700603,1.0758561254174877,1.0685543436097358,0.6961517700995531
0.613642144207261,1.0758561254174877,1.0354040856456088,0.6961517700995531
0.613642144207261,1.0758561254174877,0.9934345441191661,0.6961517700995531
0.613642144207261,1.0758561254174877,1.1024258038933157,0.6961517700995531
0.613642144207261,1.0758561254174877,0.8693563527685202,0.6961517700995531
0.613642144207261,1.0758561254174877,0.9294238471025107,0.6961517700995531
0.613642144207261,1.0758561254174877,0.9429124094644769,0.6961517700995531
0.613642144207261,1.0758561254174877,0.9789425126458422,0.6961517700995531
0.613642144207261,1.0758561254174877,0.9343513708242025,0.6961517700995531
0.613642144207261,1.0758561254174877,0.9560730512587456,0.6961517700995531
0.613642144207261,1.0758561254174877,1.2173584057272908,0.6961517700995531
0.613642144207261,1.0758561254174877,1.0443139074937942,0.6961517700995531
0.613642144207261,1.0758561254174877,0.8603411255046023,0.6961517700995531
0.613642144207261,1.0758561254174877,0.917160745220294,0.6961517700995531
0.613642144207261,1.0758561254174877,0.9826492567492315,0.6961517700995531
0.613642144207261,1.0758561254174877,0.8730867874983117,0.6961517700995531
0.613642144207261,1.0758561254174877,0.9821626922470087,0.6961517700995531
0.613642144207261,1.0758561254174877,0.9288337035699918,0.6961517700995531
0.613642144207261,1.0758561254174877,0.8408343103743162,0.6961517700995531
0.613642144207261,1.0758561254174877,0.8921698469524523,0.6961517700995531
0.613642144207261,1.0758561254174877,0.8831899469842134,0.6961517700995531
0.613642144207261,1.0758561254174877,0.9696913412597035,0.6961517700995531
0.613642144207261,1.0758561254174877,1.0012105980243358,0.6961517700995531
0.613642144207261,1.0758561254174877,1.0618914921066809,0.6961517700995531
0.613642144207261,1.0758561254174877,1.0874234555478166,0.6961517700995531
0.613642144207261,1.0758561254174877,0.8885704561442013,0.6961517700995531
0.613642144207261,1.0758561254174877,1.0122459194890834,0.6961517700995531
0.613642144207261,1.0758561254174877,0.8070240449045849,0.6961517700995531
0.613642144207261,1.0758561254174877,1.082608415315453,0.6961517700995531
0.613642144207261,1.0758561254174877,1.022212936646407,0.6961517700995531
0.613642144207261,1.0758561254174877,0.8986525091011291,0.6961517700995531
0.613642144207261,1.0758561254174877,0.995772295744961,0.6961517700995531
0.613642144207261,1.0758561254174877,0.86481534680101,0.6961517700995531
0.613642144207261,1.0758561254174877,0.9706737893939571,0.6961517700995531
0.613642144207261,1.0758561254174877,0.9502416806041599,0.6961517700995531
0.613642144207261,1.0758561254174877,0.9259139126144662,0.6961517700995531
0.613642144207261,1.0758561254174877,0.8974669002238387,0.6961517700995531
0.613642144207261,1.0758561254174877,1.069539031056148,0.6961517700995531
0.613642144207261,1.0758561254174877,0.8871537476180256,0.6961517700995531
0.613642144207261,1.0758561254174877,0.96036805610138,0.6961517700995531
0.613642144207261,1.0758561254174877,1.042986470147368,0.6961517700995531
0.613642144207261,1.0758561254174877,1.0787216576020604,0.6961517700995531
0.613642144207261,1.0758561254174877,1.0129120186504974,0.6961517700995531
0.613642144207261,1.0758561254174877,1.0531602923992778,0.6961517700995531
0.613642144207261,1.0758561254174877,1.0250434014643577,0.6961517700995531
0.613642144207261,1.0758561254174877,0.9948458205280517,0.6961517700995531
0.613642144207261,1.0758561254174877,1.0030528022047223,0.6961517700995531
0.613642144207261,1.0758561254174877,0.9944009087641282,0.6961517700995531
0.47355887719671697,1.0758561254174877,1.0298709083365658,0.6961517700995531
0.47355887719671697,1.0758561254174877,0.9909032061484289,0.6961517700995531
0.47355887719671697,1.0758561254174877,1.0774667629730035,0.6961517700995531
0.47355887719671697,1.0758561254174877,1.2266474188369307,0.6961517700995531
0.47355887719671697,1.0758561254174877,1.0285608336807297,0.6961517700995531
0.47355887719671697,1.0758561254174877,1.3627747148830291,0.6961517700995531
0.47355887719671697,1.0758561254174877,1.2897153325286894,0.6961517700995531
0.47355887719671697,1.0758561254174877,1.300472469281431,0.6961517700995531
0.47355887719671697,1.0758561254174877,1.1739048829487355,0.6961517700995531
0.47355887719671697,1.0758561254174877,1.1831755834262427,0.6961517700995531
0.47355887719671697,1.0758561254174877,1.2800309059587016,0.6961517700995531
0.47355887719671697,1.0758561254174877,1.2377409561487507,0.6961517700995531
0.47355887719671697,1.0758561254174877,1.42419512177798,0.6961517700995531
0.47355887719671697,1.0758561254174877,1.1051388913659719,0.6961517700995531
0.47355887719671697,1.0758561254174877,1.2556733934875866,0.6961517700995531
0.47355887719671697,1.0758561254174877,1.4309723876310083,0.6961517700995531
0.47355887719671697,1.0758561254174877,1.1789535877795925,0.6961517700995531
0.47355887719671697,1.0758561254174877,1.512456519110922,0.6961517700995531
0.47355887719671697,1.0758561254174877,1.1739224247243125,0.6961517700995531
0.47355887719671697,1.0758561254174877,1.2270223911615865,0.6961517700995531
0.47355887719671697,1.0758561254174877,1.381346746714465,0.6961517700995531
0.47355887719671697,1.0758561254174877,0.9818708220691239,0.6961517700995531
0.47355887719671697,1.0758561254174877,1.4295788440818347,0.6961517700995531
0.47355887719671697,1.0758561254174877,1.3242854031067075,0.6961517700995531
0.47355887719671697,1.0758561254174877,1.3223069767674156,0.6961517700995531
0.47355887719671697,1.0758561254174877,1.229579519712401,0.6961517700995531
0.47355887719671697,1.0758561254174877,1.327723313081214,0.6961517700995531
0.5289864939254205,1.0758561254174877,1.3014303085698944,0.6961517700995531
0.5289864939254205,1.0758561254174877,0.99950334049701,0.6961517700995531
0.5289864939254205,1.0758561254174877,0.9513439939091155,0.6961517700995531
0.5289864939254205,1.0758561254174877,1.1170301613731244,0.6961517700995531
0.599097277047999,1.0758561254174877,0.9925376009501042,0.6961517700995531
0.599097277047999,1.0758561254174877,0.9989570689058404,0.6961517700995531
0.599097277047999,1.0758561254174877,1.0714449906265264,0.6961517700995531
0.599097277047999,1.0758561254174877,0.8698587286471844,0.6961517700995531
0.599097277047999,1.0758561254174877,0.8833981807662469,0.6961517700995531
0.599097277047999,1.0758561254174877,0.8946186576742641,0.6961517700995531
0.599097277047999,1.0758561254174877,1.063191279911551,0.6961517700995531
0.599097277047999,1.078106709520167,1.2009480460432496,0.6961517700995531
0.599097277047999,1.078106709520167,0.8424394769860871,0.6961517700995531
0.599097277047999,1.078106709520167,1.0903395963188565,0.6961517700995531
0.599097277047999,1.078106709520167,1.0561118156548595,0.6961517700995531
0.599097277047999,1.063005827766797,0.838375722889667,0.6961517700995531
0.599097277047999,1.063005827766797,0.9448698710077753,0.6961517700995531
0.599097277047999,1.063005827766797,1.0446977939032713,0.6961517700995531
0.599097277047999,1.063005827766797,1.0840331636296014,0.6961517700995531
0.599097277047999,1.063005827766797,1.0873679860918182,0.6961517700995531
0.599097277047999,1.063005827766797,1.0214111512991315,0.6961517700995531
0.599097277047999,1.063005827766797,1.0849437089940814,0.6961517700995531
0.599097277047999,1.063005827766797,0.9805949274877201,0.6961517700995531
0.599097277047999,1.063005827766797,0.9943490495322256,0.6961517700995531
0.599097277047999,1.063005827766797,1.094899278978019,0.6961517700995531
0.6025499771860313,1.063005827766797,0.9914276693300316,0.6961517700995531
0.6025499771860313,1.063005827766797,1.0520948065651203,0.6961517700995531
0.6025499771860313,1.063005827766797,1.0250809216018633,0.6961517700995531
0.6025499771860313,1.063005827766797,1.0370133382581253,0.6961517700995531
0.6025499771860313,1.063005827766797,1.0211342754332007,0.6961517700995531
0.6025499771860313,1.063005827766797,0.9363730993727448,0.6961517700995531
0.6025499771860313,1.063005827766797,0.9873680176853359,0.6961517700995531
0.6025499771860313,1.063005827766797,0.9843209992882973,0.6961517700995531
0.6025499771860313,1.063005827766797,0.8956017658935832,0.6961517700995531
0.6025499771860313,1.063005827766797,1.2145768858919352,0.6961517700995531
0.6025499771860313,1.063005827766797,0.9843419528047452,0.6961517700995531
0.6025499771860313,1.063005827766797,1.0392944391565573,0.6961517700995531
0.6025499771860313,1.063005827766797,0.9765272187947036,0.6961517700995531
0.6025499771860313,1.063005827766797,1.0158470588666002,0.6961517700995531
0.6025499771860313,1.063005827766797,1.2449519143928083,0.6961517700995531
0.6025499771860313,1.063005827766797,1.0113310064782914,0.6961517700995531
0.6025499771860313,1.063005827766797,0.8728521492694256,0.6961517700995531
0.6025499771860313,1.063005827766797,1.1279933330937633,0.6961517700995531
0.6025499771860313,1.063005827766797,1.0744716832084706,0.6961517700995531
0.5904591502253473,1.063005827766797,0.9252858501422959,0.6961517700995531
0.5904591502253473,1.0743262018682709,1.1065113745080282,0.6961517700995531
0.5904591502253473,1.0743262018682709,1.008873715290041,0.6961517700995531
0.5904591502253473,1.0743262018682709,0.8899431619879503,0.6961517700995531
0.5904591502253473,1.0743262018682709,0.9074729180663922,0.6961517700995531
0.5904591502253473,1.0743262018682709,0.9819291762143323,0.6961517700995531
0.5904591502253473,1.0743262018682709,0.9782078885760636,0.6961517700995531
0.5904591502253473,1.0743262018682709,0.9309387709372072,0.6961517700995531
0.5904591502253473,1.0743262018682709,0.9565015501063932,0.6961517700995531
0.5904591502253473,1.0743262018682709,0.8920629650179049,0.6961517700995531
0.5904591502253473,1.0743262018682709,0.8985371063291989,0.6961517700995531
0.5904591502253473,1.0743262018682709,1.0176689183300753,0.6961517700995531
0.5904591502253473,1.0743262018682709,1.1172530096589237,0.6961517700995531
0.5904591502253473,1.0743262018682709,0.8854421904513046,0.6961517700995531
0.5904591502253473,1.0743262018682709,1.0533098200129094,0.6961517700995531
0.5904591502253473,1.0743262018682709,1.1771235478263566,0.6961517700995531
0.5904591502253473,1.0743262018682709,1.2427248372094293,0.6961517700995531
0.5904591502253473,1.0743262018682709,0.9376156760356634,0.6961517700995531
0.5904591502253473,1.0599457817005213,1.0407570808095623,0.6961517700995531
0.5904591502253473,1.0599457817005213,1.225875885152342,0.6961517700995531
0.5904591502253473,1.0599457817005213,1.3725825641998217,0.6961517700995531
0.5904591502253473,1.0599457817005213,1.0972600512540744,0.6961517700995531
0.5904591502253473,1.0599457817005213,1.043586659752048,0.6961517700995531
0.5904591502253473,1.0599457817005213,1.1415196159085899,0.6961517700995531
0.5904591502253473,1.0599457817005213,1.0614519155014746,0.6961517700995531
0.6236167352737358,1.0599457817005213,0.9528689973041609,0.6961517700995531
0.6236167352737358,1.0599457817005213,0.9841657561621208,0.6961517700995531
0.6236167352737358,1.0599457817005213,1.1324496777661017,0.6961517700995531
0.6236167352737358,1.0599457817005213,1.055551139784718,0.6961517700995531
0.6236167352737358,1.0599457817005213,0.9749471635107605,0.6961517700995531
0.6236167352737358,1.0599457817005213,1.1412654336502688,0.6961517700995531
0.6236167352737358,1.0599457817005213,0.9355775440780622,0.6961517700995531
0.6236167352737358,1.0599457817005213,1.2325732540035388,0.6961517700995531
0.6236167352737358,1.0599457817005213,1.1811421081767632,0.6961517700995531
0.6236167352737358,1.0599457817005213,1.1149414280532064,0.6961517700995531
0.6236167352737358,1.0599457817005213,0.980357711372282,0.6961517700995531
0.6236167352737358,1.0599457817005213,1.0055784011568825,0.6961517700995531
0.6236167352737358,1.0599457817005213,1.093468089743425,0.6961517700995531
0.6236167352737358,1.0599457817005213,1.020563464118711,0.6961517700995531
0.6236167352737358,1.0599457817005213,1.0946013108443704,0.6961517700995531
0.6236167352737358,1.0599457817005213,1.0439999733729473,0.6961517700995531
0.6236167352737358,1.0381567262791083,1.1695343979011061,0.6961517700995531
0.6236167352737358,1.0381567262791083,1.026588022777286,0.6961517700995531
0.6236167352737358,1.0381567262791083,1.0954621239039846,0.6961517700995531
0.6236167352737358,1.0381567262791083,1.1605271213552584,0.6961517700995531
0.6236167352737358,1.0381567262791083,1.1378332783468208,0.6961517700995531
0.6236167352737358,1.0381567262791083,1.4645500158682447,0.6961517700995531
0.6236167352737358,1.0381567262791083,1.1575174512960513,0.6961517700995531
0.6236167352737358,1.0381567262791083,1.1081262194532497,0.6961517700995531
0.6236167352737358,1.0381567262791083,0.9790792208545204,0.6961517700995531
0.6236167352737358,1.0381567262791083,1.0896552967819901,0.6961517700995531
0.6236167352737358,1.0381567262791083,1.095543034638989,0.6961517700995531
0.6089763830064466,1.0381567262791083,1.06550153757429,0.6961517700995531
0.6089763830064466,1.0381567262791083,0.9759823508582672,0.6961517700995531
0.6089763830064466,1.0381567262791083,1.0354674407312467,0.6961517700995531
0.6089763830064466,1.0381567262791083,1.0807363579495681,0.6961517700995531
0.6089763830064466,1.0381567262791083,1.172538201169506,0.6961517700995531
0.6089763830064466,1.0381567262791083,1.0243551493475926,0.6961517700995531
0.6501359218356089,1.0381567262791083,1.0268087046932828,0.6961517700995531
0.6501359218356089,1.0381567262791083,1.2048234610696555,0.6961517700995531
0.6501359218356089,1.0004975689262232,1.1632377246262653,0.6961517700995531
0.6501359218356089,1.0004975689262232,1.2052680528879818,0.6961517700995531
0.6501359218356089,1.0004975689262232,1.1478057607942442,0.6961517700995531
0.6501359218356089,1.0004975689262232,1.1321789911708358,0.6961517700995531
0.6501359218356089,1.0004975689262232,1.1962258199354654,0.6961517700995531
0.6501359218356089,1.0004975689262232,1.1720904665904894,0.6961517700995531
0.6501359218356089,1.0004975689262232,1.3522978965933548,0.6961517700995531
0.6501359218356089,1.0004975689262232,1.2425876340209,0.6961517700995531
0.6501359218356089,1.0004975689262232,1.188141080742398,0.6961517700995531
0.6501359218356089,1.0004975689262232,1.193160787837557,0.6961517700995531
0.6501359218356089,1.0004975689262232,1.2460503891521284,0.6961517700995531
0.6579448891073305,1.0004975689262232,1.2474877746411452,0.6961517700995531
0.6579448891073305,1.0004975689262232,1.1891623223009564,0.6961517700995531
0.6579448891073305,1.0004975689262232,1.469247055005118,0.6961517700995531
0.6605564425771783,1.0004975689262232,1.0186749259111347,0.6961517700995531
0.6605564425771783,1.0004975689262232,1.260106798557159,0.6961517700995531
0.6605564425771783,1.0004975689262232,1.1285760867471801,0.6961517700995531
0.6605564425771783,1.0004975689262232,0.9531168887735931,0.6961517700995531
0.6605564425771783,1.0004975689262232,1.2020533550686747,0.6961517700995531
0.6605564425771783,1.0004975689262232,1.1064005691980883,0.6961517700995531
0.6605564425771783,1.0004975689262232,1.087227011066484,0.6961517700995531
0.6605564425771783,1.0004975689262232,1.3773331790860277,0.6961517700995531
0.6605564425771783,1.0004975689262232,1.2198770911534078,0.6961517700995531
0.6605564425771783,1.0004975689262232,1.2714314013225465,0.6961517700995531
0.7315174393662135,1.0004975689262232,1.2479980263252377,0.6961517700995531
0.6425203872433191,1.0004975689262232,1.0357977349579752,0.6961517700995531
0.6425203872433191,1.0004975689262232,1.2046726405423656,0.6961517700995531
0.6425203872433191,1.0004975689262232,1.4415722619203974,0.6961517700995531
0.6425203872433191,1.0004975689262232,1.2134129260683657,0.6961517700995531
0.6425203872433191,1.0004975689262232,1.0796822091161673,0.6961517700995531
0.6425203872433191,1.0004975689262232,1.0288966034156795,0.6961517700995531
0.6425203872433191,1.0004975689262232,1.047628105243432,0.6961517700995531
0.6425203872433191,1.0004975689262232,1.202847919299102,0.6961517700995531
0.6425203872433191,1.0004975689262232,1.088333836256077,0.6961517700995531
0.6425203872433191,1.0004975689262232,1.2634302200960086,0.6961517700995531
0.6425203872433191,1.0004975689262232,0.9273658075661463,0.6961517700995531
0.6425203872433191,1.0004975689262232,1.3369490104841153,0.6961517700995531
0.6425203872433191,1.0004975689262232,1.1182169318147992,0.6961517700995531
0.6425203872433191,1.0004975689262232,1.180275546536547,0.6961517700995531
0.6425203872433191,1.0004975689262232,1.2523494229394208,0.6961517700995531
0.6425203872433191,1.0004975689262232,1.3502283299424387,0.6961517700995531
0.6425203872433191,1.0004975689262232,1.1435288406916648,0.6961517700995531
0.6425203872433191,1.0004975689262232,1.0826760236449,0.6961517700995531
0.6425203872433191,1.0004975689262232,1.4568800756595943,0.6961517700995531
0.8878167162665859,1.0004975689262232,1.0607476370992484,0.6961517700995531
0.8878167162665859,1.0004975689262232,0.8028912088935288,0.6961517700995531
0.8878167162665859,1.0004975689262232,0.7924435313744712,0.6961517700995531
0.8505002102329338,1.0004975689262232,0.8637881593781893,0.6961517700995531
0.8505002102329338,1.0004975689262232,0.9083790559137083,0.6961517700995531
0.8505002102329338,1.0004975689262232,0.8422334287669136,0.6961517700995531
0.8505002102329338,1.0004975689262232,0.9304686197551388,0.6961517700995531
0.8505002102329338,1.0004975689262232,0.9791983465177766,0.6961517700995531
0.8505002102329338,1.0004975689262232,1.055598494032696,0.6961517700995531
0.8505002102329338,1.0061535681084768,0.9172488507869558,0.6961517700995531
0.8505002102329338,1.0061535681084768,1.0688501423253323,0.6961517700995531
0.8505002102329338,1.0061535681084768,0.9930074343824937,0.6961517700995531
0.8505002102329338,1.0061535681084768,0.8991880642354614,0.6961517700995531
0.8505002102329338,1.0061535681084768,0.9655363165200734,0.6961517700995531
0.8505002102329338,1.0061535681084768,1.0745522013591045,0.6961517700995531
0.8505002102329338,1.0061535681084768,0.9470756643180873,0.6961517700995531
0.8505002102329338,1.0061535681084768,0.8068013232568283,0.6961517700995531
0.8505002102329338,1.0061535681084768,0.8573666477210375,0.6961517700995531
0.8505002102329338,1.0061535681084768,0.901718436100455,0.6961517700995531
0.8505002102329338,1.0061535681084768,0.9128565072641093,0.6961517700995531
0.852888989636384,1.0061535681084768,0.9113362612190423,0.6961517700995531
0.852888989636384,1.0061535681084768,0.9853197192144775,0.6961517700995531
0.852888989636384,1.0061535681084768,1.0408019322558,0.6961517700995531
0.852888989636384,1.0061535681084768,1.0048751501863382,0.6961517700995531
0.852888989636384,1.0061535681084768,1.0395740199094008,0.6961517700995531
0.852888989636384,1.0061535681084768,1.0292075571875061,0.6961517700995531
0.852888989636384,0.9483258382423375,1.0334288803410445,0.6961517700995531
0.852888989636384,0.9483258382423375,1.1168776689096163,0.6961517700995531
0.852888989636384,0.9483258382423375,0.9772417975057267,0.6961517700995531
0.852888989636384,0.9483258382423375,1.1884813777725123,0.6961517700995531
0.852888989636384,0.9483258382423375,1.1930097189445676,0.6961517700995531
0.852888989636384,0.9483258382423375,1.1069193221293931,0.6961517700995531
0.852888989636384,0.9483258382423375,1.2515430169261283,0.6961517700995531
0.852888989636384,0.9483258382423375,0.9670272489354641,0.6961517700995531
0.9837221329850887,0.9483258382423375,1.243942393142339,0.6961517700995531
0.9837221329850887,0.9483258382423375,0.817860207804745,0.6961517700995531
1.0115266939636758,0.9483258382423375,0.9199188199597563,0.6961517700995531
1.0115266939636758,0.9483258382423375,0.9934593974762793,0.6961517700995531
1.0115266939636758,0.9483258382423375,1.0118823125009522,0.6961517700995531
1.0115266939636758,0.9483258382423375,1.158825384615468,0.6961517700995531
1.0115266939636758,0.9483258382423375,0.972164739911868,0.6961517700995531
1.0115266939636758,0.9483258382423375,0.9751687235388131,0.6961517700995531
1.0115266939636758,0.9483258382423375,0.9185454733622864,0.6961517700995531
1.0115266939636758,0.9483258382423375,0.9272825236488244,0.6961517700995531
1.0115266939636758,0.9483258382423375,0.9298524650843658,0.6961517700995531
1.0115266939636758,0.9483258382423375,0.976342588140736,0.6961517700995531
1.0115266939636758,0.9483258382423375,1.211954960599022,0.6961517700995531
1.0115266939636758,0.9483258382423375,0.963723433828755,0.6961517700995531
1.0115266939636758,0.9483258382423375,0.8791698055650721,0.6961517700995531
1.0115266939636758,0.9483258382423375,0.9683642821148384,0.6961517700995531
1.0115266939636758,0.9483258382423375,1.0086234624822394,0.6961517700995531
1.0115266939636758,0.9483258382423375,0.9463267163644465,0.6961517700995531
1.0115266939636758,0.9211408374620819,1.1554530336985385,0.6961517700995531
1.0115266939636758,0.9211408374620819,0.9630393144843853,0.6961517700995531
1.0115266939636758,0.9211408374620819,0.9950815008817235,0.6961517700995531
1.0115266939636758,0.9211408374620819,1.095734784828699,0.6961517700995531
1.0115266939636758,0.9211408374620819,1.0766709323961827,0.6961517700995531
1.0115266939636758,0.9211408374620819,1.2043840265310823,0.6961517700995531
1.0115266939636758,0.9211408374620819,1.1868872664939758,0.6961517700995531
1.0115266939636758,0.9211408374620819,1.0316767874420365,0.6961517700995531
1.0115266939636758,0.9211408374620819,0.9519162111391813,0.6961517700995531
1.0115266939636758,0.9211408374620819,1.2318855605365038,0.6961517700995531
1.0115266939636758,0.9211408374620819,1.0151766906591277,0.6961517700995531
1.0115266939636758,0.9211408374620819,1.2110615830744844,0.6961517700995531
0.9562647835201238,0.9211408374620819,1.1969972698728728,0.6961517700995531
0.9562647835201238,0.9211408374620819,1.3632943884808308,0.6961517700995531
0.9562647835201238,0.9211408374620819,1.2423801390648945,0.6961517700995531
0.9562647835201238,0.9211408374620819,1.2581818318119933,0.6961517700995531
0.9562647835201238,0.9211408374620819,1.3542369599367479,0.6961517700995531
0.9562647835201238,0.9211408374620819,1.003898444885874,0.6961517700995531
0.9562647835201238,0.9211408374620819,1.2521176814427335,0.6961517700995531
0.8508567343888315,0.9211408374620819,1.2491661495111885,0.6961517700995531
0.8508567343888315,0.9211408374620819,1.3995250517860995,0.6961517700995531
0.8508567343888315,0.9211408374620819,1.1673170132951605,0.6961517700995531
0.8508567343888315,0.9211408374620819,1.2512837929830158,0.6961517700995531
0.8508567343888315,0.9211408374620819,1.389125422702559,0.6961517700995531
0.8508567343888315,0.9211408374620819,1.361420016588377,0.6961517700995531
0.8508567343888315,0.9211408374620819,1.3486025734427416,0.6961517700995531
0.8508567343888315,0.9211408374620819,1.297322425028946,0.6961517700995531
0.8508567343888315,0.9211408374620819,1.2479642290484245,0.6961517700995531
0.8508567343888315,0.9211408374620819,1.2020444380520952,0.6961517700995531
0.8508567343888315,0.9211408374620819,1.298643606851684,0.6961517700995531
0.8508567343888315,0.9211408374620819,1.1398404231252814,0.6961517700995531
0.8508567343888315,0.9211408374620819,1.2179726705459955,0.6961517700995531
0.8508567343888315,0.9211408374620819,1.1096630718998215,0.6961517700995531
0.8395911471586658,0.9370888665026217,1.407408439736678,0.6961517700995531
0.8395911471586658,0.9370888665026217,1.164284329681311,0.6961517700995531
0.8395911471586658,0.9370888665026217,1.2005104298963867,0.6961517700995531
0.8395911471586658,0.9370888665026217,1.1571381099310245,0.6961517700995531
0.8395911471586658,0.9370888665026217,1.2034305337275033,0.6961517700995531
0.8395911471586658,0.9370888665026217,1.0198384847762512,0.6961517700995531
0.8534416446679647,0.9370888665026217,1.089931579117295,0.6961517700995531
0.8534416446679647,0.9370888665026217,1.2403140044469072,0.6961517700995531
1.06175607549459,0.9370888665026217,1.0874781017318007,0.6961517700995531
1.06175607549459,0.9370888665026217,1.0386941248594288,0.6961517700995531
1.06175607549459,0.9370888665026217,0.9723347580695526,0.6961517700995531
1.06175607549459,0.9370888665026217,0.8941678960324925,0.6961517700995531
1.0248717635104054,0.9370888665026217,0.975406469377292,0.6961517700995531
1.0248717635104054,0.9370888665026217,1.0716629259250516,0.6961517700995531
1.0248717635104054,0.9370888665026217,0.9275890596944478,0.6961517700995531
0.9595872524362239,0.9370888665026217,1.2165899470416057,0.6961517700995531
0.9595872524362239,0.9370888665026217,0.9739961959367072,0.6961517700995531
0.9595872524362239,0.9370888665026217,1.175762527159386,0.6961517700995531
0.9595872524362239,0.9370888665026217,1.2760336766463178,0.6961517700995531
0.9595872524362239,0.9370888665026217,1.136035909789612,0.6961517700995531
0.9595872524362239,0.9370888665026217,0.9703208912445143,0.6961517700995531
0.9595872524362239,0.9370888665026217,1.091636288377879,0.6961517700995531
0.9595872524362239,0.9370888665026217,1.1370123806746961,0.6961517700995531
0.9595872524362239,0.9370888665026217,1.2274713638938963,0.6961517700995531
0.9595872524362239,0.9370888665026217,1.0913727744115322,0.6961517700995531
0.9595872524362239,0.9370888665026217,1.4025957767944097,0.6961517700995531
0.9595872524362239,0.9370888665026217,1.353699197442584,0.6961517700995531
0.9595872524362239,0.9370888665026217,0.9302801201211315,0.6961517700995531
0.9595872524362239,0.9370888665026217,1.0176979015299175,0.6961517700995531
0.9595872524362239,0.9370888665026217,1.1063836747056632,0.6961517700995531
0.9595872524362239,0.9370888665026217,1.035629036956855,0.6961517700995531
0.9595872524362239,0.9370888665026217,0.9717515211916271,0.6961517700995531
0.9595872524362239,0.9370888665026217,0.9553124997052757,0.6961517700995531
0.8365328773006379,0.9370888665026217,1.1319020189354276,0.6961517700995531
0.8365328773006379,0.9370888665026217,1.1404793325426796,0.6961517700995531
0.9141373666721553,0.9370888665026217,1.2518723594387833,0.6961517700995531
0.9141373666721553,0.9370888665026217,1.0957571605167704,0.6961517700995531
0.9141373666721553,0.9370888665026217,1.13033677321341,0.6961517700995531
0.9141373666721553,0.9370888665026217,1.0138982664579956,0.6961517700995531
0.7584504355852345,0.9370888665026217,1.3330812358538762,0.6961517700995531
0.7584504355852345,0.9370888665026217,1.2769041100937524,0.6961517700995531
0.7584504355852345,0.9370888665026217,1.2479302300563508,0.6961517700995531
0.7584504355852345,0.9948055714669641,1.1326081314367031,0.6961517700995531
0.7584504355852345,0.9948055714669641,1.0019887161541667,0.6961517700995531
0.7584504355852345,0.9948055714669641,1.0868228470336692,0.6961517700995531
0.7584504355852345,0.9948055714669641,1.1001630892067904,0.6961517700995531
0.7584504355852345,0.9948055714669641,1.0856968020836095,0.6961517700995531
0.7584504355852345,0.9948055714669641,1.1589097009038813,0.6961517700995531
0.7584504355852345,0.9948055714669641,0.9207302581966234,0.6961517700995531
0.7584504355852345,0.9948055714669641,1.2224137404368045,0.6961517700995531
0.7584504355852345,0.9948055714669641,1.1879461028962228,0.6961517700995531
0.7584504355852345,0.9948055714669641,1.0628353409133493,0.6961517700995531
0.7584504355852345,0.9948055714669641,1.1436565665992826,0.6961517700995531
0.7584504355852345,0.9948055714669641,1.031162159167916,0.6961517700995531
0.7584504355852345,0.9948055714669641,1.1273452093435106,0.6961517700995531
0.7584504355852345,0.9948055714669641,1.233648130195491,0.6961517700995531
0.7584504355852345,0.9948055714669641,1.1915297612465043,0.6961517700995531
0.7584504355852345,0.9948055714669641,0.8380058156064598,0.6961517700995531
0.7584504355852345,0.9948055714669641,1.1016385983054031,0.6961517700995531
0.7584504355852345,0.9948055714669641,1.0398236336124158,0.6961517700995531
0.7584504355852345,0.9948055714669641,0.956392497870532,0.6961517700995531
0.7584504355852345,0.9948055714669641,1.1220132687637685,0.6961517700995531
0.7584504355852345,0.9948055714669641,0.9516076223720292,0.6961517700995531
0.7584504355852345,0.9948055714669641,1.0475256094542087,0.6961517700995531
0.7584504355852345,0.9948055714669641,0.8418024236741839,0.6961517700995531
0.7584504355852345,0.9948055714669641,1.1665541851761299,0.6961517700995531
0.7584504355852345,0.9948055714669641,1.2877793816323975,0.6961517700995531
0.7584504355852345,0.9948055714669641,1.1126435085055697,0.6961517700995531
0.7584504355852345,0.9948055714669641,1.0846222338638143,0.6961517700995531
0.7584504355852345,0.9948055714669641,1.1360963455441973,0.6961517700995531
0.7584504355852345,0.9948055714669641,1.0418084715131302,0.6961517700995531
0.7584504355852345,0.9948055714669641,1.0989714975377098,0.6961517700995531
0.7584504355852345,0.9948055714669641,1.0178863397587081,0.6961517700995531
0.7584504355852345,0.9948055714669641,1.2775062368910817,0.6961517700995531
0.7584504355852345,0.9948055714669641,1.2148372186696748,0.6961517700995531
0.7584504355852345,0.9948055714669641,1.049780644002882,0.6961517700995531
0.7584504355852345,0.9948055714669641,1.1381385681730285,0.6961517700995531
0.7584504355852345,0.9948055714669641,1.114661825125504,0.6961517700995531
0.7584504355852345,0.9948055714669641,1.2243751781946681,0.6961517700995531
0.6886779858675327,0.9948055714669641,1.0722899156073702,0.6961517700995531
0.6886779858675327,0.9948055714669641,1.0997327225041487,0.6961517700995531
0.6886779858675327,0.9948055714669641,1.1036648015203911,0.6961517700995531
0.6886779858675327,0.9948055714669641,1.142666430261584,0.6961517700995531
0.6886779858675327,0.9948055714669641,1.2888531117951365,0.6961517700995531
0.6886779858675327,0.9948055714669641,0.9497794680865622,0.6961517700995531
0.6886779858675327,0.9948055714669641,1.5843527312287953,0.6961517700995531
0.6886779858675327,0.9948055714669641,1.0794633214044005,0.6961517700995531
0.8446821859594575,0.9948055714669641,1.1002954852910014,0.6961517700995531
0.8446821859594575,0.9948055714669641,0.9682956564716454,0.6961517700995531
0.8446821859594575,0.9948055714669641,1.0158659983473641,0.6961517700995531
0.8446821859594575,0.9948055714669641,0.816474177876325,0.6961517700995531
0.8446821859594575,0.9948055714669641,1.0182134137632284,0.6961517700995531
0.7853362800621793,0.9948055714669641,0.8524750462141399,0.6961517700995531
0.7853362800621793,0.9948055714669641,1.0422004873226236,0.6961517700995531
0.7853362800621793,0.9948055714669641,1.0835286970613187,0.6961517700995531
0.7853362800621793,0.9948055714669641,1.0216474412900463,0.6961517700995531
0.7853362800621793,0.9948055714669641,0.9769889476880393,0.6961517700995531
0.7853362800621793,0.9948055714669641,0.8625384210685291,0.6961517700995531
0.7853362800621793,0.9948055714669641,0.9426528533571488,0.6961517700995531
0.7853362800621793,0.9948055714669641,1.054795195060023,0.6961517700995531
0.7853362800621793,0.9948055714669641,1.3771553266811,0.6961517700995531
0.7853362800621793,1.006551095990177,1.1519288409846564,0.6961517700995531
0.7853362800621793,1.006551095990177,0.8916977422382232,0.6961517700995531
0.7853362800621793,1.006551095990177,0.9542236162266602,0.6961517700995531
0.7853362800621793,1.006551095990177,1.0706618746504533,0.6961517700995531
0.7853362800621793,1.006551095990177,1.0044637700858594,0.6961517700995531
0.7853362800621793,1.006551095990177,0.9956032545333342,0.6961517700995531
0.7853362800621793,1.006551095990177,0.8685041845353814,0.6961517700995531
0.7853362800621793,1.006551095990177,0.9089567850421808,0.6961517700995531
0.811281039288088,1.006551095990177,0.9755270518238695,0.6961517700995531
0.811281039288088,1.006551095990177,1.0257524077920392,0.6961517700995531
0.8048214061451053,1.006551095990177,1.2416860503112153,0.6961517700995531
0.8048214061451053,1.006551095990177,0.9073097422963118,0.6961517700995531
0.8048214061451053,1.006551095990177,0.9966270255714238,0.6961517700995531
0.8085488998314944,1.006551095990177,1.0031846496648948,0.6961517700995531
0.8085488998314944,1.006551095990177,1.173928661865766,0.6961517700995531
0.8514198937221641,1.006551095990177,0.9772016754974642,0.6961517700995531
0.8514198937221641,1.006551095990177,0.8992004449021337,0.6961517700995531
0.8514198937221641,1.006551095990177,0.8217633060675982,0.6961517700995531
0.8514198937221641,1.006551095990177,0.9150038623380702,0.6961517700995531
0.8514198937221641,1.006551095990177,0.9115299692056436,0.6961517700995531
0.8514198937221641,1.006551095990177,0.8099976217494396,0.6961517700995531
0.8514198937221641,1.006551095990177,0.7957269099245285,0.6961517700995531
0.8514198937221641,1.006551095990177,0.952024062543898,0.6961517700995531
0.8514198937221641,1.006551095990177,0.94323923672155,0.6961517700995531
0.8514198937221641,1.006551095990177,0.9282174010747896,0.6961517700995531
0.8514198937221641,1.006551095990177,0.9043619664649366,0.6961517700995531
0.8514198937221641,1.006551095990177,0.8480669452399964,0.6961517700995531
0.8514198937221641,1.006551095990177,0.8184005551582039,0.6961517700995531
0.7738803392334314,1.006551095990177,0.8491748132436846,0.6961517700995531
0.7738803392334314,1.006551095990177,0.9868993149437073,0.6961517700995531
0.7738803392334314,1.006551095990177,1.17007180998446,0.6961517700995531
0.7738803392334314,1.006551095990177,0.9756745548017056,0.6961517700995531
0.7129609289721128,1.006551095990177,1.0510557187947867,0.6961517700995531
0.7129609289721128,1.006551095990177,1.262378135897068,0.6961517700995531
0.7129609289721128,1.006551095990177,1.072239382295676,0.6961517700995531
0.7129609289721128,1.006551095990177,1.0248924927456473,0.6961517700995531
0.7129609289721128,1.006551095990177,0.9572044226682183,0.6961517700995531
0.7129609289721128,1.006551095990177,1.1403071812430763,0.6961517700995531
0.7129609289721128,1.006551095990177,1.0792141030740487,0.6961517700995531
0.7129609289721128,1.006551095990177,1.4343615315000047,0.6961517700995531
0.7129609289721128,1.006551095990177,1.0062664828053407,0.6961517700995531
0.7129609289721128,1.006551095990177,1.0294293699241548,0.6961517700995531
0.7129609289721128,1.006551095990177,1.0855938064156376,0.6961517700995531
0.7129609289721128,1.006551095990177,1.1324773340249032,0.6961517700995531
0.5876551670772139,1.006551095990177,1.1440988873392774,0.6961517700995531
0.5876551670772139,1.006551095990177,1.1407171353155967,0.6961517700995531
0.5876551670772139,1.006551095990177,1.146129877942927,0.6961517700995531
0.5876551670772139,1.006551095990177,1.4043677062403246,0.6961517700995531
0.5876551670772139,1.006551095990177,1.2429390329967702,0.6961517700995531
0.5876551670772139,1.006551095990177,1.1993034740861548,0.6961517700995531
0.5876551670772139,1.006551095990177,1.5905432898439305,0.6961517700995531
0.5876551670772139,1.006551095990177,1.161790753225314,0.6961517700995531
0.5876551670772139,1.006551095990177,1.263983903410604,0.6961517700995531
0.5876551670772139,1.006551095990177,1.2256228529262905,0.6961517700995531
0.5876551670772139,1.006551095990177,1.3399583164202165,0.6961517700995531
0.5876551670772139,1.006551095990177,1.43946143496882,0.6961517700995531
0.5876551670772139,1.006551095990177,1.2038191797785085,0.6961517700995531
0.5876551670772139,1.006551095990177,1.3129729305006577,0.6961517700995531
0.5876551670772139,1.006551095990177,1.498843465570962,0.6961517700995531
0.5876551670772139,1.006551095990177,1.5797844976100173,0.6961517700995531
0.5876551670772139,1.006551095990177,1.5410315933553849,0.6961517700995531
0.5876551670772139,1.006551095990177,1.2340411298290725,0.6961517700995531
0.5876551670772139,1.006551095990177,1.3787516158532216,0.6961517700995531
0.7374235655876538,1.006551095990177,1.128635628394323,0.6961517700995531
0.7374235655876538,1.006551095990177,1.0362395621466551,0.6961517700995531
0.7374235655876538,1.006551095990177,0.9737819668617242,0.6961517700995531
0.7374235655876538,1.006551095990177,1.0084395397255799,0.6961517700995531
0.7374235655876538,1.006551095990177,1.179121011659057,0.6961517700995531
0.7374235655876538,1.006551095990177,1.2163917458324294,0.6961517700995531
0.7374235655876538,1.006551095990177,0.8395734900282168,0.6961517700995531
0.7374235655876538,1.006551095990177,1.042609937179566,0.6961517700995531
0.7374235655876538,1.006551095990177,0.9381585010467404,0.6961517700995531
0.7374235655876538,1.006551095990177,1.1219242752023708,0.6961517700995531
0.7374235655876538,1.006551095990177,1.1492975560512537,0.6961517700995531
0.7374235655876538,1.006551095990177,1.1852134049564669,0.6961517700995531
0.7374235655876538,1.006551095990177,1.021545019043596,0.6961517700995531
0.7374235655876538,1.006551095990177,0.9427275354188189,0.6961517700995531
0.7374235655876538,1.006551095990177,1.2083970891386342,0.6961517700995531
0.7374235655876538,1.006551095990177,1.0655042107892887,0.6961517700995531
0.7374235655876538,1.006551095990177,1.3947461999926962,0.6961517700995531
0.7119889971467769,1.0330696592754722,1.0436422180665756,0.6961517700995531
0.7119889971467769,1.0330696592754722,0.9205980847813464,0.6961517700995531
0.7119889971467769,1.0330696592754722,0.8062363007082882,0.6961517700995531
0.7119889971467769,1.0330696592754722,1.0115112231660213,0.6961517700995531
0.7119889971467769,1.0330696592754722,0.9885571122896774,0.6961517700995531
0.7119889971467769,1.0330696592754722,0.9434560256947172,0.6961517700995531
0.7119889971467769,1.0330696592754722,0.9633022378191639,0.6961517700995531
0.7119889971467769,1.0330696592754722,0.9644661117677839,0.6961517700995531
0.7119889971467769,1.0330696592754722,0.9205452187455555,0.6961517700995531
0.7119889971467769,1.0330696592754722,1.071294347581613,0.6961517700995531
0.7119889971467769,1.0330696592754722,0.9806948041210882,0.6961517700995531
0.7119889971467769,1.0330696592754722,0.9068701034278692,0.6961517700995531
0.7119889971467769,1.0330696592754722,0.9215363132294331,0.6961517700995531
0.7119889971467769,1.0330696592754722,0.9125396297641037,0.6961517700995531
0.7119889971467769,1.0330696592754722,1.1364612338077744,0.6961517700995531
0.7119889971467769,1.0330696592754722,1.0013347438495412,0.6961517700995531
0.7119889971467769,1.0341659528199467,1.030088944608212,0.6961517700995531
0.7119889971467769,1.0341659528199467,0.9708925972119161,0.6961517700995531
0.7119889971467769,1.0341659528199467,0.9180017297650525,0.6961517700995531
0.7119889971467769,1.0341659528199467,1.0318627627937649,0.6961517700995531
0.7119889971467769,1.0341659528199467,1.0816888724895277,0.6961517700995531
0.7119889971467769,1.0341659528199467,0.9407317663585015,0.6961517700995531
0.7119889971467769,1.0341659528199467,0.9017108161492688,0.6961517700995531
0.6822164940568873,1.0341659528199467,0.9231265136810598,0.6961517700995531
0.6822164940568873,1.0341659528199467,0.9605773043662557,0.6961517700995531
0.6822164940568873,1.0341659528199467,0.8337883936424708,0.6961517700995531
0.6822164940568873,1.0341659528199467,0.9618193152672879,0.6961517700995531
0.6822164940568873,1.0341659528199467,0.9494729911515932,0.6961517700995531
0.6822164940568873,1.0341659528199467,0.8927656488781966,0.6961517700995531
0.6822164940568873,1.0341659528199467,1.1542607418132012,0.6961517700995531
0.6822164940568873,1.0341659528199467,0.8470582505751588,0.6961517700995531
0.6957541272469548,1.0341659528199467,0.8770153005225908,0.6961517700995531
0.6957541272469548,1.0341659528199467,0.8468670141342853,0.6961517700995531
0.6957541272469548,1.0341659528199467,0.9515391989323803,0.6961517700995531
0.6957541272469548,1.0341659528199467,1.0408435546621417,0.6961517700995531
0.6957541272469548,1.0341659528199467,1.0864330371013156,0.6961517700995531
0.6957541272469548,1.0341659528199467,1.1283314916220666,0.6961517700995531
0.6957541272469548,1.0341659528199467,1.0331909352996114,0.6961517700995531
0.6957541272469548,1.0341659528199467,0.9526326738246588,0.6961517700995531
0.6385836927202244,1.0341659528199467,1.0362300575180579,0.6961517700995531
0.6385836927202244,1.0341659528199467,0.9289396923599591,0.6961517700995531
0.6385836927202244,1.0341659528199467,1.029398969701395,0.6961517700995531
0.6385836927202244,1.0341659528199467,1.0054039971609134,0.6961517700995531
0.6385836927202244,1.0341659528199467,1.2654750074118675,0.6961517700995531
0.6385836927202244,1.0341659528199467,1.0224024196131494,0.6961517700995531
0.7266461728070819,1.0341659528199467,1.0854400000953965,0.6961517700995531
0.7266461728070819,1.0341659528199467,1.0034399757845471,0.6961517700995531
0.7266461728070819,1.0341659528199467,0.7980457581568167,0.6961517700995531
0.7266461728070819,1.0491053742707779,0.8934967111268814,0.6961517700995531
0.7266461728070819,1.0491053742707779,0.9051621386555115,0.6961517700995531
0.7266461728070819,1.0491053742707779,0.8662546104064597,0.6961517700995531
0.7266461728070819,1.0491053742707779,0.781315654095742,0.6961517700995531
0.7266461728070819,1.0491053742707779,0.8270569875939623,0.6961517700995531
0.7266461728070819,1.0491053742707779,0.7913676187338039,0.6961517700995531
0.7266461728070819,1.0491053742707779,0.7219372224095714,0.6961517700995531
0.7266461728070819,1.0491053742707779,0.9103915264694872,0.6961517700995531
0.7266461728070819,1.0491053742707779,0.998486260063426,0.6961517700995531
0.7266461728070819,1.0491053742707779,0.8339053777306866,0.6961517700995531
0.7266461728070819,1.0491053742707779,1.1412635244387925,0.6961517700995531
0.7266461728070819,1.0491053742707779,0.9156763181158317,0.6961517700995531
0.7266461728070819,1.0491053742707779,0.9036835261206342,0.6961517700995531
0.7266461728070819,1.0491053742707779,0.8866266985096524,0.6961517700995531
0.7266461728070819,1.0491053742707779,0.9801617208881095,0.6961517700995531
0.7266461728070819,1.0491053742707779,0.8911253639218668,0.6961517700995531
0.7266461728070819,1.0491053742707779,0.8896020689567607,0.6961517700995531
0.7266461728070819,1.0491053742707779,0.9650775663796943,0.6961517700995531
0.7266461728070819,1.0491053742707779,0.9028093765969938,0.6961517700995531
0.7266461728070819,1.0491053742707779,0.9140347332506208,0.6961517700995531
0.7266461728070819,1.0491053742707779,0.9643921107319313,0.6961517700995531
0.7266461728070819,1.0491053742707779,0.7712520801303226,0.6961517700995531
0.7266461728070819,1.0491053742707779,1.0683592398379154,0.6961517700995531
0.6906628100710498,1.0491053742707779,0.9896997151949561,0.6961517700995531
0.6906628100710498,1.0491053742707779,0.9750356489286159,0.6961517700995531
0.6906628100710498,1.0491053742707779,0.8796249119937488,0.6961517700995531
0.6906628100710498,1.0491053742707779,1.0464074888754176,0.6961517700995531
0.6906628100710498,1.0491053742707779,1.0092992200600321,0.6961517700995531
0.6906628100710498,1.0491053742707779,0.9075348840866124,0.6961517700995531
0.6906628100710498,1.0491053742707779,1.1023331201384292,0.6961517700995531
0.6906628100710498,1.0491053742707779,0.9020137950920744,0.6961517700995531
0.6906628100710498,1.0491053742707779,1.0139075457457642,0.6961517700995531
0.6906628100710498,1.0491053742707779,0.9605009766960715,0.6961517700995531
0.6906628100710498,1.0491053742707779,1.047638887457244,0.6961517700995531
0.6906628100710498,1.0491053742707779,0.8907215931850252,0.6961517700995531
0.6906628100710498,1.0491053742707779,0.982673894118042,0.6961517700995531
0.6906628100710498,1.0491053742707779,0.9988606809935481,0.6961517700995531
0.6906628100710498,1.0491053742707779,1.0794237710351449,0.6961517700995531
0.6906628100710498,1.0491053742707779,0.9381032292485096,0.6961517700995531
0.6906628100710498,1.0491053742707779,0.8080831814629134,0.6961517700995531
0.6906628100710498,1.0491053742707779,0.9656311314809105,0.6961517700995531
0.6906628100710498,1.0491053742707779,1.1019425527121767,0.6961517700995531
0.6906628100710498,1.0491053742707779,0.9696144283319894,0.6961517700995531
0.6906628100710498,1.0288892711830584,0.8897711462221045,0.6961517700995531
0.6906628100710498,1.0288892711830584,1.1985472917132172,0.6961517700995531
0.6906628100710498,1.0288892711830584,1.1005304712452828,0.6961517700995531
0.6906628100710498,1.0288892711830584,1.1894264862440271,0.6961517700995531
0.6906628100710498,1.0288892711830584,1.073326808125472,0.6961517700995531
0.5855639182658011,1.0288892711830584,1.1626964764334664,0.6961517700995531
0.5855639182658011,1.0288892711830584,1.2542802060286098,0.6961517700995531
0.6198789426958669,1.0288892711830584,1.2269952516038574,0.6961517700995531
0.6198789426958669,1.0260908435531122,1.1547114658412827,0.6961517700995531
0.5898467368257123,1.0260908435531122,1.2784747946729422,0.6961517700995531
0.5898467368257123,1.0260908435531122,0.9811960328156087,0.6961517700995531
0.5898467368257123,1.0260908435531122,1.5042624544631698,0.6961517700995531
0.5898467368257123,1.0260908435531122,1.023085624029115,0.6961517700995531
0.6811640019993861,1.0260908435531122,1.0414008415579596,0.6961517700995531
0.6811640019993861,1.0260908435531122,1.0883159516562124,0.6961517700995531
0.6811640019993861,1.0692798752500072,1.0588082250120854,0.6961517700995531
0.6811640019993861,1.0692798752500072,0.9709626479728607,0.6961517700995531
0.6811640019993861,1.0692798752500072,0.8333258416933095,0.6961517700995531
0.6811640019993861,1.0237667520069222,0.9390896070666879,0.6961517700995531
0.6811640019993861,1.0237667520069222,1.1081250531358058,0.6961517700995531
0.6811640019993861,1.0237667520069222,1.035339778019007,0.6961517700995531
0.6811640019993861,1.0237667520069222,1.0261188985847776,0.6961517700995531
0.6811640019993861,1.0237667520069222,1.0358660921823595,0.6961517700995531
0.6811640019993861,1.0237667520069222,1.3043236487776821,0.6961517700995531
0.6811640019993861,1.0472298518140006,0.9422753666832495,0.6961517700995531
0.6811640019993861,1.0472298518140006,1.0693103416691887,0.6961517700995531
0.6811640019993861,1.0472298518140006,1.0358935782956584,0.6961517700995531
0.6811640019993861,1.0472298518140006,0.7850315324467373,0.6961517700995531
0.6811640019993861,1.0472298518140006,0.997080594629473,0.6961517700995531
0.6811640019993861,1.0472298518140006,1.008554490184929,0.6961517700995531
0.6811640019993861,1.0472298518140006,0.8989442439070129,0.6961517700995531
0.6811640019993861,1.0472298518140006,1.0873963608872947,0.6961517700995531
0.6811640019993861,1.0472298518140006,1.0446476642360039,0.6961517700995531
0.6811640019993861,1.0472298518140006,0.9949245382757784,0.6961517700995531
0.6811640019993861,1.0472298518140006,0.857127683363514,0.6961517700995531
0.6811640019993861,1.0472298518140006,1.0224868051697915,0.6961517700995531
0.6811640019993861,1.0472298518140006,1.0635632493151987,0.6961517700995531
0.6811640019993861,1.0472298518140006,0.9113909696125465,0.6961517700995531
0.6811640019993861,1.0472298518140006,1.1626043598750664,0.6961517700995531
0.6811640019993861,1.0472298518140006,0.8751811373103784,0.6961517700995531
0.6811640019993861,1.0472298518140006,0.8589362049303627,0.6961517700995531
0.6811640019993861,1.0472298518140006,0.9239728334902488,0.6961517700995531
0.6811640019993861,1.0472298518140006,1.0262292424139374,0.6961517700995531
0.6811640019993861,1.0472298518140006,0.988846124511978,0.6961517700995531
0.6811640019993861,1.0472298518140006,0.8824950005535791,0.6961517700995531
0.6811640019993861,1.0472298518140006,0.938096883731298,0.6961517700995531
0.6811640019993861,1.0472298518140006,0.8895306582623193,0.6961517700995531
0.6811640019993861,1.0472298518140006,0.7661056929016029,0.6961517700995531
0.6811640019993861,1.0472298518140006,1.0092681199261881,0.6961517700995531
0.6811640019993861,1.0472298518140006,0.9544374539881695,0.6961517700995531
0.6811640019993861,1.0472298518140006,0.9397036394285829,0.6961517700995531
0.6811640019993861,1.0472298518140006,0.8560214999454738,0.6961517700995531
0.6811640019993861,1.0472298518140006,0.9414908807614242,0.6961517700995531
0.6811640019993861,1.0472298518140006,1.0657510774109846,0.6961517700995531
0.6811640019993861,1.0472298518140006,0.9634645225286536,0.6961517700995531
0.6811640019993861,1.0472298518140006,1.0612815710166792,0.6958595364845445
0.6811640019993861,1.0472298518140006,0.9105415352143472,0.6958595364845445
0.6811640019993861,1.0472298518140006,0.878812411405503,0.6958595364845445
0.6811640019993861,1.0472298518140006,1.041492883990393,0.6958595364845445
0.6811640019993861,1.0472298518140006,0.965508638947361,0.6958595364845445
0.6811640019993861,1.08251039397988,0.9729515563366736,0.6958595364845445
0.6328029830133711,1.08251039397988,0.847031402853468,0.6958595364845445
0.6328029830133711,1.08251039397988,0.9429993308938073,0.6958595364845445
0.6328029830133711,1.08251039397988,0.9015244072771692,0.6958595364845445
0.6328029830133711,1.08251039397988,1.028140934479192,0.6958595364845445
0.6328029830133711,1.08251039397988,0.8919076907551864,0.6958595364845445
0.6328029830133711,1.043917326316132,0.9786432877345134,0.6958595364845445
0.6328029830133711,1.043917326316132,1.1007358645667285,0.6958595364845445
0.5197960393377018,1.043917326316132,1.1628267155579275,0.6958595364845445
0.5197960393377018,1.043917326316132,1.446315868084722,0.6958595364845445
0.5197960393377018,1.043917326316132,1.4635336355144504,0.6958595364845445
0.5197960393377018,1.0705913090563624,1.2747222852367974,0.6958595364845445
0.5197960393377018,1.0705913090563624,1.0264383742122367,0.6958595364845445
0.5197960393377018,1.0705913090563624,1.143281305911541,0.6958595364845445
0.5197960393377018,1.0705913090563624,1.5071225802833508,0.6958595364845445
0.5197960393377018,1.0705913090563624,1.2628493373151546,0.6958595364845445
0.5340241721124045,1.0705913090563624,1.1233174223857347,0.6958595364845445
0.5340241721124045,1.0705913090563624,1.0761265453876203,0.6958595364845445
0.5340241721124045,1.0705913090563624,1.148839315042048,0.6958595364845445
0.5340241721124045,1.0705913090563624,1.103968634276062,0.6958595364845445
0.5340241721124045,1.0705913090563624,0.9924475240660445,0.6958595364845445
0.5340241721124045,1.0705913090563624,0.9938423153917655,0.6958595364845445
0.4804972968762343,1.0705913090563624,1.124887062226601,0.6958595364845445
0.4804972968762343,1.0705913090563624,1.1853119959412852,0.6958595364845445
0.4804972968762343,1.0705913090563624,1.2335823434087463,0.6958595364845445
0.4804972968762343,1.0705913090563624,1.1852279757676396,0.6958595364845445
0.4804972968762343,1.0705913090563624,1.2330628181194352,0.6958595364845445
0.4804972968762343,1.0705913090563624,1.122301040222924,0.6958595364845445
0.4804972968762343,1.0705913090563624,1.4377828806596786,0.6958595364845445
0.4804972968762343,1.0705913090563624,1.2548936419294459,0.6958595364845445
0.5758262192515559,1.0705913090563624,1.340718190480525,0.6958595364845445
0.5758262192515559,1.0705913090563624,0.9339802780206967,0.6958595364845445
0.5758262192515559,1.0705913090563624,1.2326638589692736,0.6958595364845445
0.5758262192515559,1.0705913090563624,1.0045188607958582,0.6958595364845445
0.5758262192515559,1.0705913090563624,1.1706232686979618,0.6958595364845445
0.5758262192515559,1.0705913090563624,1.0914264270337155,0.6958595364845445
0.5758262192515559,1.0705913090563624,1.150717284414641,0.6958595364845445
0.5758262192515559,1.0705913090563624,0.9626117530967871,0.6958595364845445
0.5758262192515559,1.0705913090563624,0.8916244343669784,0.6958595364845445
0.5758262192515559,1.0705913090563624,0.8988493535400476,0.6958595364845445
0.5758262192515559,1.0705913090563624,1.0688286151204176,0.6958595364845445
0.5758262192515559,1.0705913090563624,0.9858882339835052,0.6958595364845445
0.5758262192515559,1.0705913090563624,1.0416801156325848,0.6958595364845445
0.5758262192515559,1.0705913090563624,1.067321273487686,0.6958595364845445
0.5758262192515559,1.0705913090563624,1.0895654110429343,0.6958595364845445
0.5758262192515559,1.0705913090563624,1.0556708373139139,0.6958595364845445
0.560762400631583,1.0705913090563624,0.9820461363085479,0.6958595364845445
0.560762400631583,1.0705913090563624,1.0050505118441202,0.6958595364845445
0.560762400631583,1.0705913090563624,1.1106996719962714,0.6958595364845445
0.560762400631583,1.0705913090563624,1.0311286353035156,0.6958595364845445
0.560762400631583,1.0705913090563624,1.112730938111462,0.6958595364845445
0.560762400631583,1.0705913090563624,0.9915892919847388,0.6958595364845445
0.560762400631583,1.0705913090563624,1.0078070282719194,0.6958595364845445
0.560762400631583,1.0705913090563624,1.2171888966993516,0.6958595364845445
0.560762400631583,1.0705913090563624,0.9802225215581121,0.6958595364845445
0.560762400631583,1.0705913090563624,1.0177970556945304,0.6958595364845445
0.560762400631583,1.0705913090563624,0.9356314641522389,0.6958595364845445
0.560762400631583,1.0705913090563624,1.216737043808912,0.6958595364845445
0.560762400631583,1.0705913090563624,0.8638586392408841,0.6958595364845445
0.560762400631583,1.0705913090563624,1.2954095213837669,0.6958595364845445
0.560762400631583,1.0705913090563624,1.1722257199999835,0.6958595364845445
0.560762400631583,1.0705913090563624,1.0422660705030993,0.6958595364845445
0.560762400631583,1.0705913090563624,1.0425957865378341,0.6958595364845445
0.560762400631583,1.0705913090563624,1.1006023749452605,0.6958595364845445
0.560762400631583,1.0705913090563624,1.1432134114482004,0.6958595364845445
0.560762400631583,1.0705913090563624,1.223465354046007,0.6958595364845445
0.560762400631583,1.0705913090563624,1.1065857234037317,0.6958595364845445
0.560762400631583,1.0705913090563624,1.2357349178293864,0.6958595364845445
0.560762400631583,1.0705913090563624,1.0539293113187467,0.6958595364845445
0.560762400631583,1.0705913090563624,1.3077398888213485,0.6958595364845445
0.560762400631583,1.0880705219948867,1.0610851398715708,0.6958595364845445
0.560762400631583,1.0880705219948867,1.104709901132551,0.6958595364845445
0.560762400631583,1.0880705219948867,0.990084885938655,0.6958595364845445
0.560762400631583,1.0880705219948867,1.1339856407635274,0.6958595364845445
0.560762400631583,1.0880705219948867,0.9699024063157782,0.6958595364845445
0.560762400631583,1.0880705219948867,1.0228947586289692,0.6958595364845445
0.560762400631583,1.0880705219948867,1.2156356664886838,0.6958595364845445
0.560762400631583,1.0880705219948867,0.9434867155464028,0.6958595364845445
0.560762400631583,1.0880705219948867,1.0830729575234734,0.6958595364845445
0.560762400631583,1.0880705219948867,1.0009773119287497,0.6958595364845445
0.560762400631583,1.0880705219948867,0.8307741786699848,0.6958595364845445
0.560762400631583,1.0880705219948867,1.0310969824755827,0.6958595364845445
0.560762400631583,1.0880705219948867,1.0469867792211487,0.6958595364845445
0.560762400631583,1.0880705219948867,0.98330751749359,0.6958595364845445
0.560762400631583,1.0880705219948867,1.0123072433660703,0.6958595364845445
0.560762400631583,1.0880705219948867,0.9750952734417287,0.6958595364845445
0.560762400631583,1.0880705219948867,1.0051839859104872,0.6958595364845445
0.560762400631583,1.0880705219948867,1.1299285639073844,0.6958595364845445
0.560762400631583,1.0880705219948867,1.093869078081069,0.6958595364845445
0.560762400631583,1.0880705219948867,0.9840863550263733,0.6958595364845445
0.560762400631583,1.0880705219948867,0.9842348017600646,0.6958595364845445
0.560762400631583,1.0880705219948867,0.9915210003600154,0.6958595364845445
0.560762400631583,1.0880705219948867,1.080797528872873,0.6958595364845445
0.560762400631583,1.0880705219948867,1.0359447099018122,0.6958595364845445
0.560762400631583,1.0880705219948867,0.9743136326121634,0.6958595364845445
0.560762400631583,1.0880705219948867,1.1879134730120542,0.6958595364845445
0.560762400631583,1.0880705219948867,1.0499172434977946,0.6958595364845445
0.560762400631583,1.0880705219948867,0.9192810672520242,0.6958595364845445
0.560762400631583,1.0880705219948867,1.2027441361009383,0.6958595364845445
0.560762400631583,1.0880705219948867,1.0088047911411473,0.6958595364845445
0.560762400631583,1.0880705219948867,1.0167064081333668,0.6958595364845445
0.560762400631583,1.0880705219948867,0.9021227121022629,0.6958595364845445
0.560762400631583,1.0880705219948867,1.0706027699878924,0.6958595364845445
0.560762400631583,1.0880705219948867,0.8779614287892458,0.6958595364845445
0.560762400631583,1.0880705219948867,0.977070846152077,0.6958595364845445
0.560762400631583,1.0880705219948867,1.0477677779157684,0.6958595364845445
0.560762400631583,1.0880705219948867,0.9789831053528208,0.6958595364845445
0.560762400631583,1.0880705219948867,0.9838026195666847,0.6958595364845445
0.560762400631583,1.0880705219948867,0.9851115484803772,0.6958595364845445
0.560762400631583,1.0880705219948867,0.9972611808901097,0.6958595364845445
0.560762400631583,1.0880705219948867,0.9780654202862734,0.6958595364845445
0.560762400631583,1.0880705219948867,1.0482477196702285,0.6958595364845445
0.560762400631583,1.0880705219948867,0.9906862111911025,0.6958595364845445
0.560762400631583,1.0880705219948867,0.9907965176148261,0.6958595364845445
0.560762400631583,1.0880705219948867,0.8988077956619006,0.6958595364845445
0.560762400631583,1.0880705219948867,1.2298079397877495,0.6958595364845445
0.560762400631583,1.0880705219948867,0.9836275026361975,0.6958595364845445
0.4567087944526509,1.0880705219948867,1.203507816712009,0.6958595364845445
0.4567087944526509,1.0880705219948867,1.2668508204483269,0.6958595364845445
0.4567087944526509,1.0880705219948867,1.2359056999994287,0.6958595364845445
0.4567087944526509,1.0880705219948867,1.29476279740317,0.6958595364845445
0.4567087944526509,1.0880705219948867,1.2627860340338342,0.6958595364845445
0.4567087944526509,1.0880705219948867,1.4480353649590554,0.6958595364845445
0.4567087944526509,1.0880705219948867,1.2957122220954107,0.6958595364845445
0.4567087944526509,1.0880705219948867,1.4529520408242953,0.6958595364845445
0.4567087944526509,1.0880705219948867,1.0783403693133813,0.6958595364845445
0.4567087944526509,1.0880705219948867,1.2315252989487184,0.6958595364845445
0.4567087944526509,1.0880705219948867,1.3619296686213536,0.6958595364845445
0.4567087944526509,1.0880705219948867,1.1755044709071252,0.6958595364845445
0.4567087944526509,1.0880705219948867,1.1372158627699145,0.6958595364845445
0.4567087944526509,1.0880705219948867,1.3126821363929164,0.6958595364845445
0.4567087944526509,1.0880705219948867,1.3776594357932859,0.6958595364845445
0.4567087944526509,1.0880705219948867,1.1233735060917756,0.6958595364845445
0.4567087944526509,1.0880705219948867,1.2717810669404386,0.6958595364845445
0.4567087944526509,1.0880705219948867,1.1377946241715928,0.6958595364845445
0.4567087944526509,1.0880705219948867,1.4072427920917894,0.6958595364845445
0.4567087944526509,1.0880705219948867,1.1519595476607123,0.6958595364845445
0.4567087944526509,1.0880705219948867,1.3122028727721,0.6958595364845445
0.4567087944526509,1.0880705219948867,1.1429755473677883,0.6958595364845445
0.4567087944526509,1.0880705219948867,1.3246184837879211,0.6958595364845445
0.4567087944526509,1.0880705219948867,1.173736974192727,0.6958595364845445
0.4567087944526509,1.0880705219948867,0.9572809658388634,0.6958595364845445
0.4567087944526509,1.0880705219948867,1.6821307768674185,0.6958595364845445
0.4567087944526509,1.0880705219948867,1.1980267912579137,0.6958595364845445
0.4567087944526509,1.0880705219948867,1.3060400504924914,0.6958595364845445
0.4567087944526509,1.0880705219948867,1.6950649990230526,0.6958595364845445
0.4567087944526509,1.0880705219948867,1.0639724811116817,0.6958595364845445
0.4567087944526509,1.0880705219948867,1.2629081842632128,0.6958595364845445
0.4567087944526509,1.0880705219948867,1.2013593154813513,0.6958595364845445
0.4567087944526509,1.0880705219948867,1.3357814902784324,0.6958595364845445
0.4567087944526509,1.0880705219948867,1.2168517463989845,0.6958595364845445
0.4567087944526509,1.0880705219948867,1.450390477070099,0.6958595364845445
0.4567087944526509,1.0880705219948867,1.1085741350906162,0.6958595364845445
0.4567087944526509,1.0880705219948867,1.4553500655735743,0.6958595364845445
0.4567087944526509,1.0880705219948867,1.1559682337794712,0.6958595364845445
0.4567087944526509,1.0880705219948867,1.1927429403634708,0.6958595364845445
0.4567087944526509,1.0880705219948867,1.1261123320429487,0.6958595364845445
0.4567087944526509,1.0880705219948867,1.039210044673295,0.6958595364845445
0.4567087944526509,1.0880705219948867,1.2020198564225597,0.6958595364845445
0.4567087944526509,1.0880705219948867,0.9978658899973325,0.6958595364845445
0.4567087944526509,1.0880705219948867,1.267329821926065,0.6958595364845445
0.4567087944526509,1.0880705219948867,1.346456851965116,0.6958595364845445
0.4567087944526509,1.0880705219948867,1.4617213740227113,0.6958595364845445
0.6572069508825632,1.0880705219948867,1.0997298019319304,0.6958595364845445
0.6572069508825632,1.0880705219948867,0.9343530881121888,0.6958595364845445
0.6572069508825632,1.0880705219948867,0.7232378683860573,0.6958595364845445
0.6572069508825632,1.0880705219948867,0.9825557682245359,0.6958595364845445
0.6572069508825632,1.0880705219948867,0.9333596433738993,0.6958595364845445
0.6572069508825632,1.0880705219948867,0.9281399403651343,0.6958595364845445
0.6572069508825632,1.0880705219948867,0.8833580774359527,0.6958595364845445
0.6572069508825632,1.0880705219948867,0.9214263076246818,0.6958595364845445
0.6572069508825632,1.0880705219948867,0.7989839188049962,0.6958595364845445
0.6572069508825632,1.0880705219948867,0.7770272449092877,0.6958595364845445
0.6572069508825632,1.0880705219948867,0.8270492654223577,0.6958595364845445
0.6572069508825632,1.0880705219948867,0.8225572191361478,0.6958595364845445
0.6572069508825632,1.0880705219948867,0.9272826162576941,0.6958595364845445
0.6572069508825632,1.0880705219948867,0.7826577472281199,0.6958595364845445
0.6572069508825632,1.0880705219948867,0.9444876967606353,0.6958595364845445
0.6572069508825632,1.0880705219948867,0.9970403961140313,0.6958595364845445
0.6572069508825632,1.0880705219948867,0.9222131395533688,0.6958595364845445
0.6572069508825632,1.0880705219948867,0.9726379110263202,0.6958595364845445
0.6572069508825632,1.0538760350685878,0.8438813369316202,0.6958595364845445
0.6572069508825632,1.0538760350685878,1.2610602444797057,0.6958595364845445
0.6572069508825632,1.0538760350685878,0.9257892259892941,0.6958595364845445
0.6572069508825632,1.0137298752951174,1.0151778494918975,0.6958595364845445
0.6572069508825632,1.0137298752951174,1.394850792453436,0.6958595364845445
0.6572069508825632,1.0137298752951174,1.2278318514436575,0.6958595364845445
0.6572069508825632,1.0137298752951174,0.9410983210316106,0.6958595364845445
0.6572069508825632,1.0137298752951174,1.2125998881935378,0.6958595364845445
0.6572069508825632,1.0137298752951174,1.137844875916453,0.6958595364845445
0.6572069508825632,1.0137298752951174,1.1999746947404386,0.6958595364845445
0.6572069508825632,1.0137298752951174,1.2782336103079994,0.6958595364845445
0.6572069508825632,1.0137298752951174,1.0449155412816273,0.6958595364845445
0.6572069508825632,1.0137298752951174,1.321969552920054,0.6958595364845445
0.6572069508825632,1.0137298752951174,1.0877958414771287,0.6958595364845445
0.6572069508825632,1.0137298752951174,1.1632629156465442,0.6958595364845445
0.6572069508825632,1.0137298752951174,1.3361141527191922,0.6958595364845445
0.6572069508825632,1.0137298752951174,0.945374777629149,0.6958595364845445
0.6572069508825632,1.0137298752951174,1.1696079779832327,0.6958595364845445
0.6572069508825632,1.0137298752951174,0.9881073237290132,0.6958595364845445
0.6572069508825632,1.0137298752951174,1.2510837313302752,0.6958595364845445
0.6572069508825632,1.0137298752951174,1.1554193346894248,0.6958595364845445
0.6572069508825632,1.0137298752951174,1.1406735593887094,0.6958595364845445
0.6572069508825632,1.0137298752951174,0.973431062776067,0.6958595364845445
0.6572069508825632,1.0137298752951174,1.2667160326033462,0.6958595364845445
0.6572069508825632,1.0137298752951174,1.0786315554938566,0.6958595364845445
0.6572069508825632,1.0137298752951174,1.0556306228715011,0.6958595364845445
0.6572069508825632,1.0137298752951174,1.149297449746136,0.6958595364845445
0.6572069508825632,1.0137298752951174,1.266776717964704,0.6958595364845445
0.6572069508825632,1.0137298752951174,1.051164060371737,0.6958595364845445
0.6572069508825632,1.0137298752951174,1.0542340477896412,0.6958595364845445
0.6572069508825632,1.0137298752951174,0.9426270024319066,0.6958595364845445
0.6572069508825632,1.028186933664832,1.0983085452967618,0.6958595364845445
0.6572069508825632,1.028186933664832,1.3836487121656844,0.6958595364845445
0.6572069508825632,1.028186933664832,1.3227419712476718,0.6958595364845445
0.6572069508825632,1.028186933664832,1.0788150049020884,0.6958595364845445
0.6572069508825632,1.028186933664832,1.090748444002413,0.6958595364845445
0.6572069508825632,1.028186933664832,1.1897687530554022,0.6958595364845445
0.6572069508825632,1.028186933664832,1.019875301156556,0.6958595364845445
0.6572069508825632,1.028186933664832,1.0547362295199143,0.6958595364845445
0.6572069508825632,1.028186933664832,1.2190905130639098,0.6958595364845445
0.6572069508825632,1.028186933664832,1.1357579091666634,0.6958595364845445
0.6572069508825632,1.028186933664832,1.075077235216051,0.6958595364845445
0.6572069508825632,1.028186933664832,1.380513680215333,0.6958595364845445
0.6572069508825632,1.028186933664832,1.1293741358525387,0.6958595364845445
0.6572069508825632,1.028186933664832,1.1616853915728864,0.6958595364845445
0.6572069508825632,1.028186933664832,1.0279036183170125,0.6958595364845445
0.6572069508825632,1.028186933664832,0.9512697316261862,0.6958595364845445
0.6572069508825632,1.028186933664832,0.8751800161601041,0.6958595364845445
0.6572069508825632,1.028186933664832,1.1429574876936157,0.6958595364845445
0.6572069508825632,1.028186933664832,1.0800767510186267,0.6958595364845445
0.6572069508825632,1.028186933664832,1.1492822562876457,0.6958595364845445
0.6572069508825632,1.028186933664832,1.1619128491016704,0.6958595364845445
0.6572069508825632,1.028186933664832,0.9906328158108696,0.6958595364845445
0.6572069508825632,1.028186933664832,1.2577856460312566,0.6958595364845445
0.6572069508825632,1.028186933664832,1.2653009272038713,0.6958595364845445
0.6572069508825632,1.028186933664832,1.3027218485563896,0.6958595364845445
0.6572069508825632,1.028186933664832,1.3081784685079039,0.6958595364845445
0.6572069508825632,1.028186933664832,0.9970958357822604,0.6958595364845445
0.6572069508825632,1.028186933664832,1.1372146181879337,0.6958595364845445
0.6572069508825632,1.028186933664832,1.114078117497777,0.6958595364845445
0.6572069508825632,1.028186933664832,1.3813563839626761,0.6958595364845445
0.6572069508825632,1.028186933664832,1.0156246176332533,0.6958595364845445
0.6572069508825632,1.028186933664832,1.088099456308693,0.6958595364845445
0.6572069508825632,1.028186933664832,1.1970046843865785,0.6958595364845445
0.6572069508825632,1.028186933664832,1.125935226489664,0.6958595364845445
0.6572069508825632,1.028186933664832,1.1956760019142534,0.6958595364845445
0.6572069508825632,1.028186933664832,1.2354671273811295,0.6958595364845445
0.6572069508825632,1.028186933664832,1.0933514941163451,0.6958595364845445
0.6572069508825632,1.028186933664832,1.2229732866997522,0.6958595364845445
0.6572069508825632,1.028186933664832,1.0811322847272773,0.6958595364845445
0.6572069508825632,1.028186933664832,1.0295137656160485,0.6958595364845445
0.6572069508825632,1.028186933664832,1.118424669484311,0.6958595364845445
0.7546855658337597,1.028186933664832,0.9656086973403272,0.6958595364845445
0.7546855658337597,1.028186933664832,1.0373423271323359,0.6958595364845445
0.7546855658337597,1.028186933664832,0.7664659651934157,0.6958595364845445
0.7546855658337597,1.028186933664832,0.9885344169562047,0.6958595364845445
0.7546855658337597,1.028186933664832,0.9113271047512779,0.6958595364845445
0.7546855658337597,1.028186933664832,0.948601501155305,0.6958595364845445
0.7546855658337597,1.028186933664832,0.977916889420862,0.6958595364845445
0.7546855658337597,1.028186933664832,0.8645698357534938,0.6958595364845445
0.7546855658337597,1.028186933664832,0.851862128329988,0.6958595364845445
0.7546855658337597,1.028186933664832,1.1355762426087592,0.6958595364845445
0.7546855658337597,1.028186933664832,0.9145489448834829,0.6958595364845445
0.7546855658337597,1.0105152859625868,0.9658011083468734,0.6958595364845445
0.7546855658337597,1.0105152859625868,0.9195974157870893,0.6958595364845445
0.7546855658337597,1.0105152859625868,1.0003523381157753,0.6958595364845445
0.7546855658337597,1.0105152859625868,1.060375829351379,0.6958595364845445
0.7546855658337597,1.0105152859625868,1.0435551834511798,0.6958595364845445
0.7546855658337597,1.0105152859625868,1.2718414761524093,0.6958595364845445
0.7546855658337597,1.0105152859625868,0.9935612227864277,0.6958595364845445
0.7546855658337597,1.0105152859625868,1.0590988285219718,0.6958595364845445
0.7546855658337597,1.0105152859625868,1.1984854326200554,0.6958595364845445
0.7546855658337597,1.0105152859625868,0.916728277041095,0.6958595364845445
0.7546855658337597,1.0105152859625868,1.148302012935254,0.6958595364845445
0.7546855658337597,1.0105152859625868,1.0189309326155174,0.6958595364845445
0.7546855658337597,1.0105152859625868,1.0790696878990635,0.6958595364845445
0.7546855658337597,1.0105152859625868,1.1192916299359117,0.6958595364845445
0.7546855658337597,1.0105152859625868,1.1701242694428782,0.6958595364845445
0.7546855658337597,1.0105152859625868,0.917001122364458,0.6958595364845445
0.7546855658337597,1.0105152859625868,1.0230593042625513,0.6958595364845445
0.7546855658337597,1.0105152859625868,1.0054515927313878,0.6958595364845445
0.7546855658337597,1.075338782452381,0.8759272955467939,0.6958595364845445
0.7546855658337597,1.075338782452381,0.8318096620009496,0.6958595364845445
0.7546855658337597,1.075338782452381,0.811247666570639,0.6958595364845445
0.7546855658337597,1.075338782452381,0.885786349649107,0.6958595364845445
0.7546855658337597,1.075338782452381,0.807582295387361,0.6958595364845445
0.7546855658337597,1.075338782452381,0.835388341165588,0.6958595364845445
0.7032372388865663,1.075338782452381,0.7674601772905343,0.6958595364845445
0.7032372388865663,1.075338782452381,0.9727897216435037,0.6958595364845445
0.7032372388865663,1.075338782452381,0.8597105238826621,0.6958595364845445
0.7032372388865663,1.075338782452381,0.7979016821114324,0.6958595364845445
0.7032372388865663,1.075338782452381,0.8348495103646542,0.6958595364845445
0.7032372388865663,1.075338782452381,0.8797181530227677,0.6958595364845445
0.7032372388865663,1.075338782452381,0.8190617617458341,0.6958595364845445
0.7032372388865663,1.075338782452381,0.962702789335455,0.6958595364845445
0.7032372388865663,1.075338782452381,0.8532722914512849,0.6958595364845445
0.617867931698252,1.0772133603703649,0.874667009247563,0.6958595364845445
0.617867931698252,1.0117879321406553,0.9979099893546121,0.6958595364845445
0.617867931698252,1.0117879321406553,1.3146143831620074,0.6958595364845445
0.617867931698252,1.0117879321406553,1.2952816338587396,0.6958595364845445
0.617867931698252,1.0117879321406553,1.1798420643533156,0.6958595364845445
0.617867931698252,1.0596720617185054,1.1721839042593936,0.6958595364845445
0.617867931698252,1.0596720617185054,1.1424182097300026,0.6958595364845445
0.5904837054024328,1.0596720617185054,1.1222756278933774,0.6958595364845445
0.5904837054024328,1.0596720617185054,0.9751970322328855,0.6958595364845445
0.5904837054024328,1.0596720617185054,1.6000452881436824,0.6958595364845445
0.5904837054024328,1.0596720617185054,0.945728494220062,0.6958595364845445
0.5904837054024328,1.0596720617185054,1.191092010759417,0.6958595364845445
0.5904837054024328,1.0596720617185054,1.1364001372475967,0.6958595364845445
0.5904837054024328,1.0596720617185054,1.239604698071885,0.6958595364845445
0.5904837054024328,1.0596720617185054,1.0170865863814913,0.6958595364845445
0.5904837054024328,1.0596720617185054,1.0991305057327976,0.6958595364845445
0.5904837054024328,1.0596720617185054,1.0825142707304238,0.6958595364845445
0.5904837054024328,1.0596720617185054,1.143880394810164,0.6958595364845445
0.5904837054024328,1.0596720617185054,0.944119119488703,0.6958595364845445
0.5904837054024328,1.0596720617185054,1.269820678410981,0.6958595364845445
0.5904837054024328,1.0596720617185054,1.3221854258128594,0.6958595364845445
0.5904837054024328,1.0596720617185054,1.102804690123793,0.6958595364845445
0.5904837054024328,1.0596720617185054,1.2076234620334916,0.6958595364845445
0.5904837054024328,1.0596720617185054,1.0443378679651585,0.6958595364845445
0.5904837054024328,1.0596720617185054,1.0828609475637934,0.6958595364845445
0.5904837054024328,1.0596720617185054,0.896274803431442,0.6958595364845445
0.5904837054024328,1.0596720617185054,0.9249273912578433,0.6958595364845445
0.5904837054024328,1.0596720617185054,1.153141791040835,0.6958595364845445
0.5904837054024328,1.0596720617185054,1.250601562988952,0.6958595364845445
0.5904837054024328,1.0596720617185054,0.968979433519233,0.6958595364845445
0.5904837054024328,1.0596720617185054,0.9609288539511042,0.6958595364845445
0.5904837054024328,1.0596720617185054,1.282614217400024,0.6958595364845445
0.5904837054024328,1.0596720617185054,0.9347799001285949,0.6958595364845445
0.5904837054024328,1.0596720617185054,1.3726323244577887,0.6958595364845445
0.5904837054024328,1.0596720617185054,0.9530101974662856,0.6958595364845445
0.5904837054024328,1.0596720617185054,1.0026422606840453,0.6958595364845445
0.5904837054024328,1.0596720617185054,1.0701787075700457,0.6958595364845445
0.5904837054024328,1.0596720617185054,1.138192156568865,0.6958595364845445
0.5904837054024328,1.0596720617185054,1.2370457484202897,0.6958595364845445
0.5904837054024328,1.0596720617185054,1.148931053763095,0.6958595364845445
0.5904837054024328,1.0596720617185054,1.2287000152556955,0.6958595364845445
0.5904837054024328,1.0596720617185054,0.8464480545161502,0.6958595364845445
0.5904837054024328,1.0596720617185054,1.0976281820088651,0.6958595364845445
0.5904837054024328,1.0596720617185054,1.0661982874182656,0.6958595364845445
0.5904837054024328,1.0596720617185054,1.055397289905229,0.6958595364845445
0.5904837054024328,1.0596720617185054,1.0113743210229895,0.6958595364845445
0.5904837054024328,1.0596720617185054,0.9264451215377949,0.6958595364845445
0.5904837054024328,1.0596720617185054,1.0513489636796987,0.6958595364845445
0.5904837054024328,1.0596720617185054,1.0779247954865296,0.6958595364845445
0.5904837054024328,1.0596720617185054,0.9858005712201198,0.6958595364845445
0.5904837054024328,1.0596720617185054,1.004802653184379,0.6958595364845445
0.5904837054024328,1.0596720617185054,1.1599950314404044,0.6958595364845445
0.5904837054024328,1.0596720617185054,1.05642924938713,0.6958595364845445
0.5904837054024328,1.0596720617185054,1.333484450883294,0.6958595364845445
0.5904837054024328,1.0596720617185054,0.968246730765826,0.6958595364845445
0.5904837054024328,1.0596720617185054,0.9915249156205742,0.6958595364845445
0.5904837054024328,1.0596720617185054,1.0142488591976755,0.6958595364845445
0.5904837054024328,1.0596720617185054,0.9587013111964795,0.6958595364845445
0.5904837054024328,1.0596720617185054,1.1586452023169722,0.6958595364845445
0.5904837054024328,1.0596720617185054,1.0646121131978457,0.6958595364845445
0.5904837054024328,1.0596720617185054,1.0280270375041272,0.6958595364845445
0.6060301688940375,1.0596720617185054,0.9270046395086693,0.6958595364845445
0.6060301688940375,1.0596720617185054,1.0358591820387952,0.6958595364845445
0.6060301688940375,1.0596720617185054,1.09066529639535,0.6958595364845445
0.6060301688940375,1.0596720617185054,1.0927338728525793,0.6958595364845445
0.6060301688940375,1.0596720617185054,0.962907722270859,0.6958595364845445
0.6060301688940375,1.0596720617185054,1.2006254733142117,0.6958595364845445
0.6060301688940375,1.0596720617185054,1.3807332297598922,0.6958595364845445
0.6060301688940375,1.0596720617185054,1.0316546716700594,0.6958595364845445
0.6060301688940375,1.0596720617185054,1.0891070740657474,0.6958595364845445
0.6060301688940375,1.0596720617185054,1.0575429990024245,0.6958595364845445
0.6060301688940375,1.0596720617185054,0.9760954758603166,0.6958595364845445
0.6060301688940375,1.0596720617185054,0.904605754243763,0.6958595364845445
0.6060301688940375,1.0329071995513601,0.991035582730097,0.6958595364845445
0.6060301688940375,1.0329071995513601,0.9178328067073239,0.6958595364845445
0.6060301688940375,1.0329071995513601,1.2011090575589345,0.6958595364845445
0.6060301688940375,1.0329071995513601,1.2196388976988142,0.6958595364845445
0.6060301688940375,1.0329071995513601,1.1800497627289213,0.6958595364845445
0.6060301688940375,1.0329071995513601,1.0627661998937312,0.6958595364845445
0.6060301688940375,1.0329071995513601,1.1044516652353482,0.6958595364845445
0.6060301688940375,1.0329071995513601,1.0017132948844523,0.6958595364845445
0.6060301688940375,1.0329071995513601,1.1706244293184074,0.6958595364845445
0.6060301688940375,1.0329071995513601,1.2209560848243157,0.6958595364845445
0.6060301688940375,1.0329071995513601,1.0307883847325316,0.6958595364845445
0.6060301688940375,1.0329071995513601,1.0598403391909486,0.6958595364845445
0.6060301688940375,1.0329071995513601,1.1332952267804377,0.6958595364845445
0.6060301688940375,1.0329071995513601,1.1164919361724734,0.6958595364845445
0.6060301688940375,1.0329071995513601,1.0815233271808007,0.6958595364845445
0.6060301688940375,1.0329071995513601,1.3575697444449009,0.6958595364845445
0.6060301688940375,1.0329071995513601,1.1706575055133344,0.6958595364845445
0.6060301688940375,1.0329071995513601,1.196610500269595,0.6958595364845445
0.6060301688940375,1.0329071995513601,1.125003672429717,0.6958595364845445
0.6060301688940375,1.0329071995513601,1.04417231894662,0.6958595364845445
0.6060301688940375,1.0329071995513601,1.2717584262279045,0.6958595364845445
0.6060301688940375,1.0329071995513601,1.2123573862129073,0.6958595364845445
0.6060301688940375,1.0329071995513601,0.9666029930972686,0.6958595364845445
0.6060301688940375,1.0329071995513601,1.1538186929919922,0.6958595364845445
0.6060301688940375,1.0329071995513601,1.0682398872594143,0.6958595364845445
0.6060301688940375,1.0329071995513601,1.5342555912841256,0.6958595364845445
0.6060301688940375,1.0329071995513601,0.9689419570805696,0.6958595364845445
0.6060301688940375,1.0329071995513601,1.192205599738759,0.6958595364845445
0.6060301688940375,1.0329071995513601,1.1048221161695917,0.6958595364845445
0.6060301688940375,1.0329071995513601,1.023546688558977,0.6958595364845445
0.6060301688940375,1.0329071995513601,1.2365883596709664,0.6958595364845445
0.6060301688940375,1.0329071995513601,1.0453864779644506,0.6958595364845445
0.6060301688940375,1.0329071995513601,1.0425400094604926,0.6958595364845445
0.6060301688940375,1.0329071995513601,1.0131959184089954,0.6958595364845445
0.6060301688940375,1.0329071995513601,1.2165394980755264,0.6958595364845445
0.6060301688940375,1.0329071995513601,1.1046943543612622,0.6958595364845445
0.6060301688940375,1.0329071995513601,1.1517086252750424,0.6958595364845445
0.6060301688940375,1.0329071995513601,1.0288962092288416,0.6958595364845445
0.6060301688940375,1.0329071995513601,1.1625023895844995,0.6958595364845445
0.6060301688940375,1.0329071995513601,1.2013457613761658,0.6958595364845445
0.6060301688940375,1.0329071995513601,1.2738903240231403,0.6958595364845445
0.6060301688940375,1.0329071995513601,1.4362405570200614,0.6958595364845445
0.6060301688940375,1.0535221059143587,1.0958946360617199,0.6958595364845445
0.6060301688940375,1.0535221059143587,1.1276098461590005,0.6958595364845445
0.6060301688940375,1.0535221059143587,1.1026016258400642,0.6958595364845445
0.6060301688940375,1.0535221059143587,1.1264520621989842,0.6958595364845445
0.6060301688940375,1.0535221059143587,1.1104368887850626,0.6958595364845445
0.6060301688940375,1.0535221059143587,0.9535898654207418,0.6958595364845445
0.6060301688940375,1.0535221059143587,1.1360249261628992,0.6958595364845445
0.6060301688940375,1.0535221059143587,1.1456552905594524,0.6958595364845445
0.6060301688940375,1.0535221059143587,1.0748125486483713,0.6958595364845445
0.6060301688940375,1.0535221059143587,1.201532905164617,0.6958595364845445
0.6060301688940375,1.0535221059143587,1.2161190979010383,0.6958595364845445
0.6060301688940375,1.0535221059143587,1.215478955570056,0.6958595364845445
0.6060301688940375,1.0535221059143587,1.3239547145432193,0.6958595364845445
0.6060301688940375,1.0535221059143587,1.0977821071336584,0.6958595364845445
0.6060301688940375,1.0535221059143587,1.1966922360247714,0.6958595364845445
0.6060301688940375,1.0535221059143587,1.0939814993140287,0.6958595364845445
0.6060301688940375,1.0535221059143587,1.1297674689839805,0.6958595364845445
0.6060301688940375,1.0535221059143587,1.1455786325123287,0.6958595364845445
0.6060301688940375,1.0535221059143587,1.1375801141695205,0.6958595364845445
0.6060301688940375,1.0535221059143587,1.0617117880740243,0.6958595364845445
0.6060301688940375,1.0535221059143587,1.059574801650553,0.6958595364845445
0.6060301688940375,1.0535221059143587,1.2981105084265814,0.6958595364845445
0.6627195684947144,1.0535221059143587,0.789725893631454,0.6958595364845445
0.6627195684947144,1.0535221059143587,1.0901947009774229,0.6958595364845445
0.6627195684947144,1.0535221059143587,1.0001218573962904,0.6958595364845445
0.6627195684947144,1.0535221059143587,1.104257343723416,0.6958595364845445
0.6627195684947144,1.0535221059143587,1.0647285367804165,0.6958595364845445
0.6627195684947144,1.0083937212744152,1.09805464936951,0.6958595364845445
0.6627195684947144,1.0083937212744152,1.2356427682690876,0.6958595364845445
0.6627195684947144,1.0083937212744152,0.9701313112424708,0.6958595364845445
0.7415959758287494,1.0083937212744152,0.9611693696989403,0.6958595364845445
0.787364121517892,1.0083937212744152,1.1215587692659974,0.6958595364845445
0.787364121517892,1.0083937212744152,0.9746137650506653,0.6958595364845445
0.787364121517892,1.0083937212744152,0.9267038919648662,0.6958595364845445
0.787364121517892,1.0083937212744152,0.8763526239033302,0.6958595364845445
0.787364121517892,1.0083937212744152,0.8497246985417801,0.6958595364845445
0.787364121517892,1.0083937212744152,0.904219462860773,0.6958595364845445
0.7932315465788797,1.0083937212744152,0.894108690568803,0.6958595364845445
0.7932315465788797,1.0083937212744152,0.8536487371981931,0.6958595364845445
0.7932315465788797,1.0083937212744152,1.0244274585797402,0.6958595364845445
0.7932315465788797,1.0083937212744152,0.9420456566032149,0.6958595364845445
0.7932315465788797,1.0083937212744152,0.9806627552656884,0.6958595364845445
0.7932315465788797,1.0083937212744152,1.0794175498582157,0.6958595364845445
0.7932315465788797,1.0083937212744152,1.0437036684911716,0.6958595364845445
0.7932315465788797,1.0083937212744152,0.9467859019417721,0.6958595364845445
0.7932315465788797,1.0083937212744152,0.9761151459700231,0.6958595364845445
0.7932315465788797,1.0083937212744152,0.9373714264174965,0.6958595364845445
0.7612573297654521,1.0083937212744152,1.0721139665811559,0.6958595364845445
0.7612573297654521,1.0083937212744152,1.0354694768342976,0.6958595364845445
0.7612573297654521,1.0083937212744152,1.2714785575297507,0.6958595364845445
0.7612573297654521,1.0083937212744152,0.9316023447785401,0.6958595364845445
0.7612573297654521,0.9971081448114436,0.9537757494354087,0.6958595364845445
0.7612573297654521,0.9971081448114436,1.0329933865693985,0.6958595364845445
0.7612573297654521,0.9971081448114436,1.1002462735682248,0.6958595364845445
0.7612573297654521,0.9971081448114436,1.130224324283959,0.6958595364845445
0.7612573297654521,0.9971081448114436,1.0261364450432422,0.6958595364845445
0.7612573297654521,0.9971081448114436,1.1828432167434249,0.6958595364845445
0.7612573297654521,0.9971081448114436,1.1294399570590934,0.6958595364845445
0.7612573297654521,0.9971081448114436,0.9898290966690684,0.6958595364845445
0.7612573297654521,0.9971081448114436,0.9996908763304012,0.6958595364845445
0.7612573297654521,1.0030178965172987,0.9607123252889745,0.6958595364845445
0.7612573297654521,1.0030178965172987,1.027548461581623,0.6958595364845445
0.7612573297654521,1.0030178965172987,1.057101217695834,0.6958595364845445
0.7612573297654521,1.0030178965172987,1.202280255514332,0.6958595364845445
0.7612573297654521,1.0030178965172987,1.11309243354012,0.6958595364845445
0.7612573297654521,1.0030178965172987,0.8193394806176552,0.6958595364845445
0.7612573297654521,1.0030178965172987,1.0941105102123865,0.6958595364845445
0.7612573297654521,1.0030178965172987,1.0483666027836296,0.6958595364845445
0.7612573297654521,1.011751382953622,1.039403865004723,0.6958595364845445
0.7612573297654521,1.011751382953622,0.9419305544840536,0.6958595364845445
0.7612573297654521,1.011751382953622,1.0791082296404024,0.6958595364845445
0.7612573297654521,1.011751382953622,1.1133783759518805,0.6958595364845445
0.7612573297654521,1.011751382953622,0.9309666864790036,0.6958595364845445
0.7612573297654521,1.011751382953622,1.0720841504814091,0.6958595364845445
0.7612573297654521,1.011751382953622,0.9095522082496456,0.6958595364845445
0.7612573297654521,1.011751382953622,1.2252190031077537,0.6958595364845445
0.7612573297654521,1.011751382953622,0.9734017216595737,0.6958595364845445
0.7612573297654521,1.011751382953622,1.1169671066749554,0.6958595364845445
0.7612573297654521,1.011751382953622,0.9169734973203223,0.6958595364845445
0.7612573297654521,1.011751382953622,1.0208840382538211,0.6958595364845445
0.7612573297654521,1.011751382953622,0.9987954588439741,0.6958595364845445
0.7612573297654521,1.011751382953622,1.1399301252185732,0.6958595364845445
0.7612573297654521,1.011751382953622,1.0801941621938598,0.6958595364845445
0.7612573297654521,1.011751382953622,0.97050890957648,0.6958595364845445
0.7612573297654521,1.011751382953622,1.0759187092080276,0.6958595364845445
0.7612573297654521,1.011751382953622,1.0669922795893432,0.6958595364845445
0.7612573297654521,1.011751382953622,1.1639110805007087,0.6958595364845445
0.7612573297654521,1.011751382953622,1.0731124000796461,0.6958595364845445
0.7253273090818252,1.011751382953622,1.1313066851372588,0.6958595364845445
0.7253273090818252,0.972798118284741,1.233646450495932,0.6958595364845445
0.7656662165848105,0.972798118284741,1.2793540641344066,0.6958595364845445
0.7656662165848105,0.972798118284741,1.0980086176911785,0.6958595364845445
0.7656662165848105,0.972798118284741,1.127087036271805,0.6958595364845445
0.7656662165848105,0.972798118284741,1.1889506731408244,0.6958595364845445
0.7656662165848105,0.972798118284741,1.0424199723850507,0.6958595364845445
0.7656662165848105,0.972798118284741,1.0799170598178183,0.6958595364845445
0.7656662165848105,0.972798118284741,1.1039932953927736,0.6958595364845445
0.7415705391530975,0.972798118284741,1.036124593804841,0.6958595364845445
0.7415705391530975,0.972798118284741,1.259049690701523,0.6958595364845445
0.7415705391530975,0.972798118284741,1.1151868468916244,0.6958595364845445
0.7415705391530975,0.972798118284741,1.0198949042630394,0.6958595364845445
0.7415705391530975,0.972798118284741,1.2206746833632165,0.6958595364845445
0.7415705391530975,0.972798118284741,1.1570409245824362,0.6958595364845445
0.7415705391530975,0.972798118284741,1.4024200411565062,0.6958595364845445
0.7415705391530975,0.972798118284741,1.1196161969983385,0.6958595364845445
0.7415705391530975,0.972798118284741,1.288231422303622,0.6958595364845445
0.7415705391530975,0.972798118284741,1.2479479183936395,0.6958595364845445
0.7415705391530975,0.972798118284741,1.2713910141230855,0.6958595364845445
0.7415705391530975,0.972798118284741,1.3111255645180848,0.6958595364845445
0.7415705391530975,0.972798118284741,0.9713768181388194,0.6958595364845445
0.7415705391530975,0.972798118284741,1.3364960835317594,0.6958595364845445
0.7415705391530975,0.972798118284741,1.4606855972435142,0.6958595364845445
0.7415705391530975,0.972798118284741,1.1043109052262,0.6958595364845445
0.7415705391530975,0.972798118284741,1.3827311447885309,0.6958595364845445
0.7415705391530975,0.972798118284741,1.2761472343602036,0.6958595364845445
0.7415705391530975,0.972798118284741,1.387396409115568,0.6958595364845445
0.7415705391530975,0.972798118284741,1.2752672765729014,0.6958595364845445
0.7415705391530975,0.972798118284741,1.070199366417972,0.6958595364845445
0.7415705391530975,0.972798118284741,1.0917560032628855,0.6958595364845445
0.6708264184380501,0.972798118284741,1.2301202302657144,0.6958595364845445
0.6708264184380501,0.9842288460599184,1.4783008103953967,0.6958595364845445
0.6708264184380501,0.9842288460599184,1.3959084078884096,0.6958595364845445
0.6708264184380501,0.9645010507409082,1.5691650228612497,0.6958595364845445
0.6708264184380501,0.9645010507409082,1.2028143950675882,0.6958595364845445
0.6708264184380501,0.9645010507409082,1.339572348217382,0.6958595364845445
0.6708264184380501,0.9645010507409082,1.3860905206685117,0.6958595364845445
0.6708264184380501,1.0152259179456533,1.16392235708558,0.6958595364845445
0.6708264184380501,1.0152259179456533,0.817313582474964,0.6958595364845445
0.6708264184380501,1.0152259179456533,1.0604432010014606,0.6958595364845445
0.6708264184380501,1.0152259179456533,1.2304731039004664,0.6958595364845445
0.6708264184380501,1.0152259179456533,1.196631191838041,0.6958595364845445
0.6708264184380501,1.0152259179456533,1.2531502241500174,0.6958595364845445
0.6708264184380501,1.0152259179456533,1.21814138275669,0.6958595364845445
0.6708264184380501,1.0152259179456533,1.2903243685562733,0.6958595364845445
0.6708264184380501,1.0152259179456533,1.1567610784218822,0.6958595364845445
0.6708264184380501,1.0152259179456533,1.0741357014033763,0.6958595364845445
0.6708264184380501,1.0152259179456533,1.0949947578974726,0.6958595364845445
0.6708264184380501,1.0152259179456533,1.1792799174204096,0.6958595364845445
0.6708264184380501,1.0152259179456533,1.0802734932640394,0.6958595364845445
0.6708264184380501,1.0152259179456533,1.3180166606379278,0.6958595364845445
0.6708264184380501,1.0152259179456533,1.092946428238055,0.6958595364845445
0.6708264184380501,1.0152259179456533,1.1569866900837578,0.6958595364845445
0.6708264184380501,1.0152259179456533,1.2348942763770052,0.6958595364845445
0.6708264184380501,1.0152259179456533,1.24238131188469,0.6958595364845445
0.6709612037548957,1.0152259179456533,1.0922748903300323,0.6958595364845445
0.6709612037548957,1.0152259179456533,1.0308322204342926,0.6958595364845445
0.6709612037548957,1.0152259179456533,1.2400673746810988,0.6958595364845445
0.6709612037548957,1.0152259179456533,1.1706757222635027,0.6958595364845445
0.6709612037548957,1.0152259179456533,1.3356623614605536,0.6958595364845445
0.6709612037548957,1.0152259179456533,1.2236171747565425,0.6958595364845445
0.6709612037548957,1.0152259179456533,1.106148555697111,0.6958595364845445
0.6709612037548957,1.0152259179456533,1.1273014301634983,0.6958595364845445
0.6709612037548957,1.0152259179456533,1.1596666841757968,0.6958595364845445
0.6709612037548957,1.0152259179456533,1.0865697956605063,0.6958595364845445
0.6709612037548957,1.0152259179456533,0.9641598143644852,0.6958595364845445
0.6709612037548957,1.0152259179456533,1.2106228432014141,0.6958595364845445
0.6327195740628797,1.0152259179456533,1.4043459661786908,0.6958595364845445
0.6327195740628797,1.0152259179456533,1.0440636903659548,0.6958595364845445
0.6327195740628797,1.0152259179456533,1.0509416022702136,0.6958595364845445
0.6327195740628797,1.0152259179456533,0.9768567054110215,0.6958595364845445
0.6327195740628797,1.0152259179456533,1.1076809031949864,0.6958595364845445
0.6327195740628797,1.0152259179456533,1.1997028417450302,0.6958595364845445
0.6327195740628797,1.0152259179456533,1.2743117920755203,0.6958595364845445
0.6327195740628797,1.0152259179456533,1.031839005319415,0.6958595364845445
0.6327195740628797,1.0152259179456533,1.1212583820422422,0.6958595364845445
0.6327195740628797,1.0152259179456533,1.2431579984949364,0.6958595364845445
0.6327195740628797,1.0152259179456533,1.2368857430197229,0.6958595364845445
0.6327195740628797,1.0152259179456533,1.3330679045037308,0.6958595364845445
0.5122661433805251,1.0152259179456533,1.5425797129184327,0.6958595364845445
0.5122661433805251,1.0616963149955831,1.1924075468321236,0.6958595364845445
0.5122661433805251,1.0616963149955831,1.2053904670720452,0.6958595364845445
0.5122661433805251,1.0616963149955831,1.4217437891210276,0.6958595364845445
0.5122661433805251,1.0616963149955831,1.2109757075711316,0.6958595364845445
0.48500053200036597,1.0616963149955831,1.2758381632618316,0.6958595364845445
0.48500053200036597,1.0616963149955831,1.1438049460707724,0.6958595364845445
0.48500053200036597,1.0616963149955831,1.2968458446143747,0.6958595364845445
0.48500053200036597,1.0616963149955831,1.0037473609864027,0.6958595364845445
0.48500053200036597,1.0616963149955831,1.390878609127836,0.6958595364845445
0.6255517488156479,1.0616963149955831,1.1045814669800509,0.6958595364845445
0.6255517488156479,1.0616963149955831,0.9263147693895464,0.6958595364845445
0.6255517488156479,1.0616963149955831,0.9859898439598311,0.6958595364845445
0.6255517488156479,1.0616963149955831,1.082977070699471,0.6958595364845445
0.6255517488156479,1.0616963149955831,0.9152095416679982,0.6958595364845445
0.6255517488156479,1.0616963149955831,0.8416816155422349,0.6958595364845445
0.6255517488156479,1.0616963149955831,0.9990555218216921,0.6958595364845445
0.6255517488156479,1.0616963149955831,1.0502500207946461,0.6958595364845445
0.6255517488156479,1.0616963149955831,1.105649974303515,0.6958595364845445
0.6255517488156479,1.0616963149955831,1.1018829263900445,0.6958595364845445
0.6255517488156479,1.0616963149955831,1.103452239920862,0.6958595364845445
0.6255517488156479,1.0616963149955831,0.944397021586324,0.6958595364845445
0.6255517488156479,1.0616963149955831,1.0002164727979412,0.6958595364845445
0.6255517488156479,1.0616963149955831,0.9519554708860849,0.6958595364845445
0.6255517488156479,1.0616963149955831,1.1654328907679832,0.6958595364845445
0.6255517488156479,1.0616963149955831,1.009442054145892,0.6958595364845445
0.6255517488156479,1.0616963149955831,0.8960468862807905,0.6958595364845445
0.6255517488156479,1.0616963149955831,1.0957177248883574,0.6958595364845445
0.6255517488156479,1.0616963149955831,1.1084304543179286,0.6958595364845445
0.6255517488156479,1.0616963149955831,1.0544172381262138,0.6958595364845445
0.6255517488156479,1.0616963149955831,1.067659968825673,0.6958595364845445
0.6255517488156479,1.0616963149955831,1.0123369786188419,0.6958595364845445
0.6255517488156479,1.0616963149955831,1.0912804953781312,0.6958595364845445
0.6255517488156479,1.0616963149955831,1.1436087381939108,0.6958595364845445
0.6255517488156479,1.0616963149955831,1.0584908776278656,0.6958595364845445
0.4529287447413176,1.0616963149955831,1.2827082080697025,0.6958595364845445
0.4529287447413176,1.0616963149955831,1.055956056335632,0.6958595364845445
0.4529287447413176,1.0616963149955831,1.4796001683051456,0.6958595364845445
0.4529287447413176,1.0616963149955831,1.1962075365230815,0.6958595364845445
0.4529287447413176,1.0616963149955831,1.5436832393429825,0.6958595364845445
0.4529287447413176,1.0616963149955831,1.6026158798343741,0.6958595364845445
0.4529287447413176,1.0616963149955831,1.6449410728522291,0.6958595364845445
0.4529287447413176,1.0616963149955831,1.4219530417101875,0.6958595364845445
0.4529287447413176,1.0616963149955831,1.2628510800554789,0.6958595364845445
0.4529287447413176,1.0616963149955831,1.2989645052122356,0.6958595364845445
0.4529287447413176,1.0616963149955831,1.8551824190010422,0.6958595364845445
0.4529287447413176,1.0616963149955831,1.6979227861426647,0.6958595364845445
0.4529287447413176,1.0616963149955831,1.1148366980285638,0.6958595364845445
0.4529287447413176,1.0616963149955831,1.5023682155953093,0.6958595364845445
0.4529287447413176,1.0616963149955831,1.4163107694086565,0.6958595364845445
0.4529287447413176,1.0616963149955831,1.4576478907364359,0.6958595364845445
0.4529287447413176,1.0616963149955831,1.3166734990606734,0.6958595364845445
0.4529287447413176,1.0616963149955831,1.7060467777380963,0.6958595364845445
0.4529287447413176,1.0650351302220902,1.1285344775663007,0.6958595364845445
0.4529287447413176,1.0650351302220902,1.284752812914314,0.6958595364845445
0.4529287447413176,1.0458259647644783,1.51017692572967,0.6958595364845445
0.4529287447413176,1.0458259647644783,1.4110751491184312,0.6958595364845445
0.4529287447413176,1.0458259647644783,1.396581828759173,0.6958595364845445
0.4529287447413176,1.0458259647644783,1.4043960149988288,0.6958595364845445
0.4529287447413176,1.0458259647644783,1.2541466435237212,0.6958595364845445
0.4529287447413176,1.0458259647644783,1.4477074200786548,0.6958595364845445
0.4529287447413176,1.0458259647644783,1.5675766522804304,0.6958595364845445
0.5304497782760651,1.0458259647644783,1.294835333838005,0.6958595364845445
0.5304497782760651,1.0458259647644783,1.185853332285575,0.6958595364845445
0.5304497782760651,1.0458259647644783,1.1343712295319237,0.6958595364845445
0.5304497782760651,1.0458259647644783,1.1752870326850113,0.6958595364845445
0.5304497782760651,1.0458259647644783,1.3463133445459,0.6958595364845445
0.5304497782760651,1.0458259647644783,1.01616001910149,0.6958595364845445
0.5304497782760651,1.0458259647644783,1.374430370795597,0.6958595364845445
0.5304497782760651,1.0458259647644783,1.241320103772215,0.6958595364845445
0.5304497782760651,1.0458259647644783,1.1664234803139766,0.6958595364845445
0.5304497782760651,1.0458259647644783,1.1952364170706617,0.6958595364845445
0.5304497782760651,1.0458259647644783,1.3842398961344071,0.6958595364845445
0.5304497782760651,1.0458259647644783,1.2915316630186826,0.6958595364845445
0.5304497782760651,1.0458259647644783,1.1675555528620492,0.6958595364845445
0.5304497782760651,1.0458259647644783,1.285825026345639,0.6958595364845445
0.5304497782760651,1.0458259647644783,1.3736154873664428,0.6958595364845445
0.5304497782760651,1.0458259647644783,1.3602147204546255,0.6958595364845445
0.5304497782760651,1.0458259647644783,1.3417501528458544,0.6958595364845445
0.5304497782760651,1.0458259647644783,1.125713692739217,0.6958595364845445
0.5304497782760651,1.0458259647644783,1.2239495511579386,0.6958595364845445
0.5304497782760651,1.0458259647644783,1.3306779314809651,0.6958595364845445
0.5304497782760651,1.0458259647644783,1.4634693159230119,0.6958595364845445
0.5304497782760651,1.0458259647644783,1.242494253501809,0.6958595364845445
0.5304497782760651,1.0458259647644783,1.0427417852159822,0.6958595364845445
0.5304497782760651,1.0458259647644783,1.4087402584952646,0.6958595364845445
0.5304497782760651,1.0458259647644783,1.3298644504695447,0.6958595364845445
0.5304497782760651,1.0458259647644783,1.14127104891801,0.6958595364845445
0.5304497782760651,1.0458259647644783,1.173972045592377,0.6958595364845445
0.5304497782760651,1.0458259647644783,1.3142939722174123,0.6958595364845445
0.5304497782760651,1.0458259647644783,1.0842090420785109,0.6958595364845445
0.5304497782760651,1.0458259647644783,1.5169689991115727,0.6958595364845445
0.5304497782760651,1.0458259647644783,1.208914624902126,0.6958595364845445
0.5304497782760651,1.0458259647644783,1.3089226495227841,0.6958595364845445
0.5304497782760651,1.0458259647644783,1.2608786943565142,0.6958595364845445
0.5304497782760651,1.0458259647644783,1.547217382481009,0.6958595364845445
0.5304497782760651,1.0458259647644783,1.2843328139617254,0.6958595364845445
0.5304497782760651,1.0458259647644783,1.2127348625771244,0.6958595364845445
0.5304497782760651,1.0458259647644783,1.1755881037084168,0.6958595364845445
0.5304497782760651,1.0458259647644783,1.190920613345789,0.6958595364845445
0.5304497782760651,1.0216851714591046,1.38746617670182,0.6958595364845445
0.5304497782760651,1.0216851714591046,1.346848349548301,0.6958595364845445
0.5304497782760651,1.0216851714591046,1.227622866031445,0.6958595364845445
0.5304497782760651,1.0216851714591046,1.697039277279082,0.6958595364845445
0.5304497782760651,1.0216851714591046,1.3279482215222291,0.6958595364845445
0.6535838855782861,1.0216851714591046,1.3156095722195802,0.6958595364845445
0.6535838855782861,1.0216851714591046,1.038277687514916,0.6958595364845445
0.6535838855782861,1.0216851714591046,1.0018671399937977,0.6958595364845445
0.6535838855782861,1.0216851714591046,1.0570504033467596,0.6958595364845445
0.6535838855782861,1.0216851714591046,1.1377851930799279,0.6958595364845445
0.6535838855782861,1.0216851714591046,1.212590663087891,0.6958595364845445
0.6535838855782861,1.0216851714591046,1.2195382600658082,0.6958595364845445
0.6535838855782861,1.0216851714591046,1.1211828565153668,0.6958595364845445
0.6535838855782861,1.0216851714591046,1.0548117439225784,0.6958595364845445
0.6535838855782861,1.0216851714591046,1.161926393272406,0.6958595364845445
0.6535838855782861,1.0216851714591046,1.061808020861779,0.6958595364845445
0.6535838855782861,1.0216851714591046,1.1319689552664702,0.6958595364845445
0.6535838855782861,1.0216851714591046,1.090874503923485,0.6958595364845445
0.6535838855782861,1.0216851714591046,1.0876237202200028,0.6958595364845445
0.6535838855782861,1.0216851714591046,1.155204411263039,0.6958595364845445
0.6535838855782861,1.0216851714591046,1.3259729432528915,0.6958595364845445
0.6535838855782861,1.0216851714591046,1.0191820738603337,0.6958595364845445
0.6535838855782861,1.0216851714591046,1.1460456590230865,0.6958595364845445
0.6535838855782861,1.0216851714591046,1.0011898590518722,0.6958595364845445
0.6535838855782861,1.0216851714591046,1.040668980402358,0.6958595364845445
0.6535838855782861,1.0216851714591046,1.3902640324682811,0.6958595364845445
0.6535838855782861,1.0216851714591046,1.2792308802301386,0.6958595364845445
0.6535838855782861,1.0216851714591046,1.1386829770332592,0.6958595364845445
0.6535838855782861,1.0216851714591046,1.1907435438089067,0.6958595364845445
0.6535838855782861,1.0216851714591046,1.0703023516833043,0.6958595364845445
0.6535838855782861,1.0216851714591046,0.9928657673217207,0.6958595364845445
0.6535838855782861,1.0216851714591046,1.024252832309847,0.6958595364845445
0.6535838855782861,1.0216851714591046,1.0497236865516322,0.6958595364845445
0.6535838855782861,1.0216851714591046,0.9743978040562937,0.6958595364845445
0.6535838855782861,1.0216851714591046,1.1130186624724179,0.6958595364845445
0.6535838855782861,1.0216851714591046,1.0562877785346083,0.6958595364845445
0.6535838855782861,1.0216851714591046,1.7768431046809885,0.6958595364845445
0.6535838855782861,1.0216851714591046,1.0247853072584792,0.6958595364845445
0.6535838855782861,1.0216851714591046,1.0016804676888555,0.6958595364845445
0.6535838855782861,1.0216851714591046,1.086235150944641,0.6958595364845445
0.6535838855782861,1.0216851714591046,1.0842018271194185,0.6958595364845445
0.6535838855782861,1.0216851714591046,1.6000502802340943,0.6958595364845445
0.6535838855782861,0.9944938323784608,1.3100769415149078,0.6958595364845445
0.6535838855782861,0.9944938323784608,1.3263372807406673,0.6958595364845445
0.6535838855782861,0.9944938323784608,1.2293868041581555,0.6958595364845445
0.6418465626189931,0.9944938323784608,1.2204113005877364,0.6958595364845445
0.6418465626189931,0.9944938323784608,1.26992535592749,0.6958595364845445
0.6418465626189931,0.9944938323784608,1.1037531065753192,0.6958595364845445
0.6418465626189931,0.9944938323784608,1.2436021308585798,0.6958595364845445
0.6418465626189931,0.9944938323784608,1.2525610526027235,0.6958595364845445
0.6418465626189931,0.9944938323784608,1.0962661520290269,0.6958595364845445
0.6418465626189931,0.9944938323784608,1.4793068871665478,0.6958595364845445
0.6418465626189931,0.9944938323784608,1.466091690552919,0.6958595364845445
0.6418465626189931,0.9944938323784608,1.163436956734149,0.6958595364845445
0.6418465626189931,0.9944938323784608,1.1431660396824717,0.6958595364845445
0.6418465626189931,0.9944938323784608,1.3748794126188968,0.6958595364845445
0.6418465626189931,0.9944938323784608,1.4617338000442004,0.6958595364845445
0.6418465626189931,0.9944938323784608,1.212513210703003,0.6958595364845445
0.6418465626189931,0.9944938323784608,1.5056634939949838,0.6958595364845445
0.6418465626189931,0.9944938323784608,1.161994739078211,0.6958595364845445
0.6418465626189931,0.9944938323784608,1.1059192976986385,0.6958595364845445
0.6418465626189931,0.9944938323784608,1.112592533321501,0.6958595364845445
0.6418465626189931,0.9944938323784608,1.1885168655739888,0.6958595364845445
0.6418465626189931,0.9944938323784608,1.1322461931474481,0.6958595364845445
0.6418465626189931,0.9944938323784608,1.0597409314050994,0.6958595364845445
0.6418465626189931,0.9944938323784608,1.1112152359645615,0.6958595364845445
0.6418465626189931,0.9944938323784608,1.3723761956725427,0.6958595364845445
0.6418465626189931,0.9944938323784608,1.1985920453347763,0.6958595364845445
0.6418465626189931,0.9944938323784608,1.4557031028436993,0.6958595364845445
0.6418465626189931,0.9944938323784608,1.186404297568955,0.6958595364845445
0.6418465626189931,0.9944938323784608,1.3894322244203972,0.6958595364845445
0.6418465626189931,0.9944938323784608,1.139734232606777,0.6958595364845445
0.6418465626189931,0.9944938323784608,1.1870538292298523,0.6958595364845445
0.6418465626189931,0.9944938323784608,1.1893552448060634,0.6958595364845445
0.6418465626189931,0.9944938323784608,1.7451371706025873,0.6958595364845445
0.6418465626189931,0.9944938323784608,1.1478734804732875,0.6958595364845445
0.686149947961055,0.9944938323784608,1.3378227272368468,0.6958595364845445
0.686149947961055,0.9944938323784608,1.0725973447834478,0.6958595364845445
0.686149947961055,0.9944938323784608,1.0474006874806325,0.6958595364845445
0.686149947961055,0.9944938323784608,1.2849312953846008,0.6958595364845445
0.686149947961055,0.9944938323784608,1.3387682280185291,0.6958595364845445
0.686149947961055,0.9944938323784608,1.1784816982924853,0.6958595364845445
0.686149947961055,0.9944938323784608,1.2646833348287188,0.6958595364845445
0.686149947961055,0.9944938323784608,0.923624998550382,0.6958595364845445
0.686149947961055,0.9944938323784608,1.3677951406354214,0.6958595364845445
0.686149947961055,0.9944938323784608,1.1361103449792374,0.6958595364845445
0.686149947961055,0.9944938323784608,1.3587240949514154,0.6958595364845445
0.686149947961055,0.9944938323784608,1.1781240522609346,0.6958595364845445
0.686149947961055,0.9944938323784608,1.450855721732567,0.6958595364845445
0.686149947961055,0.9944938323784608,1.041455900605384,0.6958595364845445
0.686149947961055,0.9944938323784608,1.0799755378825826,0.6958595364845445
0.686149947961055,0.9944938323784608,1.430560507025994,0.6958595364845445
0.686149947961055,0.9944938323784608,1.149714054254164,0.6958595364845445
0.686149947961055,0.9944938323784608,1.0807928794937123,0.6958595364845445
0.686149947961055,0.9944938323784608,1.5868416505610143,0.6958595364845445
0.686149947961055,0.9944938323784608,1.3071326862610522,0.6958595364845445
0.686149947961055,0.9944938323784608,1.3809241677610384,0.6958595364845445
0.686149947961055,0.9944938323784608,1.1672602182159746,0.6958595364845445
0.686149947961055,1.0024862259151224,1.1252805121752558,0.6958595364845445
0.686149947961055,1.0024862259151224,1.2509273098981821,0.6958595364845445
0.686149947961055,1.0024862259151224,1.1765915520805301,0.6958595364845445
0.686149947961055,1.0024862259151224,1.2529720163868483,0.6958595364845445
0.686149947961055,1.0024862259151224,1.0228855182078396,0.6958595364845445
0.686149947961055,1.0024862259151224,1.2898584728332214,0.6958595364845445
0.686149947961055,1.0024862259151224,1.2911789123152682,0.6958595364845445
0.686149947961055,1.0024862259151224,1.1349378667737244,0.6958595364845445
0.686149947961055,1.0024862259151224,1.1910046877236373,0.6958595364845445
0.686149947961055,1.0024862259151224,1.2239533351373337,0.6958595364845445
0.686149947961055,1.0024862259151224,1.0752768283703835,0.6958595364845445
0.686149947961055,1.0024862259151224,1.2833641075510729,0.6958595364845445
0.686149947961055,1.0024862259151224,1.2786459111535504,0.6958595364845445
0.686149947961055,1.0024862259151224,1.139353560378232,0.6958595364845445
0.686149947961055,1.0024862259151224,1.2390700964705976,0.6958595364845445
0.686149947961055,1.0024862259151224,0.910101437301528,0.6958595364845445
0.686149947961055,1.0024862259151224,1.2040294681850232,0.6958595364845445
0.686149947961055,1.0024862259151224,1.063144275004244,0.6958595364845445
0.686149947961055,1.0024862259151224,1.3479178119475221,0.6958595364845445
0.686149947961055,1.0024862259151224,1.0663494098225978,0.6958595364845445
0.686149947961055,1.0024862259151224,1.3196395885183532,0.6958595364845445
0.686149947961055,1.0024862259151224,1.1381396954400034,0.6958595364845445
0.686149947961055,1.0024862259151224,1.116822103235388,0.6958595364845445
0.686149947961055,1.0024862259151224,1.1179373932922938,0.6958595364845445
0.686149947961055,1.0024862259151224,1.1358121367374547,0.6958595364845445
0.686149947961055,1.0024862259151224,1.344457785188122,0.6958595364845445
0.686149947961055,1.0024862259151224,1.1767336753913749,0.6958595364845445
0.686149947961055,1.0024862259151224,1.1577610542484418,0.6958595364845445
0.686149947961055,1.0024862259151224,1.015867857623482,0.6958595364845445
0.686149947961055,1.0024862259151224,1.245958956653053,0.6958595364845445
0.686149947961055,1.0024862259151224,0.9145635978282064,0.6958595364845445
0.686149947961055,1.0024862259151224,1.2109642316002975,0.6958595364845445
0.686149947961055,1.0024862259151224,1.1923041900445326,0.6958595364845445
0.686149947961055,1.0024862259151224,1.1974783724429283,0.6958595364845445
0.686149947961055,1.0024862259151224,1.3091911214126415,0.6958595364845445
0.686149947961055,1.0024862259151224,1.175099096971748,0.6958595364845445
0.686149947961055,1.0024862259151224,1.0289146902628281,0.6958595364845445
0.686149947961055,1.0024862259151224,1.2796414423182112,0.6958595364845445
0.686149947961055,1.0024862259151224,1.1208016961549407,0.6958595364845445
0.686149947961055,1.0024862259151224,1.2710490968935304,0.6958595364845445
0.686149947961055,1.0024862259151224,1.1039309631459826,0.6958595364845445
0.686149947961055,1.0024862259151224,1.0976014518793595,0.6958595364845445
0.686149947961055,1.0024862259151224,1.3825272216750577,0.6958595364845445
0.686149947961055,1.0024862259151224,1.0570639085519917,0.6958595364845445
0.686149947961055,1.0024862259151224,1.0709808856350909,0.6958595364845445
0.686149947961055,1.0024862259151224,1.231494393060251,0.6958595364845445
0.686149947961055,1.0024862259151224,1.07004067494641,0.6958595364845445
0.686149947961055,1.0024862259151224,1.3132554834049823,0.6958595364845445
0.686149947961055,1.0024862259151224,1.1504065435616724,0.6958595364845445
0.686149947961055,1.0024862259151224,1.1396902029113107,0.6958595364845445
0.686149947961055,1.0024862259151224,1.1371192680685407,0.6958595364845445
0.686149947961055,1.0024862259151224,1.0486581126404715,0.6958595364845445
0.686149947961055,1.0024862259151224,1.2051256031454285,0.6958595364845445
0.686149947961055,1.0024862259151224,1.4734969434731597,0.6958595364845445
0.686149947961055,1.0024862259151224,1.2021700024435311,0.6958595364845445
0.686149947961055,1.0024862259151224,1.081989753431197,0.6958595364845445
0.686149947961055,1.0024862259151224,1.0329441111524444,0.6958595364845445
0.686149947961055,1.0024862259151224,1.1879853037934072,0.6958595364845445
0.7401038536443405,1.0024862259151224,1.0855531071218922,0.6958595364845445
0.7401038536443405,1.0024862259151224,1.026244426867419,0.6958595364845445
0.7401038536443405,1.0024862259151224,1.0802953628416543,0.6958595364845445
0.7401038536443405,1.0024862259151224,1.1644097132733984,0.6958595364845445
0.7401038536443405,1.0024862259151224,1.0877296871205682,0.6958595364845445
0.7401038536443405,1.0024862259151224,1.0832386470157576,0.6958595364845445
0.7401038536443405,1.0024862259151224,1.0495200753201943,0.6958595364845445
0.7401038536443405,1.0024862259151224,1.1570845915087098,0.6958595364845445
0.7401038536443405,1.0024862259151224,1.0493909961655807,0.6958595364845445
0.7401038536443405,1.0024862259151224,1.0972218940029503,0.6958595364845445
0.7401038536443405,1.0024862259151224,1.1354998282888795,0.6958595364845445
0.7401038536443405,1.0024862259151224,1.1307303661226145,0.6958595364845445
0.7401038536443405,1.0024862259151224,1.156067893977702,0.6958595364845445
0.7401038536443405,1.0024862259151224,1.0031982443014378,0.6958595364845445
0.6177577793423777,1.0024862259151224,1.115932369131285,0.6958595364845445
0.6177577793423777,1.0024862259151224,1.260000399876142,0.6958595364845445
0.6177577793423777,1.0024862259151224,1.0186582386038883,0.6958595364845445
0.6177577793423777,0.9866507184203182,1.3729499943036665,0.6958595364845445
0.6177577793423777,0.9866507184203182,1.2851905839586069,0.6958595364845445
0.6177577793423777,0.9866507184203182,1.4388214238500086,0.6958595364845445
0.6177577793423777,0.9866507184203182,1.2932058379804086,0.6958595364845445
0.6177577793423777,0.9866507184203182,1.2341198917153473,0.6958595364845445
0.6177577793423777,0.9866507184203182,1.3005187347401046,0.6958595364845445
0.6177577793423777,0.9866507184203182,1.3024230798810936,0.6958595364845445
0.6177577793423777,0.9866507184203182,1.542922518023335,0.6958595364845445
0.6177577793423777,0.9866507184203182,1.5177644853145,0.6958595364845445
0.6177577793423777,0.9866507184203182,1.669818740631189,0.6958595364845445
0.6177577793423777,0.9866507184203182,1.3672456406363827,0.6958595364845445
0.6858266165782042,0.9866507184203182,1.2142384848830008,0.6958595364845445
0.6858266165782042,0.9866507184203182,1.4150830292777241,0.6958595364845445
0.6858266165782042,0.9866507184203182,1.242135955071526,0.6958595364845445
0.6858266165782042,0.9866507184203182,1.115178809654127,0.6958595364845445
0.6858266165782042,0.9866507184203182,1.3152352621361798,0.6958595364845445
0.6858266165782042,0.9866507184203182,1.1343674463581035,0.6958595364845445
0.6858266165782042,0.9866507184203182,1.1287562763666572,0.6958595364845445
0.6858266165782042,0.9866507184203182,1.2847991505740082,0.6958595364845445
0.6858266165782042,0.9866507184203182,1.1703754781756115,0.6958595364845445
0.8186246527292786,0.9866507184203182,1.136020145803812,0.6958595364845445
0.8186246527292786,0.9866507184203182,1.0988903746216432,0.6958595364845445
0.8186246527292786,0.9866507184203182,1.0426725011814113,0.6958595364845445
0.8186246527292786,0.9428425521391195,1.2104699635564722,0.6958595364845445
0.7301536285767087,0.9428425521391195,1.598114519967128,0.6958595364845445
0.7301536285767087,0.9428425521391195,1.4624598767256582,0.6958595364845445
0.7301536285767087,0.9428425521391195,1.4467456837294506,0.6958595364845445
0.7301536285767087,0.9428425521391195,1.6319246281567201,0.6958595364845445
0.7301536285767087,0.9428425521391195,1.4964747405931007,0.6958595364845445
0.7301536285767087,0.9428425521391195,1.1176861739230397,0.6958595364845445
0.7301536285767087,0.9428425521391195,1.3028822075789115,0.6958595364845445
0.7301536285767087,0.9428425521391195,1.2278553683395652,0.6958595364845445
0.7301536285767087,0.9428425521391195,1.2648562780809924,0.6958595364845445
0.7301536285767087,0.9428425521391195,1.1728159691954652,0.6958595364845445
0.7301536285767087,0.9428425521391195,1.4008238310138312,0.6958595364845445
0.7301536285767087,0.9428425521391195,1.3436179639521098,0.6958595364845445
0.7301536285767087,0.9428425521391195,1.2911861600378967,0.6958595364845445
0.7301536285767087,0.9428425521391195,1.3936905405882216,0.6958595364845445
0.6912798189573557,0.9428425521391195,1.347418193371278,0.6958595364845445
0.6912798189573557,0.9428425521391195,1.351813163299076,0.6958595364845445
0.6912798189573557,0.9428425521391195,1.5906745306725092,0.6958595364845445
0.7537698112048657,0.9428425521391195,1.348119214116433,0.6958595364845445
0.7537698112048657,0.9428425521391195,1.5177400395127483,0.6958595364845445
0.7537698112048657,0.9428425521391195,1.2284737416368365,0.6958595364845445
0.7537698112048657,0.9428425521391195,1.4494837546079642,0.6958595364845445
0.7537698112048657,0.9428425521391195,1.2013599295862836,0.6958595364845445
0.7537698112048657,0.9428425521391195,1.3173097835144114,0.6958595364845445
0.7537698112048657,0.9428425521391195,1.4083233692362431,0.6958595364845445
0.8210338453172725,0.9428425521391195,1.1534549819671724,0.6958595364845445
0.8210338453172725,0.9428425521391195,1.526287938118796,0.6958595364845445
0.8210338453172725,0.9428425521391195,1.1939063250595086,0.6958595364845445
0.8210338453172725,0.9428425521391195,1.2624550251014761,0.6958595364845445
0.8333209910597428,0.9428425521391195,1.3252414507850678,0.6958595364845445
0.8333209910597428,0.9428425521391195,1.3227393809757344,0.6958595364845445
0.8333209910597428,0.9428425521391195,1.2070783480126848,0.6958595364845445
0.8333209910597428,0.9428425521391195,1.1977551841542988,0.6958595364845445
0.8333209910597428,0.9428425521391195,1.1844802584501626,0.6958595364845445
0.8582785423451738,0.9428425521391195,1.3443602967568833,0.6958595364845445
0.8582785423451738,0.9428425521391195,1.142403548515501,0.6958595364845445
0.9307084978693756,0.9428425521391195,0.9676946092910704,0.6958595364845445
0.9307084978693756,0.9428425521391195,1.141966005894497,0.6958595364845445
0.9307084978693756,0.9428425521391195,1.1070314152703096,0.6958595364845445
0.9307084978693756,0.9428425521391195,0.8632343710889895,0.6958595364845445
0.9307084978693756,0.9428425521391195,1.2185352261761508,0.6958595364845445
0.9307084978693756,0.9428425521391195,1.0069320614187098,0.6958595364845445
0.9307084978693756,0.9428425521391195,0.9056132591735196,0.6958595364845445
0.9307084978693756,0.9428425521391195,1.0542638619719924,0.6958595364845445
0.9307084978693756,0.9428425521391195,0.9931904851706009,0.6958595364845445
0.9307084978693756,0.9428425521391195,0.8822041530453044,0.6958595364845445
0.9307084978693756,0.9428425521391195,1.0572914128663171,0.6958595364845445
0.9307084978693756,0.9428425521391195,1.0486012638475848,0.6958595364845445
0.9307084978693756,0.9428425521391195,1.0795183323097748,0.6958595364845445
0.9307084978693756,0.9428425521391195,1.0352196965632752,0.6958595364845445
0.9307084978693756,0.9428425521391195,1.1806791799620338,0.6958595364845445
0.9307084978693756,0.9428425521391195,1.0087799561862056,0.6958595364845445
0.9307084978693756,0.9428425521391195,1.3255112489202965,0.6958595364845445
0.9307084978693756,0.9428425521391195,1.0160618861358042,0.6958595364845445
0.9307084978693756,0.9428425521391195,1.0783665030581053,0.6958595364845445
0.8150221943302501,0.9428425521391195,1.306444886562195,0.6958595364845445
0.9021166240500763,0.9428425521391195,1.2994419919265892,0.6958595364845445
0.9021166240500763,0.9428425521391195,1.0504966177490072,0.6958595364845445
0.9021166240500763,0.9428425521391195,1.081015265173678,0.6958595364845445
0.9021166240500763,0.9428425521391195,1.2429524038483144,0.6958595364845445
0.9021166240500763,0.9428425521391195,1.0067724019951194,0.6958595364845445
0.9191957630688401,0.9428425521391195,1.1920227704151758,0.6958595364845445
0.9191957630688401,0.9428425521391195,0.9911419775989276,0.6958595364845445
0.9191957630688401,0.9428425521391195,0.9562178122049514,0.6958595364845445
0.9191957630688401,0.9428425521391195,1.050105874421077,0.6958595364845445
0.9191957630688401,0.9428425521391195,1.0303540855959699,0.6958595364845445
0.9191957630688401,0.9428425521391195,1.1697401944022583,0.6958595364845445
0.9191957630688401,0.9428425521391195,1.0657905802119303,0.6958595364845445
0.9191957630688401,0.9428425521391195,1.0739077326794122,0.6958595364845445
0.9191957630688401,0.9428425521391195,1.1306300102558737,0.6958595364845445
0.9191957630688401,0.9428425521391195,1.1595914074156417,0.6958595364845445
0.9191957630688401,0.9428425521391195,1.2031975007404208,0.6958595364845445
0.9191957630688401,0.9428425521391195,0.8231708153190148,0.6958595364845445
0.8458039121267004,0.9428425521391195,1.083653891669186,0.6958595364845445
0.8458039121267004,0.9428425521391195,1.3808172165984596,0.6958595364845445
0.8458039121267004,0.9428425521391195,1.393738847274718,0.6958595364845445
0.8458039121267004,0.9428425521391195,1.2786688854725297,0.6958595364845445
0.8458039121267004,0.9428425521391195,1.1595581807822077,0.6958595364845445
0.8458039121267004,0.9428425521391195,1.1383615836776118,0.6958595364845445
0.8458039121267004,0.9428425521391195,1.0938480190824136,0.6958595364845445
0.8458039121267004,0.9428425521391195,1.111420807686058,0.6958595364845445
0.8458039121267004,0.9428425521391195,1.371549798491159,0.6958595364845445
0.8458039121267004,0.9428425521391195,1.207729130755538,0.6958595364845445
0.8458039121267004,0.9428425521391195,1.1111278004740737,0.6958595364845445
0.8458039121267004,0.9428425521391195,1.0581201148602974,0.6958595364845445
0.8458039121267004,0.9428425521391195,1.2041305981202013,0.6958595364845445
0.8458039121267004,0.9428425521391195,0.8931933889790706,0.6958595364845445
0.8458039121267004,0.9428425521391195,1.0629977758353117,0.6958595364845445
0.8458039121267004,0.9428425521391195,1.392694910120654,0.6958595364845445
0.8458039121267004,0.9428425521391195,1.2671723132044221,0.6958595364845445
0.8458039121267004,0.9428425521391195,1.0731110507487984,0.6958595364845445
0.8458039121267004,0.9428425521391195,1.2754769941525088,0.6958595364845445
0.8458039121267004,0.9428425521391195,1.3205716324793775,0.6958595364845445
0.8458039121267004,0.9428425521391195,1.2768842383942445,0.6958595364845445
0.8458039121267004,0.9428425521391195,1.2102304310421819,0.6958595364845445
0.8458039121267004,0.9428425521391195,1.2860256942197483,0.6958595364845445
0.8458039121267004,0.9428425521391195,1.2121190788482037,0.6958595364845445
0.8920490691726796,0.9428425521391195,1.0464563023028433,0.6958595364845445
0.8920490691726796,0.9428425521391195,0.9443526127543233,0.6958595364845445
0.8919162441378324,0.9703776070161404,1.0537140647810876,0.6958595364845445
0.8919162441378324,0.9703776070161404,1.263214693815455,0.6958595364845445
0.8919162441378324,0.9703776070161404,1.186008559423214,0.6958595364845445
0.8919162441378324,0.9703776070161404,0.9836609225465589,0.6958595364845445
0.8919162441378324,0.9703776070161404,0.8637685276271105,0.6958595364845445
0.8919162441378324,0.9703776070161404,1.0685552987872802,0.6958595364845445
0.8919162441378324,0.9703776070161404,1.0700364851725246,0.6958595364845445
0.8919162441378324,0.9703776070161404,1.1289938961996877,0.6958595364845445
0.8658811022577427,0.9703776070161404,1.057811685614621,0.6958595364845445
0.8658811022577427,0.9703776070161404,1.1436887869944812,0.6958595364845445
0.8658811022577427,0.9703776070161404,0.9758048321392552,0.6958595364845445
0.8658811022577427,0.9703776070161404,1.0061189943602031,0.6958595364845445
0.8658811022577427,0.9703776070161404,0.9960243896161051,0.6958595364845445
0.8658811022577427,0.9703776070161404,1.1072946858188797,0.6958595364845445
0.8658811022577427,0.9703776070161404,1.1106140644323297,0.6958595364845445
0.8658811022577427,0.9703776070161404,0.9664183361009597,0.6958595364845445
0.8658811022577427,0.9703776070161404,1.0781967398426588,0.6958595364845445
0.8658811022577427,0.9703776070161404,0.91899328400976,0.6958595364845445
0.8658811022577427,0.968825080871619,0.9368562517500268,0.6958595364845445
0.8658811022577427,0.968825080871619,1.0890016110852059,0.6958595364845445
0.8658811022577427,0.968825080871619,1.0314628946684068,0.6958595364845445
0.8658811022577427,0.968825080871619,1.3008732353596002,0.6958595364845445
0.8658811022577427,1.013486675396171,1.0481149619743204,0.6958595364845445
0.8658811022577427,1.013486675396171,0.9050429160060033,0.6958595364845445
0.8658811022577427,1.013486675396171,0.8513871745152778,0.6958595364845445
0.8658811022577427,1.013486675396171,0.8024161762190954,0.6958595364845445
0.8658811022577427,1.013486675396171,0.865809211542697,0.6958595364845445
0.8658811022577427,0.9940266185376949,0.8639215093359018,0.6958595364845445
0.8658811022577427,0.9940266185376949,0.9824591203083118,0.6958595364845445
0.8658811022577427,0.9940266185376949,1.1502886305191455,0.6958595364845445
0.8658811022577427,0.9940266185376949,1.0299245133679336,0.6958595364845445
0.8658811022577427,0.9940266185376949,1.0976148668269965,0.6958595364845445
0.8658811022577427,0.9940266185376949,0.9950430608289408,0.6958595364845445
0.8658811022577427,0.9940266185376949,0.8162814923027134,0.6958595364845445
0.8658811022577427,0.9940266185376949,0.8640576736202008,0.6958595364845445
0.8658811022577427,0.9940266185376949,0.9098315656259077,0.6958595364845445
0.8658811022577427,0.9940266185376949,0.8853571482460519,0.6958595364845445
0.8658811022577427,0.9940266185376949,1.0080215819541591,0.6958595364845445
0.8658811022577427,0.9940266185376949,0.9383789167010016,0.6958595364845445
0.8658811022577427,0.9940266185376949,1.0342647921991348,0.6958595364845445
0.8658811022577427,0.9940266185376949,0.9204727760319312,0.6958595364845445
0.8658811022577427,0.9940266185376949,1.1083793507484407,0.69609374069105
0.8658811022577427,0.9940266185376949,0.9146179803146962,0.69609374069105
0.8658811022577427,0.9940266185376949,0.8995524482193068,0.69609374069105
0.8658811022577427,0.9940266185376949,0.9417863300030661,0.69609374069105
0.8658811022577427,0.9940266185376949,0.8301181606724036,0.69609374069105
0.8658811022577427,0.9940266185376949,0.8170552739257421,0.69609374069105
0.8658811022577427,0.9940266185376949,1.0494428270423959,0.69609374069105
0.8658811022577427,0.9940266185376949,1.0221896489516125,0.69609374069105
0.8658811022577427,0.9940266185376949,0.9207018467857353,0.69609374069105
0.8658811022577427,0.9940266185376949,0.8694558369778737,0.69609374069105
0.8658811022577427,0.9797013926904901,1.0934618753836596,0.69609374069105
0.8658811022577427,0.9797013926904901,1.0521609241882803,0.69609374069105
0.8658811022577427,0.9797013926904901,1.0874278556782297,0.69609374069105
0.8658811022577427,0.9797013926904901,1.13316908062581,0.69609374069105
0.7086143816357763,0.9797013926904901,1.2074253853504935,0.69609374069105
0.7086143816357763,0.9797013926904901,1.0735755519287424,0.69609374069105
0.7086143816357763,0.9797013926904901,1.1552043749812126,0.69609374069105
0.7086143816357763,0.9797013926904901,1.2539976718034171,0.69609374069105
0.7086143816357763,0.9797013926904901,1.241483692252583,0.69609374069105
0.7268346424018948,0.9808843951089025,1.5058950199735204,0.69609374069105
0.7268346424018948,0.9808843951089025,1.4524265100685014,0.69609374069105
0.7268346424018948,0.9808843951089025,1.3966898219056818,0.69609374069105
0.79522594712652,0.9808843951089025,1.1721765823265604,0.69609374069105
0.79522594712652,0.9808843951089025,1.2885451597628705,0.69609374069105
0.8048487681694085,0.9808843951089025,1.091980244183203,0.69609374069105
0.8048487681694085,0.9808843951089025,1.1028269527278036,0.69609374069105
0.8048487681694085,0.9808843951089025,1.0782998091272795,0.69609374069105
0.8048487681694085,0.9808843951089025,0.9678182368305795,0.69609374069105
0.8048487681694085,0.9808843951089025,1.0355811498299012,0.69609374069105
0.8048487681694085,0.9808843951089025,1.1383408396035588,0.69609374069105
0.8048487681694085,0.9808843951089025,1.0690491363161099,0.69609374069105
0.8048487681694085,0.9808843951089025,1.1093557955280826,0.69609374069105
0.8048487681694085,0.9808843951089025,1.022530622525224,0.69609374069105
0.8048487681694085,0.9808843951089025,1.1047647942525025,0.69609374069105
0.8048487681694085,0.9808843951089025,1.2128811901431313,0.69609374069105
0.8048487681694085,0.9808843951089025,1.0118412461635575,0.69609374069105
0.8048487681694085,0.9808843951089025,0.9922609919960115,0.69609374069105
0.8048487681694085,0.9808843951089025,1.0335727655850617,0.69609374069105
0.8048487681694085,0.9808843951089025,0.9640058432704796,0.69609374069105
0.8048487681694085,0.9808843951089025,1.0583434919312917,0.69609374069105
0.8048487681694085,0.9808843951089025,0.954827682979404,0.69609374069105
0.8048487681694085,0.9808843951089025,1.262805517614812,0.69609374069105
0.8048487681694085,0.9808843951089025,1.2310729953183943,0.69609374069105
0.8048487681694085,0.9808843951089025,1.1164714405894052,0.69609374069105
0.8048487681694085,0.9808843951089025,1.3428242091961389,0.69609374069105
0.8048487681694085,0.9808843951089025,1.1658188440294097,0.69609374069105
0.8048487681694085,0.9808843951089025,1.1307575614061591,0.69609374069105
0.8048487681694085,0.9808843951089025,1.2890625755474605,0.69609374069105
0.8048487681694085,0.9808843951089025,1.0878823351691513,0.69609374069105
0.8048487681694085,0.9808843951089025,1.0755226606100134,0.69609374069105
0.8048487681694085,0.9808843951089025,1.1541028172808412,0.69609374069105
0.8048487681694085,0.9808843951089025,1.2197602232672897,0.69609374069105
0.8048487681694085,0.9808843951089025,1.164275984964344,0.69609374069105
0.8048487681694085,0.9808843951089025,1.1492040364721503,0.69609374069105
0.7143327631942815,0.9808843951089025,1.0803083034384682,0.69609374069105
0.7143327631942815,0.9808843951089025,0.8830154375678188,0.69609374069105
0.7143327631942815,0.9808843951089025,1.1159246033787453,0.69609374069105
0.7143327631942815,0.9808843951089025,1.1513600170963885,0.69609374069105
0.7143327631942815,0.9808843951089025,1.2487404192630092,0.69609374069105
0.7143327631942815,0.9808843951089025,1.0987958623215828,0.69609374069105
0.7143327631942815,0.9808843951089025,1.3842145937049317,0.69609374069105
0.7143327631942815,0.9808843951089025,1.236842522483366,0.69609374069105
0.7143327631942815,0.9808843951089025,1.0882593957060238,0.69609374069105
0.7143327631942815,0.9808843951089025,1.13113794330327,0.69609374069105
0.7143327631942815,1.016080891483106,1.1983520525835623,0.69609374069105
0.7143327631942815,1.016080891483106,1.1077517055332617,0.69609374069105
0.7143327631942815,1.016080891483106,1.0454872917381877,0.69609374069105
0.7143327631942815,1.016080891483106,1.08039984811561,0.69609374069105
0.7143327631942815,1.016080891483106,0.8676071146180013,0.69609374069105
0.7143327631942815,1.016080891483106,0.9914706538179829,0.69609374069105
0.7143327631942815,1.016080891483106,1.0454107855701664,0.69609374069105
0.6352423566898777,1.016080891483106,1.2093762487052355,0.69609374069105
0.6352423566898777,1.016080891483106,1.188030728802431,0.69609374069105
0.6352423566898777,1.016080891483106,0.935175781508072,0.69609374069105
0.6352423566898777,1.016080891483106,1.151315084894229,0.69609374069105
0.6352423566898777,1.016080891483106,1.1266871853228642,0.69609374069105
0.6352423566898777,1.016080891483106,1.2593134967880515,0.69609374069105
0.6352423566898777,1.016080891483106,1.310314049736771,0.69609374069105
0.6352423566898777,1.016080891483106,1.5068742094566006,0.69609374069105
0.6352423566898777,1.016080891483106,1.1575905695444983,0.69609374069105
0.6352423566898777,1.016080891483106,1.1812367021260521,0.69609374069105
0.6352423566898777,1.016080891483106,1.0489051704193841,0.69609374069105
0.6352423566898777,1.016080891483106,0.9799387277883527,0.69609374069105
0.6352423566898777,1.016080891483106,1.299505654090644,0.69609374069105
0.6352423566898777,1.016080891483106,1.3120055147268164,0.69609374069105
0.6352423566898777,1.016080891483106,1.124232213326842,0.69609374069105
0.6352423566898777,1.016080891483106,1.1287819785388553,0.69609374069105
0.6352423566898777,1.016080891483106,1.053555231294545,0.69609374069105
0.6352423566898777,1.016080891483106,1.1329505283859256,0.69609374069105
0.6352423566898777,1.016080891483106,0.966901517939468,0.69609374069105
0.6352423566898777,1.016080891483106,1.2484664184080654,0.69609374069105
0.6495896407721202,1.016080891483106,1.337686392402905,0.69609374069105
0.6495896407721202,1.016080891483106,1.2030607009750605,0.69609374069105
0.671938968557966,1.016080891483106,1.034625300064882,0.69609374069105
0.671938968557966,1.016080891483106,1.1655892735045026,0.69609374069105
0.671938968557966,1.016080891483106,1.3262173332906715,0.69609374069105
0.671938968557966,1.016080891483106,1.0893310962058773,0.69609374069105
0.671938968557966,1.016080891483106,1.1262993301140374,0.69609374069105
0.671938968557966,1.016080891483106,1.0738830487606759,0.69609374069105
0.671938968557966,1.016080891483106,1.0701951136628742,0.69609374069105
0.671938968557966,1.016080891483106,1.2296709661610523,0.69609374069105
0.671938968557966,1.016080891483106,0.920279019738215,0.69609374069105
0.671938968557966,1.016080891483106,1.0443019218923386,0.69609374069105
0.671938968557966,1.016080891483106,1.2711395004739758,0.69609374069105
0.671938968557966,1.016080891483106,1.2119654807365272,0.69609374069105
0.671938968557966,1.016080891483106,1.2162777319265006,0.69609374069105
0.671938968557966,1.016080891483106,1.0505304973256728,0.69609374069105
0.671938968557966,1.016080891483106,0.9939796392062498,0.69609374069105
0.6057983860946412,1.016080891483106,1.0636162250407142,0.69609374069105
0.6057983860946412,1.016080891483106,1.2600419164611802,0.69609374069105
0.6057983860946412,1.016080891483106,1.0317917005017319,0.69609374069105
0.6057983860946412,1.016080891483106,1.097041684521368,0.69609374069105
0.6057983860946412,1.016080891483106,1.1628042795070397,0.69609374069105
0.6057983860946412,1.016080891483106,1.1040657257742967,0.69609374069105
0.6057983860946412,1.016080891483106,1.546697967803404,0.69609374069105
0.6057983860946412,1.016080891483106,1.2311567194793331,0.69609374069105
0.6057983860946412,1.016080891483106,1.192184631374675,0.69609374069105
0.6057983860946412,1.016080891483106,1.2923896802530945,0.69609374069105
0.6057983860946412,1.016080891483106,1.0650488325360559,0.69609374069105
0.6057983860946412,1.016080891483106,1.2428552629951166,0.69609374069105
0.6057983860946412,1.016080891483106,1.414868091184766,0.69609374069105
0.6057983860946412,1.016080891483106,1.1640319706313969,0.69609374069105
0.6057983860946412,1.016080891483106,1.2251496627328122,0.69609374069105
0.674718039769921,1.016080891483106,1.4490421920164642,0.69609374069105
0.674718039769921,1.016080891483106,1.3807675651382372,0.69609374069105
0.674718039769921,1.016080891483106,1.1616273338295413,0.69609374069105
0.674718039769921,1.016080891483106,0.9618561718099051,0.69609374069105
0.674718039769921,1.016080891483106,1.0992483438318619,0.69609374069105
0.674718039769921,1.016080891483106,1.068295881668899,0.69609374069105
0.674718039769921,1.016080891483106,0.9377659727727079,0.69609374069105
0.674718039769921,1.016080891483106,1.0971483609056916,0.69609374069105
0.674718039769921,1.016080891483106,1.0365812221842436,0.69609374069105
0.674718039769921,1.016080891483106,1.158678198760322,0.69609374069105
0.674718039769921,1.016080891483106,1.1265484457263442,0.69609374069105
0.674718039769921,1.016080891483106,1.0941886834932777,0.69609374069105
0.674718039769921,1.016080891483106,0.9647466370605823,0.69609374069105
0.674718039769921,1.016080891483106,1.030924845016932,0.69609374069105
0.674718039769921,1.016080891483106,1.2064687563423115,0.69609374069105
0.674718039769921,1.016080891483106,1.1261653514311745,0.69609374069105
0.674718039769921,1.016080891483106,1.0620800135815107,0.69609374069105
0.8103194433408559,0.9671596994477357,1.1220883045284775,0.69609374069105
0.8103194433408559,0.9671596994477357,1.1866640753024613,0.69609374069105
0.8103194433408559,0.9671596994477357,1.3638940545654767,0.69609374069105
0.8103194433408559,0.9671596994477357,1.1930907564705304,0.69609374069105
0.8103194433408559,0.9671596994477357,1.2090833593485228,0.69609374069105
0.8103194433408559,0.9671596994477357,1.1388371381795959,0.69609374069105
0.8103194433408559,0.9671596994477357,1.3060378274219033,0.69609374069105
0.8103194433408559,0.9671596994477357,1.0573777260930612,0.69609374069105
0.8103194433408559,0.9671596994477357,1.1093414610257766,0.69609374069105
0.8103194433408559,0.9671596994477357,1.197109605386745,0.69609374069105
0.8103194433408559,0.9671596994477357,1.112139996927069,0.69609374069105
0.8103194433408559,0.9671596994477357,1.0032013888836815,0.69609374069105
0.8103194433408559,0.9671596994477357,0.9123563135858712,0.69609374069105
0.8950573567947427,0.9671596994477357,0.9007482607709967,0.69609374069105
0.8950573567947427,0.9671596994477357,1.1626321582874533,0.69609374069105
0.8950573567947427,0.9671596994477357,0.9723569705922923,0.69609374069105
0.8950573567947427,0.9671596994477357,1.1114508801408094,0.69609374069105
0.8950573567947427,0.9671596994477357,0.8819649881447831,0.69609374069105
0.8950573567947427,0.9671596994477357,0.8658865662835482,0.69609374069105
0.8950573567947427,0.9671596994477357,1.107038631096828,0.69609374069105
0.8950573567947427,0.9671596994477357,1.1288105232351453,0.69609374069105
0.8950573567947427,0.9671596994477357,0.9079248751557879,0.69609374069105
0.8950573567947427,0.9671596994477357,1.0625522123873659,0.69609374069105
0.8950573567947427,0.9671596994477357,0.995990830337851,0.69609374069105
0.8950573567947427,0.9671596994477357,1.0700776306368704,0.69609374069105
0.8950573567947427,0.9671596994477357,0.8643859205430173,0.69609374069105
0.8950573567947427,0.9671596994477357,1.284885227968811,0.69609374069105
0.8950573567947427,0.944806483920823,1.0343413873695897,0.69609374069105
0.8950573567947427,0.944806483920823,1.106884642863844,0.69609374069105
0.8950573567947427,0.944806483920823,1.0915716586785085,0.69609374069105
0.8950573567947427,0.944806483920823,1.1168519433480317,0.69609374069105
0.8950573567947427,0.944806483920823,1.2114236419071167,0.69609374069105
0.8950573567947427,0.944806483920823,1.2063151528025962,0.69609374069105
0.8950573567947427,0.944806483920823,1.110407618581468,0.69609374069105
0.8950573567947427,0.944806483920823,1.0030115093059138,0.69609374069105
0.8950573567947427,0.944806483920823,1.2087660288239948,0.69609374069105
0.8950573567947427,0.944806483920823,1.2185653038075452,0.69609374069105
0.8950573567947427,0.944806483920823,1.0489296031528346,0.69609374069105
0.8950573567947427,0.944806483920823,1.1260543644046297,0.69609374069105
0.8950573567947427,0.944806483920823,1.242530910194352,0.69609374069105
0.8950573567947427,0.944806483920823,1.263036547421228,0.69609374069105
0.8950573567947427,0.944806483920823,1.179352392079488,0.69609374069105
0.8950573567947427,0.944806483920823,1.0343643069480961,0.69609374069105
0.8280584119345724,0.944806483920823,1.2500622458693782,0.69609374069105
0.8280584119345724,0.944806483920823,1.1054752972325932,0.69609374069105
1.0392553640011617,0.944806483920823,1.1417770708544044,0.69609374069105
1.0392553640011617,0.944806483920823,0.9390131624737071,0.69609374069105
1.0392553640011617,0.944806483920823,1.0038846331482265,0.69609374069105
1.0392553640011617,0.944806483920823,0.9175838720355642,0.69609374069105
1.0392553640011617,0.944806483920823,1.1464179254545153,0.69609374069105
1.0392553640011617,0.944806483920823,0.9119503748439977,0.69609374069105
1.0392553640011617,0.944806483920823,0.958777824852183,0.69609374069105
1.0392553640011617,0.944806483920823,0.8784894103937502,0.69609374069105
1.0392553640011617,0.944806483920823,1.0878472994966382,0.69609374069105
1.0392553640011617,0.944806483920823,0.8884433020047503,0.69609374069105
1.0392553640011617,0.944806483920823,0.9313884071087326,0.69609374069105
1.0392553640011617,0.944806483920823,1.0855051038016672,0.69609374069105
1.0392553640011617,0.944806483920823,0.9637838368091238,0.69609374069105
1.0392553640011617,0.944806483920823,1.321543337335678,0.69609374069105
0.8598722118089613,0.944806483920823,0.999525899473734,0.69609374069105
0.8598722118089613,0.944806483920823,1.0753096502646957,0.69609374069105
0.8598722118089613,0.944806483920823,1.1009268840642366,0.69609374069105
0.8598722118089613,0.944806483920823,1.1489917064693385,0.69609374069105
0.8660375649074711,0.944806483920823,1.3672182079534654,0.69609374069105
0.8660375649074711,0.944806483920823,1.2957936921302444,0.69609374069105
0.8660375649074711,0.944806483920823,1.253069855118024,0.69609374069105
0.8660375649074711,0.944806483920823,1.1160086944134502,0.69609374069105
0.8660375649074711,0.944806483920823,1.1284437557719191,0.69609374069105
0.8660375649074711,0.944806483920823,1.186931133581984,0.69609374069105
0.8660375649074711,0.944806483920823,1.2953909947531108,0.69609374069105
0.8660375649074711,0.944806483920823,1.1855500179183291,0.69609374069105
0.8660375649074711,0.944806483920823,1.3292309745391544,0.69609374069105
0.8660375649074711,0.944806483920823,1.0780587610756636,0.69609374069105
0.9176619857679577,0.944806483920823,1.2611963646218813,0.69609374069105
0.9176619857679577,0.944806483920823,1.1067836641024211,0.69609374069105
0.9176619857679577,0.944806483920823,1.0242776265011546,0.69609374069105
0.9176619857679577,0.944831177567651,0.9095901975153448,0.69609374069105
0.9176619857679577,0.944831177567651,1.067106362260335,0.69609374069105
0.9176619857679577,0.944831177567651,1.1205977134099292,0.69609374069105
0.9176619857679577,0.944831177567651,1.1334228977113607,0.69609374069105
0.9176619857679577,0.944831177567651,1.0317206298485988,0.69609374069105
0.9176619857679577,0.944831177567651,1.134369451070594,0.69609374069105
0.9176619857679577,0.944831177567651,1.2113017408779025,0.69609374069105
0.9176619857679577,0.944831177567651,1.0948153209405764,0.69609374069105
0.9176619857679577,0.944831177567651,1.0861121906812623,0.69609374069105
0.9176619857679577,0.944831177567651,1.2730304863198447,0.69609374069105
0.9176619857679577,0.944831177567651,0.9547195560408734,0.69609374069105
0.9176619857679577,0.944831177567651,1.1627851487204326,0.69609374069105
0.9176619857679577,0.944831177567651,1.1528400935631358,0.69609374069105
0.9176619857679577,0.944831177567651,1.4369407226322313,0.69609374069105
0.9176619857679577,0.944831177567651,1.0203237117018984,0.69609374069105
0.9176619857679577,0.944831177567651,1.1544398314786104,0.69609374069105
0.9176619857679577,0.944831177567651,1.1286836180622688,0.69609374069105
0.9176619857679577,0.944831177567651,0.9088852893704661,0.69609374069105
0.9176619857679577,0.944831177567651,0.9800607192937867,0.69609374069105
0.9176619857679577,0.944831177567651,1.0554442774262383,0.69609374069105
0.7494284624731484,0.944831177567651,1.118990664193478,0.69609374069105
0.7494284624731484,0.944831177567651,1.2345841651295795,0.69609374069105
0.8312095940349963,0.944831177567651,1.3339846527803039,0.6958411833496253
0.9108441381726059,0.944831177567651,1.1878836009573448,0.6958411833496253
0.9108441381726059,0.944831177567651,1.0270837241585444,0.6958411833496253
0.9108441381726059,0.944831177567651,1.0570820755914183,0.6958411833496253
0.9108441381726059,0.944831177567651,1.1852864739806723,0.6958411833496253
0.9108441381726059,0.944831177567651,1.2678887497257127,0.6958411833496253
0.9108441381726059,0.944831177567651,1.187037798628176,0.6958411833496253
0.9108441381726059,0.944831177567651,1.0738157353797562,0.6958411833496253
0.9108441381726059,0.944831177567651,1.2780640473061717,0.6958411833496253
0.9108441381726059,0.944831177567651,1.1954261428475041,0.6958411833496253
0.9108441381726059,0.944831177567651,1.1770333429060038,0.6958411833496253
0.9108441381726059,0.944831177567651,1.1208784703941588,0.6958411833496253
0.9108441381726059,0.944831177567651,1.0579504923498533,0.6958411833496253
0.9108441381726059,0.944831177567651,1.1727098554303832,0.6958411833496253
0.9108441381726059,0.944831177567651,1.0229257088634462,0.6958411833496253
0.9108441381726059,0.944831177567651,1.1820559441139604,0.6958411833496253
0.9108441381726059,0.944831177567651,1.1326452628505055,0.6958411833496253
0.9911856715113646,0.944831177567651,1.0775238417899562,0.6958411833496253
0.9911856715113646,0.9791602448975455,0.9228821279459507,0.6958411833496253
0.9911856715113646,0.9791602448975455,1.0579556940272106,0.6958411833496253
0.9911856715113646,0.9791602448975455,0.7540231875042135,0.6958411833496253
0.9911856715113646,0.9791602448975455,1.0435410201699984,0.6958411833496253
0.9911856715113646,0.9791602448975455,0.8931558328943386,0.6958411833496253
0.9911856715113646,0.9791602448975455,0.8456707642405381,0.6958411833496253
0.9911856715113646,0.9791602448975455,0.950087045776914,0.6958411833496253
0.9911856715113646,0.9791602448975455,0.8836803027961667,0.6958411833496253
0.9911856715113646,0.9791602448975455,0.9150747252618588,0.6958411833496253
0.8586947675952196,0.9791602448975455,0.8942953288230019,0.6958411833496253
0.8586947675952196,0.9791602448975455,1.086540088812853,0.6958411833496253
0.8586947675952196,0.9791602448975455,1.096960851876237,0.6958411833496253
0.683844468072109,0.9791602448975455,1.068897797627278,0.6958411833496253
0.683844468072109,0.9791602448975455,1.4332237941268027,0.6958411833496253
0.683844468072109,0.9791602448975455,1.2511101485439644,0.6958411833496253
0.683844468072109,0.9791602448975455,1.3233599167345051,0.6958411833496253
0.683844468072109,0.9791602448975455,1.2488697412980097,0.6958411833496253
0.683844468072109,0.9791602448975455,1.3352201172114673,0.6958411833496253
0.683844468072109,0.9791602448975455,0.9468232471245516,0.6958411833496253
0.683844468072109,0.9791602448975455,1.2472342355211967,0.6958411833496253
0.683844468072109,0.9791602448975455,1.5808356667607433,0.6958411833496253
0.683844468072109,0.9791602448975455,1.1245518416578562,0.6958411833496253
0.683844468072109,0.9791602448975455,1.1849382553223426,0.6958411833496253
0.683844468072109,0.9791602448975455,1.1641688063364783,0.6958411833496253
0.683844468072109,0.9791602448975455,1.0834027999263494,0.6958411833496253
0.683844468072109,0.9791602448975455,1.0974279538620193,0.6958411833496253
0.683844468072109,0.9791602448975455,1.4256829830790605,0.6958411833496253
0.683844468072109,0.9791602448975455,1.2589800466696015,0.6958411833496253
0.6970838296145007,0.9791602448975455,1.3576111279537946,0.6958411833496253
0.6970838296145007,0.9791602448975455,1.4389631982552957,0.6958411833496253
0.6970838296145007,0.9791602448975455,1.1941248002987654,0.6958411833496253
0.6970838296145007,1.0126467063610123,1.3150771281042783,0.6958411833496253
0.6970838296145007,1.0126467063610123,1.0910913374516382,0.6958411833496253
0.6970838296145007,1.0126467063610123,1.0778980515809071,0.6958411833496253
0.6970838296145007,1.0126467063610123,0.999981236892505,0.6958411833496253
0.6970838296145007,1.0126467063610123,1.1751522323234544,0.6958411833496253
0.6970838296145007,1.0126467063610123,1.133509601503137,0.6958411833496253
0.6970838296145007,1.0126467063610123,1.073656599241399,0.6958411833496253
0.6970838296145007,1.0126467063610123,1.0698489033071323,0.6958411833496253
0.6970838296145007,1.0126467063610123,1.0345663452150462,0.6958411833496253
0.6970838296145007,1.0126467063610123,0.8186906956249851,0.6958411833496253
0.6970838296145007,1.0126467063610123,1.2818300439579426,0.6958411833496253
0.6970838296145007,1.0126467063610123,1.198543804557586,0.6958411833496253
0.6970838296145007,1.0126467063610123,1.0715086484806247,0.6958411833496253
0.6970838296145007,1.0126467063610123,1.1579538864909575,0.6958411833496253
0.6970838296145007,1.0126467063610123,1.0571546250962094,0.6958411833496253
0.6970838296145007,1.0308887404948264,1.202478361152341,0.6958411833496253
0.6970838296145007,1.0308887404948264,1.0261220917352736,0.6958411833496253
0.6970838296145007,1.0308887404948264,1.0092787579987268,0.6958411833496253
0.6970838296145007,1.0308887404948264,0.9871795890507029,0.6958411833496253
0.6970838296145007,1.0308887404948264,1.0742808232741987,0.6958411833496253
0.6970838296145007,1.0308887404948264,1.0786459387277318,0.6958411833496253
0.6970838296145007,1.0308887404948264,0.9650186450995651,0.6958411833496253
0.6970838296145007,1.0308887404948264,1.0834471855817305,0.6958411833496253
0.6970838296145007,1.0308887404948264,1.0073266906209688,0.6958411833496253
0.6970838296145007,1.0308887404948264,0.9684120177257869,0.6958411833496253
0.6970838296145007,1.0308887404948264,0.989592886293631,0.6958411833496253
0.6970838296145007,1.0308887404948264,1.0863253828775234,0.6958411833496253
0.6970838296145007,1.0308887404948264,0.8901051980500116,0.6958411833496253
0.6970838296145007,1.0308887404948264,1.0965326850203285,0.6958411833496253
0.6970838296145007,1.0308887404948264,1.1118332941736024,0.6958411833496253
0.6970838296145007,1.0308887404948264,1.0266829784807252,0.6958411833496253
0.6970838296145007,1.0073260049203245,1.014825180048907,0.6958411833496253
0.6970838296145007,1.0073260049203245,1.1264046417663998,0.6958411833496253
0.6970838296145007,1.0073260049203245,1.1840800796485789,0.6958411833496253
0.6970838296145007,1.0073260049203245,1.1178338313128795,0.6958411833496253
0.6970838296145007,1.0073260049203245,1.1139574862374508,0.6958411833496253
0.6552766874526038,1.0073260049203245,1.526041667490525,0.6958411833496253
0.6552766874526038,1.0073260049203245,1.2820128217628275,0.6958411833496253
0.6552766874526038,1.0073260049203245,1.0818549607649446,0.6958411833496253
0.6552766874526038,1.0073260049203245,1.3749949217066644,0.6958411833496253
0.6552766874526038,1.0073260049203245,1.3320445599366355,0.6958411833496253
0.6552766874526038,1.0073260049203245,1.0646179617051386,0.6958411833496253
0.6552766874526038,1.0073260049203245,1.2356726036373036,0.6958411833496253
0.6552766874526038,1.0073260049203245,1.14683855209985,0.6958411833496253
0.7766114811692499,1.0073260049203245,1.1799508551191025,0.6958411833496253
0.7766114811692499,1.0073260049203245,0.9112387012840294,0.6958411833496253
0.7766114811692499,1.0073260049203245,1.1021662317748535,0.6958411833496253
0.7766114811692499,1.0073260049203245,0.9401655547936251,0.6958411833496253
0.7766114811692499,1.0073260049203245,1.0096118526726612,0.6958411833496253
0.7766114811692499,1.0073260049203245,0.9256316377530862,0.6958411833496253
0.7766114811692499,1.0073260049203245,1.097013718820596,0.6958411833496253
0.7627772672893763,1.0073260049203245,1.0888579009762867,0.6958411833496253
0.7627772672893763,1.0073260049203245,1.0033724763883471,0.6958411833496253
0.7627772672893763,1.0073260049203245,1.0372084656213694,0.6958411833496253
0.7627772672893763,1.0073260049203245,0.9916429239340369,0.6958411833496253
0.7627772672893763,1.0073260049203245,1.1312961909247514,0.6958411833496253
0.7627772672893763,1.0073260049203245,0.9311876074367967,0.6958411833496253
0.7627772672893763,1.0073260049203245,0.9252230750808166,0.6958411833496253
0.6824403016488203,1.0073260049203245,1.071242227578156,0.6958411833496253
0.7785854894790518,1.0073260049203245,0.9166538557071571,0.6958411833496253
0.7618112895850242,1.0073260049203245,0.996224535275589,0.6958411833496253
0.7618112895850242,1.0073260049203245,1.145165066851288,0.6958411833496253
0.7618112895850242,1.0073260049203245,1.0213433510955918,0.6958411833496253
0.7618112895850242,1.0073260049203245,0.9485083911372275,0.6958411833496253
0.7618112895850242,1.0073260049203245,0.9260931341784001,0.6958411833496253
0.7618112895850242,1.0073260049203245,0.9337370806232169,0.6958411833496253
0.7618112895850242,1.0073260049203245,1.1439953897732282,0.6958411833496253
0.7618112895850242,1.0073260049203245,1.0500147790349124,0.6958411833496253
0.7618112895850242,1.0073260049203245,1.0397451279234702,0.6958411833496253
0.7618112895850242,1.0073260049203245,1.042881508187337,0.6958411833496253
0.7618112895850242,1.0073260049203245,0.8913362757326888,0.6958411833496253
0.7618112895850242,1.0073260049203245,0.9894865839066028,0.6958411833496253
0.7912907994393348,1.0073260049203245,1.0633449821841077,0.6958411833496253
0.7912907994393348,1.0073260049203245,1.0632514148180123,0.6958411833496253
0.7912907994393348,1.0073260049203245,0.9585645330737704,0.6958411833496253
0.7912907994393348,1.0073260049203245,0.868726009345356,0.6958411833496253
0.7912907994393348,1.0073260049203245,0.9962912113487818,0.6958411833496253
0.7912907994393348,1.0073260049203245,0.9492199823808226,0.6958411833496253
0.7912907994393348,1.0073260049203245,1.033777759978781,0.6958411833496253
0.7912907994393348,1.0073260049203245,0.913243099663869,0.6958411833496253
0.7912907994393348,1.0073260049203245,0.7507786252183536,0.6958411833496253
0.7693644476637711,1.0073260049203245,0.9313223044333908,0.6958411833496253
0.7693644476637711,1.0073260049203245,1.059367452056827,0.6958411833496253
0.7693644476637711,1.0073260049203245,1.0741945598477134,0.6958411833496253
0.7693644476637711,1.0073260049203245,0.985417869342158,0.6958411833496253
0.7693644476637711,1.0073260049203245,1.0757478292057685,0.6958411833496253
0.7693644476637711,1.0073260049203245,0.8642682659895293,0.6958411833496253
0.7693644476637711,1.0073260049203245,1.0983338808386869,0.6958411833496253
0.7693644476637711,1.0073260049203245,1.0831147510787085,0.6958411833496253
0.685032909138553,1.0073260049203245,0.9593176910606298,0.6958411833496253
0.685032909138553,1.0073260049203245,1.2364787234482688,0.6958411833496253
0.685032909138553,1.0073260049203245,1.1403518343904546,0.6958411833496253
0.685032909138553,1.0073260049203245,1.0762711567438255,0.6958411833496253
0.685032909138553,1.0073260049203245,1.0945342856811169,0.6958411833496253
0.685032909138553,1.0073260049203245,1.1473392289890616,0.6958411833496253
0.685032909138553,1.0073260049203245,1.1703934498928168,0.6958411833496253
0.685032909138553,1.0073260049203245,1.227521590104487,0.6958411833496253
0.685032909138553,1.0073260049203245,1.2735852219126504,0.6958411833496253
0.6717099676115889,1.0073260049203245,1.0857033495016166,0.6958411833496253
0.6717099676115889,1.0073260049203245,1.165458887626434,0.6958411833496253
0.6717099676115889,1.0073260049203245,1.1742437762635318,0.6958411833496253
0.6717099676115889,1.0073260049203245,1.1707646412905115,0.6958411833496253
0.6717099676115889,1.0073260049203245,1.0625744861956803,0.6958411833496253
0.6717099676115889,1.0073260049203245,1.2667934049382241,0.6958411833496253
0.6717099676115889,1.0073260049203245,1.1035817097539522,0.6958411833496253
0.6678368581378883,1.0073260049203245,1.121757746780581,0.6958411833496253
0.6678368581378883,1.0073260049203245,1.1562352359761658,0.6958411833496253
0.6678368581378883,1.0073260049203245,1.0927534693361673,0.6958411833496253
0.6678368581378883,1.0073260049203245,1.24826753906939,0.6958411833496253
0.6678368581378883,1.0073260049203245,1.2109994001580882,0.6958411833496253
0.6678368581378883,1.0073260049203245,1.2852107602169056,0.6958411833496253
0.6678368581378883,1.0073260049203245,1.1000850886436315,0.6958411833496253
0.6678368581378883,1.0073260049203245,1.0622885178724701,0.6958411833496253
0.6678368581378883,1.0073260049203245,1.022290171446268,0.6958411833496253
0.6678368581378883,1.0073260049203245,1.0572269409634028,0.6958411833496253
0.6678368581378883,1.0073260049203245,1.1583181864733492,0.6958411833496253
0.6023006494330958,1.0073260049203245,1.3870907064556992,0.6958411833496253
0.6023006494330958,1.0073260049203245,1.4806668555301643,0.6958411833496253
0.5706915008365134,1.0073260049203245,1.1474435978626687,0.6958411833496253
0.5706915008365134,1.0073260049203245,1.3324136777893818,0.6958411833496253
0.5706915008365134,1.0073260049203245,1.4143585749105634,0.6958411833496253
0.5706915008365134,1.0073260049203245,1.3683013070957863,0.6958411833496253
0.5706915008365134,1.0073260049203245,1.403409574093685,0.6958411833496253
0.5706915008365134,1.0073260049203245,1.835653030609528,0.6958411833496253
0.5706915008365134,1.0073260049203245,1.342042608255178,0.6958411833496253
0.5706915008365134,1.0073260049203245,1.621427447749137,0.6958411833496253
0.5706915008365134,1.0073260049203245,1.2946412610727096,0.6958411833496253
0.5998714368637121,1.0073260049203245,1.3333091609025933,0.6958411833496253
0.5998714368637121,1.0073260049203245,1.419453931500524,0.6958411833496253
0.6106194317676061,1.0073260049203245,1.231888579361521,0.6958411833496253
0.6106194317676061,1.0073260049203245,1.2271227751590388,0.6958411833496253
0.6106194317676061,1.0073260049203245,1.3613596331963542,0.6958411833496253
0.6106194317676061,1.0073260049203245,1.1266244290185468,0.6958411833496253
0.6106194317676061,1.0073260049203245,1.4067713157158162,0.6958411833496253
0.6106194317676061,1.0073260049203245,1.155396978615788,0.6958411833496253
0.6106194317676061,1.0073260049203245,1.4756568109353319,0.6958411833496253
0.6106194317676061,1.0073260049203245,1.290841271862329,0.6958411833496253
0.6106194317676061,1.0073260049203245,1.2563279960082216,0.6958411833496253
0.6106194317676061,1.0073260049203245,1.4706613483301578,0.6958411833496253
0.6106194317676061,1.0073260049203245,1.0810600744624748,0.6958411833496253
0.6106194317676061,1.0073260049203245,1.2232428648429596,0.6958411833496253
0.6106194317676061,1.0073260049203245,1.2704044150978893,0.6958411833496253
0.6106194317676061,1.0073260049203245,1.511751959762571,0.6958411833496253
0.6106194317676061,1.0073260049203245,1.8101120665719221,0.6958411833496253
0.6106194317676061,1.0073260049203245,0.9970674082632448,0.6958411833496253
0.6106194317676061,1.0073260049203245,1.2991180160762303,0.6958411833496253
0.6106194317676061,1.0073260049203245,1.0720079553808033,0.6958411833496253
0.6106194317676061,1.0073260049203245,1.3679077311144823,0.6958411833496253
0.6106194317676061,1.0073260049203245,1.3432954854067474,0.6958411833496253
0.6106194317676061,1.0073260049203245,1.355060784554466,0.6958411833496253
0.6106194317676061,1.0073260049203245,1.465476005689909,0.6958411833496253
0.6106194317676061,1.0073260049203245,1.371393607662347,0.6958411833496253
0.6106194317676061,1.0073260049203245,1.4021417070017836,0.6958411833496253
0.6106194317676061,1.0073260049203245,1.4640342896946665,0.6958411833496253
0.6106194317676061,1.0073260049203245,1.3375595714567596,0.6958411833496253
0.6106194317676061,1.0073260049203245,1.2274004489265784,0.6958411833496253
0.6106194317676061,1.0073260049203245,1.2258369973472563,0.6958411833496253
0.6106194317676061,1.0073260049203245,1.21927489728097,0.6958411833496253
0.6106194317676061,1.0073260049203245,1.1822764883913537,0.6958411833496253
0.6106194317676061,1.0073260049203245,1.2552864896163087,0.6958411833496253
0.6106194317676061,1.0073260049203245,1.1744814268139434,0.6958411833496253
0.6106194317676061,1.0073260049203245,1.0849419993355103,0.6958411833496253
0.6106194317676061,1.0073260049203245,1.4696451137700173,0.6958411833496253
0.6421695453492128,1.0073260049203245,1.4045388769159697,0.6958411833496253
0.6421695453492128,1.0073260049203245,1.1496378704131094,0.6958411833496253
0.6421695453492128,1.0073260049203245,1.1977854431979194,0.6958411833496253
0.6421695453492128,1.0073260049203245,1.3392557569766845,0.6958411833496253
0.6421695453492128,1.0073260049203245,1.1570353921305903,0.6958411833496253
0.6421695453492128,1.0073260049203245,1.1216682793450254,0.6958411833496253
0.6421695453492128,1.0073260049203245,1.1011970108563502,0.6958411833496253
0.6421695453492128,1.0073260049203245,1.2843537977002362,0.6958411833496253
0.6050350155381412,1.0073260049203245,1.513168844803251,0.6958411833496253
0.6050350155381412,1.0073260049203245,1.3545429687515447,0.6958411833496253
0.6050350155381412,1.0073260049203245,1.3467390775212604,0.6958411833496253
0.6050350155381412,1.0073260049203245,1.3598978414366667,0.6958411833496253
0.6050350155381412,1.0492356028834926,1.2964531759436917,0.6958411833496253
0.6050350155381412,1.0492356028834926,1.0294429344685831,0.6958411833496253
0.6050350155381412,1.066491315098031,1.0704647538484797,0.6958411833496253
0.5895699703314815,1.066491315098031,0.915449635447652,0.6958411833496253
0.5895699703314815,1.066491315098031,1.065916176223699,0.6958411833496253
0.5895699703314815,1.066491315098031,1.0242414682721988,0.6958411833496253
0.5895699703314815,1.066491315098031,1.16520389802019,0.6958411833496253
0.5895699703314815,1.066491315098031,0.9690670848309136,0.6958411833496253
0.5895699703314815,1.066491315098031,0.9458618505869603,0.6958411833496253
0.5860726325178396,1.066491315098031,1.0392434263545742,0.6958411833496253
0.5860726325178396,1.066491315098031,1.0629298732837646,0.6958411833496253
0.5860726325178396,1.066491315098031,1.1883757225968536,0.6958411833496253
0.5860726325178396,1.066491315098031,1.143130594562894,0.6958411833496253
0.5860726325178396,1.0810753683702867,1.0032303267613225,0.6958411833496253
0.5860726325178396,1.0810753683702867,0.8293524985144816,0.6958411833496253
0.5860726325178396,1.0810753683702867,1.0631708842599832,0.6958411833496253
0.5860726325178396,1.0810753683702867,0.9416156965566362,0.6958411833496253
0.5860726325178396,1.0810753683702867,1.1336316501042485,0.6958411833496253
0.5860726325178396,1.0810753683702867,1.2587877967422516,0.6958411833496253
0.5860726325178396,1.0810753683702867,0.8827472167360804,0.6958411833496253
0.5860726325178396,1.0810753683702867,1.0506379093954232,0.6958411833496253
0.5860726325178396,1.0810753683702867,1.0125334958827719,0.6958411833496253
0.5860726325178396,1.0810753683702867,0.9398137696118907,0.6958411833496253
0.5860726325178396,1.0810753683702867,0.9001315044531712,0.6958411833496253
0.5860726325178396,1.0810753683702867,1.0451045351875492,0.6958411833496253
0.5860726325178396,1.0810753683702867,1.168582220046951,0.6958411833496253
0.5860726325178396,1.0810753683702867,0.9777951885660775,0.6958411833496253
0.5860726325178396,1.0810753683702867,1.1368960167079722,0.6958411833496253
0.5860726325178396,1.0810753683702867,1.0468937653472856,0.6958411833496253
0.5860726325178396,1.0810753683702867,1.0092756126870037,0.6958411833496253
0.5860726325178396,1.0810753683702867,0.9942611294520727,0.6958411833496253
0.5860726325178396,1.0810753683702867,1.1112241988945555,0.6958411833496253
0.5860726325178396,1.0810753683702867,1.0272647620424542,0.6958411833496253
0.5860726325178396,1.0810753683702867,1.0219095277566312,0.6958411833496253
0.5860726325178396,1.0810753683702867,0.9239644847285485,0.6958411833496253
0.5860726325178396,1.0810753683702867,0.98076728758987,0.6958411833496253
0.5860726325178396,1.0810753683702867,1.054440353527343,0.6958411833496253
0.5860726325178396,1.0810753683702867,0.9535945626730417,0.6958411833496253
0.5860726325178396,1.0810753683702867,0.9608369253180471,0.6958411833496253
0.5860726325178396,1.0810753683702867,0.9783565011942433,0.6958411833496253
0.5860726325178396,1.0810753683702867,0.9524171797659872,0.6958411833496253
0.5860726325178396,1.0810753683702867,0.9663384735115274,0.6958411833496253
0.5860726325178396,1.0810753683702867,0.7163647645162882,0.6958411833496253
0.5860726325178396,1.0565057949131806,1.0810816233218135,0.6958411833496253
0.5860726325178396,1.0565057949131806,1.145912528678522,0.6958411833496253
0.5860726325178396,1.0565057949131806,1.0120201659274666,0.6958411833496253
0.5860726325178396,1.0565057949131806,1.5259578719666134,0.6958411833496253
0.5860726325178396,1.0565057949131806,1.1177848858466575,0.6958411833496253
0.5860726325178396,1.0565057949131806,1.0656595880733468,0.6958411833496253
0.5860726325178396,1.0565057949131806,1.0487487984379982,0.6958411833496253
0.5860726325178396,1.0565057949131806,0.9866361891962738,0.6958411833496253
0.5860726325178396,1.0565057949131806,1.2476931235914435,0.6958411833496253
0.5860726325178396,1.0565057949131806,1.1642177262332438,0.6958411833496253
0.5860726325178396,1.0565057949131806,1.4082123267986606,0.6958411833496253
0.5860726325178396,1.0565057949131806,1.220796019626241,0.6958411833496253
0.5860726325178396,1.0565057949131806,1.2466963804650446,0.6958411833496253
0.5860726325178396,1.0565057949131806,0.9702249089178538,0.6958411833496253
0.5860726325178396,1.0565057949131806,1.0121822890097054,0.6958411833496253
0.5860726325178396,1.0565057949131806,1.1093214467590655,0.6958411833496253
0.5860726325178396,1.0565057949131806,0.997909914271636,0.6958411833496253
0.5860726325178396,1.0565057949131806,1.1048458411193456,0.6958411833496253
0.5860726325178396,1.0565057949131806,1.185322496425505,0.6958411833496253
0.5860726325178396,1.0565057949131806,1.0405060072337742,0.6958411833496253
0.5860726325178396,1.0565057949131806,1.1326713150972323,0.6958411833496253
0.6791884745753161,1.0565057949131806,0.9260312209861795,0.6958411833496253
0.6878652187884866,1.0565057949131806,0.99945776819753,0.6958411833496253
0.6878652187884866,1.0565057949131806,0.8088559625238018,0.6958411833496253
0.6878652187884866,1.0565057949131806,0.9365419316960405,0.6958411833496253
0.6878652187884866,1.0565057949131806,1.0618274709587419,0.6958411833496253
0.6878652187884866,1.0565057949131806,0.9437720602955469,0.6958411833496253
0.6236501249552933,1.0565057949131806,0.9722900506999719,0.6958411833496253
0.6236501249552933,1.0565057949131806,1.010018448527777,0.6958411833496253
0.6236501249552933,1.0565057949131806,0.9265875571217927,0.6958411833496253
0.6236501249552933,1.0565057949131806,1.1397572509427139,0.6958411833496253
0.6236501249552933,1.0565057949131806,1.1222727156999743,0.6958411833496253
0.6236501249552933,1.0565057949131806,1.114058295582592,0.6958411833496253
0.6236501249552933,1.0565057949131806,0.9575600857725453,0.6958411833496253
0.6236501249552933,1.0565057949131806,1.2226486822396356,0.6958411833496253
0.609202894119892,1.0565057949131806,1.0413208359406054,0.6958411833496253
0.609202894119892,1.0565057949131806,0.9372806430767956,0.6958411833496253
0.609202894119892,1.0565057949131806,1.0639085922465144,0.6958411833496253
0.609202894119892,1.0565057949131806,1.0177210169051019,0.6958411833496253
0.6344986544306743,1.0565057949131806,1.0843637941809048,0.6958411833496253
0.6344986544306743,1.0565057949131806,0.9086830955260582,0.6958411833496253
0.6344986544306743,1.0565057949131806,1.105534750934747,0.6958411833496253
0.6344986544306743,1.0565057949131806,1.0892988447067276,0.6958411833496253
0.6344986544306743,1.0565057949131806,0.9588354427181626,0.6958411833496253
0.6344986544306743,1.0565057949131806,1.0215562331588894,0.6958411833496253
0.662524857271076,1.0565057949131806,0.9457249955387301,0.6958411833496253
0.6609757511795799,1.0565057949131806,0.9080454708747245,0.6958411833496253
0.6609757511795799,1.0565057949131806,0.9598997667490433,0.6958411833496253
0.6609757511795799,1.0565057949131806,0.996239822356784,0.6958411833496253
0.6609757511795799,1.0565057949131806,1.033296186062406,0.6958411833496253
0.6609757511795799,1.0565057949131806,1.0171019091413287,0.6958411833496253
0.6609757511795799,1.0565057949131806,0.8444906199640089,0.6958411833496253
0.6609757511795799,1.0565057949131806,1.099758919957198,0.6958411833496253
0.6609757511795799,1.0565057949131806,0.892428566220091,0.6958411833496253
0.6609757511795799,1.0565057949131806,1.0713602674271412,0.6958411833496253
0.6609757511795799,1.0565057949131806,0.9165049088799149,0.6958411833496253
0.6609757511795799,1.0565057949131806,1.0045078450285037,0.6958411833496253
0.6609757511795799,1.0565057949131806,0.9911316804425961,0.6958411833496253
0.6609757511795799,1.0565057949131806,0.8630166281381113,0.6958411833496253
0.6609757511795799,1.0565057949131806,0.9600590001892191,0.6958411833496253
0.6609757511795799,1.0565057949131806,0.8798852135934281,0.6958411833496253
0.6609757511795799,1.0565057949131806,0.9087305222339155,0.6958411833496253
0.6609757511795799,1.0565057949131806,1.0860921682633573,0.6958411833496253
0.6609757511795799,1.0565057949131806,1.0449404870965033,0.6958411833496253
0.6609757511795799,1.0565057949131806,0.9360401709287287,0.6958411833496253
0.6609757511795799,1.0565057949131806,0.8992893830559477,0.6958411833496253
0.6609757511795799,1.0565057949131806,0.9656051177413612,0.6958411833496253
0.6609757511795799,1.0565057949131806,0.9304328314485041,0.6958411833496253
0.6609757511795799,1.0565057949131806,0.9928450910720488,0.6958411833496253
0.6609757511795799,1.0565057949131806,1.1743427910722624,0.6958411833496253
0.6609757511795799,1.06986590992033,1.0159121006993461,0.6958411833496253
0.6609757511795799,1.06986590992033,0.83283661330461,0.6958411833496253
0.6609757511795799,1.06986590992033,0.9292349728547786,0.6958411833496253
0.6609757511795799,1.06986590992033,0.9841969321193977,0.6958411833496253
0.6609757511795799,1.06986590992033,0.9252236615877035,0.6958411833496253
0.6609757511795799,1.06986590992033,0.9544783011744727,0.6958411833496253
0.6609757511795799,1.06986590992033,0.8890087303740798,0.6958411833496253
0.6609757511795799,1.06986590992033,0.929568297285699,0.6958411833496253
0.6609757511795799,1.06986590992033,0.9128034471816313,0.6958411833496253
0.6609757511795799,1.06986590992033,0.8946032269887739,0.6958411833496253
0.6609757511795799,1.06986590992033,0.8686310685947491,0.6958411833496253
0.6609757511795799,1.06986590992033,1.0772236312171959,0.6958411833496253
0.6609757511795799,1.06986590992033,0.8895124496802123,0.6958411833496253
0.6609757511795799,1.06986590992033,0.8189537668860299,0.6958411833496253
0.6609757511795799,1.06986590992033,0.9979960911667505,0.6958411833496253
0.6609757511795799,1.06986590992033,1.0917971731436575,0.6958411833496253
0.6609757511795799,1.06986590992033,1.0764423114987982,0.6958411833496253
0.6609757511795799,1.06986590992033,0.845419807934158,0.6958411833496253
0.6609757511795799,1.06986590992033,0.91680976094679,0.6958411833496253
0.6609757511795799,1.06986590992033,0.8299715207138065,0.6958411833496253
0.6609757511795799,1.06986590992033,0.8585351656538345,0.6958411833496253
0.6609757511795799,1.06986590992033,0.9414561337835244,0.6958411833496253
0.6609757511795799,1.06986590992033,0.8027554615592393,0.6958411833496253
0.6609757511795799,1.06986590992033,0.8756473428700299,0.6958411833496253
0.6609757511795799,1.06986590992033,0.9096641442525227,0.6958411833496253
0.6609757511795799,1.06986590992033,1.0354230470205386,0.6958411833496253
0.6609757511795799,1.06986590992033,1.0356484551897447,0.6958411833496253
0.6609757511795799,1.06986590992033,0.9845873911171763,0.6958411833496253
0.6609757511795799,1.06986590992033,0.8822517311646652,0.6958411833496253
0.6609757511795799,1.06986590992033,0.9577674950311874,0.6958411833496253
0.6609757511795799,1.06986590992033,0.9051595158559761,0.6958411833496253
0.6609757511795799,1.06986590992033,1.003467024137585,0.6958411833496253
0.6609757511795799,1.06986590992033,0.9712111362030837,0.6958411833496253
0.6609757511795799,1.06986590992033,0.9201293423918437,0.6958411833496253
0.6609757511795799,1.06986590992033,0.898405572993392,0.6958411833496253
0.6609757511795799,1.06986590992033,0.8976254629969259,0.6958411833496253
0.6609757511795799,1.06986590992033,0.8618720407042479,0.6958411833496253
0.6609757511795799,1.06986590992033,0.8845219114985462,0.6958411833496253
0.7093847851954113,1.06986590992033,0.8111222960712771,0.6958411833496253
0.7093847851954113,1.06986590992033,0.95326367606243,0.6958411833496253
0.7093847851954113,1.06986590992033,0.915992902914433,0.6958411833496253
0.7093847851954113,1.06986590992033,0.8903298113623246,0.6958411833496253
0.7093847851954113,1.06986590992033,0.8608091315029106,0.6958411833496253
0.7093847851954113,1.06986590992033,0.7725645301013303,0.6958411833496253
0.7093847851954113,1.06986590992033,0.9963560277611427,0.6958411833496253
0.7093847851954113,1.06986590992033,0.8861211093598776,0.6958411833496253
0.7093847851954113,1.06986590992033,0.8295932905495382,0.6958411833496253
0.7093847851954113,1.06986590992033,0.8743651868042608,0.6958411833496253
0.7093847851954113,1.06986590992033,0.8942507436261933,0.6958411833496253
0.7093847851954113,1.06986590992033,0.8199995788374885,0.6958411833496253
0.7093847851954113,1.06986590992033,0.9485714027978053,0.6958411833496253
0.7093847851954113,1.06986590992033,0.8962169378021778,0.6958411833496253
0.6652731161421637,1.06986590992033,0.9273584388459614,0.6958411833496253
0.6652731161421637,1.06986590992033,0.8484605566833924,0.6958411833496253
0.6652731161421637,1.06986590992033,0.8374308088356314,0.6958411833496253
0.6652731161421637,1.06986590992033,0.9110459940610541,0.6958411833496253
0.6652731161421637,1.06986590992033,1.0029357605282037,0.6958411833496253
0.6652731161421637,1.06986590992033,1.1260024103640804,0.6958411833496253
0.6652731161421637,1.06986590992033,0.8595351389126631,0.6958411833496253
0.666353408747283,1.06986590992033,0.8629400264423536,0.6958411833496253
0.666353408747283,1.06986590992033,0.9297308856426684,0.6958411833496253
0.666353408747283,1.06986590992033,0.7491546971462533,0.6958411833496253
0.666353408747283,1.06986590992033,1.0441754911520376,0.6958411833496253
0.666353408747283,1.06986590992033,1.0191110362540474,0.6958411833496253
0.666353408747283,1.06986590992033,0.8008292766685043,0.6958411833496253
0.666353408747283,1.06986590992033,0.8964236389841665,0.6958411833496253
0.666353408747283,1.0506333866619169,1.0639917987423566,0.6958411833496253
0.666353408747283,1.0506333866619169,1.0491056763066868,0.6958411833496253
0.666353408747283,1.0506333866619169,0.9714689572744791,0.6958411833496253
0.666353408747283,1.0506333866619169,0.8894547361625803,0.6958411833496253
0.666353408747283,1.0506333866619169,0.9293822385688604,0.6958411833496253
0.666353408747283,1.0469835797939078,1.021342454643907,0.6958411833496253
0.666353408747283,1.0469835797939078,1.0928936587393348,0.6958411833496253
0.666353408747283,1.0469835797939078,0.9833318406622996,0.6958411833496253
0.666353408747283,1.0469835797939078,1.0462477005770308,0.6958411833496253
0.666353408747283,1.0469835797939078,1.0831748550436087,0.6958411833496253
0.666353408747283,1.0469835797939078,0.9122462357348565,0.6958411833496253
0.666353408747283,1.0469835797939078,0.9601794517100728,0.6958411833496253
0.666353408747283,1.0469835797939078,1.0717819232069843,0.6958411833496253
0.666353408747283,1.0469835797939078,1.146263291055993,0.6958411833496253
0.666353408747283,1.0469835797939078,0.800604391205424,0.6958411833496253
0.666353408747283,1.0469835797939078,0.8329646071203888,0.6958411833496253
0.666353408747283,1.0469835797939078,1.083574059687026,0.6958411833496253
0.666353408747283,1.0469835797939078,1.0803734998836025,0.6958411833496253
0.666353408747283,1.0469835797939078,0.9835134084013608,0.6958411833496253
0.666353408747283,1.0469835797939078,0.9471962726108163,0.6958411833496253
0.666353408747283,1.0469835797939078,0.8659412600129592,0.6958411833496253
0.666353408747283,1.0469835797939078,0.9591019519937424,0.6958411833496253
0.666353408747283,1.0469835797939078,1.1756061197864311,0.6958411833496253
0.666353408747283,1.0469835797939078,1.0174942407491792,0.6958411833496253
0.666353408747283,1.0469835797939078,0.9913563414119912,0.6958411833496253
0.666353408747283,1.0469835797939078,1.0923649499682697,0.6958411833496253
0.666353408747283,1.0469835797939078,1.0006626448520661,0.6958411833496253
0.666353408747283,1.0469835797939078,0.9695213276915402,0.6958411833496253
0.666353408747283,1.0469835797939078,0.9598735583730607,0.6958411833496253
0.666353408747283,1.0469835797939078,0.9766597446923623,0.6958411833496253
0.666353408747283,1.0469835797939078,1.3629188879791723,0.6958411833496253
0.666353408747283,1.0469835797939078,1.1277792457692422,0.6958411833496253
0.666353408747283,1.0469835797939078,0.9668303952796262,0.6958411833496253
0.6791661697636426,1.0469835797939078,0.9159426360255097,0.6958411833496253
0.5505201912685076,1.0469835797939078,1.132433734462478,0.6958411833496253
0.5505201912685076,1.0469835797939078,1.2889074126245788,0.6958411833496253
0.5505201912685076,1.0469835797939078,1.3277640611881283,0.6958411833496253
0.5505201912685076,1.0469835797939078,1.2489814102843866,0.6958411833496253
0.5505201912685076,1.0469835797939078,1.0527526400653568,0.6958411833496253
0.5505201912685076,1.0469835797939078,1.181226023482627,0.6958411833496253
0.5505201912685076,1.0469835797939078,1.0872690390383353,0.6958411833496253
0.5505201912685076,1.0469835797939078,1.0811606954492912,0.6958411833496253
0.5505201912685076,1.0469835797939078,1.2349522800960873,0.6958411833496253
0.5505201912685076,1.0469835797939078,1.2820232846861803,0.6958411833496253
0.5505201912685076,1.0469835797939078,1.1502510763515545,0.6958411833496253
0.5505201912685076,1.0469835797939078,1.018217837585563,0.6958411833496253
0.5505201912685076,1.0469835797939078,1.4677381536109235,0.6958411833496253
0.5505201912685076,1.0469835797939078,1.4582287949844834,0.6958411833496253
0.5505201912685076,1.0469835797939078,1.0677181969354266,0.6958411833496253
0.5505201912685076,1.0469835797939078,1.2446824605734501,0.6958411833496253
0.5505201912685076,1.0469835797939078,1.0187827279289083,0.6958411833496253
0.5505201912685076,1.0469835797939078,1.2021112570031145,0.6958411833496253
0.5505201912685076,1.0469835797939078,1.2046329055240215,0.6958411833496253
0.5505201912685076,1.0469835797939078,1.0889960057108317,0.6958411833496253
0.5505201912685076,1.0469835797939078,1.240045481353105,0.6958411833496253
0.5505201912685076,1.0469835797939078,1.1173454622531616,0.6958411833496253
0.5505201912685076,1.065380894474489,1.1073383150871892,0.6958411833496253
0.5505201912685076,1.065380894474489,1.2261670098972055,0.6958411833496253
0.5505201912685076,1.065380894474489,1.2536694096455925,0.6958411833496253
0.5505201912685076,1.065380894474489,1.0214562569583236,0.6958411833496253
0.5505201912685076,1.065380894474489,1.2147709431058595,0.6958411833496253
0.5505201912685076,1.065380894474489,1.2444954288630161,0.6958411833496253
0.5505201912685076,1.065380894474489,1.209814409514801,0.6958411833496253
0.5505201912685076,1.0703284507445874,1.2601391152933872,0.6958411833496253
0.5505201912685076,1.0703284507445874,0.8905558204121824,0.6958411833496253
0.5505201912685076,1.079405437114315,1.0813239577500764,0.6958411833496253
0.5505201912685076,1.079405437114315,1.0611934607676352,0.6958411833496253
0.5505201912685076,1.079405437114315,1.0602870106155848,0.6958411833496253
0.5505201912685076,1.079405437114315,1.0848426450779092,0.6958411833496253
0.5505201912685076,1.082723868847075,1.061542945185881,0.6958411833496253
0.5505201912685076,1.082723868847075,1.0577642582193092,0.6958411833496253
0.5505201912685076,1.082723868847075,1.0032419358960858,0.6958411833496253
0.5505201912685076,1.082723868847075,0.9401069855275953,0.6958411833496253
0.5505201912685076,1.082723868847075,0.9358351788159446,0.6958411833496253
0.5173659345992632,1.082723868847075,1.0179531950038625,0.6958411833496253
0.5173659345992632,1.082723868847075,1.0464122702774152,0.6958411833496253
0.5173659345992632,1.082723868847075,1.2487079663778513,0.6958411833496253
0.5173659345992632,1.082723868847075,1.0677253807935008,0.6958411833496253
0.5173659345992632,1.082723868847075,1.1845711223870201,0.6958411833496253
0.5173659345992632,1.1156583779344862,0.9694887111905679,0.6958411833496253
0.5173659345992632,1.1156583779344862,1.0253692827486327,0.6958411833496253
0.5173659345992632,1.1156583779344862,1.059284731847443,0.6958411833496253
0.5173659345992632,1.1156583779344862,0.8689589685575076,0.6958411833496253
0.5173659345992632,1.1156583779344862,1.0162924923881802,0.6958411833496253
0.5173659345992632,1.1156583779344862,0.8278012597668121,0.6958411833496253
0.5173659345992632,1.1156583779344862,0.9032221107639912,0.6958411833496253
0.5173659345992632,1.1156583779344862,1.0141391723364264,0.6958411833496253
0.5173659345992632,1.1156583779344862,0.9707257020577829,0.6958411833496253
0.49078272806086576,1.1156583779344862,1.0132465025826622,0.6958411833496253
0.49078272806086576,1.1156583779344862,0.9630462405497369,0.6958411833496253
0.47308320443700635,1.1156583779344862,0.8135482507610848,0.6958411833496253
0.47308320443700635,1.1156583779344862,0.9787131484716648,0.6958411833496253
0.47308320443700635,1.1156583779344862,1.0988961756429387,0.6958411833496253
0.47308320443700635,1.1156583779344862,0.9457328762492077,0.6958411833496253
0.47308320443700635,1.1156583779344862,1.1510979433559727,0.6958411833496253
0.47308320443700635,1.1156583779344862,1.3299317141932792,0.6958411833496253
0.47308320443700635,1.1156583779344862,1.0654220776164445,0.6958411833496253
0.47308320443700635,1.1084200208426473,0.9104151461018487,0.6958411833496253
0.47308320443700635,1.1128565387065776,1.152380143413201,0.6958411833496253
0.47308320443700635,1.1128565387065776,0.8725287434182761,0.6958411833496253
0.47308320443700635,1.1128565387065776,1.120296967548704,0.6958411833496253
0.47308320443700635,1.1128565387065776,1.243054839121548,0.6958411833496253
0.47308320443700635,1.1128565387065776,1.3110880320325367,0.6958411833496253
0.47308320443700635,1.1128565387065776,1.287893663352202,0.6958411833496253
0.47308320443700635,1.1128565387065776,1.089434781255475,0.6958411833496253
0.47308320443700635,1.1128565387065776,1.090179064660411,0.6958411833496253
0.47308320443700635,1.1128565387065776,1.1308581408939966,0.6958411833496253
0.47308320443700635,1.1128565387065776,1.0940391075425786,0.6958411833496253
0.47308320443700635,1.1128565387065776,1.1397281839838351,0.6958411833496253
0.47308320443700635,1.1128565387065776,1.461731644568337,0.6958411833496253
0.47308320443700635,1.1128565387065776,1.0694885474809857,0.6958411833496253
0.47308320443700635,1.1128565387065776,1.2696354658300721,0.6958411833496253
0.47308320443700635,1.1128565387065776,1.2860974011984294,0.6958411833496253
0.47308320443700635,1.1128565387065776,0.8619087833989705,0.6958411833496253
0.47308320443700635,1.1128565387065776,1.2010165312602785,0.6958411833496253
0.47308320443700635,1.1128565387065776,1.0168917941539066,0.6958411833496253
0.47308320443700635,1.1128565387065776,0.8370000589677787,0.6958411833496253
0.47308320443700635,1.1128565387065776,1.174667983770221,0.6958411833496253
0.47308320443700635,1.1128565387065776,0.985140557008621,0.6958411833496253
0.44439035385682385,1.1128565387065776,1.2591201019851508,0.6958411833496253
0.44439035385682385,1.1128565387065776,1.058433120678803,0.6958411833496253
0.44439035385682385,1.1128565387065776,0.9983044184291238,0.6958411833496253
0.44439035385682385,1.1128565387065776,0.9831929884956486,0.6958411833496253
0.44439035385682385,1.1128565387065776,1.1752961453560962,0.6958411833496253
0.44439035385682385,1.1128565387065776,1.1399728980646548,0.6958411833496253
0.44439035385682385,1.1128565387065776,1.1256438528735293,0.6958411833496253
0.44439035385682385,1.0913953865552533,1.3044633490053237,0.6958411833496253
0.44439035385682385,1.0913953865552533,1.2992580630711272,0.6958411833496253
0.44439035385682385,1.0913953865552533,1.6335827829986078,0.6958411833496253
0.44439035385682385,1.0913953865552533,1.0394427839358038,0.6958411833496253
0.44439035385682385,1.0913953865552533,1.1161615828982003,0.6958411833496253
0.44439035385682385,1.0913953865552533,1.1539848526139942,0.6958411833496253
0.44439035385682385,1.0913953865552533,1.0828351956614932,0.6958411833496253
0.44439035385682385,1.0913953865552533,1.2257579863504373,0.6958411833496253
0.44439035385682385,1.0913953865552533,1.201854271053029,0.6958411833496253
0.44439035385682385,1.0913953865552533,1.0830317908047333,0.6958411833496253
0.44439035385682385,1.0913953865552533,1.3476288178196203,0.6958411833496253
0.44439035385682385,1.0913953865552533,1.142227894531146,0.6958411833496253
0.44439035385682385,1.0913953865552533,1.201638308408854,0.6958411833496253
0.44720212506355955,1.0913953865552533,1.181472359507188,0.6958411833496253
0.44720212506355955,1.0913953865552533,1.2648909754309599,0.6958411833496253
0.44720212506355955,1.0913953865552533,1.343190458694383,0.6958411833496253
0.44720212506355955,1.0913953865552533,0.9709090473743553,0.6958411833496253
0.44720212506355955,1.0913953865552533,1.1586076011302662,0.6958411833496253
0.44720212506355955,1.0913953865552533,1.142093373680997,0.6958411833496253
0.44720212506355955,1.0913953865552533,1.2225700014729532,0.6958411833496253
0.44720212506355955,1.0913953865552533,1.1589619260555244,0.6958411833496253
0.44720212506355955,1.0913953865552533,1.1763298617740727,0.6958411833496253
0.44720212506355955,1.0913953865552533,1.097505563386741,0.6958411833496253
0.44720212506355955,1.0913953865552533,1.1399608828422332,0.6958411833496253
0.44720212506355955,1.0913953865552533,1.3967811263805106,0.6958411833496253
0.467825402862765,1.0913953865552533,1.3471876201842008,0.6958411833496253
0.467825402862765,1.0913953865552533,1.3539507330640201,0.6958411833496253
0.467825402862765,1.0913953865552533,1.1627683356816272,0.6958411833496253
0.467825402862765,1.0913953865552533,1.224111553557068,0.6958411833496253
0.467825402862765,1.0913953865552533,1.3786042321631367,0.6958411833496253
0.467825402862765,1.0913953865552533,1.398391373180011,0.6958411833496253
0.467825402862765,1.0913953865552533,0.9060067673761242,0.6958411833496253
0.467825402862765,1.0913953865552533,0.9678918779705753,0.6958411833496253
0.467825402862765,1.0913953865552533,0.9873118234676667,0.6958411833496253
0.467825402862765,1.0913953865552533,1.1545132621135452,0.6958411833496253
0.467825402862765,1.0913953865552533,0.9781750584444877,0.6958411833496253
0.4186170552897451,1.0913953865552533,1.3717770301305443,0.6958411833496253
0.4186170552897451,1.0913953865552533,1.178700390878014,0.6958411833496253
0.4186170552897451,1.0913953865552533,1.241391002400397,0.6958411833496253
0.4186170552897451,1.0913953865552533,1.3483736576403083,0.6958411833496253
0.4186170552897451,1.0913953865552533,1.3469806638850406,0.6958411833496253
0.4186170552897451,1.0913953865552533,1.3009153272425595,0.6958411833496253
0.4186170552897451,1.0913953865552533,1.249615910297018,0.6958411833496253
0.4186170552897451,1.0913953865552533,1.5047245375235692,0.6958411833496253
0.4186170552897451,1.0913953865552533,1.3592964885987064,0.6958411833496253
0.4186170552897451,1.0913953865552533,1.3949917799771336,0.6958411833496253
0.4186170552897451,1.0913953865552533,1.1698195059453922,0.6958411833496253
0.4186170552897451,1.0913953865552533,1.3152729091618005,0.6958411833496253
0.4186170552897451,1.0913953865552533,1.2879434763189703,0.6958411833496253
0.4186170552897451,1.0913953865552533,1.295068496060431,0.6958411833496253
0.4186170552897451,1.0913953865552533,1.340772618184923,0.6958411833496253
0.4186170552897451,1.0913953865552533,1.3020358218245842,0.6958411833496253
0.4186170552897451,1.0913953865552533,1.404213349803869,0.6958411833496253
0.4186170552897451,1.0913953865552533,1.196835726465344,0.6958411833496253
0.4186170552897451,1.0913953865552533,1.0696138224049003,0.6958411833496253
0.4186170552897451,1.0913953865552533,1.2173671793559158,0.6958411833496253
0.4186170552897451,1.0913953865552533,1.2589448943039265,0.6958411833496253
0.4186170552897451,1.0913953865552533,1.4748940498374243,0.6958411833496253
0.4186170552897451,1.0913953865552533,1.3268306478139926,0.6958411833496253
0.4186170552897451,1.0913953865552533,1.475776741974037,0.6958411833496253
0.4186170552897451,1.087679509172847,1.3361809550322181,0.6958411833496253
0.4186170552897451,1.087679509172847,1.4972881939146556,0.6958411833496253
0.4186170552897451,1.087679509172847,1.3835588171348172,0.6958411833496253
0.4186170552897451,1.087679509172847,1.6159932810609556,0.6958411833496253
0.4186170552897451,1.087679509172847,1.3065105498859544,0.6958411833496253
0.4186170552897451,1.087679509172847,1.4377295303784021,0.6958411833496253
0.4186170552897451,1.087679509172847,1.509074272704988,0.6958411833496253
0.4186170552897451,1.087679509172847,1.3864683700396763,0.6958411833496253
0.4186170552897451,1.087679509172847,1.490488980308587,0.6958411833496253
0.4186170552897451,1.087679509172847,1.4332298971182305,0.6958411833496253
0.4186170552897451,1.087679509172847,1.3586622318731154,0.6958411833496253
0.4186170552897451,1.087679509172847,1.5913904968116668,0.6958411833496253
0.4186170552897451,1.087679509172847,1.171547006392482,0.6958411833496253
0.4186170552897451,1.087679509172847,1.1953038499419262,0.6958411833496253
0.4186170552897451,1.087679509172847,1.2370365047497853,0.6958411833496253
0.4186170552897451,1.087679509172847,1.308705361994185,0.6958411833496253
0.4186170552897451,1.087679509172847,1.3075047816498682,0.6958411833496253
0.4186170552897451,1.087679509172847,1.419676413573637,0.6958411833496253
0.4186170552897451,1.087679509172847,1.3203829504749256,0.6958411833496253
0.4186170552897451,1.087679509172847,1.2695860492788908,0.6958411833496253
0.4186170552897451,1.1340464576561573,1.3328200131582164,0.6958411833496253
0.4186170552897451,1.1340464576561573,1.198886482870398,0.6958411833496253
0.4186170552897451,1.1340464576561573,1.1955990775545642,0.6958411833496253
0.4186170552897451,1.1340464576561573,1.0337224289084666,0.6958411833496253
0.4186170552897451,1.1340464576561573,1.0204083505595378,0.6958411833496253
0.4186170552897451,1.1340464576561573,1.0504420162073531,0.6958411833496253
0.4186170552897451,1.1340464576561573,1.0055479416777275,0.6958411833496253
0.4186170552897451,1.1340464576561573,1.0991974074245268,0.6958411833496253
0.4186170552897451,1.1340464576561573,1.062363179223661,0.6958411833496253
0.4186170552897451,1.1340464576561573,1.10432046679773,0.6958411833496253
0.4186170552897451,1.1340464576561573,1.1406466760630969,0.6958411833496253
0.4186170552897451,1.1340464576561573,0.9953755913701241,0.6958411833496253
0.4186170552897451,1.1340464576561573,1.1246590002569818,0.6958411833496253
0.4186170552897451,1.1340464576561573,1.130924048750628,0.6958411833496253
0.4186170552897451,1.1340464576561573,1.1390321966256083,0.6958411833496253
0.4186170552897451,1.1340464576561573,0.9450413381177608,0.6958411833496253
0.4186170552897451,1.1340464576561573,1.1900827681728856,0.6958411833496253
0.4186170552897451,1.1340464576561573,1.2056194599124799,0.6958411833496253
0.4186170552897451,1.1340464576561573,0.9963954469344483,0.6958411833496253
0.4186170552897451,1.1340464576561573,1.001814824532394,0.6958411833496253
0.4186170552897451,1.1340464576561573,1.1257228318037475,0.6958411833496253
0.4186170552897451,1.1340464576561573,1.2990197068473912,0.6958411833496253
0.4186170552897451,1.1340464576561573,1.0066456682281304,0.6958411833496253
0.4186170552897451,1.1340464576561573,1.307479579747853,0.6958411833496253
0.4186170552897451,1.1340464576561573,1.5369928708476095,0.6958411833496253
0.4186170552897451,1.1340464576561573,1.1441923311044313,0.6958411833496253
0.4186170552897451,1.1340464576561573,1.2707339830258804,0.6958411833496253
0.4186170552897451,1.1340464576561573,1.1067896106138053,0.6958411833496253
0.4186170552897451,1.1340464576561573,1.2251955477827678,0.6958411833496253
0.4186170552897451,1.1340464576561573,1.1224075777641076,0.6958411833496253
0.4186170552897451,1.1340464576561573,1.0533964313468616,0.6958411833496253
0.4186170552897451,1.1340464576561573,1.1056032587192404,0.6958411833496253
0.4186170552897451,1.1340464576561573,1.1630229329895412,0.6958411833496253
0.4186170552897451,1.1340464576561573,1.0319419008355581,0.6958411833496253
0.4186170552897451,1.1340464576561573,0.8013992553408767,0.6958411833496253
0.4186170552897451,1.1340464576561573,1.172101042394279,0.6958411833496253
0.4186170552897451,1.1340464576561573,0.888098596105373,0.6958411833496253
0.4186170552897451,1.1340464576561573,1.064097489743609,0.6958411833496253
0.4186170552897451,1.1340464576561573,1.1381976929506183,0.6958411833496253
0.4186170552897451,1.1340464576561573,1.0789833702421379,0.6958411833496253
0.4186170552897451,1.1340464576561573,1.1312926942779076,0.6958411833496253
0.4186170552897451,1.1340464576561573,1.0738203215895998,0.6958411833496253
0.4186170552897451,1.1340464576561573,1.2057537650741759,0.6958411833496253
0.4186170552897451,1.1340464576561573,1.2638529157443983,0.6958411833496253
0.4186170552897451,1.1340464576561573,1.1592432352120725,0.6958411833496253
0.4186170552897451,1.1340464576561573,1.1897955250728962,0.6958411833496253
0.4186170552897451,1.1340464576561573,1.1528128646258502,0.6958411833496253
0.4186170552897451,1.1340464576561573,1.0543082699310335,0.6958411833496253
0.4186170552897451,1.1340464576561573,1.0878116007719936,0.6958411833496253
0.4186170552897451,1.1340464576561573,1.1960925559743318,0.6958411833496253
0.4186170552897451,1.1340464576561573,1.144263919264681,0.6958411833496253
0.4186170552897451,1.1340464576561573,1.371207014820033,0.6958411833496253
0.4186170552897451,1.1340464576561573,1.2279352145800073,0.6958411833496253
0.4186170552897451,1.1340464576561573,1.1536988522452456,0.6958411833496253
0.4186170552897451,1.1340464576561573,1.065616925223602,0.6958411833496253
0.4186170552897451,1.1340464576561573,1.2052259251172384,0.6958411833496253
0.4186170552897451,1.1340464576561573,1.2098965636994448,0.6958411833496253
0.4186170552897451,1.1340464576561573,1.0111947750292427,0.6958411833496253
0.4186170552897451,1.1340464576561573,1.0499219480479198,0.6958411833496253
0.4186170552897451,1.164898864132178,1.1024189514962883,0.6958411833496253
0.4186170552897451,1.164898864132178,1.1149742108882763,0.6958411833496253
0.4186170552897451,1.164898864132178,1.0927966569676177,0.6958411833496253
0.4186170552897451,1.164898864132178,1.0515393903522767,0.6958411833496253
0.4186170552897451,1.1645827079363666,0.9958716097643334,0.6958411833496253
0.4186170552897451,1.1645827079363666,1.1485408350831576,0.6958411833496253
0.4186170552897451,1.1645827079363666,1.0351161343641688,0.6958411833496253
0.4186170552897451,1.1645827079363666,0.9637952267363625,0.6958411833496253
0.4186170552897451,1.1645827079363666,0.9651110686300042,0.6958411833496253
0.4186170552897451,1.1645827079363666,0.8518438107680888,0.6958411833496253
0.4186170552897451,1.1645827079363666,0.9872737860524126,0.6958411833496253
0.4186170552897451,1.1260680049191845,0.9807057747485013,0.6958411833496253
0.4186170552897451,1.1260680049191845,1.3109282771106345,0.6958411833496253
0.4186170552897451,1.1260680049191845,1.136603483968052,0.6958411833496253
0.4186170552897451,1.1260680049191845,1.0723735916975097,0.6958411833496253
0.4186170552897451,1.1260680049191845,1.1089833649822998,0.6958411833496253
0.4186170552897451,1.1260680049191845,0.9442224896202419,0.6958411833496253
0.4186170552897451,1.1260680049191845,0.9993563166961206,0.6958411833496253
0.4186170552897451,1.1260680049191845,1.305756745063915,0.6958411833496253
0.4186170552897451,1.1260680049191845,1.4091008527329052,0.6958411833496253
0.4186170552897451,1.1260680049191845,1.0632598822374832,0.6958411833496253
0.4186170552897451,1.1260680049191845,1.238164987348183,0.6958411833496253
0.4186170552897451,1.1289583998225632,1.0945227815436656,0.6958411833496253
0.4186170552897451,1.1289583998225632,1.1643077928381405,0.6958411833496253
0.4186170552897451,1.1289583998225632,1.0697454288535677,0.6958411833496253
0.4186170552897451,1.1289583998225632,0.9338260266509162,0.6958411833496253
0.4186170552897451,1.1289583998225632,1.1945838646113494,0.6958411833496253
0.4186170552897451,1.1289583998225632,1.2291581917926562,0.6958411833496253
0.4186170552897451,1.1289583998225632,1.0750245990428233,0.6958411833496253
0.4186170552897451,1.1289583998225632,0.9162585231802708,0.6958411833496253
0.4186170552897451,1.1289583998225632,1.210710975777412,0.6958411833496253
0.4186170552897451,1.1289583998225632,1.4780759353515214,0.6958411833496253
0.4186170552897451,1.1289583998225632,1.2465945219701573,0.6958411833496253
0.4186170552897451,1.1289583998225632,1.1067623000391797,0.6958411833496253
0.4186170552897451,1.1289583998225632,1.4439035832987661,0.6958411833496253
0.4186170552897451,1.1289583998225632,1.0981760136071745,0.6958411833496253
0.4186170552897451,1.1289583998225632,1.1629793789978895,0.6958411833496253
0.4186170552897451,1.1289583998225632,1.1552411985259259,0.6958411833496253
0.4186170552897451,1.1289583998225632,1.349507460506784,0.6958411833496253
0.4186170552897451,1.1289583998225632,1.1891996106653544,0.6958411833496253
0.4186170552897451,1.1289583998225632,1.2727011412899507,0.6958411833496253
0.4186170552897451,1.1289583998225632,1.2449884915647518,0.6958411833496253
0.4186170552897451,1.1289583998225632,1.1347547115332555,0.6958411833496253
0.4186170552897451,1.1289583998225632,1.1053241920968535,0.6958411833496253
0.4186170552897451,1.1289583998225632,1.2352648286155679,0.6958411833496253
0.4186170552897451,1.1289583998225632,1.0432261374143739,0.6958411833496253
0.4186170552897451,1.1289583998225632,1.1633721482316095,0.6958411833496253
0.4186170552897451,1.1289583998225632,1.2748714981411096,0.6958411833496253
0.4186170552897451,1.1289583998225632,1.139803790488019,0.6958411833496253
0.4186170552897451,1.1289583998225632,1.3226474521749065,0.6958411833496253
0.4186170552897451,1.1212097379092123,1.1627101178304384,0.6958411833496253
0.4186170552897451,1.1212097379092123,1.3209431545234447,0.6958411833496253
0.4186170552897451,1.1212097379092123,1.0738232406814427,0.6958411833496253
0.4186170552897451,1.1212097379092123,1.086494711522901,0.6958411833496253
0.4186170552897451,1.1212097379092123,1.1175364035864674,0.6958411833496253
0.4186170552897451,1.1212097379092123,1.0332871605579474,0.6958411833496253
0.4186170552897451,1.1212097379092123,1.12794538346643,0.6958411833496253
0.4186170552897451,1.1297126307855159,1.1310288418193284,0.6958411833496253
0.4186170552897451,1.1297126307855159,1.0717082059582972,0.6958411833496253
0.4186170552897451,1.1297126307855159,1.110592980143567,0.6958411833496253
0.4186170552897451,1.1297126307855159,1.0645531012638954,0.6958411833496253
0.4186170552897451,1.1479244633597672,1.130412244071282,0.6958411833496253
0.4186170552897451,1.1479244633597672,1.0631400013868375,0.6958411833496253
0.4186170552897451,1.1733892730922584,0.9777173674088339,0.6958411833496253
0.4186170552897451,1.1733892730922584,1.0538797298493636,0.6958411833496253
0.4186170552897451,1.1733892730922584,0.8402259997070042,0.6958411833496253
0.4186170552897451,1.1733892730922584,0.8947259797890346,0.6958411833496253
0.4186170552897451,1.1733892730922584,0.8817020744384119,0.6958411833496253
0.4186170552897451,1.1733892730922584,0.9863548323389575,0.6958411833496253
0.4186170552897451,1.1733892730922584,0.9034863573092958,0.6958411833496253
0.4186170552897451,1.1733892730922584,0.9695509490722981,0.6958411833496253
0.4186170552897451,1.1733892730922584,0.9054997434250187,0.6958411833496253
0.4186170552897451,1.170395040199268,0.8785462958388601,0.6958411833496253
0.4186170552897451,1.170395040199268,0.9479808674542253,0.6958411833496253
0.4186170552897451,1.170395040199268,0.8994571096029109,0.6958411833496253
0.4186170552897451,1.170395040199268,0.959421385635927,0.6958411833496253
0.4186170552897451,1.170395040199268,1.1088884149320835,0.6958411833496253
0.4186170552897451,1.170395040199268,0.9608306167939542,0.6958411833496253
0.4186170552897451,1.170395040199268,1.0612225923919916,0.6958411833496253
0.4186170552897451,1.170395040199268,0.9389525279591269,0.6958411833496253
0.4186170552897451,1.0982050277763546,1.004742981520635,0.6958411833496253
0.4186170552897451,1.0982050277763546,1.3726726948114492,0.6958411833496253
0.4186170552897451,1.0982050277763546,1.2916167071351752,0.6958411833496253
0.4186170552897451,1.0982050277763546,1.3591921412855221,0.6958411833496253
0.4186170552897451,1.0982050277763546,1.564963455919664,0.6958411833496253
0.4186170552897451,1.0982050277763546,1.1934900857789341,0.6958411833496253
0.4186170552897451,1.0982050277763546,1.1444519466617267,0.6958411833496253
0.4186170552897451,1.0982050277763546,1.1221157636833443,0.6958411833496253
0.4186170552897451,1.0982050277763546,1.2532392895164788,0.6958411833496253
0.4186170552897451,1.0982050277763546,1.4674174080923912,0.6958411833496253
0.4186170552897451,1.0982050277763546,1.2650153021380932,0.6958411833496253
0.4186170552897451,1.1518088167569103,1.161248082889734,0.6958411833496253
0.4186170552897451,1.1518088167569103,1.1610095551021153,0.6958411833496253
0.40199610736139935,1.1518088167569103,0.9734091604195293,0.6958411833496253
0.40199610736139935,1.1518088167569103,1.0299439378816948,0.6958411833496253
0.40199610736139935,1.1518088167569103,1.0102949867003803,0.6958411833496253
0.40199610736139935,1.1518088167569103,0.9673931661647052,0.6958411833496253
0.40199610736139935,1.1518088167569103,1.2033219621764104,0.6958411833496253
0.40199610736139935,1.1518088167569103,1.1733446045320968,0.6958411833496253
0.40199610736139935,1.1518088167569103,1.0419558918898688,0.6958411833496253
0.40199610736139935,1.1518088167569103,1.0466716954500583,0.6958411833496253
0.40199610736139935,1.1518088167569103,1.0084101428220276,0.6958411833496253
0.40199610736139935,1.1518088167569103,1.0419495640789875,0.6958411833496253
0.40199610736139935,1.1518088167569103,0.9184395043851009,0.6958411833496253
0.40199610736139935,1.1518088167569103,0.9807694120131055,0.6958411833496253
0.40199610736139935,1.1518088167569103,0.9715446209666212,0.6958411833496253
0.40199610736139935,1.1518088167569103,1.0956535170321724,0.6958411833496253
0.40199610736139935,1.1518088167569103,1.0574710246207188,0.6958411833496253
0.40199610736139935,1.1518088167569103,1.1237470861185366,0.6958411833496253
0.40199610736139935,1.1518088167569103,1.0961950388755863,0.6958411833496253
0.40199610736139935,1.1518088167569103,1.060430729641636,0.6958411833496253
0.40199610736139935,1.1518088167569103,0.9964689871086406,0.6958411833496253
0.40199610736139935,1.1518088167569103,0.9243514843454718,0.6958411833496253
0.40199610736139935,1.1515038903697443,1.0121753994961844,0.6958411833496253
0.40199610736139935,1.1515038903697443,0.8975415808092081,0.6958411833496253
0.40199610736139935,1.1515038903697443,1.2394402855262203,0.6958411833496253
0.40199610736139935,1.1515038903697443,0.9506093717485191,0.6958411833496253
0.40199610736139935,1.1515038903697443,1.0847110265772493,0.6958411833496253
0.40199610736139935,1.1515038903697443,1.0795644655267873,0.6958411833496253
0.40199610736139935,1.1515038903697443,0.912285643579106,0.6958411833496253
0.40199610736139935,1.1469835490477331,1.0654765118058893,0.6958411833496253
0.40199610736139935,1.1469835490477331,1.1476349955621288,0.6958411833496253
0.40199610736139935,1.1469835490477331,1.0030656019857904,0.6958411833496253
0.40199610736139935,1.1469835490477331,0.9940455419914228,0.6958411833496253
0.40199610736139935,1.1469835490477331,1.1163255813164024,0.6958411833496253
0.40199610736139935,1.1469835490477331,1.08254373550795,0.6958411833496253
0.40199610736139935,1.1469835490477331,1.0794937124560866,0.6958411833496253
0.40199610736139935,1.1469835490477331,1.0319358077956566,0.6958411833496253
0.40199610736139935,1.1469835490477331,1.1437020987196365,0.6958411833496253
0.40199610736139935,1.1469835490477331,1.075013786813753,0.6958411833496253
0.40199610736139935,1.1469835490477331,1.0959337169190912,0.6958411833496253
0.40199610736139935,1.1469835490477331,1.2315633197018097,0.6958411833496253
0.40199610736139935,1.1469835490477331,0.9493451866066004,0.6958411833496253
0.40199610736139935,1.1469835490477331,1.2842479443796289,0.6958411833496253
0.40199610736139935,1.1469835490477331,1.0185622003473533,0.6958411833496253
0.40199610736139935,1.1469835490477331,0.8878587982685132,0.6958411833496253
0.40199610736139935,1.1469835490477331,1.0266259560698896,0.6958411833496253
0.40199610736139935,1.1469835490477331,0.9250277444673636,0.6958411833496253
0.40199610736139935,1.1469835490477331,1.2367137783468312,0.6958411833496253
0.40199610736139935,1.1469835490477331,1.0717263570567668,0.6958411833496253
0.40199610736139935,1.1469835490477331,1.3804579434276225,0.6958411833496253
0.40199610736139935,1.1469835490477331,1.1250129712598989,0.6958411833496253
0.40199610736139935,1.1469835490477331,1.1105636634090086,0.6958411833496253
0.40199610736139935,1.1469835490477331,1.0015035229425164,0.6958411833496253
0.40199610736139935,1.1469835490477331,0.938606212452722,0.6958411833496253
0.40199610736139935,1.1469835490477331,1.350925441518171,0.6958411833496253
0.40199610736139935,1.1469835490477331,1.1855209704341922,0.6958411833496253
0.40199610736139935,1.1346513098083144,1.1120946031039,0.6958411833496253
0.35755391965094085,1.1346513098083144,1.2495838827725576,0.6958411833496253
0.35755391965094085,1.1346513098083144,1.2892882321052557,0.6958411833496253
0.35755391965094085,1.1346513098083144,1.2651287973834844,0.6958411833496253
0.35755391965094085,1.1346513098083144,1.4533814969777454,0.6958411833496253
0.35755391965094085,1.1346513098083144,1.490801244194424,0.6958411833496253
0.3341214019609466,1.1346513098083144,1.5055538640020494,0.6958411833496253
0.3341214019609466,1.1346513098083144,1.4173001918658965,0.6958411833496253
0.3341214019609466,1.1346513098083144,1.4010599210745267,0.6958411833496253
0.3341214019609466,1.1346513098083144,1.375352634805322,0.6958411833496253
0.3341214019609466,1.1346513098083144,1.1295553374648593,0.6958411833496253
0.3341214019609466,1.1346513098083144,1.2575623204603608,0.6958411833496253
0.3341214019609466,1.1346513098083144,1.1616325955981088,0.6958411833496253
0.3341214019609466,1.1346513098083144,1.336329710771164,0.6958411833496253
0.3341214019609466,1.1346513098083144,1.508321414036593,0.6958411833496253
0.3341214019609466,1.1346513098083144,1.296427016746533,0.6958411833496253
0.3341214019609466,1.1365376679235633,1.2111441328883847,0.6958411833496253
0.3341214019609466,1.1365376679235633,1.3169693769615285,0.6958411833496253
0.3341214019609466,1.1365376679235633,1.5207014567665351,0.6958411833496253
0.3341214019609466,1.1365376679235633,1.092031090722128,0.6958411833496253
0.3341214019609466,1.1365376679235633,1.2477353573471814,0.6958411833496253
0.3341214019609466,1.1365376679235633,1.4586436540615415,0.6958411833496253
0.3341214019609466,1.1365376679235633,1.523641103475459,0.6958411833496253
0.3341214019609466,1.1365376679235633,1.4053689105492475,0.6958411833496253
0.3341214019609466,1.1365376679235633,1.8293353071859175,0.6958411833496253
0.3341214019609466,1.1365376679235633,1.291796469835248,0.6958411833496253
0.3341214019609466,1.1365376679235633,1.3527083386311267,0.6958411833496253
0.3341214019609466,1.1365376679235633,1.217767370809966,0.6958411833496253
0.3341214019609466,1.1365376679235633,1.0494761442235354,0.6958411833496253
0.3341214019609466,1.1365376679235633,1.483738400846095,0.6958411833496253
0.3341214019609466,1.1365376679235633,1.4244782806363163,0.6958411833496253
0.45043760261987664,1.1365376679235633,1.2070993360315578,0.6958411833496253
0.45043760261987664,1.1365376679235633,1.0813916079174712,0.6958411833496253
0.45043760261987664,1.1365376679235633,1.1428727359147388,0.6958411833496253
0.45043760261987664,1.1365376679235633,1.0992470780997907,0.6958411833496253
0.4580410531419225,1.1365376679235633,0.9877285231672681,0.6958411833496253
0.4580410531419225,1.1365376679235633,1.2750498823288794,0.6958411833496253
0.4580410531419225,1.1365376679235633,0.8994036493993806,0.6958411833496253
0.4580410531419225,1.1365376679235633,1.0061041615080453,0.6958411833496253
0.4580410531419225,1.1365376679235633,0.9495617577389617,0.6958411833496253
0.4580410531419225,1.1365376679235633,0.8275574415221032,0.6958411833496253
0.4580410531419225,1.1365376679235633,0.8744771118574888,0.6958411833496253
0.4580410531419225,1.1365376679235633,1.1191852900355732,0.6958411833496253
0.4580410531419225,1.1365376679235633,1.1016739712225023,0.6958411833496253
0.4580410531419225,1.1365376679235633,1.1975163481707538,0.6958411833496253
0.4580410531419225,1.1365376679235633,1.1882511437132712,0.6958411833496253
0.4580410531419225,1.1365376679235633,0.9628140362893757,0.6958411833496253
0.4580410531419225,1.1365376679235633,1.0650995901153306,0.6958411833496253
0.4580410531419225,1.1365376679235633,0.9600722231739081,0.6958411833496253
0.4580410531419225,1.1365376679235633,0.9488982610916822,0.6958411833496253
0.4580410531419225,1.1365376679235633,0.9948182584125072,0.6958411833496253
0.4580410531419225,1.1365376679235633,1.0922582196784298,0.6958411833496253
0.4580410531419225,1.1365376679235633,1.0627831771986262,0.6958411833496253
0.4580410531419225,1.1365376679235633,0.932480967553705,0.6958411833496253
0.4580410531419225,1.1365376679235633,1.0219837215034082,0.6958411833496253
0.4580410531419225,1.1365376679235633,1.0381592928942291,0.6958411833496253
0.4580410531419225,1.1365376679235633,0.88676071811814,0.6958411833496253
0.4580410531419225,1.1365376679235633,1.0762663149475902,0.6958411833496253
0.4275518037740466,1.1667792471141678,0.8778816049070362,0.6958411833496253
0.4275518037740466,1.1667792471141678,0.8751228709358566,0.6958411833496253
0.4275518037740466,1.1486929109406718,0.9155401160642497,0.6958411833496253
0.4275518037740466,1.1486929109406718,1.1619265848637748,0.6958411833496253
0.4275518037740466,1.1486929109406718,0.9779869225060119,0.6958411833496253
0.4275518037740466,1.1486929109406718,0.9802191254401561,0.6958411833496253
0.4275518037740466,1.1486929109406718,1.0747825979711878,0.6958411833496253
0.4275518037740466,1.1477184314774702,0.9771334406290955,0.6958411833496253
0.4275518037740466,1.1477184314774702,1.1969934048608202,0.6958411833496253
0.4275518037740466,1.1477184314774702,0.9429091397653581,0.6958411833496253
0.4275518037740466,1.1477184314774702,0.9528840003134555,0.6958411833496253
0.4275518037740466,1.1477184314774702,1.0473912676765387,0.6958411833496253
0.4275518037740466,1.1477184314774702,1.1575870879054722,0.6958411833496253
0.4275518037740466,1.1477184314774702,1.261258956550201,0.6958411833496253
0.4275518037740466,1.1477184314774702,1.0166789166974555,0.6958411833496253
0.4275518037740466,1.1477184314774702,1.1324077167668891,0.6958411833496253
0.4275518037740466,1.1477184314774702,0.9378759652638654,0.6958411833496253
0.4275518037740466,1.1477184314774702,1.2496390164487203,0.6958411833496253
0.4275518037740466,1.0711107214291677,1.2683522439323658,0.6958411833496253
0.4275518037740466,1.0711107214291677,1.349812264643261,0.6958411833496253
0.4275518037740466,1.0711107214291677,1.0515051356261422,0.6958411833496253
0.4275518037740466,1.0711107214291677,1.3835455298050185,0.6958411833496253
0.4275518037740466,1.0711107214291677,1.5046414842455291,0.6958411833496253
0.4275518037740466,1.0711107214291677,1.571666848035681,0.6958411833496253
0.4275518037740466,1.0718882831627512,1.41739315465807,0.6958411833496253
0.4275518037740466,1.0718882831627512,1.4959526968835681,0.6958411833496253
0.4275518037740466,1.0718882831627512,1.313736602440164,0.6958411833496253
0.4275518037740466,1.0718882831627512,1.3398384410804731,0.6958411833496253
0.4275518037740466,1.0718882831627512,1.113056238091739,0.6958411833496253
0.4275518037740466,1.0718882831627512,1.421054923137884,0.6958411833496253
0.4275518037740466,1.0718882831627512,1.3233805544747295,0.6958411833496253
0.4275518037740466,1.0718882831627512,1.1775668055278068,0.6958411833496253
0.4275518037740466,1.0718882831627512,1.6267321909549841,0.6958411833496253
0.4275518037740466,1.097642505235008,1.4973114566785724,0.6958411833496253
0.4275518037740466,1.097642505235008,1.2924155518861145,0.6958411833496253
0.4275518037740466,1.097642505235008,1.2611676151429225,0.6958411833496253
0.4275518037740466,1.097642505235008,1.3043090257496865,0.6958411833496253
0.4275518037740466,1.097642505235008,1.2182711626757063,0.6958411833496253
0.4275518037740466,1.097642505235008,1.3059679913513127,0.6958411833496253
0.4275518037740466,1.097642505235008,1.2370260537693216,0.6958411833496253
0.4275518037740466,1.097642505235008,1.2947920111852234,0.6958411833496253
0.4275518037740466,1.097642505235008,1.4730471674562973,0.6958411833496253
0.4275518037740466,1.097642505235008,1.4118295252697122,0.6958411833496253
0.4275518037740466,1.097642505235008,1.1408146445001799,0.6958411833496253
0.4275518037740466,1.097642505235008,1.1574521038592456,0.6958411833496253
0.4275518037740466,1.097642505235008,1.3055411136185222,0.6958411833496253
0.4275518037740466,1.097642505235008,1.2439110253754078,0.6958411833496253
0.4275518037740466,1.097642505235008,1.4666854886760388,0.6958411833496253
0.4275518037740466,1.097642505235008,1.339715622427902,0.6958411833496253
0.4275518037740466,1.097642505235008,1.4522104273171452,0.6958411833496253
0.4275518037740466,1.097642505235008,1.3829490734418284,0.6958411833496253
0.4275518037740466,1.097642505235008,1.187709527152433,0.6958411833496253
0.4275518037740466,1.097642505235008,1.2868969159463277,0.6958411833496253
0.4275518037740466,1.097642505235008,1.107121508005143,0.6958411833496253
0.4275518037740466,1.097642505235008,1.3662963242904151,0.6958411833496253
0.4275518037740466,1.097642505235008,1.3747699940456624,0.6958411833496253
0.38915292876965435,1.097642505235008,1.4008053439652344,0.6958411833496253
0.3923478348256252,1.097642505235008,1.437177318065556,0.6958411833496253
0.3923478348256252,1.097642505235008,1.133797773127302,0.6958411833496253
0.3923478348256252,1.097642505235008,1.2209234408930705,0.6958411833496253
0.3923478348256252,1.097642505235008,1.365557042578814,0.6958411833496253
0.3923478348256252,1.097642505235008,1.3195792920087166,0.6958411833496253
0.3923478348256252,1.097642505235008,1.2629091188778012,0.6958411833496253
0.3923478348256252,1.097642505235008,1.498585184955259,0.6958411833496253
0.3923478348256252,1.097642505235008,1.3338551128563971,0.6958411833496253
0.3923478348256252,1.097642505235008,1.3525427201042952,0.6958411833496253
0.3923478348256252,1.097642505235008,1.4976518205922136,0.6958411833496253
0.3923478348256252,1.097642505235008,1.4351312463368284,0.6958411833496253
0.3923478348256252,1.097642505235008,1.6451831360385119,0.6958411833496253
0.3923478348256252,1.097642505235008,1.5051955580038072,0.6958411833496253
0.3923478348256252,1.097642505235008,1.5005564005471257,0.6958411833496253
0.4964496396360546,1.097642505235008,1.268666049105845,0.6958411833496253
0.4964496396360546,1.097642505235008,1.1569963127053415,0.6958411833496253
0.4964496396360546,1.097642505235008,1.011876771760968,0.6958411833496253
0.4964496396360546,1.097642505235008,1.1003795713168316,0.6958411833496253
0.4964496396360546,1.097642505235008,1.297079484578629,0.6958411833496253
0.4964496396360546,1.097642505235008,1.1773800477864595,0.6958411833496253
0.4964496396360546,1.097642505235008,0.9746350503586798,0.6958411833496253
0.4964496396360546,1.097642505235008,1.1988632347269887,0.6958411833496253
0.4964496396360546,1.097642505235008,1.2392543774142444,0.6958411833496253
0.4964496396360546,1.097642505235008,1.1164362608468859,0.6958411833496253
0.4964496396360546,1.097642505235008,1.0262178713754901,0.6958411833496253
0.4964496396360546,1.097642505235008,0.9694668035613933,0.6958411833496253
0.4964496396360546,1.097642505235008,1.1675466621274182,0.6958411833496253
0.4964496396360546,1.097642505235008,1.0013534032748526,0.6958411833496253
0.4964496396360546,1.097642505235008,1.2917997321405963,0.6958411833496253
0.4964496396360546,1.097642505235008,1.036959263961129,0.6958411833496253
0.4964496396360546,1.097642505235008,1.0077857246217552,0.6958411833496253
0.4964496396360546,1.097642505235008,1.2904641902854022,0.6958411833496253
0.4964496396360546,1.097642505235008,1.0688951518625978,0.6958411833496253
0.4964496396360546,1.097642505235008,1.2051528926081474,0.6958411833496253
0.4964496396360546,1.097642505235008,1.113677429440805,0.6958411833496253
0.4964496396360546,1.097642505235008,1.111119577865471,0.6958411833496253
0.4964496396360546,1.097642505235008,1.060329945733207,0.6958411833496253
0.4964496396360546,1.097642505235008,1.3882196719048776,0.6958411833496253
0.4964496396360546,1.097642505235008,0.9995029015472813,0.6958411833496253
0.4964496396360546,1.097642505235008,0.9187667221249427,0.6958411833496253
0.4964496396360546,1.097642505235008,0.9409949590349456,0.6958411833496253
0.4387945531851805,1.097642505235008,1.2604535302729616,0.6958411833496253
0.4387945531851805,1.097642505235008,1.2803253774625112,0.6958411833496253
0.4387945531851805,1.097642505235008,1.2637967762995508,0.6958411833496253
0.4387945531851805,1.097642505235008,1.2350215961326045,0.6958411833496253
0.4387945531851805,1.097642505235008,1.3460864033656177,0.6958411833496253
0.4387945531851805,1.097642505235008,1.0894606533920541,0.6958411833496253
0.4387945531851805,1.097642505235008,1.2168671387361614,0.6958411833496253
0.4387945531851805,1.097642505235008,1.231365579146182,0.6958411833496253
0.4387945531851805,1.097642505235008,1.258911383843526,0.6958411833496253
0.4387945531851805,1.097642505235008,1.2247426449208316,0.6958411833496253
0.4387945531851805,1.097642505235008,1.2096063336188156,0.6958411833496253
0.4387945531851805,1.097642505235008,1.0467756716403562,0.6958411833496253
0.4387945531851805,1.097642505235008,1.2149028602070062,0.6958411833496253
0.4387945531851805,1.097642505235008,1.1563964697900446,0.6958411833496253
0.4387945531851805,1.097642505235008,1.155372501316654,0.6958411833496253
0.4387945531851805,1.097642505235008,1.1570187827352563,0.6958411833496253
0.4387945531851805,1.097642505235008,1.3564794936924576,0.6958411833496253
0.4387945531851805,1.097642505235008,1.217303750663961,0.6958411833496253
0.4387945531851805,1.097642505235008,1.0934191183947055,0.6958411833496253
0.4387945531851805,1.097642505235008,1.3565615792765782,0.6958411833496253
0.4387945531851805,1.097642505235008,1.100454393242548,0.6958411833496253
0.4387945531851805,1.097642505235008,1.1665296088700057,0.6958411833496253
0.4387945531851805,1.097642505235008,0.9995673454729883,0.6958411833496253
0.4387945531851805,1.097642505235008,1.1368585685926502,0.6958411833496253
0.4387945531851805,1.097642505235008,1.1233049978970882,0.6958411833496253
0.4387945531851805,1.097642505235008,1.382997284506099,0.6958411833496253
0.4387945531851805,1.097642505235008,1.2288777530061241,0.6958411833496253
0.4387945531851805,1.097642505235008,1.1093938094318394,0.6958411833496253
0.4387945531851805,1.097642505235008,1.2675717538210705,0.6958411833496253
0.482792762268522,1.097642505235008,0.9477428358603813,0.6958411833496253
0.482792762268522,1.097642505235008,1.1580626311137487,0.6958411833496253
0.49706298943490834,1.097642505235008,1.1569707388501809,0.6958411833496253
0.49706298943490834,1.097642505235008,1.116356123593011,0.6958411833496253
0.49706298943490834,1.097642505235008,1.1835872585457623,0.6958411833496253
0.49706298943490834,1.097642505235008,1.2430902083632844,0.6958411833496253
0.49706298943490834,1.097642505235008,1.15321568264214,0.6958411833496253
0.49706298943490834,1.097642505235008,1.012647527640116,0.6958411833496253
0.49706298943490834,1.097642505235008,1.13548246735352,0.6958411833496253
0.49706298943490834,1.097642505235008,1.1716781329979438,0.6958411833496253
0.49706298943490834,1.097642505235008,1.2330991013755106,0.6958411833496253
0.49706298943490834,1.097642505235008,1.165977111914918,0.6958411833496253
0.49706298943490834,1.097642505235008,1.0656161420377532,0.6958411833496253
0.49706298943490834,1.097642505235008,1.189617994086418,0.6958411833496253
0.49706298943490834,1.097642505235008,1.0611360046248044,0.6958411833496253
0.49706298943490834,1.097642505235008,0.9360686148683678,0.6958411833496253
0.49706298943490834,1.097642505235008,1.1228458481687338,0.6958411833496253
0.49706298943490834,1.097642505235008,1.0713451590430063,0.6958411833496253
0.49706298943490834,1.097642505235008,1.1895523464981808,0.6958411833496253
0.49706298943490834,1.097642505235008,1.0362515590922845,0.6958411833496253
0.49706298943490834,1.097642505235008,1.1481659698006057,0.6958411833496253
0.49706298943490834,1.097642505235008,1.043684561585595,0.6958411833496253
0.49706298943490834,1.097642505235008,1.27738464485683,0.6958411833496253
0.49706298943490834,1.097642505235008,0.985995792204623,0.6958411833496253
0.47940680679546593,1.097642505235008,1.2009984176436883,0.6958411833496253
0.47940680679546593,1.097642505235008,1.1976958914709832,0.6958411833496253
0.47940680679546593,1.097642505235008,1.1429445673883893,0.6958411833496253
0.47940680679546593,1.097642505235008,1.0064773563362954,0.6958411833496253
0.47940680679546593,1.097642505235008,1.308074102189308,0.6958411833496253
0.47940680679546593,1.097642505235008,1.1848929971150726,0.6958411833496253
0.47940680679546593,1.097642505235008,1.081187764058392,0.6958411833496253
0.47940680679546593,1.097642505235008,1.1438828874956333,0.6958411833496253
0.47940680679546593,1.097642505235008,1.0772675785788774,0.6958411833496253
0.47940680679546593,1.097642505235008,1.2018866244010369,0.6958411833496253
0.5606143324690235,1.097642505235008,0.9643716468983561,0.6958411833496253
0.5606143324690235,1.111102258351026,0.9027749184559127,0.6958411833496253
0.5606143324690235,1.1092282633975035,0.858614334326535,0.6958411833496253
0.49946933428848295,1.1092282633975035,0.9586179240248367,0.6958411833496253
0.49946933428848295,1.1092282633975035,0.9952489853324844,0.6958411833496253
0.49946933428848295,1.1092282633975035,1.3175299664812468,0.6958411833496253
0.49946933428848295,1.1092282633975035,1.002417901325011,0.6958411833496253
0.49946933428848295,1.1092282633975035,1.202907628474079,0.6958411833496253
0.49946933428848295,1.1092282633975035,1.0268559963459334,0.6958411833496253
0.49946933428848295,1.1092282633975035,1.0238076265417506,0.6958411833496253
0.49946933428848295,1.1092282633975035,1.3459931920665498,0.6958411833496253
0.49946933428848295,1.1092282633975035,0.9908707817308805,0.6958411833496253
0.49946933428848295,1.1092282633975035,1.0823307731123388,0.6958411833496253
0.49946933428848295,1.1092282633975035,0.9536651059621267,0.6958411833496253
0.49946933428848295,1.1092282633975035,0.8588291368052265,0.6958411833496253
0.4520169346495055,1.1092282633975035,1.1126974350143546,0.6958411833496253
0.4520169346495055,1.1092282633975035,1.0848336922871702,0.6958411833496253
0.4520169346495055,1.1092282633975035,1.1674182252535235,0.6958411833496253
0.4520169346495055,1.1092282633975035,1.1776165816183204,0.6958411833496253
0.4520169346495055,1.1092282633975035,1.225982771247709,0.6958411833496253
0.4520169346495055,1.1092282633975035,1.1969740605722092,0.6958411833496253
0.4520169346495055,1.1092282633975035,1.0772419660214887,0.6958411833496253
0.4520169346495055,1.1092282633975035,0.978332515303983,0.6958411833496253
0.4520169346495055,1.1092282633975035,1.154147928161033,0.6958411833496253
0.4520169346495055,1.1092282633975035,1.3139257475871013,0.6958411833496253
0.4520169346495055,1.1092282633975035,1.1472252792140243,0.6958411833496253
0.4520169346495055,1.1092282633975035,1.0081914100886917,0.6958411833496253
0.4520169346495055,1.1092282633975035,1.2405290582995034,0.6958411833496253
0.4520169346495055,1.1092282633975035,0.9884405671719824,0.6958411833496253
0.4520169346495055,1.1092282633975035,1.3547247183929987,0.6958411833496253
0.4520169346495055,1.1092282633975035,1.4250398759157432,0.6958411833496253
0.4520169346495055,1.1092282633975035,1.1911080799440925,0.6958411833496253
0.4520169346495055,1.1092282633975035,1.1848336898993952,0.6958411833496253
0.4520169346495055,1.1092282633975035,0.9710680169782409,0.6958411833496253
0.4520169346495055,1.1092282633975035,1.1010105140901203,0.6958411833496253
0.4520169346495055,1.1092282633975035,1.2192124018329022,0.6958411833496253
0.4520169346495055,1.1092282633975035,1.260576029345641,0.6958411833496253
0.4520169346495055,1.1092282633975035,1.231669309047709,0.6958411833496253
0.4520169346495055,1.1092282633975035,1.0486078571616653,0.6958411833496253
0.4520169346495055,1.1092282633975035,1.352795162635187,0.6958411833496253
0.4520169346495055,1.1092282633975035,1.178808694895655,0.6958411833496253
0.4520169346495055,1.1092282633975035,1.1250560684225202,0.6958411833496253
0.4520169346495055,1.1092282633975035,1.11876508370259,0.6958411833496253
0.4520169346495055,1.1092282633975035,1.1634015294519404,0.6958411833496253
0.4520169346495055,1.1092282633975035,1.4694435338165994,0.6958411833496253
0.4520169346495055,1.1092282633975035,1.19108210398318,0.6958411833496253
0.4520169346495055,1.1092282633975035,1.2628895326169292,0.6958411833496253
0.4520169346495055,1.1092282633975035,1.149385466217506,0.6958411833496253
0.4520169346495055,1.1092282633975035,1.120043707453534,0.6958411833496253
0.4520169346495055,1.1092282633975035,1.0834118214635762,0.6958411833496253
0.4520169346495055,1.1092282633975035,1.1639496122386903,0.6958411833496253
0.4520169346495055,1.1092282633975035,1.210713302470664,0.6958411833496253
0.4520169346495055,1.1092282633975035,1.4628745447100464,0.6958411833496253
0.4520169346495055,1.1092282633975035,0.9404577045691489,0.6958411833496253
0.4520169346495055,1.1092282633975035,1.124347821447274,0.6958411833496253
0.4520169346495055,1.1092282633975035,1.074983053197094,0.6958411833496253
0.4520169346495055,1.1092282633975035,1.2384168374972717,0.6958411833496253
0.4520169346495055,1.1092282633975035,1.1210509034162919,0.6958411833496253
0.4520169346495055,1.1092282633975035,1.14558881952215,0.6958411833496253
0.4520169346495055,1.1092282633975035,1.2941422123689375,0.6958411833496253
0.4520169346495055,1.1092282633975035,1.0819116206766732,0.6958411833496253
0.4520169346495055,1.1092282633975035,1.1407405321561992,0.6958411833496253
0.4818100384352181,1.1092282633975035,1.0775857810653615,0.6958411833496253
0.4818100384352181,1.1092282633975035,0.9920659512927457,0.6958411833496253
0.4818100384352181,1.1092282633975035,0.8943972300910583,0.6958411833496253
0.4818100384352181,1.1092282633975035,1.10186823150416,0.6958411833496253
0.4818100384352181,1.1092282633975035,1.1121703813488082,0.6958411833496253
0.4818100384352181,1.1092282633975035,1.073433301549434,0.6958411833496253
0.4818100384352181,1.1092282633975035,1.00062964781885,0.6958411833496253
0.4818100384352181,1.1092282633975035,0.9054786867097226,0.6958411833496253
0.4818100384352181,1.1092282633975035,1.0665710935952355,0.6958411833496253
0.4818100384352181,1.1092282633975035,1.1776654469862908,0.6958411833496253
0.4818100384352181,1.1092282633975035,1.1858996415588017,0.6958411833496253
0.4818100384352181,1.1092282633975035,1.0159704546383956,0.6958411833496253
0.4818100384352181,1.1092282633975035,1.1597896579921732,0.6958411833496253
0.4818100384352181,1.1092282633975035,0.9305114723501646,0.6958411833496253
0.5001515720400495,1.1092282633975035,1.2112090240733981,0.6958411833496253
0.5001515720400495,1.1092282633975035,1.204562998239785,0.6958411833496253
0.5001515720400495,1.1092282633975035,0.8495025066073203,0.6958411833496253
0.5001515720400495,1.1092282633975035,1.1380239053034469,0.6958411833496253
0.5001515720400495,1.1092282633975035,0.9634387676857643,0.6958411833496253
0.5001515720400495,1.1092282633975035,1.234282875496283,0.6958411833496253
0.5001515720400495,1.1092282633975035,1.0640938145677614,0.6958411833496253
0.5001515720400495,1.1092282633975035,1.0424908100400714,0.6958411833496253
0.5001515720400495,1.1092282633975035,1.046924359392677,0.6958411833496253
0.5001515720400495,1.1092282633975035,1.0956014610852478,0.6958411833496253
0.5001515720400495,1.1092282633975035,0.9991076200794541,0.6958411833496253
0.5001515720400495,1.1092282633975035,1.0810173361402786,0.6958411833496253
0.5001515720400495,1.1092282633975035,0.9184193846415981,0.6958411833496253
0.5001515720400495,1.1092282633975035,1.010766535333367,0.6958411833496253
0.5001515720400495,1.1092282633975035,1.025071820509907,0.6958411833496253
0.5001515720400495,1.1092282633975035,1.0432500986903694,0.6958411833496253
0.5001515720400495,1.1092282633975035,0.934385822822043,0.6958411833496253
0.5001515720400495,1.1092282633975035,1.0961985756578287,0.6958411833496253
0.5001515720400495,1.1092282633975035,0.9582814222389607,0.6958411833496253
0.5001515720400495,1.1092282633975035,1.0166927403924795,0.6958411833496253
0.5001515720400495,1.1092282633975035,1.0944469462383997,0.6958411833496253
0.5001515720400495,1.1092282633975035,1.0004015822007477,0.6958411833496253
0.5001515720400495,1.1344699726417447,0.9745599249753468,0.6958411833496253
0.5001515720400495,1.1344699726417447,0.9113218267512756,0.6958411833496253
0.5001515720400495,1.1344699726417447,1.099164184028319,0.6958411833496253
0.5001515720400495,1.1344699726417447,0.8840460189962459,0.6958411833496253
0.5001515720400495,1.1344699726417447,1.1803646209036271,0.6958411833496253
0.5001515720400495,1.1344699726417447,0.9171314438248146,0.6958411833496253
0.5001515720400495,1.1344699726417447,0.855704611871663,0.6958411833496253
0.5001515720400495,1.1326589125121629,0.8701757650693714,0.6958411833496253
0.5001515720400495,1.1326589125121629,1.012344395645122,0.6958411833496253
0.5001515720400495,1.1326589125121629,1.1079099731269753,0.6958411833496253
0.5001515720400495,1.1326589125121629,0.9400461163546778,0.6958411833496253
0.4686628757735922,1.1326589125121629,0.8767964671288129,0.6958411833496253
0.4686628757735922,1.1326589125121629,1.1339007094246678,0.6958411833496253
0.4686628757735922,1.1326589125121629,1.0791077284345896,0.6958411833496253
0.4686628757735922,1.1326589125121629,0.9473588169287236,0.6958411833496253
0.4686628757735922,1.1326589125121629,0.939194906553223,0.6958411833496253
0.47149310733818683,1.1326589125121629,0.8296478733730732,0.6958411833496253
0.47149310733818683,1.1326589125121629,1.0971411237634885,0.6958411833496253
0.47149310733818683,1.1326589125121629,0.9519347608371014,0.6958411833496253
0.47149310733818683,1.1326589125121629,0.9683169760045822,0.6958411833496253
0.47149310733818683,1.1326589125121629,0.9665701716263632,0.6958411833496253
0.3829938563777672,1.1326589125121629,1.1069170922575184,0.6958411833496253
0.3829938563777672,1.1326589125121629,1.2981629053648531,0.6958411833496253
0.3829938563777672,1.1326589125121629,1.2713390456448261,0.6958411833496253
0.3829938563777672,1.1326589125121629,1.1592034425903417,0.6958411833496253
0.3829938563777672,1.1326589125121629,1.1727840169357213,0.6958411833496253
0.3829938563777672,1.1326589125121629,1.0959092779171833,0.6958411833496253
0.3829938563777672,1.1326589125121629,1.0704195465294513,0.6958411833496253
0.3829938563777672,1.1326589125121629,1.224693151328074,0.6958411833496253
0.3829938563777672,1.1326589125121629,1.2681770989861445,0.6958411833496253
0.3829938563777672,1.1326589125121629,1.1370218352497028,0.6958411833496253
0.3829938563777672,1.1501016040527725,1.1296439336100046,0.6958411833496253
0.3829938563777672,1.1501016040527725,1.443471105593841,0.6958411833496253
0.3067570439660735,1.1501016040527725,1.6958164417593888,0.6958411833496253
0.3067570439660735,1.1501016040527725,1.2467443824318822,0.6958411833496253
0.3067570439660735,1.1501016040527725,1.8401474487753675,0.6958411833496253
0.3067570439660735,1.1501016040527725,1.2887580917799262,0.6958411833496253
0.38437727274908157,1.1501016040527725,1.3981841238702652,0.6958411833496253
0.38437727274908157,1.1501016040527725,1.0746936106024865,0.6958411833496253
0.38437727274908157,1.1501016040527725,1.0078199597110165,0.6958411833496253
0.38437727274908157,1.1501016040527725,1.103081241452407,0.6958411833496253
0.5348414874178012,1.1501016040527725,0.8616961818398778,0.6958411833496253
0.5348414874178012,1.1501016040527725,0.77703671323775,0.6958411833496253
0.5348414874178012,1.1501016040527725,0.9081282459407225,0.6958411833496253
0.5348414874178012,1.1501016040527725,0.7994900341489222,0.6958411833496253
0.5348414874178012,1.1501016040527725,0.8121846326271043,0.6958411833496253
0.5348414874178012,1.1501016040527725,0.8155593495957498,0.6958411833496253
0.45376113863615436,1.1501016040527725,0.9525697793167766,0.6958411833496253
0.45376113863615436,1.1501016040527725,1.0606738540252492,0.6958411833496253
0.45376113863615436,1.1501016040527725,1.0680832061406504,0.6958411833496253
0.45376113863615436,1.1501016040527725,0.8594119489254354,0.6958411833496253
0.45376113863615436,1.1501016040527725,1.2630647637763097,0.6958411833496253
0.45376113863615436,1.1501016040527725,1.1868307079602378,0.6958411833496253
0.45376113863615436,1.1501016040527725,1.0643577238952937,0.6958411833496253
0.45376113863615436,1.1501016040527725,1.1899146133903389,0.6958411833496253
0.45376113863615436,1.1501016040527725,1.0595859275878081,0.6958411833496253
0.45376113863615436,1.1501016040527725,0.8056782453560576,0.6958411833496253
0.45376113863615436,1.1501016040527725,0.960336048867478,0.6958411833496253
0.45376113863615436,1.1501016040527725,0.8640680781903262,0.6958411833496253
0.45376113863615436,1.1501016040527725,1.0557084421940475,0.6958411833496253
0.45376113863615436,1.1501016040527725,1.0634999773418161,0.6958411833496253
0.5012710566709199,1.1501016040527725,1.0902869016001913,0.6958411833496253
0.5012710566709199,1.1501016040527725,0.853060705056331,0.6958411833496253
0.5012710566709199,1.1501016040527725,0.9000746243086084,0.6958411833496253
0.5012710566709199,1.1501016040527725,0.8066165282549126,0.6958411833496253
0.5012710566709199,1.1501016040527725,0.8313381903356204,0.6958411833496253
0.5012710566709199,1.1501016040527725,0.9662751226972386,0.6958411833496253
0.5012710566709199,1.1501016040527725,1.0951517763782883,0.6958411833496253
0.5012710566709199,1.1501016040527725,0.9007054752148518,0.6958411833496253
0.5012710566709199,1.1205852795729152,0.8719601308480698,0.6958411833496253
0.5012710566709199,1.1205852795729152,1.207475489713519,0.6958411833496253
0.5012710566709199,1.1205852795729152,0.9032452179265106,0.6958411833496253
0.5012710566709199,1.1205852795729152,1.0934206399339637,0.6958411833496253
0.5012710566709199,1.1205852795729152,0.9000671125928713,0.6958411833496253
0.5012710566709199,1.1205852795729152,0.9729320797364142,0.6958411833496253
0.5012710566709199,1.1205852795729152,0.9461457210842229,0.6958411833496253
0.5012710566709199,1.1205852795729152,1.049505058719411,0.6958411833496253
0.5012710566709199,1.1205852795729152,0.9565895320345659,0.6958411833496253
0.5012710566709199,1.1205852795729152,0.9304070099841433,0.6958411833496253
0.4420430721283208,1.1205852795729152,1.1438869064290824,0.6958411833496253
0.4420430721283208,1.1205852795729152,1.0996250824748148,0.6958411833496253
0.4420430721283208,1.1205852795729152,1.207239466881862,0.6958411833496253
0.4420430721283208,1.1205852795729152,1.0564706758796416,0.6958411833496253
0.4420430721283208,1.1205852795729152,1.0672939010342544,0.6958411833496253
0.4420430721283208,1.1205852795729152,1.0959507699840143,0.6958411833496253
0.41885998148607473,1.1205852795729152,1.1082668588684301,0.6958411833496253
0.41885998148607473,1.1205852795729152,1.400251136410972,0.6958411833496253
0.49785276549911817,1.1205852795729152,1.041768485913577,0.6972047131677891
0.49785276549911817,1.1205852795729152,1.0166934384039454,0.6972047131677891
0.49785276549911817,1.1205852795729152,1.0275020735035696,0.6972047131677891
0.49785276549911817,1.1205852795729152,0.9931786320563805,0.6972047131677891
0.49785276549911817,1.1205852795729152,1.0989797205040999,0.6972047131677891
0.49785276549911817,1.1205852795729152,1.0576662888219297,0.6972047131677891
0.49785276549911817,1.1205852795729152,0.8866433076546992,0.6972047131677891
0.49785276549911817,1.1205852795729152,0.8563492654041898,0.6972047131677891
0.49785276549911817,1.1205852795729152,0.9774931245315444,0.6972047131677891
0.49785276549911817,1.1205852795729152,1.033656848576611,0.6972047131677891
0.49785276549911817,1.1205852795729152,0.8805282247717373,0.6972047131677891
0.49785276549911817,1.1205852795729152,1.0891357126666281,0.6972047131677891
0.49785276549911817,1.1205852795729152,1.0256760076375495,0.6972047131677891
0.49785276549911817,1.1205852795729152,1.0853326638590644,0.6972047131677891
0.49785276549911817,1.1205852795729152,1.055244335702987,0.6972047131677891
0.49785276549911817,1.1205852795729152,0.8980246396657462,0.6972047131677891
0.49785276549911817,1.1205852795729152,1.0115485133519215,0.6972047131677891
0.49785276549911817,1.1205852795729152,0.9730256604448728,0.6972047131677891
0.49785276549911817,1.1205852795729152,1.0144504342713092,0.6972047131677891
0.49785276549911817,1.1205852795729152,1.0574471802826175,0.6972047131677891
0.49785276549911817,1.1205852795729152,1.0291081456633022,0.6972047131677891
0.49785276549911817,1.1205852795729152,0.9719058058671283,0.6972047131677891
0.49785276549911817,1.1205852795729152,1.0013277821086215,0.6972047131677891
0.49785276549911817,1.1205852795729152,0.9379990213018966,0.6972047131677891
0.49785276549911817,1.1205852795729152,0.9897384124699745,0.6972047131677891
0.49785276549911817,1.1205852795729152,1.0901120013410077,0.6972047131677891
0.49785276549911817,1.1205852795729152,0.9028461535292974,0.6972047131677891
0.49785276549911817,1.1205852795729152,1.0790279560578564,0.6972047131677891
0.49785276549911817,1.1205852795729152,0.9813086420614513,0.6972047131677891
0.49785276549911817,1.1205852795729152,1.00589012766811,0.6972047131677891
0.49785276549911817,1.1205852795729152,1.1297378547632455,0.6972047131677891
0.49785276549911817,1.1205852795729152,1.398462394240575,0.6972047131677891
0.49785276549911817,1.1205852795729152,1.0684967433226378,0.6972047131677891
0.4803066153376322,1.1333368701652613,0.7861762589287502,0.6972047131677891
0.4803066153376322,1.1333368701652613,0.7919463973323373,0.6972047131677891
0.4803066153376322,1.1333368701652613,1.0663959829717942,0.6972047131677891
0.4803066153376322,1.1333368701652613,0.943938529999716,0.6972047131677891
0.4803066153376322,1.1333368701652613,0.8418802427199643,0.6972047131677891
0.4803066153376322,1.1333368701652613,0.8592744391412476,0.6972047131677891
0.4803066153376322,1.1333368701652613,0.7436367340570806,0.6972047131677891
0.4803066153376322,1.1333368701652613,0.8818050258739542,0.6972047131677891
0.4803066153376322,1.1333368701652613,1.043992169732355,0.6972047131677891
0.4803066153376322,1.1333368701652613,1.1541594679847036,0.6972047131677891
0.5637292178242157,1.1333368701652613,0.8303696595236504,0.6972047131677891
0.5637292178242157,1.1333368701652613,0.8747346349167489,0.6972047131677891
0.5637292178242157,1.1333368701652613,0.8901929932986814,0.6972047131677891
0.5637292178242157,1.1333368701652613,0.8969724743834149,0.6972047131677891
0.5637292178242157,1.1333368701652613,0.971098837773235,0.6972047131677891
0.5637292178242157,1.1333368701652613,0.9550710524881066,0.6972047131677891
0.5637292178242157,1.1333368701652613,0.9315021168447192,0.6972047131677891
0.5637292178242157,1.1333368701652613,0.7928978259399581,0.6972047131677891
0.5637292178242157,1.1333368701652613,0.8934016332632188,0.6972047131677891
0.5637292178242157,1.1333368701652613,0.7997003389449259,0.6972047131677891
0.5637292178242157,1.1333368701652613,0.7936820610025084,0.6972047131677891
0.5637292178242157,1.1333368701652613,0.8794475626963895,0.6972047131677891
0.5637292178242157,1.1333368701652613,0.7480590422429484,0.6972047131677891
0.5637292178242157,1.1059440154828364,0.9374764963935384,0.6972047131677891
0.5637292178242157,1.1059440154828364,1.0120469247804806,0.6972047131677891
0.5637292178242157,1.1059440154828364,0.8481918931972424,0.6972047131677891
0.5637292178242157,1.1059440154828364,1.0475873944444147,0.6972047131677891
0.5637292178242157,1.1059440154828364,0.887568511239348,0.6972047131677891
0.5637292178242157,1.1059440154828364,0.96773101380168,0.6972047131677891
0.5637292178242157,1.1059440154828364,1.0611655545977765,0.6972047131677891
0.5637292178242157,1.1059440154828364,1.05410794222438,0.6972047131677891
0.5637292178242157,1.1098033649333738,0.9388332126689473,0.6972047131677891
0.5637292178242157,1.1098033649333738,0.8383664244902679,0.6972047131677891
0.5637292178242157,1.1098033649333738,0.8995681155246323,0.6972047131677891
0.5637292178242157,1.1098033649333738,0.9650813329695669,0.6972047131677891
0.5637292178242157,1.1098033649333738,0.9501148873463007,0.6972047131677891
0.5637292178242157,1.1098033649333738,1.0173492143142342,0.6972047131677891
0.5637292178242157,1.1098033649333738,0.7507844064694653,0.6972047131677891
0.5637292178242157,1.1098033649333738,0.9903330154895733,0.6972047131677891
0.5637292178242157,1.1098033649333738,1.0288561257990776,0.6972047131677891
0.5637292178242157,1.1098033649333738,1.0372694851082311,0.6972047131677891
0.5637292178242157,1.1098033649333738,0.9563681593265753,0.6972047131677891
0.5637292178242157,1.1098033649333738,0.8876410182695682,0.6972047131677891
0.5637292178242157,1.1098033649333738,0.8849839737528684,0.6972047131677891
0.5637292178242157,1.1098033649333738,0.9604785531268992,0.6972047131677891
0.5637292178242157,1.1098033649333738,0.8645580514938629,0.6972047131677891
0.5637292178242157,1.1098033649333738,0.8822173450362134,0.6972047131677891
0.5637292178242157,1.1098033649333738,0.892303454672041,0.6972047131677891
0.5637292178242157,1.1098033649333738,0.9595596572459528,0.6972047131677891
0.5637292178242157,1.1098033649333738,0.8510896447569033,0.6972047131677891
0.5266164008506405,1.1098033649333738,0.970608151230708,0.6972047131677891
0.5266164008506405,1.1098033649333738,1.085125611135824,0.6972047131677891
0.5266164008506405,1.1098033649333738,0.8861578047901179,0.6972047131677891
0.5266164008506405,1.1098033649333738,1.0063051584454723,0.6972047131677891
0.5266164008506405,1.1098033649333738,1.0251264284333723,0.6972047131677891
0.5266164008506405,1.1098033649333738,0.9355572610801304,0.6972047131677891
0.5266164008506405,1.1098033649333738,1.0015048192098197,0.6972047131677891
0.5266164008506405,1.1098033649333738,1.0069858011817945,0.6972047131677891
0.5266164008506405,1.1098033649333738,1.0804668897814662,0.6972047131677891
0.5266164008506405,1.1098033649333738,0.8161014756164573,0.6972047131677891
0.5266164008506405,1.1098033649333738,0.883965970680131,0.6972047131677891
0.5266164008506405,1.1098033649333738,0.904826296859869,0.6972047131677891
0.5266164008506405,1.1098033649333738,0.9343720536567509,0.6972047131677891
0.5266164008506405,1.1098033649333738,0.8592186232237736,0.6972047131677891
0.5266164008506405,1.1098033649333738,1.1220717914183327,0.6972047131677891
0.5266164008506405,1.1098033649333738,0.9488413634584305,0.6972047131677891
0.5266164008506405,1.1098033649333738,1.0763741260337596,0.6972047131677891
0.5266164008506405,1.1098033649333738,0.9362046613386101,0.6972047131677891
0.5720910213812336,1.1098033649333738,0.8780422042882585,0.6972047131677891
0.5720910213812336,1.1098033649333738,0.9825392385678166,0.6972047131677891
0.5720910213812336,1.1098033649333738,0.9260099093011037,0.6972047131677891
0.5720910213812336,1.1098033649333738,1.0111149649850482,0.6972047131677891
0.5720910213812336,1.1098033649333738,0.9218261908063307,0.6972047131677891
0.5720910213812336,1.1098033649333738,1.0078839058822542,0.6972047131677891
0.48849265863183594,1.1098033649333738,0.9224093775232342,0.6972047131677891
0.48849265863183594,1.1098033649333738,0.9067169517910575,0.6972047131677891
0.48849265863183594,1.1098033649333738,0.9939600471406819,0.6972047131677891
0.48849265863183594,1.1098033649333738,1.2358464434407608,0.6972047131677891
0.48849265863183594,1.1098033649333738,0.9305380540439624,0.6972047131677891
0.48849265863183594,1.1098033649333738,1.1803582637107048,0.6972047131677891
0.48849265863183594,1.086167939010556,1.0342471837204141,0.6972047131677891
0.48849265863183594,1.086167939010556,0.9441222925696924,0.6972047131677891
0.48849265863183594,1.086167939010556,1.0566022567462428,0.6972047131677891
0.48849265863183594,1.086167939010556,1.2278670673590835,0.6972047131677891
0.48849265863183594,1.086167939010556,1.3501544500035703,0.6972047131677891
0.48849265863183594,1.086167939010556,1.2056228704935008,0.6972047131677891
0.48849265863183594,1.086167939010556,1.0953942270415713,0.6972047131677891
0.48849265863183594,1.086167939010556,1.0920827610517823,0.6972047131677891
0.48849265863183594,1.086167939010556,1.0731076104173431,0.6972047131677891
0.48849265863183594,1.086167939010556,1.2550292619413244,0.6972047131677891
0.48849265863183594,1.086167939010556,1.2679345164526195,0.6972047131677891
0.48849265863183594,1.086167939010556,1.123768819928764,0.6972047131677891
0.48849265863183594,1.086167939010556,1.226023108783983,0.6972047131677891
0.48849265863183594,1.086167939010556,1.008574101271795,0.6972047131677891
0.48849265863183594,1.086167939010556,1.2357334856416897,0.6972047131677891
0.48849265863183594,1.086167939010556,1.0636129268091192,0.6972047131677891
0.48849265863183594,1.086167939010556,1.0886729299137852,0.6972047131677891
0.48849265863183594,1.086167939010556,1.1167881567742366,0.6972047131677891
0.48849265863183594,1.086167939010556,1.3951080839224004,0.6972047131677891
0.48849265863183594,1.086167939010556,1.0379260654219757,0.6972047131677891
0.48849265863183594,1.086167939010556,1.2185977142332862,0.6972047131677891
0.48849265863183594,1.086167939010556,0.8989209855875249,0.6972047131677891
0.48849265863183594,1.086167939010556,1.0561593487735197,0.6972047131677891
0.48849265863183594,1.086167939010556,1.2502890480769908,0.6972047131677891
0.48849265863183594,1.086167939010556,1.284827332145148,0.6972047131677891
0.48849265863183594,1.086167939010556,0.973602045375775,0.6972047131677891
0.48849265863183594,1.086167939010556,1.261639697130756,0.6972047131677891
0.48849265863183594,1.086167939010556,1.176113530610374,0.6972047131677891
0.48849265863183594,1.086167939010556,1.2268235096467799,0.6972047131677891
0.48849265863183594,1.086167939010556,1.1954239469109875,0.6972047131677891
0.5347859157980018,1.086167939010556,1.0349565940878984,0.6972047131677891
0.5347859157980018,1.086167939010556,1.1165939608080562,0.6972047131677891
0.5347859157980018,1.086167939010556,0.9991835399311223,0.6972047131677891
0.6314485600688825,1.086167939010556,1.0229415458669608,0.6972047131677891
0.6314485600688825,1.086167939010556,0.8413722399586442,0.6972047131677891
0.6314485600688825,1.086167939010556,0.784632784745273,0.6972047131677891
0.6314485600688825,1.086167939010556,0.821842825884643,0.6972047131677891
0.6314485600688825,1.086167939010556,0.940238097489087,0.6972047131677891
0.6314485600688825,1.086167939010556,0.8819625037881136,0.6972047131677891
0.6314485600688825,1.086167939010556,0.9659103451728321,0.6972047131677891
0.6314485600688825,1.086167939010556,0.8847308386585905,0.6972047131677891
0.6007640434076262,1.086167939010556,0.9680497975384685,0.6972047131677891
0.6007640434076262,1.086167939010556,0.8107628798501165,0.6972047131677891
0.6007640434076262,1.086167939010556,0.9145937860282389,0.6972047131677891
0.6007640434076262,1.086167939010556,1.0814880421473607,0.6972047131677891
0.6007640434076262,1.086167939010556,0.9545684117167936,0.6972047131677891
0.6007640434076262,1.086167939010556,1.1002447087704497,0.6972047131677891
0.6007640434076262,1.086167939010556,0.8746800238546321,0.6972047131677891
0.6007640434076262,1.086167939010556,0.9625966849942837,0.6972047131677891
0.6007640434076262,1.086167939010556,1.0466939103433828,0.6972047131677891
0.6007640434076262,1.086167939010556,1.0634416289778748,0.6972047131677891
0.6007640434076262,1.086167939010556,0.7711723788765978,0.6972047131677891
0.6007640434076262,1.086167939010556,0.9030736993150468,0.6972047131677891
0.6007640434076262,1.086167939010556,0.8942445929152716,0.6972047131677891
0.6007640434076262,1.086167939010556,0.829080588692944,0.6972047131677891
0.6007640434076262,1.086167939010556,0.9608500898850388,0.6972047131677891
0.6007640434076262,1.086167939010556,0.8262199614609478,0.6972047131677891
0.6007640434076262,1.086167939010556,0.9072242228087013,0.6972047131677891
0.6007640434076262,1.086167939010556,0.9327330211522488,0.6972047131677891
0.6007640434076262,1.086167939010556,0.8687777822254434,0.6972047131677891
0.6007640434076262,1.086167939010556,0.9315444790980644,0.6972047131677891
0.6007640434076262,1.086167939010556,0.8760708133862325,0.6972047131677891
0.6007640434076262,1.086167939010556,0.9870471307606303,0.6972047131677891
0.6007640434076262,1.086167939010556,0.8245324396042273,0.6972047131677891
0.6007640434076262,1.086167939010556,1.0251794164925583,0.6972047131677891
0.6007640434076262,1.086167939010556,0.8113560304292302,0.6972047131677891
0.6007640434076262,1.086167939010556,0.7912580924198742,0.6972047131677891
0.6007640434076262,1.086167939010556,0.9625884639684894,0.6972047131677891
0.6007640434076262,1.086167939010556,0.8534743027511098,0.6972047131677891
0.6007640434076262,1.086167939010556,0.9470373466804387,0.6972047131677891
0.6007640434076262,1.086167939010556,0.8672356739412526,0.6972047131677891
0.6007640434076262,1.086167939010556,0.861436312841145,0.6972047131677891
0.6007640434076262,1.086167939010556,0.9105772631620819,0.6972047131677891
0.6007640434076262,1.086167939010556,1.062805139903166,0.6972047131677891
0.6007640434076262,1.086167939010556,0.9195775355433737,0.6972047131677891
0.6007640434076262,1.086167939010556,0.9866580962919227,0.6972047131677891
0.6007640434076262,1.086167939010556,0.9428393628971268,0.6972047131677891
0.6007640434076262,1.086167939010556,0.8546516681713511,0.6972047131677891
0.6007640434076262,1.086167939010556,0.8772712781966638,0.6972047131677891
0.6007640434076262,1.086167939010556,1.0783614885409305,0.6972047131677891
0.5771102655491873,1.086167939010556,0.9555886744319817,0.6972047131677891
0.5771102655491873,1.086167939010556,0.9584823627987092,0.6972047131677891
0.5771102655491873,1.086167939010556,1.0576978600188651,0.6972047131677891
0.5643894467318031,1.086167939010556,1.0179172044964706,0.6972047131677891
0.5643894467318031,1.086167939010556,1.0489103704039628,0.6972047131677891
0.5643894467318031,1.086167939010556,0.9448511564639306,0.6972047131677891
0.5643894467318031,1.086167939010556,1.0057967534901728,0.6972047131677891
0.5643894467318031,1.086167939010556,1.0506011048179469,0.6972047131677891
0.5643894467318031,1.086167939010556,1.0495431486469362,0.6972047131677891
0.5643894467318031,1.086167939010556,1.1639580135121899,0.6972047131677891
0.5643894467318031,1.086167939010556,1.1263501536524119,0.6972047131677891
0.5643894467318031,1.086167939010556,1.0544497665100447,0.6972047131677891
0.5643894467318031,1.086167939010556,0.8406998762561615,0.6972047131677891
0.5643894467318031,1.086167939010556,1.005110060656799,0.6972047131677891
0.5643894467318031,1.086167939010556,1.0062932205833186,0.6972047131677891
0.5643894467318031,1.086167939010556,0.8937182387666261,0.6972047131677891
0.5643894467318031,1.086167939010556,1.0054286188252004,0.6972047131677891
0.5643894467318031,1.086167939010556,1.0699343329783322,0.6972047131677891
0.5643894467318031,1.086167939010556,1.0970819440315336,0.6972047131677891
0.46884108721206064,1.086167939010556,1.0475367129944724,0.6972047131677891
0.46884108721206064,1.086167939010556,1.120471025372497,0.6972047131677891
0.46884108721206064,1.086167939010556,1.185735879799351,0.6963838939248856
0.46884108721206064,1.086167939010556,1.0835891089762055,0.6963838939248856
0.46884108721206064,1.086167939010556,1.0238118207136442,0.6963838939248856
0.46884108721206064,1.086167939010556,1.0186283366002706,0.6963838939248856
0.46884108721206064,1.086167939010556,1.308893967052336,0.6963838939248856
0.46884108721206064,1.086167939010556,1.1696312937614473,0.6963838939248856
0.4322708886222612,1.086167939010556,1.1599894122405892,0.6963838939248856
0.4322708886222612,1.086167939010556,1.307487626144584,0.6963838939248856
0.4322708886222612,1.086167939010556,1.3550870901940393,0.6963838939248856
0.4964561491111083,1.086167939010556,1.2099329182500012,0.6963838939248856
0.4964561491111083,1.086167939010556,1.0380769527319422,0.6963838939248856
0.4964561491111083,1.086167939010556,1.1042698470587216,0.6963838939248856
0.4964561491111083,1.086167939010556,1.0072038529247402,0.6963838939248856
0.4964561491111083,1.086167939010556,1.2571028348573914,0.6963838939248856
0.4964561491111083,1.086167939010556,1.1078598758494087,0.6963838939248856
0.4964561491111083,1.086167939010556,1.081573548415669,0.6963838939248856
0.4964561491111083,1.086167939010556,1.1993358955713742,0.6963838939248856
0.4964561491111083,1.1266288422579895,0.9242985181689657,0.6963838939248856
0.4964561491111083,1.1266288422579895,1.1541390187375595,0.6963838939248856
0.4964561491111083,1.1266288422579895,1.1627583461196946,0.6963838939248856
0.4964561491111083,1.1266288422579895,0.897697847734251,0.6963838939248856
0.4964561491111083,1.1266288422579895,1.2295005758689126,0.6963838939248856
0.4964561491111083,1.1266288422579895,0.8904582549808573,0.6963838939248856
0.4964561491111083,1.1266288422579895,0.9181175973072786,0.6963838939248856
0.4964561491111083,1.1266288422579895,1.1356983445044346,0.6963838939248856
0.4964561491111083,1.1266288422579895,0.8607091441201176,0.6963838939248856
0.4964561491111083,1.1266288422579895,0.8519540127666377,0.6963838939248856
0.4964561491111083,1.1266288422579895,0.9250584895439866,0.6963838939248856
0.4964561491111083,1.1266288422579895,0.7928622911752213,0.6963838939248856
0.4964561491111083,1.1266288422579895,1.054621937297032,0.6963838939248856
0.4964561491111083,1.1266288422579895,0.9856673917910883,0.6963838939248856
0.4964561491111083,1.1266288422579895,0.9309661336747991,0.6963838939248856
0.4964561491111083,1.1266288422579895,0.8945058420897485,0.6963838939248856
0.4964561491111083,1.1266288422579895,0.8359874387899598,0.6963838939248856
0.4964561491111083,1.1266288422579895,0.928271198542995,0.6963838939248856
0.5085643669519746,1.1266288422579895,0.967920761182263,0.6963838939248856
0.5085643669519746,1.1266288422579895,0.9256542309867205,0.6963838939248856
0.5085643669519746,1.1266288422579895,0.9876512045048269,0.6963838939248856
0.5085643669519746,1.1266288422579895,1.0889022193111093,0.6963838939248856
0.5085643669519746,1.1266288422579895,0.8278985687365799,0.6963838939248856
0.5085643669519746,1.1266288422579895,0.9772413308223993,0.6963838939248856
0.5085643669519746,1.1266288422579895,1.0413222842070196,0.6963838939248856
0.5085643669519746,1.1266288422579895,0.8754529375452229,0.6963838939248856
0.5085643669519746,1.1061875982744096,1.0042676742817502,0.6963838939248856
0.5085643669519746,1.1061875982744096,0.8620274706456398,0.6963838939248856
0.5085643669519746,1.1061875982744096,1.047446185342985,0.6963838939248856
0.5085643669519746,1.1061875982744096,1.16695464417237,0.6963838939248856
0.5085643669519746,1.1061875982744096,1.1569094533268296,0.6963838939248856
0.5085643669519746,1.1061875982744096,1.1258706676549497,0.6963838939248856
0.5085643669519746,1.1061875982744096,0.9710141621961212,0.6963838939248856
0.5085643669519746,1.1061875982744096,1.092288955975438,0.6963838939248856
0.5085643669519746,1.1061875982744096,1.248920550044547,0.6963838939248856
0.5085643669519746,1.1061875982744096,1.0908261941903064,0.6963838939248856
0.5085643669519746,1.1061875982744096,0.9162994906539927,0.6963838939248856
0.5085643669519746,1.1061875982744096,1.204455515653389,0.6963838939248856
0.5085643669519746,1.1061875982744096,1.0347987775462872,0.6963838939248856
0.5085643669519746,1.1061875982744096,1.004224320248098,0.6963838939248856
0.5085643669519746,1.1061875982744096,1.375273965757377,0.6963838939248856
0.5085643669519746,1.1061875982744096,1.0088900594481756,0.6963838939248856
0.5085643669519746,1.1061875982744096,1.1388268338883751,0.6963838939248856
0.5085643669519746,1.1039047856982438,1.0774160577489638,0.6963838939248856
0.5085643669519746,1.1039047856982438,0.8833058641496064,0.6963838939248856
0.5085643669519746,1.1039047856982438,1.1613420436258581,0.6963838939248856
0.5085643669519746,1.1039047856982438,0.8770661237324826,0.6963838939248856
0.5085643669519746,1.1039047856982438,1.0573010169962511,0.6963838939248856
0.5085643669519746,1.1039047856982438,1.156582456339996,0.6963838939248856
0.5085643669519746,1.1039047856982438,0.9805306875078474,0.6963838939248856
0.5085643669519746,1.1050256986995128,1.1080893917121464,0.6963838939248856
0.5085643669519746,1.1050256986995128,1.1574013320862162,0.6963838939248856
0.5085643669519746,1.1050256986995128,1.0228175997387565,0.6963838939248856
0.5085643669519746,1.1050256986995128,1.0366154375887204,0.6963838939248856
0.5085643669519746,1.1050256986995128,1.1262354763144182,0.6963838939248856
0.5085643669519746,1.1050256986995128,0.9379470171723892,0.6963838939248856
0.5085643669519746,1.1050256986995128,1.0733474296016907,0.6963838939248856
0.5085643669519746,1.1050256986995128,1.0233478353756673,0.6963838939248856
0.5085643669519746,1.1050256986995128,1.1554308908883493,0.6963838939248856
0.5085643669519746,1.1050256986995128,1.0388081028670453,0.6963838939248856
0.5085643669519746,1.1050256986995128,1.3065049474303991,0.6963838939248856
0.5085643669519746,1.1050256986995128,1.0139022463736818,0.6963838939248856
0.5085643669519746,1.1050256986995128,0.9666941184676052,0.6963838939248856
0.5085643669519746,1.1050256986995128,1.0379867230837372,0.6963838939248856
0.5085643669519746,1.1143662546688666,0.8847348847800031,0.6963838939248856
0.5085643669519746,1.1143662546688666,0.9872667343177971,0.6963838939248856
0.5085643669519746,1.1143662546688666,0.9400376614855047,0.6963838939248856
0.5085643669519746,1.1037006201331998,0.9364587432014113,0.6963838939248856
0.5085643669519746,1.1037006201331998,1.0767059025073669,0.6963838939248856
0.5085643669519746,1.1037006201331998,0.9436050265820435,0.6963838939248856
0.5085643669519746,1.1037006201331998,1.375087982524975,0.6963838939248856
0.5085643669519746,1.1037006201331998,1.0617170646918783,0.6963838939248856
0.5085643669519746,1.1037006201331998,1.0588278786121712,0.6963838939248856
0.5085643669519746,1.1037006201331998,1.011823198581541,0.6963838939248856
0.5085643669519746,1.1037006201331998,1.248892501171808,0.6963838939248856
0.5085643669519746,1.1037006201331998,0.9701110006581111,0.6963838939248856
0.5085643669519746,1.1037006201331998,1.0789419922415069,0.6963838939248856
0.5085643669519746,1.1037006201331998,0.8411450388610607,0.6963838939248856
0.5423026514117266,1.1037006201331998,1.079448696757496,0.6963838939248856
0.5423026514117266,1.1037006201331998,0.9165146547762814,0.6963838939248856
0.5423026514117266,1.1037006201331998,0.9532938740340752,0.6963838939248856
0.5423026514117266,1.1037006201331998,0.8659554471211516,0.6963838939248856
0.570213864806962,1.1037006201331998,0.9074768464590335,0.6963838939248856
0.570213864806962,1.1037006201331998,0.9176887772856578,0.6963838939248856
0.570213864806962,1.1037006201331998,0.8548095812390956,0.6963838939248856
0.570213864806962,1.1037006201331998,0.8259737833005109,0.6963838939248856
0.570213864806962,1.1037006201331998,0.888862551899282,0.6963838939248856
0.570213864806962,1.1037006201331998,1.0453586480982904,0.6963838939248856
0.570213864806962,1.1037006201331998,0.9350569853216172,0.6963838939248856
0.570213864806962,1.1037006201331998,0.90276121233713,0.6963838939248856
0.570213864806962,1.1037006201331998,0.8192703946918941,0.6963838939248856
0.570213864806962,1.1037006201331998,0.8473890353353193,0.6963838939248856
0.570213864806962,1.1037006201331998,0.9458266898598543,0.6963838939248856
0.570213864806962,1.1037006201331998,0.9661268952155235,0.6963838939248856
0.570213864806962,1.1037006201331998,1.049653408566102,0.6963838939248856
0.570213864806962,1.1037006201331998,0.8932184412515602,0.6963838939248856
0.570213864806962,1.1037006201331998,0.9896833654395688,0.6963838939248856
0.570213864806962,1.1037006201331998,0.891800531208918,0.6963838939248856
0.570213864806962,1.1037006201331998,1.2130440990760247,0.6963838939248856
0.570213864806962,1.1037006201331998,1.0146413389769489,0.6963838939248856
0.5724900153330191,1.1037006201331998,0.9190695495271186,0.6963838939248856
0.5724900153330191,1.1037006201331998,1.0431770445068267,0.6963838939248856
0.5724900153330191,1.1037006201331998,0.8802386508996273,0.6963838939248856
0.5724900153330191,1.1037006201331998,0.9081419055398497,0.6963838939248856
0.5724900153330191,1.1037006201331998,0.9236890704429548,0.6963838939248856
0.5724900153330191,1.1037006201331998,0.8621726969079893,0.6963838939248856
0.47310345741274173,1.1037006201331998,0.9487625909747585,0.6963838939248856
0.47310345741274173,1.1037006201331998,1.240671581675978,0.6963838939248856
0.47310345741274173,1.1058848224667348,1.1525429950848616,0.6963838939248856
0.47310345741274173,1.1058848224667348,1.2508108189678677,0.6963838939248856
0.47310345741274173,1.1058848224667348,1.0932610790064776,0.6963838939248856
0.47310345741274173,1.1058848224667348,0.9077267598105209,0.6963838939248856
0.47310345741274173,1.1058848224667348,1.154912319980692,0.6963838939248856
0.47310345741274173,1.1058848224667348,1.0237535799864128,0.6963838939248856
0.47310345741274173,1.1058848224667348,1.0754190299772357,0.6963838939248856
0.47310345741274173,1.1058848224667348,1.1450531651719575,0.6963838939248856
0.47310345741274173,1.1058848224667348,1.068261899897418,0.6963838939248856
0.47310345741274173,1.1058848224667348,1.1850003715147408,0.6963838939248856
0.47310345741274173,1.1058848224667348,1.061696408422001,0.6963838939248856
0.47310345741274173,1.1058848224667348,1.3254494737456521,0.6963838939248856
0.47310345741274173,1.1058848224667348,0.8698936006843441,0.6963838939248856
0.47310345741274173,1.1058848224667348,1.0936001966416415,0.6963838939248856
0.47310345741274173,1.1058848224667348,0.8962323664062751,0.6963838939248856
0.47310345741274173,1.1058848224667348,1.0417964954073127,0.6963838939248856
0.4389657185469467,1.1058848224667348,1.3042018828164137,0.6963838939248856
0.4389657185469467,1.1058848224667348,1.5897121122122937,0.6963838939248856
0.4389657185469467,1.1058848224667348,1.1946538331091283,0.6963838939248856
0.4389657185469467,1.1058848224667348,0.9724900023050526,0.6963838939248856
0.4389657185469467,1.1058848224667348,1.2971968429802396,0.6963838939248856
0.4389657185469467,1.1058848224667348,1.2015935310188854,0.6963838939248856
0.4389657185469467,1.1058848224667348,1.0310061075426038,0.6963838939248856
0.4389657185469467,1.1058848224667348,1.0326921148552537,0.6963838939248856
0.4389657185469467,1.1058848224667348,1.424887990026669,0.6963838939248856
0.4389657185469467,1.1058848224667348,1.144806850729163,0.6963838939248856
0.4389657185469467,1.1484100267561177,1.1306501146810357,0.6963838939248856
0.4389657185469467,1.1484100267561177,1.03700865146128,0.6963838939248856
0.4389657185469467,1.1484100267561177,0.9992167839344788,0.6963838939248856
0.4389657185469467,1.1484100267561177,0.9965356356113779,0.6963838939248856
0.4389657185469467,1.1484100267561177,1.0650991639093437,0.6963838939248856
0.4389657185469467,1.1484100267561177,1.0701744144192047,0.6963838939248856
0.4389657185469467,1.1484100267561177,0.9282430982415937,0.6963838939248856
0.4389657185469467,1.1484100267561177,1.060671685859797,0.6963838939248856
0.4389657185469467,1.1484100267561177,1.1459278654621312,0.6963838939248856
0.4389657185469467,1.1484100267561177,0.9654676727696943,0.6963838939248856
0.4389657185469467,1.1484100267561177,0.8296425552339362,0.6963838939248856
0.4389657185469467,1.1484100267561177,0.8813368752259498,0.6963838939248856
0.4389657185469467,1.0956127716176656,1.0632663081232816,0.6963838939248856
0.4389657185469467,1.0956127716176656,1.3084927680131413,0.6963838939248856
0.4389657185469467,1.0956127716176656,1.4043184236065698,0.6963838939248856
0.4389657185469467,1.0956127716176656,1.1936092515966412,0.6963838939248856
0.4389657185469467,1.1281703456606977,1.1335003034149234,0.6963838939248856
0.4389657185469467,1.1281703456606977,1.07726062832035,0.6963838939248856
0.4389657185469467,1.1282089720901725,1.331821525970981,0.6963838939248856
0.4389657185469467,1.1282089720901725,1.1856317459674055,0.6963838939248856
0.4389657185469467,1.1282089720901725,1.0609611427627244,0.6963838939248856
0.4389657185469467,1.1282089720901725,1.0203552667167752,0.6963838939248856
0.4389657185469467,1.1282089720901725,0.9283596494085647,0.6963838939248856
0.4389657185469467,1.1282089720901725,1.0244794771607693,0.6963838939248856
0.4389657185469467,1.1282089720901725,1.09783539381453,0.6963838939248856
0.4389657185469467,1.1282089720901725,1.0438279288611834,0.6963838939248856
0.4389657185469467,1.1282089720901725,1.256982938947829,0.6963838939248856
0.4389657185469467,1.1282089720901725,1.0596422547836812,0.6963838939248856
0.4389657185469467,1.1282089720901725,1.0606871570250143,0.6963838939248856
0.4389657185469467,1.1282089720901725,1.1806015555370708,0.6963838939248856
0.4389657185469467,1.1282089720901725,1.028066997700654,0.6963838939248856
0.4389657185469467,1.1282089720901725,1.2609519801991855,0.6963838939248856
0.4389657185469467,1.1282089720901725,0.9512490773951535,0.6963838939248856
0.4389657185469467,1.1282089720901725,1.0951158905954295,0.6963838939248856
0.4389657185469467,1.1282089720901725,1.2502605830621962,0.6963838939248856
0.4389657185469467,1.1282089720901725,1.0007070081713272,0.6963838939248856
0.4389657185469467,1.1282089720901725,1.3845885357550918,0.6963838939248856
0.4389657185469467,1.1282089720901725,1.044834838503265,0.6963838939248856
0.4389657185469467,1.1282089720901725,1.0910662041712091,0.6963838939248856
0.4389657185469467,1.1282089720901725,1.0463994452829641,0.6963838939248856
0.4389657185469467,1.1282089720901725,1.0490350141716773,0.6963838939248856
0.4389657185469467,1.1282089720901725,1.1765476278067797,0.6963838939248856
0.4389657185469467,1.1282089720901725,1.0697089537895128,0.6963838939248856
0.4389657185469467,1.1282089720901725,0.9958061680134691,0.6963838939248856
0.4389657185469467,1.1282089720901725,1.1084805939821991,0.6963838939248856
0.4389657185469467,1.1282089720901725,1.2636413958859367,0.6963838939248856
0.4389657185469467,1.1282089720901725,1.0604113255576577,0.6963838939248856
0.4389657185469467,1.1282089720901725,1.0775682314446702,0.6963838939248856
0.4389657185469467,1.1282089720901725,1.0655878013763236,0.6963838939248856
0.4389657185469467,1.1282089720901725,1.1722391772313046,0.6963838939248856
0.4389657185469467,1.1282089720901725,0.993997246366949,0.6963838939248856
0.4389657185469467,1.1282089720901725,0.9725763006835759,0.6963838939248856
0.4389657185469467,1.147725443049809,1.0238058321601136,0.6963838939248856
0.4389657185469467,1.147725443049809,1.0639435090521583,0.6963838939248856
0.4389657185469467,1.147725443049809,1.0498339062294915,0.6963838939248856
0.4389657185469467,1.147725443049809,1.0458739512434818,0.6963838939248856
0.4389657185469467,1.147725443049809,0.9573375399879734,0.6963838939248856
0.4389657185469467,1.147725443049809,1.1085913840973258,0.6963838939248856
0.4389657185469467,1.147725443049809,0.8426799583595782,0.6963838939248856
0.4389657185469467,1.147725443049809,1.0811934385020134,0.6963838939248856
0.4389657185469467,1.147725443049809,1.056721995259717,0.6963838939248856
0.4389657185469467,1.147725443049809,1.0325136967860213,0.6963838939248856
0.4389657185469467,1.147725443049809,1.0436849087749327,0.6963838939248856
0.4389657185469467,1.147725443049809,0.977354161798127,0.6963838939248856
0.4389657185469467,1.147725443049809,1.0850477043834554,0.6963838939248856
0.4389657185469467,1.147725443049809,0.8789261901892662,0.6963838939248856
0.4389657185469467,1.147725443049809,0.9605303555398049,0.6963838939248856
0.4389657185469467,1.147725443049809,1.0210477564193403,0.6963838939248856
0.4389657185469467,1.147725443049809,0.9784560024715181,0.6963838939248856
0.4389657185469467,1.147725443049809,1.003893723546054,0.6963838939248856
0.4389657185469467,1.147725443049809,1.164485183129077,0.6963838939248856
0.4389657185469467,1.147725443049809,1.1127595010176219,0.6963838939248856
0.4389657185469467,1.147725443049809,0.9019076915186934,0.6963838939248856
0.4389657185469467,1.147725443049809,1.1069400316963254,0.6963838939248856
0.4389657185469467,1.147725443049809,0.9683021295940506,0.6963838939248856
0.4389657185469467,1.147725443049809,1.1323020088093507,0.6963838939248856
0.4389657185469467,1.147725443049809,0.9206920909552375,0.6963838939248856
0.4389657185469467,1.147725443049809,1.0496761197163775,0.6963838939248856
0.4389657185469467,1.147725443049809,1.0552521032125135,0.6963838939248856
0.4389657185469467,1.147725443049809,0.8882447054921431,0.6963838939248856
0.4389657185469467,1.147725443049809,0.9891026844693424,0.6963838939248856
0.4389657185469467,1.147725443049809,0.9259808659969131,0.6963838939248856
0.4389657185469467,1.147725443049809,1.147140446483724,0.6963838939248856
0.4389657185469467,1.147725443049809,1.0619444731347414,0.6963838939248856
0.4389657185469467,1.147725443049809,1.0409214646594303,0.6963838939248856
0.4389657185469467,1.147725443049809,1.039657774731839,0.6963838939248856
0.4389657185469467,1.147725443049809,1.008090106194961,0.6963838939248856
0.4389657185469467,1.147725443049809,1.0922622869543965,0.6963838939248856
0.4389657185469467,1.147725443049809,0.9264517848860088,0.6963838939248856
0.4389657185469467,1.147725443049809,1.0681084690143563,0.6963838939248856
0.4389657185469467,1.147725443049809,0.8215924359906344,0.6963838939248856
0.4389657185469467,1.147725443049809,1.012772712285645,0.6963838939248856
0.4389657185469467,1.147725443049809,1.1131705797408986,0.6963838939248856
0.4389657185469467,1.147725443049809,1.0270424656896282,0.6963838939248856
0.4389657185469467,1.147725443049809,1.0443430488235872,0.6963838939248856
0.4389657185469467,1.147725443049809,1.1466430868097772,0.6963838939248856
0.4389657185469467,1.147725443049809,1.0579743297027144,0.6963838939248856
0.4389657185469467,1.147725443049809,0.9573006067504507,0.6963838939248856
0.4389657185469467,1.147725443049809,0.9532582758350848,0.6963838939248856
0.4389657185469467,1.147725443049809,0.9406808105916751,0.6963838939248856
0.4389657185469467,1.147725443049809,0.8802637277982346,0.6963838939248856
0.4389657185469467,1.1085977212759663,1.1889361179692666,0.6963838939248856
0.4389657185469467,1.1085977212759663,1.3620604909319096,0.6963838939248856
0.4389657185469467,1.1085977212759663,1.4448116069509078,0.6963838939248856
0.4389657185469467,1.1085977212759663,1.2515174600571026,0.6963838939248856
0.4389657185469467,1.1085977212759663,1.1834094209366623,0.6963838939248856
0.5226161523307159,1.1085977212759663,1.0494910709185872,0.6963838939248856
0.5226161523307159,1.1085977212759663,0.8289048677956881,0.6963838939248856
0.5226161523307159,1.1085977212759663,0.9545512090897166,0.6963838939248856
0.5226161523307159,1.1085977212759663,0.8956762294939086,0.6963838939248856
0.5226161523307159,1.1085977212759663,1.0460017280355567,0.6963838939248856
0.5226161523307159,1.1085977212759663,1.0941246575952754,0.6963838939248856
0.5226161523307159,1.1085977212759663,1.2278172250587323,0.6963838939248856
0.5226161523307159,1.1085977212759663,1.1851200037144198,0.6963838939248856
0.5226161523307159,1.1085977212759663,0.9819288321919522,0.6963838939248856
0.5226161523307159,1.1085977212759663,0.9334565421363361,0.6963838939248856
0.5226161523307159,1.1085977212759663,0.9321893942889002,0.6963838939248856
0.5226161523307159,1.1085977212759663,1.0111892613307483,0.6963838939248856
0.5226161523307159,1.1085977212759663,1.042328542969562,0.6963838939248856
0.5226161523307159,1.1085977212759663,1.0587282459774183,0.6963838939248856
0.4476203281245402,1.1085977212759663,1.111500851362489,0.6963838939248856
0.4476203281245402,1.113042226003247,1.1100292260736138,0.6963838939248856
0.4476203281245402,1.113042226003247,1.2583958993523856,0.6963838939248856
0.4476203281245402,1.113042226003247,1.1077222821336437,0.6963838939248856
0.4476203281245402,1.113042226003247,1.0200110975367167,0.6963838939248856
0.4476203281245402,1.113042226003247,1.1505033551962836,0.6963838939248856
0.4476203281245402,1.113042226003247,1.0788439177532771,0.6963838939248856
0.4476203281245402,1.113042226003247,1.07769081194128,0.6963838939248856
0.4476203281245402,1.113042226003247,1.1429231979151453,0.6963838939248856
0.4476203281245402,1.113042226003247,1.2487088088814238,0.6963838939248856
0.4476203281245402,1.113042226003247,1.1328840022920963,0.6963838939248856
0.4476203281245402,1.113042226003247,1.0977809334660715,0.6963838939248856
0.4476203281245402,1.113042226003247,1.2182868412164747,0.6963838939248856
0.4476203281245402,1.113042226003247,1.1323388552384894,0.6963838939248856
0.4476203281245402,1.125612863214182,1.0045452151164536,0.6963838939248856
0.4476203281245402,1.125612863214182,1.2134206414932167,0.6963838939248856
0.4476203281245402,1.125612863214182,0.9784698804497739,0.6963838939248856
0.4476203281245402,1.142736657019082,0.933563999718925,0.6963838939248856
0.4476203281245402,1.142736657019082,0.8906036653446445,0.6963838939248856
0.4476203281245402,1.142736657019082,1.0342267192968044,0.6963838939248856
0.4476203281245402,1.142736657019082,0.9715583637378865,0.6963838939248856
0.4476203281245402,1.142736657019082,1.1464314376077362,0.6963838939248856
0.4476203281245402,1.142736657019082,1.0606783670937987,0.6963838939248856
0.4476203281245402,1.142736657019082,1.103196957945007,0.6963838939248856
0.4476203281245402,1.142736657019082,0.8961445106319791,0.6963838939248856
0.4476203281245402,1.142736657019082,1.0894764619294854,0.6963838939248856
0.4476203281245402,1.142736657019082,0.9840939178890508,0.6963838939248856
0.4476203281245402,1.142736657019082,1.0005919027386565,0.6963838939248856
0.4476203281245402,1.142736657019082,1.244351923131708,0.6963838939248856
0.4476203281245402,1.142736657019082,0.8889387563235792,0.6963838939248856
0.4476203281245402,1.142736657019082,1.0131002342545463,0.6963838939248856
0.4476203281245402,1.142736657019082,0.8019265738670378,0.6963838939248856
0.4476203281245402,1.142736657019082,1.1127366178099938,0.6963838939248856
0.4476203281245402,1.142736657019082,0.9424695123974848,0.6963838939248856
0.4476203281245402,1.142736657019082,0.9651324662154673,0.6963838939248856
0.4476203281245402,1.142736657019082,0.9151915392090212,0.6963838939248856
0.4476203281245402,1.142736657019082,0.9339991187025304,0.6963838939248856
0.4476203281245402,1.142736657019082,1.1153879208553292,0.6963838939248856
0.4476203281245402,1.142736657019082,0.9294721107065214,0.6963838939248856
0.4476203281245402,1.148768366726882,1.0149276536183531,0.6963838939248856
0.4476203281245402,1.148768366726882,0.9180714042888384,0.6963838939248856
0.4476203281245402,1.148768366726882,1.0917253310989732,0.6963838939248856
0.4476203281245402,1.148768366726882,1.0430145408338347,0.6963838939248856
0.4476203281245402,1.148768366726882,1.0240617784758559,0.6963838939248856
0.4476203281245402,1.148768366726882,1.0524003193769844,0.6963838939248856
0.4476203281245402,1.148768366726882,1.0409470405425978,0.6963838939248856
0.4476203281245402,1.148768366726882,1.3012061694867252,0.6963838939248856
0.4476203281245402,1.148768366726882,0.9359994366359371,0.6963838939248856
0.4476203281245402,1.1455560248757184,1.1562720360052952,0.6963838939248856
0.4476203281245402,1.1455560248757184,0.9733093812517983,0.6963838939248856
0.4476203281245402,1.1455560248757184,0.9542184890633175,0.6963838939248856
0.4476203281245402,1.1455560248757184,1.1839381641168476,0.6963838939248856
0.4476203281245402,1.1455560248757184,0.9931835232039277,0.6963838939248856
0.4476203281245402,1.1455560248757184,1.0125229503314666,0.6963838939248856
0.4476203281245402,1.1455560248757184,0.9035770147945997,0.6963838939248856
0.4476203281245402,1.1455560248757184,0.9510170041553893,0.6963838939248856
0.4476203281245402,1.1455560248757184,1.0731845912739983,0.6963838939248856
0.4476203281245402,1.1455560248757184,1.0769782095484097,0.6963838939248856
0.4476203281245402,1.1455560248757184,0.9986960984059413,0.6963838939248856
0.4476203281245402,1.1455560248757184,0.9419068605016563,0.6963838939248856
0.4476203281245402,1.1455560248757184,0.9871204702667341,0.6963838939248856
0.4476203281245402,1.1455560248757184,0.8968911622776982,0.6963838939248856
0.4476203281245402,1.1455560248757184,1.25762228896245,0.6963838939248856
0.4476203281245402,1.1455560248757184,1.0059729119425929,0.6963838939248856
0.4476203281245402,1.1455560248757184,1.1856561517448694,0.6963838939248856
0.4476203281245402,1.1455560248757184,0.9744523033161647,0.6963838939248856
0.4476203281245402,1.1455560248757184,0.9124892657771866,0.6963838939248856
0.4476203281245402,1.1455560248757184,0.9848627402713851,0.6963838939248856
0.4476203281245402,1.1455560248757184,1.225785292385583,0.6963838939248856
0.4476203281245402,1.1455560248757184,1.005785350963757,0.6963838939248856
0.4476203281245402,1.1455560248757184,1.1206730098081754,0.6963838939248856
0.4476203281245402,1.1455560248757184,1.1441513680229325,0.6963838939248856
0.4476203281245402,1.1455560248757184,1.030690920408231,0.6963838939248856
0.4476203281245402,1.1455560248757184,0.9205850220203122,0.6963838939248856
0.4476203281245402,1.1455560248757184,0.9881976788043887,0.6963838939248856
0.4136987186668376,1.0872618296344423,1.0190194401256716,0.6963838939248856
0.4136987186668376,1.0872618296344423,1.5087615547706839,0.6963838939248856
0.4136987186668376,1.0872618296344423,1.326674996912577,0.6963838939248856
0.4136987186668376,1.0872618296344423,1.3451294623985068,0.6963838939248856
0.4136987186668376,1.0872618296344423,1.3148698280603797,0.6963838939248856
0.4209108461255829,1.0872618296344423,1.4136569275469473,0.6963838939248856
0.4209108461255829,1.0872618296344423,1.342043875563345,0.6963838939248856
0.4209108461255829,1.0872618296344423,1.3987021474134778,0.6963838939248856
0.4209108461255829,1.0872618296344423,1.3230513405593525,0.6963838939248856
0.4209108461255829,1.0872618296344423,1.20816084784683,0.6963838939248856
0.4209108461255829,1.0872618296344423,1.4672713859519175,0.6963838939248856
0.4209108461255829,1.0872618296344423,1.3551762339621645,0.6963838939248856
0.4209108461255829,1.0872618296344423,1.2900768551171418,0.6963838939248856
0.4209108461255829,1.0872618296344423,1.223235695394676,0.6963838939248856
0.4209108461255829,1.0872618296344423,1.110218327391231,0.6963838939248856
0.4209108461255829,1.0872618296344423,1.3649459468622893,0.6963838939248856
0.4209108461255829,1.0872618296344423,1.228616049041824,0.6963838939248856
0.4209108461255829,1.0872618296344423,1.277919559810202,0.6963838939248856
0.4209108461255829,1.0872618296344423,1.0423399779100722,0.6963838939248856
0.4209108461255829,1.0872618296344423,1.2977144986923828,0.6963838939248856
0.4209108461255829,1.0872618296344423,1.2175214169924724,0.6963838939248856
0.5071486272190555,1.0872618296344423,1.1658164642805517,0.6963838939248856
0.5071486272190555,1.0872618296344423,1.2522384093046253,0.6963838939248856
0.5071486272190555,1.0872618296344423,1.1101965069808173,0.6963838939248856
0.5071486272190555,1.0872618296344423,1.0523859526539936,0.6963838939248856
0.5071486272190555,1.0872618296344423,0.9548721288227107,0.6963838939248856
0.5071486272190555,1.0872618296344423,1.360182653768065,0.6963838939248856
0.5071486272190555,1.0872618296344423,1.0098097131126014,0.6963838939248856
0.5071486272190555,1.0872618296344423,1.0853631171057936,0.6963838939248856
0.5071486272190555,1.0872618296344423,1.2378722749684057,0.6963838939248856
0.5071486272190555,1.0872618296344423,0.9813762365556453,0.6963838939248856
0.5071486272190555,1.0872618296344423,0.9735216626996259,0.6963838939248856
0.5071486272190555,1.0872618296344423,0.9642924202277708,0.6963838939248856
0.5071486272190555,1.0872618296344423,1.1910410228471584,0.6963838939248856
0.5071486272190555,1.0872618296344423,1.2431119815866305,0.6963838939248856
0.5071486272190555,1.0872618296344423,1.1302467783903851,0.6963838939248856
0.5071486272190555,1.0872618296344423,1.1356863015252103,0.6963838939248856
0.5071486272190555,1.0872618296344423,1.3574625356484127,0.6963838939248856
0.5071486272190555,1.0872618296344423,1.1005007772844762,0.6963838939248856
0.5071486272190555,1.0872618296344423,1.116630298820016,0.6963838939248856
0.5071486272190555,1.0872618296344423,0.9659394328052708,0.6963838939248856
0.5071486272190555,1.0872618296344423,1.2674944918474478,0.6963838939248856
0.5071486272190555,1.0872618296344423,1.1175726205296554,0.6963838939248856
0.5071486272190555,1.0872618296344423,1.08734264635187,0.6963838939248856
0.5071486272190555,1.0872618296344423,1.1924342899633291,0.6963838939248856
0.5071486272190555,1.0872618296344423,1.1047751573550189,0.6963838939248856
0.5071486272190555,1.0872618296344423,1.3545230538935475,0.6963838939248856
0.5071486272190555,1.0872618296344423,1.2208094894258237,0.6963838939248856
0.5071486272190555,1.0872618296344423,1.2112829476152487,0.6963838939248856
0.5071486272190555,1.0872618296344423,1.4741738415814813,0.6963838939248856
0.5071486272190555,1.0872618296344423,1.1354447354882848,0.6963838939248856
0.5071486272190555,1.0872618296344423,0.9813333030883326,0.6963838939248856
0.5071486272190555,1.0872618296344423,1.004044595342983,0.6963838939248856
0.5071486272190555,1.0872618296344423,1.2215081534266474,0.6963838939248856
0.5071486272190555,1.0872618296344423,1.113104197478981,0.6963838939248856
0.5071486272190555,1.0872618296344423,1.2748934503793852,0.6963838939248856
0.5071486272190555,1.0872618296344423,1.1076113985296,0.6963838939248856
0.5071486272190555,1.0872618296344423,1.0268836162128145,0.6963838939248856
0.5071486272190555,1.0872618296344423,1.368010848227412,0.6963838939248856
0.5071486272190555,1.0872618296344423,1.1082795258212947,0.6963838939248856
0.5071486272190555,1.0872618296344423,1.15275168465982,0.6963838939248856
0.5071486272190555,1.0872618296344423,1.0713104826740112,0.6963838939248856
0.5071486272190555,1.0872618296344423,0.905596106468763,0.6963838939248856
0.4121259286065372,1.0872618296344423,1.3661133001597319,0.6963838939248856
0.4121259286065372,1.0872618296344423,1.4855308241153633,0.6963838939248856
0.4121259286065372,1.1206036047673191,1.27621360491089,0.6963838939248856
0.4121259286065372,1.1206036047673191,1.2873453737839315,0.6963838939248856
0.4121259286065372,1.1206036047673191,1.0622255027220782,0.6963838939248856
0.4121259286065372,1.1206036047673191,1.0299713653124805,0.6963838939248856
0.4121259286065372,1.1206036047673191,1.4536490177412729,0.6963838939248856
0.4121259286065372,1.1206036047673191,1.2321378112820809,0.6963838939248856
0.4121259286065372,1.1206036047673191,0.9641795839185108,0.6963838939248856
0.4121259286065372,1.1206036047673191,1.2146936940687598,0.6963838939248856
0.4121259286065372,1.1206036047673191,1.0073897886120566,0.6963838939248856
0.4121259286065372,1.1206036047673191,1.4656222638157075,0.6963838939248856
0.4121259286065372,1.1206036047673191,1.1459318596982733,0.6963838939248856
0.4121259286065372,1.1206036047673191,1.2237688554907507,0.6963838939248856
0.4121259286065372,1.1206036047673191,1.108858945136234,0.6963838939248856
0.4121259286065372,1.1206036047673191,1.3843684191011394,0.6963838939248856
0.4121259286065372,1.1206036047673191,1.0875937817153836,0.6963838939248856
0.4121259286065372,1.1206036047673191,1.2950717482497947,0.6963838939248856
0.4121259286065372,1.1206036047673191,1.1466421381274692,0.6963838939248856
0.4121259286065372,1.1206036047673191,1.3440705329904885,0.6963838939248856
0.4121259286065372,1.1206036047673191,1.1859779069564274,0.6963838939248856
0.4121259286065372,1.1206036047673191,1.0617756653940191,0.6963838939248856
0.4121259286065372,1.1206036047673191,1.1915991114613915,0.6963838939248856
0.4121259286065372,1.1206036047673191,1.0797801230924322,0.6963838939248856
0.4121259286065372,1.1206036047673191,1.1148274838269723,0.6963838939248856
0.4121259286065372,1.1206036047673191,1.1014845568156135,0.6963838939248856
0.4121259286065372,1.1206036047673191,1.233156550050232,0.6963838939248856
0.4121259286065372,1.1206036047673191,1.077024571007015,0.6963838939248856
0.4121259286065372,1.1206036047673191,1.3518420298678824,0.6963838939248856
0.4121259286065372,1.1206036047673191,1.170967044921981,0.6963838939248856
0.4121259286065372,1.1424346086295347,1.0251418986401313,0.6963838939248856
0.4121259286065372,1.1424346086295347,1.0520602668433228,0.6963838939248856
0.4121259286065372,1.1424346086295347,0.9641519632205169,0.6963838939248856
0.4121259286065372,1.1424346086295347,1.1441596935202507,0.6963838939248856
0.4121259286065372,1.1424346086295347,1.1408725069060148,0.6963838939248856
0.4121259286065372,1.1424346086295347,1.1144484423177752,0.6963838939248856
0.4121259286065372,1.1424346086295347,1.1676136474653465,0.6963838939248856
0.4121259286065372,1.1424346086295347,1.0166403257802512,0.6963838939248856
0.4121259286065372,1.1424346086295347,1.1258769655015803,0.6963838939248856
0.4121259286065372,1.1424346086295347,1.1122708063171185,0.6963838939248856
0.4121259286065372,1.1424346086295347,1.0162316893163754,0.6963838939248856
0.4121259286065372,1.1424346086295347,1.3551123717564835,0.6963838939248856
0.4121259286065372,1.1424346086295347,1.1725971714714034,0.6963838939248856
0.4121259286065372,1.1424346086295347,1.1328245856029506,0.6963838939248856
0.4121259286065372,1.1424346086295347,0.9627471469995582,0.6963838939248856
0.4121259286065372,1.1424346086295347,1.057262504705936,0.6963838939248856
0.4121259286065372,1.1424346086295347,1.024264429419898,0.6963838939248856
0.4121259286065372,1.1424346086295347,1.1337731864785672,0.6963838939248856
0.4121259286065372,1.1424346086295347,1.0687760504856687,0.6963838939248856
0.4121259286065372,1.1424346086295347,1.2129428375053832,0.6963838939248856
0.4121259286065372,1.1424346086295347,1.0766962398105304,0.6963838939248856
0.4121259286065372,1.1424346086295347,1.1833452589873388,0.6963838939248856
0.4121259286065372,1.1424346086295347,1.042475461505416,0.6963838939248856
0.4121259286065372,1.1424346086295347,0.8911690847123273,0.6963838939248856
0.4121259286065372,1.1424346086295347,1.035865480536084,0.6963838939248856
0.4121259286065372,1.1424346086295347,1.1403666087732958,0.6963838939248856
0.4121259286065372,1.1424346086295347,1.1086333013685117,0.6963838939248856
0.4121259286065372,1.1424346086295347,1.0941307961886568,0.6963838939248856
0.4121259286065372,1.1424346086295347,1.0422391579771004,0.6963838939248856
0.4121259286065372,1.1424346086295347,1.0128515933605127,0.6963838939248856
0.4121259286065372,1.1424346086295347,1.0029194684165306,0.6963838939248856
0.4121259286065372,1.1424346086295347,1.0209428653394543,0.6963838939248856
0.4121259286065372,1.1424346086295347,1.1206723319059069,0.6963838939248856
0.4418972819749111,1.1424346086295347,1.0431453197172973,0.6963838939248856
0.4418972819749111,1.1424346086295347,1.0061917725909306,0.6963838939248856
0.4418972819749111,1.1424346086295347,0.9400319352296745,0.6963838939248856
0.4418972819749111,1.1424346086295347,0.9424881853578122,0.6963838939248856
0.4418972819749111,1.1424346086295347,1.0675169599281096,0.6963838939248856
0.4418972819749111,1.1424346086295347,0.9826004416089493,0.6963838939248856
0.4418972819749111,1.1424346086295347,0.9879338655394676,0.6963838939248856
0.4418972819749111,1.1424346086295347,0.9916631078030372,0.6963838939248856
0.4418972819749111,1.1424346086295347,1.1722995743185751,0.6963838939248856
0.4418972819749111,1.1424346086295347,0.9504686398341473,0.6963838939248856
0.4418972819749111,1.1424346086295347,0.8722225039793937,0.6963838939248856
0.4418972819749111,1.1424346086295347,1.0133862951951733,0.6963838939248856
0.4455676274693052,1.1424346086295347,0.9456446973570268,0.6963838939248856
0.4455676274693052,1.1424346086295347,1.027788870373485,0.6963838939248856
0.4455676274693052,1.1424346086295347,1.0709923243357062,0.6963838939248856
0.4455676274693052,1.1424346086295347,0.9503738327651554,0.6963838939248856
0.4455676274693052,1.1424346086295347,0.8814574157341657,0.6963838939248856
0.4455676274693052,1.1424346086295347,0.7677031157760738,0.6963838939248856
0.4455676274693052,1.1424346086295347,0.8672192262552635,0.6963838939248856
0.4455676274693052,1.1424346086295347,0.9900867379866506,0.6963838939248856
0.4455676274693052,1.1424346086295347,0.9670327647469772,0.6963838939248856
0.4455676274693052,1.1424346086295347,1.0757825987967653,0.6963838939248856
0.4455676274693052,1.1424346086295347,1.035873939181078,0.6963838939248856
0.4455676274693052,1.1424346086295347,0.9636694188978283,0.6963838939248856
0.4455676274693052,1.1424346086295347,1.0463078823433822,0.6963838939248856
0.4455676274693052,1.1424346086295347,1.1674948750940097,0.6963838939248856
0.4455676274693052,1.1424346086295347,1.1262550683667438,0.6963838939248856
0.4455676274693052,1.1424346086295347,1.014123149803266,0.6963838939248856
0.4455676274693052,1.1424346086295347,0.8630908341135106,0.6963838939248856
0.4455676274693052,1.1424346086295347,0.9928197698356073,0.6963838939248856
0.4455676274693052,1.1424346086295347,1.054150844091209,0.6963838939248856
0.4455676274693052,1.1424346086295347,1.0712057667253627,0.6963838939248856
0.4455676274693052,1.1424346086295347,1.107762680853621,0.6963838939248856
0.4455676274693052,1.1424346086295347,1.031223338474781,0.6963838939248856
0.4455676274693052,1.1424346086295347,1.110005768565309,0.6963838939248856
0.4455676274693052,1.1424346086295347,0.9129708854731539,0.6963838939248856
0.4455676274693052,1.1424346086295347,1.0898497190250118,0.6963838939248856
0.4455676274693052,1.1424346086295347,1.0254107206279268,0.6963838939248856
0.4455676274693052,1.1424346086295347,1.090145884407241,0.6963838939248856
0.49746577007482196,1.1424346086295347,0.9158722905052665,0.6963838939248856
0.49746577007482196,1.147138749922944,0.9602664927391047,0.6963838939248856
0.49746577007482196,1.147138749922944,0.8090007281852171,0.6963838939248856
0.49746577007482196,1.147138749922944,0.9833478162385567,0.6963838939248856
0.49746577007482196,1.147138749922944,0.9254784475805967,0.6963838939248856
0.49746577007482196,1.147138749922944,1.0430362745857522,0.6963838939248856
0.49746577007482196,1.147138749922944,0.9556340450733425,0.6963838939248856
0.49746577007482196,1.147138749922944,0.9129140425201868,0.6963838939248856
0.49746577007482196,1.147138749922944,0.8827787500206905,0.6963838939248856
0.49746577007482196,1.147138749922944,0.8433389380627659,0.6963838939248856
0.49746577007482196,1.147138749922944,0.8206736411764887,0.6963838939248856
0.49746577007482196,1.1309485306339109,0.919739720372056,0.6963838939248856
0.49746577007482196,1.1309485306339109,0.9432518295612694,0.6963838939248856
0.49746577007482196,1.1309485306339109,1.2051266619368297,0.6963838939248856
0.49746577007482196,1.1309485306339109,0.9746186173060277,0.6963838939248856
0.49746577007482196,1.1309485306339109,1.0522132591388844,0.6963838939248856
0.49746577007482196,1.1309485306339109,0.9175617026780679,0.6963838939248856
0.49746577007482196,1.1309485306339109,1.0542550338244172,0.6963838939248856
0.49746577007482196,1.1309485306339109,0.8559563847101964,0.6963838939248856
0.49746577007482196,1.1309485306339109,1.2022058165004343,0.6963838939248856
0.49746577007482196,1.1309485306339109,0.963686413219865,0.6963838939248856
0.49746577007482196,1.1309485306339109,0.9448100569020546,0.6963838939248856
0.49746577007482196,1.1309485306339109,0.9542013908646046,0.6963838939248856
0.49746577007482196,1.1309485306339109,0.9322463971039225,0.6963838939248856
0.49746577007482196,1.1309485306339109,0.8957576534635036,0.6963838939248856
0.49746577007482196,1.1309485306339109,0.8579100267233793,0.6963838939248856
0.49746577007482196,1.1309485306339109,0.934887133127874,0.6963838939248856
0.49746577007482196,1.1309485306339109,0.8010073538597438,0.6963838939248856
0.4463164029253076,1.1309485306339109,1.1946945225262913,0.6963838939248856
0.4463164029253076,1.1309485306339109,1.046245931652617,0.6963838939248856
0.4463164029253076,1.1309485306339109,1.1862330670280232,0.6963838939248856
0.4463164029253076,1.1309485306339109,0.887668324834202,0.6963838939248856
0.4463164029253076,1.1309485306339109,1.0067862449243545,0.6963838939248856
0.4463164029253076,1.1309485306339109,1.1092133547151062,0.6963838939248856
0.4463164029253076,1.1309485306339109,1.0576300638646514,0.6963838939248856
0.4463164029253076,1.1309485306339109,1.047682063044132,0.6963838939248856
0.4463164029253076,1.1309485306339109,1.0512390862384398,0.6963838939248856
0.4463164029253076,1.1309485306339109,0.966976412926404,0.6963838939248856
0.4463164029253076,1.1309485306339109,1.1892076196375774,0.6963838939248856
0.4463164029253076,1.1309485306339109,0.9079885836098316,0.6963838939248856
0.4463164029253076,1.1309485306339109,0.9362857186677792,0.6963838939248856
0.4463164029253076,1.1309485306339109,1.1369252423100498,0.6963838939248856
0.46130848749804687,1.1309485306339109,1.002302825244867,0.6963838939248856
0.46130848749804687,1.1309485306339109,0.9776069214861728,0.6963838939248856
0.46130848749804687,1.1309485306339109,1.2279001010300414,0.6963838939248856
0.46921488573649084,1.1309485306339109,0.9295025511287982,0.6963838939248856
0.46921488573649084,1.1309485306339109,0.9529248909855706,0.6963838939248856
0.46921488573649084,1.1309485306339109,0.9948762166140103,0.6963838939248856
0.46921488573649084,1.1309485306339109,1.0376002599201104,0.6963838939248856
0.46921488573649084,1.1309485306339109,1.234040638006669,0.6963838939248856
0.46921488573649084,1.1309485306339109,1.0043981052463598,0.6963838939248856
0.46921488573649084,1.1309485306339109,1.0644277343030728,0.6963838939248856
0.46921488573649084,1.119519739179869,0.9674766162199613,0.6963838939248856
0.46921488573649084,1.119519739179869,1.1864370772777448,0.6963838939248856
0.46921488573649084,1.119519739179869,1.1165158348041286,0.6963838939248856
0.46921488573649084,1.119519739179869,0.902501224485132,0.6963838939248856
0.46921488573649084,1.119519739179869,1.030078242249295,0.6963838939248856
0.46921488573649084,1.119519739179869,1.0826008792850015,0.6963838939248856
0.46921488573649084,1.119519739179869,1.1158169670154716,0.6963838939248856
0.46921488573649084,1.119519739179869,1.0222588026856843,0.6963838939248856
0.46921488573649084,1.119519739179869,1.0025317592718994,0.6963838939248856
0.46921488573649084,1.119519739179869,1.161977267336578,0.6963838939248856
0.46921488573649084,1.119519739179869,0.9762416834665477,0.6963838939248856
0.46921488573649084,1.119519739179869,1.0407158330656259,0.6963838939248856
0.46921488573649084,1.119519739179869,1.1384170788700783,0.6963838939248856
0.46921488573649084,1.119519739179869,1.0525654496000805,0.6963838939248856
0.46921488573649084,1.119519739179869,1.024210118793492,0.6963838939248856
0.46921488573649084,1.119519739179869,1.0934911894971595,0.6963838939248856
0.46921488573649084,1.119519739179869,1.1381451815875328,0.6963838939248856
0.46921488573649084,1.119519739179869,1.147814250185478,0.6963838939248856
0.46921488573649084,1.119519739179869,1.2789028334964552,0.6963838939248856
0.46921488573649084,1.119519739179869,0.9737843523894594,0.6963838939248856
0.46921488573649084,1.119519739179869,0.9738907371105882,0.6963838939248856
0.46921488573649084,1.119519739179869,1.336953239959496,0.6963838939248856
0.46921488573649084,1.119519739179869,1.0458727902698135,0.6963838939248856
0.49472738877026345,1.119519739179869,1.0001573383076412,0.6963838939248856
0.49472738877026345,1.119519739179869,1.001495693626809,0.6963838939248856
0.49472738877026345,1.119519739179869,0.8977095714358769,0.6963838939248856
0.49472738877026345,1.119519739179869,0.9638973386622532,0.6963838939248856
0.49472738877026345,1.119519739179869,0.9799393820942585,0.6963838939248856
0.49472738877026345,1.119519739179869,1.1177402674123191,0.6963838939248856
0.49472738877026345,1.119519739179869,1.083890363463707,0.6963838939248856
0.49472738877026345,1.0993497095912486,0.9452818253796512,0.6963838939248856
0.49472738877026345,1.0993497095912486,1.1308637289970367,0.6963838939248856
0.49472738877026345,1.0993497095912486,1.0786468596484249,0.6963838939248856
0.49472738877026345,1.0993497095912486,1.2850006296275844,0.6963838939248856
0.49472738877026345,1.0993497095912486,1.1345400941661499,0.6963838939248856
0.49472738877026345,1.0993497095912486,0.966687675528208,0.6963838939248856
0.49472738877026345,1.0993497095912486,1.1344002280122591,0.6963838939248856
0.49472738877026345,1.0993497095912486,0.9025204968133692,0.6963838939248856
0.49472738877026345,1.0993497095912486,1.0167943012301779,0.6963838939248856
0.446233570935153,1.0993497095912486,1.2172591551234169,0.6963838939248856
0.446233570935153,1.0993497095912486,1.135490437693556,0.6963838939248856
0.446233570935153,1.0993497095912486,1.3815468530638324,0.6963838939248856
0.446233570935153,1.0993497095912486,1.2140955292549438,0.6963838939248856
0.446233570935153,1.0993497095912486,1.0848570736356522,0.6963838939248856
0.446233570935153,1.0993497095912486,1.2795506695173238,0.6963838939248856
0.446233570935153,1.0993497095912486,1.1449497104657902,0.6963838939248856
0.446233570935153,1.0993497095912486,1.1917670850620854,0.6963838939248856
0.446233570935153,1.0993497095912486,1.1628236121616502,0.6963838939248856
0.446233570935153,1.0993497095912486,1.052947710637013,0.6963838939248856
0.446233570935153,1.0870322926169333,1.353156720238866,0.6963838939248856
0.446233570935153,1.0870322926169333,1.1038205225314113,0.6963838939248856
0.446233570935153,1.0870322926169333,1.1607719119006796,0.6963838939248856
0.446233570935153,1.0870322926169333,1.1305699156334807,0.6963838939248856
0.446233570935153,1.0870322926169333,1.407935423900908,0.6963838939248856
0.446233570935153,1.0870322926169333,1.3635098677290762,0.6963838939248856
0.446233570935153,1.0870322926169333,1.2963690951007434,0.6963838939248856
0.446233570935153,1.0870322926169333,1.4327366746254702,0.6963838939248856
0.446233570935153,1.0870322926169333,1.354771373554803,0.6963838939248856
0.446233570935153,1.0870322926169333,1.3501986824490748,0.6963838939248856
0.446233570935153,1.0870322926169333,1.190521369342641,0.6963838939248856
0.446233570935153,1.0870322926169333,1.2388783471083555,0.6963838939248856
0.446233570935153,1.0870322926169333,1.3139569500132722,0.6963838939248856
0.446233570935153,1.0870322926169333,1.408799942783542,0.6963838939248856
0.446233570935153,1.0870322926169333,1.2877696032182966,0.6963838939248856
0.446233570935153,1.0870322926169333,1.1282519866019278,0.6963838939248856
0.446233570935153,1.0870322926169333,1.110943619940787,0.6963838939248856
0.446233570935153,1.0870322926169333,1.127095396314666,0.6963838939248856
0.446233570935153,1.0870322926169333,1.3101712349253427,0.6963838939248856
0.446233570935153,1.0870322926169333,1.2296843246022238,0.6963838939248856
0.446233570935153,1.0870322926169333,1.1816553755389223,0.6963838939248856
0.446233570935153,1.0870322926169333,1.1999505787867983,0.6963838939248856
0.446233570935153,1.0870322926169333,1.18309533419433,0.6963838939248856
0.446233570935153,1.0870322926169333,1.3269507757052075,0.6963838939248856
0.446233570935153,1.0870322926169333,1.2804518601647694,0.6963838939248856
0.446233570935153,1.0870322926169333,1.4316426259901034,0.6963838939248856
0.446233570935153,1.0830914864134926,1.4564661159253884,0.6963838939248856
0.446233570935153,1.0830914864134926,1.5274772816624578,0.6963838939248856
0.446233570935153,1.0830914864134926,1.303861204349817,0.6963838939248856
0.446233570935153,1.153115067849243,1.0999188613152706,0.6963838939248856
0.446233570935153,1.153115067849243,0.9612027673238911,0.6963838939248856
0.446233570935153,1.153115067849243,0.8637070019545469,0.6963838939248856
0.446233570935153,1.153115067849243,1.072224318562352,0.6963838939248856
0.446233570935153,1.153115067849243,0.8113840804954313,0.6963838939248856
0.446233570935153,1.153115067849243,0.9965528390292169,0.6963838939248856
0.446233570935153,1.153115067849243,0.9384668639335025,0.6963838939248856
0.446233570935153,1.153115067849243,1.0193341822173398,0.6963838939248856
0.446233570935153,1.153115067849243,0.8787206911357106,0.6963838939248856
0.446233570935153,1.153115067849243,1.0347855210073444,0.6963838939248856
0.446233570935153,1.1212743322743597,1.0104990058365777,0.6963838939248856
0.446233570935153,1.1212743322743597,1.243058819425108,0.6963838939248856
0.446233570935153,1.1212743322743597,1.0032950356937607,0.6963838939248856
0.446233570935153,1.1212743322743597,1.0138065133008503,0.6963838939248856
0.446233570935153,1.1212743322743597,1.0370245572122818,0.6963838939248856
0.446233570935153,1.1212743322743597,0.9570754546725346,0.6963838939248856
0.446233570935153,1.1212743322743597,1.0338000290160203,0.6963838939248856
0.446233570935153,1.1212743322743597,1.191160444745756,0.6963838939248856
0.446233570935153,1.1212743322743597,1.3012608229255105,0.6963838939248856
0.446233570935153,1.1212743322743597,1.3115848713960603,0.6963838939248856
0.446233570935153,1.1212743322743597,1.1930297648310373,0.6963838939248856
0.446233570935153,1.1212743322743597,1.2094996218126162,0.6963838939248856
0.446233570935153,1.1212743322743597,1.0290558058086436,0.6963838939248856
0.446233570935153,1.1212743322743597,1.150061341782515,0.6963838939248856
0.446233570935153,1.1212743322743597,1.0708928945112541,0.6963838939248856
0.446233570935153,1.1212743322743597,1.206528320744489,0.6963838939248856
0.446233570935153,1.1212743322743597,1.1305705460340736,0.6963838939248856
0.446233570935153,1.1212743322743597,0.9782505453835536,0.6963838939248856
0.446233570935153,1.1212743322743597,1.074311266306569,0.6963838939248856
0.446233570935153,1.1212743322743597,1.1830416692526302,0.6963838939248856
0.446233570935153,1.1212743322743597,1.1149836295644375,0.6963838939248856
0.446233570935153,1.1212743322743597,1.1075487764667644,0.6963838939248856
0.446233570935153,1.1212743322743597,1.1474964021135854,0.6963838939248856
0.446233570935153,1.1212743322743597,1.0425545299771615,0.6963838939248856
0.446233570935153,1.1212743322743597,1.0438796009583373,0.6963838939248856
0.446233570935153,1.1212743322743597,1.205403960016268,0.6963838939248856
0.446233570935153,1.1212743322743597,1.1712642696066768,0.6963838939248856
0.446233570935153,1.1212743322743597,1.2355807505346754,0.6963838939248856
0.446233570935153,1.1212743322743597,1.079268035504235,0.6963838939248856
0.446233570935153,1.1212743322743597,1.0349167789702751,0.6963838939248856
0.446233570935153,1.1212743322743597,1.0914426208689385,0.6963838939248856
0.446233570935153,1.1212743322743597,1.1171536633478882,0.6963838939248856
0.446233570935153,1.1212743322743597,1.2616582743663152,0.6963838939248856
0.446233570935153,1.1212743322743597,1.1912940131888181,0.6963838939248856
0.446233570935153,1.1212743322743597,0.9633028973301258,0.6963838939248856
0.446233570935153,1.1212743322743597,1.1697465932377191,0.6963838939248856
0.446233570935153,1.1212743322743597,1.1883808011858426,0.6963838939248856
0.446233570935153,1.1212743322743597,1.3728849125842446,0.6963838939248856
0.446233570935153,1.1212743322743597,1.1622693887265834,0.6963838939248856
0.446233570935153,1.1212743322743597,1.2306061908020953,0.6963838939248856
0.446233570935153,1.1212743322743597,1.0437468252789255,0.6963838939248856
0.446233570935153,1.1212743322743597,1.1017300597338096,0.6963838939248856
0.446233570935153,1.1212743322743597,0.9901572188564309,0.6963838939248856
0.446233570935153,1.1212743322743597,1.028903988512729,0.6963838939248856
0.446233570935153,1.1212743322743597,1.158315476385616,0.6963838939248856
0.446233570935153,1.1212743322743597,1.076139013880768,0.6963838939248856
0.446233570935153,1.1212743322743597,0.9293331035077286,0.6963838939248856
0.446233570935153,1.1212743322743597,1.1782568962139548,0.6963838939248856
0.446233570935153,1.1212743322743597,0.9664563697274653,0.6963838939248856
0.446233570935153,1.1212743322743597,1.098220325759073,0.6963838939248856
0.446233570935153,1.1212743322743597,1.072331663345789,0.6963838939248856
0.446233570935153,1.1212743322743597,1.3466920683048218,0.6963838939248856
0.446233570935153,1.1212743322743597,0.9223472581554824,0.6963838939248856
0.446233570935153,1.1212743322743597,1.0375728850756767,0.6963838939248856
0.446233570935153,1.1212743322743597,1.0835530807320293,0.6963838939248856
0.446233570935153,1.1212743322743597,1.0875917022766497,0.6963838939248856
0.446233570935153,1.1212743322743597,1.282972321777298,0.6963838939248856
0.38341303044909236,1.1212743322743597,1.145699000192333,0.6963838939248856
0.38341303044909236,1.1212743322743597,1.2422983294959868,0.6963838939248856
0.38341303044909236,1.1212743322743597,1.211895913859508,0.6963838939248856
0.38341303044909236,1.1212743322743597,1.1015255900927987,0.6963838939248856
0.38341303044909236,1.1212743322743597,1.559260302768823,0.6963838939248856
0.5115409205445813,1.1212743322743597,1.1718431244141867,0.6963838939248856
0.5115409205445813,1.1212743322743597,0.9896822236542868,0.6963838939248856
0.5115409205445813,1.1212743322743597,1.1574759133186854,0.6963838939248856
0.5115409205445813,1.1212743322743597,0.9088187455923098,0.6963838939248856
0.5115409205445813,1.1212743322743597,1.1146221636589007,0.6963838939248856
0.5115409205445813,1.1212743322743597,0.8300642146325523,0.6963838939248856
0.5115409205445813,1.1212743322743597,0.9300361346951993,0.6963838939248856
0.4803064718731128,1.1212743322743597,0.9467518170102202,0.6963838939248856
0.4803064718731128,1.1212743322743597,0.9778165776000428,0.6963838939248856
0.4803064718731128,1.1212743322743597,0.9853633195457977,0.6963838939248856
0.4803064718731128,1.1212743322743597,1.0057554498924632,0.6963838939248856
0.4803064718731128,1.1212743322743597,1.0741278126576324,0.6963838939248856
0.4803064718731128,1.1212743322743597,1.0780585137904408,0.6963838939248856
0.4803064718731128,1.1212743322743597,0.8940403465409873,0.6963838939248856
0.4803064718731128,1.1212743322743597,0.8820049148514604,0.6963838939248856
0.4803064718731128,1.1212743322743597,1.0777815046124735,0.6996429347958733
0.4803064718731128,1.1212743322743597,1.0140150210518069,0.6996429347958733
0.4803064718731128,1.1212743322743597,0.9853712111997708,0.6996429347958733
0.4803064718731128,1.1212743322743597,1.007093015665161,0.6996429347958733
0.4803064718731128,1.1212743322743597,1.0597205993759187,0.6996429347958733
0.4803064718731128,1.1212743322743597,1.275359434502857,0.6996429347958733
0.45160210971004616,1.1212743322743597,0.9371429532793609,0.6996429347958733
0.45160210971004616,1.1212743322743597,0.9483984333092487,0.6996429347958733
0.45160210971004616,1.1212743322743597,1.5111393746563146,0.6996429347958733
0.45160210971004616,1.1212743322743597,1.1489425135382982,0.6996429347958733
0.45160210971004616,1.1212743322743597,1.1795662759692631,0.6996429347958733
0.45160210971004616,1.1212743322743597,1.1213149895202401,0.6996429347958733
0.45160210971004616,1.1212743322743597,1.0624124817017182,0.6996429347958733
0.45160210971004616,1.1212743322743597,1.0603978887821914,0.6996429347958733
0.45160210971004616,1.1212743322743597,0.9347698764036229,0.6996429347958733
0.45160210971004616,1.1212743322743597,1.2012355133017572,0.6996429347958733
0.512167927013499,1.1212743322743597,0.9782256951783048,0.6996429347958733
0.512167927013499,1.1212743322743597,0.986505925997779,0.6996429347958733
0.512167927013499,1.1212743322743597,1.042400342083223,0.6996429347958733
0.512167927013499,1.1212743322743597,0.896840999980246,0.6996429347958733
0.512167927013499,1.1212743322743597,1.0531859032598385,0.6996429347958733
0.512167927013499,1.1212743322743597,0.7962853953858138,0.6996429347958733
0.512167927013499,1.1212743322743597,0.9376984707893835,0.6996429347958733
0.512167927013499,1.1212743322743597,0.9933818393007104,0.6996429347958733
0.512167927013499,1.1212743322743597,0.9774751840780957,0.6996429347958733
0.512167927013499,1.1212743322743597,1.1795078138396196,0.6996429347958733
0.512167927013499,1.1212743322743597,0.9639978141720027,0.6996429347958733
0.512167927013499,1.1212743322743597,0.8645696679766642,0.6996429347958733
0.512167927013499,1.1212743322743597,1.0092639833141424,0.6996429347958733
0.512167927013499,1.1212743322743597,0.872465912373467,0.6996429347958733
0.512167927013499,1.1212743322743597,0.9604147399326488,0.6996429347958733
0.512167927013499,1.1212743322743597,1.0100394988312724,0.6996429347958733
0.512167927013499,1.1212743322743597,1.0758465495059946,0.6996429347958733
0.512167927013499,1.1212743322743597,0.9398008932054467,0.6996429347958733
0.512167927013499,1.1212743322743597,1.0289353549077973,0.6996429347958733
0.512167927013499,1.1212743322743597,0.8533487559889227,0.6996429347958733
0.512167927013499,1.1212743322743597,1.0457389180749146,0.6996429347958733
0.512167927013499,1.0799629099417143,0.9321308479667544,0.6996429347958733
0.512167927013499,1.0799629099417143,1.0100258092630392,0.6996429347958733
0.512167927013499,1.0799629099417143,1.0548033187615427,0.6996429347958733
0.512167927013499,1.0799629099417143,1.057677792650757,0.6996429347958733
0.512167927013499,1.0799629099417143,1.2261412701722636,0.6996429347958733
0.512167927013499,1.0847075559186183,0.9672966162330964,0.6996429347958733
0.512167927013499,1.0847075559186183,1.213369662868922,0.6996429347958733
0.512167927013499,1.0847075559186183,1.1347114067631254,0.6996429347958733
0.512167927013499,1.0847075559186183,1.0063338964554591,0.6996429347958733
0.512167927013499,1.0847075559186183,0.9323368083577802,0.6996429347958733
0.512167927013499,1.0847075559186183,1.1430530502869192,0.6996429347958733
0.512167927013499,1.0847075559186183,1.1734827572651028,0.6996429347958733
0.512167927013499,1.0847075559186183,1.1042251433025834,0.6996429347958733
0.512167927013499,1.0847075559186183,1.1774032982053237,0.6996429347958733
0.512167927013499,1.0847075559186183,1.0809514407040264,0.6996429347958733
0.512167927013499,1.0847075559186183,1.022753142048891,0.6996429347958733
0.512167927013499,1.0847075559186183,1.1333390598924062,0.6996429347958733
0.512167927013499,1.0847075559186183,1.3076735952372631,0.6996429347958733
0.512167927013499,1.0940364654383088,1.0820444844391066,0.6996429347958733
0.512167927013499,1.0940364654383088,1.1655044492018338,0.6996429347958733
0.512167927013499,1.0940364654383088,1.0581558916567209,0.6996429347958733
0.512167927013499,1.0940364654383088,1.331346528150342,0.6996429347958733
0.512167927013499,1.0940364654383088,1.0385363134108077,0.6996429347958733
0.512167927013499,1.0940364654383088,0.8996311759211347,0.6996429347958733
0.512167927013499,1.0940364654383088,1.1160718626278878,0.6996429347958733
0.512167927013499,1.0940364654383088,1.1564858028824616,0.6996429347958733
0.512167927013499,1.0940364654383088,1.0708617523370205,0.6996429347958733
0.512167927013499,1.0940364654383088,0.9411616651934042,0.6996429347958733
0.512167927013499,1.0940364654383088,1.1138398097985684,0.6996429347958733
0.512167927013499,1.0940364654383088,1.106113264340189,0.6996429347958733
0.512167927013499,1.0940364654383088,1.1165470178207912,0.6996429347958733
0.512167927013499,1.0940364654383088,1.0594171115908684,0.6996429347958733
0.512167927013499,1.0940364654383088,1.3099835472606796,0.6996429347958733
0.512167927013499,1.0940364654383088,0.9304856930204054,0.6996429347958733
0.512167927013499,1.0940364654383088,1.0222887061568113,0.6996429347958733
0.512167927013499,1.0940364654383088,1.1215310355270296,0.6996429347958733
0.4835711477820663,1.0940364654383088,0.9743870679448486,0.6996429347958733
0.4835711477820663,1.0940364654383088,1.2720631477097868,0.6996429347958733
0.4835711477820663,1.0940364654383088,1.334194752531872,0.6996429347958733
0.4835711477820663,1.0940364654383088,1.1032447831885572,0.6996429347958733
0.4835711477820663,1.0940364654383088,1.0538363446832724,0.6996429347958733
0.4835711477820663,1.0940364654383088,1.0507006544420476,0.6996429347958733
0.4835711477820663,1.0940364654383088,1.267453961068547,0.6996429347958733
0.4835711477820663,1.0940364654383088,1.0986282884936125,0.6996429347958733
0.4835711477820663,1.0940364654383088,1.3203753198402706,0.6996429347958733
0.4835711477820663,1.0940364654383088,1.458484093326517,0.6996429347958733
0.4835711477820663,1.0940364654383088,1.2277171503132853,0.6996429347958733
0.4835711477820663,1.0940364654383088,1.1361654555166647,0.6996429347958733
0.4835711477820663,1.0940364654383088,1.0724740650683349,0.6996429347958733
0.4835711477820663,1.0940364654383088,1.1611548743295919,0.6996429347958733
0.4835711477820663,1.1445992616049399,0.9749749182006653,0.6996429347958733
0.4835711477820663,1.1445992616049399,0.9006206092018118,0.6996429347958733
0.4835711477820663,1.1445992616049399,1.0409821748631916,0.6996429347958733
0.4835711477820663,1.1445992616049399,0.9184241175727668,0.6996429347958733
0.4835711477820663,1.1445992616049399,0.9451931979657161,0.6996429347958733
0.4835711477820663,1.1445992616049399,0.9597898001369322,0.6996429347958733
0.4835711477820663,1.1445992616049399,0.8689816555180774,0.6996429347958733
0.4835711477820663,1.1445992616049399,0.9393173018756468,0.6996429347958733
0.4835711477820663,1.1445992616049399,0.9600728426864488,0.6996429347958733
0.4835711477820663,1.1445992616049399,1.0301726928492847,0.6996429347958733
0.4564381845985808,1.1445992616049399,1.0463944266524883,0.6996429347958733
0.4564381845985808,1.1445992616049399,0.9290355810396529,0.6996429347958733
0.4564381845985808,1.1445992616049399,1.0367981187900623,0.6996429347958733
0.4564381845985808,1.1445992616049399,0.9761388008553109,0.6996429347958733
0.4564381845985808,1.1445992616049399,1.0655520096638142,0.6996429347958733
0.4564381845985808,1.1445992616049399,0.974460873986743,0.6996429347958733
0.4564381845985808,1.1445992616049399,1.0299518222607174,0.6996429347958733
0.4564381845985808,1.1445992616049399,0.8677604327961953,0.6996429347958733
0.4564381845985808,1.1445992616049399,0.9289774139229556,0.6996429347958733
0.4564381845985808,1.1445992616049399,1.0499706581457153,0.698303349919301
0.4564381845985808,1.1445992616049399,1.0470926146882178,0.698303349919301
0.4564381845985808,1.1445992616049399,1.1886932323775339,0.698303349919301
0.4564381845985808,1.1445992616049399,0.837645316448321,0.698303349919301
0.4564381845985808,1.1836647870089199,0.7061880232800556,0.698303349919301
0.4564381845985808,1.142855884035162,0.836109110738453,0.698303349919301
0.4564381845985808,1.142855884035162,1.0131100376141635,0.698303349919301
0.4564381845985808,1.142855884035162,0.8852767296723945,0.698303349919301
0.4564381845985808,1.142855884035162,0.9332973381581184,0.698303349919301
0.4564381845985808,1.142855884035162,1.1532201736520886,0.698303349919301
0.4564381845985808,1.142855884035162,0.9865729226915322,0.698303349919301
0.4564381845985808,1.142855884035162,0.9107529867257937,0.698303349919301
0.4564381845985808,1.142855884035162,0.9458494493969769,0.698303349919301
0.4564381845985808,1.142855884035162,1.008391305691423,0.698303349919301
0.4564381845985808,1.142855884035162,0.944108615435499,0.698303349919301
0.4564381845985808,1.142855884035162,1.0032062470390648,0.698303349919301
0.4564381845985808,1.142855884035162,1.2216524602616012,0.698303349919301
0.4564381845985808,1.142855884035162,0.8836739017688507,0.698303349919301
0.4564381845985808,1.142855884035162,1.1876700097483828,0.698303349919301
0.4564381845985808,1.142855884035162,0.9989796849604432,0.698303349919301
0.4564381845985808,1.142855884035162,1.1083114312994666,0.698303349919301
0.4564381845985808,1.142855884035162,1.0024543817745786,0.698303349919301
0.4564381845985808,1.142855884035162,0.9002887566680964,0.698303349919301
0.4564381845985808,1.142855884035162,1.0255244171352431,0.698303349919301
0.4564381845985808,1.142855884035162,0.9416342488717422,0.698303349919301
0.4564381845985808,1.142855884035162,0.9157212480477442,0.698303349919301
0.4564381845985808,1.142855884035162,1.0242929782594554,0.698303349919301
0.4564381845985808,1.142855884035162,1.133832832341886,0.698303349919301
0.4564381845985808,1.142855884035162,0.9816450949802438,0.698303349919301
0.4564381845985808,1.142855884035162,1.0546274889201686,0.698303349919301
0.4564381845985808,1.142855884035162,0.9402144173168067,0.698303349919301
0.4564381845985808,1.142855884035162,1.045555799591857,0.698303349919301
0.4564381845985808,1.142855884035162,1.0308488346229665,0.698303349919301
0.4564381845985808,1.142855884035162,1.0735102783618486,0.698303349919301
0.4564381845985808,1.142855884035162,0.8335633029879594,0.698303349919301
0.4564381845985808,1.142855884035162,1.1383762512795172,0.698303349919301
0.4564381845985808,1.142855884035162,1.2571999885854284,0.698303349919301
0.4564381845985808,1.142855884035162,1.0409737590204762,0.698303349919301
0.4564381845985808,1.142855884035162,1.0906306907822185,0.698303349919301
0.4564381845985808,1.142855884035162,0.9718883267601366,0.698303349919301
0.4564381845985808,1.142855884035162,0.914717520181927,0.698303349919301
0.4564381845985808,1.1674106176714734,0.9557970129204508,0.698303349919301
0.4564381845985808,1.1674106176714734,0.8117180318876795,0.698303349919301
0.4564381845985808,1.1674106176714734,0.9925828309350424,0.698303349919301
0.4564381845985808,1.1674106176714734,0.7971303973572875,0.698303349919301
0.4564381845985808,1.1674106176714734,0.781529515995431,0.698303349919301
0.4564381845985808,1.1674106176714734,0.928158745576842,0.698303349919301
0.4564381845985808,1.1674106176714734,1.036840995927396,0.698303349919301
0.4564381845985808,1.1674106176714734,1.0002089776509226,0.698303349919301
0.4564381845985808,1.1674106176714734,0.8946390718617724,0.698303349919301
0.4564381845985808,1.1674106176714734,0.8556476499032867,0.698303349919301
0.4564381845985808,1.1674106176714734,1.06033890007623,0.698303349919301
0.4564381845985808,1.1674106176714734,0.7619889630007946,0.698303349919301
0.46776947242919,1.1674106176714734,0.772190370754523,0.698303349919301
0.46776947242919,1.1674106176714734,1.0074276176566488,0.698303349919301
0.46776947242919,1.1674106176714734,0.8389155697382541,0.698303349919301
0.46776947242919,1.1674106176714734,0.9307295023162759,0.698303349919301
0.46776947242919,1.1674106176714734,0.8670980976981496,0.698303349919301
0.46776947242919,1.1674106176714734,0.9259971963115647,0.698303349919301
0.46776947242919,1.1674106176714734,0.8902364663433664,0.698303349919301
0.46776947242919,1.1674106176714734,0.8739104504149989,0.698303349919301
0.46776947242919,1.1674106176714734,0.8172401966755058,0.698303349919301
0.46776947242919,1.1174618035030879,0.8776921942000472,0.698303349919301
0.46776947242919,1.1174618035030879,1.2357158114305895,0.698303349919301
0.46776947242919,1.1174618035030879,1.240750933643545,0.698303349919301
0.46776947242919,1.1174618035030879,1.079606826644789,0.698303349919301
0.46776947242919,1.1174618035030879,1.0061312350357903,0.698303349919301
0.46776947242919,1.1174618035030879,1.1172872430381333,0.698303349919301
0.46776947242919,1.1174618035030879,1.2596420648125144,0.698303349919301
0.46776947242919,1.1174618035030879,1.293730417694689,0.698303349919301
0.46776947242919,1.1174618035030879,1.229311207608653,0.698303349919301
0.46776947242919,1.1174618035030879,1.1656837163311282,0.698303349919301
0.46776947242919,1.1174618035030879,1.091564648654351,0.698303349919301
0.46776947242919,1.1174618035030879,1.166203405563188,0.698303349919301
0.46776947242919,1.1174618035030879,1.0298621551684184,0.698303349919301
0.46776947242919,1.1174618035030879,1.0383539013798606,0.698303349919301
0.46776947242919,1.1174618035030879,1.0070649864870205,0.698303349919301
0.46776947242919,1.1174618035030879,1.1001124620822906,0.698303349919301
0.46776947242919,1.1174618035030879,1.2114333720743966,0.698303349919301
0.46776947242919,1.1318295227029371,1.1422813237357767,0.698303349919301
0.46776947242919,1.1318295227029371,1.0057923500224122,0.698303349919301
0.46776947242919,1.1318295227029371,1.0103005784965566,0.698303349919301
0.46776947242919,1.1318295227029371,1.0279978537022816,0.698303349919301
0.5047619486653228,1.1318295227029371,0.9695794422072981,0.698303349919301
0.5047619486653228,1.1318295227029371,0.880976946918509,0.698303349919301
0.5047619486653228,1.1318295227029371,1.0353982195915234,0.698303349919301
0.5047619486653228,1.1420601530450318,0.8003232137460111,0.698303349919301
0.5047619486653228,1.1420601530450318,0.8182153707480292,0.698303349919301
0.5047619486653228,1.1420601530450318,0.8189460468012769,0.698303349919301
0.5047619486653228,1.1420601530450318,1.029783759009043,0.698303349919301
0.5047619486653228,1.1420601530450318,1.089119056661946,0.698303349919301
0.5047619486653228,1.1420601530450318,1.007200632501581,0.698303349919301
0.5047619486653228,1.1420601530450318,0.9367519730610452,0.698303349919301
0.5047619486653228,1.1420601530450318,0.9884447343196762,0.698303349919301
0.5047619486653228,1.1420601530450318,0.9741674416834188,0.698303349919301
0.5047619486653228,1.1420601530450318,0.9277284768691547,0.698303349919301
0.5047619486653228,1.1420601530450318,0.8783432214341662,0.698303349919301
0.5047619486653228,1.1420601530450318,0.862426453321357,0.698303349919301
0.5047619486653228,1.1420601530450318,0.9005428249126092,0.698303349919301
0.5047619486653228,1.1420601530450318,0.8417707766462036,0.698303349919301
0.5047619486653228,1.1420601530450318,0.880843841658069,0.698303349919301
0.5047619486653228,1.1420601530450318,0.8904715655650336,0.698303349919301
0.5047619486653228,1.1420601530450318,0.937567409531548,0.698303349919301
0.5047619486653228,1.1420601530450318,1.0136894430588599,0.698303349919301
0.5047619486653228,1.1420601530450318,0.8573529125367423,0.698303349919301
0.5047619486653228,1.1420601530450318,0.823532253691294,0.698303349919301
0.5047619486653228,1.1420601530450318,0.9369727756027331,0.698303349919301
0.5047619486653228,1.1420601530450318,0.8628362190672328,0.698303349919301
0.5047619486653228,1.1420601530450318,0.8078184081781554,0.698303349919301
0.489276604963468,1.1420601530450318,0.8216145522727007,0.698303349919301
0.489276604963468,1.1420601530450318,1.0251222114771272,0.698303349919301
0.489276604963468,1.1420601530450318,0.9573770165340396,0.698303349919301
0.489276604963468,1.1420601530450318,0.899573780923862,0.698303349919301
0.489276604963468,1.1420601530450318,1.0642719656200648,0.698303349919301
0.489276604963468,1.1420601530450318,0.9411633998828381,0.698303349919301
0.489276604963468,1.1420601530450318,1.0133913989843146,0.698303349919301
0.489276604963468,1.1420601530450318,0.9814609173055744,0.698303349919301
0.489276604963468,1.1420601530450318,0.8232905756385509,0.698303349919301
0.489276604963468,1.1420601530450318,0.7965246644583664,0.698303349919301
0.489276604963468,1.1420601530450318,0.9262542992882615,0.698303349919301
0.489276604963468,1.1420601530450318,0.8254336520527664,0.698303349919301
0.489276604963468,1.1420601530450318,0.9880356637629952,0.698303349919301
0.489276604963468,1.1420601530450318,1.010535938650219,0.698303349919301
0.489276604963468,1.1420601530450318,0.8518873515784655,0.698303349919301
0.489276604963468,1.1420601530450318,1.0642652763213036,0.698303349919301
0.489276604963468,1.125217226978122,1.0807575235915052,0.698303349919301
0.489276604963468,1.125217226978122,0.976434946631687,0.698303349919301
0.489276604963468,1.125217226978122,1.0644127207033278,0.698303349919301
0.489276604963468,1.125217226978122,0.9858595920552256,0.698303349919301
0.489276604963468,1.125217226978122,0.9304637367313883,0.698303349919301
0.489276604963468,1.125217226978122,0.828820521960766,0.698303349919301
0.489276604963468,1.125217226978122,1.1237033129469294,0.698303349919301
0.489276604963468,1.125217226978122,1.0821841634933875,0.698303349919301
0.489276604963468,1.125217226978122,1.0253260008933327,0.698303349919301
0.489276604963468,1.1224631277912684,0.9696039377839346,0.698303349919301
0.489276604963468,1.1224631277912684,1.0039887435245434,0.698303349919301
0.489276604963468,1.1224631277912684,0.9346124825054413,0.698303349919301
0.40280265652272235,1.1224631277912684,1.1842899153697977,0.698303349919301
0.40280265652272235,1.1224631277912684,1.4870611344589144,0.698303349919301
0.40280265652272235,1.1224631277912684,1.0531120608675093,0.698303349919301
0.40280265652272235,1.1224631277912684,1.0321855927828347,0.698303349919301
0.40280265652272235,1.1224631277912684,1.283808984891963,0.698303349919301
0.40280265652272235,1.1224631277912684,1.372907734241661,0.698303349919301
0.40280265652272235,1.1224631277912684,1.2613697915076085,0.698303349919301
0.40280265652272235,1.1224631277912684,1.1794332275932768,0.698303349919301
0.40280265652272235,1.1643240429668198,1.1567604349546636,0.698303349919301
0.40280265652272235,1.1643240429668198,0.9385021948102581,0.698303349919301
0.40280265652272235,1.1643240429668198,1.1089787493481889,0.698303349919301
0.40280265652272235,1.1643240429668198,0.979434733839944,0.698303349919301
0.40280265652272235,1.1643240429668198,1.0455022416814086,0.698303349919301
0.40280265652272235,1.1643240429668198,1.0317399182828642,0.698303349919301
0.40280265652272235,1.1643240429668198,1.0159348914591115,0.698303349919301
0.40280265652272235,1.1643240429668198,0.9731225108342523,0.698303349919301
0.40280265652272235,1.1643240429668198,1.1565609760635007,0.698303349919301
0.40280265652272235,1.1643240429668198,1.1375914318547502,0.698303349919301
0.40280265652272235,1.1643240429668198,1.1070060037853517,0.698303349919301
0.40280265652272235,1.1643240429668198,1.0298174541525136,0.698303349919301
0.40280265652272235,1.1643240429668198,0.9638875779236838,0.698303349919301
0.40280265652272235,1.1643240429668198,1.0766532350858888,0.698303349919301
0.40280265652272235,1.1643240429668198,0.9804115858164936,0.698303349919301
0.40280265652272235,1.1643240429668198,1.0080317743932008,0.698303349919301
0.40280265652272235,1.1643240429668198,1.0470977025413954,0.6996859032138412
0.40280265652272235,1.1643240429668198,0.9041755024031047,0.6996859032138412
0.34805746106958935,1.1643240429668198,1.1532924110351295,0.6996859032138412
0.34805746106958935,1.1643240429668198,1.0005343850195054,0.6996859032138412
0.34805746106958935,1.1643240429668198,1.3618674138397218,0.6996859032138412
0.34805746106958935,1.1643240429668198,1.261026213621626,0.6996859032138412
0.34805746106958935,1.1643240429668198,1.3040097912857502,0.6996859032138412
0.34805746106958935,1.1981216970038748,1.0404388607522168,0.6996859032138412
0.34805746106958935,1.1981216970038748,1.1404888099404726,0.6996859032138412
0.34805746106958935,1.1981216970038748,0.9566273550958542,0.6996859032138412
0.34805746106958935,1.1981216970038748,1.1033643648410616,0.6996859032138412
0.34805746106958935,1.1981216970038748,0.939172131153545,0.6996859032138412
0.34805746106958935,1.1981216970038748,0.8445387558012448,0.6996859032138412
0.34805746106958935,1.1981216970038748,1.010575573072899,0.6996859032138412
0.34805746106958935,1.1981216970038748,1.1512279357807294,0.6996859032138412
0.34805746106958935,1.1981216970038748,1.0296826095903142,0.6996859032138412
0.34805746106958935,1.1981216970038748,1.1665813382587809,0.6996859032138412
0.34805746106958935,1.1981216970038748,1.1913790368498043,0.6996859032138412
0.34805746106958935,1.1981216970038748,0.9789868999556025,0.6996859032138412
0.34805746106958935,1.1981216970038748,1.3027449677629128,0.6996859032138412
0.34805746106958935,1.1981216970038748,0.9676098684179522,0.6996859032138412
0.34805746106958935,1.1981216970038748,0.9856128297653594,0.6996859032138412
0.34805746106958935,1.1981216970038748,0.944701635996008,0.6996859032138412
0.34805746106958935,1.1981216970038748,1.0289688356215771,0.6996859032138412
0.34805746106958935,1.1981216970038748,0.9752932516604712,0.6996859032138412
0.34805746106958935,1.1981216970038748,1.1854418006887764,0.6996859032138412
0.34805746106958935,1.1981216970038748,0.9765474495126801,0.6996859032138412
0.34805746106958935,1.1981216970038748,1.1300031273108857,0.6996859032138412
0.34805746106958935,1.1981216970038748,1.0722724573236113,0.6996859032138412
0.34805746106958935,1.1981216970038748,0.9804753099275112,0.6996859032138412
0.34805746106958935,1.1981216970038748,1.2180754452911073,0.6996859032138412
0.34805746106958935,1.1981216970038748,0.9165567312641569,0.6996859032138412
0.34805746106958935,1.1981216970038748,1.0621905128761318,0.6996859032138412
0.34805746106958935,1.1981216970038748,1.0895618732356114,0.6996859032138412
0.34805746106958935,1.1981216970038748,1.1267226508969779,0.6996859032138412
0.34805746106958935,1.1981216970038748,0.9862116839996021,0.6996859032138412
0.34805746106958935,1.155588806452232,1.1719521704955724,0.6996859032138412
0.34805746106958935,1.155588806452232,1.4653157063861293,0.6996859032138412
0.34805746106958935,1.155588806452232,1.0689673497797711,0.6996859032138412
0.34805746106958935,1.155588806452232,1.5610639921929799,0.6996859032138412
0.34805746106958935,1.155588806452232,1.3727762312016767,0.6996859032138412
0.34805746106958935,1.155588806452232,1.1686842772867867,0.6996859032138412
0.34805746106958935,1.155588806452232,1.2761694132644972,0.6996859032138412
0.34805746106958935,1.155588806452232,1.2399906169844914,0.6996859032138412
0.34805746106958935,1.155588806452232,1.4714286198232334,0.6996859032138412
0.34869365005158603,1.155588806452232,1.3392183277299072,0.6996859032138412
0.34869365005158603,1.1812394899846324,1.2001642653078137,0.6996859032138412
0.34869365005158603,1.1812394899846324,1.1610319023623836,0.6996859032138412
0.34869365005158603,1.1812394899846324,1.0093178355621242,0.6996859032138412
0.34869365005158603,1.1812394899846324,1.0349272052748573,0.6996859032138412
0.34869365005158603,1.1812394899846324,1.1720902315466035,0.6996859032138412
0.34869365005158603,1.1812394899846324,1.0840470099126378,0.6996859032138412
0.34869365005158603,1.1812394899846324,1.1796984504643429,0.6996859032138412
0.34869365005158603,1.1812394899846324,0.9122099483411602,0.6996859032138412
0.34869365005158603,1.1812394899846324,0.9935115378186418,0.6996859032138412
0.34869365005158603,1.1812394899846324,1.1091285774572837,0.6996859032138412
0.34869365005158603,1.1812394899846324,1.210414084913836,0.6996859032138412
0.34869365005158603,1.1812394899846324,1.228933065832904,0.6996859032138412
0.34869365005158603,1.1812394899846324,1.2761822808162848,0.6996859032138412
0.34869365005158603,1.1812394899846324,1.1711623072961712,0.6996859032138412
0.34869365005158603,1.1812394899846324,1.0973533929762334,0.6996859032138412
0.34869365005158603,1.187465048098623,1.2342016129329212,0.6996859032138412
0.34869365005158603,1.187465048098623,1.281560741250436,0.6996859032138412
0.34869365005158603,1.187465048098623,1.0701532563109626,0.6996859032138412
0.34869365005158603,1.187465048098623,1.1195911123865472,0.6996859032138412
0.34869365005158603,1.187465048098623,1.1948702052877527,0.6996859032138412
0.34869365005158603,1.187465048098623,1.0655457748161727,0.6996859032138412
0.34869365005158603,1.187465048098623,0.993163722593398,0.6996859032138412
0.34163268302206345,1.187465048098623,1.4329782905714457,0.6996859032138412
0.34163268302206345,1.187465048098623,1.2384126754415432,0.6996859032138412
0.36832513137082995,1.187465048098623,1.0895059181349205,0.6996859032138412
0.36832513137082995,1.187465048098623,0.9617230245603622,0.6996859032138412
0.36832513137082995,1.187465048098623,0.9021655445268146,0.6996859032138412
0.36832513137082995,1.187465048098623,1.0708650510053936,0.6996859032138412
0.36832513137082995,1.187465048098623,1.0113197607982882,0.6996859032138412
0.36832513137082995,1.187465048098623,1.0735792407057798,0.6996859032138412
0.36832513137082995,1.187465048098623,1.0705971694745389,0.6996859032138412
0.36832513137082995,1.187465048098623,1.0973724555053832,0.6996859032138412
0.36832513137082995,1.187465048098623,1.043002667188532,0.6996859032138412
0.36832513137082995,1.187465048098623,1.2135434336582878,0.6996859032138412
0.36832513137082995,1.187465048098623,1.0182614372393974,0.6996859032138412
0.36832513137082995,1.187465048098623,0.9697998834603941,0.6996859032138412
0.36832513137082995,1.187465048098623,1.0166483543306741,0.6996859032138412
0.36832513137082995,1.187465048098623,0.9078817309053135,0.6996859032138412
0.36832513137082995,1.187465048098623,0.9996396299391467,0.6996859032138412
0.36832513137082995,1.187465048098623,1.2584846282200612,0.6996859032138412
0.36832513137082995,1.187465048098623,1.0133861332096756,0.6996859032138412
0.36832513137082995,1.187465048098623,1.0221125210590103,0.6996859032138412
0.36832513137082995,1.187465048098623,1.0748231066071836,0.6996859032138412
0.36832513137082995,1.187465048098623,1.1126568834365254,0.6996859032138412
0.36832513137082995,1.187465048098623,0.9219168382507873,0.6996859032138412
0.36832513137082995,1.187465048098623,0.9318670002762368,0.6996859032138412
0.36832513137082995,1.187465048098623,1.1151372547302032,0.6996859032138412
0.36832513137082995,1.187465048098623,1.131773048838233,0.6996859032138412
0.36832513137082995,1.187465048098623,0.9767646086109405,0.6996859032138412
0.36832513137082995,1.187465048098623,1.0164412865942483,0.6996859032138412
0.36832513137082995,1.187465048098623,1.069845456258099,0.6996859032138412
0.36832513137082995,1.187465048098623,1.1318485126705793,0.6996859032138412
0.36832513137082995,1.187465048098623,1.0039658619216718,0.6996859032138412
0.36832513137082995,1.187465048098623,1.0351639116433151,0.6996859032138412
0.36832513137082995,1.187465048098623,1.0874826919871285,0.6996859032138412
0.36832513137082995,1.187465048098623,1.0403192161358505,0.6996859032138412
0.36832513137082995,1.187465048098623,1.0173438068163305,0.6996859032138412
0.36832513137082995,1.187465048098623,1.0009229444602992,0.6996859032138412
0.36832513137082995,1.187465048098623,0.9241263160886561,0.6996859032138412
0.36832513137082995,1.187465048098623,1.142318012047428,0.6996859032138412
0.36832513137082995,1.187465048098623,0.9006054709493131,0.6996859032138412
0.36832513137082995,1.187465048098623,1.0043792047358013,0.6996859032138412
0.36832513137082995,1.187465048098623,0.7880672603989991,0.6996859032138412
0.36832513137082995,1.187465048098623,1.197332987672333,0.6996859032138412
0.36832513137082995,1.187465048098623,0.8560858329762914,0.6996859032138412
0.36832513137082995,1.161920575468462,1.1521914473977666,0.6996859032138412
0.36832513137082995,1.161920575468462,1.0031024996256073,0.6996859032138412
0.36832513137082995,1.161920575468462,0.9577602122902177,0.6996859032138412
0.36832513137082995,1.161920575468462,1.0546701599780883,0.6996859032138412
0.36832513137082995,1.161920575468462,1.0748365275746679,0.6996859032138412
0.36832513137082995,1.161920575468462,1.031056528198808,0.6996859032138412
0.4237207768175599,1.161920575468462,1.0800845870553946,0.6996859032138412
0.4237207768175599,1.161920575468462,0.9039048078452986,0.6996859032138412
0.4237207768175599,1.161920575468462,0.9112184062352757,0.6996859032138412
0.4237207768175599,1.161920575468462,0.9420677438328379,0.6996859032138412
0.4237207768175599,1.161920575468462,0.8114297629549377,0.6996859032138412
0.4237207768175599,1.161920575468462,1.0714886243619666,0.6996859032138412
0.4237207768175599,1.161920575468462,1.1378012436426854,0.6996859032138412
0.4237207768175599,1.161920575468462,0.9635727753954062,0.6996859032138412
0.4237207768175599,1.161920575468462,0.9662988285476665,0.6996859032138412
0.4237207768175599,1.161920575468462,0.8504280714994573,0.6996859032138412
0.4237207768175599,1.161920575468462,1.0111070841257328,0.6996859032138412
0.4237207768175599,1.161920575468462,1.2426136892841992,0.6996859032138412
0.4237207768175599,1.1259109058062446,1.3184525344124733,0.6996859032138412
0.4237207768175599,1.1259109058062446,1.0476421192198806,0.6996859032138412
0.4237207768175599,1.1259109058062446,1.2330347620260904,0.6996859032138412
0.4237207768175599,1.1259109058062446,1.3500872716264678,0.6996859032138412
0.4237207768175599,1.1259109058062446,1.2094040944418178,0.6996859032138412
0.4237207768175599,1.1259109058062446,1.1677804992106002,0.6996859032138412
0.4237207768175599,1.1259109058062446,1.0166404113872551,0.6996859032138412
0.4237207768175599,1.1259109058062446,1.0155198315576675,0.6996859032138412
0.4237207768175599,1.1259109058062446,0.9989612156854648,0.6996859032138412
0.4237207768175599,1.1259109058062446,1.3139480691356986,0.6996859032138412
0.4237207768175599,1.1259109058062446,1.025348184887986,0.6996859032138412
0.4237207768175599,1.1259109058062446,1.2153985219837802,0.6996859032138412
0.4237207768175599,1.1390037738641123,1.2567706618599779,0.6996859032138412
0.4237207768175599,1.1390037738641123,0.9114810707363864,0.6996859032138412
0.4237207768175599,1.1390037738641123,1.1096916538789723,0.6996859032138412
0.4397116513827641,1.1390037738641123,1.1141934136224008,0.6996859032138412
0.4397116513827641,1.1390037738641123,1.1733881212975197,0.6996859032138412
0.4397116513827641,1.1280939162863544,1.1079895651402702,0.6996859032138412
0.4397116513827641,1.1280939162863544,1.0188018529818363,0.6996859032138412
0.4397116513827641,1.1280939162863544,1.2281155205968217,0.6996859032138412
0.4397116513827641,1.1280939162863544,1.0408579267465081,0.6996859032138412
0.4397116513827641,1.1280939162863544,1.099279177069087,0.6996859032138412
0.4397116513827641,1.1280939162863544,1.1677228871076455,0.6996859032138412
0.4397116513827641,1.1280939162863544,0.9410605914239294,0.6996859032138412
0.4397116513827641,1.1280939162863544,1.1282260603358638,0.6996859032138412
0.4397116513827641,1.1280939162863544,0.9780706681548379,0.6996859032138412
0.4397116513827641,1.1280939162863544,1.0547265216019732,0.6996859032138412
0.4397116513827641,1.1280939162863544,0.994780796664131,0.6996859032138412
0.4397116513827641,1.1280939162863544,1.0492659168127487,0.6996859032138412
0.4397116513827641,1.1280939162863544,0.9903106157030025,0.6996859032138412
0.4397116513827641,1.1280939162863544,0.9404704632063546,0.6996859032138412
0.4397116513827641,1.1280939162863544,1.055023693871579,0.7020871374639286
0.4397116513827641,1.1280939162863544,1.2594650647963774,0.7032376393043113
0.4397116513827641,1.1280939162863544,1.1546969270566452,0.7032376393043113
0.4397116513827641,1.1280939162863544,1.0903609844466056,0.7032376393043113
0.4397116513827641,1.1280939162863544,1.085709275744553,0.7032376393043113
0.4397116513827641,1.1280939162863544,1.276510926198033,0.7032376393043113
0.4397116513827641,1.1280939162863544,1.1569287988119121,0.7032376393043113
0.4397116513827641,1.1280939162863544,1.1738134983973634,0.7032376393043113
0.46157241674772986,1.1280939162863544,1.3687476771144322,0.7032376393043113
0.46157241674772986,1.1280939162863544,1.1823598952506642,0.7032376393043113
0.46157241674772986,1.1280939162863544,0.8937358457606459,0.7032376393043113
0.46157241674772986,1.1280939162863544,1.1229957304181934,0.7032376393043113
0.46157241674772986,1.1280939162863544,1.023283146001481,0.7032376393043113
0.46157241674772986,1.1280939162863544,0.9971573186686944,0.7032376393043113
0.46157241674772986,1.1280939162863544,1.0704794250328593,0.7032376393043113
0.46157241674772986,1.1280939162863544,1.2201358038620846,0.7032376393043113
0.46157241674772986,1.1280939162863544,0.9336380110936341,0.7032376393043113
0.46157241674772986,1.1280939162863544,0.9613113050183978,0.7032376393043113
0.46157241674772986,1.1280939162863544,1.2048210732752194,0.7032376393043113
0.46157241674772986,1.1280939162863544,1.0107749640514507,0.7032376393043113
0.46157241674772986,1.1280939162863544,1.081087891131304,0.7032376393043113
0.46157241674772986,1.1280939162863544,1.0140446151338403,0.7032376393043113
0.46157241674772986,1.1280939162863544,1.1235295671954222,0.7032376393043113
0.46157241674772986,1.1280939162863544,1.1996682492008117,0.7032376393043113
0.46157241674772986,1.1280939162863544,1.2333376691005906,0.6981760084753288
0.46157241674772986,1.1280939162863544,1.011475199885404,0.6981760084753288
0.46157241674772986,1.1280939162863544,1.1625421805662075,0.6981760084753288
0.46157241674772986,1.1280939162863544,0.8792575322425599,0.6981760084753288
0.46157241674772986,1.1280939162863544,1.0310702982541056,0.6981760084753288
0.46157241674772986,1.1280939162863544,1.018901383148408,0.6981760084753288
0.46157241674772986,1.1280939162863544,1.0568500633273628,0.6981760084753288
0.46157241674772986,1.1280939162863544,1.0405058452045735,0.6981760084753288
0.46157241674772986,1.1280939162863544,0.9981626797511483,0.6981760084753288
0.46157241674772986,1.1280939162863544,1.2145492757324177,0.6981760084753288
0.484691005577707,1.1280939162863544,1.0559729638176878,0.6981760084753288
0.484691005577707,1.1280939162863544,1.0892672344598402,0.6981760084753288
0.484691005577707,1.1280939162863544,1.007832741814487,0.6981760084753288
0.484691005577707,1.1280939162863544,0.9060562205171173,0.6981760084753288
0.484691005577707,1.1280939162863544,0.9272628550504515,0.6981760084753288
0.484691005577707,1.1280939162863544,0.8589842964256269,0.6981760084753288
0.484691005577707,1.1280939162863544,0.8859103204086539,0.6981760084753288
0.484691005577707,1.1280939162863544,1.0281814295445653,0.6981760084753288
0.484691005577707,1.1280939162863544,0.8792531128659163,0.6981760084753288
0.484691005577707,1.1280939162863544,1.0358415739738775,0.6981760084753288
0.484691005577707,1.1280939162863544,1.0035696448216584,0.6981760084753288
0.484691005577707,1.1280939162863544,1.061355609725299,0.6981760084753288
0.484691005577707,1.1280939162863544,0.8663338965178075,0.6981760084753288
0.484691005577707,1.1280939162863544,1.031166898025763,0.6981760084753288
0.484691005577707,1.1280939162863544,1.046273744870162,0.6981760084753288
0.484691005577707,1.1280939162863544,1.1327929930387273,0.6981760084753288
0.45571005757028255,1.1280939162863544,0.8881188556120809,0.6981760084753288
0.45571005757028255,1.1280939162863544,1.0074604852160989,0.6981760084753288
0.45571005757028255,1.1280939162863544,1.1713622838354054,0.6981760084753288
0.45571005757028255,1.1280939162863544,1.1887330179107845,0.6981760084753288
0.45571005757028255,1.1280939162863544,1.227966120564998,0.6981760084753288
0.45571005757028255,1.1280939162863544,0.954150883654553,0.6981760084753288
0.45571005757028255,1.1280939162863544,0.9324664164694464,0.6981760084753288
0.45571005757028255,1.1280939162863544,0.8556193282770441,0.6981760084753288
0.45571005757028255,1.1280939162863544,0.9185254601299673,0.6981760084753288
0.45571005757028255,1.1280939162863544,1.105723354878633,0.6981760084753288
0.45571005757028255,1.1280939162863544,1.2513971957015904,0.6981760084753288
0.45571005757028255,1.1280939162863544,1.2133774619364455,0.6981760084753288
0.45571005757028255,1.1280939162863544,0.9789185508043752,0.6981760084753288
0.45571005757028255,1.1280939162863544,1.1872857232448177,0.6981760084753288
0.45571005757028255,1.1280939162863544,0.9273816035720353,0.6981760084753288
0.45571005757028255,1.1280939162863544,1.0474174344294662,0.6981760084753288
0.45571005757028255,1.1280939162863544,1.1315486118415994,0.6981760084753288
0.45571005757028255,1.1125322734336518,1.0355946762884183,0.6981760084753288
0.45571005757028255,1.1125322734336518,0.9409778930049031,0.6981760084753288
0.5007819791688369,1.1125322734336518,1.0837284124969147,0.6984583617502087
0.5007819791688369,1.1125322734336518,0.891323444059506,0.6984583617502087
0.5007819791688369,1.1125322734336518,0.9749400109475604,0.6984583617502087
0.5007819791688369,1.1125322734336518,0.9682413665757915,0.6984583617502087
0.5007819791688369,1.1125322734336518,0.9428455812390312,0.6984583617502087
0.5007819791688369,1.1125322734336518,1.0167907665666547,0.6984583617502087
0.5007819791688369,1.1125322734336518,1.0915117290985297,0.6984583617502087
0.5007819791688369,1.1125322734336518,1.0723039717886695,0.6984583617502087
0.5132615937523547,1.1125322734336518,0.9681005145200128,0.6984583617502087
0.5132615937523547,1.1125322734336518,1.200544205384143,0.6984583617502087
0.5132615937523547,1.0942097487067728,1.059819737010965,0.6984583617502087
0.5132615937523547,1.0942097487067728,1.035350540737782,0.6984583617502087
0.5132615937523547,1.0942097487067728,1.062496366178048,0.6984583617502087
0.5132615937523547,1.0942097487067728,1.2100440999326845,0.6984583617502087
0.5132615937523547,1.0942097487067728,0.9018637497493434,0.6984583617502087
0.5132615937523547,1.0859624991996961,1.0468414048281451,0.6984583617502087
0.5132615937523547,1.0859624991996961,1.2796812386639964,0.6984583617502087
0.5132615937523547,1.0859624991996961,1.2007884507168882,0.6984583617502087
0.5132615937523547,1.0859624991996961,1.3902340943102764,0.6984583617502087
0.5132615937523547,1.0859624991996961,1.0733069411098852,0.6984583617502087
0.5132615937523547,1.0859624991996961,1.0077024385308135,0.6984583617502087
0.5132615937523547,1.0859624991996961,1.1911869047901626,0.6984583617502087
0.5132615937523547,1.0859624991996961,1.1420079457993078,0.6984583617502087
0.5132615937523547,1.0859624991996961,1.0246868202253883,0.6984583617502087
0.5132615937523547,1.0859624991996961,1.1465111843868292,0.6984583617502087
0.5132615937523547,1.0859624991996961,1.086454151132527,0.6984583617502087
0.5132615937523547,1.0859624991996961,1.0050930880293047,0.6984583617502087
0.5132615937523547,1.0859624991996961,1.1730859407435672,0.6984583617502087
0.5927797854058192,1.0859624991996961,1.017665337142152,0.6984583617502087
0.5927797854058192,1.0859624991996961,0.965620267582475,0.6984583617502087
0.5927797854058192,1.0859624991996961,0.9188210994597118,0.6984583617502087
0.5927797854058192,1.0859624991996961,1.0455813202575368,0.6984583617502087
0.5927797854058192,1.0859624991996961,0.9306505694218594,0.6984583617502087
0.5927797854058192,1.089154245973354,0.9470784889614401,0.6984583617502087
0.5927797854058192,1.0892407090055654,1.1239560812225906,0.6984583617502087
0.5927797854058192,1.0892407090055654,0.9705824945336383,0.6984583617502087
0.5927797854058192,1.0892407090055654,0.9044101918303585,0.6984583617502087
0.5927797854058192,1.0892407090055654,1.062399339654451,0.6984583617502087
0.5927797854058192,1.0892407090055654,1.048388166683521,0.6984583617502087
0.5927797854058192,1.0892407090055654,0.8821678265690682,0.6984583617502087
0.5927797854058192,1.0892407090055654,0.8729341085262553,0.6984583617502087
0.5927797854058192,1.0892407090055654,0.9908342090121068,0.6984583617502087
0.5927797854058192,1.0892407090055654,1.0926049934413447,0.6984583617502087
0.5927797854058192,1.0892407090055654,0.8631469557101776,0.6984583617502087
0.5927797854058192,1.0892407090055654,0.9772203365700677,0.6984583617502087
0.5927797854058192,1.0892407090055654,1.0368294259026922,0.6984583617502087
0.5927797854058192,1.0892407090055654,1.0886367753702966,0.6984583617502087
0.5927797854058192,1.0892407090055654,0.8555393379317039,0.6984583617502087
0.5927797854058192,1.0892407090055654,0.9652187447118353,0.6984583617502087
0.5927797854058192,1.0892407090055654,1.0158762176051488,0.6984583617502087
0.7283777228500391,1.0559566171269714,0.8841711173708202,0.6984583617502087
0.7283777228500391,1.0559566171269714,0.937894254177473,0.6984583617502087
0.7283777228500391,1.0559566171269714,0.8890720017172891,0.6984583617502087
0.7283777228500391,1.0559566171269714,0.7175748259640404,0.6984583617502087
0.7283777228500391,1.0559566171269714,1.0766204430370483,0.6984583617502087
0.7283777228500391,1.0559566171269714,0.8167645305593814,0.6984583617502087
0.7283777228500391,1.0559566171269714,0.8557223183106819,0.6984583617502087
0.7283777228500391,1.0559566171269714,0.9810882422860462,0.6984583617502087
0.7244721836594717,1.0559566171269714,0.7474898636461565,0.6984583617502087
0.7244721836594717,1.0559566171269714,0.9810382886336666,0.6984583617502087
0.7244721836594717,1.0559566171269714,1.016248781254531,0.6984583617502087
0.7244721836594717,1.0559566171269714,1.1425180627042002,0.6984583617502087
0.7244721836594717,1.0559566171269714,0.9778996237658848,0.6984583617502087
0.7244721836594717,1.0559566171269714,0.9124258909104015,0.6984583617502087
0.7244721836594717,1.0559566171269714,0.8704666428805931,0.6984583617502087
0.7244721836594717,1.0559566171269714,0.877428617517103,0.6984583617502087
0.7244721836594717,1.0559566171269714,0.948715602848143,0.6984583617502087
0.7118987786834846,1.0559566171269714,0.8331060424892682,0.6984583617502087
0.7118987786834846,1.0559566171269714,1.1167823318713017,0.6984583617502087
0.7118987786834846,1.0559566171269714,0.9627193800402957,0.6984583617502087
0.7118987786834846,1.0559566171269714,0.8926347004344953,0.6984583617502087
0.7118987786834846,1.0559566171269714,0.8936650154880329,0.6984583617502087
0.7118987786834846,1.0559566171269714,0.8842368057979655,0.6984583617502087
0.7118987786834846,1.0559566171269714,1.0397275154477086,0.6984583617502087
0.7118987786834846,1.0559566171269714,0.8413383436165114,0.6984583617502087
0.7118987786834846,1.0559566171269714,0.9021612519422211,0.6984583617502087
0.7118987786834846,1.0559566171269714,0.8476956838844202,0.6984583617502087
0.7118987786834846,1.0559566171269714,0.8367834524390174,0.6984583617502087
0.7118987786834846,1.0559566171269714,1.0154955684422444,0.6984583617502087
0.7118987786834846,1.0559566171269714,0.9298708767243429,0.6984583617502087
0.7118987786834846,1.0559566171269714,1.0092985450593503,0.6984583617502087
0.7118987786834846,1.0559566171269714,0.878838694053389,0.6984583617502087
0.7118987786834846,1.0559566171269714,1.1097388385825036,0.6984583617502087
0.62859741850965,1.0559566171269714,0.8351353663042508,0.6984583617502087
0.62859741850965,1.0559566171269714,1.0014723114811976,0.6984583617502087
0.5952424624395352,1.0559566171269714,1.0671700789432765,0.6984583617502087
0.5952424624395352,1.0559566171269714,1.049920783455644,0.6984583617502087
0.5952424624395352,1.0559566171269714,1.0387310674647248,0.6984583617502087
0.5860609841002395,1.0559566171269714,1.146674573046837,0.6984583617502087
0.5860609841002395,1.0559566171269714,1.134378732124587,0.6984583617502087
0.5860609841002395,1.0559566171269714,1.1083535470398915,0.6984583617502087
0.5860609841002395,1.0559566171269714,1.1358956415933759,0.6984583617502087
0.5860609841002395,1.0559566171269714,1.1064245110379602,0.6984583617502087
0.5860609841002395,1.0559566171269714,1.19935781876104,0.6984583617502087
0.5860609841002395,1.0559566171269714,1.1338078762524926,0.6984583617502087
0.5860609841002395,1.0559566171269714,0.9794217551869894,0.6984583617502087
0.5860609841002395,1.0559566171269714,1.292562062288479,0.6984583617502087
0.6273073662096861,1.0559566171269714,0.9982877035154412,0.6984583617502087
0.6273073662096861,1.0559566171269714,1.2498503378857926,0.6984583617502087
0.6273073662096861,1.0559566171269714,0.9424482793078185,0.6984583617502087
0.6273073662096861,1.0559566171269714,1.0294718127898532,0.6984583617502087
0.6273073662096861,1.0559566171269714,1.0519716820690554,0.6984583617502087
0.5678207468881336,1.0559566171269714,1.0319803340719549,0.6984583617502087
0.5678207468881336,1.0559566171269714,1.1095394268572023,0.6984583617502087
0.5678207468881336,1.0559566171269714,1.3199375298809597,0.6984583617502087
0.5678207468881336,1.0559566171269714,0.927367225921034,0.6984583617502087
0.5678207468881336,1.0559566171269714,0.9826620857616671,0.6984583617502087
0.5678207468881336,1.0559566171269714,1.0925640525545866,0.6984583617502087
0.5678207468881336,1.0559566171269714,1.1035266300511801,0.6984583617502087
0.5678207468881336,1.0559566171269714,1.157204376258154,0.6984583617502087
0.5678207468881336,1.0559566171269714,1.1110556230372766,0.6984583617502087
0.5678207468881336,1.0559566171269714,0.9454254063396698,0.6984583617502087
0.5678207468881336,1.0559566171269714,1.0902501056693272,0.6984583617502087
0.5678207468881336,1.0559566171269714,1.0804680519994607,0.6984583617502087
0.5678207468881336,1.0559566171269714,1.3155235821444375,0.6984583617502087
0.5678207468881336,1.0559566171269714,1.4102452183601037,0.6984583617502087
0.5678207468881336,1.0559566171269714,1.328990413446787,0.6984583617502087
0.5678207468881336,1.0559566171269714,0.9751313224569258,0.6984583617502087
0.5678207468881336,1.0559566171269714,1.1166629822856216,0.6984583617502087
0.5678207468881336,1.0559566171269714,1.0806389528583862,0.6984583617502087
0.5678207468881336,1.0559566171269714,1.08591059011151,0.6984583617502087
0.5678207468881336,1.0559566171269714,1.0803043502059955,0.6984583617502087
0.5678207468881336,1.0559566171269714,1.0376210501763532,0.6984583617502087
0.5678207468881336,1.0559566171269714,1.0605231171236928,0.6984583617502087
0.5678207468881336,1.0559566171269714,1.2340906544617896,0.6984583617502087
0.5678207468881336,1.0559566171269714,1.0373671411318344,0.6984583617502087
0.5678207468881336,1.0559566171269714,1.1553621414606168,0.6984583617502087
0.5678207468881336,1.0559566171269714,1.2050613895098705,0.6984583617502087
0.5678207468881336,1.0559566171269714,1.1559624416681757,0.6984583617502087
0.5678207468881336,1.0559566171269714,1.0216422651902461,0.6984583617502087
0.5678207468881336,1.0559566171269714,1.053294009521001,0.6984583617502087
0.5678207468881336,1.0559566171269714,1.1563578040967564,0.6984583617502087
0.5678207468881336,1.0559566171269714,1.2003306280472288,0.6984583617502087
0.5678207468881336,1.0559566171269714,1.1910071457902551,0.6984583617502087
0.5678207468881336,1.0559566171269714,1.17453647002693,0.6984583617502087
0.5678207468881336,1.0559566171269714,1.2308862391909763,0.6984583617502087
0.5678207468881336,1.0559566171269714,1.2068015735239612,0.6984583617502087
0.5678207468881336,1.0559566171269714,1.0829385149989401,0.6984583617502087
0.5678207468881336,1.0559566171269714,1.2149174642902016,0.6984583617502087
0.5678207468881336,1.0559566171269714,1.0751055898231154,0.6984583617502087
0.5678207468881336,1.0559566171269714,1.1976181187841426,0.6984583617502087
0.5678207468881336,1.0559566171269714,1.3913151667530086,0.6984583617502087
0.5678207468881336,1.0559566171269714,1.121210784148164,0.6984583617502087
0.5678207468881336,1.0559566171269714,1.250693369545444,0.6984583617502087
0.5678207468881336,1.0559566171269714,1.107222381392775,0.6984583617502087
0.5678207468881336,1.0559566171269714,1.3883027149686664,0.6984583617502087
0.5678207468881336,1.0559566171269714,1.1925630673841205,0.6984583617502087
0.5678207468881336,1.0559566171269714,1.2105912945592954,0.6984583617502087
0.5678207468881336,1.0559566171269714,0.9756377456715187,0.6984583617502087
0.5678207468881336,1.0559566171269714,0.9018105014856914,0.6984583617502087
0.5678207468881336,1.0559566171269714,1.0685472890619878,0.6984583617502087
0.5678207468881336,1.0559566171269714,1.1245085702438862,0.6984583617502087
0.5678207468881336,1.0559566171269714,1.028849918064651,0.6984583617502087
0.5678207468881336,1.0559566171269714,1.0921839255866956,0.6984583617502087
0.5678207468881336,1.0559566171269714,1.0312235678420338,0.6984583617502087
0.5678207468881336,1.0559566171269714,1.2400988150907084,0.6984583617502087
0.5678207468881336,1.0559566171269714,1.176771166644842,0.6984583617502087
0.5678207468881336,1.0559566171269714,1.2101386800002774,0.6984583617502087
0.5678207468881336,1.0559566171269714,1.1338642680344408,0.6984583617502087
0.5678207468881336,1.0559566171269714,1.1960823207409015,0.6984583617502087
0.5678207468881336,1.0559566171269714,1.3375225424885806,0.6984583617502087
0.5678207468881336,1.0559566171269714,1.1368664961131087,0.6984583617502087
0.5678207468881336,1.0559566171269714,1.0970448677029074,0.6984583617502087
0.5788623252053127,1.0559566171269714,1.0886382708383864,0.6984583617502087
0.5788623252053127,1.0559566171269714,1.293792781262885,0.6984583617502087
0.6119394398298128,1.0559566171269714,1.0186105592364223,0.6984583617502087
0.6119394398298128,1.0559566171269714,1.0162498840963987,0.6984583617502087
0.6119394398298128,1.0559566171269714,1.0813176039908272,0.6984583617502087
0.6119394398298128,1.0559566171269714,1.1107137802648253,0.6984583617502087
0.6119394398298128,1.0559566171269714,0.9638594777393257,0.6984583617502087
0.6119394398298128,1.0559566171269714,0.9170786508880879,0.6984583617502087
0.6342912541809121,1.0559566171269714,1.1980663486579244,0.6984583617502087
0.6342912541809121,1.0559566171269714,1.0825716772512137,0.6984583617502087
0.6342912541809121,1.0559566171269714,1.0669640922218078,0.6984583617502087
0.6342912541809121,1.0559566171269714,1.0145645765649092,0.6969750171412022
0.6342912541809121,1.0559566171269714,0.9565251991417935,0.6969750171412022
0.6342912541809121,1.0559566171269714,1.000003727942396,0.6969750171412022
0.6342912541809121,1.0559566171269714,0.9969269976312785,0.6969750171412022
0.6342912541809121,1.0559566171269714,0.9863493305740256,0.6969750171412022
0.6342912541809121,1.0559566171269714,1.0122561265815802,0.6969750171412022
0.6342912541809121,1.0559566171269714,1.0066623446931797,0.6969750171412022
0.6342912541809121,1.0559566171269714,0.9533352048044695,0.6969750171412022
0.6342912541809121,1.0559566171269714,1.0598500061752478,0.6969750171412022
0.6342912541809121,1.0559566171269714,0.9774580004336617,0.6969750171412022
0.6342912541809121,1.0559566171269714,1.1895886912737452,0.6969750171412022
0.6213000714027267,1.0559566171269714,1.0238239566561576,0.6969750171412022
0.6213000714027267,1.0559566171269714,0.9381410941120142,0.6969750171412022
0.6213000714027267,1.0559566171269714,0.9720825072682406,0.6969750171412022
0.6213000714027267,1.0559566171269714,0.817865950190827,0.6969750171412022
0.6213000714027267,1.0559566171269714,1.074322725262368,0.6969750171412022
0.6213000714027267,1.0559566171269714,1.0699313572621967,0.6969750171412022
0.6213000714027267,1.0559566171269714,0.9116626345110634,0.6969750171412022
0.6213000714027267,1.0559566171269714,1.0116882075934823,0.6969750171412022
0.6213000714027267,1.0559566171269714,1.0462566956562598,0.6969750171412022
0.6213000714027267,1.0559566171269714,1.0545908739060148,0.6969750171412022
0.6213000714027267,1.0559566171269714,1.180876615709361,0.6969750171412022
0.6213000714027267,1.0559566171269714,1.0155298495270195,0.6969750171412022
0.6213000714027267,1.0559566171269714,1.2394307432673968,0.6969750171412022
0.6213000714027267,1.0559566171269714,0.9355497542902181,0.6969750171412022
0.6213000714027267,1.0559566171269714,0.9957633176141125,0.6969750171412022
0.6213000714027267,1.0559566171269714,1.0598046843836564,0.6969750171412022
0.6213000714027267,1.0559566171269714,0.9228454233548208,0.6969750171412022
0.6213000714027267,1.0591199794969446,0.9588787386504708,0.6969750171412022
0.6213000714027267,1.0591199794969446,1.132167208388672,0.6969750171412022
0.6213000714027267,1.0591199794969446,0.9432441783860299,0.6969750171412022
0.6213000714027267,1.0591199794969446,0.8746734207735739,0.6969750171412022
0.6213000714027267,1.0591199794969446,0.8870288609735473,0.6969750171412022
0.6213000714027267,1.0591199794969446,0.975019134337838,0.6969750171412022
0.6213000714027267,1.0591199794969446,1.0636717130437723,0.6969750171412022
0.6213000714027267,1.0591199794969446,1.133053098481725,0.6969750171412022
0.6213000714027267,1.0591199794969446,0.8635313806346968,0.6969750171412022
0.6213000714027267,1.0591199794969446,1.1431805690546268,0.6969750171412022
0.6213000714027267,1.0591199794969446,1.0643975130148726,0.6969750171412022
0.6213000714027267,1.0591199794969446,0.9571710176280432,0.6969750171412022
0.6213000714027267,1.0591199794969446,1.0241691833644724,0.6969750171412022
0.6213000714027267,1.0591199794969446,0.9794967167638571,0.6969750171412022
0.6213000714027267,1.0591199794969446,1.086114583296699,0.6969750171412022
0.6213000714027267,1.0591199794969446,0.9999413318842539,0.6969750171412022
0.6213000714027267,1.0591199794969446,1.0915577719807432,0.6969750171412022
0.6213000714027267,1.0591199794969446,0.8528799030924944,0.6969750171412022
0.6213000714027267,1.0591199794969446,0.9929268611803663,0.6969750171412022
0.6213000714027267,1.0591199794969446,1.0299460278572012,0.6969750171412022
0.6213000714027267,1.0591199794969446,1.0330218620079445,0.6969750171412022
0.6213000714027267,1.0591199794969446,0.9740825033304698,0.6969750171412022
0.6213000714027267,1.0591199794969446,0.8832199273445489,0.6969750171412022
0.6213000714027267,1.0591199794969446,0.9276057005342107,0.6969750171412022
0.6213000714027267,1.0591199794969446,0.9270106990853804,0.6969750171412022
0.6213000714027267,1.0591199794969446,1.1842853047208475,0.6951209364298352
0.6213000714027267,1.0591199794969446,1.148268546118888,0.6951209364298352
0.6213000714027267,1.0591199794969446,0.904718265650226,0.6951209364298352
0.5599636403841299,1.0591199794969446,1.0300078026329018,0.6951209364298352
0.5599636403841299,1.0591199794969446,0.9860584253161915,0.6951209364298352
0.5599636403841299,1.0591199794969446,1.2157244789158717,0.6951209364298352
0.5601988778790525,1.0591199794969446,1.3088554243655546,0.6951209364298352
0.5601988778790525,1.0591199794969446,1.2433940136422106,0.6951209364298352
0.5601988778790525,1.0591199794969446,1.3408374535228522,0.6951209364298352
0.5601988778790525,1.0591199794969446,1.1640916693042092,0.6951209364298352
0.5601988778790525,1.0591199794969446,1.1965987038808088,0.6951209364298352
0.5601988778790525,1.0591199794969446,1.021694477179733,0.6951209364298352
0.5601988778790525,1.0591199794969446,1.1621437463537572,0.6951209364298352
0.5601988778790525,1.0591199794969446,1.0825012600789832,0.6951209364298352
0.5601988778790525,1.0591199794969446,1.0964828755461187,0.6951209364298352
0.5601988778790525,1.0591199794969446,1.5952133378073743,0.6951209364298352
0.5601988778790525,1.0591199794969446,0.976342445348117,0.6951209364298352
0.5601988778790525,1.0591199794969446,1.3288156472112524,0.6951209364298352
0.5601988778790525,1.0591199794969446,1.2988208206066187,0.6951209364298352
0.5601988778790525,1.0591199794969446,1.2076847956518593,0.6951209364298352
0.5601988778790525,1.0591199794969446,1.0427162937246306,0.6951209364298352
0.6051462130677168,1.0591199794969446,1.0977745752333612,0.6951209364298352
0.6051462130677168,1.0591199794969446,0.9902915527314828,0.6951209364298352
0.6051462130677168,1.0591199794969446,1.1888958442005266,0.6951209364298352
0.6051462130677168,1.0591199794969446,1.0118203701700457,0.6951209364298352
0.6051462130677168,1.0591199794969446,0.9122866412023227,0.6951209364298352
0.6051462130677168,1.0591199794969446,1.0117458681455644,0.6951209364298352
0.6051462130677168,1.0591199794969446,1.0382485563534698,0.6951209364298352
0.6051462130677168,1.0591199794969446,0.9645157067376847,0.6951209364298352
0.6051462130677168,1.0441659084839923,1.190922307900271,0.6951209364298352
0.6051462130677168,1.0441659084839923,1.1760024601689123,0.6951209364298352
0.6051462130677168,1.0441659084839923,0.8871624914977431,0.6951209364298352
0.6051462130677168,1.0441659084839923,1.10441781564013,0.6951209364298352
0.6051462130677168,1.0441659084839923,1.0667641676506316,0.6951209364298352
0.6051462130677168,1.0441659084839923,1.0535386207595467,0.6951209364298352
0.6051462130677168,1.0441659084839923,1.0861816222535072,0.6951209364298352
0.6051462130677168,1.0441659084839923,1.2431441169317905,0.6951209364298352
0.6051462130677168,1.0441659084839923,0.8753759650519455,0.6951209364298352
0.6051462130677168,1.0441659084839923,1.1394112156293599,0.6951209364298352
0.6051462130677168,1.0441659084839923,1.2651406048690932,0.6951209364298352
0.6051462130677168,1.0441659084839923,0.9881240510488581,0.6951209364298352
0.6051462130677168,1.0441659084839923,1.2871231270426016,0.6951209364298352
0.6051462130677168,1.0441659084839923,1.2639116071454133,0.6951209364298352
0.6051462130677168,1.0441659084839923,1.2045199985264723,0.6951209364298352
0.6956987645719781,1.0441659084839923,0.9345847911529028,0.6951209364298352
0.6956987645719781,1.0441659084839923,0.9546395918427034,0.6951209364298352
0.6956987645719781,1.0441659084839923,1.0431395884343837,0.6951209364298352
0.6956987645719781,1.0441659084839923,0.9363944202698635,0.6951209364298352
0.6956987645719781,1.0441659084839923,0.8891351577441711,0.6951209364298352
0.6956987645719781,1.0441659084839923,0.9807197871392664,0.6951209364298352
0.6956987645719781,1.0441659084839923,0.9817654543633301,0.6951209364298352
0.6956987645719781,1.0441659084839923,0.9263886565946292,0.6951209364298352
0.6956987645719781,1.0441659084839923,0.8945863702829993,0.6951209364298352
0.6956987645719781,1.0441659084839923,1.0645983060173259,0.6951209364298352
0.6956987645719781,1.0441659084839923,1.0821734737806221,0.6951209364298352
0.6956987645719781,1.0441659084839923,0.9526748037249687,0.6951209364298352
0.6956987645719781,1.0441659084839923,0.7558528028488511,0.6951209364298352
0.6956987645719781,1.0441659084839923,1.0104820345519507,0.6951209364298352
0.6956987645719781,1.0441659084839923,0.8498909229448373,0.6951209364298352
0.6956987645719781,1.0441659084839923,0.9060822402790754,0.6951209364298352
0.6956987645719781,0.9700052723110771,0.9912149367631427,0.6951209364298352
0.6956987645719781,0.9700052723110771,1.3098562560450364,0.6951209364298352
0.6956987645719781,0.944412373855432,1.3311638819335616,0.6951209364298352
0.6956987645719781,0.944412373855432,1.6968809964868745,0.6951209364298352
0.6956987645719781,0.944412373855432,1.2527265084420158,0.6951209364298352
0.6956987645719781,0.944412373855432,1.4519654641357909,0.6951209364298352
0.6956987645719781,0.944412373855432,1.4354264439129718,0.6951209364298352
0.6956987645719781,0.944412373855432,1.4223722321355778,0.6951209364298352
0.6956987645719781,0.944412373855432,1.2310847828163285,0.6951209364298352
0.6956987645719781,0.944412373855432,1.5051051224310403,0.6951209364298352
0.6956987645719781,0.944412373855432,1.299512026613987,0.6951209364298352
0.6956987645719781,0.944412373855432,1.2797764119243662,0.6951209364298352
0.6956987645719781,0.944412373855432,1.3813680503747041,0.6951209364298352
0.7937158315713332,0.944412373855432,1.4730459904319928,0.6951209364298352
0.7937158315713332,0.944412373855432,1.1115883498700867,0.6951209364298352
0.7937158315713332,0.944412373855432,1.3369179400394833,0.6951209364298352
0.7937158315713332,0.944412373855432,1.1831832747748043,0.6951209364298352
0.7937158315713332,0.944412373855432,1.0809385517934396,0.6951209364298352
0.7937158315713332,0.944412373855432,1.096377203977022,0.6951209364298352
0.7937158315713332,0.944412373855432,1.2211790107160199,0.6951209364298352
0.7937158315713332,0.944412373855432,1.2619186550206012,0.6951209364298352
0.7937158315713332,0.944412373855432,1.143618928934956,0.6951209364298352
0.7937158315713332,0.944412373855432,1.3151063463202328,0.6951209364298352
0.7937158315713332,0.944412373855432,0.9985432439030819,0.6951209364298352
0.7937158315713332,0.944412373855432,1.39444324897997,0.6951209364298352
0.7937158315713332,0.944412373855432,1.2839447100138206,0.6951209364298352
0.7937158315713332,0.944412373855432,1.0952255655737193,0.6951209364298352
0.7937158315713332,0.944412373855432,1.133402776438002,0.6951209364298352
0.7937158315713332,0.944412373855432,1.2109964422418957,0.6951209364298352
0.7937158315713332,0.944412373855432,1.2162053264823898,0.6951209364298352
0.7937158315713332,0.944412373855432,1.1974390538252129,0.6951209364298352
0.7937158315713332,0.944412373855432,1.2022215360078488,0.6951209364298352
0.7937158315713332,0.944412373855432,1.4012964030453199,0.6951209364298352
0.7937158315713332,0.944412373855432,1.1358784204539378,0.6951209364298352
0.7937158315713332,0.944412373855432,1.239849814479664,0.6951209364298352
0.7937158315713332,0.944412373855432,1.0731234059848178,0.6951209364298352
0.7937158315713332,0.944412373855432,1.0876272203985982,0.6951209364298352
0.7937158315713332,0.944412373855432,1.2099134610813278,0.6951209364298352
0.7937158315713332,0.944412373855432,1.2912892397484121,0.6951209364298352
0.7937158315713332,0.944412373855432,1.3157239182642442,0.6951209364298352
0.7937158315713332,0.944412373855432,1.3466430495138657,0.6951209364298352
0.7937158315713332,0.944412373855432,1.1428470617930793,0.6951209364298352
0.7937158315713332,0.944412373855432,1.2449243876712042,0.6951209364298352
0.7937158315713332,0.944412373855432,1.4572969084645986,0.6951209364298352
0.7937158315713332,0.944412373855432,1.3657626652606414,0.6951209364298352
0.7937158315713332,0.944412373855432,1.1286088808602863,0.6951209364298352
0.7937158315713332,0.944412373855432,1.308347425899435,0.6951209364298352
0.7937158315713332,0.944412373855432,1.3646362636234906,0.6951209364298352
0.7937158315713332,0.944412373855432,1.2426792166696474,0.6951209364298352
0.7937158315713332,0.944412373855432,1.362556546354788,0.6951209364298352
0.7937158315713332,0.944412373855432,1.4715521664324949,0.6951209364298352
0.7937158315713332,0.944412373855432,1.1317517936981947,0.6951209364298352
0.7937158315713332,0.944412373855432,1.2894806116921471,0.6951209364298352
0.7937158315713332,0.944412373855432,1.5029625617868405,0.6951209364298352
0.7937158315713332,0.944412373855432,1.3157777381385165,0.6951209364298352
0.7937158315713332,0.944412373855432,1.2715543116949422,0.6951209364298352
0.7937158315713332,0.944412373855432,1.2107901197104272,0.6951209364298352
0.7937158315713332,0.944412373855432,1.2104461168988203,0.6951209364298352
0.7937158315713332,0.944412373855432,1.0471196455763052,0.6951209364298352
0.7937158315713332,0.944412373855432,1.1747129453793885,0.6951209364298352
0.7937158315713332,0.944412373855432,1.1678677885274336,0.6951209364298352
0.7937158315713332,0.944412373855432,1.271372567597372,0.6951209364298352
0.7937158315713332,0.944412373855432,1.5944099623257546,0.6951209364298352
0.7937158315713332,0.944412373855432,1.310671729159768,0.6951209364298352
0.7937158315713332,0.944412373855432,1.2159059679773263,0.6951209364298352
0.7937158315713332,0.944412373855432,1.3446513920563694,0.6951209364298352
0.7937158315713332,0.944412373855432,1.4489528079932685,0.6951209364298352
0.7937158315713332,0.944412373855432,1.4212765222359351,0.6951209364298352
0.7937158315713332,0.944412373855432,1.4401642438011055,0.6951209364298352
0.7937158315713332,0.944412373855432,1.3388380935831083,0.6951209364298352
0.7937158315713332,0.944412373855432,1.1610538310518637,0.6951209364298352
0.7937158315713332,0.944412373855432,1.132758071150186,0.6951209364298352
0.7937158315713332,0.944412373855432,1.0344190762421903,0.6951209364298352
0.7937158315713332,0.944412373855432,1.1892133079460663,0.6951209364298352
0.7937158315713332,0.944412373855432,1.5857532076659497,0.6951209364298352
0.7937158315713332,0.944412373855432,1.4052740515292077,0.6951209364298352
0.7937158315713332,0.944412373855432,1.2819098381524952,0.6951209364298352
0.7937158315713332,0.944412373855432,1.3681789048239383,0.6951209364298352
0.7937158315713332,0.944412373855432,1.1658800488054932,0.6951209364298352
0.8370172985373601,0.944412373855432,1.2233866454740308,0.6951209364298352
0.8370172985373601,0.944412373855432,1.3028409452577805,0.6951209364298352
0.8370172985373601,0.9501123030064806,1.2110775413729629,0.6951209364298352
0.8370172985373601,0.9501123030064806,0.9084116274468513,0.6951209364298352
0.8370172985373601,0.9501123030064806,1.2925759781292507,0.6951209364298352
0.8370172985373601,0.9501123030064806,1.1351673140971763,0.6951209364298352
0.8370172985373601,0.9501123030064806,1.535893783747447,0.6951209364298352
0.8370172985373601,0.9501123030064806,1.0956044383807442,0.6951209364298352
0.8370172985373601,0.9501123030064806,1.1580648243901754,0.6951209364298352
0.8370172985373601,0.9501123030064806,1.0864511618947779,0.6951209364298352
0.8370172985373601,0.9501123030064806,1.0443021862847117,0.6951209364298352
0.8370172985373601,0.9501123030064806,1.1864471919441015,0.6951209364298352
0.8370172985373601,0.9501123030064806,1.0109599694828566,0.6951209364298352
0.8370172985373601,0.9501123030064806,1.1807350642714434,0.6951209364298352
0.7541538458685131,0.9501123030064806,0.8600717115569061,0.6951209364298352
0.7541538458685131,0.9501123030064806,1.4311146643790276,0.6951209364298352
0.7541538458685131,0.9501123030064806,1.168588288156942,0.6951209364298352
0.7541538458685131,0.9501123030064806,1.237885433072662,0.6951209364298352
0.7541538458685131,0.9501123030064806,1.1009830145010124,0.6951209364298352
0.7541538458685131,0.9501123030064806,1.2481296432602216,0.6951209364298352
0.7541538458685131,0.9501123030064806,1.7357682132807082,0.6951209364298352
0.7781260348675005,0.9501123030064806,1.2744095529700763,0.6951209364298352
0.7781260348675005,0.9501123030064806,1.076013016916596,0.6951209364298352
0.7781260348675005,0.9501123030064806,1.2627505028749382,0.6951209364298352
0.7781260348675005,0.9501123030064806,1.2092175107439909,0.6951209364298352
0.7781260348675005,0.9501123030064806,1.4416029235552927,0.6951209364298352
0.7781260348675005,0.9501123030064806,1.2524467295531787,0.6951209364298352
0.7781260348675005,0.9501123030064806,1.6180101504664373,0.6951209364298352
0.7781260348675005,0.9501123030064806,1.299436869339673,0.6951209364298352
0.7781260348675005,0.9501123030064806,1.3787147610372052,0.6951209364298352
0.7781260348675005,0.9501123030064806,1.2169110186746595,0.6951209364298352
0.7781260348675005,0.9501123030064806,1.1629679888180442,0.6951209364298352
0.7781260348675005,0.9501123030064806,1.3081897163857974,0.6951209364298352
0.7781260348675005,0.9501123030064806,1.222305140013037,0.6951209364298352
0.7393012217032378,0.9501123030064806,1.191670097827983,0.6951209364298352
0.7393012217032378,0.9501123030064806,1.1033843177324534,0.6951209364298352
0.7393012217032378,0.9501123030064806,1.2703538893820114,0.6951209364298352
0.7393012217032378,0.9501123030064806,1.2513446856043937,0.6951209364298352
0.7393012217032378,0.9501123030064806,1.2843785966381553,0.6951209364298352
0.7393012217032378,0.9501123030064806,1.1812098243496123,0.6951209364298352
0.7393012217032378,0.9501123030064806,1.3459128896233186,0.6951209364298352
0.7393012217032378,0.9501123030064806,1.349388753029013,0.6951209364298352
0.9610438845456724,0.9501123030064806,1.051232523134191,0.6951209364298352
0.9610438845456724,0.9501123030064806,1.094065297595518,0.6951209364298352
0.9610438845456724,0.9501123030064806,0.8949283970990566,0.6951209364298352
0.8290428157824207,0.9501123030064806,1.1056065958426236,0.6951209364298352
0.8290428157824207,0.9501123030064806,0.9853233755535016,0.6951209364298352
0.8290428157824207,0.9501123030064806,1.2312990177423235,0.6951209364298352
0.8290428157824207,0.9501123030064806,1.1469727379994075,0.6951209364298352
0.8290428157824207,0.9501123030064806,1.5658042309370763,0.6951209364298352
0.8290428157824207,0.9501123030064806,1.2258796572785908,0.6951209364298352
0.8554387359687489,0.9501123030064806,1.1286214866641446,0.6951209364298352
0.8554387359687489,0.9501123030064806,1.017265775826227,0.6951209364298352
0.8554387359687489,0.9501123030064806,1.4078065265056103,0.6951209364298352
0.8554387359687489,0.9501123030064806,1.159804783160448,0.6951209364298352
0.8554387359687489,0.9501123030064806,1.1588109674323244,0.6951209364298352
0.8554387359687489,0.9501123030064806,1.0669243572650435,0.6951209364298352
0.8554387359687489,0.9501123030064806,0.9516417171425019,0.6951209364298352
0.8554387359687489,0.9501123030064806,1.089886397275997,0.6951209364298352
0.8554387359687489,0.9501123030064806,1.2327794688262792,0.6951209364298352
0.8554387359687489,0.9501123030064806,0.9904171245230774,0.6951209364298352
0.8554387359687489,0.9162089256559383,1.462448184064452,0.6951209364298352
0.8554387359687489,0.9162089256559383,1.4556478121714327,0.6951209364298352
0.8934136901399962,0.9162089256559383,1.2590423943788,0.6951209364298352
0.8934136901399962,0.9162089256559383,1.172670919549672,0.6951209364298352
0.9644938824821552,0.9162089256559383,1.1886183339229004,0.6951209364298352
0.9644938824821552,0.9162089256559383,1.1247246451354673,0.6951209364298352
0.9644938824821552,0.9162089256559383,1.1481776118392069,0.6951209364298352
0.9644938824821552,0.9162089256559383,1.319343845807559,0.6951209364298352
0.9644938824821552,0.9162089256559383,0.9994592636967022,0.6951209364298352
0.9644938824821552,0.9162089256559383,1.2763940866443346,0.6951209364298352
0.9644938824821552,0.9162089256559383,1.339327891525622,0.6951209364298352
0.9644938824821552,0.9162089256559383,1.010292271298953,0.6951209364298352
0.9644938824821552,0.9162089256559383,1.2664791466907588,0.6951209364298352
0.9644938824821552,0.9162089256559383,1.292879158456611,0.6951209364298352
0.9644938824821552,0.9162089256559383,1.2180094328280355,0.6951209364298352
0.9644938824821552,0.9162089256559383,0.8834695564179967,0.6951209364298352
0.9644938824821552,0.9162089256559383,0.986397456520344,0.6951209364298352
0.9644938824821552,0.9162089256559383,1.1071303703120123,0.6951209364298352
1.0897821138929646,0.9162089256559383,1.1570663392995488,0.6951209364298352
1.0897821138929646,0.9162089256559383,0.8756990870956247,0.6951209364298352
0.9095372713285775,0.9162089256559383,1.0382232149540833,0.6951209364298352
0.9095372713285775,0.9162089256559383,1.2509252182383346,0.6951209364298352
0.9095372713285775,0.9162089256559383,1.2672005319242645,0.6951209364298352
0.9095372713285775,0.9162089256559383,1.213610397434985,0.6951209364298352
0.9095372713285775,0.9162089256559383,1.3551216186655788,0.6951209364298352
0.9095372713285775,0.9162089256559383,1.2912487764550409,0.6951209364298352
0.9095372713285775,0.9162089256559383,1.0417804481674122,0.6951209364298352
0.9095372713285775,0.9162089256559383,1.064888813600637,0.6951209364298352
0.9095372713285775,0.9162089256559383,1.2049070052744175,0.6951209364298352
0.9095372713285775,0.9162089256559383,1.305672591891401,0.6951209364298352
0.9095372713285775,0.9162089256559383,1.2020052070765075,0.6951209364298352
0.9095372713285775,0.9162089256559383,1.0353089472101362,0.6951209364298352
0.9095372713285775,0.9162089256559383,1.2434563590088512,0.6951209364298352
0.9095372713285775,0.9162089256559383,1.3913790427348138,0.6951209364298352
0.9095372713285775,0.9162089256559383,1.434554965362478,0.6951209364298352
0.9095372713285775,0.9162089256559383,1.2347625755119445,0.6951209364298352
0.9095372713285775,0.9162089256559383,1.237949055845806,0.6951209364298352
0.9095372713285775,0.9162089256559383,1.1634513624324385,0.6951209364298352
0.9095372713285775,0.9162089256559383,1.1266177218694962,0.6951209364298352
0.9095372713285775,0.9162089256559383,1.107371013464822,0.6951209364298352
0.9095372713285775,0.9162089256559383,1.1806924050271077,0.6951209364298352
1.089221252419536,0.9162089256559383,0.9390629031139985,0.6951209364298352
1.089221252419536,0.9162089256559383,1.2147768013953082,0.6951209364298352
1.089221252419536,0.9162089256559383,1.049411890888878,0.6951209364298352
1.089221252419536,0.9162089256559383,1.0893372291887187,0.6951209364298352
1.089221252419536,0.9162089256559383,0.8956101496383373,0.6951209364298352
1.089221252419536,0.9162089256559383,1.0081333400619523,0.6951209364298352
1.089221252419536,0.9162089256559383,1.0592390100361577,0.6951209364298352
1.089221252419536,0.9162089256559383,1.0733986256788104,0.6951209364298352
1.089221252419536,0.9162089256559383,1.0749659080505618,0.6951209364298352
1.089221252419536,0.9162089256559383,1.1317942378336865,0.6951209364298352
1.089221252419536,0.9162089256559383,1.0756897770134175,0.6951209364298352
1.089221252419536,0.9162089256559383,1.1259245239794617,0.6951209364298352
1.0815406537197836,0.9162089256559383,0.9277013600513296,0.6951209364298352
1.0815406537197836,0.9162089256559383,1.0290764299058237,0.6951209364298352
1.0815406537197836,0.9162089256559383,1.0921791633186226,0.6951209364298352
1.0815406537197836,0.9162089256559383,1.1595211380063677,0.6951209364298352
1.0815406537197836,0.9162089256559383,0.9889267409606545,0.6951209364298352
1.0815406537197836,0.9162089256559383,0.946434883189111,0.6951209364298352
1.0815406537197836,0.9162089256559383,1.0001820271612065,0.6951209364298352
1.0815406537197836,0.9230941563103742,0.994283610049199,0.6951209364298352
1.0815406537197836,0.9230941563103742,0.8777618534359418,0.6951209364298352
1.0815406537197836,0.9230941563103742,1.1432325235723677,0.6951209364298352
1.0815406537197836,0.9230941563103742,1.2406270136658961,0.6951209364298352
1.0815406537197836,0.9230941563103742,1.1136876506129674,0.6951209364298352
1.0815406537197836,0.9230941563103742,1.1005060873658905,0.6951209364298352
1.0815406537197836,0.9230941563103742,0.9546878687886373,0.6951209364298352
1.0815406537197836,0.9230941563103742,1.0673317612457827,0.6951209364298352
1.0815406537197836,0.9230941563103742,1.006709547914627,0.6951209364298352
1.0815406537197836,0.9230941563103742,1.0189259348093396,0.6951209364298352
1.0815406537197836,0.9230941563103742,1.0836296613983343,0.6951209364298352
1.0815406537197836,0.9230941563103742,1.1455114406133327,0.6951209364298352
1.0815406537197836,0.9230941563103742,1.0239316192832708,0.6951209364298352
1.0815406537197836,0.9230941563103742,0.8138936912091105,0.6951209364298352
1.0815406537197836,0.9230941563103742,0.9674107817388307,0.6951209364298352
1.0815406537197836,0.9230941563103742,0.9737125693155605,0.6951209364298352
1.0815406537197836,0.9230941563103742,0.9931831792692536,0.6951209364298352
1.0815406537197836,0.9230941563103742,1.0696352102661815,0.6951209364298352
1.0815406537197836,0.9230941563103742,1.0341380707874561,0.6951209364298352
0.9307576375218979,0.9230941563103742,0.899150895822329,0.6951209364298352
0.9307576375218979,0.9230941563103742,1.0670141175465215,0.6951209364298352
0.9307576375218979,0.9230941563103742,1.0872611363530027,0.6951209364298352
0.9307576375218979,0.9230941563103742,1.0284133516134228,0.6951209364298352
0.9307576375218979,0.9230941563103742,1.010538469516105,0.6951209364298352
0.9307576375218979,0.9482022014666661,1.1959571021637307,0.6951209364298352
0.9307576375218979,0.9482022014666661,0.9696417124499802,0.6951209364298352
0.9307576375218979,0.9482022014666661,1.0972947899135537,0.6951209364298352
0.9307576375218979,0.9482022014666661,1.0435107261836032,0.6951209364298352
0.9307576375218979,0.9482022014666661,1.0660974026307706,0.6951209364298352
0.9307576375218979,0.9482022014666661,1.0302562501699477,0.6951209364298352
0.9307576375218979,0.9482022014666661,1.048033567985239,0.6951209364298352
0.9307576375218979,0.9482022014666661,0.9433015652389802,0.6951209364298352
0.9307576375218979,0.9482022014666661,0.8272385779433078,0.6951209364298352
0.9307576375218979,0.9482022014666661,1.0650465763388768,0.6951209364298352
0.9307576375218979,0.9482022014666661,1.1477193113594661,0.6951209364298352
0.9307576375218979,0.9482022014666661,0.9556291818155969,0.6951209364298352
0.9307576375218979,0.9482022014666661,1.0386447841774178,0.6951209364298352
0.9307576375218979,0.9482022014666661,0.9436769268100721,0.6951209364298352
0.9307576375218979,0.9482022014666661,1.1087696451435298,0.6951209364298352
0.9307576375218979,0.9482022014666661,0.9829651491821252,0.6951209364298352
0.9307576375218979,0.9482022014666661,1.0070300120708249,0.6951209364298352
0.9307576375218979,0.9482022014666661,1.1340902521823817,0.6951209364298352
0.9307576375218979,0.9482022014666661,1.1065957344379254,0.6951209364298352
0.9307576375218979,0.9482022014666661,1.0706505090439613,0.6951209364298352
0.9307576375218979,0.9482022014666661,1.0545584639097627,0.6951209364298352
0.9307576375218979,0.9482022014666661,0.9482194888374488,0.6951209364298352
0.7096467943093574,0.9482022014666661,1.2707178423863392,0.6951209364298352
0.7096467943093574,0.9482022014666661,1.7675315658494355,0.6951209364298352
0.7096467943093574,0.9482022014666661,1.3559086841020191,0.6951209364298352
0.7096467943093574,0.9482022014666661,1.4557767266573367,0.6951209364298352
0.7096467943093574,1.0312952224301222,1.1258998765901176,0.6951209364298352
0.7096467943093574,1.0312952224301222,0.9082615129286484,0.6951209364298352
0.7096467943093574,1.0247079249652478,0.9483568774113601,0.6951209364298352
0.7096467943093574,1.0247079249652478,0.9502994548960775,0.6951209364298352
0.7096467943093574,1.0247079249652478,1.0914526180042354,0.6951209364298352
0.7096467943093574,1.0247079249652478,1.002364781917316,0.6951209364298352
0.7096467943093574,1.0247079249652478,1.0876202677313032,0.6951209364298352
0.7096467943093574,1.0247079249652478,0.9108099336175164,0.6951209364298352
0.7096467943093574,1.0247079249652478,1.0581705092237732,0.6951209364298352
0.7096467943093574,1.0247079249652478,1.1282790197661814,0.6951209364298352
0.7096467943093574,1.0247079249652478,1.004941135452564,0.6951209364298352
0.7096467943093574,1.0247079249652478,1.075483912933015,0.6951209364298352
0.7096467943093574,1.0247079249652478,1.0706526766204172,0.6951209364298352
0.7096467943093574,1.0247079249652478,1.082395770076123,0.6951209364298352
0.7096467943093574,1.0247079249652478,1.0420571417735685,0.6951209364298352
0.7096467943093574,1.0247079249652478,0.9805436961434646,0.6951209364298352
0.7096467943093574,1.0247079249652478,0.9424694710096327,0.6951209364298352
0.6448815795162549,1.0247079249652478,0.9342053591052619,0.6951209364298352
0.6448815795162549,1.0247079249652478,1.1894444701605407,0.6951209364298352
0.6033646713729823,1.0247079249652478,1.1142702153102246,0.6951209364298352
0.6033646713729823,1.0247079249652478,1.1025085686847096,0.6951209364298352
0.6033646713729823,1.0247079249652478,1.532614557960672,0.6951209364298352
0.6033646713729823,1.0247079249652478,1.2296365450971378,0.6951209364298352
0.6033646713729823,1.0247079249652478,1.323793793231699,0.6951209364298352
0.6033646713729823,1.0247079249652478,1.2032745972576457,0.6951209364298352
0.6033646713729823,1.0247079249652478,1.1314405259054072,0.6951209364298352
0.6033646713729823,1.0247079249652478,1.2507895601504,0.6951209364298352
0.6033646713729823,1.0247079249652478,1.043203616476204,0.6951209364298352
0.6033646713729823,1.0247079249652478,1.1283379914004812,0.6951209364298352
0.6033646713729823,1.0247079249652478,1.1806731329916078,0.6951209364298352
0.6033646713729823,1.0247079249652478,1.0732326824237215,0.6951209364298352
0.636671194746952,1.0247079249652478,1.1478057545700124,0.6951209364298352
0.636671194746952,1.0247079249652478,1.075501656802989,0.6951209364298352
0.636671194746952,1.0247079249652478,1.1135975816645285,0.6951209364298352
0.636671194746952,1.0247079249652478,1.1933220858868738,0.6951209364298352
0.636671194746952,1.0247079249652478,1.164141435404042,0.6951209364298352
0.636671194746952,1.0247079249652478,1.1061391792395519,0.6951209364298352
0.636671194746952,1.0247079249652478,1.1286773774230203,0.6951209364298352
0.636671194746952,1.032512518886544,1.187952522756529,0.6951209364298352
0.636671194746952,1.032512518886544,1.0014647607053706,0.6951209364298352
0.636671194746952,1.032512518886544,1.0817661832487246,0.6951209364298352
0.636671194746952,1.032512518886544,1.1736431374385186,0.6951209364298352
0.636671194746952,1.032512518886544,1.1455726358648357,0.6951209364298352
0.636671194746952,1.032512518886544,1.1210338593805416,0.6951209364298352
0.636671194746952,1.032512518886544,1.0899486937837621,0.6951209364298352
0.636671194746952,1.032512518886544,0.9672239321463167,0.6951209364298352
0.636671194746952,1.032512518886544,1.1104279558275065,0.6951209364298352
0.636671194746952,1.032512518886544,1.0427681291598514,0.6951209364298352
0.636671194746952,1.032512518886544,1.0404372699024835,0.6951209364298352
0.636671194746952,1.032512518886544,1.028719528393113,0.6951209364298352
0.636671194746952,1.032512518886544,0.9306544366633297,0.6951209364298352
0.636671194746952,1.032512518886544,1.0706232695678777,0.6951209364298352
0.636671194746952,1.032512518886544,0.9877704930129151,0.6951209364298352
0.636671194746952,1.032512518886544,1.117739325887744,0.6951209364298352
0.636671194746952,1.032512518886544,0.939792142532435,0.6951209364298352
0.636671194746952,1.032512518886544,1.2317556631451174,0.6951209364298352
0.636671194746952,1.0528221161878735,1.036531792308903,0.6951209364298352
0.636671194746952,1.0528221161878735,0.9605057868764447,0.6951209364298352
0.636671194746952,1.0528221161878735,1.0797047702913047,0.6951209364298352
0.636671194746952,1.0528221161878735,1.371701935636471,0.6951209364298352
0.636671194746952,1.0528221161878735,1.1021232848177467,0.6951209364298352
0.636671194746952,1.0528221161878735,1.3231928227155236,0.6951209364298352
0.636671194746952,1.0528221161878735,1.2365845259084363,0.6951209364298352
0.636671194746952,1.0528221161878735,0.9125006542262651,0.6951209364298352
0.636671194746952,1.0330942175435982,1.0632204556022913,0.6951209364298352
0.636671194746952,1.0330942175435982,1.2204869029337329,0.6951209364298352
0.636671194746952,1.0330942175435982,1.1307168337169802,0.6951209364298352
0.636671194746952,1.0330942175435982,1.0253846788020082,0.6951209364298352
0.636671194746952,1.0330942175435982,0.8875745918232825,0.6951209364298352
0.636671194746952,1.0330942175435982,1.2721143243343394,0.6951209364298352
0.636671194746952,1.0330942175435982,1.1956929515561396,0.6951209364298352
0.636671194746952,1.0330942175435982,1.1036268119318242,0.6951209364298352
0.636671194746952,1.0330942175435982,1.2272734660291407,0.6951209364298352
0.636671194746952,1.0330942175435982,1.4752442673874915,0.6951209364298352
0.636671194746952,1.0330942175435982,1.0311619771114642,0.6951209364298352
0.636671194746952,1.0330942175435982,1.1514090641756853,0.6951209364298352
0.636671194746952,1.0330942175435982,1.0085763980314202,0.6951209364298352
0.636671194746952,1.0330942175435982,0.9765486760929034,0.6951209364298352
0.636671194746952,1.0330942175435982,0.9812557431549617,0.6951209364298352
0.6329388421977297,1.0330942175435982,1.1584505475562556,0.6951209364298352
0.6329388421977297,1.0330942175435982,1.0343471749269928,0.6951209364298352
0.6329388421977297,1.0330942175435982,1.1582053237471068,0.6951209364298352
0.6329388421977297,1.0330942175435982,1.0537348004772773,0.6951209364298352
0.6329388421977297,1.0330942175435982,0.999368935633978,0.6951209364298352
0.6329388421977297,1.0330942175435982,1.15157399270284,0.6951209364298352
0.6329388421977297,1.0330942175435982,1.0882161780866197,0.6951209364298352
0.6329388421977297,1.0330942175435982,1.2231739741055503,0.6951209364298352
0.6329388421977297,1.0330942175435982,0.9592296741739421,0.6951209364298352
0.6329388421977297,1.0330942175435982,1.3025516630969283,0.6951209364298352
0.6329388421977297,1.0330942175435982,0.9126833930762727,0.6951209364298352
0.6329388421977297,1.0330942175435982,1.1090329309941156,0.6951209364298352
0.6329388421977297,1.0330942175435982,1.1015093405589103,0.6951209364298352
0.6329388421977297,1.0330942175435982,1.0454594375590494,0.6951209364298352
0.6329388421977297,1.0330942175435982,1.1528277890905152,0.6951209364298352
0.6329388421977297,1.0330942175435982,1.1024030049013054,0.6951209364298352
0.6329388421977297,1.0330942175435982,0.9657790101635941,0.6951209364298352
0.6329388421977297,1.0330942175435982,1.0890048103094936,0.6951209364298352
0.6329388421977297,1.0330942175435982,1.2018961598802824,0.6951209364298352
0.6329388421977297,1.0330942175435982,1.0348218782341907,0.6951209364298352
0.6329388421977297,1.0330942175435982,1.170809728422629,0.6951209364298352
0.6329388421977297,1.0330942175435982,1.2456922616167427,0.6951209364298352
0.6329388421977297,1.0330942175435982,1.1478647459811495,0.6951209364298352
0.6329388421977297,1.0330942175435982,1.3050341019112806,0.6951209364298352
0.6329388421977297,1.0330942175435982,1.0162584500197451,0.6951209364298352
0.6329388421977297,1.0330942175435982,1.0642733826097865,0.6951209364298352
0.6329388421977297,1.0330942175435982,1.0094537013750104,0.6951209364298352
0.6329388421977297,1.0330942175435982,1.0445823551447073,0.6951209364298352
0.6329388421977297,1.0330942175435982,0.9719608008553272,0.6951209364298352
0.6329388421977297,1.0330942175435982,1.2930459669559293,0.6951209364298352
0.6329388421977297,1.0330942175435982,1.313566692124668,0.6951209364298352
0.6329388421977297,1.0330942175435982,1.0362878053700175,0.6951209364298352
0.6329388421977297,1.0330942175435982,0.9640206249277662,0.6951209364298352
0.6329388421977297,1.0330942175435982,1.1515914225314947,0.6951209364298352
0.6329388421977297,1.0330942175435982,1.0925652044281116,0.6951209364298352
0.6329388421977297,1.0330942175435982,1.135561011939255,0.6951209364298352
0.6329388421977297,1.0330942175435982,0.8631623661481161,0.6951209364298352
0.6329388421977297,1.0330942175435982,0.962482204072911,0.6951209364298352
0.6329388421977297,1.0330942175435982,1.107495244115442,0.6951209364298352
0.6329388421977297,1.0330942175435982,1.0953851480236891,0.6951209364298352
0.6329388421977297,1.0330942175435982,1.0973466237372465,0.6951209364298352
0.6329388421977297,1.0330942175435982,1.134350711100708,0.6951209364298352
0.6329388421977297,1.0330942175435982,0.8883249702785769,0.6951209364298352
0.6329388421977297,1.0330942175435982,1.0985795333503126,0.6951209364298352
0.6329388421977297,1.0330942175435982,1.0585343474116564,0.6951209364298352
0.6329388421977297,1.0330942175435982,1.2556875445265216,0.6951209364298352
0.6329388421977297,1.0330942175435982,1.2195536377863565,0.6951209364298352
0.6329388421977297,1.0330942175435982,1.047093200847236,0.6951209364298352
0.6329388421977297,1.0330942175435982,1.2426029179583347,0.6951209364298352
0.6329388421977297,1.0330942175435982,1.383719581747697,0.6951209364298352
0.6329388421977297,1.0330942175435982,0.9698460674623492,0.6951209364298352
0.6329388421977297,1.0330942175435982,1.3209974775321787,0.6951209364298352
0.6329388421977297,1.0330942175435982,1.1025995454124689,0.6951209364298352
0.575400747869806,1.0330942175435982,1.2221492880044762,0.6951209364298352
0.575400747869806,1.0330942175435982,1.0562872131022323,0.6951209364298352
0.575400747869806,1.0330942175435982,1.4188447560220003,0.6951209364298352
0.575400747869806,1.0330942175435982,1.196402471363854,0.6951209364298352
0.575400747869806,1.0330942175435982,1.2622699268157478,0.6951209364298352
0.575400747869806,1.0330942175435982,1.159551457793932,0.6951209364298352
0.575400747869806,1.0330942175435982,1.105814589503061,0.6951209364298352
0.575400747869806,1.0330942175435982,1.2637214069979141,0.6951209364298352
0.575400747869806,1.0330942175435982,1.4039989232875545,0.6951209364298352
0.575400747869806,1.0330942175435982,1.2174065477546039,0.6951209364298352
0.575400747869806,1.0330942175435982,1.1300218339112076,0.6951209364298352
0.575400747869806,1.0330942175435982,1.0520568756161497,0.6951209364298352
0.575400747869806,1.0330942175435982,1.3289215332592141,0.6951209364298352
0.575400747869806,1.0330942175435982,1.348485820454436,0.6951209364298352
0.575400747869806,1.0330942175435982,1.0936743405396019,0.6951209364298352
0.45289775242618185,1.0330942175435982,1.6525988059857348,0.6951209364298352
0.45289775242618185,1.0330942175435982,1.652414238756459,0.6951209364298352
0.45289775242618185,1.0330942175435982,1.5329201004384394,0.6951209364298352
0.45289775242618185,1.0330942175435982,1.4821269022310073,0.6951209364298352
0.5059580124073079,1.0330942175435982,1.3623798952348758,0.6951209364298352
0.5059580124073079,1.0330942175435982,1.2318391780430507,0.6951209364298352
0.6489801945149677,1.0330942175435982,1.252588798193201,0.6951209364298352
0.6489801945149677,1.0330942175435982,0.9350603228800464,0.6951209364298352
0.6489801945149677,1.0330942175435982,1.1912189108409468,0.6951209364298352
0.6489801945149677,1.0330942175435982,0.9841414829939297,0.6951209364298352
0.6489801945149677,1.0330942175435982,1.1477004205845105,0.6951209364298352
0.6489801945149677,1.0330942175435982,1.2888885631132068,0.6951209364298352
0.6489801945149677,1.0330942175435982,1.1761508690252684,0.6951209364298352
0.6489801945149677,1.0330942175435982,0.9730075275918204,0.6951209364298352
0.6489801945149677,1.0330942175435982,1.002032731381195,0.6951209364298352
0.6489801945149677,1.0330942175435982,1.1572533838062078,0.6951209364298352
0.6489801945149677,1.0330942175435982,0.8551340917171446,0.6951209364298352
0.6489801945149677,1.0330942175435982,1.1646839185731712,0.6951209364298352
0.6489801945149677,1.0330942175435982,1.1240636644676432,0.6951209364298352
0.6489801945149677,1.0330942175435982,1.1626959845986053,0.6951209364298352
0.6489801945149677,1.0330942175435982,1.1509871897317825,0.6951209364298352
0.6489801945149677,1.0330942175435982,1.1385849659896088,0.6951209364298352
0.6489801945149677,1.0330942175435982,1.2730819026470188,0.6951209364298352
0.6489801945149677,1.0330942175435982,1.0368116232954863,0.6951209364298352
0.6489801945149677,1.0330942175435982,1.1949042583124503,0.6951209364298352
0.6489801945149677,1.0249932562799167,1.3495945812828354,0.6951209364298352
0.6489801945149677,1.0249932562799167,1.1775659782978942,0.6951209364298352
0.6489801945149677,1.0249932562799167,1.1957937080440155,0.6951209364298352
0.6489801945149677,1.0249932562799167,1.2974951423878582,0.6951209364298352
0.6489801945149677,1.0249932562799167,1.296909366600524,0.6951209364298352
0.6489801945149677,1.0249932562799167,1.252756073266898,0.6951209364298352
0.6489801945149677,1.0249932562799167,0.9280935469102256,0.6951209364298352
0.6489801945149677,1.0249932562799167,1.0693130744530412,0.6951209364298352
0.6489801945149677,1.0249932562799167,1.0742488214312471,0.6951209364298352
0.6489801945149677,1.0168274372062178,1.1524949209726085,0.6951209364298352
0.6489801945149677,1.0168274372062178,1.146871404770907,0.6951209364298352
0.6489801945149677,1.0168274372062178,1.3216782728615288,0.6951209364298352
0.6489801945149677,1.0168274372062178,1.3129635410378167,0.6951209364298352
0.6489801945149677,1.0168274372062178,1.1817714755728375,0.6951209364298352
0.6489801945149677,1.0168274372062178,0.829523628549795,0.6951209364298352
0.6489801945149677,1.0168274372062178,1.132630861590284,0.6951209364298352
0.6489801945149677,1.0168274372062178,1.103443157565963,0.6951209364298352
0.6489801945149677,1.0168274372062178,1.1987991015266304,0.6951209364298352
0.6489801945149677,1.0168274372062178,1.5686977465357574,0.6951209364298352
0.6489801945149677,1.0168274372062178,1.139962848888341,0.6951209364298352
0.6489801945149677,1.0168274372062178,1.2277436793887326,0.6951209364298352
0.6489801945149677,1.0168274372062178,1.2801598203706968,0.6951209364298352
0.6489801945149677,1.0168274372062178,1.2555199920346334,0.6951209364298352
0.6489801945149677,1.0168274372062178,1.1121487327022608,0.6951209364298352
0.6489801945149677,1.0168274372062178,1.4029568776880588,0.6951209364298352
0.6489801945149677,1.0168274372062178,0.9281354311588927,0.6951209364298352
0.6489801945149677,1.0168274372062178,1.186722016243685,0.6951209364298352
0.6489801945149677,1.0168274372062178,1.2830431923666408,0.6951209364298352
0.6489801945149677,1.0168274372062178,1.1805173548095362,0.6951209364298352
0.7118229681369793,1.0168274372062178,1.0527389789131123,0.6951209364298352
0.7118229681369793,1.0168274372062178,1.1769638958789899,0.6951209364298352
0.7118229681369793,1.0168274372062178,1.0431298373383584,0.6951209364298352
0.7118229681369793,1.0168274372062178,0.9448281886200731,0.6951209364298352
0.7118229681369793,1.0168274372062178,0.9049025380312065,0.6951209364298352
0.7118229681369793,1.0168274372062178,1.0957435199326049,0.6951209364298352
0.7118229681369793,1.0168274372062178,1.0040224240032438,0.6951209364298352
0.7118229681369793,1.0168274372062178,1.0603305378129502,0.6951209364298352
0.7118229681369793,1.0168274372062178,1.3293056069098332,0.6951209364298352
0.7118229681369793,1.0168274372062178,1.0572354373840436,0.6951209364298352
0.7118229681369793,1.0168274372062178,1.113228992437188,0.6951209364298352
0.7118229681369793,1.0168274372062178,0.9906013954563267,0.6951209364298352
0.6526250629994356,1.0168274372062178,1.1353300151488868,0.6951209364298352
0.6526250629994356,1.0168274372062178,1.353494417200347,0.6951209364298352
0.6526250629994356,1.0168274372062178,1.2785318736510882,0.6951209364298352
0.6526250629994356,1.0168274372062178,1.176151726446057,0.6951209364298352
0.6751479956579478,1.0168274372062178,0.9771407901515802,0.6951209364298352
0.6751479956579478,1.0168274372062178,1.0938215974509304,0.6951209364298352
0.6751479956579478,1.0168274372062178,1.0177860833686134,0.6951209364298352
0.6751479956579478,1.0168274372062178,1.1659968035387291,0.6951209364298352
0.6751479956579478,1.0168274372062178,1.3917964252000568,0.6951209364298352
0.6751479956579478,1.0168274372062178,1.0512497152370182,0.6951209364298352
0.6751479956579478,1.0168274372062178,1.3466329250154274,0.6951209364298352
0.6751479956579478,1.0168274372062178,1.2370810683544795,0.6951209364298352
0.6751479956579478,1.0168274372062178,1.066787334559424,0.6951209364298352
0.6751479956579478,1.0168274372062178,1.2309104815908751,0.6951209364298352
0.6751479956579478,1.0168274372062178,1.1139954259727418,0.6951209364298352
0.6751479956579478,1.0168274372062178,1.2170017088269176,0.6951209364298352
0.6751479956579478,0.9966995338745348,0.9909696361188867,0.6951209364298352
0.6751479956579478,0.9966995338745348,1.3332727863623879,0.6951209364298352
0.6751479956579478,0.9966995338745348,1.1005305886435557,0.6951209364298352
0.6751479956579478,0.9966995338745348,1.2565797548956672,0.6951209364298352
0.6751479956579478,1.01327711333405,1.0721994442215836,0.6951209364298352
0.6751479956579478,1.01327711333405,1.160495940868291,0.6951209364298352
0.6751479956579478,1.01327711333405,1.3871398332981266,0.6951209364298352
0.6751479956579478,1.01327711333405,0.9276294475494846,0.6951209364298352
0.6751479956579478,1.01327711333405,1.1175586706208944,0.6951209364298352
0.6751479956579478,1.01327711333405,1.094426093210207,0.6951209364298352
0.6751479956579478,1.01327711333405,1.0973928584663808,0.6951209364298352
0.7044193118132647,1.01327711333405,1.1409165074353187,0.6951209364298352
0.7044193118132647,1.01327711333405,1.0750698426195011,0.6951209364298352
0.7044193118132647,1.01327711333405,1.164033000093305,0.6951209364298352
0.7044193118132647,1.01327711333405,0.9868759395507339,0.6951209364298352
0.7044193118132647,1.01327711333405,1.1277083693459968,0.6951209364298352
0.7044193118132647,1.01327711333405,1.1432114895420131,0.6951209364298352
0.7044193118132647,1.01327711333405,1.2854113355161447,0.6951209364298352
0.7320024760954345,1.01327711333405,1.1478586493534646,0.6951209364298352
0.7320024760954345,1.01327711333405,1.0908438696230733,0.6951209364298352
0.7320024760954345,1.004098682386169,0.9236926634856456,0.6951209364298352
0.7320024760954345,1.004098682386169,1.1911452774100841,0.6951209364298352
0.7320024760954345,1.004098682386169,1.0482541479217564,0.6951209364298352
0.7320024760954345,1.004098682386169,1.1362515944007612,0.6951209364298352
0.7320024760954345,1.004098682386169,1.125796933798395,0.6951209364298352
0.7320024760954345,1.004098682386169,1.060994955191262,0.6951209364298352
0.7320024760954345,1.004098682386169,1.043041604036747,0.6951209364298352
0.8120393376380133,1.004098682386169,0.9870347888552164,0.6951209364298352
0.8120393376380133,1.004098682386169,0.95425081106044,0.6951209364298352
0.8120393376380133,1.004098682386169,1.0484001896822315,0.6951209364298352
0.6779750292290905,1.004098682386169,0.9608023573963398,0.6951209364298352
0.6779750292290905,1.004098682386169,1.2315963126184966,0.6951209364298352
0.6779750292290905,1.004098682386169,1.2132509928820798,0.6951209364298352
0.6779750292290905,1.004098682386169,1.1505162779668943,0.6951209364298352
0.6779750292290905,1.004098682386169,1.1555138365959765,0.6951209364298352
0.6779750292290905,1.004098682386169,0.9223738116243694,0.6951209364298352
0.6779750292290905,1.004098682386169,1.2519213838576626,0.6951209364298352
0.6779750292290905,1.004098682386169,1.4039062865049892,0.6951209364298352
0.6779750292290905,1.004098682386169,1.2092709349506912,0.6951209364298352
0.6779750292290905,1.004098682386169,1.2806657962971657,0.6951209364298352
0.6779750292290905,1.0551186993354598,0.9886100434039296,0.6951209364298352
0.6779750292290905,1.0551186993354598,1.0340250989984712,0.6951209364298352
0.6779750292290905,1.0551186993354598,1.0114861800407493,0.6951209364298352
0.6779750292290905,1.0551186993354598,0.9998230016030595,0.6951209364298352
0.6779750292290905,1.0551186993354598,0.8646002367037966,0.6951209364298352
0.6779750292290905,1.0551186993354598,0.9378831882114442,0.6951209364298352
0.6779750292290905,1.0551186993354598,1.0605457606344384,0.6951209364298352
0.6779750292290905,1.0551186993354598,0.8760562956109387,0.6951209364298352
0.6779750292290905,1.0551186993354598,0.8757454664364978,0.6951209364298352
0.5643995270095117,1.0551186993354598,0.9324614763207472,0.6951209364298352
0.5643995270095117,1.0551186993354598,1.1635130189762395,0.6951209364298352
0.5643995270095117,1.0551186993354598,0.9318112361256753,0.6951209364298352
0.5643995270095117,1.0551186993354598,1.111270658522319,0.6951209364298352
0.5643995270095117,1.0551186993354598,1.1842340729601843,0.6951209364298352
0.5643995270095117,1.0551186993354598,1.0150386657458665,0.6951209364298352
0.5871659378045426,1.0551186993354598,1.0469425141335622,0.6951209364298352
0.5871659378045426,1.0551186993354598,0.9996177661875941,0.6951209364298352
0.5871659378045426,1.0551186993354598,1.186318629460943,0.6951209364298352
0.5871659378045426,1.0551186993354598,1.0410912077761287,0.6951209364298352
0.5871659378045426,1.0551186993354598,1.193475458080544,0.6951209364298352
0.5871659378045426,1.0551186993354598,1.0325840708667364,0.6951209364298352
0.5871659378045426,1.0551186993354598,1.1527139254590317,0.6951209364298352
0.5871659378045426,1.0551186993354598,1.0403429716871737,0.6951209364298352
0.5871659378045426,1.0551186993354598,1.1140528041436024,0.6951209364298352
0.5871659378045426,1.0551186993354598,1.0151396252843938,0.6951209364298352
0.5871659378045426,1.0551186993354598,1.0756710497486377,0.6951209364298352
0.5871659378045426,1.0551186993354598,0.9945439900772856,0.6951209364298352
0.5871659378045426,1.0551186993354598,1.0748832054832982,0.6951209364298352
0.5871659378045426,1.0551186993354598,1.106906246017636,0.6951209364298352
0.5871659378045426,1.0551186993354598,1.049418388479178,0.6951209364298352
0.5871659378045426,1.0551186993354598,0.9847569900316112,0.6951209364298352
0.5871659378045426,1.0551186993354598,1.1315462183168363,0.6951209364298352
0.5871659378045426,1.0551186993354598,1.0860954685243185,0.6951209364298352
0.5871659378045426,1.0551186993354598,1.0525205028669757,0.6951209364298352
0.6098699535432789,1.0551186993354598,0.9607790056725873,0.6951209364298352
0.6098699535432789,1.0551186993354598,1.0985427555659941,0.6951209364298352
0.6098699535432789,1.0551186993354598,1.0364556688632942,0.6951209364298352
0.6098699535432789,1.0551186993354598,0.9156863456300979,0.6951209364298352
0.6098699535432789,1.0551186993354598,1.0676820621003345,0.6951209364298352
0.6098699535432789,1.0551186993354598,1.1417749128287544,0.6951209364298352
0.6098699535432789,1.0551186993354598,0.992302992864867,0.6951209364298352
0.6098699535432789,1.0551186993354598,1.1030452076020603,0.6951209364298352
0.6098699535432789,1.0551186993354598,1.2420085032684256,0.6951209364298352
0.6098699535432789,1.0551186993354598,1.1069025518753353,0.6951209364298352
0.6098699535432789,1.0551186993354598,1.387209712261608,0.6951209364298352
0.6098699535432789,1.0551186993354598,0.9385752652722874,0.6951209364298352
0.6098699535432789,1.0551186993354598,1.0674831412176147,0.6951209364298352
0.6098699535432789,1.0551186993354598,1.0337380810338554,0.6951209364298352
0.6098699535432789,1.0551186993354598,0.9284270479382484,0.6951209364298352
0.6098699535432789,1.0551186993354598,1.1107690811206488,0.6951209364298352
0.6098699535432789,1.0551186993354598,1.0448864686937855,0.6951209364298352
0.6098699535432789,1.0551186993354598,1.03363938516038,0.6951209364298352
0.6098699535432789,1.0020691527852759,1.2322061228040815,0.6951209364298352
0.6098699535432789,1.0020691527852759,1.2759282532001384,0.6951209364298352
0.6098699535432789,1.0020691527852759,1.5769027741511112,0.6951209364298352
0.6098699535432789,1.0020691527852759,1.3326896774917936,0.6951209364298352
0.6098699535432789,1.0020691527852759,1.1915222202350335,0.6951209364298352
0.6098699535432789,1.0020691527852759,1.3127541705261896,0.6951209364298352
0.6098699535432789,1.0020691527852759,1.081458773978357,0.6951209364298352
0.6098699535432789,1.0020691527852759,1.418403250848241,0.6951209364298352
0.6098699535432789,1.0020691527852759,1.1115994553904192,0.6951209364298352
0.6098699535432789,1.0020691527852759,1.2130021180681816,0.6951209364298352
0.6098699535432789,1.0020691527852759,0.9907484825462624,0.6951209364298352
0.6098699535432789,1.0020691527852759,1.4290792005655215,0.6951209364298352
0.6098699535432789,1.0020691527852759,1.3686570425717823,0.6951209364298352
0.6098699535432789,1.0020691527852759,1.000440644493618,0.6951209364298352
0.6098699535432789,1.0020691527852759,1.2985583358886605,0.6951209364298352
0.6098699535432789,1.0020691527852759,1.4359719908708692,0.6951209364298352
0.6098699535432789,1.0020691527852759,1.2342057454161186,0.6951209364298352
0.6098699535432789,1.0020691527852759,1.1946368351078906,0.6951209364298352
0.7348839982567988,1.0020691527852759,1.3136472365669691,0.6951209364298352
0.7348839982567988,1.0020691527852759,1.0232394103197404,0.6951209364298352
0.7348839982567988,1.0020691527852759,1.1126533306371997,0.6951209364298352
0.7348839982567988,1.0020691527852759,1.02270221439962,0.6951209364298352
0.7348839982567988,1.0020691527852759,1.1189567973160957,0.6951209364298352
0.7348839982567988,1.0020691527852759,1.044224209866632,0.6951209364298352
0.7348839982567988,1.0020691527852759,1.1962711826940935,0.6951209364298352
0.7348839982567988,1.0020691527852759,1.0999318296519434,0.6951209364298352
0.7348839982567988,1.0020691527852759,0.9889148539432199,0.6951209364298352
0.7348839982567988,1.0020691527852759,0.8649393724200563,0.6951209364298352
0.7348839982567988,1.0020691527852759,1.1874305844239597,0.6951209364298352
0.7348839982567988,1.0020691527852759,1.2145826718439914,0.6951209364298352
0.7348839982567988,1.0020691527852759,1.3023999289197277,0.6951209364298352
0.7348839982567988,1.0020691527852759,1.26169097276547,0.6951209364298352
0.7348839982567988,1.0020691527852759,0.9763345836530204,0.6951209364298352
0.7348839982567988,1.0020691527852759,1.0342841855523088,0.6951209364298352
0.7348839982567988,1.0020691527852759,0.9456797390544336,0.6951209364298352
0.7348839982567988,1.0020691527852759,0.9963633461209326,0.6951209364298352
0.7348839982567988,1.0020691527852759,0.9886822746866102,0.6951209364298352
0.7348839982567988,1.0020691527852759,0.9326889791685129,0.6951209364298352
0.642388318401473,1.0020691527852759,1.1871269195007377,0.6951209364298352
0.642388318401473,1.0020691527852759,1.2753691716990745,0.6951209364298352
0.642388318401473,1.0020691527852759,0.8917218615345872,0.6951209364298352
0.642388318401473,1.0020691527852759,1.3564868425312036,0.6951209364298352
0.642388318401473,1.0020691527852759,1.5310198350388244,0.6951209364298352
0.642388318401473,1.0020691527852759,1.1591129561976066,0.6951209364298352
0.642388318401473,1.0020691527852759,1.0890022506062709,0.6951209364298352
0.642388318401473,1.0020691527852759,1.272216751327496,0.6951209364298352
0.642388318401473,1.0020691527852759,1.3071555446244676,0.6951209364298352
0.642388318401473,1.0020691527852759,1.1714403329030043,0.6951209364298352
0.642388318401473,1.0020691527852759,0.991222848741204,0.6951209364298352
0.642388318401473,1.0020691527852759,1.0391325973206842,0.6951209364298352
0.642388318401473,1.0020691527852759,1.1611834379687802,0.6951209364298352
0.642388318401473,1.0020691527852759,1.3447488444124547,0.6951209364298352
0.642388318401473,1.0020691527852759,1.1491359622368198,0.6951209364298352
0.642388318401473,1.0020691527852759,1.154049910409653,0.6951209364298352
0.642388318401473,1.0020691527852759,1.4972284131119868,0.6951209364298352
0.642388318401473,1.0020691527852759,1.1951986847621003,0.6951209364298352
0.642388318401473,1.0020691527852759,1.2150451406461413,0.6951209364298352
0.642388318401473,1.0020691527852759,1.2980812049036377,0.6951209364298352
0.642388318401473,1.0020691527852759,1.3365591740892573,0.6951209364298352
0.642388318401473,1.0020691527852759,1.1219549792668144,0.6951209364298352
0.642388318401473,1.0020691527852759,1.2323942185062853,0.6951209364298352
0.642388318401473,1.0020691527852759,1.2618754397486747,0.6951209364298352
0.642388318401473,1.0020691527852759,1.1740141032928164,0.6951209364298352
0.642388318401473,1.0020691527852759,1.0638448355622316,0.6951209364298352
0.642388318401473,1.0020691527852759,1.1506448902511899,0.6951209364298352
0.642388318401473,1.0020691527852759,1.1145610277510332,0.6951209364298352
0.642388318401473,1.0020691527852759,1.3599454680314886,0.6951209364298352
0.642388318401473,1.0020691527852759,1.655395391225296,0.6951209364298352
0.642388318401473,1.0020691527852759,1.4294077830158192,0.6951209364298352
0.642388318401473,1.0020691527852759,1.3011691059658093,0.6951209364298352
0.642388318401473,0.9986982363132654,1.1910403814859258,0.6951209364298352
0.642388318401473,0.9986982363132654,1.186489882395559,0.6951209364298352
0.642388318401473,0.9986982363132654,1.1905362002497606,0.6951209364298352
0.642388318401473,0.9986982363132654,1.34284888472318,0.6951209364298352
0.642388318401473,0.9986982363132654,1.1891672035359233,0.6951209364298352
0.642388318401473,0.9986982363132654,1.2198289506941096,0.6951209364298352
0.642388318401473,0.9986982363132654,1.1744439597201666,0.6951209364298352
0.642388318401473,0.9986982363132654,1.3887794367681454,0.6951209364298352
0.642388318401473,0.9986982363132654,1.5136269782165162,0.6951209364298352
0.642388318401473,0.9986982363132654,1.120008250944514,0.6951209364298352
0.642388318401473,0.9986982363132654,1.338001620170225,0.6951209364298352
0.642388318401473,0.9986982363132654,1.2465236628873297,0.6951209364298352
0.642388318401473,0.9986982363132654,1.2206159311686224,0.6951209364298352
0.642388318401473,0.9986982363132654,1.323163962029678,0.6951209364298352
0.642388318401473,0.9986982363132654,1.3772565639955994,0.6951209364298352
0.642388318401473,0.9986982363132654,1.1072665901173198,0.6951209364298352
0.642388318401473,0.9986982363132654,1.1238957964859138,0.6951209364298352
0.642388318401473,0.9986982363132654,1.0877119630975705,0.6951209364298352
0.642388318401473,0.9986982363132654,1.4508770781628957,0.6951209364298352
0.642388318401473,0.9986982363132654,1.0194670102897818,0.6951209364298352
0.642388318401473,0.9986982363132654,1.1387085917762503,0.6951209364298352
0.642388318401473,0.9986982363132654,1.1683986081542044,0.6951209364298352
0.642388318401473,0.9986982363132654,1.1631198625833838,0.6951209364298352
0.642388318401473,0.9986982363132654,1.2684409669819339,0.6951209364298352
0.642388318401473,0.9986982363132654,1.076018574302022,0.6951209364298352
0.7984836913499432,0.9986982363132654,1.1119733489838013,0.6951209364298352
0.7984836913499432,0.9986982363132654,1.0607088096854171,0.6951209364298352
0.7984836913499432,0.9986982363132654,0.9285990806520783,0.6951209364298352
0.7237358600713694,0.9986982363132654,1.084039474030817,0.6951209364298352
0.7237358600713694,0.9986982363132654,1.0997261819260644,0.6951209364298352
0.7237358600713694,0.9986982363132654,1.0687158423161394,0.6951209364298352
0.7237358600713694,0.9986982363132654,1.1852546607845518,0.6951209364298352
0.7237358600713694,0.9986982363132654,1.0138285713896145,0.6951209364298352
0.7237358600713694,0.9986982363132654,1.0484908466239042,0.6951209364298352
0.7237358600713694,0.9986982363132654,1.3598595653286958,0.6951209364298352
0.7237358600713694,0.9986982363132654,1.1731867357913075,0.6951209364298352
0.7237358600713694,0.9986982363132654,0.9982378171841837,0.6951209364298352
0.7237358600713694,0.9986982363132654,1.0472094261203848,0.6951209364298352
0.7237358600713694,0.9986982363132654,0.9438793465228819,0.6951209364298352
0.7237358600713694,0.9986982363132654,0.9726303846316233,0.6951209364298352
0.7191091898066385,0.9986982363132654,1.1389439255226097,0.6951209364298352
0.7191091898066385,0.9986982363132654,1.0468667545392307,0.6951209364298352
0.7191091898066385,0.9986982363132654,1.1272558692570012,0.6951209364298352
0.7191091898066385,0.9986982363132654,1.1213189579811373,0.6951209364298352
0.7191091898066385,0.9986982363132654,1.0807780969998184,0.6951209364298352
0.7191091898066385,0.9986982363132654,1.0222533645447254,0.6951209364298352
0.7191091898066385,0.9986982363132654,1.2318292882962576,0.6951209364298352
0.7191091898066385,0.9986982363132654,0.9883426992305037,0.6951209364298352
0.7191091898066385,0.9986982363132654,1.0847114739595765,0.6951209364298352
0.7191091898066385,0.9986982363132654,0.981071627589887,0.6951209364298352
0.7191091898066385,0.9986982363132654,1.3970873644347905,0.6951209364298352
0.7191091898066385,0.9986982363132654,0.9443916441768246,0.6951209364298352
0.7191091898066385,0.9986982363132654,1.128930721269396,0.6951209364298352
0.7191091898066385,0.9986982363132654,1.149019425425693,0.6951209364298352
0.7191091898066385,0.9986982363132654,1.0976306447863386,0.6951209364298352
0.7191091898066385,0.9986982363132654,1.102742337121905,0.6951209364298352
0.7191091898066385,0.9986982363132654,0.9066697622701728,0.6951209364298352
0.7191091898066385,0.9986982363132654,1.054382792767365,0.6951209364298352
0.7191091898066385,0.9986982363132654,1.0823823453898325,0.6951209364298352
0.7191091898066385,0.9986982363132654,1.0083128902640135,0.6951209364298352
0.7191091898066385,0.9986982363132654,0.9994305268873355,0.6951209364298352
0.8387092339501839,0.9986982363132654,1.025202373230695,0.6951209364298352
0.8387092339501839,0.9986982363132654,1.1566196194198497,0.6951209364298352
0.8387092339501839,0.9986982363132654,0.8486645980948003,0.6951209364298352
0.8387092339501839,0.9986982363132654,0.9740748910310201,0.6951209364298352
0.7669021917576531,0.9986982363132654,0.8819030739850844,0.6951209364298352
0.7669021917576531,0.9986982363132654,1.0474911195995762,0.6951209364298352
0.7669021917576531,0.9986982363132654,0.9920292109756881,0.6951209364298352
0.7669021917576531,0.9986982363132654,0.9733116815741698,0.6951209364298352
0.6737215531205258,0.9986982363132654,1.2901281294186673,0.6951209364298352
0.6917234426887411,0.9986982363132654,1.1618140036529256,0.6951209364298352
0.6917234426887411,0.9986982363132654,1.23053192647355,0.6951209364298352
0.6917234426887411,0.9986982363132654,1.1560759559644094,0.6951209364298352
0.6917234426887411,0.9986982363132654,1.094251464260253,0.6951209364298352
0.6917234426887411,0.9986982363132654,1.1886937328716998,0.6951209364298352
0.6917234426887411,0.9986982363132654,1.2229869796804549,0.6951209364298352
0.6917234426887411,0.9986982363132654,1.2496488076573578,0.6951209364298352
0.6917234426887411,1.0010057386549829,1.1917573040323644,0.6951209364298352
0.6917234426887411,1.0010057386549829,1.1864783583052214,0.6951209364298352
0.6917234426887411,1.0010057386549829,1.1139163615260634,0.6951209364298352
0.6917234426887411,1.0010057386549829,1.2279855570584788,0.6951209364298352
0.6917234426887411,1.0010057386549829,1.034667370348321,0.6951209364298352
0.6917234426887411,1.0010057386549829,1.203408529914891,0.6951209364298352
0.6917234426887411,1.0010057386549829,1.093738202186715,0.6951209364298352
0.6917234426887411,1.0010057386549829,1.1712901299138188,0.6951209364298352
0.6917234426887411,1.0010057386549829,1.3560003385647734,0.6951209364298352
0.6917234426887411,1.0010057386549829,1.0773098258148157,0.6951209364298352
0.6917234426887411,1.0010057386549829,1.1500741641470718,0.6951209364298352
0.6917234426887411,1.0010057386549829,1.0863960669361767,0.6951209364298352
0.6917234426887411,1.0010057386549829,1.1503694801495181,0.6951209364298352
0.6917234426887411,1.0010057386549829,1.350917170334449,0.6951209364298352
0.6917234426887411,1.0010057386549829,0.9991891459128416,0.6951209364298352
0.6917234426887411,1.0010057386549829,1.1701798421876959,0.6951209364298352
0.6917234426887411,1.0010057386549829,1.1355962661774246,0.6951209364298352
0.6917234426887411,1.0010057386549829,1.0928486784235951,0.6951209364298352
0.7982586747183751,1.0010057386549829,1.131472564953904,0.6951209364298352
0.7982586747183751,1.0010057386549829,1.045432798977502,0.6951209364298352
0.7982586747183751,1.0010057386549829,0.9686304499088099,0.6951209364298352
0.7982586747183751,1.0010057386549829,0.935449332341248,0.6951209364298352
0.7982586747183751,1.0010057386549829,0.8938457202124075,0.6951209364298352
0.7982586747183751,1.0010057386549829,1.0821225647143926,0.6951209364298352
0.7982586747183751,1.0010057386549829,0.9949615667912215,0.6951209364298352
0.7982586747183751,1.0010057386549829,1.0564626936186763,0.6951209364298352
0.7982586747183751,1.0010057386549829,1.0770411680399858,0.6951209364298352
0.7982586747183751,1.0010057386549829,0.9541103168087133,0.6951209364298352
0.7982586747183751,1.0010057386549829,1.0211504031510654,0.6951209364298352
0.7982586747183751,1.0010057386549829,1.0758315493570818,0.6951209364298352
0.7982586747183751,1.0010057386549829,0.8984448131512298,0.6951209364298352
0.7982586747183751,1.0010057386549829,1.2016499641971976,0.6951209364298352
0.7982586747183751,1.0010057386549829,1.0188360361212994,0.6951209364298352
0.7982586747183751,1.0010057386549829,0.9586181515113974,0.6951209364298352
0.7982586747183751,1.0010057386549829,0.9310484755278015,0.6951209364298352
0.7982586747183751,1.0010057386549829,0.8612412645975881,0.6951209364298352
0.7982586747183751,1.000846513576597,0.9203313053479103,0.6951209364298352
0.7982586747183751,1.000846513576597,1.0388602890617176,0.6951209364298352
0.7982586747183751,1.000846513576597,0.9918984288542444,0.6951209364298352
0.7982586747183751,1.000846513576597,0.918079433794058,0.6951209364298352
0.7982586747183751,1.000846513576597,0.898466953864849,0.6951209364298352
0.7982586747183751,1.000846513576597,0.9917384550274213,0.6951209364298352
0.7982586747183751,1.000846513576597,1.1914782546702085,0.6951209364298352
0.7982586747183751,1.000846513576597,0.9855367245473888,0.6951209364298352
0.7982586747183751,1.000846513576597,1.1412985373304858,0.6951209364298352
0.7982586747183751,1.000846513576597,1.0156554811417278,0.6951209364298352
0.7982586747183751,1.000846513576597,1.001731262476551,0.6951209364298352
0.7982586747183751,1.000846513576597,0.9775695344042714,0.6951209364298352
0.7982586747183751,1.000846513576597,1.102438740694962,0.6951209364298352
0.7982586747183751,1.000846513576597,0.9376765329630499,0.6951209364298352
0.7982586747183751,1.000846513576597,1.103080083287124,0.6951209364298352
0.8372118586768378,1.000846513576597,0.8643030708426531,0.6951209364298352
0.8372118586768378,1.000846513576597,0.8199389620276718,0.6951209364298352
0.8372118586768378,1.000846513576597,0.798483696558767,0.6951209364298352
0.8372118586768378,1.000846513576597,0.9991250189602132,0.6951209364298352
0.8372118586768378,1.000846513576597,0.9790853887030866,0.6951209364298352
0.8372118586768378,1.000846513576597,0.965694363060057,0.6951209364298352
0.8372118586768378,1.000846513576597,1.0728570841169482,0.6951209364298352
0.8372118586768378,1.000846513576597,1.1693002057840023,0.6951209364298352
0.8372118586768378,1.000846513576597,0.9656165535014125,0.6951209364298352
0.8372118586768378,1.000846513576597,0.8508733575642586,0.6951209364298352
0.8372118586768378,1.000846513576597,1.1188424584155419,0.6951209364298352
0.8372118586768378,1.000846513576597,0.8623220506360472,0.6951209364298352
0.8372118586768378,1.000846513576597,1.1262038816410898,0.6951209364298352
0.8372118586768378,1.000846513576597,1.0825253035051354,0.6951209364298352
0.8372118586768378,1.000846513576597,0.8199482540044998,0.6951209364298352
0.8372118586768378,1.000846513576597,1.0123392527859916,0.6951209364298352
0.8372118586768378,1.000846513576597,1.1013171224177054,0.6951209364298352
0.8372118586768378,1.000846513576597,0.9299363144906311,0.6951209364298352
0.8372118586768378,1.000846513576597,0.9680297459941836,0.6951209364298352
0.8372118586768378,1.000846513576597,0.8853167407241533,0.6951209364298352
0.7997486038094443,1.000846513576597,0.9981442553520649,0.6951209364298352
0.7997486038094443,1.000846513576597,0.9716669605141546,0.6951209364298352
0.7997486038094443,1.000846513576597,1.1387005530389696,0.6951209364298352
0.7997486038094443,1.000846513576597,1.1015873347647227,0.6951209364298352
0.7997486038094443,1.000846513576597,1.0855209863113022,0.6951209364298352
0.7997486038094443,1.000846513576597,0.9861662244516067,0.6951209364298352
0.7997486038094443,1.000846513576597,0.9018366326844524,0.6951209364298352
0.7997486038094443,1.000846513576597,0.9641129334718789,0.6951209364298352
0.7997486038094443,1.000846513576597,0.9360273037814053,0.6951209364298352
0.7997486038094443,1.000846513576597,0.9238944110323127,0.6951209364298352
0.7997486038094443,1.000846513576597,0.8675625341342245,0.6951209364298352
0.8464827258224943,1.000846513576597,0.8955196961580402,0.6951209364298352
0.8617137891459796,1.000846513576597,1.0323760229747618,0.6951209364298352
0.8617137891459796,1.000846513576597,0.9278763976710245,0.6951209364298352
0.8617137891459796,1.000846513576597,0.8685950327860424,0.6951209364298352
0.8617137891459796,1.000846513576597,0.8055879020463065,0.6951209364298352
0.8617137891459796,1.000846513576597,1.1545013741957004,0.6951209364298352
0.8617137891459796,1.000846513576597,1.0100728080200392,0.6951209364298352
0.8617137891459796,1.000846513576597,0.8579123058860482,0.6951209364298352
0.8617137891459796,1.000846513576597,0.8637583455855349,0.6951209364298352
0.8617137891459796,1.000846513576597,1.183624151888769,0.6951209364298352
0.8617137891459796,1.000846513576597,0.9148533052350318,0.6951209364298352
0.8617137891459796,1.000846513576597,0.9930657664958754,0.6951209364298352
0.8617137891459796,1.000846513576597,0.935271820338843,0.6951209364298352
0.8356739283244832,1.000846513576597,1.0479227239256956,0.6951209364298352
0.8356739283244832,1.000846513576597,1.0033116937086235,0.6951209364298352
0.8356739283244832,1.000846513576597,0.9910660843300457,0.6951209364298352
0.8356739283244832,1.000846513576597,0.8977109963794647,0.6951209364298352
0.8356739283244832,1.000846513576597,0.866279162835202,0.6951209364298352
0.8356739283244832,1.000846513576597,0.8194034477144848,0.6951209364298352
0.8356739283244832,1.000846513576597,0.8981435082986632,0.6951209364298352
0.8356739283244832,0.9380004888499184,1.126503415075253,0.6951209364298352
0.8356739283244832,0.9380004888499184,1.2554371147967105,0.6951209364298352
0.8356739283244832,0.9380004888499184,1.2311585736902542,0.6951209364298352
0.8356739283244832,0.9380004888499184,1.2791447754329748,0.6951209364298352
0.8356739283244832,0.9380004888499184,1.1954559315094249,0.6951209364298352
0.8356739283244832,0.9380004888499184,1.3827470437558926,0.6951209364298352
0.8356739283244832,0.9380004888499184,1.2222393897514214,0.6951209364298352
0.8356739283244832,0.9380004888499184,1.2863280894693823,0.6951209364298352
0.964526552379065,0.9380004888499184,1.1081157175340302,0.6951209364298352
0.964526552379065,0.9380004888499184,1.107715749236691,0.6951209364298352
0.964526552379065,0.9380004888499184,1.0855437446920522,0.6951209364298352
0.8527162824444257,0.9380004888499184,1.0531490283350218,0.6951209364298352
0.8527162824444257,0.9380004888499184,1.0264824650140314,0.6951209364298352
0.8527162824444257,0.9380004888499184,1.3011404991278857,0.6951209364298352
0.8527162824444257,0.9380004888499184,1.2469759209812978,0.6951209364298352
0.8527162824444257,0.9380004888499184,1.1144043403827482,0.6951209364298352
0.8527162824444257,0.9380004888499184,1.0536866545004453,0.6951209364298352
0.8527162824444257,0.9380004888499184,1.0142853032059354,0.6951209364298352
0.8527162824444257,0.9380004888499184,1.16763915407541,0.6951209364298352
0.8527162824444257,0.9380004888499184,0.9922430874000534,0.6951209364298352
0.8527162824444257,0.9380004888499184,1.126756962740078,0.6951209364298352
0.8527162824444257,0.9380004888499184,1.021480426805723,0.6951209364298352
0.8527162824444257,0.9380004888499184,1.1157766677297716,0.6951209364298352
0.8527162824444257,0.9380004888499184,1.3486077459803625,0.6951209364298352
0.8527162824444257,0.9380004888499184,1.0445070624498582,0.6951209364298352
0.8527162824444257,0.9380004888499184,1.2740695600102225,0.6951209364298352
0.8527162824444257,0.9380004888499184,1.0577909102723106,0.6951209364298352
0.8527162824444257,0.9380004888499184,1.1536092004641731,0.6951209364298352
0.8527162824444257,0.9380004888499184,1.0792442707371401,0.6951209364298352
0.8527162824444257,0.9380004888499184,1.0904875788090218,0.6951209364298352
0.8527162824444257,0.9380004888499184,1.146229300681575,0.6951209364298352
0.8527162824444257,0.9380004888499184,1.3125602599841613,0.6951209364298352
0.8527162824444257,0.9380004888499184,1.2846797718002037,0.6951209364298352
0.8527162824444257,0.9380004888499184,1.0069847085066856,0.6951209364298352
0.8527162824444257,0.9380004888499184,1.1651027563520309,0.6951209364298352
0.8527162824444257,0.9380004888499184,1.3525830085126658,0.6951209364298352
0.8527162824444257,0.9380004888499184,1.2435902383707773,0.6951209364298352
0.8527162824444257,0.9380004888499184,1.3524918641430426,0.6951209364298352
0.8527162824444257,0.9380004888499184,1.0038733060024203,0.6951209364298352
0.8527162824444257,0.9380004888499184,0.9564976389164986,0.6951209364298352
0.8527162824444257,0.9380004888499184,1.1979052025039718,0.6951209364298352
0.8527162824444257,0.9380004888499184,1.2171524789035633,0.6951209364298352
0.8527162824444257,0.9380004888499184,1.3406944262016052,0.6951209364298352
0.8587661757549953,0.9380004888499184,1.144067227047204,0.6951209364298352
0.8587661757549953,0.9380004888499184,1.207529234202358,0.6951209364298352
0.8587661757549953,0.9380004888499184,1.1403868738611764,0.6951209364298352
0.8587661757549953,0.9380004888499184,1.1768194397283778,0.6951209364298352
0.8587661757549953,0.9380004888499184,1.109068892316041,0.6951209364298352
0.8587661757549953,0.9380004888499184,1.1286324695273235,0.6951209364298352
0.9133990400254722,0.9380004888499184,1.2929055643290344,0.6951209364298352
0.9133990400254722,0.9380004888499184,1.179017141075626,0.6951209364298352
0.9133990400254722,0.9380004888499184,1.0244979083002363,0.6951209364298352
0.9133990400254722,0.9380004888499184,1.1900648287101623,0.6951209364298352
1.1433631757538896,0.9380004888499184,0.9772819839887991,0.6951209364298352
1.1433631757538896,0.9380004888499184,0.8783879469127015,0.6951209364298352
1.1433631757538896,0.9380004888499184,0.8034327382216248,0.6951209364298352
1.1433631757538896,0.9380004888499184,0.9094404705317738,0.6951209364298352
1.1433631757538896,0.9380004888499184,1.0433113542975547,0.6951209364298352
1.1433631757538896,0.9380004888499184,1.1116391547039817,0.6951209364298352
1.1433631757538896,0.9380004888499184,0.8155140435459165,0.6951209364298352
0.9739305183628,0.9380004888499184,0.9921641050816078,0.6951209364298352
0.9739305183628,0.9380004888499184,1.0362684426211901,0.6951209364298352
0.9739305183628,0.9380004888499184,0.9802887792554782,0.6951209364298352
0.9739305183628,0.9380004888499184,1.0276577052099065,0.6951209364298352
0.9739305183628,0.9293305826215261,1.0795570451442704,0.6951209364298352
0.9739305183628,0.9293305826215261,1.0543309669857193,0.6951209364298352
0.9739305183628,0.9293305826215261,1.081080126769867,0.6951209364298352
0.9739305183628,0.9293305826215261,0.9646242258971713,0.6951209364298352
0.9739305183628,0.9293305826215261,0.931793729436688,0.6951209364298352
0.9739305183628,0.9293305826215261,0.9636152519856624,0.6951209364298352
0.9739305183628,0.9293305826215261,1.1503659034431568,0.6951209364298352
0.9739305183628,0.9293305826215261,0.9738022790695328,0.6951209364298352
0.9739305183628,0.9293305826215261,0.9046178968768481,0.6951209364298352
0.9739305183628,0.9293305826215261,0.9546140617908107,0.6951209364298352
0.9739305183628,0.9293305826215261,1.0211710903454139,0.6951209364298352
0.9739305183628,0.9293305826215261,1.2115488688156928,0.6951209364298352
0.9739305183628,0.9293305826215261,1.0982422907445755,0.6951209364298352
0.9739305183628,0.9293305826215261,1.1674496051986785,0.6951209364298352
0.9739305183628,0.9293305826215261,1.0211145377240556,0.6951209364298352
0.9739305183628,0.9293305826215261,1.0270560852811526,0.6951209364298352
0.9615058659517696,0.9293305826215261,1.0338705435131892,0.6951209364298352
0.9615058659517696,0.9293305826215261,0.8942014236371514,0.6951209364298352
0.9615058659517696,0.9293305826215261,1.0594249361939125,0.6951209364298352
0.9615058659517696,0.9293305826215261,1.151076648873432,0.6951209364298352
0.9615058659517696,0.9293305826215261,1.1655920756229974,0.6951209364298352
0.9615058659517696,0.9293305826215261,1.0110661461582422,0.6951209364298352
0.9615058659517696,0.9293305826215261,1.0668982006228365,0.6951209364298352
0.9615058659517696,0.9293305826215261,1.136651775969428,0.6951209364298352
0.9615058659517696,0.9293305826215261,1.0992810122998307,0.6951209364298352
0.9615058659517696,0.9293305826215261,1.2323877336891642,0.6951209364298352
0.9615058659517696,0.9293305826215261,0.8363970790609017,0.6951209364298352
0.9615058659517696,0.9293305826215261,1.3423009437842213,0.6951209364298352
0.9615058659517696,0.9293305826215261,1.203846619071507,0.6951209364298352
0.9615058659517696,0.9293305826215261,1.231586830064218,0.6951209364298352
0.9615058659517696,0.9293305826215261,1.1778093912369247,0.6951209364298352
0.9615058659517696,0.9293305826215261,1.085095604142299,0.6951209364298352
0.9615058659517696,0.9293305826215261,0.9276520571615329,0.6951209364298352
0.9615058659517696,0.9293305826215261,1.3816658054950604,0.6951209364298352
0.9615058659517696,0.9293305826215261,0.9793380399253506,0.6951209364298352
0.9615058659517696,0.9293305826215261,1.1227183122443776,0.6951209364298352
0.9615058659517696,0.9293305826215261,1.0525211332996978,0.6951209364298352
0.9615058659517696,0.9293305826215261,0.9664188574278901,0.6951209364298352
0.9615058659517696,0.9293305826215261,1.1297341274386679,0.6951209364298352
0.9615058659517696,0.9293305826215261,1.0533304788584776,0.6951209364298352
0.9615058659517696,0.9293305826215261,1.0105211653582797,0.6951209364298352
0.9615058659517696,0.9293305826215261,1.1291801117691513,0.6951209364298352
0.9615058659517696,0.9293305826215261,0.8652778634395374,0.6951209364298352
0.9615058659517696,0.9293305826215261,0.9380808316313916,0.6951209364298352
0.9615058659517696,0.9293305826215261,1.3606884402475727,0.6951209364298352
0.9615058659517696,0.9293305826215261,1.151423376039263,0.6951209364298352
0.9615058659517696,0.9293305826215261,0.9518383119204253,0.6951209364298352
0.9615058659517696,0.9293305826215261,1.1235513331291223,0.6951209364298352
0.9615058659517696,0.9293305826215261,1.0278086072974915,0.6951209364298352
0.9615058659517696,0.9293305826215261,1.0460486816504482,0.6951209364298352
0.9615058659517696,0.9293305826215261,0.9701055445961417,0.6951209364298352
0.9615058659517696,0.9293305826215261,1.1298270022294643,0.6951209364298352
0.9615058659517696,0.9293305826215261,1.1421293969723745,0.6951209364298352
0.9615058659517696,0.9293305826215261,1.2774976776967157,0.6951209364298352
0.9615058659517696,0.9293305826215261,1.1478805672805397,0.6951209364298352
0.9615058659517696,0.9293305826215261,0.8961526614559322,0.6951209364298352
0.9615058659517696,0.9293305826215261,1.046814537136124,0.6951209364298352
0.9615058659517696,0.9293305826215261,1.2823094117581209,0.6951209364298352
0.9615058659517696,0.9293305826215261,0.9900999166932002,0.6951209364298352
0.9615058659517696,0.9293305826215261,0.9676693787147167,0.6951209364298352
0.9615058659517696,0.9293305826215261,0.9830954509556119,0.6951209364298352
0.9615058659517696,0.9293305826215261,1.0412794012601172,0.6951209364298352
1.0899071849759316,0.9293305826215261,1.0651354451356545,0.6951209364298352
1.0899071849759316,0.9293305826215261,0.8017464558699716,0.6951209364298352
1.0899071849759316,0.9293305826215261,1.052000378486164,0.6951209364298352
1.2142212470721432,0.9293305826215261,0.788297054937006,0.6951209364298352
1.2142212470721432,0.9293305826215261,0.8624003432475834,0.6951209364298352
0.740718617794196,0.9293305826215261,1.0230812613661229,0.6951209364298352
0.740718617794196,0.9293305826215261,1.2341253640626477,0.6951209364298352
0.740718617794196,0.9293305826215261,1.2286350348682866,0.6951209364298352
0.740718617794196,0.9293305826215261,1.5221627264902255,0.6951209364298352
0.740718617794196,0.9293305826215261,1.4219523698457255,0.6951209364298352
0.740718617794196,0.9293305826215261,1.308899096898219,0.6951209364298352
0.740718617794196,0.9293305826215261,1.3591275121268225,0.6951209364298352
0.740718617794196,0.9293305826215261,1.4830446743858205,0.6951209364298352
0.740718617794196,0.9293305826215261,1.4550015438555892,0.6951209364298352
0.740718617794196,0.9293305826215261,1.3799347757335245,0.6951209364298352
0.740718617794196,0.9293305826215261,1.2353456426700098,0.6951209364298352
0.740718617794196,0.9293305826215261,1.44465554778968,0.6951209364298352
0.740718617794196,0.9293305826215261,1.8634948611702273,0.6951209364298352
0.740718617794196,0.9293305826215261,1.2011146517280746,0.6951209364298352
0.740718617794196,0.9293305826215261,1.3272426926969711,0.6951209364298352
0.740718617794196,0.9443322878926015,1.2616347858692332,0.6951209364298352
0.740718617794196,0.9443322878926015,1.420377516932134,0.6951209364298352
0.740718617794196,0.9443322878926015,1.408960882206727,0.6951209364298352
0.740718617794196,0.9443322878926015,1.300097909665609,0.6951209364298352
0.740718617794196,0.9443322878926015,1.4188714753692406,0.6951209364298352
0.740718617794196,0.9443322878926015,1.5299795708046706,0.6951209364298352
0.740718617794196,0.9443322878926015,1.5436659250819171,0.6951209364298352
0.740718617794196,0.9443322878926015,1.314355108686885,0.6951209364298352
0.740718617794196,0.9443322878926015,1.438244698455982,0.6951209364298352
0.740718617794196,0.9443322878926015,1.2466367498635647,0.6951209364298352
0.740718617794196,0.9443322878926015,1.2411667433350722,0.6951209364298352
0.740718617794196,0.9443322878926015,1.5120395024466626,0.6951209364298352
0.740718617794196,0.9443322878926015,1.4750540475754443,0.6951209364298352
0.650607973544255,0.9443322878926015,1.5632119279251537,0.6951209364298352
0.650607973544255,0.9443322878926015,1.220257623158502,0.6951209364298352
0.7412316417300824,0.9443322878926015,1.6317678081353844,0.6951209364298352
0.7412316417300824,0.9443322878926015,1.4182955007503206,0.6951209364298352
0.7412316417300824,0.9443322878926015,1.6182839988745832,0.6951209364298352
0.7412316417300824,0.9443322878926015,1.2931766021390891,0.6951209364298352
0.7412316417300824,0.9443322878926015,1.1970577149752448,0.6951209364298352
0.7631246593181479,0.9443322878926015,1.5799959141888043,0.6951209364298352
0.7631246593181479,0.9443322878926015,1.373138655322817,0.6951209364298352
0.7631246593181479,0.9443322878926015,1.227089153656474,0.6951209364298352
0.7631246593181479,0.9443322878926015,1.406272687263263,0.6951209364298352
0.7631246593181479,0.9443322878926015,1.2087791567525519,0.6951209364298352
0.7631246593181479,0.9443322878926015,1.2341777089348083,0.6951209364298352
0.7631246593181479,0.9443322878926015,1.1895000681623726,0.6951209364298352
0.7631246593181479,0.9443322878926015,1.506462223999358,0.6951209364298352
0.7631246593181479,0.9443322878926015,1.2598293130101679,0.6951209364298352
0.7631246593181479,0.9443322878926015,1.397911036928648,0.6951209364298352
0.7631246593181479,0.9443322878926015,1.3077707679329975,0.6951209364298352
0.7631246593181479,0.9443322878926015,1.349972683388302,0.6951209364298352
0.7631246593181479,0.9443322878926015,1.2589899785875256,0.6951209364298352
0.7631246593181479,0.9443322878926015,1.3750285705906093,0.6951209364298352
0.7631246593181479,0.9388663057365021,1.502793747308963,0.6951209364298352
0.7631246593181479,0.9388663057365021,1.0704856430245526,0.6951209364298352
0.7631246593181479,0.9388663057365021,1.2072121433741154,0.6951209364298352
0.7631246593181479,0.9388663057365021,1.5593371144678982,0.6951209364298352
0.7631246593181479,0.9388663057365021,1.3851578135883251,0.6951209364298352
0.7631246593181479,0.9388663057365021,1.4808555111251482,0.6951209364298352
0.7631246593181479,0.9388663057365021,1.2794591112574834,0.6951209364298352
0.7631246593181479,0.9388663057365021,1.4967699358590094,0.6951209364298352
0.7274454992520168,0.9388663057365021,1.3015995367115714,0.6951209364298352
0.7274454992520168,0.9388663057365021,1.4278219501259384,0.6951209364298352
0.7274454992520168,0.9388663057365021,1.384129338300774,0.6951209364298352
0.7293253022466117,0.9655136229428947,1.266868635641152,0.6951209364298352
0.7293253022466117,0.9655136229428947,1.1284332786521412,0.6951209364298352
0.7293253022466117,0.9655136229428947,1.1183370737151348,0.6951209364298352
0.7293253022466117,0.9655136229428947,1.2406838874466883,0.6951209364298352
0.7293253022466117,0.9655136229428947,1.1873789636160932,0.6951209364298352
0.7293253022466117,0.9655136229428947,1.3392343399772109,0.6951209364298352
0.7293253022466117,0.9655136229428947,1.3763102412860266,0.6951209364298352
0.7293253022466117,1.0375924709899478,1.0466432757719732,0.6951209364298352
0.7293253022466117,1.0375924709899478,0.9903955674158168,0.6951209364298352
0.7293253022466117,1.0375924709899478,0.9459551567696423,0.6951209364298352
0.7293253022466117,1.0375924709899478,1.0135845131297034,0.6951209364298352
0.7293253022466117,1.0375924709899478,0.9484839149080575,0.6951209364298352
0.7293253022466117,1.0375924709899478,0.9991577008484036,0.6951209364298352
0.7293253022466117,1.0375924709899478,1.122931749500642,0.6951209364298352
0.572634042810978,1.0375924709899478,0.9768345550771768,0.6951209364298352
0.572634042810978,1.0375924709899478,1.1331810066240138,0.6951209364298352
0.572634042810978,1.0375924709899478,1.3098668062058165,0.6951209364298352
0.572634042810978,1.0375924709899478,1.2135903897301858,0.6951209364298352
0.572634042810978,1.0375924709899478,1.213893915654877,0.6951209364298352
0.572634042810978,1.0375924709899478,1.3985554379399818,0.6951209364298352
0.572634042810978,1.0375924709899478,1.2271852165803845,0.6951209364298352
0.572634042810978,1.0375924709899478,1.0336059839981437,0.6951209364298352
0.572634042810978,1.0375924709899478,1.035135025686477,0.6951209364298352
0.572634042810978,1.0375924709899478,1.3074689430343438,0.6951209364298352
0.572634042810978,1.0375924709899478,1.0941216672882785,0.6951209364298352
0.572634042810978,1.0375924709899478,1.4337710509709103,0.6951209364298352
0.572634042810978,1.0375924709899478,1.141860139561772,0.6951209364298352
0.572634042810978,1.0375924709899478,1.2566941166798553,0.6951209364298352
0.572634042810978,1.0375924709899478,1.1810745089291537,0.6951209364298352
0.572634042810978,1.0375924709899478,1.2236749068861756,0.6951209364298352
0.572634042810978,1.0375924709899478,1.1220687289391642,0.6951209364298352
0.572634042810978,1.0375924709899478,1.237535454560021,0.6951209364298352
0.572634042810978,1.0375924709899478,1.1165967692856833,0.6951209364298352
0.572634042810978,1.0375924709899478,1.1225655719249414,0.6951209364298352
0.572634042810978,1.0375924709899478,1.3667487028400247,0.6951209364298352
0.572634042810978,1.0375924709899478,1.3197938301996113,0.6951209364298352
0.572634042810978,1.0375924709899478,1.3029012368181672,0.6951209364298352
0.572634042810978,1.0375924709899478,1.0112526307348266,0.6951209364298352
0.572634042810978,1.0375924709899478,1.2891916063337965,0.6951209364298352
0.572634042810978,1.0375924709899478,1.383427708176322,0.6951209364298352
0.572634042810978,1.0375924709899478,1.3780129118730648,0.6951209364298352
0.572634042810978,1.0375924709899478,1.1645388550070912,0.6951209364298352
0.572634042810978,1.0375924709899478,1.200860790237519,0.6951209364298352
0.572634042810978,1.0375924709899478,1.049471424612923,0.6951209364298352
0.572634042810978,1.0375924709899478,1.4407191776364754,0.6951209364298352
0.572634042810978,1.0375924709899478,1.0852395666389083,0.6951209364298352
0.572634042810978,1.0375924709899478,1.1896233785254884,0.6951209364298352
0.572634042810978,1.0375924709899478,1.2587338227756322,0.6951209364298352
0.572634042810978,1.0375924709899478,1.2463075994342403,0.6951209364298352
0.6770786672347535,1.0375924709899478,1.079222143140896,0.6951209364298352
0.6770786672347535,1.0375924709899478,1.060009079415671,0.6951209364298352
0.6770786672347535,1.0375924709899478,0.9261149606578584,0.6951209364298352
0.6770786672347535,1.0375924709899478,1.0639129912884846,0.6951209364298352
0.6770786672347535,1.0375924709899478,1.0731695840339175,0.6951209364298352
0.6770786672347535,1.0375924709899478,1.0145923957258431,0.6951209364298352
0.5864630308920143,1.0375924709899478,1.2457676485768157,0.6951209364298352
0.5864630308920143,1.0375924709899478,1.1112232765927754,0.6951209364298352
0.5864630308920143,1.0375924709899478,1.3024185854127128,0.6951209364298352
0.5864630308920143,1.0375924709899478,1.0882494359400696,0.6951209364298352
0.5864630308920143,1.0375924709899478,1.0605641842426796,0.6951209364298352
0.5864630308920143,1.0375924709899478,1.3390581609102261,0.6951209364298352
0.5864630308920143,1.0375924709899478,1.015547917798099,0.6951209364298352
0.5864630308920143,1.0375924709899478,1.0693199252615093,0.6951209364298352
0.5864630308920143,1.0375924709899478,0.9754024816001909,0.6951209364298352
0.5864630308920143,1.0375924709899478,1.1188054172707738,0.6951209364298352
0.5864630308920143,1.0375924709899478,1.2512821595492283,0.6951209364298352
0.5864630308920143,1.0375924709899478,1.0309248363298178,0.6951209364298352
0.5663799365207166,1.0375924709899478,1.1920495614266606,0.6951209364298352
0.5663799365207166,1.0375924709899478,0.9933324288881443,0.6951209364298352
0.5663799365207166,1.0375924709899478,1.1982715744767536,0.6951209364298352
0.5663799365207166,1.0375924709899478,1.181617521663116,0.6951209364298352
0.5663799365207166,1.0375924709899478,1.4112730373337579,0.6951209364298352
0.5663799365207166,1.0375924709899478,1.2119046797970523,0.6951209364298352
0.5663799365207166,1.0375924709899478,1.087603014000298,0.6951209364298352
0.5663799365207166,1.0375924709899478,1.3148689479039781,0.6951209364298352
0.5663799365207166,1.0375924709899478,1.1997863666769164,0.6951209364298352
0.5663799365207166,1.0375924709899478,1.0485620954455805,0.6951209364298352
0.5663799365207166,1.0375924709899478,1.2204967675276877,0.6951209364298352
0.5663799365207166,1.0375924709899478,1.0235391112190355,0.6951209364298352
0.5663799365207166,1.0375924709899478,1.0524530359718873,0.6951209364298352
0.5663799365207166,1.0375924709899478,1.135509842008391,0.6951209364298352
0.5663799365207166,1.0375924709899478,1.3810716784059087,0.6951209364298352
0.5663799365207166,1.0375924709899478,1.126718973409111,0.6951209364298352
0.5663799365207166,1.0375924709899478,1.3834173043056348,0.6951209364298352
0.5663799365207166,1.0375924709899478,1.4128311073334412,0.6951209364298352
0.5663799365207166,1.0375924709899478,1.1702102974125859,0.6951209364298352
0.5663799365207166,1.079201131769978,1.096783007305723,0.6951209364298352
0.5663799365207166,1.079201131769978,0.8835847381621665,0.6951209364298352
0.5663799365207166,1.079201131769978,1.0249441776954997,0.6951209364298352
0.5819085063495918,1.079201131769978,0.8254197592930057,0.6951209364298352
0.5819085063495918,1.079201131769978,0.9252357568967492,0.6951209364298352
0.5819085063495918,1.079201131769978,0.9957124429139439,0.6951209364298352
0.5819085063495918,1.079201131769978,1.0011882262083005,0.6951209364298352
0.5819085063495918,1.079201131769978,1.0421626533879673,0.6951209364298352
0.5819085063495918,1.079201131769978,0.933236142577107,0.6951209364298352
0.5819085063495918,1.0813433644199189,0.9076511545018272,0.6951209364298352
0.5819085063495918,1.0813433644199189,0.974685365248313,0.6951209364298352
0.5819085063495918,1.0813433644199189,0.9086784970202717,0.6951209364298352
0.5819085063495918,1.0813433644199189,0.9549351007807885,0.6951209364298352
0.5819085063495918,1.0813433644199189,1.2132366047191219,0.6951209364298352
0.5819085063495918,1.0813433644199189,0.9881595626053129,0.6951209364298352
0.5819085063495918,1.0813433644199189,1.0615382736544474,0.6951209364298352
0.5819085063495918,1.0813433644199189,0.8510029543249997,0.6951209364298352
0.5819085063495918,1.0813433644199189,0.9725095749409185,0.6951209364298352
0.5819085063495918,1.0813433644199189,0.8493800624006149,0.6951209364298352
0.5819085063495918,1.0813433644199189,1.1587413452897244,0.6951209364298352
0.5819085063495918,1.0813433644199189,1.0511253247915235,0.6951209364298352
0.5819085063495918,1.0813433644199189,1.0072503936317534,0.6951209364298352
0.5819085063495918,1.0813433644199189,0.9557242293206962,0.6951209364298352
0.5819085063495918,1.0813433644199189,0.9628864203575362,0.6951209364298352
0.5819085063495918,1.0451749345695978,1.1255510828748756,0.6951209364298352
0.5819085063495918,1.0451749345695978,1.4244330108272345,0.6951209364298352
0.5819085063495918,1.0451749345695978,1.0079970475343405,0.6951209364298352
0.5819085063495918,1.0451749345695978,1.0738448213119225,0.6951209364298352
0.5819085063495918,1.0451749345695978,1.141705469502608,0.6951209364298352
0.6297479254965888,1.0451749345695978,1.0774722159548924,0.6951209364298352
0.6297479254965888,1.0451749345695978,1.1719898429262003,0.6951209364298352
0.6297479254965888,1.0451749345695978,1.1231819663631506,0.6951209364298352
0.6297479254965888,1.0451749345695978,1.0870384482500455,0.6951209364298352
0.6297479254965888,1.0451749345695978,1.2500651307051722,0.6951209364298352
0.6297479254965888,1.0451749345695978,0.9518732458829905,0.6951209364298352
0.5786967208011179,1.0451749345695978,1.0966298292709493,0.6951209364298352
0.5786967208011179,1.0451749345695978,1.0652027780438187,0.6951209364298352
0.5786967208011179,1.0451749345695978,1.1047376577232686,0.6951209364298352
0.5786967208011179,1.0451749345695978,1.3026333116465794,0.6951209364298352
0.5786967208011179,1.0451749345695978,0.9987575437681493,0.6951209364298352
0.5786967208011179,1.0451749345695978,1.0117497265587654,0.6951209364298352
0.5786967208011179,1.0451749345695978,1.1738752100937768,0.6951209364298352
0.5786967208011179,1.0451749345695978,1.3304696861511514,0.6951209364298352
0.5786967208011179,1.0451749345695978,1.1347414039934312,0.6951209364298352
0.5786967208011179,1.0451749345695978,1.358553949353163,0.6951209364298352
0.5786967208011179,1.0451749345695978,1.1354941185362095,0.6951209364298352
0.5786967208011179,1.0451749345695978,1.321133814411982,0.6951209364298352
0.5786967208011179,1.0451749345695978,1.2920402092390546,0.6951209364298352
0.5786967208011179,1.0451749345695978,1.155570746985295,0.6951209364298352
0.5786967208011179,1.0451749345695978,1.0602300631208346,0.6951209364298352
0.5786967208011179,1.0451749345695978,1.063589788314272,0.6951209364298352
0.5786967208011179,1.0451749345695978,1.246659350474666,0.6951209364298352
0.5786967208011179,1.0451749345695978,1.1540900085788712,0.6951209364298352
0.5786967208011179,1.0340119547143656,1.1109631556344626,0.6951209364298352
0.5786967208011179,1.0340119547143656,1.4388867378174874,0.6951209364298352
0.5786967208011179,1.0340119547143656,1.4064592395634996,0.6951209364298352
0.5786967208011179,1.0340119547143656,1.2546598158940763,0.6951209364298352
0.5786967208011179,1.0340119547143656,1.071873142925782,0.6951209364298352
0.5786967208011179,1.0340119547143656,1.223006462586154,0.6951209364298352
0.5786967208011179,1.0340119547143656,1.1901356202941769,0.6951209364298352
0.5786967208011179,1.0340119547143656,1.135151087028629,0.6951209364298352
0.5786967208011179,1.0340119547143656,1.1207051720575167,0.6951209364298352
0.5786967208011179,1.0340119547143656,1.0974395670566492,0.6951209364298352
0.5786967208011179,1.0340119547143656,1.3751132341641268,0.6951209364298352
0.7022669954012427,1.0340119547143656,1.0888574293669948,0.6951209364298352
0.7022669954012427,1.0340119547143656,1.267837164721998,0.6951209364298352
0.7022669954012427,1.0340119547143656,0.9928581592269626,0.6951209364298352
0.7022669954012427,1.0340119547143656,1.1239688818420115,0.6951209364298352
0.7022669954012427,1.0340119547143656,1.1716689886205975,0.6951209364298352
0.7022669954012427,1.0340119547143656,1.080817898943193,0.6951209364298352
0.7022669954012427,1.0340119547143656,0.9718303512456989,0.6951209364298352
0.7312212308677197,1.0340119547143656,0.8478555797317086,0.6951209364298352
0.7312212308677197,1.0340119547143656,0.844946817083092,0.6951209364298352
0.7312212308677197,1.0340119547143656,1.0107320823582886,0.6951209364298352
0.7312212308677197,1.0340119547143656,1.0155419835869317,0.6951209364298352
0.7312212308677197,1.0125475206216545,1.0143084205552029,0.6951209364298352
0.7312212308677197,1.0125475206216545,0.8770706823924116,0.6951209364298352
0.7312212308677197,1.0125475206216545,1.2744005909746088,0.6951209364298352
0.7296595236373257,1.0125475206216545,1.0394740841555967,0.6951209364298352
0.7296595236373257,1.0125475206216545,1.0152119211726045,0.6951209364298352
0.7296595236373257,1.0125475206216545,1.1395691016381366,0.6951209364298352
0.7296595236373257,1.0125475206216545,1.0840081686317593,0.6951209364298352
0.7296595236373257,1.0125475206216545,1.0896824733199528,0.6951209364298352
0.6720643277960527,1.0125475206216545,0.9612324511518094,0.6951209364298352
0.6720643277960527,1.0125475206216545,1.180369487982048,0.6951209364298352
0.6720643277960527,1.0125475206216545,1.11439356132464,0.6951209364298352
0.6720643277960527,1.0125475206216545,1.3572660833937114,0.6951209364298352
0.6720643277960527,1.0125475206216545,1.1449709603592078,0.6951209364298352
0.6720643277960527,1.0125475206216545,1.2074232111493162,0.6951209364298352
0.6720643277960527,1.0125475206216545,1.112143440554965,0.6951209364298352
0.6720643277960527,1.0125475206216545,1.5151246098313578,0.6951209364298352
0.6720643277960527,1.0125475206216545,1.0819415836816124,0.6951209364298352
0.6720643277960527,1.0125475206216545,1.196592572167759,0.6951209364298352
0.7163008021269143,1.0125475206216545,0.8899224998787125,0.6951209364298352
0.7163008021269143,1.0125475206216545,1.4133339832532428,0.6951209364298352
0.7163008021269143,1.0125475206216545,1.0050124827025142,0.6951209364298352
0.7163008021269143,1.0125475206216545,1.318170374163333,0.6951209364298352
0.7415196303258376,1.0125475206216545,0.9981337430103215,0.6951209364298352
0.7415196303258376,1.0125475206216545,1.1189337721347947,0.6951209364298352
0.7415196303258376,1.0125475206216545,1.0899500164859002,0.6951209364298352
0.7415196303258376,1.0125475206216545,0.8876627316475418,0.6951209364298352
0.7415196303258376,1.0125475206216545,0.9722219940250693,0.6951209364298352
0.6152152173535583,1.0125475206216545,1.2032648825415841,0.6951209364298352
0.6152152173535583,1.0125475206216545,1.0559884003436293,0.6951209364298352
0.6152152173535583,1.0125475206216545,1.2124392765731613,0.6951209364298352
0.6152152173535583,1.0125475206216545,1.3610777213211418,0.6951209364298352
0.6152152173535583,1.0125475206216545,1.2133853840994255,0.6951209364298352
0.6152152173535583,1.0125475206216545,1.3153990369238975,0.6951209364298352
0.6152152173535583,1.0125475206216545,1.1455590539193188,0.6951209364298352
0.6152152173535583,1.0125475206216545,1.0568598220975793,0.6951209364298352
0.6152152173535583,1.0125475206216545,1.083434962005297,0.6951209364298352
0.6152152173535583,1.0125475206216545,1.2883676029115947,0.6951209364298352
0.6152152173535583,1.0125475206216545,1.2465076884434425,0.6951209364298352
0.6152152173535583,1.0125475206216545,1.1605728771783788,0.6951209364298352
0.6745914074826923,1.0125475206216545,1.0248479143553264,0.6951209364298352
0.6745914074826923,1.0125475206216545,1.0595544366557572,0.6951209364298352
0.6745914074826923,1.0125475206216545,1.1291565746626164,0.6951209364298352
0.6745914074826923,1.013208152223059,1.053831929931509,0.6951209364298352
0.6745914074826923,1.013208152223059,1.381846243915298,0.6951209364298352
0.6745914074826923,1.013208152223059,1.068452709727662,0.6951209364298352
0.6745914074826923,1.013208152223059,1.207547320334814,0.6951209364298352
0.6364793458437679,1.013208152223059,1.1193564243787968,0.6951209364298352
0.6364793458437679,1.013208152223059,1.0952418734665936,0.6951209364298352
0.6364793458437679,1.013208152223059,1.2565024821195268,0.6951209364298352
0.6364793458437679,1.013208152223059,1.1601423592840545,0.6951209364298352
0.6364793458437679,1.013208152223059,1.0037647704896826,0.6951209364298352
0.6364793458437679,1.013208152223059,1.142829534135682,0.6951209364298352
0.6364793458437679,1.013208152223059,1.3903603135652927,0.6951209364298352
0.6364793458437679,1.018037618895019,1.1597218859451501,0.6951209364298352
0.6364793458437679,1.018037618895019,1.352755458605315,0.6951209364298352
0.6364793458437679,1.018037618895019,1.2931767460642152,0.6951209364298352
0.6364793458437679,1.018037618895019,1.1255998882167424,0.6951209364298352
0.6364793458437679,1.018037618895019,1.0241838853537546,0.6951209364298352
0.6364793458437679,1.018037618895019,1.1571461792890034,0.6951209364298352
0.6364793458437679,1.018037618895019,1.133498765155816,0.6951209364298352
0.6364793458437679,1.018037618895019,1.0678737994996959,0.6951209364298352
0.6364793458437679,1.018037618895019,1.2023392849812458,0.6951209364298352
0.6364793458437679,1.018037618895019,1.1640917453531332,0.6951209364298352
0.6364793458437679,1.018037618895019,1.0381171888061238,0.6951209364298352
0.6364793458437679,1.018037618895019,1.0346231113371873,0.6951209364298352
0.6364793458437679,1.018037618895019,1.2620901282032075,0.6951209364298352
0.6364793458437679,1.018037618895019,0.9599123797779314,0.6951209364298352
0.6364793458437679,1.018037618895019,1.1011185629150408,0.6951209364298352
0.7702366288755209,1.018037618895019,0.9776014185782124,0.6951209364298352
0.7702366288755209,1.018037618895019,1.0150692439787234,0.6951209364298352
0.7702366288755209,1.018037618895019,0.7766684603367664,0.6951209364298352
0.7702366288755209,1.018037618895019,0.892508591674304,0.6951209364298352
0.7702366288755209,1.018037618895019,1.0085257297848391,0.6951209364298352
0.7702366288755209,1.018037618895019,0.8996805416443604,0.6951209364298352
0.7702366288755209,1.018037618895019,0.9540375302997444,0.6951209364298352
0.7702366288755209,1.018037618895019,1.0547930276904638,0.6951209364298352
0.7702366288755209,1.018037618895019,1.035658946464413,0.6951209364298352
0.7702366288755209,1.018037618895019,0.9202245807868755,0.6951209364298352
0.7702366288755209,1.018037618895019,0.9432443260105904,0.6951209364298352
0.7702366288755209,1.018037618895019,0.893549529651697,0.6951209364298352
0.7702366288755209,1.018037618895019,1.034980053472042,0.6951209364298352
0.7702366288755209,1.018037618895019,1.0449071495059206,0.6951209364298352
0.6428846724557258,1.018037618895019,0.9670835117998288,0.6951209364298352
0.6428846724557258,1.018037618895019,1.5381895415530815,0.6951209364298352
0.6428846724557258,1.018037618895019,1.1513016302752999,0.6951209364298352
0.6428846724557258,1.018037618895019,1.150705639410823,0.6951209364298352
0.6428846724557258,1.018037618895019,1.0684921303795576,0.6951209364298352
0.6428846724557258,1.018037618895019,1.2491001800181578,0.6951209364298352
0.6428846724557258,1.018037618895019,1.1770611178734705,0.6951209364298352
0.6428846724557258,1.018037618895019,1.3710716164981567,0.6951209364298352
0.6428846724557258,1.018037618895019,1.1523832415985087,0.6951209364298352
0.6428846724557258,1.018037618895019,1.278814616973643,0.6951209364298352
0.6428846724557258,1.018037618895019,1.1048457385840345,0.6951209364298352
0.6428846724557258,1.018037618895019,1.1279402259889983,0.6951209364298352
0.6428846724557258,1.018037618895019,1.1725837041025218,0.6951209364298352
0.6428846724557258,1.018037618895019,1.3512813766995535,0.6951209364298352
0.6428846724557258,1.018037618895019,1.1745899993006303,0.6951209364298352
0.6428846724557258,1.018037618895019,1.169866460724809,0.6951209364298352
0.6428846724557258,1.018037618895019,1.1903403586611276,0.6951209364298352
0.6428846724557258,1.018037618895019,1.3977260535674911,0.6951209364298352
0.6428846724557258,1.018037618895019,1.0845440320076183,0.6951209364298352
0.6428846724557258,1.018037618895019,1.1117057147005003,0.6951209364298352
0.6428846724557258,1.018037618895019,1.0138559918764949,0.6951209364298352
0.6428846724557258,1.018037618895019,1.598265668191668,0.6951209364298352
0.7956737179534289,1.018037618895019,0.9081092030234507,0.6951209364298352
0.7956737179534289,1.018037618895019,0.9077566954930256,0.6951209364298352
0.7956737179534289,1.018037618895019,0.9188016261364104,0.6951209364298352
0.7956737179534289,1.018037618895019,0.9044833959837592,0.6951209364298352
0.7956737179534289,1.018037618895019,0.8556789485697477,0.6951209364298352
0.7956737179534289,1.018037618895019,0.9806615323918232,0.6951209364298352
0.7956737179534289,1.018037618895019,0.9256231333685052,0.6951209364298352
0.7956737179534289,1.018037618895019,0.9575108657084582,0.6951209364298352
0.7956737179534289,1.018037618895019,0.887363358837344,0.6951209364298352
0.7956737179534289,1.018037618895019,0.8407781039249826,0.6951209364298352
0.7956737179534289,1.018037618895019,0.9692999457876523,0.6951209364298352
0.7956737179534289,1.018037618895019,1.0244026445639363,0.6951209364298352
0.7956737179534289,1.018037618895019,0.8283459830741272,0.6951209364298352
0.7956737179534289,1.018037618895019,1.024671179347251,0.6951209364298352
0.7956737179534289,1.018037618895019,0.9012883414696601,0.6951209364298352
0.7956737179534289,1.018037618895019,1.036303543079057,0.6951209364298352
0.7956737179534289,1.018037618895019,0.9160966852344963,0.6951209364298352
0.7956737179534289,1.018037618895019,0.9363742930652035,0.6951209364298352
0.7956737179534289,1.018037618895019,0.9895598949413865,0.6951209364298352
0.7956737179534289,1.018037618895019,0.9888027781353601,0.6951209364298352
0.7956737179534289,1.018037618895019,1.0685504162348944,0.6951209364298352
0.7956737179534289,1.018037618895019,0.990839028315306,0.6951209364298352
0.7956737179534289,1.018037618895019,0.9419435299459384,0.6951209364298352
0.7956737179534289,1.018037618895019,0.8915777304981025,0.6951209364298352
0.7956737179534289,1.018037618895019,0.9556018048431224,0.6951209364298352
0.7956737179534289,1.018037618895019,0.965850232335849,0.6951209364298352
0.7956737179534289,1.018037618895019,0.9455989083257348,0.6951209364298352
0.7956737179534289,1.018037618895019,0.9015880049149615,0.6951209364298352
0.7956737179534289,1.018037618895019,0.9927455580057019,0.6951209364298352
0.7956737179534289,1.018037618895019,0.8917488587626662,0.6951209364298352
0.7956737179534289,1.018037618895019,0.9411424183901068,0.6951209364298352
0.7956737179534289,1.018037618895019,0.7983451229360016,0.6951209364298352
0.7956737179534289,1.018037618895019,1.1362850833416287,0.6951209364298352
0.7956737179534289,1.018037618895019,0.8897863534285195,0.6951209364298352
0.7956737179534289,1.018037618895019,1.0328837264038013,0.6951209364298352
0.7956737179534289,1.018037618895019,1.0877362942739441,0.6951209364298352
0.7956737179534289,1.018037618895019,0.9138755606112728,0.6951209364298352
0.7956737179534289,1.018037618895019,1.1547387047015167,0.6951209364298352
0.7956737179534289,1.018037618895019,0.9745689975055156,0.6951209364298352
0.7956737179534289,1.018037618895019,0.9506056505550877,0.6951209364298352
0.7956737179534289,1.018037618895019,0.9129659175666885,0.6951209364298352
0.7956737179534289,1.018037618895019,0.8243200971209633,0.6951209364298352
0.7956737179534289,1.018037618895019,0.8191396024091145,0.6951209364298352
0.7956737179534289,1.018037618895019,0.9521994232694208,0.6951209364298352
0.7956737179534289,1.018037618895019,1.0327144599354683,0.6951209364298352
0.7956737179534289,1.018037618895019,0.8829922762160812,0.6951209364298352
0.7956737179534289,1.018037618895019,1.0513033873392494,0.6951209364298352
0.7956737179534289,1.018037618895019,0.875805568544509,0.6951209364298352
0.7956737179534289,1.018037618895019,0.9245821182540812,0.6951209364298352
0.7956737179534289,1.018037618895019,1.0006059190983532,0.6951209364298352
0.7956737179534289,1.018037618895019,0.8623983511783215,0.6951209364298352
0.7956737179534289,1.018037618895019,1.040411690573932,0.6951209364298352
0.7956737179534289,1.018037618895019,1.0393160911610473,0.6951209364298352
0.7956737179534289,1.018037618895019,1.016799338209045,0.6951209364298352
0.7956737179534289,1.018037618895019,0.9060169604144122,0.6951209364298352
0.7956737179534289,1.018037618895019,0.8225575138369522,0.6951209364298352
0.7956737179534289,1.018037618895019,0.783091304469166,0.6951209364298352
0.7956737179534289,1.018037618895019,1.1295497997386914,0.6951209364298352
0.7956737179534289,1.018037618895019,1.0610160310104828,0.6951209364298352
0.7956737179534289,1.018037618895019,1.001026093035599,0.6951209364298352
0.7956737179534289,1.018037618895019,1.0165824088519269,0.6951209364298352
0.7956737179534289,1.018037618895019,0.8280342810038885,0.6951209364298352
0.642853692198071,1.018037618895019,0.992134831193263,0.6951209364298352
0.642853692198071,1.018037618895019,1.0980273110019596,0.6951209364298352
0.642853692198071,1.018037618895019,1.4237665422790255,0.6951209364298352
0.642853692198071,1.018037618895019,1.2319953777711672,0.6951209364298352
0.642853692198071,1.018037618895019,1.2266643383036901,0.6951209364298352
0.642853692198071,1.018037618895019,1.1586065632114315,0.6951209364298352
0.642853692198071,1.018037618895019,1.4585178832254617,0.6951209364298352
0.642853692198071,1.018037618895019,1.217820509733681,0.6951209364298352
0.642853692198071,1.018037618895019,1.1073600969817818,0.6951209364298352
0.642853692198071,1.018037618895019,1.0590093964904046,0.6951209364298352
0.642853692198071,1.018037618895019,1.2830886846028544,0.6951209364298352
0.642853692198071,1.018037618895019,1.0674884113817884,0.6951209364298352
0.642853692198071,1.018037618895019,1.2285237622393512,0.6951209364298352
0.6239647308411465,1.018037618895019,1.0638183576339002,0.6951209364298352
0.6239647308411465,1.018037618895019,1.0893072662687762,0.6951209364298352
0.6239647308411465,1.018037618895019,1.3203649616647941,0.6951209364298352
0.6239647308411465,1.018037618895019,1.1331448407943017,0.6951209364298352
0.6239647308411465,1.018037618895019,1.3220552368763838,0.6951209364298352
0.6239647308411465,1.018037618895019,1.1474815952878321,0.6951209364298352
0.6239647308411465,1.018037618895019,1.1771503145432425,0.6951209364298352
0.6239647308411465,1.018037618895019,1.164343551266467,0.6951209364298352
0.6239647308411465,1.018037618895019,1.2157498500067974,0.6951209364298352
0.6239647308411465,1.018037618895019,1.098645989399516,0.6951209364298352
0.6239647308411465,1.018037618895019,1.1124657284596116,0.6951209364298352
0.6239647308411465,1.018037618895019,1.254770348142418,0.6951209364298352
0.6239647308411465,1.018037618895019,1.0928079522305651,0.6951209364298352
0.6239647308411465,1.063470354157239,1.0943916506892184,0.6951209364298352
0.6239647308411465,1.063470354157239,0.8639418227538183,0.6951209364298352
0.6239647308411465,1.063470354157239,1.0940176409436466,0.6951209364298352
0.6239647308411465,1.063470354157239,0.8124265879270235,0.6951209364298352
0.6239647308411465,1.063470354157239,0.9575198185647172,0.6951209364298352
0.6239647308411465,1.063470354157239,0.8946776885351169,0.6951209364298352
0.6239647308411465,1.063470354157239,1.0085503253706034,0.6951209364298352
0.6239647308411465,1.063470354157239,1.0004480407335203,0.6951209364298352
0.6239647308411465,1.063470354157239,1.0406220132708581,0.6951209364298352
0.6239647308411465,1.063470354157239,1.1577133111431244,0.6951209364298352
0.6239647308411465,1.063470354157239,0.9950572779850525,0.6951209364298352
0.6239647308411465,1.063470354157239,1.2117916542242437,0.6951209364298352
0.6239647308411465,1.063470354157239,1.0857918534475706,0.6951209364298352
0.6239647308411465,1.063470354157239,1.022516300041767,0.6951209364298352
0.651083165877279,1.063470354157239,0.8892381923014532,0.6951209364298352
0.651083165877279,1.063470354157239,0.9515032630271747,0.6951209364298352
0.651083165877279,1.063470354157239,1.1810788380700212,0.6951209364298352
0.651083165877279,1.063470354157239,1.1118273756285282,0.6951209364298352
0.651083165877279,1.063470354157239,1.206970015193408,0.6951209364298352
0.651083165877279,1.063470354157239,0.9023045568616236,0.6951209364298352
0.651083165877279,1.063470354157239,0.8861197003691254,0.6951209364298352
0.651083165877279,1.063470354157239,0.9959686888214255,0.6951209364298352
0.651083165877279,1.063470354157239,1.1005859175413117,0.6951209364298352
0.651083165877279,1.063470354157239,0.8635017231527007,0.6951209364298352
0.651083165877279,1.063470354157239,0.868436590790397,0.6951209364298352
0.651083165877279,1.063470354157239,1.130103807650985,0.6951209364298352
0.651083165877279,1.063470354157239,0.7976399573752013,0.6951209364298352
0.651083165877279,1.063470354157239,0.81014686141424,0.6951209364298352
0.651083165877279,1.063470354157239,0.8424324855978045,0.6951209364298352
0.651083165877279,1.063470354157239,1.004974094043042,0.6951209364298352
0.651083165877279,1.063470354157239,1.0227414995305897,0.6951209364298352
0.651083165877279,1.063470354157239,1.1674843689382755,0.6951209364298352
0.651083165877279,1.063470354157239,0.9898695919080779,0.6951209364298352
0.651083165877279,1.063470354157239,0.8226050214551893,0.6951209364298352
0.651083165877279,1.063470354157239,0.9675609491298612,0.6951209364298352
0.651083165877279,1.063470354157239,1.081119386773237,0.6951209364298352
0.651083165877279,1.063470354157239,0.851112620990416,0.6951209364298352
0.651083165877279,1.063470354157239,1.0556317075529165,0.6951209364298352
0.651083165877279,1.063470354157239,1.0484880333391606,0.6951209364298352
0.651083165877279,1.063470354157239,0.8597188986095448,0.6951209364298352
0.651083165877279,1.063470354157239,0.99205108081933,0.6951209364298352
0.651083165877279,1.063470354157239,1.08653771277726,0.6951209364298352
0.651083165877279,1.063470354157239,0.9648365673715157,0.6951209364298352
0.651083165877279,1.063470354157239,0.9679574778083277,0.6951209364298352
0.651083165877279,1.063470354157239,0.9654034861031118,0.6951209364298352
0.651083165877279,1.063470354157239,1.1348626910704853,0.6951209364298352
0.651083165877279,1.063470354157239,1.0152851825364364,0.6951209364298352
0.651083165877279,1.063470354157239,0.9758895165948842,0.6951209364298352
0.651083165877279,1.063470354157239,0.9805659993077548,0.6951209364298352
0.651083165877279,1.063470354157239,1.011817902549616,0.6951209364298352
0.651083165877279,1.063470354157239,1.059050685018695,0.6951209364298352
0.651083165877279,1.063470354157239,0.9380618386384011,0.6951209364298352
0.651083165877279,1.063470354157239,1.04664442241744,0.6951209364298352
0.651083165877279,1.063470354157239,1.008290636857155,0.6951209364298352
0.630278362054131,1.063470354157239,1.0626799393896984,0.6951209364298352
0.630278362054131,1.063470354157239,0.8997009631076928,0.6951209364298352
0.630278362054131,1.063470354157239,1.124583737016431,0.6951209364298352
0.630278362054131,1.063470354157239,1.101537083283349,0.6951209364298352
0.630278362054131,1.063470354157239,0.836701510846634,0.6951209364298352
0.630278362054131,1.063470354157239,1.1075342534669352,0.6951209364298352
0.630278362054131,1.063470354157239,1.090381059878301,0.6951209364298352
0.6216692728810534,1.063470354157239,1.183651698580466,0.6951209364298352
0.6216692728810534,1.063470354157239,1.0574061676564963,0.6951209364298352
0.6216692728810534,1.063470354157239,0.98391581964062,0.6951209364298352
0.6216692728810534,1.063470354157239,0.9448609340493104,0.6951209364298352
0.6216692728810534,1.063470354157239,1.0828858685554696,0.6951209364298352
0.6216692728810534,1.063470354157239,0.910595048066249,0.6951209364298352
0.6216692728810534,1.063470354157239,1.2186203222298653,0.6951209364298352
0.5811307221794042,1.063470354157239,1.0532134832554505,0.6951209364298352
0.5811307221794042,1.063470354157239,1.2582674532644886,0.6951209364298352
0.5811307221794042,1.063470354157239,1.0289259914974471,0.6951209364298352
0.5811307221794042,1.063470354157239,1.0321535155702153,0.6951209364298352
0.5811307221794042,1.063470354157239,1.0092781252587926,0.6951209364298352
0.5811307221794042,1.063470354157239,1.0086960031375898,0.6951209364298352
0.5811307221794042,1.063470354157239,0.9191177818578946,0.6951209364298352
0.5811307221794042,1.063470354157239,0.9224764018776311,0.6951209364298352
0.5811307221794042,1.063470354157239,1.0650603731028974,0.6951209364298352
0.5811307221794042,1.063470354157239,1.299136570422028,0.6951209364298352
0.5811307221794042,1.063470354157239,1.2327578270978046,0.6951209364298352
0.5811307221794042,1.063470354157239,1.063249115111018,0.6951209364298352
0.5492556901585608,1.063470354157239,1.0096483795358155,0.6951209364298352
0.5492556901585608,1.063470354157239,1.0084924187413173,0.6951209364298352
0.5492556901585608,1.063470354157239,1.1414140838867677,0.6951209364298352
0.5492556901585608,1.063470354157239,1.087368508160668,0.6951209364298352
0.5492556901585608,1.063470354157239,1.073247192694217,0.6951209364298352
0.4816095380746137,1.063470354157239,1.3510017035011284,0.6951209364298352
0.4816095380746137,1.063470354157239,1.268460341868054,0.6951209364298352
0.4816095380746137,1.063470354157239,1.2544042153194155,0.6951209364298352
0.4816095380746137,1.063470354157239,1.2606563750329312,0.6951209364298352
0.4816095380746137,1.063470354157239,1.3433947922015768,0.6951209364298352
0.4816095380746137,1.063470354157239,1.4997913736520476,0.6951209364298352
0.4816095380746137,1.063470354157239,1.3017627786251769,0.6951209364298352
0.4816095380746137,1.0852082375016419,1.1151677429718039,0.6951209364298352
0.4816095380746137,1.0852082375016419,1.1936228722693756,0.6951209364298352
0.4816095380746137,1.0852082375016419,1.3220317600291567,0.6951209364298352
0.4816095380746137,1.0852082375016419,1.0235715297821288,0.6951209364298352
0.4816095380746137,1.0852082375016419,1.188577558066231,0.6951209364298352
0.4816095380746137,1.0852082375016419,1.1612084157344849,0.6951209364298352
0.4816095380746137,1.0852082375016419,1.2710768668033063,0.6951209364298352
0.4816095380746137,1.0852082375016419,1.1935697186488154,0.6951209364298352
0.4816095380746137,1.0852082375016419,0.9981747007187107,0.6951209364298352
0.4816095380746137,1.0803474630186312,1.0038274040070776,0.6951209364298352
0.4816095380746137,1.0803474630186312,1.1520952182922688,0.6951209364298352
0.4816095380746137,1.0803474630186312,1.4332214200475126,0.6951209364298352
0.4816095380746137,1.0803474630186312,1.292449662901133,0.6951209364298352
0.4816095380746137,1.0803474630186312,1.019714666464124,0.6951209364298352
0.4816095380746137,1.0803474630186312,1.0571604043029923,0.6951209364298352
0.4816095380746137,1.0803474630186312,0.9940009444055853,0.6951209364298352
0.4816095380746137,1.0803474630186312,1.228196085136719,0.6951209364298352
0.4816095380746137,1.0803474630186312,1.2804934546937217,0.6951209364298352
0.4816095380746137,1.0803474630186312,1.1109459184745003,0.6951209364298352
0.4816095380746137,1.0803474630186312,1.0732427360342292,0.6951209364298352
0.4816095380746137,1.0603052127095822,1.3374793661348237,0.6951209364298352
0.4816095380746137,1.0896362225305307,1.206962715384641,0.6951209364298352
0.4816095380746137,1.0896362225305307,1.101940754661515,0.6951209364298352
0.4816095380746137,1.0896362225305307,1.232612338648342,0.6951209364298352
0.4816095380746137,1.0896362225305307,1.2549927304704633,0.6951209364298352
0.4816095380746137,1.0896362225305307,1.0551685859359883,0.6951209364298352
0.4816095380746137,1.0896362225305307,1.2559453043978988,0.6951209364298352
0.4816095380746137,1.0896362225305307,1.3095702078652771,0.6951209364298352
0.5099028059040975,1.0896362225305307,1.1459200220222365,0.6951209364298352
0.5099028059040975,1.0896362225305307,1.1651622026158552,0.6951209364298352
0.5099028059040975,1.0896362225305307,0.9782910733976988,0.6951209364298352
0.5099028059040975,1.0896362225305307,1.0445373835541372,0.6951209364298352
0.5099028059040975,1.0896362225305307,0.9834098531299517,0.6951209364298352
0.5099028059040975,1.0896362225305307,1.0047563114302642,0.6951209364298352
0.5099028059040975,1.0896362225305307,1.0889934652632145,0.6951209364298352
0.5099028059040975,1.0896362225305307,1.3736501518003388,0.6951209364298352
0.5099028059040975,1.0896362225305307,1.003101301532795,0.6951209364298352
0.5099028059040975,1.0896362225305307,1.141705664912773,0.6951209364298352
0.5099028059040975,1.0896362225305307,1.1277511352928213,0.6951209364298352
0.5099028059040975,1.0896362225305307,1.1404052658299357,0.6951209364298352
0.5099028059040975,1.0896362225305307,0.9362867729104641,0.6951209364298352
0.5099028059040975,1.0896362225305307,0.9496386463511265,0.6951209364298352
0.5099028059040975,1.0896362225305307,1.3034145714180827,0.6951209364298352
0.5099028059040975,1.0896362225305307,1.3232230284375848,0.6951209364298352
0.5099028059040975,1.0896362225305307,1.0898337835615834,0.6951209364298352
0.5099028059040975,1.0896362225305307,0.8959908785470142,0.6951209364298352
0.5099028059040975,1.0896362225305307,0.7925641147776387,0.6951209364298352
0.40040000921435664,1.0896362225305307,1.3557950491207347,0.6951209364298352
0.40040000921435664,1.0896362225305307,1.249873663398697,0.6951209364298352
0.40040000921435664,1.0896362225305307,1.630882694790388,0.6951209364298352
0.40040000921435664,1.1154826547238048,1.2612653562897032,0.6951209364298352
0.40040000921435664,1.1154826547238048,1.1463820474981543,0.6951209364298352
0.40040000921435664,1.1154826547238048,1.2315593329937102,0.6951209364298352
0.40040000921435664,1.1154826547238048,1.0868749421413944,0.6951209364298352
0.40040000921435664,1.1154826547238048,1.1422565723329525,0.6951209364298352
0.40040000921435664,1.1154826547238048,1.1878913332836998,0.6951209364298352
0.40040000921435664,1.1154826547238048,1.3967391638508924,0.6951209364298352
0.40040000921435664,1.1154826547238048,1.1559937029304386,0.6951209364298352
0.40040000921435664,1.1154826547238048,1.2612977074527765,0.6951209364298352
0.40040000921435664,1.1154826547238048,1.1536255510143467,0.6951209364298352
0.40040000921435664,1.1154826547238048,1.1081467062570838,0.6951209364298352
0.40040000921435664,1.1154826547238048,1.1490747198352138,0.6951209364298352
0.40040000921435664,1.1154826547238048,1.2753144136127266,0.6951209364298352
0.40040000921435664,1.1154826547238048,1.3552833861443148,0.6951209364298352
0.40040000921435664,1.1154826547238048,1.1039463847480047,0.6951209364298352
0.40040000921435664,1.1154826547238048,1.1839089290067888,0.6951209364298352
0.40040000921435664,1.1154826547238048,1.2995115961332666,0.6951209364298352
0.40040000921435664,1.1154826547238048,1.4352172348431342,0.6951209364298352
0.40040000921435664,1.1154826547238048,1.1818442715171256,0.6951209364298352
0.40040000921435664,1.1154826547238048,1.2984459338148624,0.6951209364298352
0.40040000921435664,1.1219126751022104,1.1501305682962908,0.6951209364298352
0.40040000921435664,1.1219126751022104,1.1685658200810185,0.6951209364298352
0.40040000921435664,1.1219126751022104,1.2472323775336276,0.6951209364298352
0.40040000921435664,1.1219126751022104,1.0947081136769892,0.6951209364298352
0.40040000921435664,1.1219126751022104,1.5193525087988264,0.6951209364298352
0.40040000921435664,1.1219126751022104,1.1246998480618395,0.6951209364298352
0.40040000921435664,1.1219126751022104,1.3234944677573404,0.6951209364298352
0.40040000921435664,1.1219126751022104,1.1922091899170537,0.6951209364298352
0.40040000921435664,1.1219126751022104,1.3372185605371918,0.6951209364298352
0.40040000921435664,1.1219126751022104,1.0538136663357454,0.6951209364298352
0.40040000921435664,1.1219126751022104,1.3122931332755357,0.6951209364298352
0.40040000921435664,1.1219126751022104,1.0656491370935481,0.6951209364298352
0.40040000921435664,1.1219126751022104,1.3571852437405887,0.6951209364298352
0.40040000921435664,1.1219126751022104,1.1546845168532727,0.6951209364298352
0.40040000921435664,1.1219126751022104,1.2579725086823847,0.6951209364298352
0.40040000921435664,1.1219126751022104,1.2406346019383723,0.6951209364298352
0.40040000921435664,1.1219126751022104,1.3555674393727342,0.6951209364298352
0.40040000921435664,1.1219126751022104,1.113543797463559,0.6951209364298352
0.40040000921435664,1.1219126751022104,1.3433819233093185,0.6951209364298352
0.40040000921435664,1.1219126751022104,1.2139558028415272,0.6951209364298352
0.40040000921435664,1.1219126751022104,1.2098750204625355,0.6951209364298352
0.40040000921435664,1.1219126751022104,1.1164796898679157,0.6951209364298352
0.40040000921435664,1.1219126751022104,1.3777262059674995,0.6951209364298352
0.40040000921435664,1.1656932581469512,1.144655649124502,0.6951209364298352
0.40040000921435664,1.1656932581469512,1.0512228171015479,0.6951209364298352
0.40040000921435664,1.1656932581469512,1.1537665161805926,0.6951209364298352
0.40040000921435664,1.1656932581469512,1.0365239878960621,0.6951209364298352
0.40040000921435664,1.1656932581469512,0.9349315128996748,0.6951209364298352
0.40040000921435664,1.1656932581469512,0.8941873101566273,0.6951209364298352
0.40040000921435664,1.1656932581469512,1.1204603380686338,0.6951209364298352
0.40040000921435664,1.1656932581469512,1.1277430383167233,0.6951209364298352
0.40040000921435664,1.1656932581469512,1.0404639085057743,0.6951209364298352
0.40040000921435664,1.1656932581469512,0.9985432498778537,0.6951209364298352
0.40040000921435664,1.1656932581469512,0.9142189271008361,0.6951209364298352
0.40040000921435664,1.1656932581469512,1.0615199966236295,0.6951209364298352
0.40040000921435664,1.1656932581469512,1.1767307679001644,0.6951209364298352
0.40040000921435664,1.1656932581469512,1.0680701293346397,0.6951209364298352
0.40040000921435664,1.1656932581469512,0.9843997348427849,0.6951209364298352
0.40040000921435664,1.1044659675398696,1.178645896939904,0.6951209364298352
0.40040000921435664,1.1044659675398696,1.5086129633770315,0.6951209364298352
0.40040000921435664,1.1044659675398696,1.144600634683752,0.6951209364298352
0.40040000921435664,1.1044659675398696,1.1250285774725497,0.6951209364298352
0.40040000921435664,1.1044659675398696,1.0492312005232352,0.6951209364298352
0.40040000921435664,1.1044659675398696,1.4163972253882153,0.6951209364298352
0.40040000921435664,1.1044659675398696,1.4340449367094106,0.6951209364298352
0.40040000921435664,1.1044659675398696,1.178286268536891,0.6951209364298352
0.40040000921435664,1.1044659675398696,1.240761091264899,0.6951209364298352
0.40040000921435664,1.1044659675398696,1.2348651313181909,0.6951209364298352
0.40040000921435664,1.1044659675398696,1.187791594281443,0.6951209364298352
0.40040000921435664,1.1044659675398696,1.3159806440955821,0.6951209364298352
0.40040000921435664,1.1044659675398696,1.355727802801958,0.6951209364298352
0.40040000921435664,1.1044659675398696,1.3838363105548188,0.6951209364298352
0.40040000921435664,1.1044659675398696,1.5446631080139273,0.6951209364298352
0.40040000921435664,1.1044659675398696,1.542771513012151,0.6951209364298352
0.40040000921435664,1.1044659675398696,1.2806066600109673,0.6951209364298352
0.40040000921435664,1.1044659675398696,1.2284286845311396,0.6951209364298352
0.40040000921435664,1.1044659675398696,1.2568607658838746,0.6951209364298352
0.40040000921435664,1.1044659675398696,1.0097903132114452,0.6951209364298352
0.40040000921435664,1.1044659675398696,1.2205688805661248,0.6951209364298352
0.40040000921435664,1.1044659675398696,1.389822537932267,0.6951209364298352
0.40040000921435664,1.1044659675398696,1.5223136457304778,0.6951209364298352
0.40040000921435664,1.1044659675398696,1.2616819703882591,0.6951209364298352
0.40040000921435664,1.1044659675398696,1.413932105156799,0.6951209364298352
0.40040000921435664,1.1044659675398696,1.4539883279850794,0.6951209364298352
0.40040000921435664,1.1044659675398696,1.3680475225265007,0.6951209364298352
0.40040000921435664,1.1044659675398696,1.4728667200828356,0.6951209364298352
0.40040000921435664,1.1044659675398696,1.2322489113983248,0.6951209364298352
0.40040000921435664,1.1044659675398696,1.519025835511654,0.6951209364298352
0.40040000921435664,1.1338871414230536,1.130298442708148,0.6951209364298352
0.40040000921435664,1.1338871414230536,1.2100004450554716,0.6951209364298352
0.40040000921435664,1.1338871414230536,1.0810878169191815,0.6951209364298352
0.40040000921435664,1.1338871414230536,1.1903044318048932,0.6951209364298352
0.40040000921435664,1.1338871414230536,0.9951203172742868,0.6951209364298352
0.40040000921435664,1.1338871414230536,1.051028922285607,0.6951209364298352
0.40040000921435664,1.1338871414230536,1.2499030972334833,0.6951209364298352
0.40040000921435664,1.1338871414230536,1.0746848013453707,0.6951209364298352
0.40040000921435664,1.1338871414230536,1.308298457617938,0.6951209364298352
0.40040000921435664,1.1338871414230536,1.1740971689853645,0.6951209364298352
0.40040000921435664,1.1338871414230536,1.1509147196635652,0.6951209364298352
0.40040000921435664,1.1338871414230536,1.2633989885315073,0.6951209364298352
0.40040000921435664,1.1338871414230536,1.101328996930218,0.6951209364298352
0.40040000921435664,1.1338871414230536,1.1752953239268298,0.6951209364298352
0.40040000921435664,1.1338871414230536,1.0980107067243767,0.6951209364298352
0.40040000921435664,1.1338871414230536,1.1400849292036077,0.6951209364298352
0.40040000921435664,1.1338871414230536,1.0031250885668284,0.6951209364298352
0.40040000921435664,1.1338871414230536,1.1193156826474115,0.6951209364298352
0.40040000921435664,1.1338871414230536,1.2198829541630332,0.6951209364298352
0.40040000921435664,1.1338871414230536,1.1793796261022866,0.6951209364298352
0.40040000921435664,1.1338871414230536,1.2544834866540373,0.6951209364298352
0.40040000921435664,1.1338871414230536,1.2865155225628728,0.6951209364298352
0.40040000921435664,1.106581966113938,1.2643840907651835,0.6951209364298352
0.40040000921435664,1.106581966113938,1.0396255802777397,0.6951209364298352
0.40040000921435664,1.106581966113938,1.3723743850472094,0.6951209364298352
0.40040000921435664,1.106581966113938,1.2249294509632964,0.6951209364298352
0.40040000921435664,1.106581966113938,1.232430130562169,0.6951209364298352
0.40040000921435664,1.1260661023721923,1.2265256353781713,0.6951209364298352
0.40040000921435664,1.1260661023721923,1.0937668312499882,0.6951209364298352
0.40040000921435664,1.1260661023721923,1.2617507004351398,0.6951209364298352
0.40040000921435664,1.1170772630671881,1.185011318094863,0.6951209364298352
0.40040000921435664,1.1170772630671881,1.302202655183242,0.6951209364298352
0.40040000921435664,1.1170772630671881,1.3202727929648013,0.6951209364298352
0.40040000921435664,1.1170772630671881,1.226783610727438,0.6951209364298352
0.40040000921435664,1.1170772630671881,1.2749929073097002,0.6951209364298352
0.40040000921435664,1.1170772630671881,1.1948600195288293,0.6951209364298352
0.40040000921435664,1.1170772630671881,1.520643170688535,0.6951209364298352
0.40040000921435664,1.1170772630671881,1.2197480266323664,0.6951209364298352
0.40040000921435664,1.1170772630671881,1.1773868625151607,0.6951209364298352
0.40040000921435664,1.1170772630671881,1.0792496103046345,0.6951209364298352
0.40040000921435664,1.1170772630671881,1.350781963664155,0.6951209364298352
0.40040000921435664,1.1170772630671881,1.2947408871903314,0.6951209364298352
0.40040000921435664,1.1170772630671881,0.9551415691782924,0.6951209364298352
0.40040000921435664,1.1170772630671881,1.2750985071688783,0.6951209364298352
0.40040000921435664,1.1170772630671881,1.0200318067348388,0.6951209364298352
0.40040000921435664,1.1170772630671881,1.210400928141804,0.6951209364298352
0.40040000921435664,1.1170772630671881,1.2257330585999264,0.6951209364298352
0.43240097189939314,1.1170772630671881,1.2973353383307538,0.6951209364298352
0.43240097189939314,1.1170772630671881,1.0990889824189698,0.6951209364298352
0.43240097189939314,1.1170772630671881,1.2088412970070164,0.6951209364298352
0.43240097189939314,1.1170772630671881,1.0718999407687122,0.6951209364298352
0.43240097189939314,1.1170772630671881,0.9910424065269205,0.6951209364298352
0.43240097189939314,1.1170772630671881,1.0163104384953432,0.6951209364298352
0.43240097189939314,1.1170772630671881,1.1664753384263915,0.6951209364298352
0.43240097189939314,1.1170772630671881,1.24003372865064,0.6951209364298352
0.43240097189939314,1.1170772630671881,1.081733479231554,0.6951209364298352
0.43240097189939314,1.1170772630671881,1.384439797372985,0.6951209364298352
0.43240097189939314,1.1170772630671881,1.4942567767142811,0.6951209364298352
0.43240097189939314,1.1170772630671881,1.0775725382502024,0.6951209364298352
0.46438593215450974,1.1170772630671881,1.1243812927088006,0.6951209364298352
0.46438593215450974,1.1170772630671881,1.0835943452004826,0.6951209364298352
0.46438593215450974,1.1170772630671881,1.1602387172686812,0.6951209364298352
0.46438593215450974,1.1170772630671881,1.0148076329686029,0.6951209364298352
0.46438593215450974,1.1170772630671881,1.140475330799355,0.6951209364298352
0.46438593215450974,1.1170772630671881,1.2986139784570503,0.6951209364298352
0.46438593215450974,1.1170772630671881,1.0554741077861862,0.6951209364298352
0.46438593215450974,1.1170772630671881,1.0495442000044437,0.6951209364298352
0.46438593215450974,1.1170772630671881,1.0716915070472137,0.6951209364298352
0.46438593215450974,1.1170772630671881,1.0618982733289875,0.6951209364298352
0.46438593215450974,1.1170772630671881,0.9332695308016518,0.6951209364298352
0.46438593215450974,1.1170772630671881,0.8899767958110933,0.6951209364298352
0.46438593215450974,1.1170772630671881,1.2138222595907457,0.6951209364298352
0.46438593215450974,1.0775620821581557,1.2293060638192732,0.6951209364298352
0.46438593215450974,1.0775620821581557,1.3845014091483916,0.6951209364298352
0.46438593215450974,1.0775620821581557,1.3241753350947805,0.6951209364298352
0.46438593215450974,1.0775620821581557,0.9916311430664313,0.6951209364298352
0.5304692967655907,1.0775620821581557,1.2187635012047429,0.6951209364298352
0.5304692967655907,1.0775620821581557,1.3305603914020947,0.6951209364298352
0.5304692967655907,1.1186870280451657,0.9326309140593102,0.6951209364298352
0.5304692967655907,1.1186870280451657,1.2176193870871765,0.6951209364298352
0.5304692967655907,1.1186870280451657,0.8898662084741963,0.6951209364298352
0.5304692967655907,1.1186870280451657,0.9187857168638366,0.6951209364298352
0.5304692967655907,1.1186870280451657,0.9267760253406131,0.6951209364298352
0.5304692967655907,1.1186870280451657,0.8976261391172877,0.6951209364298352
0.4866841310255277,1.1186870280451657,0.8984044072925277,0.6951209364298352
0.4866841310255277,1.1186870280451657,1.0228537261618234,0.6951209364298352
0.4732317234399774,1.1186870280451657,0.9961687822695305,0.6951209364298352
0.4732317234399774,1.1186870280451657,1.0226506126260815,0.6951209364298352
0.4732317234399774,1.1186870280451657,0.9009261456736715,0.6951209364298352
0.4732317234399774,1.1186870280451657,1.1093620217327789,0.6951209364298352
0.4732317234399774,1.1186870280451657,0.9116941352231782,0.6951209364298352
0.4732317234399774,1.1186870280451657,1.0905578535841778,0.6951209364298352
0.4732317234399774,1.1186870280451657,1.0016804824886008,0.6951209364298352
0.4732317234399774,1.1186870280451657,1.1291401371532837,0.6951209364298352
0.4732317234399774,1.1186870280451657,1.1912759186887087,0.6951209364298352
0.4732317234399774,1.1186870280451657,1.1656950182508863,0.6951209364298352
0.4732317234399774,1.1186870280451657,1.1650126942544572,0.6951209364298352
0.4732317234399774,1.1186870280451657,1.1332797604262248,0.6951209364298352
0.4732317234399774,1.1186870280451657,1.1455714225299176,0.6951209364298352
0.4732317234399774,1.1186870280451657,1.0583114312974966,0.6951209364298352
0.4732317234399774,1.1186870280451657,1.12542552212163,0.6951209364298352
0.4732317234399774,1.1186870280451657,1.0826478016247225,0.6951209364298352
0.4732317234399774,1.1186870280451657,1.1327564165058999,0.6951209364298352
0.4732317234399774,1.1186870280451657,1.0907401642718175,0.6951209364298352
0.4732317234399774,1.1186870280451657,1.1179100026398707,0.6951209364298352
0.4732317234399774,1.1186870280451657,0.9743245306336552,0.6951209364298352
0.4732317234399774,1.1186870280451657,1.0290806282900808,0.6951209364298352
0.4732317234399774,1.1198123611028863,0.9515324303211852,0.6951209364298352
0.4732317234399774,1.1198123611028863,0.991635128180696,0.6951209364298352
0.4732317234399774,1.1198123611028863,1.1857142816033326,0.6951209364298352
0.4732317234399774,1.1198123611028863,1.1532487632578718,0.6951209364298352
0.4732317234399774,1.1198123611028863,1.0012505925078012,0.6951209364298352
0.4732317234399774,1.1198123611028863,1.0467227384161513,0.6951209364298352
0.47570247626612727,1.1198123611028863,1.0172836433862185,0.6951209364298352
0.4227406792624855,1.1198123611028863,1.0606164973615055,0.6951209364298352
0.4227406792624855,1.1198123611028863,0.9867516545568277,0.6951209364298352
0.4227406792624855,1.1316003041636034,1.1839471161305215,0.6951209364298352
0.4227406792624855,1.1316003041636034,0.9217687287249351,0.6951209364298352
0.4227406792624855,1.1316003041636034,1.0980062344653196,0.6951209364298352
0.4227406792624855,1.1316003041636034,1.0825891045836769,0.6951209364298352
0.3564836965871039,1.1316003041636034,1.4852453684922566,0.6951209364298352
0.3564836965871039,1.1316003041636034,1.2571743347123223,0.6951209364298352
0.3564836965871039,1.1316003041636034,1.2359640950757838,0.6951209364298352
0.3564836965871039,1.1316003041636034,0.9914725430913217,0.6951209364298352
0.3564836965871039,1.1316003041636034,1.330655259127187,0.6951209364298352
0.3564836965871039,1.1316003041636034,1.2726473374346754,0.6951209364298352
0.3564836965871039,1.1316003041636034,1.3652279267505436,0.6951209364298352
0.3564836965871039,1.1316003041636034,1.2824954859888633,0.6951209364298352
0.3564836965871039,1.1316003041636034,1.3748302176229927,0.6951209364298352
0.3564836965871039,1.1316003041636034,1.5916555995562534,0.6951209364298352
0.3564836965871039,1.1316003041636034,1.4014211846943703,0.6951209364298352
0.3564836965871039,1.1316003041636034,1.451538294154844,0.6951209364298352
0.3564836965871039,1.1316003041636034,1.6163787663419709,0.6951209364298352
0.3564836965871039,1.1316003041636034,1.3948970655247463,0.6951209364298352
0.3564836965871039,1.1316003041636034,1.462211933514535,0.6951209364298352
0.3564836965871039,1.1316003041636034,1.1814818654575034,0.6951209364298352
0.3564836965871039,1.1316003041636034,1.4543983889874923,0.6951209364298352
0.3564836965871039,1.1316003041636034,1.2176308411275218,0.6951209364298352
0.3564836965871039,1.1316003041636034,1.279410492951406,0.6951209364298352
0.3564836965871039,1.1316003041636034,1.420925290654361,0.6951209364298352
0.3564836965871039,1.1316003041636034,1.2252653038356098,0.6951209364298352
0.3564836965871039,1.1316003041636034,1.4638981194084044,0.6951209364298352
0.3564836965871039,1.1316003041636034,1.2430766343751147,0.6951209364298352
0.3564836965871039,1.1316003041636034,1.1924774600565118,0.6951209364298352
0.3564836965871039,1.1316003041636034,1.51084393491936,0.6951209364298352
0.3564836965871039,1.1316003041636034,1.3182485892069324,0.6951209364298352
0.3564836965871039,1.1316003041636034,1.1142658420682678,0.6951209364298352
0.3564836965871039,1.1316003041636034,1.6527185480627964,0.6951209364298352
0.3564836965871039,1.1316003041636034,1.035481507394865,0.6951209364298352
0.3564836965871039,1.122440776480555,1.551298217996587,0.6951209364298352
0.3564836965871039,1.122440776480555,1.1805626855571536,0.6951209364298352
0.3564836965871039,1.122440776480555,1.2798630176348877,0.6951209364298352
0.3564836965871039,1.122440776480555,1.7129069027157577,0.6951209364298352
0.3564836965871039,1.122440776480555,1.4633890594919707,0.6951209364298352
0.3564836965871039,1.122440776480555,1.4820674700503729,0.6951209364298352
0.3564836965871039,1.122440776480555,1.3137222855118271,0.6951209364298352
0.3564836965871039,1.122440776480555,1.7353942595448757,0.6951209364298352
0.3564836965871039,1.122440776480555,1.622126756161451,0.6951209364298352
0.3564836965871039,1.122440776480555,1.2280658937415538,0.6951209364298352
0.3564836965871039,1.122440776480555,1.3336570287209688,0.6951209364298352
0.3564836965871039,1.122440776480555,1.4047098362420696,0.6951209364298352
0.3564836965871039,1.122440776480555,1.4749641585303175,0.6951209364298352
0.3564836965871039,1.122440776480555,1.2066860654458145,0.6951209364298352
0.3564836965871039,1.122440776480555,1.4984355294538811,0.6951209364298352
0.3564836965871039,1.122440776480555,1.114568739522341,0.6951209364298352
0.3564836965871039,1.122440776480555,1.3675996803718238,0.6951209364298352
0.3564836965871039,1.122440776480555,1.4865616849692942,0.6951209364298352
0.3564836965871039,1.122440776480555,1.6804543369529952,0.6951209364298352
0.3564836965871039,1.122440776480555,1.5180878427007876,0.6951209364298352
0.3564836965871039,1.122440776480555,1.3318739307542549,0.6951209364298352
0.3564836965871039,1.122440776480555,1.4258238605248297,0.6951209364298352
0.3564836965871039,1.122440776480555,1.357006071768577,0.6951209364298352
0.3564836965871039,1.122440776480555,1.2044971683089698,0.6951209364298352
0.3564836965871039,1.122440776480555,1.3483924297986207,0.6951209364298352
0.3564836965871039,1.122440776480555,1.4795003219976557,0.6951209364298352
0.3564836965871039,1.122440776480555,1.4252539821539707,0.6951209364298352
0.3564836965871039,1.122440776480555,1.1664457335812304,0.6951209364298352
0.3564836965871039,1.122440776480555,1.1515802629246932,0.6951209364298352
0.3564836965871039,1.1528452632353015,1.5635476034251226,0.6951209364298352
0.3564836965871039,1.1528452632353015,1.117310263514387,0.6951209364298352
0.3564836965871039,1.1528452632353015,1.150678360002483,0.6951209364298352
0.3564836965871039,1.1528452632353015,1.3295319083944237,0.6951209364298352
0.3564836965871039,1.1528452632353015,1.4076308778980453,0.6951209364298352
0.3564836965871039,1.1528452632353015,1.3151407550078984,0.6951209364298352
0.3564836965871039,1.1528452632353015,1.0436358449558818,0.6951209364298352
0.3564836965871039,1.1528452632353015,1.3104416885248822,0.6951209364298352
0.3564836965871039,1.1528452632353015,1.3892426957732453,0.6951209364298352
0.3564836965871039,1.1528452632353015,1.3372203558584068,0.6951209364298352
0.3564836965871039,1.1528452632353015,1.0047338320913728,0.6951209364298352
0.3564836965871039,1.1528452632353015,1.1086845035460038,0.6951209364298352
0.3564836965871039,1.1528452632353015,1.2742080283940096,0.6951209364298352
0.3564836965871039,1.1528452632353015,1.2395228108368095,0.6951209364298352
0.3564836965871039,1.1528452632353015,1.3512756580325131,0.6951209364298352
0.3564836965871039,1.1528452632353015,1.2306930033927799,0.6951209364298352
0.3564836965871039,1.1528452632353015,1.0788155282708878,0.6951209364298352
0.3564836965871039,1.1528452632353015,0.9680735234785522,0.6951209364298352
0.3564836965871039,1.1193767564066572,1.2024174765444091,0.6951209364298352
0.3564836965871039,1.1193767564066572,1.3391966643636393,0.6951209364298352
0.3564836965871039,1.1193767564066572,1.3471539156974304,0.6951209364298352
0.3564836965871039,1.1193767564066572,1.3660136489787948,0.6951209364298352
0.3564836965871039,1.1193767564066572,1.470825437743502,0.6951209364298352
0.3564836965871039,1.1193767564066572,1.2718826579065121,0.6951209364298352
0.3564836965871039,1.1193767564066572,1.2813270767301408,0.6951209364298352
0.3564836965871039,1.1518324855590354,1.5161267270878656,0.6951209364298352
0.3564836965871039,1.1518324855590354,1.305642507865247,0.6951209364298352
0.3564836965871039,1.1518324855590354,1.3337680248484134,0.6951209364298352
0.3564836965871039,1.1518324855590354,1.0740564255938228,0.6951209364298352
0.3564836965871039,1.1518324855590354,1.0893939883154125,0.6951209364298352
0.3564836965871039,1.1518324855590354,1.323886834329706,0.6951209364298352
0.3564836965871039,1.1518324855590354,1.3542064280614277,0.6951209364298352
0.3564836965871039,1.1518324855590354,1.1688394256260681,0.6951209364298352
0.3564836965871039,1.1518324855590354,1.2024305117098293,0.6951209364298352
0.3564836965871039,1.1518324855590354,1.3103141459335816,0.6951209364298352
0.3564836965871039,1.1471203101632166,1.0710140001641584,0.6951209364298352
0.3564836965871039,1.1471203101632166,1.1062797966834212,0.6951209364298352
0.3564836965871039,1.1471203101632166,0.995760799574005,0.6951209364298352
0.3564836965871039,1.1471203101632166,1.2028138057488638,0.6951209364298352
0.3564836965871039,1.1471203101632166,1.3152395592617427,0.6951209364298352
0.3564836965871039,1.1471203101632166,1.4993445408158408,0.6951209364298352
0.3564836965871039,1.1471203101632166,1.393374585047481,0.6951209364298352
0.3564836965871039,1.1471203101632166,1.16226007482625,0.6951209364298352
0.3564836965871039,1.1471203101632166,1.184186489475248,0.6951209364298352
0.3564836965871039,1.1471203101632166,1.1919531283617633,0.6951209364298352
0.3564836965871039,1.1471203101632166,1.0810772065483332,0.6951209364298352
0.3564836965871039,1.1471203101632166,1.2218273547684115,0.6951209364298352
0.3564836965871039,1.1471203101632166,1.131125904991415,0.6951209364298352
0.3564836965871039,1.1471203101632166,1.3800951024375963,0.6951209364298352
0.3564836965871039,1.1471203101632166,1.1843401737992636,0.6951209364298352
0.3564836965871039,1.1471203101632166,1.1947560254098644,0.6951209364298352
0.3564836965871039,1.1471203101632166,1.517559329837061,0.6951209364298352
0.3564836965871039,1.1471203101632166,1.0837904623765324,0.6951209364298352
0.3564836965871039,1.1471203101632166,0.991913642189103,0.6951209364298352
0.3564836965871039,1.1471203101632166,1.1549317260579568,0.6951209364298352
0.3564836965871039,1.1471203101632166,1.4583204537920256,0.6951209364298352
0.3564836965871039,1.1471203101632166,1.2316473580842873,0.6951209364298352
0.3564836965871039,1.1471203101632166,1.2897674200890044,0.6951209364298352
0.3564836965871039,1.1471203101632166,1.2898536191173835,0.6951209364298352
0.3564836965871039,1.1471203101632166,1.036991927762473,0.6951209364298352
0.3564836965871039,1.1471203101632166,1.4317675691424647,0.6951209364298352
0.3564836965871039,1.1471203101632166,1.1932590471853306,0.6951209364298352
0.3564836965871039,1.1471203101632166,1.077663680509008,0.6951209364298352
0.3564836965871039,1.1471203101632166,1.2447576103761713,0.6951209364298352
0.3564836965871039,1.1471203101632166,1.2414741924811956,0.6951209364298352
0.3564836965871039,1.1471203101632166,1.1080244897423697,0.6951209364298352
0.3564836965871039,1.1471203101632166,1.3079663240630233,0.6951209364298352
0.3564836965871039,1.1471203101632166,1.1964495901901533,0.6951209364298352
0.3564836965871039,1.1471203101632166,1.2915185393582584,0.6951209364298352
0.3564836965871039,1.1471203101632166,1.2616760485726375,0.6951209364298352
0.3564836965871039,1.1471203101632166,1.1821709298834675,0.6951209364298352
0.3564836965871039,1.1471203101632166,1.2798885767145467,0.6951209364298352
0.3564836965871039,1.1471203101632166,1.0430552283893684,0.6951209364298352
0.3564836965871039,1.1471203101632166,1.359178740179501,0.6951209364298352
0.3564836965871039,1.1653577736553105,1.2672540256939822,0.6951209364298352
0.3564836965871039,1.1653577736553105,1.0938785571874459,0.6951209364298352
0.3564836965871039,1.1653577736553105,1.0709548494829702,0.6951209364298352
0.3564836965871039,1.1653577736553105,1.1209310278858584,0.6951209364298352
0.3564836965871039,1.1653577736553105,1.2225674639404427,0.6951209364298352
0.3564836965871039,1.1653577736553105,1.103532566366682,0.6951209364298352
0.3564836965871039,1.1653577736553105,1.1655204589640458,0.6951209364298352
0.3564836965871039,1.1653577736553105,1.046139187480895,0.6951209364298352
0.3564836965871039,1.1653577736553105,1.0043153574974928,0.6951209364298352
0.3564836965871039,1.1653577736553105,0.9871359338608502,0.6951209364298352
0.3564836965871039,1.123717169557757,1.2213254820896577,0.6951209364298352
0.3564836965871039,1.123717169557757,1.330757272134233,0.6951209364298352
0.3564836965871039,1.123717169557757,1.0783879085044221,0.6951209364298352
0.3564836965871039,1.123717169557757,1.2721655924283841,0.6951209364298352
0.3564836965871039,1.123717169557757,1.4039083092123996,0.6951209364298352
0.3564836965871039,1.123717169557757,1.2501996460027682,0.6951209364298352
0.3564836965871039,1.1465828595762195,1.0714159024258623,0.6951209364298352
0.3564836965871039,1.1465828595762195,1.1677581133563635,0.6951209364298352
0.3564836965871039,1.1465828595762195,1.1878021260842841,0.6951209364298352
0.3564836965871039,1.1465828595762195,1.332410955810161,0.6951209364298352
0.3564836965871039,1.1433881940680317,1.0175589174179633,0.6951209364298352
0.3564836965871039,1.139733346599583,1.2577105707215588,0.6951209364298352
0.3564836965871039,1.139733346599583,1.1496018784432147,0.6951209364298352
0.3564836965871039,1.139733346599583,1.134395214397518,0.6951209364298352
0.3564836965871039,1.139733346599583,1.1930058540136808,0.6951209364298352
0.3564836965871039,1.139733346599583,1.308484397897584,0.6951209364298352
0.3564836965871039,1.139733346599583,1.4232086381095044,0.6951209364298352
0.3564836965871039,1.139733346599583,1.3239775244240843,0.6951209364298352
0.3564836965871039,1.139733346599583,1.4845881539170676,0.6951209364298352
0.3564836965871039,1.139733346599583,1.2649503911278002,0.6951209364298352
0.3564836965871039,1.139733346599583,1.2241431365695734,0.6951209364298352
0.3564836965871039,1.139733346599583,1.2903567836493293,0.6951209364298352
0.3564836965871039,1.139733346599583,1.1572938610849501,0.6951209364298352
0.3564836965871039,1.139733346599583,1.2340406853254189,0.6951209364298352
0.3564836965871039,1.139733346599583,1.19578337353818,0.6951209364298352
0.3564836965871039,1.139733346599583,1.2438998454540808,0.6951209364298352
0.3564836965871039,1.139733346599583,1.3006953421297078,0.6951209364298352
0.3564836965871039,1.139733346599583,1.1821508993352976,0.6951209364298352
0.3564836965871039,1.139733346599583,1.296566293735552,0.6951209364298352
0.3564836965871039,1.139733346599583,1.196008315810331,0.6951209364298352
0.3564836965871039,1.139733346599583,1.2601407164840406,0.6951209364298352
0.3564836965871039,1.139733346599583,1.0723810488534329,0.6951209364298352
0.3564836965871039,1.139733346599583,1.1016192214242702,0.6951209364298352
0.3564836965871039,1.139733346599583,1.4254389562785936,0.6951209364298352
0.3564836965871039,1.139733346599583,1.3180699710048287,0.6951209364298352
0.3564836965871039,1.139733346599583,1.2971842114961154,0.6951209364298352
0.3564836965871039,1.139733346599583,1.3895246467094247,0.6951209364298352
0.3564836965871039,1.139733346599583,1.257972428734969,0.6951209364298352
0.3564836965871039,1.139733346599583,1.3426624763851678,0.6951209364298352
0.3564836965871039,1.139733346599583,1.192548156090262,0.6951209364298352
0.3564836965871039,1.139733346599583,1.3364809793647097,0.6951209364298352
0.3564836965871039,1.139733346599583,1.0117243712396338,0.6951209364298352
0.3564836965871039,1.139733346599583,1.2496354405152268,0.6951209364298352
0.3564836965871039,1.139733346599583,1.2877377565622379,0.6951209364298352
0.3564836965871039,1.139733346599583,1.3571512676742536,0.6951209364298352
0.3564836965871039,1.139733346599583,1.0940351509241368,0.6951209364298352
0.3564836965871039,1.139733346599583,1.3223592317267927,0.6951209364298352
0.3564836965871039,1.139733346599583,1.2027766331825311,0.6951209364298352
0.3564836965871039,1.139733346599583,1.4681062637617222,0.6951209364298352
0.3564836965871039,1.139733346599583,1.3170722166397237,0.6951209364298352
0.3564836965871039,1.139733346599583,1.3106398497170886,0.6951209364298352
0.3564836965871039,1.139733346599583,1.1870478397212816,0.6951209364298352
0.3564836965871039,1.139733346599583,1.274511786467873,0.6951209364298352
0.3564836965871039,1.139733346599583,1.3223928758601944,0.6951209364298352
0.3564836965871039,1.139733346599583,1.1141007181946652,0.6951209364298352
0.37551844142677243,1.139733346599583,1.2357213477269737,0.6951209364298352
0.37551844142677243,1.139733346599583,1.1952046753988033,0.6951209364298352
0.4602791850227764,1.139733346599583,1.0065740874568807,0.6951209364298352
0.4602791850227764,1.139733346599583,0.9264185866886212,0.6951209364298352
0.4602791850227764,1.139733346599583,1.0611754837006886,0.6951209364298352
0.4602791850227764,1.139733346599583,1.018156831783818,0.6951209364298352
0.4602791850227764,1.139733346599583,1.0311758213586828,0.6951209364298352
0.35880383618406025,1.139733346599583,1.1624704215901391,0.6951209364298352
0.35880383618406025,1.139733346599583,1.4149050866372366,0.6951209364298352
0.35880383618406025,1.139733346599583,1.3556924984144263,0.6951209364298352
0.35880383618406025,1.139733346599583,1.4294093734158502,0.6951209364298352
0.35880383618406025,1.139733346599583,1.3442203155841574,0.6951209364298352
0.35880383618406025,1.139733346599583,1.1792549912260306,0.6951209364298352
0.35880383618406025,1.139733346599583,1.1330302572445607,0.6951209364298352
0.35880383618406025,1.139733346599583,1.307061751094631,0.6951209364298352
0.35880383618406025,1.139733346599583,1.3455299017457134,0.6951209364298352
0.35880383618406025,1.139733346599583,1.2314827540494393,0.6951209364298352
0.35880383618406025,1.139733346599583,1.0897018579057958,0.6951209364298352
0.35880383618406025,1.139733346599583,1.2818557006674445,0.6951209364298352
0.35880383618406025,1.139733346599583,1.1748427045084608,0.6951209364298352
0.35880383618406025,1.139733346599583,1.2607283077310092,0.6951209364298352
0.35880383618406025,1.139733346599583,1.4370079333863706,0.6951209364298352
0.35880383618406025,1.139733346599583,1.3051438057463425,0.6951209364298352
0.35880383618406025,1.139733346599583,1.3767574917680663,0.6951209364298352
0.35880383618406025,1.139733346599583,1.5365639238160786,0.6951209364298352
0.35880383618406025,1.139733346599583,1.2871991708826347,0.6951209364298352
0.35880383618406025,1.139733346599583,1.1651634238050674,0.6951209364298352
0.35880383618406025,1.139733346599583,1.0590133176656096,0.6951209364298352
0.35880383618406025,1.139733346599583,1.3571244300912448,0.6951209364298352
0.35880383618406025,1.139733346599583,1.1721547195091813,0.6951209364298352
0.35880383618406025,1.139733346599583,1.1955071248349562,0.6951209364298352
0.35880383618406025,1.139733346599583,1.2348628043702756,0.6951209364298352
0.35880383618406025,1.139733346599583,1.3875270846019414,0.6951209364298352
0.35880383618406025,1.139733346599583,1.2693237850111034,0.6951209364298352
0.35880383618406025,1.139733346599583,1.239099477486884,0.6951209364298352
0.35880383618406025,1.139733346599583,1.247991928731315,0.6951209364298352
0.35880383618406025,1.139733346599583,1.3086733263316863,0.6951209364298352
0.35880383618406025,1.139733346599583,1.4626933708366274,0.6951209364298352
0.35880383618406025,1.139733346599583,1.0743437325069716,0.6951209364298352
0.35880383618406025,1.139733346599583,1.16712443355381,0.6951209364298352
0.35880383618406025,1.139733346599583,1.2033357685282364,0.6951209364298352
0.35880383618406025,1.139733346599583,1.2856597617804848,0.6951209364298352
0.35880383618406025,1.139733346599583,1.1808547392516877,0.6951209364298352
0.39271537394969097,1.139733346599583,1.1226846015512026,0.6951209364298352
0.39271537394969097,1.139733346599583,1.1772113606317731,0.6951209364298352
0.39271537394969097,1.139733346599583,1.2945747582764724,0.6951209364298352
0.39271537394969097,1.139733346599583,1.0219909955605306,0.6951209364298352
0.39271537394969097,1.139733346599583,0.9882136310537358,0.6951209364298352
0.39271537394969097,1.139733346599583,1.0793186991883787,0.6951209364298352
0.39271537394969097,1.139733346599583,1.1678068947782287,0.6951209364298352
0.39271537394969097,1.139733346599583,1.0604783886654483,0.6951209364298352
0.39271537394969097,1.139733346599583,1.103926185303023,0.6951209364298352
0.39271537394969097,1.1344165565065412,1.2668641764720672,0.6951209364298352
0.39271537394969097,1.1344165565065412,1.2005485154332516,0.6951209364298352
0.39271537394969097,1.1344165565065412,1.247896952612535,0.6951209364298352
0.39271537394969097,1.1344165565065412,1.3167175561281916,0.6951209364298352
0.39271537394969097,1.1344165565065412,1.2176884274641275,0.6951209364298352
0.39271537394969097,1.1344165565065412,1.3318957372556124,0.6951209364298352
0.39271537394969097,1.1344165565065412,1.1192995162335164,0.6951209364298352
0.39271537394969097,1.1344165565065412,1.2115785010584923,0.6951209364298352
0.39271537394969097,1.1344165565065412,1.0597952394662118,0.6951209364298352
0.39271537394969097,1.1344165565065412,1.1275002121728013,0.6951209364298352
0.39271537394969097,1.1344165565065412,1.1294914644740865,0.6951209364298352
0.39271537394969097,1.1344165565065412,1.2573334434057724,0.6951209364298352
0.39271537394969097,1.1344165565065412,1.1506258149650574,0.6951209364298352
0.39271537394969097,1.1344165565065412,1.136693187751451,0.6951209364298352
0.39271537394969097,1.1344165565065412,1.3684945212241686,0.6951209364298352
0.39271537394969097,1.1344165565065412,1.1717834890199081,0.6951209364298352
0.39271537394969097,1.1344165565065412,1.2515912052031923,0.6951209364298352
0.39271537394969097,1.1344165565065412,1.3645605227741766,0.6951209364298352
0.39271537394969097,1.1344165565065412,1.0866238977116687,0.6951209364298352
0.39271537394969097,1.1344165565065412,0.9472888646084249,0.6951209364298352
0.39271537394969097,1.1344165565065412,1.3895312997968539,0.6951209364298352
0.39271537394969097,1.1344165565065412,1.435924711380589,0.6951209364298352
0.39271537394969097,1.1344165565065412,1.024167133644587,0.6951209364298352
0.39271537394969097,1.1344165565065412,1.3221302007979152,0.6951209364298352
0.39271537394969097,1.1344165565065412,1.402236237088215,0.6951209364298352
0.39271537394969097,1.1344165565065412,1.0389128375557433,0.6951209364298352
0.39271537394969097,1.1344165565065412,1.3044300078077342,0.6951209364298352
0.39271537394969097,1.1344165565065412,1.2238810567205316,0.6951209364298352
0.39271537394969097,1.1344165565065412,1.0654540025212624,0.6951209364298352
0.39271537394969097,1.1344165565065412,1.080945790976178,0.6951209364298352
0.39271537394969097,1.1344165565065412,1.4235615375785495,0.6951209364298352
0.4777464586485047,1.1344165565065412,1.098137993988458,0.6951209364298352
0.4777464586485047,1.1344165565065412,0.888809869436974,0.6951209364298352
0.4777464586485047,1.1344165565065412,0.9843485041308294,0.6951209364298352
0.4777464586485047,1.1344165565065412,0.8956913317642057,0.6951209364298352
0.4777464586485047,1.1344165565065412,1.1684034102501863,0.6951209364298352
0.4777464586485047,1.1344165565065412,0.8839571496077856,0.6951209364298352
0.4777464586485047,1.1344165565065412,0.8709025439976299,0.6951209364298352
0.4777464586485047,1.1344165565065412,0.9629917373186523,0.6951209364298352
0.4777464586485047,1.1344165565065412,1.086453934244918,0.6951209364298352
0.4777464586485047,1.1344165565065412,0.8438036421298591,0.6951209364298352
0.4777464586485047,1.1344165565065412,0.9071158502387935,0.6951209364298352
0.4777464586485047,1.1344165565065412,0.9922289183346701,0.6951209364298352
0.4777464586485047,1.1344165565065412,1.1081364665234659,0.6951209364298352
0.4777464586485047,1.1344165565065412,1.0286389939830798,0.6951209364298352
0.4777464586485047,1.1344165565065412,0.9721583461952434,0.6951209364298352
0.4777464586485047,1.1344165565065412,0.96795773111179,0.6951209364298352
0.4777464586485047,1.1344165565065412,1.0342779431357396,0.6951209364298352
0.4777464586485047,1.1344165565065412,0.857532773428682,0.6951209364298352
0.4777464586485047,1.1344165565065412,1.0276439636024475,0.6951209364298352
0.4777464586485047,1.120393286797549,1.02950403245177,0.6951209364298352
0.4777464586485047,1.120393286797549,0.9461568771484157,0.6951209364298352
0.4777464586485047,1.120393286797549,0.9811082495119255,0.6951209364298352
0.4777464586485047,1.120393286797549,1.1133038377825186,0.6951209364298352
0.4777464586485047,1.120393286797549,0.9316144990947002,0.6951209364298352
0.4777464586485047,1.120393286797549,1.083920033493131,0.6951209364298352
0.4777464586485047,1.120393286797549,1.0854713375606175,0.6951209364298352
0.4777464586485047,1.120393286797549,1.0878643971793516,0.6951209364298352
0.4777464586485047,1.120393286797549,0.9269747506604025,0.6951209364298352
0.4777464586485047,1.120393286797549,1.0045370119983674,0.6951209364298352
0.4777464586485047,1.120393286797549,0.9168041764647679,0.6951209364298352
0.4777464586485047,1.120393286797549,1.1344525557499803,0.6951209364298352
0.4777464586485047,1.120393286797549,1.0194827611386608,0.6951209364298352
0.4777464586485047,1.120393286797549,1.1537272034955015,0.6951209364298352
0.4777464586485047,1.120393286797549,1.0391743366543025,0.6951209364298352
0.4777464586485047,1.120393286797549,0.8628828247780925,0.6951209364298352
0.4777464586485047,1.120393286797549,1.116299201749198,0.6951209364298352
0.4777464586485047,1.120393286797549,1.0661468944498662,0.6951209364298352
0.4777464586485047,1.120393286797549,0.8672142293392234,0.6951209364298352
0.4777464586485047,1.120393286797549,0.9487569800225244,0.6951209364298352
0.4777464586485047,1.120393286797549,1.1279394075533242,0.6951209364298352
0.4777464586485047,1.120393286797549,1.0146887866164438,0.6951209364298352
0.4777464586485047,1.120393286797549,1.2688365975578573,0.6951209364298352
0.4777464586485047,1.120393286797549,0.8078262085678336,0.6951209364298352
0.4777464586485047,1.120393286797549,1.0174337567673801,0.6951209364298352
0.4777464586485047,1.120393286797549,1.0691869682999733,0.6951209364298352
0.4777464586485047,1.120393286797549,1.005419424933665,0.6951209364298352
0.4777464586485047,1.120393286797549,0.9805193839282507,0.6951209364298352
0.4777464586485047,1.120393286797549,1.0033449596249218,0.6951209364298352
0.4777464586485047,1.120393286797549,1.0414740513836294,0.6951209364298352
0.4777464586485047,1.120393286797549,0.9128223111722584,0.6951209364298352
0.4777464586485047,1.120393286797549,1.0413929668279476,0.6951209364298352
0.4777464586485047,1.120393286797549,1.1371708905701507,0.6951209364298352
0.4777464586485047,1.120393286797549,1.0576599143288536,0.6951209364298352
0.4777464586485047,1.120393286797549,1.2298367182773806,0.6951209364298352
0.4777464586485047,1.120393286797549,1.0147892953442885,0.6951209364298352
0.4777464586485047,1.120393286797549,1.1413850603340512,0.6951209364298352
0.4777464586485047,1.120393286797549,1.1558509683409155,0.6951209364298352
0.4777464586485047,1.120393286797549,1.0120372227535566,0.6951209364298352
0.4777464586485047,1.120393286797549,1.0810068715912131,0.6951209364298352
0.4777464586485047,1.120393286797549,1.0892159435381923,0.6951209364298352
0.4777464586485047,1.120393286797549,1.1021835267222668,0.6951209364298352
0.4777464586485047,1.120393286797549,1.1182228327043706,0.6951209364298352
0.4777464586485047,1.120393286797549,0.9778913861340375,0.6951209364298352
0.4777464586485047,1.120393286797549,1.0652087520220739,0.6951209364298352
0.4777464586485047,1.120393286797549,1.0055063056889555,0.6951209364298352
0.4777464586485047,1.120393286797549,0.9926100131769764,0.6951209364298352
0.4777464586485047,1.120393286797549,1.1662445335355562,0.6951209364298352
0.4777464586485047,1.120393286797549,1.0233489798740443,0.6951209364298352
0.4777464586485047,1.120393286797549,1.1596214800379496,0.6951209364298352
0.4777464586485047,1.120393286797549,0.9674644675349506,0.6951209364298352
0.4777464586485047,1.120393286797549,1.0357675899025003,0.6951209364298352
0.4777464586485047,1.120393286797549,1.0993858147815714,0.6951209364298352
0.4777464586485047,1.120393286797549,1.0746915752843997,0.6951209364298352
0.4777464586485047,1.120393286797549,0.993398671506857,0.6951209364298352
0.4777464586485047,1.120393286797549,0.8539680893900338,0.6951209364298352
0.4777464586485047,1.106569277021246,1.0873732982800761,0.6951209364298352
0.4777464586485047,1.106569277021246,1.1741553823661346,0.6951209364298352
0.4777464586485047,1.106569277021246,1.2179528820927839,0.6951209364298352
0.4777464586485047,1.1204421332571675,1.0065687108129566,0.6951209364298352
0.4777464586485047,1.1204421332571675,1.1846779118365838,0.6951209364298352
0.4777464586485047,1.1204421332571675,1.1201787338313194,0.6951209364298352
0.4777464586485047,1.1204421332571675,0.9493366261139577,0.6951209364298352
0.4777464586485047,1.1204421332571675,1.1558133005870308,0.6951209364298352
0.4777464586485047,1.1204421332571675,0.8650985579914797,0.6951209364298352
0.4777464586485047,1.1204421332571675,1.008529365275759,0.6951209364298352
0.4777464586485047,1.1204421332571675,0.9122761565129407,0.6951209364298352
0.4777464586485047,1.1204421332571675,1.2302300996895192,0.6951209364298352
0.4777464586485047,1.1204421332571675,0.9501810867799402,0.6951209364298352
0.4777464586485047,1.1204421332571675,1.0580267575839577,0.6951209364298352
0.4777464586485047,1.1204421332571675,1.1701541894451468,0.6951209364298352
0.4777464586485047,1.1204421332571675,1.0236023630978308,0.6951209364298352
0.4777464586485047,1.1204421332571675,1.1712733093529717,0.6951209364298352
0.4777464586485047,1.1204421332571675,1.0809682369490814,0.6951209364298352
0.4777464586485047,1.1204421332571675,1.1275754286201312,0.6951209364298352
0.4777464586485047,1.1204421332571675,1.1131644248680983,0.6951209364298352
0.4433851357710358,1.1204421332571675,1.086520178060534,0.6951209364298352
0.4433851357710358,1.1204421332571675,1.0096673643359895,0.6951209364298352
0.4433851357710358,1.1204421332571675,1.2033872121675138,0.6951209364298352
0.4433851357710358,1.1204421332571675,1.0997645984882767,0.6951209364298352
0.4433851357710358,1.1204421332571675,1.0735687325375727,0.6951209364298352
0.4433851357710358,1.1204421332571675,1.202649905046723,0.6951209364298352
0.4433851357710358,1.1014556141208252,1.2594750949383788,0.6951209364298352
0.4433851357710358,1.1014556141208252,1.2622571513411864,0.6951209364298352
0.4433851357710358,1.1014556141208252,1.194481090510089,0.6951209364298352
0.4433851357710358,1.0912209359978364,1.220716930796916,0.6951209364298352
0.4433851357710358,1.0912209359978364,1.2134934519457174,0.6951209364298352
0.4433851357710358,1.0912209359978364,1.4005925012041638,0.6951209364298352
0.4433851357710358,1.0912209359978364,1.3099338336062751,0.6951209364298352
0.4433851357710358,1.0912209359978364,1.2720251469286448,0.6951209364298352
0.4433851357710358,1.0912209359978364,1.2733910980700605,0.6951209364298352
0.4433851357710358,1.0912209359978364,1.1317663339874746,0.6951209364298352
0.4433851357710358,1.0912209359978364,1.3577436301203711,0.6951209364298352
0.4433851357710358,1.0912209359978364,1.4597243322546538,0.6951209364298352
0.4433851357710358,1.0912209359978364,1.193581648205111,0.6951209364298352
0.4433851357710358,1.0912209359978364,1.1470963951196635,0.6951209364298352
0.4433851357710358,1.0912209359978364,1.2628907179230442,0.6951209364298352
0.4433851357710358,1.0912209359978364,1.3464582910721394,0.6951209364298352
0.4433851357710358,1.0912209359978364,1.267316441249172,0.6951209364298352
0.41971343900633673,1.0912209359978364,1.265888810502975,0.6951209364298352
0.41971343900633673,1.0912209359978364,1.171174796605504,0.6951209364298352
0.41971343900633673,1.0912209359978364,1.250855013888868,0.6951209364298352
0.41971343900633673,1.0912209359978364,1.2696897328341168,0.6951209364298352
0.41971343900633673,1.0912209359978364,1.35736509039963,0.6951209364298352
0.41971343900633673,1.0912209359978364,1.225990901234595,0.6951209364298352
0.41971343900633673,1.0912209359978364,1.2216632735585158,0.6951209364298352
0.41971343900633673,1.0912209359978364,1.243355660151748,0.6951209364298352
0.41971343900633673,1.0912209359978364,1.3407526046238951,0.6951209364298352
0.41971343900633673,1.0912209359978364,1.2743399636189041,0.6951209364298352
0.41971343900633673,1.0912209359978364,1.2623450303398158,0.6951209364298352
0.41971343900633673,1.0912209359978364,1.2930146939109401,0.6951209364298352
0.41971343900633673,1.0912209359978364,1.1608106732958152,0.6951209364298352
0.41971343900633673,1.0912209359978364,1.2191765854985346,0.6951209364298352
0.41971343900633673,1.0912209359978364,1.4541040962363643,0.6951209364298352
0.41971343900633673,1.0912209359978364,1.419654885217717,0.6951209364298352
0.41971343900633673,1.0912209359978364,1.3563579744763938,0.6951209364298352
0.41971343900633673,1.0912209359978364,1.2434008596418042,0.6951209364298352
0.41971343900633673,1.0912209359978364,1.2366771471026066,0.6951209364298352
0.41971343900633673,1.0912209359978364,1.1928363039667007,0.6951209364298352
0.41971343900633673,1.0912209359978364,1.5097559169095511,0.6951209364298352
0.41971343900633673,1.0912209359978364,1.3164800467014972,0.6951209364298352
0.41971343900633673,1.0912209359978364,1.3896310469861433,0.6951209364298352
0.41971343900633673,1.0912209359978364,1.5726254541606086,0.6951209364298352
0.41971343900633673,1.0912209359978364,1.5460565910018849,0.6951209364298352
0.41971343900633673,1.0912209359978364,1.2778627993187812,0.6951209364298352
0.41971343900633673,1.0912209359978364,1.3950092061630162,0.6951209364298352
0.41971343900633673,1.0912209359978364,1.0036315904598236,0.6951209364298352
0.41971343900633673,1.0912209359978364,0.9993543332956639,0.6951209364298352
0.41971343900633673,1.0912209359978364,1.697274466708421,0.6951209364298352
0.41971343900633673,1.0912209359978364,1.396226401909765,0.6951209364298352
0.41971343900633673,1.0912209359978364,1.334328260676102,0.6951209364298352
0.4129841912476041,1.0912209359978364,1.5132497159354479,0.6951209364298352
0.4129841912476041,1.0912209359978364,1.1965447754655503,0.6951209364298352
0.4129841912476041,1.0912209359978364,1.3636341443536966,0.6951209364298352
0.4129841912476041,1.0912209359978364,1.3113188612146822,0.6951209364298352
0.4129841912476041,1.0912209359978364,1.342567193705708,0.6951209364298352
0.4129841912476041,1.0912209359978364,1.3124154828816552,0.6951209364298352
0.4129841912476041,1.0912209359978364,1.4892243444595958,0.6951209364298352
0.4129841912476041,1.0912209359978364,1.3394649376272425,0.6951209364298352
0.47077821997434616,1.0912209359978364,1.300595730740514,0.6951209364298352
0.47077821997434616,1.0912209359978364,1.1279235794789,0.6951209364298352
0.47077821997434616,1.0912209359978364,1.1701894425101125,0.6951209364298352
0.47077821997434616,1.0912209359978364,1.1765439090328351,0.6951209364298352
0.48359135174071394,1.0912209359978364,1.2462618423079586,0.6951209364298352
0.48359135174071394,1.0912209359978364,1.0674443694431233,0.6951209364298352
0.48359135174071394,1.0912209359978364,1.060051451406655,0.6951209364298352
0.48359135174071394,1.0912209359978364,1.0321479758135166,0.6951209364298352
0.48359135174071394,1.0912209359978364,1.116610418164215,0.6951209364298352
0.48359135174071394,1.0912209359978364,1.063524754863538,0.6951209364298352
0.48359135174071394,1.0912209359978364,1.1940238194841792,0.6951209364298352
0.44691468536985657,1.0912209359978364,1.1799064088707578,0.6951209364298352
0.44691468536985657,1.0912209359978364,1.505121771940712,0.6951209364298352
0.44691468536985657,1.0912209359978364,1.1359772102122168,0.6951209364298352
0.44691468536985657,1.0912209359978364,1.2684486041067895,0.6951209364298352
0.44691468536985657,1.0912209359978364,1.4100762954004054,0.6951209364298352
0.44691468536985657,1.0912209359978364,1.3831985081939269,0.6951209364298352
0.44691468536985657,1.0912209359978364,1.5774917984141024,0.6951209364298352
0.44691468536985657,1.0912209359978364,1.3321715324951664,0.6951209364298352
0.44691468536985657,1.0912209359978364,1.3648872535058367,0.6951209364298352
0.44691468536985657,1.0912209359978364,1.1832604301691005,0.6951209364298352
0.44691468536985657,1.0912209359978364,1.1586144988826486,0.6951209364298352
0.44691468536985657,1.0912209359978364,1.2795395623403134,0.6951209364298352
0.44691468536985657,1.0912209359978364,1.1774103459030205,0.6951209364298352
0.44691468536985657,1.0912209359978364,1.0615000305198599,0.6951209364298352
0.44691468536985657,1.0912209359978364,1.2332994546059504,0.6951209364298352
0.44691468536985657,1.0912209359978364,1.3252862733042314,0.6951209364298352
0.44691468536985657,1.0912209359978364,1.3240267650018231,0.6951209364298352
0.44691468536985657,1.0912209359978364,1.1647297521710562,0.6951209364298352
0.44691468536985657,1.0912209359978364,1.3898515655061108,0.6951209364298352
0.44691468536985657,1.0912209359978364,1.316618739874093,0.6951209364298352
0.44691468536985657,1.0912209359978364,1.1582197661531042,0.6951209364298352
0.44691468536985657,1.0912209359978364,1.398904008995776,0.6951209364298352
0.44691468536985657,1.0912209359978364,1.067614928079302,0.6951209364298352
0.44691468536985657,1.0912209359978364,1.2823282238845124,0.6951209364298352
0.44691468536985657,1.0912209359978364,1.2712740605466673,0.6951209364298352
0.44691468536985657,1.0912209359978364,1.136152458350906,0.6951209364298352
0.44691468536985657,1.0912209359978364,1.4566410236144136,0.6951209364298352
0.44691468536985657,1.0912209359978364,1.1580363165301693,0.6951209364298352
0.44691468536985657,1.0912209359978364,1.298418362409529,0.6951209364298352
0.44691468536985657,1.0912209359978364,1.4411153654683533,0.6951209364298352
0.44691468536985657,1.0912209359978364,1.2804694787176472,0.6951209364298352
0.44691468536985657,1.0912209359978364,1.319791181676956,0.6951209364298352
0.44691468536985657,1.0912209359978364,1.2185757372540587,0.6951209364298352
0.44691468536985657,1.0912209359978364,1.1461993905495356,0.6951209364298352
0.44691468536985657,1.0912209359978364,1.325198836383721,0.6951209364298352
0.44691468536985657,1.0912209359978364,1.0594110617576484,0.6951209364298352
0.44691468536985657,1.0912209359978364,1.2310661978441513,0.6951209364298352
0.44691468536985657,1.0912209359978364,1.1426693684206848,0.6951209364298352
0.44691468536985657,1.0912209359978364,1.4236002334898923,0.6951209364298352
0.44691468536985657,1.0912209359978364,0.9853716749224046,0.6951209364298352
0.44691468536985657,1.0912209359978364,1.1734406931218495,0.6951209364298352
0.44691468536985657,1.0912209359978364,1.2483622366769738,0.6951209364298352
0.44691468536985657,1.0912209359978364,1.4136768790266667,0.6951209364298352
0.44691468536985657,1.0912209359978364,1.2132976249527274,0.6951209364298352
0.44691468536985657,1.0912209359978364,1.2451248142050542,0.6951209364298352
0.44691468536985657,1.0912209359978364,1.0202260671836738,0.6951209364298352
0.44691468536985657,1.0912209359978364,1.202025070926948,0.6951209364298352
0.44691468536985657,1.0912209359978364,0.9070814572543122,0.6951209364298352
0.44691468536985657,1.0912209359978364,1.213852907313962,0.6951209364298352
0.44691468536985657,1.0912209359978364,1.2628870143939404,0.6951209364298352
0.44691468536985657,1.0912209359978364,1.1555541962163314,0.6951209364298352
0.44691468536985657,1.0912209359978364,1.2255747902677272,0.6951209364298352
0.44691468536985657,1.0912209359978364,1.258747015286339,0.6951209364298352
0.44691468536985657,1.0912209359978364,1.0717081559563737,0.6951209364298352
0.44691468536985657,1.0912209359978364,1.351371536832777,0.6951209364298352
0.44691468536985657,1.0912209359978364,1.2315821556640925,0.6951209364298352
0.44691468536985657,1.0912209359978364,1.056633416640084,0.6951209364298352
0.44691468536985657,1.0912209359978364,1.2572111190218416,0.6951209364298352
0.44691468536985657,1.0912209359978364,1.3264285196054428,0.6951209364298352
0.44691468536985657,1.0912209359978364,1.1421157247951534,0.6951209364298352
0.44691468536985657,1.0912209359978364,1.3121802040719288,0.6951209364298352
0.44691468536985657,1.0912209359978364,1.195671265816438,0.6951209364298352
0.44691468536985657,1.0912209359978364,1.1249700631177386,0.6951209364298352
0.44691468536985657,1.0912209359978364,1.2435292345007418,0.6951209364298352
0.44691468536985657,1.0912209359978364,1.362536581407962,0.6951209364298352
0.44691468536985657,1.0912209359978364,1.0934491906672377,0.6951209364298352
0.44691468536985657,1.0912209359978364,1.2919075065501473,0.6951209364298352
0.44691468536985657,1.0912209359978364,1.2033956254546425,0.6951209364298352
0.44691468536985657,1.0912209359978364,1.3300080942638701,0.6951209364298352
0.44691468536985657,1.0912209359978364,1.542593459260231,0.6951209364298352
0.44691468536985657,1.0912209359978364,1.2883548772328035,0.6951209364298352
0.44691468536985657,1.0912209359978364,0.9744509464532467,0.6951209364298352
0.44691468536985657,1.0912209359978364,1.1992007926059398,0.6951209364298352
0.44691468536985657,1.0912209359978364,1.2535561307438219,0.6951209364298352
0.44691468536985657,1.0912209359978364,1.5241595191637043,0.6951209364298352
0.44691468536985657,1.0912209359978364,1.374151665854562,0.6951209364298352
0.44691468536985657,1.0912209359978364,1.1197881899595155,0.6951209364298352
0.44691468536985657,1.0912209359978364,1.1316191444495627,0.6951209364298352
0.44691468536985657,1.0912209359978364,1.408015042369818,0.6951209364298352
0.44691468536985657,1.0912209359978364,1.1324366124234675,0.6951209364298352
0.44691468536985657,1.0912209359978364,1.1051041037665204,0.6951209364298352
0.44691468536985657,1.0912209359978364,1.369773174282159,0.6951209364298352
0.44691468536985657,1.0912209359978364,1.3318449301818585,0.6951209364298352
0.44691468536985657,1.0912209359978364,1.2356697632051254,0.6951209364298352
0.44691468536985657,1.0912209359978364,1.2306332906610353,0.6951209364298352
0.44691468536985657,1.0912209359978364,1.0991318631949432,0.6951209364298352
0.44691468536985657,1.0912209359978364,1.057130873662491,0.6951209364298352
0.44691468536985657,1.0932060055409312,1.1366885423039614,0.6951209364298352
0.44691468536985657,1.0932060055409312,1.2425403336001917,0.6951209364298352
0.44691468536985657,1.0932060055409312,1.2541933686423004,0.6951209364298352
0.44691468536985657,1.0932060055409312,1.1842991853858391,0.6951209364298352
0.44691468536985657,1.0932060055409312,1.091029373957573,0.6951209364298352
0.44691468536985657,1.0932060055409312,1.5605275141564061,0.6951209364298352
0.44691468536985657,1.0932060055409312,1.246122867015809,0.6951209364298352
0.44691468536985657,1.0932060055409312,1.0902952690485967,0.6951209364298352
0.44691468536985657,1.0932060055409312,1.3478720446609511,0.6951209364298352
0.44691468536985657,1.0932060055409312,1.1967801879152273,0.6951209364298352
0.44691468536985657,1.0932060055409312,1.156846117034852,0.6951209364298352
0.44691468536985657,1.0932060055409312,1.193039342615608,0.6951209364298352
0.44691468536985657,1.0932060055409312,1.0471683415119442,0.6951209364298352
0.44691468536985657,1.0932060055409312,1.3335901273683515,0.6951209364298352
0.44691468536985657,1.0932060055409312,1.4950870408572476,0.6951209364298352
0.44691468536985657,1.0932060055409312,1.3474699944356747,0.6951209364298352
0.44691468536985657,1.0932060055409312,1.1710357154278594,0.6951209364298352
0.5150524563044656,1.0932060055409312,1.1572202365286193,0.6951209364298352
0.5150524563044656,1.0932060055409312,0.9211226582033545,0.6951209364298352
0.5150524563044656,1.0932060055409312,1.1627173493237024,0.6951209364298352
0.5150524563044656,1.0932060055409312,1.1964860673193152,0.6951209364298352
0.5022059920140342,1.0932060055409312,1.017332685989135,0.6951209364298352
0.5022059920140342,1.0932060055409312,1.0308291609671423,0.6951209364298352
0.5022059920140342,1.0932060055409312,1.0264334474829253,0.6951209364298352
0.5022059920140342,1.0932060055409312,1.1693085866513517,0.6951209364298352
0.4618217834615665,1.0932060055409312,1.0175938308885755,0.6951209364298352
0.4618217834615665,1.0932060055409312,1.1429304903760245,0.6951209364298352
0.4618217834615665,1.0932060055409312,1.2306968308235737,0.6951209364298352
0.4618217834615665,1.0932060055409312,1.2243484088277723,0.6951209364298352
0.4618217834615665,1.0932060055409312,1.3510721175380482,0.6951209364298352
0.4618217834615665,1.0932060055409312,1.0115897745396867,0.6951209364298352
0.4618217834615665,1.0932060055409312,1.327045519024538,0.6951209364298352
0.4618217834615665,1.0932060055409312,1.271405257243439,0.6951209364298352
0.4618217834615665,1.0932060055409312,1.25295848184726,0.6951209364298352
0.4618217834615665,1.0932060055409312,1.134625209230353,0.6951209364298352
0.4618217834615665,1.0932060055409312,1.2625859592812159,0.6951209364298352
0.4618217834615665,1.0932060055409312,1.3003847897218228,0.6951209364298352
0.4618217834615665,1.0932060055409312,1.1836997144003125,0.6951209364298352
0.4618217834615665,1.0932060055409312,1.142701188515234,0.6951209364298352
0.4618217834615665,1.0932060055409312,1.440629019319764,0.6951209364298352
0.4618217834615665,1.0932060055409312,1.2295314528395411,0.6951209364298352
0.4618217834615665,1.0932060055409312,1.2239697425498592,0.6951209364298352
0.4618217834615665,1.0932060055409312,1.1636111495112555,0.6951209364298352
0.4618217834615665,1.0932060055409312,0.9807182375859579,0.6951209364298352
0.4618217834615665,1.0932060055409312,1.3613532187228525,0.6951209364298352
0.4618217834615665,1.0932060055409312,1.186120482056925,0.6951209364298352
0.4618217834615665,1.0932060055409312,1.3644320339212141,0.6951209364298352
0.4618217834615665,1.091003918116536,1.1211841332336834,0.6951209364298352
0.5947778186330475,1.091003918116536,1.0374772558267145,0.6951209364298352
0.5947778186330475,1.091003918116536,0.9077288229132321,0.6951209364298352
0.5947778186330475,1.091003918116536,0.9728392170036195,0.6951209364298352
0.6604191676735682,1.091003918116536,0.8175831066896669,0.6951209364298352
0.6604191676735682,1.091003918116536,0.9782756554702404,0.6951209364298352
0.6604191676735682,1.091003918116536,0.8697288994883401,0.6951209364298352
0.6604191676735682,1.091003918116536,0.8620410573477696,0.6951209364298352
0.6604191676735682,1.091003918116536,0.8794596451619948,0.6951209364298352
0.6604191676735682,1.091003918116536,0.8854160848142247,0.6951209364298352
0.6604191676735682,1.091003918116536,0.8012714906342033,0.6951209364298352
0.6604191676735682,1.0722067892577047,0.6988087066764718,0.6951209364298352
0.6604191676735682,1.0722067892577047,1.1160771827788867,0.6951209364298352
0.6604191676735682,1.0722067892577047,0.8444836807019181,0.6951209364298352
0.6604191676735682,1.0722067892577047,0.9975947887303821,0.6951209364298352
0.6604191676735682,1.0722067892577047,0.983488714649197,0.6951209364298352
0.6604191676735682,1.0722067892577047,1.0728804798653646,0.6951209364298352
0.6604191676735682,1.0722067892577047,0.967888371644295,0.6951209364298352
0.6623153665753447,1.0722067892577047,0.8948051395072412,0.6951209364298352
0.6623153665753447,1.0722067892577047,0.8275183437953948,0.6951209364298352
0.4742216549864156,1.0722067892577047,1.0075046177321278,0.6951209364298352
0.4742216549864156,1.0722067892577047,1.2742181114483666,0.6951209364298352
0.4742216549864156,1.0722067892577047,1.3483436384628462,0.6951209364298352
0.4742216549864156,1.0722067892577047,1.126487300103948,0.6951209364298352
0.4742216549864156,1.0722067892577047,1.0175550498632202,0.6951209364298352
0.4742216549864156,1.0722067892577047,1.1066803742587152,0.6951209364298352
0.4742216549864156,1.0722067892577047,1.2014136045574781,0.6951209364298352
0.4742216549864156,1.0722067892577047,1.0956860575172624,0.6951209364298352
0.4742216549864156,1.0722067892577047,1.309720227482063,0.6951209364298352
0.4742216549864156,1.0722067892577047,1.450878801451117,0.6951209364298352
0.4742216549864156,1.105860351996021,1.193284676838047,0.6951209364298352
0.4742216549864156,1.105860351996021,1.3151458256237614,0.6951209364298352
0.4742216549864156,1.105860351996021,1.0354464274631618,0.6951209364298352
0.4742216549864156,1.105860351996021,1.1695292447466932,0.6951209364298352
0.4742216549864156,1.105860351996021,1.1075861563597615,0.6951209364298352
0.4742216549864156,1.105860351996021,0.9880563893754739,0.6951209364298352
0.4742216549864156,1.105860351996021,1.2182213935626203,0.6951209364298352
0.4742216549864156,1.105860351996021,1.1253927640696768,0.6951209364298352
0.4742216549864156,1.105860351996021,1.1555322729186115,0.6951209364298352
0.4742216549864156,1.105860351996021,1.210994207686756,0.6951209364298352
0.4742216549864156,1.105860351996021,1.3542624491214403,0.6951209364298352
0.4742216549864156,1.105860351996021,1.0309246869427893,0.6951209364298352
0.4742216549864156,1.0817216542114374,1.3812587159413625,0.6951209364298352
0.4742216549864156,1.0817216542114374,1.0504713236629672,0.6951209364298352
0.4742216549864156,1.0817216542114374,1.3679209176590494,0.6951209364298352
0.4742216549864156,1.0817216542114374,0.969753853070891,0.6951209364298352
0.4742216549864156,1.0817216542114374,1.189006572940734,0.6951209364298352
0.4742216549864156,1.0817216542114374,1.1617427639036475,0.6951209364298352
0.47619098422207856,1.0817216542114374,1.3289641564821888,0.6951209364298352
0.47619098422207856,1.0817216542114374,1.3814000268149396,0.6951209364298352
0.47619098422207856,1.0817216542114374,1.4437477295281547,0.6951209364298352
0.47619098422207856,1.0817216542114374,1.1110128870911558,0.6951209364298352
0.47619098422207856,1.0817216542114374,1.1995895970014228,0.6951209364298352
0.47619098422207856,1.0817216542114374,1.0939038743778975,0.6951209364298352
0.47619098422207856,1.0817216542114374,1.3936349919060078,0.6951209364298352
0.47619098422207856,1.0817216542114374,1.0898604368310654,0.6951209364298352
0.47619098422207856,1.0817216542114374,1.5361234012487377,0.6951209364298352
0.47619098422207856,1.0817216542114374,1.325934791906321,0.6951209364298352
0.47619098422207856,1.0817216542114374,1.2130648803842605,0.6951209364298352
0.47619098422207856,1.0817216542114374,1.1520590150271652,0.6951209364298352
0.47619098422207856,1.0817216542114374,1.2080838156229141,0.6951209364298352
0.47619098422207856,1.0817216542114374,1.246703002764872,0.6951209364298352
0.47619098422207856,1.0817216542114374,1.0982840623408856,0.6951209364298352
0.47619098422207856,1.0817216542114374,1.0130117898913098,0.6951209364298352
0.47619098422207856,1.0817216542114374,1.080297637452683,0.6951209364298352
0.47619098422207856,1.0817216542114374,1.1072919014798213,0.6951209364298352
0.47619098422207856,1.0817216542114374,1.15991304221612,0.6951209364298352
0.47619098422207856,1.0817216542114374,1.0520285248262315,0.6951209364298352
0.47619098422207856,1.0817216542114374,1.140164501981184,0.6951209364298352
0.47619098422207856,1.0817216542114374,1.1460672819250182,0.6951209364298352
0.47619098422207856,1.0817216542114374,1.0929362388615087,0.6951209364298352
0.47619098422207856,1.0817216542114374,1.1124764906418236,0.6951209364298352
0.47619098422207856,1.0817216542114374,1.3469489724970987,0.6951209364298352
0.47619098422207856,1.0817216542114374,1.3532542093200643,0.6951209364298352
0.47619098422207856,1.0817216542114374,1.2169962928511788,0.6951209364298352
0.4696912094355829,1.0817216542114374,1.2563752668910373,0.6951209364298352
0.4696912094355829,1.078428904275996,1.349801561486294,0.6951209364298352
0.4696912094355829,1.078428904275996,1.228619959538535,0.6951209364298352
0.5459003729788958,1.078745550408911,1.280064130295363,0.6951209364298352
0.5459003729788958,1.078745550408911,1.1019071002134955,0.6951209364298352
0.5459003729788958,1.078745550408911,1.04234592969507,0.6951209364298352
0.5459003729788958,1.078745550408911,1.2802968538384134,0.6951209364298352
0.5459003729788958,1.078745550408911,1.1574976789124827,0.6951209364298352
0.5459003729788958,1.078745550408911,1.2127257402011324,0.6951209364298352
0.5459003729788958,1.078745550408911,1.207722989260059,0.6951209364298352
0.5459003729788958,1.078745550408911,1.0295736604930996,0.6951209364298352
0.5459003729788958,1.078745550408911,1.1289573465381981,0.6951209364298352
0.5459003729788958,1.078745550408911,1.0591280512108603,0.6951209364298352
0.5459003729788958,1.078745550408911,1.133072665516798,0.6951209364298352
0.5459003729788958,1.078745550408911,0.9611790073105798,0.6951209364298352
0.5459003729788958,1.078745550408911,1.119362526692818,0.6951209364298352
0.5459003729788958,1.078745550408911,1.0828536500373556,0.6951209364298352
0.5459003729788958,1.078745550408911,1.1889030381361285,0.6951209364298352
0.5459003729788958,1.078745550408911,0.9987951168972762,0.6951209364298352
0.5459003729788958,1.078745550408911,0.9975521772857815,0.6951209364298352
0.5459003729788958,1.078745550408911,0.9527921995884087,0.6951209364298352
0.5459003729788958,1.0751254313421246,1.2080258855955117,0.6951209364298352
0.5459003729788958,1.0751254313421246,0.8526637288126555,0.6951209364298352
0.4691843412895775,1.0751254313421246,1.1834603691359566,0.6951209364298352
0.4691843412895775,1.0751254313421246,1.218282136905665,0.6951209364298352
0.4691843412895775,1.0751254313421246,1.4355459396991643,0.6951209364298352
0.4691843412895775,1.0751254313421246,1.2869019467590403,0.6951209364298352
0.4691843412895775,1.0751254313421246,1.3947565431128899,0.6951209364298352
0.4691843412895775,1.0751254313421246,1.0060773347296441,0.6951209364298352
0.4691843412895775,1.0751254313421246,1.2260470586976666,0.6951209364298352
0.4691843412895775,1.0751254313421246,1.470590160882268,0.6951209364298352
0.4691843412895775,1.0751254313421246,1.380655724284966,0.6951209364298352
0.4691843412895775,1.0751254313421246,1.1547855504187143,0.6951209364298352
0.4691843412895775,1.0751254313421246,1.3006250969888806,0.6951209364298352
0.5066654093131558,1.0751254313421246,1.0711151065077331,0.6951209364298352
0.5066654093131558,1.0751254313421246,1.1170227429201374,0.6951209364298352
0.5066654093131558,1.0751254313421246,1.2765993913545661,0.6951209364298352
0.5066654093131558,1.0751254313421246,1.2859162278807734,0.6951209364298352
0.5066654093131558,1.0751254313421246,1.3292462598415815,0.6951209364298352
0.5066654093131558,1.0751254313421246,1.092306421110308,0.6951209364298352
0.5066654093131558,1.0751254313421246,1.2728651544834197,0.6951209364298352
0.5066654093131558,1.0751254313421246,1.2137719145085906,0.6951209364298352
0.5122001218673339,1.0751254313421246,1.216040653849037,0.6951209364298352
0.5122001218673339,1.0751254313421246,1.0283730870426961,0.6951209364298352
0.5122001218673339,1.0751254313421246,1.211156003403267,0.6951209364298352
0.5122001218673339,1.0967374154393177,1.1804027087349769,0.6951209364298352
0.5122001218673339,1.0967374154393177,1.0040220798111292,0.6951209364298352
0.5122001218673339,1.0967374154393177,0.923021921779274,0.6951209364298352
0.5122001218673339,1.0967374154393177,1.262944768232243,0.6951209364298352
0.5122001218673339,1.0967374154393177,1.0767344922455138,0.6951209364298352
0.5122001218673339,1.0967374154393177,0.9962328465150034,0.6951209364298352
0.5122001218673339,1.0667767624753368,1.1420830966576858,0.6951209364298352
0.5122001218673339,1.0667767624753368,1.2397937523313538,0.6951209364298352
0.6061993842791525,1.0667767624753368,1.047617277828086,0.6951209364298352
0.6061993842791525,1.0667767624753368,1.1914694046631835,0.6951209364298352
0.6061993842791525,1.0667767624753368,0.9088817495680156,0.6951209364298352
0.6061993842791525,1.0667767624753368,1.0654556261760755,0.6951209364298352
0.6061993842791525,1.0667767624753368,0.964456148218605,0.6951209364298352
0.6061993842791525,1.0667767624753368,1.0512312904982362,0.6951209364298352
0.6061993842791525,1.0667767624753368,0.9487076722748476,0.6951209364298352
0.6061993842791525,1.0667767624753368,1.1250223931508119,0.6951209364298352
0.6061993842791525,1.0667767624753368,1.0511468684320195,0.6951209364298352
0.6061993842791525,1.0667767624753368,1.11091658724936,0.6951209364298352
0.6098903467500176,1.0667767624753368,0.9747569202693532,0.6951209364298352
0.6002918566895199,1.0667767624753368,1.025073767673093,0.6951209364298352
0.6002918566895199,1.0667767624753368,1.0031841107175083,0.6951209364298352
0.6002918566895199,1.0667767624753368,1.0375698962043325,0.6951209364298352
0.6002918566895199,1.0667767624753368,1.026100781654352,0.6951209364298352
0.6002918566895199,1.0667767624753368,1.0025967930630186,0.6951209364298352
0.6002918566895199,1.0667767624753368,1.1083738919889206,0.6951209364298352
0.6002918566895199,1.0667767624753368,0.9975439376781445,0.6951209364298352
0.6002918566895199,1.0667767624753368,1.1046501144970853,0.6951209364298352
0.6002918566895199,1.0667767624753368,1.0265386430305035,0.6951209364298352
0.6002918566895199,1.0667767624753368,0.9667797490787922,0.6951209364298352
0.6002918566895199,1.0667767624753368,0.9453461609403384,0.6951209364298352
0.6002918566895199,1.0667767624753368,1.1251980452151509,0.6951209364298352
0.6002918566895199,1.0667767624753368,1.0165207412747856,0.6951209364298352
0.6002918566895199,1.0667767624753368,0.9125735755618826,0.6951209364298352
0.6002918566895199,1.0667767624753368,1.136048430189461,0.6951209364298352
0.6002918566895199,1.0667767624753368,0.9967103358732701,0.6951209364298352
0.6002918566895199,1.0667767624753368,1.1678307281082285,0.6951209364298352
0.6002918566895199,1.0667767624753368,0.7386506969330652,0.6951209364298352
0.6002918566895199,1.0667767624753368,0.918155941562757,0.6951209364298352
0.6002918566895199,1.0667767624753368,0.9202149578010307,0.6951209364298352
0.6002918566895199,1.0667767624753368,0.9964526231035201,0.6951209364298352
0.5781469383670758,1.0667767624753368,0.9571566858299759,0.6951209364298352
0.5781469383670758,1.0667767624753368,1.0551510782706035,0.6951209364298352
0.5781469383670758,1.0667767624753368,1.1080771106840248,0.6951209364298352
0.5781469383670758,1.0667767624753368,0.8929570006839008,0.6951209364298352
0.5781469383670758,1.0667767624753368,1.1832056910320323,0.6951209364298352
0.5781469383670758,1.0667767624753368,0.9152023978310064,0.6951209364298352
0.5781469383670758,1.0667767624753368,1.0980051141233165,0.6951209364298352
0.5781469383670758,1.0667767624753368,0.9435204860321065,0.6951209364298352
0.5781469383670758,1.0667767624753368,1.1636861851627145,0.6951209364298352
0.5781469383670758,1.0346640357884813,1.2913266744190768,0.6951209364298352
0.5781469383670758,1.0346640357884813,1.0876106589960985,0.6951209364298352
0.5781469383670758,1.0346640357884813,1.2154691615674371,0.6951209364298352
0.5781469383670758,1.0360807540389942,1.2202338490465587,0.6951209364298352
0.5781469383670758,1.0360807540389942,1.2206303583871936,0.6951209364298352
0.5781469383670758,1.0360807540389942,1.2804506369817295,0.6951209364298352
0.5781469383670758,1.0360807540389942,1.2171102616685794,0.6951209364298352
0.5781469383670758,1.0360807540389942,1.2399624389602262,0.6951209364298352
0.5781469383670758,1.0360807540389942,1.2280208497675607,0.6951209364298352
0.5781469383670758,1.0360807540389942,1.239721738917493,0.6951209364298352
0.5781469383670758,1.0360807540389942,1.1524221609165004,0.6951209364298352
0.5781469383670758,1.0360807540389942,1.3849772511608904,0.6951209364298352
0.5781469383670758,1.0360807540389942,1.0662726138934437,0.6951209364298352
0.5781469383670758,1.0360807540389942,1.2075527426235806,0.6951209364298352
0.5781469383670758,1.0360807540389942,1.1157517110905724,0.6951209364298352
0.5781469383670758,1.0360807540389942,1.1916718287960315,0.6951209364298352
0.5781469383670758,1.0360807540389942,1.3258211350073166,0.6951209364298352
0.5781469383670758,1.0360807540389942,1.2400237258032722,0.6951209364298352
0.5781469383670758,1.0360807540389942,1.0066670803154885,0.6951209364298352
0.5781469383670758,1.0514477021329813,1.1181668127145772,0.6951209364298352
0.5781469383670758,1.0514477021329813,1.0493020962301114,0.6951209364298352
0.5781469383670758,1.0514477021329813,1.2162202629418297,0.6951209364298352
0.5781469383670758,1.0514477021329813,0.8887609973270213,0.6951209364298352
0.5781469383670758,1.0514477021329813,1.034675305254795,0.6951209364298352
0.5781469383670758,1.0514477021329813,1.1994892365329075,0.6951209364298352
0.5781469383670758,1.0514477021329813,1.126632625371813,0.6951209364298352
0.5781469383670758,1.0514477021329813,1.2478509794392127,0.6951209364298352
0.5781469383670758,1.0514477021329813,1.0401628524018156,0.6951209364298352
0.5781469383670758,1.0514477021329813,1.1978171538476938,0.6951209364298352
0.5781469383670758,1.0514477021329813,1.148545445654503,0.6951209364298352
0.5781469383670758,1.0514477021329813,1.095588469627249,0.6951209364298352
0.5781469383670758,1.0514477021329813,1.2538349499031023,0.6951209364298352
0.5781469383670758,1.0514477021329813,0.9918526866868952,0.6951209364298352
0.5781469383670758,1.0514477021329813,1.1104395200118553,0.6951209364298352
0.5781469383670758,1.0514477021329813,1.059295836811869,0.6951209364298352
0.5781469383670758,1.0514477021329813,1.233045108303452,0.6951209364298352
0.5781469383670758,1.0514477021329813,1.0073554331434285,0.6951209364298352
0.5781469383670758,1.0514477021329813,1.0472579529356816,0.6951209364298352
0.5781469383670758,1.0514477021329813,1.163730876652064,0.6951209364298352
0.5781469383670758,1.0514477021329813,1.1336430042969197,0.6951209364298352
0.5781469383670758,1.0514477021329813,1.0001684369410926,0.6951209364298352
0.5781469383670758,1.0514477021329813,0.9525955410567911,0.6951209364298352
0.5781469383670758,1.0514477021329813,1.0860796619571877,0.6951209364298352
0.5781469383670758,1.0514477021329813,1.2667326691147198,0.6951209364298352
0.5781469383670758,1.0514477021329813,1.0783001238927554,0.6951209364298352
0.5781469383670758,1.0514477021329813,0.9299660247797061,0.6951209364298352
0.5781469383670758,1.0514477021329813,1.1400853640194946,0.6951209364298352
0.5781469383670758,1.0514477021329813,1.1928247478946565,0.6951209364298352
0.5781469383670758,1.0514477021329813,1.2344350388555825,0.6951209364298352
0.5781469383670758,1.0514477021329813,1.4056885895537823,0.6951209364298352
0.5781469383670758,1.0514477021329813,1.1655816925802829,0.6951209364298352
0.5781469383670758,1.0514477021329813,1.0326508130679037,0.6951209364298352
0.5781469383670758,1.0514477021329813,1.0882062175798544,0.6951209364298352
0.5781469383670758,1.0514477021329813,1.3726264018918692,0.6951209364298352
0.5781469383670758,1.0514477021329813,1.3682609681356148,0.6951209364298352
0.5781469383670758,1.0514477021329813,1.3320539067086103,0.6951209364298352
0.5781469383670758,1.0514477021329813,1.146589441314025,0.6951209364298352
0.5781469383670758,1.0514477021329813,1.0617143032620049,0.6951209364298352
0.5781469383670758,1.0477885423531372,1.1971613568103943,0.6951209364298352
0.5781469383670758,1.0477885423531372,1.3379506834591883,0.6951209364298352
0.5781469383670758,1.0477885423531372,0.924159170875805,0.6951209364298352
0.5781469383670758,1.0477885423531372,1.1629710656622085,0.6951209364298352
0.5781469383670758,1.0477885423531372,1.1113721900400728,0.6951209364298352
0.5781469383670758,1.0477885423531372,1.0766489529079448,0.6951209364298352
0.5781469383670758,1.0477885423531372,1.0461153299544075,0.6951209364298352
0.5781469383670758,1.0564575331629098,1.1889255911008607,0.6951209364298352
0.5781469383670758,1.0564575331629098,1.1822590219905085,0.6951209364298352
0.5781469383670758,1.0564575331629098,1.1465280045980035,0.6951209364298352
0.5781469383670758,1.0564575331629098,0.8381255349031576,0.6951209364298352
0.5781469383670758,1.0564575331629098,1.2685982798417699,0.6951209364298352
0.5781469383670758,1.0564575331629098,0.9643597275843764,0.6951209364298352
0.5781469383670758,1.0564575331629098,0.9442262263392652,0.6951209364298352
0.5781469383670758,1.0564575331629098,1.0227200463944168,0.6951209364298352
0.5781469383670758,1.0564575331629098,1.1600452245736683,0.6951209364298352
0.5781469383670758,1.0564575331629098,1.046015422594763,0.6951209364298352
0.5781469383670758,1.0564575331629098,1.3517415840551241,0.6951209364298352
0.5781469383670758,1.0564575331629098,0.9963216788386052,0.6951209364298352
0.5781469383670758,1.0564575331629098,1.0476554512836425,0.6951209364298352
0.5781469383670758,1.0564575331629098,1.171730434090534,0.6951209364298352
0.5781469383670758,1.0564575331629098,0.9667096608960838,0.6951209364298352
0.5781469383670758,1.0564575331629098,1.076426752632129,0.6951209364298352
0.5781469383670758,1.0564575331629098,1.2050329516463139,0.6951209364298352
0.5781469383670758,1.0564575331629098,1.125409475940299,0.6951209364298352
0.5781469383670758,1.0564575331629098,1.5198283024416852,0.6951209364298352
0.5781469383670758,1.0564575331629098,0.9945097316921904,0.6951209364298352
0.5781469383670758,1.0564575331629098,1.1557950404104207,0.6951209364298352
0.5781469383670758,1.0564575331629098,1.1267786080224949,0.6951209364298352
0.5781469383670758,1.0564575331629098,1.1080107986036478,0.6951209364298352
0.5781469383670758,1.0564575331629098,1.0512360846269455,0.6951209364298352
0.5781469383670758,1.0564575331629098,1.1309683241007957,0.6951209364298352
0.5781469383670758,1.0564575331629098,1.1277949937590972,0.6951209364298352
0.587647814543229,1.0564575331629098,1.1244574108158925,0.6951209364298352
0.587647814543229,1.0564575331629098,1.17733015822854,0.6951209364298352
0.587647814543229,1.0564575331629098,1.115446115991194,0.6951209364298352
0.587647814543229,1.0564575331629098,1.2101105833441128,0.6951209364298352
0.587647814543229,1.0564575331629098,1.1185273436146386,0.6951209364298352
0.587647814543229,1.0564575331629098,1.185038596513743,0.6951209364298352
0.587647814543229,1.0564575331629098,1.1670972185622988,0.6951209364298352
0.587647814543229,1.0564575331629098,1.0858446130554802,0.6951209364298352
0.587647814543229,1.0564575331629098,1.081461514478304,0.6951209364298352
0.587647814543229,1.0564575331629098,1.2277698166426483,0.6951209364298352
0.587647814543229,1.0564575331629098,1.0598419170658908,0.6951209364298352
0.587647814543229,1.0564575331629098,1.1316635904255827,0.6951209364298352
0.587647814543229,1.0564575331629098,1.2840350728478118,0.6951209364298352
0.6296445310442353,1.0564575331629098,0.9811837148836259,0.6951209364298352
0.6296445310442353,1.0370880689417192,1.0429806881764219,0.6951209364298352
0.6296445310442353,1.0370880689417192,0.9931746105487479,0.6951209364298352
0.6296445310442353,1.0370880689417192,0.922538613227105,0.6951209364298352
0.6296445310442353,1.0370880689417192,1.1887758089122864,0.6951209364298352
0.6296445310442353,1.0370880689417192,1.2012202907066798,0.6951209364298352
0.6296445310442353,1.0370880689417192,1.1078532581046305,0.6951209364298352
0.6296445310442353,1.0370880689417192,1.0760344672909083,0.6951209364298352
0.6296445310442353,1.0370880689417192,1.1161683091643573,0.6951209364298352
0.5258805146763164,1.0370880689417192,1.3149034118207732,0.6951209364298352
0.6090223992046315,1.0370880689417192,1.244380848306513,0.6951209364298352
0.6090223992046315,1.0370880689417192,1.1370029678656934,0.6951209364298352
0.6090223992046315,1.0370880689417192,1.2317281817642072,0.6951209364298352
0.6090223992046315,1.0370880689417192,1.2572294645281703,0.6951209364298352
0.5805844749001197,1.0370880689417192,1.1204491584505776,0.6951209364298352
0.5835778997807994,1.0370880689417192,0.9657708665621134,0.6951209364298352
0.5835778997807994,1.0370880689417192,1.2046722158843082,0.6951209364298352
0.5835778997807994,1.0370880689417192,1.1420646087091932,0.6951209364298352
0.5835778997807994,1.0370880689417192,1.2830500362043191,0.6951209364298352
0.5835778997807994,1.0370880689417192,1.1035896199501278,0.6951209364298352
0.5835778997807994,1.0370880689417192,1.1727148108132175,0.6951209364298352
0.5835778997807994,1.0370880689417192,0.896406015404143,0.6951209364298352
0.5835778997807994,1.0370880689417192,1.1819723115619836,0.6951209364298352
0.5835778997807994,1.0370880689417192,0.9687212424712726,0.6951209364298352
0.5835778997807994,1.0370880689417192,1.3308017885807284,0.6951209364298352
0.5835778997807994,1.0370880689417192,1.1707076504993137,0.6951209364298352
0.5835778997807994,1.0370880689417192,1.347121081830465,0.6951209364298352
0.5835778997807994,1.0303638015699281,1.3029804177806499,0.6951209364298352
0.5835778997807994,1.0303638015699281,1.0684749143363208,0.6951209364298352
0.5835778997807994,1.0901519231032633,1.0998506360642486,0.6951209364298352
0.5835778997807994,1.0901519231032633,0.9167386027540574,0.6951209364298352
0.5835778997807994,1.0901519231032633,0.8701352896743101,0.6951209364298352
0.5835778997807994,1.0901519231032633,1.1799569916968173,0.6951209364298352
0.5835778997807994,1.0901519231032633,1.050683012461694,0.6951209364298352
0.5835778997807994,1.0901519231032633,0.8159672140596854,0.6951209364298352
0.5835778997807994,1.0605394913948876,1.0358649328992848,0.6951209364298352
0.5835778997807994,1.0605394913948876,0.9908923320388697,0.6951209364298352
0.5835778997807994,1.0605394913948876,0.9734882980638783,0.6951209364298352
0.5835778997807994,1.0605394913948876,0.9256472094915575,0.6951209364298352
0.5835778997807994,1.0605394913948876,1.00562422059843,0.6951209364298352
0.5835778997807994,1.0605394913948876,1.180385164897759,0.6951209364298352
0.5835778997807994,1.0605394913948876,1.2180767703164936,0.6951209364298352
0.5835778997807994,1.0605394913948876,1.0629499882664233,0.6951209364298352
0.5835778997807994,1.0605394913948876,0.9936721610762167,0.6951209364298352
0.5835778997807994,1.0605394913948876,1.188469313384296,0.6951209364298352
0.5835778997807994,1.0605394913948876,1.2236236141955503,0.6951209364298352
0.5835778997807994,1.0605394913948876,1.1167960542906235,0.6951209364298352
0.553188009401605,1.0605394913948876,0.988095050489755,0.6951209364298352
0.553188009401605,1.0605394913948876,1.0330053293166792,0.6951209364298352
0.553188009401605,1.0605394913948876,1.0229483238730388,0.6951209364298352
0.553188009401605,1.0605394913948876,1.2124323620847886,0.6951209364298352
0.553188009401605,1.0605394913948876,1.2015708378975871,0.6951209364298352
0.553188009401605,1.0605394913948876,1.2686839805434729,0.6951209364298352
0.553188009401605,1.0605394913948876,1.1859710030350505,0.6951209364298352
0.553188009401605,1.0605394913948876,1.110754599975968,0.6951209364298352
0.5536268364875426,1.0605394913948876,1.0711588478507819,0.6951209364298352
0.5536268364875426,1.0605394913948876,1.160136732168537,0.6951209364298352
0.5536268364875426,1.0605394913948876,1.2145529219538589,0.6951209364298352
0.5536268364875426,1.0605394913948876,0.9638984386310605,0.6951209364298352
0.5536268364875426,1.0605394913948876,1.216829008918955,0.6951209364298352
0.5227037946058284,1.0605394913948876,1.1331011726768845,0.6951209364298352
0.6144505371465155,1.0605394913948876,1.094952315013799,0.6951209364298352
0.6144505371465155,1.0605394913948876,1.0759830613448618,0.6951209364298352
0.6144505371465155,1.0605394913948876,1.0076182374865592,0.6951209364298352
0.6144505371465155,1.0605394913948876,1.1566877744586062,0.6951209364298352
0.6144505371465155,1.0605394913948876,1.0103503783629528,0.6951209364298352
0.6144505371465155,1.0605394913948876,1.125635299058125,0.6951209364298352
0.6144505371465155,1.0605394913948876,0.8002560037508525,0.6951209364298352
0.6144505371465155,1.0605394913948876,0.9957049684669279,0.6951209364298352
0.6144505371465155,1.0605394913948876,1.0674024590856819,0.6951209364298352
0.6144505371465155,1.0605394913948876,1.033468089911539,0.6951209364298352
0.6144505371465155,1.0819826457491657,0.9004260778048844,0.6951209364298352
0.6144505371465155,1.0819826457491657,1.0787523992584858,0.6951209364298352
0.6144505371465155,1.0819826457491657,0.8849369825544072,0.6951209364298352
0.6144505371465155,1.0819826457491657,0.7800705824522086,0.6951209364298352
0.6144505371465155,1.0819826457491657,1.0196118734585442,0.6951209364298352
0.6144505371465155,1.0819826457491657,0.8554877833860705,0.6951209364298352
0.6144505371465155,1.0819826457491657,1.0533421968893055,0.6951209364298352
0.6144505371465155,1.0819826457491657,1.0892787283719616,0.6951209364298352
0.6144505371465155,1.0819826457491657,0.866281864393825,0.6951209364298352
0.6144505371465155,1.0819826457491657,0.9040979976897642,0.6951209364298352
0.6144505371465155,1.0819826457491657,0.8964105788219414,0.6951209364298352
0.6144505371465155,1.0819826457491657,0.8251589912649137,0.6951209364298352
0.6144505371465155,1.0819826457491657,1.0158855162463756,0.6951209364298352
0.6144505371465155,1.0819826457491657,0.9853293944718933,0.6951209364298352
0.6144505371465155,1.0819826457491657,1.043119648139246,0.6951209364298352
0.6144505371465155,1.0819826457491657,0.9361131392994987,0.6951209364298352
0.6144505371465155,1.0819826457491657,1.1651740057436637,0.6951209364298352
0.6144505371465155,1.0819826457491657,0.8416795692797819,0.6951209364298352
0.6144505371465155,1.0819826457491657,0.8890267249570736,0.6951209364298352
0.6144505371465155,1.0819826457491657,0.997156166708627,0.6951209364298352
0.6144505371465155,1.0819826457491657,0.9858847779222809,0.6951209364298352
0.6144505371465155,1.0819826457491657,1.0739780850786342,0.6951209364298352
0.6144505371465155,1.0819826457491657,1.0144838864598043,0.6951209364298352
0.6144505371465155,1.0819826457491657,1.0874307235312037,0.6951209364298352
0.6144505371465155,1.0819826457491657,0.9912242389969782,0.6951209364298352
0.6144505371465155,1.0819826457491657,0.8952542925733539,0.6951209364298352
0.6144505371465155,1.0819826457491657,0.9465231799651661,0.6951209364298352
0.6144505371465155,1.0837021755759884,0.8294981637264828,0.6951209364298352
0.6144505371465155,1.0837021755759884,0.9380556792663746,0.6951209364298352
0.6144505371465155,1.0837021755759884,0.8731415433833347,0.6951209364298352
0.6144505371465155,1.0837021755759884,0.9206249139951863,0.6951209364298352
0.6144505371465155,1.0837021755759884,1.0498418172327801,0.6951209364298352
0.6144505371465155,1.0837021755759884,1.0250624757748803,0.6951209364298352
0.6144505371465155,1.0837021755759884,0.9404579865442604,0.6951209364298352
0.6144505371465155,1.0837021755759884,1.0942887177226504,0.6951209364298352
0.6144505371465155,1.0837021755759884,1.0122184220488715,0.6951209364298352
0.6144505371465155,1.0837021755759884,1.0985657844941914,0.6951209364298352
0.6144505371465155,1.0837021755759884,0.8545249880628042,0.6951209364298352
0.6144505371465155,1.0837021755759884,0.7077987971321723,0.6951209364298352
0.6144505371465155,1.0837021755759884,0.9350701255984534,0.6951209364298352
0.6144505371465155,1.0837021755759884,0.8455579926985629,0.6951209364298352
0.6144505371465155,1.0837021755759884,0.8624084988485632,0.6951209364298352
0.6144505371465155,1.0837021755759884,0.9063052401049685,0.6951209364298352
0.6144505371465155,1.0837021755759884,0.9029536169572484,0.6951209364298352
0.6144505371465155,1.0837021755759884,1.0039542985754262,0.6951209364298352
0.6144505371465155,1.0837021755759884,0.9723105933419214,0.6951209364298352
0.6144505371465155,1.0837021755759884,0.8454150055884395,0.6951209364298352
0.6144505371465155,1.0837021755759884,1.0717493524338417,0.6951209364298352
0.6144505371465155,1.0837021755759884,0.868611294601246,0.6951209364298352
0.6144505371465155,1.0837021755759884,1.1832675762138758,0.6951209364298352
0.6144505371465155,1.0837021755759884,1.0031605772869208,0.6951209364298352
0.6144505371465155,1.0837021755759884,0.9537617692860517,0.6951209364298352
0.6144505371465155,1.0837021755759884,0.9808634695176855,0.6951209364298352
0.6144505371465155,1.0837021755759884,0.7775913820924334,0.6951209364298352
0.6144505371465155,1.0837021755759884,0.8781065073483795,0.6951209364298352
0.6144505371465155,1.0837021755759884,0.7956195692063865,0.6951209364298352
0.6144505371465155,1.0837021755759884,0.8527531417426184,0.6951209364298352
0.6144505371465155,1.0837021755759884,0.8765234014116496,0.6951209364298352
0.6144505371465155,1.0837021755759884,0.8973882860237937,0.6951209364298352
0.6144505371465155,1.0837021755759884,0.9239506789616054,0.6951209364298352
0.6144505371465155,1.0837021755759884,1.006720147987422,0.6951209364298352
0.6144505371465155,1.0837021755759884,0.857402591368746,0.6951209364298352
0.6144505371465155,1.0837021755759884,0.9036066611950653,0.6951209364298352
0.6144505371465155,1.0837021755759884,0.9907732079608338,0.6951209364298352
0.5289802040823331,1.0837021755759884,1.0245616509903563,0.6951209364298352
0.5289802040823331,1.0837021755759884,1.07559345512834,0.6951209364298352
0.5289802040823331,1.0882910848288554,0.952426775913473,0.6951209364298352
0.5289802040823331,1.0882910848288554,1.0300412619183335,0.6951209364298352
0.5289802040823331,1.0882910848288554,1.2433541790659912,0.6951209364298352
0.5289802040823331,1.0882910848288554,1.0352310699550658,0.6951209364298352
0.5289802040823331,1.0882910848288554,1.1235882421860404,0.6951209364298352
0.5289802040823331,1.0882910848288554,0.9656203409514961,0.6951209364298352
0.5289802040823331,1.0882910848288554,1.33996158861018,0.6951209364298352
0.5289802040823331,1.0882910848288554,1.143474714880273,0.6951209364298352
0.5289802040823331,1.0882910848288554,1.3411311858655137,0.6951209364298352
0.5289802040823331,1.0882910848288554,1.0980717302561398,0.6951209364298352
0.5289802040823331,1.0882910848288554,1.0351267434028755,0.6951209364298352
0.5289802040823331,1.0882910848288554,1.021734810959721,0.6951209364298352
0.5289802040823331,1.0882910848288554,0.9160504767677491,0.6951209364298352
0.5289802040823331,1.0882910848288554,1.0138035165678134,0.6951209364298352
0.5289802040823331,1.0882910848288554,1.2305964047332831,0.6951209364298352
0.5289802040823331,1.0882910848288554,1.1694181747429544,0.6951209364298352
0.5289802040823331,1.0882910848288554,1.1242241380124545,0.6951209364298352
0.5289802040823331,1.0882910848288554,1.2176328644426349,0.6951209364298352
0.5289802040823331,1.0882910848288554,0.9855745860237788,0.6951209364298352
0.5289802040823331,1.0882910848288554,1.1649168387100313,0.6951209364298352
0.5289802040823331,1.0882910848288554,1.2055388629347434,0.6951209364298352
0.5289802040823331,1.0882910848288554,1.0268548941211522,0.6951209364298352
0.5289802040823331,1.0882910848288554,1.0077079241414024,0.6951209364298352
0.5289802040823331,1.0882910848288554,1.2879238813694849,0.6951209364298352
0.5289802040823331,1.0882910848288554,1.0012877108279665,0.6951209364298352
0.5289802040823331,1.0882910848288554,0.9328159357729735,0.6951209364298352
0.5289802040823331,1.0882910848288554,1.0058808666925292,0.6951209364298352
0.5289802040823331,1.0882910848288554,0.8888532614271206,0.6951209364298352
0.5289802040823331,1.0882910848288554,1.0495120873710735,0.6951209364298352
0.5289802040823331,1.0882910848288554,0.9664740713689219,0.6951209364298352
0.5289802040823331,1.0882910848288554,1.0596733122961095,0.6951209364298352
0.5289802040823331,1.0882910848288554,1.0969264518605855,0.6951209364298352
0.5289802040823331,1.0882910848288554,1.15200154966711,0.6951209364298352
0.5289802040823331,1.0882910848288554,1.0410672098617084,0.6951209364298352
0.6064281658979465,1.0882910848288554,0.9015946293132772,0.6951209364298352
0.6064281658979465,1.0882910848288554,0.8791708326727491,0.6951209364298352
0.6064281658979465,1.0882910848288554,0.9265309252941067,0.6951209364298352
0.6064281658979465,1.0882910848288554,0.8968472437000566,0.6951209364298352
0.6064281658979465,1.0882910848288554,0.8605262564055463,0.6951209364298352
0.6064281658979465,1.0882910848288554,0.8483125777285282,0.6951209364298352
0.6064281658979465,1.0882910848288554,1.0161935161725784,0.6951209364298352
0.6064281658979465,1.078112256222173,0.9097013636726371,0.6951209364298352
0.6064281658979465,1.078112256222173,1.1357551480335057,0.6951209364298352
0.6064281658979465,1.078112256222173,0.8342609408727232,0.6951209364298352
0.6064281658979465,1.078112256222173,0.911452050776597,0.6951209364298352
0.6064281658979465,1.078112256222173,1.0550335655718828,0.6951209364298352
0.6064281658979465,1.078112256222173,1.027353433392774,0.6951209364298352
0.6064281658979465,1.078112256222173,0.9306051123144138,0.6951209364298352
0.6068779429585375,1.078112256222173,0.8701619329759686,0.6951209364298352
0.6068779429585375,1.078112256222173,0.9261218864058256,0.6951209364298352
0.6068779429585375,1.078112256222173,1.0291794774660932,0.6951209364298352
0.6068779429585375,1.078112256222173,0.9730059546359504,0.6951209364298352
0.6068779429585375,1.078112256222173,0.844222811552447,0.6951209364298352
0.6068779429585375,1.078112256222173,0.9946692946506347,0.6951209364298352
0.6068779429585375,1.078112256222173,1.067137864237536,0.6951209364298352
0.6068779429585375,1.078112256222173,1.0318429877944144,0.6951209364298352
0.6068779429585375,1.078112256222173,0.9250150164917003,0.6951209364298352
0.6068779429585375,1.078112256222173,0.9882564738837855,0.6951209364298352
0.6068779429585375,1.078112256222173,1.0292848924125242,0.6951209364298352
0.6068779429585375,1.078112256222173,0.9999519166866334,0.6951209364298352
0.6068779429585375,1.078112256222173,0.8648360436656434,0.6951209364298352
0.6068779429585375,1.078112256222173,1.017399683469537,0.6951209364298352
0.6068779429585375,1.078112256222173,0.9391504631462061,0.6951209364298352
0.6068779429585375,1.078112256222173,0.948091080880309,0.6951209364298352
0.6068779429585375,1.078112256222173,0.9510205204760597,0.6951209364298352
0.6068779429585375,1.0862031022577727,0.8265334548379325,0.6951209364298352
0.6068779429585375,1.0862031022577727,1.0271379262208924,0.6951209364298352
0.6068779429585375,1.0862031022577727,1.0082395097303232,0.6951209364298352
0.6068779429585375,1.0862031022577727,0.9287652678571371,0.6951209364298352
0.6068779429585375,1.0862031022577727,0.8398501997926069,0.6951209364298352
0.6068779429585375,1.0862031022577727,1.0430091014789256,0.6951209364298352
0.6068779429585375,1.0862031022577727,0.9006309548351673,0.6951209364298352
0.6068779429585375,1.0862031022577727,0.85537770565404,0.6951209364298352
0.6219241225861143,1.0862031022577727,1.0507241556203903,0.6951209364298352
0.6219241225861143,1.0862031022577727,0.997251682331791,0.6951209364298352
0.6219241225861143,1.0862031022577727,0.874217698350872,0.6951209364298352
0.6219241225861143,1.0862031022577727,1.0672097788801,0.6951209364298352
0.6219241225861143,1.0862031022577727,0.9143165594973085,0.6951209364298352
0.6219241225861143,1.0862031022577727,0.9396971495196113,0.6951209364298352
0.6219241225861143,1.0862031022577727,0.7748009153499787,0.6951209364298352
0.6219241225861143,1.0862031022577727,1.0433235818105924,0.6951209364298352
0.6219241225861143,1.0862031022577727,0.8096502609279874,0.6951209364298352
0.6219241225861143,1.0862031022577727,0.9685234461053163,0.6951209364298352
0.6219241225861143,1.0862031022577727,1.0105487222777791,0.6951209364298352
0.6219241225861143,1.0862031022577727,0.8526669173244926,0.6951209364298352
0.6219241225861143,1.0862031022577727,1.0082884549515438,0.6951209364298352
0.6219241225861143,1.0862031022577727,0.9054264642487454,0.6951209364298352
0.6219241225861143,1.0862031022577727,0.898437302469468,0.6951209364298352
0.6219241225861143,1.0862031022577727,0.9542178255552362,0.6951209364298352
0.6219241225861143,1.0862031022577727,0.8529472710100229,0.6951209364298352
0.6219241225861143,1.0862031022577727,0.8954928188617031,0.6951209364298352
0.6219241225861143,1.0862031022577727,0.9301956844808049,0.6951209364298352
0.6219241225861143,1.0862031022577727,0.9163724722369845,0.6951209364298352
0.6219241225861143,1.0862031022577727,0.7880536375898148,0.6951209364298352
0.6219241225861143,1.0862031022577727,1.0873849660889328,0.6951209364298352
0.6219241225861143,1.0862031022577727,0.9018979344905586,0.6951209364298352
0.6219241225861143,1.0862031022577727,0.9018682783161904,0.6951209364298352
0.6219241225861143,1.0862031022577727,0.8400894950702322,0.6951209364298352
0.6219241225861143,1.0862031022577727,0.9245731220698618,0.6951209364298352
0.6219241225861143,1.0862031022577727,0.934901582943985,0.6951209364298352
0.6219241225861143,1.0862031022577727,1.0754438482675885,0.6951209364298352
0.6219241225861143,1.0862031022577727,0.910711782634566,0.6951209364298352
0.6219241225861143,1.0862031022577727,0.9340187661186576,0.6951209364298352
0.6219241225861143,1.0862031022577727,1.013955680541717,0.6951209364298352
0.6219241225861143,1.0862031022577727,0.9181371087508299,0.6951209364298352
0.5804152712178693,1.0862031022577727,0.9868759052223148,0.6951209364298352
0.5804152712178693,1.0862031022577727,1.0421900474758459,0.6951209364298352
0.5804152712178693,1.0862031022577727,0.8975677123079624,0.6951209364298352
0.5804152712178693,1.0862031022577727,1.074698486218663,0.6951209364298352
0.5804152712178693,1.0862031022577727,1.1150197891364948,0.6951209364298352
0.5804152712178693,1.0862031022577727,1.0337627056898253,0.6951209364298352
0.5804152712178693,1.0862031022577727,0.8328551493990426,0.6951209364298352
0.5804152712178693,1.0862031022577727,0.9175223640461152,0.6951209364298352
0.5804152712178693,1.0862031022577727,1.11307503416242,0.6951209364298352
0.5804152712178693,1.0862031022577727,1.1423049337738789,0.6951209364298352
0.5804152712178693,1.0862031022577727,1.100492516865305,0.6951209364298352
0.5804152712178693,1.0862031022577727,1.141553234457225,0.6951209364298352
0.5804152712178693,1.0862031022577727,1.1291631404639888,0.6951209364298352
0.5804152712178693,1.0862031022577727,1.0476105587178144,0.6951209364298352
0.5804152712178693,1.0862031022577727,0.8534161075555159,0.6951209364298352
0.5562455294249614,1.0862031022577727,0.959148198728594,0.6951209364298352
0.5562455294249614,1.0862031022577727,1.1582404805428979,0.6951209364298352
0.5562455294249614,1.0862031022577727,1.2725536480043458,0.6951209364298352
0.5562455294249614,1.0862031022577727,1.0578908208143727,0.6951209364298352
0.5562455294249614,1.0862031022577727,0.9846904414989806,0.6951209364298352
0.5562455294249614,1.0862031022577727,0.9797407146146727,0.6951209364298352
0.5562455294249614,1.0862031022577727,0.9434618463105054,0.6951209364298352
0.5562455294249614,1.0862031022577727,1.1503811475697212,0.6951209364298352
0.5562455294249614,1.0862031022577727,0.9787797118849413,0.6951209364298352
0.47782291580565417,1.0862031022577727,1.1122986318548975,0.6951209364298352
0.47782291580565417,1.0862031022577727,1.2343930590885028,0.6951209364298352
0.47782291580565417,1.0862031022577727,1.2513351935975594,0.6951209364298352
0.47782291580565417,1.0862031022577727,1.1228368928305237,0.6951209364298352
0.47782291580565417,1.0862031022577727,1.3559635546510045,0.6951209364298352
0.47782291580565417,1.0862031022577727,1.2376140090456076,0.6951209364298352
0.47782291580565417,1.0862031022577727,1.246085256296786,0.6951209364298352
0.47782291580565417,1.0862031022577727,1.0831508039372635,0.6951209364298352
0.47782291580565417,1.0862031022577727,1.213519309632954,0.6951209364298352
0.47782291580565417,1.0862031022577727,1.1590129103160722,0.6951209364298352
0.47782291580565417,1.0862031022577727,1.243159651907796,0.6951209364298352
0.47782291580565417,1.0862031022577727,1.0968520664675827,0.6951209364298352
0.47782291580565417,1.0862031022577727,1.115359119155202,0.6951209364298352
0.47782291580565417,1.0862031022577727,1.1000934035886276,0.6951209364298352
0.47782291580565417,1.0862031022577727,1.2754212016096327,0.6951209364298352
0.47782291580565417,1.0862031022577727,1.259259542221275,0.6951209364298352
0.47782291580565417,1.0862031022577727,1.0163916552837013,0.6951209364298352
0.47782291580565417,1.0862031022577727,1.166164051135587,0.6951209364298352
0.47782291580565417,1.0862031022577727,1.1587806182167721,0.6951209364298352
0.47782291580565417,1.0862031022577727,1.1967691965645917,0.6951209364298352
0.47782291580565417,1.0862031022577727,1.2334737152636854,0.6951209364298352
0.47782291580565417,1.0862031022577727,1.2200355881054958,0.6951209364298352
0.47782291580565417,1.0862031022577727,1.249877464148215,0.6951209364298352
0.47782291580565417,1.0862031022577727,1.257702086860129,0.6951209364298352
0.47782291580565417,1.0862031022577727,1.0400944994932013,0.6951209364298352
0.5376880322131926,1.0862031022577727,1.0885256782487895,0.6951209364298352
0.5376880322131926,1.0862031022577727,1.1095372811200785,0.6951209364298352
0.5376880322131926,1.0862031022577727,0.9899174714098795,0.6951209364298352
0.5376880322131926,1.0862031022577727,1.1610986290181358,0.6951209364298352
0.5376880322131926,1.0862031022577727,0.8868703697868633,0.6951209364298352
0.5376880322131926,1.0862031022577727,1.29314596632057,0.6951209364298352
0.5376880322131926,1.0862031022577727,0.9232119548247264,0.6951209364298352
0.5376880322131926,1.0862031022577727,0.965993167150959,0.6951209364298352
0.5376880322131926,1.0862031022577727,0.981097368475587,0.6951209364298352
0.49117979718501015,1.0862031022577727,0.9528404214249592,0.6951209364298352
0.49117979718501015,1.0862031022577727,1.056571659273525,0.6951209364298352
0.49117979718501015,1.0862031022577727,1.0868404826876497,0.6951209364298352
0.49117979718501015,1.0862031022577727,1.288982425162296,0.6951209364298352
0.468946353647413,1.0862031022577727,1.2267067760312758,0.6951209364298352
0.468946353647413,1.0862031022577727,1.0431885136808516,0.6951209364298352
0.468946353647413,1.0862031022577727,1.1079560514687572,0.6951209364298352
0.468946353647413,1.0862031022577727,1.3107363913813892,0.6951209364298352
0.468946353647413,1.0862031022577727,1.2554555440043025,0.6951209364298352
